target,Altitude,blh,co,CVD60,Day,Hour,Latitude,Longitude,Month,no2,o3,pm10,pm2.5,so2,ssr,t2m,tp,ws,Year,Region_East of England,Region_Greater London Authority,Region_North East,Region_North West,Region_South East,Region_South West,Region_West Midlands,Region_Yorkshire and The Humber,Season_Spring,Season_Summer,Season_Winter,Type_Background Suburban,Type_Background Urban,Type_Industrial Suburban,Type_Industrial Urban,Type_Traffic Urban,Zone_Blackpool Urban Area,Zone_Bournemouth Urban Area,Zone_Brighton/Worthing/Littlehampton,Zone_Bristol Urban Area,Zone_Coventry/Bedworth,Zone_East Midlands,Zone_Eastern,Zone_Greater London Urban Area,Zone_Greater Manchester Urban Area,Zone_Kingston upon Hull,Zone_Leicester Urban Area,Zone_Liverpool Urban Area,Zone_North East,Zone_North West & Merseyside,Zone_Nottingham Urban Area,Zone_Portsmouth Urban Area,Zone_Preston Urban Area,Zone_Reading/Wokingham Urban Area,Zone_Sheffield Urban Area,Zone_South East,Zone_South West,Zone_Southampton Urban Area,Zone_Southend Urban Area,Zone_Teesside Urban Area,Zone_The Potteries,Zone_Tyneside,Zone_West Midlands,Zone_West Midlands Urban Area,Zone_West Yorkshire Urban Area,Zone_Yorkshire & Humberside
8,-58.34630544308,678.627279220931,1.43900923693257,0.178635114667683,3,15,54.1764337108936,-2.42716677619181,9,76.3288434814237,17.760998623292,36.5009946565065,18.6383847325703,13.8263698945096,3026360.41533196,287.389624012783,-0.0001859355294717,6.36748314782919,1985,0,0,0,0,0,0,1,0,0,1,0,0,1,0,0,0,0,0,0,0,0,0,0,0,0,0,0,0,0,0,0,0,0,0,0,0,0,0,0,0,0,0,0,0,1,0
2,-11.2064925017891,1611.32116993055,1.44256540706086,0.196799267579883,3,19,52.108672151273,0.339688405265415,6,76.3030738205558,17.7260190912607,36.4542078989395,18.6376153228453,13.7789409608756,7580890.02788477,289.122037111236,-0.0031432940440231,2.2814153641247,1982,0,0,0,1,0,0,0,0,1,0,0,0,1,0,0,0,0,0,0,0,0,1,0,0,0,0,0,0,0,0,0,0,0,0,0,0,0,0,0,0,0,0,0,0,0,0
3,156.049221885039,978.815496342593,1.44018168763143,0.136848741120015,31,22,49.5185696499079,-3.79596707959031,1,76.3736464923474,17.7538004735139,36.4756911422163,18.6354656101733,13.8563625364203,2517771.55336013,283.661267542631,0.0003009747123882,8.28635042408214,1988,0,1,0,0,0,0,0,0,1,0,0,0,1,0,0,0,0,0,0,0,0,0,0,0,0,0,0,0,1,0,0,0,0,0,0,0,0,0,0,0,0,0,0,0,0,0
0,123.966123746385,597.687390858955,1.44166114939216,0.163633559485859,8,12,51.4735849296634,-4.0798498601821,4,90.7383252420809,17.7504790953104,36.477025239631,18.6354655982301,13.8056056948087,3311035.066357,284.554292466312,0.0008104897513998,3.22537193497085,1988,0,1,0,0,0,0,0,0,0,0,1,0,1,0,0,0,0,0,0,0,0,0,0,1,0,0,0,0,0,0,0,0,0,0,0,0,0,0,0,0,0,0,0,0,0,0
4,52.7612655014928,346.675792702877,0.945906459141989,0.264279641806027,24,9,53.1285840830115,-1.792265301747,4,39.2217431047249,12.1716854057811,32.5328346487643,18.6599807293894,11.7816712427665,1017457.24436339,278.179276378145,0.0026928870908905,1.92956653643467,1998,0,0,1,0,0,0,0,0,1,0,0,0,0,0,0,0,0,0,0,0,0,0,0,0,0,0,0,0,0,0,0,0,0,0,0,0,0,0,0,0,0,0,0,1,0,0
9,61.5551844701107,797.390415214604,1.75888329245457,0.186471572840907,2,21,51.8389285688327,-2.3436891798762,5,88.42741317633,4.86424468834929,34.3549736431413,18.6440001806753,39.4115059879693,4475456.7948692,288.351979550504,0.002460404454203,9.00127946850251,1992,0,0,0,0,0,0,0,1,0,1,0,0,1,0,0,0,0,0,0,0,0,0,0,1,0,0,0,0,0,0,0,0,0,0,0,0,0,0,0,0,0,0,0,0,0,0
8,101.181587413399,140.057174711686,1.44316809716429,0.213164385063442,9,23,51.2898586577159,-0.720876090395031,5,76.3539554258005,17.7470311223124,36.4774753881783,18.6390236337,13.8259893046956,1858181.95195231,285.18665302726,0.0007106019037834,2.98919066435607,1984,0,0,0,1,0,0,0,0,0,0,1,0,1,0,0,0,0,0,0,0,0,1,0,0,0,0,0,0,0,0,0,0,0,0,0,0,0,0,0,0,0,0,0,0,0,0
8,44.3528536205105,467.776218207712,1.22349855838366,0.222222207232242,27,1,50.8526860986598,-0.931291191383821,12,44.9132863845959,23.3250590354532,36.1855309622305,18.6364650363128,13.0262531566564,568538.004353599,277.422381664192,0.001784465928448,4.20151150352461,1997,0,0,0,1,0,0,0,0,0,0,1,0,0,0,0,1,0,0,0,0,0,0,0,0,0,0,0,0,0,0,0,0,0,0,0,0,1,0,0,0,0,0,0,0,0,0
3,132.141356115587,593.296835207647,1.44205474800045,0.196322574807918,3,19,55.7408822851684,-2.0697707781115,11,76.3500013041613,17.7384227439658,36.4710639475863,18.6369417442779,13.8065275286864,1800008.47387098,278.045899551811,0.0002097955639309,5.96629268033862,1981,0,0,0,0,0,1,0,0,0,0,1,0,1,0,0,0,0,0,0,0,0,0,0,0,0,0,0,0,0,0,0,0,0,0,0,0,0,0,0,0,0,0,0,1,0,0
9,173.356442725684,309.98456104282,1.15813617270814,0.190304816613226,22,19,51.9391985028338,-3.93983633944943,11,35.890710045611,25.4842900858556,42.7440231040378,18.6384812338438,12.3482515132348,-3850331.39260512,273.54958737663,0.0082933836814109,1.23189720827713,1993,0,1,0,0,0,0,0,0,0,0,0,1,0,0,0,0,0,0,0,0,0,0,0,0,0,0,0,0,0,0,0,0,0,0,0,1,0,0,0,0,0,0,0,0,0,0
9,157.377531010296,1298.93087652082,1.58441078977815,0.171118756292246,11,15,50.6380824203114,0.0753806417017573,9,95.8717945156796,16.7738490822502,36.4821661649776,18.6398617390963,16.4067553638814,2745097.5203066,288.204855674564,-8.07362458878608e-05,2.79578761067216,1990,0,0,0,0,0,0,0,0,0,0,0,0,1,0,0,0,0,0,0,0,0,0,0,1,0,0,0,0,0,0,0,0,0,0,0,0,0,0,0,0,0,0,0,0,0,0
7,67.3816133821281,380.901589086086,1.44143838241343,0.210170695069644,2,1,51.8962894616712,-2.87431634922864,9,76.379751494708,17.7838284813226,36.4845276442331,18.6374865843348,13.7976566973586,4901823.05225542,280.298066229125,-0.0010436399739485,5.28302867335874,1986,1,0,0,0,0,0,0,0,0,0,1,0,0,0,0,0,0,0,0,0,0,0,1,0,0,0,0,0,0,0,0,0,0,0,0,0,0,0,0,0,0,0,0,0,0,0
8,41.2164568808559,887.770209532636,1.44236730483447,0.205865768322137,27,19,51.4146019863857,-1.53897194013462,7,76.3953930801728,17.6980534311187,36.4889674686906,18.6382443214405,13.8448521615036,8147447.25079737,290.177803065534,0.0018171376331582,3.66231678314769,1998,0,0,0,0,0,0,0,0,0,0,1,0,1,0,0,0,0,0,0,0,0,0,0,0,0,0,0,0,0,1,0,0,0,0,0,0,0,0,0,0,0,0,0,0,0,0
3,26.9697488568115,329.719157416976,1.44096828226611,0.195898454654745,16,20,53.5169757291302,-2.01137472505298,3,76.3447653466779,17.7342019444922,36.4548912203355,18.6368945081146,13.785919527191,2185520.52494606,272.574878825801,0.001035262476812,5.04861848491806,1986,0,0,0,1,0,0,0,0,0,1,0,0,0,0,0,1,0,0,0,0,0,0,0,0,0,0,0,0,0,0,0,0,0,0,0,0,0,0,0,0,0,0,0,0,0,1
6,47.9884747688066,614.241866058522,1.44158615636371,0.105992125387254,10,2,53.2535846265584,-0.775022863499055,11,76.333955346632,17.7641421075732,36.4739246602322,18.6359480112794,13.7995716581814,3103984.99157667,279.660454672417,-0.008564804307744,7.53250218530211,1982,0,0,0,0,0,0,1,0,1,0,0,0,0,0,0,1,0,0,0,0,0,0,0,0,0,0,0,0,0,0,0,0,0,0,0,0,0,0,0,1,0,0,0,0,0,0
1,-127.594015491916,58.5913869150359,1.44715296895239,0.160281117965284,8,6,53.3730493040067,-2.52369689139044,2,76.3116950209372,17.7455150144942,36.56525041482,18.7106336796244,13.85313339861,-11014.5083037812,279.521108715427,0.0001647013026081,2.65596886682909,1993,0,0,0,0,0,0,1,0,1,0,0,0,0,0,1,0,0,0,0,0,0,0,0,1,0,0,0,0,0,0,0,0,0,0,0,0,0,0,0,0,0,0,0,0,0,0
4,67.6050985540126,711.835766275523,1.44172243838852,0.24528729290194,20,10,53.3408890138116,-1.71427004201285,11,76.310609287348,17.7827160184776,36.4879459631482,18.6413796542272,17.8919152689113,1236102.84508541,275.69969475872,0.0024628773203061,9.09170235182955,1996,1,0,0,0,0,0,0,0,0,0,1,0,1,0,0,0,0,0,0,0,0,0,0,0,0,0,0,0,1,0,0,0,0,0,0,0,0,0,0,0,0,0,0,0,0,0
3,126.895472441119,-149.349862927612,0.729503487479582,0.214220734373618,7,21,50.6491889394178,-0.0574669829619054,4,43.1483437876558,18.5774998038808,38.7768981937794,18.6960526296431,13.14300008681,5299392.54548237,285.102010895929,0.0006830940340971,1.68068679677782,1996,0,0,1,0,0,0,0,0,0,0,1,0,0,0,0,0,0,0,0,0,0,0,0,0,0,0,0,0,0,0,0,0,0,0,1,0,0,0,0,0,0,0,0,0,0,0
1,20.7076439760412,398.223006284525,1.44283284922829,0.213396414930052,6,9,51.8242267988071,-0.748312849542479,11,76.3467927631362,17.7536076411637,36.4827940969916,18.6447605674595,13.8099517297065,-357788.957582334,276.465039921361,0.0016185341271341,1.31901390984374,1990,0,0,0,1,0,0,0,0,0,1,0,0,0,0,0,1,0,0,0,0,0,0,1,0,0,0,0,0,0,0,0,0,0,0,0,0,0,0,0,0,0,0,0,0,0,0
7,46.4480824784606,667.110636107765,1.44103498084556,0.243776129019103,6,8,52.7537364641606,-0.960292702429187,1,76.3392717153789,17.7470299385712,36.4875656148835,18.6419702090533,13.8126676858397,158979.16338071,279.678482134597,-0.0075924746377281,7.59670507005431,1988,0,0,0,1,0,0,0,0,0,0,0,0,1,0,0,0,0,0,0,0,0,0,0,0,0,0,0,0,0,0,0,0,0,0,0,1,0,0,0,0,0,0,0,0,0,0
5,163.20481150376,1325.7414841882,1.44138455878057,0.243349402454423,7,16,52.0599848136946,-2.69838273326254,5,76.2709857558389,17.7398035616788,36.4723303665863,18.6415455470837,13.7942185867062,3709191.51106107,282.844987582879,-8.01733073495833e-06,7.97536788835206,1998,0,0,0,1,0,0,0,0,0,1,0,0,1,0,0,0,0,0,0,0,0,1,0,0,0,0,0,0,0,0,0,0,0,0,0,0,0,0,0,0,0,0,0,0,0,0
7,165.336826495576,1082.34240946315,1.44163525974479,0.212919125584098,23,15,51.6689637028816,1.94728747816844,10,76.3328817388982,17.7479922983779,36.4768816813486,18.6375805059147,13.8094488608167,4600134.391897,285.242347069202,-0.0010724450086323,3.89983861204591,1982,0,0,0,1,0,0,0,0,0,0,1,0,1,0,0,0,0,0,0,0,0,0,0,0,1,0,0,0,0,0,0,0,0,0,0,0,0,0,0,0,0,0,0,0,0,0
7,145.471036826908,211.334961575144,1.44171243114955,0.198951123343638,1,12,53.0350486395884,0.315004557658996,11,76.2793459856795,17.750024635561,36.5040564242261,18.6378567005305,13.811053679385,3820732.59865199,282.216117408704,-0.0040574759748563,4.13199802241258,1983,0,1,0,0,0,0,0,0,1,0,0,0,1,0,0,0,0,0,0,0,0,0,0,0,1,0,0,0,0,0,0,0,0,0,0,0,0,0,0,0,0,0,0,0,0,0
5,89.7017405748996,475.609761634621,1.44240059042207,0.192232251235482,2,5,52.4194947715574,-0.78795848761832,1,76.2900966434835,43.2337593906323,36.4836870345397,18.6437134504953,13.8161186286761,-421.025468741409,274.509828395889,0.0015113599539476,5.47884568464872,1992,0,0,0,0,0,1,0,0,0,1,0,0,0,0,0,0,0,0,0,0,0,0,0,0,0,0,0,0,0,1,0,0,0,0,0,0,0,0,0,0,0,0,0,0,0,0
0,98.0347903782206,960.045698899776,1.44192151906863,0.107002850655964,16,14,50.2543457201177,-1.8574708164963,11,76.3147331282221,17.7516022970897,36.4743924312136,18.6466923429027,13.8039344160894,1746200.21675855,281.303831680946,0.0003424629304997,7.4885616940198,1984,0,0,0,0,0,0,1,0,0,0,1,0,0,0,0,1,0,0,0,0,0,0,0,0,0,0,0,0,0,1,0,0,0,0,0,0,0,0,0,0,0,0,0,0,0,0
7,123.703628809356,1048.09047801337,1.43997223585087,0.233574514848183,29,10,52.595131953554,-2.64728400704626,10,76.3675169907429,17.7425847606628,36.48394371052,17.9474116071571,0.0217975923860534,1084536.54919895,282.804405381145,0.0013208332915239,11.8864196310285,1998,0,0,0,0,1,0,0,0,0,1,0,0,1,0,0,0,0,0,0,0,0,0,0,0,0,0,0,0,1,0,0,0,0,0,0,0,0,0,0,0,0,0,0,0,0,0
6,104.651175609007,259.271276692126,0.228179457039096,0.191570469945846,3,23,52.4636410386621,-2.58638109412946,8,67.8659931296822,20.5551814203972,39.9513954929913,18.8048567991965,9.66732331682419,6307512.87907814,286.948850628875,-0.0010178478631591,2.27488816743273,1983,0,0,1,0,0,0,0,0,1,0,0,0,0,0,0,0,0,0,0,0,0,0,0,0,0,0,1,0,0,0,0,0,0,0,0,0,0,0,0,0,0,0,0,0,0,0
2,131.897892484679,144.404149811967,1.45705813800417,0.141741908982607,25,2,54.1233584583681,-2.6410280474487,9,49.7484600380625,24.2471203878038,17.1834628356376,16.0645167957342,22.6032036011112,2347351.44155705,282.635695175582,0.0013502288964276,2.83041695864667,2000,0,1,0,0,0,0,0,0,0,0,1,0,1,0,0,0,0,0,0,0,0,0,0,0,0,0,0,0,0,0,0,0,0,0,0,0,0,1,0,0,0,0,0,0,0,0
2,54.0912724981869,460.451444180836,1.44202480702292,0.26370071649063,3,10,52.6688243335631,1.32527744613654,3,76.341743315365,17.7387220037294,36.4759419791612,18.6376333538309,13.8033991560852,758178.464608938,281.861132819003,0.0018458291394651,8.7825920940843,1985,0,0,0,0,0,0,0,1,1,0,0,0,1,0,0,0,0,0,0,0,0,0,0,1,0,0,0,0,0,0,0,0,0,0,0,0,0,0,0,0,0,0,0,0,0,0
6,9.46453475583524,317.862336007397,1.44182521410072,0.166501367284613,5,9,52.6647944137334,-0.939293733719381,10,76.2925927547992,17.7471833846786,36.4897187331344,18.6403627456662,13.8077990994762,556556.828900203,283.034654822964,0.0029667926624453,5.30829000406936,1984,0,0,0,0,0,0,0,1,0,0,1,0,0,0,0,1,0,0,0,0,0,0,0,0,0,0,0,0,0,0,0,0,0,0,0,0,0,0,0,0,0,0,0,1,0,0
9,-9.16260409768103,-270.937441391015,1.20554606824442,0.236519265422194,29,6,54.2414137508024,-2.94664005349382,1,73.4146430145937,9.60481937988134,19.1394521808006,18.62519092885,27.7327735021498,36031.3169378304,276.786822612434,-4.64756384201336e-05,0.294859434914874,1993,0,0,0,0,1,0,0,0,0,0,0,0,1,0,0,0,0,0,0,0,0,0,0,1,0,0,0,0,0,0,0,0,0,0,0,0,0,0,0,0,0,0,0,0,0,0
8,-24.1175093568355,923.576553527812,0.165782284485235,0.209842903125907,18,12,52.3161668905785,-1.77389242824961,11,11.6187436786508,31.8709967025003,54.9647839733762,18.6408843793491,12.1953371585595,1224356.70832492,278.179037762056,-0.0002706871024382,5.69180461348729,1996,0,0,0,0,1,0,0,0,0,0,1,0,1,0,0,0,0,0,0,0,0,0,0,0,0,0,0,0,0,0,0,0,0,0,0,0,0,0,0,0,0,0,0,0,1,0
9,0.958152309125758,1410.64465793519,1.44131453522063,0.182711900327033,7,17,49.7661668798543,0.252488156929816,8,76.3807299916714,17.7540614825514,36.4672472435629,18.6362333622151,13.7818050284291,4432872.76085126,293.104331121321,-0.0001388615697771,3.23935390140201,1991,0,1,0,0,0,0,0,0,0,0,1,0,0,0,0,1,0,0,0,0,0,0,0,0,0,0,0,0,0,0,0,0,0,0,0,0,0,0,0,0,0,0,0,1,0,0
1,-68.5156827657086,938.722808023258,1.66507420355506,0.107554681321834,28,14,53.072410460446,-0.348540193397183,9,67.1909162856089,-2.40635981394886,33.5821517025565,18.6378571830002,13.951555154075,5105948.89233112,291.315001040453,-0.0003873775654321,6.07891446586602,1983,0,1,0,0,0,0,0,0,1,0,0,0,1,0,0,0,0,0,0,0,0,0,0,0,0,0,0,0,0,0,0,0,0,0,0,0,0,0,0,1,0,0,0,0,0,0
3,45.2632877359332,462.598585167703,1.44115708837951,0.191949799550468,12,9,50.0385542370396,-2.44456091749581,10,76.3927304466638,17.753617533295,36.5025143830155,18.6416600115338,13.8265865907291,64592.8326253109,280.78674877592,0.0030684585647011,4.44826395787842,1987,0,1,0,0,0,0,0,0,0,0,1,0,1,0,0,0,0,0,0,0,0,0,0,0,0,0,0,0,0,0,0,0,0,0,0,0,1,0,0,0,0,0,0,0,0,0
6,113.380172983105,464.646075428709,0.945906405034886,0.178536528255716,1,2,52.2631905840652,-2.53750087804439,9,38.5539245126989,11.4309230600547,32.5328341560199,18.6416288646457,11.7816713698313,2376298.85813103,281.227856107741,0.0008781700518514,4.35940570359049,1986,0,0,0,0,0,0,0,0,0,0,1,0,0,0,0,0,0,0,0,0,0,0,0,0,0,0,0,0,0,0,0,0,0,0,0,0,0,0,0,0,0,0,0,1,0,0
5,228.17396763162,218.03400412345,1.44142819101858,0.213995775121264,31,2,55.184753584315,-0.245955322865961,5,76.2860386421037,17.7290227852201,36.462908510506,18.6354447888089,13.7971577937874,4746687.1982297,281.832572807178,0.0014102073045666,2.41279387406813,1981,0,0,0,0,1,0,0,0,0,0,0,0,0,0,0,1,0,0,0,0,0,1,0,0,0,0,0,0,0,0,0,0,0,0,0,0,0,0,0,0,0,0,0,0,0,0
9,109.424750444584,1016.38408347174,1.44124102703216,0.176384486183263,2,18,51.2727246296397,-1.81816391056156,10,25.6416643538538,52.6221780883609,35.5572407617215,18.6359220308791,13.2174336793653,6493417.41277236,285.231400720667,-0.0017858192406398,8.4934718027223,2000,0,0,0,1,0,0,0,0,0,1,0,0,1,0,0,0,0,0,0,0,0,0,0,0,0,0,0,0,0,0,0,0,0,0,0,0,0,0,0,0,0,0,0,0,0,1
8,4.13016815862594,1356.47018040577,0.134127031568647,0.203661073834001,3,12,51.8454397849301,-1.20750468626099,10,-115659.63074713,12.0127561833949,33.8548810500676,18.6359694760431,31073.7851891179,-833742538.717436,288.835876250232,0.566563968797407,9.56610775467268,1999,1,0,0,0,0,0,0,0,0,1,0,0,0,0,0,0,0,0,0,0,0,0,0,0,1,0,0,0,0,0,0,0,0,0,0,0,0,0,0,0,0,0,0,0,0,0
7,141.566545515601,468.252885354681,1.44221832670196,0.176499650445877,1,22,53.1061201473335,0.0257980544231513,4,76.0832053107076,17.7273092837739,36.4869307384296,18.6439810164367,13.8274652470297,6972613.63487494,282.331014497013,-0.0007645209291227,5.11119034260957,1988,1,0,0,0,0,0,0,0,0,0,1,0,0,0,1,0,0,0,0,0,0,0,0,0,0,0,0,0,0,0,0,0,0,0,0,0,0,0,0,0,0,0,0,0,0,1
2,78.1435356741177,705.147599000787,1.44126211820455,0.194465047852062,7,15,52.3778883631171,-1.63170334938899,6,76.3114061134399,17.7462544448652,36.4704892197019,18.6440245095789,13.8153049917442,5798367.09219068,290.078768948491,0.0006306957441245,4.44697115212219,1983,0,0,0,0,0,0,0,1,1,0,0,0,1,0,0,0,0,0,0,0,0,0,0,0,0,0,0,0,0,0,0,0,0,0,0,0,0,0,0,0,0,0,0,0,0,1
0,95.1187681839593,1159.72818000692,1.4437560371949,0.235197529747421,19,11,52.969272022977,-3.87718462596456,8,76.6133240932945,17.7689036957422,36.4783751612569,18.6402099027483,13.7982750781117,7255669.65757921,292.679055817183,-0.0002944778583418,0.774469485289506,1995,0,0,0,0,1,0,0,0,1,0,0,0,0,0,0,1,0,0,1,0,0,0,0,0,0,0,0,0,0,0,0,0,0,0,0,0,0,0,0,0,0,0,0,0,0,0
8,239.974225081848,1099.54902130791,0.527675323831843,0.226328882133516,1,18,52.9938084933748,0.906046650645793,7,192.561367663652,54.9092963340999,25.7790958397638,18.6457395211876,21.9527963987059,8272096.46280445,292.342538647404,0.0002563061368292,10.011766666338,1997,0,0,0,0,0,0,1,0,0,0,0,0,1,0,0,0,0,0,0,0,0,0,1,0,0,0,0,0,0,0,0,0,0,0,0,0,0,0,0,0,0,0,0,0,0,0
5,115.239157226128,1167.38959183915,1.44207410746461,0.236311108846744,26,14,52.0357259309152,-2.85988957200487,3,76.3147221046729,17.7683276992182,36.4909931578561,18.6403471008101,13.8056447890082,2445425.02742674,285.437777970383,0.0019112285299148,2.70903757576619,1982,0,0,1,0,0,0,0,0,0,0,1,0,0,0,0,1,0,0,0,0,0,0,0,0,0,0,0,0,0,0,0,0,0,0,0,0,0,0,0,0,0,0,0,1,0,0
7,110.618847264266,1532.35585650105,1.6714190647264,0.169484076341221,10,6,52.8336084176525,-1.90547014439233,11,75.5531334015524,17.7494048192783,36.4689469819244,18.6440059630231,13.8168977985612,-14526.1943750371,284.162802789701,0.0042469187981713,12.6717666227537,1992,0,0,0,0,0,1,0,0,0,0,1,0,1,0,0,0,0,0,0,0,0,0,0,0,1,0,0,0,0,0,0,0,0,0,0,0,0,0,0,0,0,0,0,0,0,0
2,113.633241130402,361.988277311617,-0.218574122828636,0.264285508245586,1,21,52.2603721779518,-1.26979875221945,12,20.0879501701486,30.1857296765586,20.5019962494622,18.6415450195002,21.6049504086289,-910848.992233504,276.221467445931,0.0052101361913041,4.0189694219006,1998,0,0,0,1,0,0,0,0,1,0,0,0,1,0,0,0,0,0,0,0,0,0,0,0,1,0,0,0,0,0,0,0,0,0,0,0,0,0,0,0,0,0,0,0,0,0
9,-16.801470914721,966.101016700896,1.28910308296258,0.199054950415635,14,10,53.6065394072247,-2.44873566068713,8,71.6074860243566,21.0898303220528,49.2335283218647,18.6260473109185,22.5801636621497,2183401.52445126,287.014717959526,-0.0026823764889683,0.893027212123646,1992,0,0,0,0,0,0,0,1,1,0,0,0,1,0,0,0,0,0,0,0,0,0,0,1,0,0,0,0,0,0,0,0,0,0,0,0,0,0,0,0,0,0,0,0,0,0
4,-112.411376463016,863.598420025012,0.134127068866592,0.194821008545912,16,1,50.7043746800831,-2.76050766296682,10,-115673.229382084,10.9897725876835,33.8548819326508,20.1501399935605,31073.7843328755,-1599781626.22824,280.84797924079,1.53137140519193,8.59971269223867,1987,0,1,0,0,0,0,0,0,0,0,0,0,0,0,0,0,0,0,0,0,0,0,0,0,1,0,0,0,0,0,0,0,0,0,0,0,0,0,0,0,0,0,0,0,0,0
6,54.1145975556015,981.534020084614,1.44163524424951,0.186487022002189,10,20,49.3931095942538,-1.29068266225621,8,76.316562654817,17.7480162003589,36.4768811677323,18.6375803387263,13.8094488304322,12938309.4313228,291.252808618774,-0.0004817929393281,-1.06988508300026,1982,0,0,0,1,0,0,0,0,0,1,0,0,1,0,0,0,0,0,0,0,0,0,0,0,1,0,0,0,0,0,0,0,0,0,0,0,0,0,0,0,0,0,0,0,0,0
1,76.7071121263312,1958.74544450033,1.44144708375477,0.157769241439271,18,17,52.6880198956585,-2.12243549048694,5,64.5359681448882,17.7379827611426,36.4760197187136,18.6420873152212,13.7878252766594,3570583.61201541,283.591894010215,0.0016066812440785,1.53345580804229,1997,0,0,0,0,0,0,0,1,0,0,0,0,0,0,0,1,0,0,0,0,0,1,0,0,0,0,0,0,0,0,0,0,0,0,0,0,0,0,0,0,0,0,0,0,0,0
5,86.1939156599484,540.506841656155,1.38986887335485,0.197562720133229,15,20,52.6990873849294,-1.28113129972645,10,76.141897328038,17.7405196396738,36.5289305205219,18.6382629692232,28.8053380136512,3972185.85720124,284.586540031382,0.000323974861693,5.10378696515573,1996,0,0,0,1,0,0,0,0,0,1,0,0,0,0,0,1,0,0,0,0,0,0,0,0,0,0,0,0,0,0,0,0,0,0,0,1,0,0,0,0,0,0,0,0,0,0
5,-89.9881970335947,608.557070030773,1.44216028067158,0.159991659917992,20,16,51.9421445777461,-2.16563810104449,3,76.2553090112772,17.7518688775071,36.512234201152,18.6388278914354,13.7729128079492,2563143.8818664,282.335638037634,0.0009162996960804,6.74606009190456,1981,0,0,0,0,0,1,0,0,0,0,0,0,0,0,0,1,0,0,0,0,0,0,0,0,0,0,0,0,0,0,0,0,0,0,0,0,0,0,0,0,0,0,0,0,1,0
0,22.0264050374133,154.016974923626,1.44073349486932,0.185093115773836,22,14,54.6231591218736,-1.00478437978545,12,76.3697000758798,17.7514178583174,36.4637888350684,18.6509603028482,13.8236559740514,-2054063.0529699,270.815363037358,0.0035081695336123,0.1014117222448,1992,0,0,0,0,0,0,0,0,0,0,0,0,1,0,0,0,0,0,0,0,0,1,0,0,0,0,0,0,0,0,0,0,0,0,0,0,0,0,0,0,0,0,0,0,0,0
3,224.964507773002,226.852631257435,1.32069825341826,0.133994721157118,31,22,51.9937864555445,-1.24298766560979,11,204.855792177199,16.9972618332654,38.6867656421695,18.6362327868818,14.6391870462834,3899906.10122674,275.191037921472,-0.0020225061506942,1.59547604149383,1991,0,1,0,0,0,0,0,0,0,0,0,0,0,0,0,1,1,0,0,0,0,0,0,0,0,0,0,0,0,0,0,0,0,0,0,0,0,0,0,0,0,0,0,0,0,0
5,135.468885049334,721.485652472712,1.07649308250031,0.175066655846769,6,2,52.7503588794832,-1.96357713258427,12,48.3186520725985,43.5107586548017,17.3090481228089,18.6417882754317,27.8487102426343,1782706.76959846,279.533395065102,-0.0024786767391558,7.6364253640465,1997,0,1,0,0,0,0,0,0,0,0,1,0,1,0,0,0,0,0,0,0,0,0,0,0,0,0,0,0,0,0,0,0,0,0,0,0,0,0,0,0,0,1,0,0,0,0
2,50.715989751304,762.304834758062,1.97683467123114,0.171812903462992,7,18,51.6189821857267,-2.13909755021784,11,117.492963389835,17.7479408246938,36.4895841837463,18.6359460327176,42.8710560390732,1396931.3130073,281.364971150808,0.0024136079481986,8.00491354230614,1982,0,0,0,0,0,0,1,0,0,1,0,0,0,0,0,1,0,0,0,0,0,0,0,1,0,0,0,0,0,0,0,0,0,0,0,0,0,0,0,0,0,0,0,0,0,0
7,278.289259199466,883.388596997711,1.44196288566,0.282166551149868,23,15,49.308800120986,-1.00524936820164,8,76.2657404521633,17.7924413926823,36.4857284734979,18.6419674807669,13.7873865143652,4163892.07189311,287.102088029216,8.17404515639718e-05,3.43307533041727,1988,0,0,0,1,0,0,0,0,1,0,0,0,1,0,0,0,0,0,0,0,0,0,0,0,0,0,0,0,0,0,0,0,0,0,0,0,1,0,0,0,0,0,0,0,0,0
8,15.4954757861586,370.948971180669,1.44111377825002,0.207851638927881,3,22,53.4217118531756,-2.08589813768616,2,76.2758706246611,17.7258297534752,36.4580363406678,18.642292545397,13.8327192986035,2451813.52679127,272.354714629998,0.0008465000755041,3.98850161253573,1992,0,0,0,1,0,0,0,0,0,0,0,0,1,0,0,0,0,0,0,0,0,0,0,0,0,0,1,0,0,0,0,0,0,0,0,0,0,0,0,0,0,0,0,0,0,0
2,27.8261871682739,-67.604046309414,1.26979422647128,0.222936894757285,16,2,52.4363752972304,-2.91191096250768,11,45.3618379661823,16.5842840820627,39.0509953401167,18.6362126667951,8.75618381403998,3404319.7011936,275.631044617972,-0.0047713171532921,2.07113089433301,1991,0,0,0,0,0,0,0,0,0,1,0,0,0,0,0,1,0,0,0,0,0,0,0,0,0,0,0,0,0,0,0,0,0,1,0,0,0,0,0,0,0,0,0,0,0,0
8,193.361790075666,387.853965533622,1.4425653401738,0.175446291728982,16,6,51.6780379459704,0.452784951855385,11,76.2898648299888,17.7264526251414,36.4542078649729,18.6382522611147,13.7789406047332,24895.8933401859,278.99336707002,0.0016413361375883,9.22109836910644,1982,0,0,1,0,0,0,0,0,0,1,0,0,1,0,0,0,0,0,0,0,0,1,0,0,0,0,0,0,0,0,0,0,0,0,0,0,0,0,0,0,0,0,0,0,0,0
9,169.542490274234,466.274114412229,1.44022646866991,0.154371248163392,31,11,53.0523363253366,-1.23513659680902,12,78.299256316414,17.79263666379,36.4821751797281,19.7592168293665,12.0265885988958,1735296.06364371,277.321602323507,-0.0020205113470393,7.12399392568883,1984,0,0,0,0,1,0,0,0,0,1,0,0,0,0,1,0,0,0,0,0,0,0,0,0,0,0,0,0,1,0,0,0,0,0,0,0,0,0,0,0,0,0,0,0,0,0
2,172.397270435316,296.178625823174,0.698717806733418,0.170612305247593,21,5,52.1693213805223,-0.933139146661987,4,66.738283978586,7.36602102991629,33.5821525290757,18.6447558027223,15.5131556679702,-16493.1069773047,272.81661595,0.0015102413849631,4.64554932616986,1983,1,0,0,0,0,0,0,0,0,1,0,0,1,0,0,0,0,0,0,0,0,0,0,0,0,0,0,0,0,0,0,0,0,0,0,0,0,0,0,1,0,0,0,0,0,0
3,-1.7584009652041,14.9976497327787,1.4416405206233,0.194395657730467,17,21,53.1943223138517,-3.11497830618091,3,76.307608683175,17.6987818759422,36.4438050471083,18.6408501031361,13.7957527254381,-454986.231218883,282.896647052945,0.0020315658728541,3.96898830425912,1990,0,0,0,0,0,1,0,0,1,0,0,0,1,0,0,0,0,0,0,0,0,0,0,0,0,0,0,0,0,1,0,0,0,0,0,0,0,0,0,0,0,0,0,0,0,0
9,73.0065270419616,863.948485136223,1.44125636873729,0.196460696088805,13,18,51.6031625468774,-1.90302546366893,1,76.4204396781077,17.7672771889006,36.4943929258931,18.6424453727004,13.8067643150417,2679335.76285429,282.728449235664,-0.0008292560339089,10.40087005585,1983,0,0,0,0,0,1,0,0,1,0,0,0,0,0,0,1,0,0,0,0,0,0,0,0,0,0,0,0,0,0,0,0,0,0,0,0,1,0,0,0,0,0,0,0,0,0
6,11.0343299915068,515.409090250689,1.4426997996136,0.20293638312286,13,7,53.1456125615887,-0.253254181668041,11,76.361376211887,17.7554209384725,36.4776200724076,18.6454061183971,13.8075096974406,429712.057764559,276.849028844042,-0.0043346195363745,4.519988416933,1988,0,0,0,0,0,1,0,0,0,1,0,0,1,0,0,0,0,0,0,0,0,0,1,0,0,0,0,0,0,0,0,0,0,0,0,0,0,0,0,0,0,0,0,0,0,0
6,57.0609274867728,742.905552386344,1.3521016743607,0.147404811652908,13,12,53.0463601747258,-1.66661244560586,11,76.3158213980931,17.7589179937324,35.8805072250356,18.6359222418344,13.8218552421112,3069132.3105198,279.098207300064,-0.0008380145188579,6.18387845127145,2000,0,0,0,1,0,0,0,0,0,1,0,0,1,0,0,0,0,0,0,0,0,0,0,0,0,0,0,0,0,0,0,0,0,0,0,1,0,0,0,0,0,0,0,0,0,0
7,140.014688299379,1820.67918651299,0.473975994002252,0.197760896484383,17,14,52.0129764582063,0.813820460689674,3,76.2696592839517,58.7818725327869,21.7828578497099,18.6467954773739,16.2007809975812,8865167.36364869,283.250569418329,-0.0018443901501913,5.39456512550067,1983,0,0,0,0,0,1,0,0,0,0,0,0,0,0,1,0,0,0,0,0,0,0,0,0,0,0,0,0,0,0,0,0,0,0,0,0,1,0,0,0,0,0,0,0,0,0
7,3.1071795802149,923.578517666569,1.44158546373711,0.355240610002927,21,5,54.2076887150086,-1.45764553063302,5,76.3557028734864,17.7492953074168,36.4793068149668,17.6899249270292,13.7964903734382,6942.98393994103,283.732053319421,0.0002413116474189,6.76940079169097,1999,0,0,0,0,1,0,0,0,0,0,1,0,1,0,0,0,0,0,0,0,0,0,0,0,0,0,0,0,0,1,0,0,0,0,0,0,0,0,0,0,0,0,0,0,0,0
3,62.441526954428,1756.91356367864,1.44283860110797,0.192460755411063,9,13,52.0049036446163,-1.48551069019562,3,76.3463443810438,17.7651226595767,36.4704607882558,18.6499586062188,13.8133666315438,9151652.94967584,283.734271824338,-0.0015210754185405,8.61743830306757,1991,1,0,0,0,0,0,0,0,0,1,0,0,1,0,0,0,0,0,0,0,0,0,1,0,0,0,0,0,0,0,0,0,0,0,0,0,0,0,0,0,0,0,0,0,0,0
6,134.558452567235,988.256897336702,1.44278810816255,0.180962293359062,12,13,53.0784536426426,-0.383465858802294,11,76.345509772622,17.751840549759,36.4418599002645,18.6436218867471,13.8132073498446,1388273.19160413,279.408397204887,-0.001584887841307,7.55854497278266,1982,0,1,0,0,0,0,0,0,0,0,0,0,1,0,0,0,0,0,0,0,0,0,0,0,0,0,0,0,0,0,0,0,0,0,0,0,1,0,0,0,0,0,0,0,0,0
0,100.6794868108,1164.97792545396,1.44203041991202,0.169704825539577,10,4,55.0097170720563,-1.60761883585599,2,76.361630306168,17.749975382525,36.4979060639944,18.6459936424033,13.8472846174096,-18.4481989702953,276.534799850776,0.000993742232331,9.86508914068532,1991,0,0,0,0,0,0,0,1,1,0,0,0,1,0,0,0,0,0,0,0,0,0,0,0,0,0,0,0,0,0,0,0,0,0,0,0,0,0,0,0,1,0,0,0,0,0
7,-37.3647599728246,650.979871593585,1.44107907164544,0.211362369048538,3,3,50.4398983240748,-1.82396637722976,5,75.6394552442313,17.7648176107916,36.4853633885544,18.641273047395,13.8203867289033,831541.862875895,282.913940045134,0.0012491792755067,5.62571229751684,1986,0,0,0,0,1,0,0,0,0,0,1,0,1,0,0,0,0,0,0,0,0,0,0,0,0,1,0,0,0,0,0,0,0,0,0,0,0,0,0,0,0,0,0,0,0,0
9,0.279533102557124,572.597909063976,1.42957897372576,0.184914125358075,2,10,53.27566965512,-3.38941742324706,9,76.3197838856884,17.7380492272523,36.8976107949077,18.6419413823821,13.7939227212624,1180710.29714581,283.014600311153,-0.0023254206187026,2.90127614590033,1993,0,0,0,1,0,0,0,0,0,0,1,0,0,0,0,1,0,0,0,0,0,0,0,0,0,0,0,0,0,0,0,0,0,0,0,0,0,0,0,0,0,0,0,1,0,0
7,191.326509557646,313.485709339652,1.27350703977968,0.146090999943384,1,9,53.109297825273,-1.89811716136918,2,73.7073962210184,18.0132378232985,35.6293314367279,22.5619159143055,22.427119579858,1638585.93137182,274.257011588909,-0.0027476117421539,3.2967031917842,1981,0,1,0,0,0,0,0,0,0,1,0,0,0,0,0,0,0,0,0,0,0,0,0,1,0,0,0,0,0,0,0,0,0,0,0,0,0,0,0,0,0,0,0,0,0,0
7,126.3192346934,269.092540924049,1.04687898163174,0.255535511504207,12,20,52.1907217060438,-0.394205167756766,11,-1063.79407099883,21.2059923827888,30.8299870849654,18.5504023981341,18.152294462016,-13449709.434993,282.645953891427,0.0142048860049918,6.08400824625745,1998,0,0,0,0,0,0,0,1,0,0,1,1,0,0,0,0,0,0,0,0,0,0,0,0,0,1,0,0,0,0,0,0,0,0,0,0,0,0,0,0,0,0,0,0,0,0
1,45.4772474558073,2152.68350161491,1.44066314807214,0.157799400839217,15,13,53.6415266417712,-1.39276113306681,6,76.3238153880977,17.7510373351115,36.4841656692293,18.6388993773115,13.8408188452392,9862457.51643186,289.39952908014,0.0025007716841857,6.79469511683908,1987,0,0,0,0,0,1,0,0,0,0,0,0,1,0,0,0,0,0,0,0,0,0,0,0,0,0,0,1,0,0,0,0,0,0,0,0,0,0,0,0,0,0,0,0,0,0
7,-71.3081757946284,1767.17279786651,1.44202216549067,0.217546021314917,21,10,52.1512042196791,-2.69368114755027,6,76.3813986666368,17.7838532915058,36.4916131808106,18.6402289921832,13.796539294403,3538379.40490265,284.285331279043,0.0004979453929244,1.82882945230164,1988,0,0,1,0,0,0,0,0,0,0,1,0,0,0,0,1,0,0,0,0,0,0,0,0,0,0,0,0,0,0,0,0,0,0,0,0,0,0,0,1,0,0,0,0,0,0
2,79.3227843834531,171.804743970538,1.44151515384398,0.224555877276515,5,18,52.5523753585539,-0.730379313335812,11,76.291484161869,17.7371501662909,36.4758041127725,18.6452782746761,13.8168383462303,4243641.5611226,281.577496814496,-0.0038495164356618,1.873689948105,1982,0,0,0,0,0,0,0,0,0,0,1,0,0,0,0,1,0,0,0,0,0,0,0,0,1,0,0,0,0,0,0,0,0,0,0,0,0,0,0,0,0,0,0,0,0,0
0,7.03890382752343,912.20669782601,1.44296946517616,0.174931857161922,1,14,53.6459650429142,-1.08938206290715,6,76.3791022677046,50.6301454073561,36.468021645806,18.5871374948206,13.8009247392052,8228452.27185293,287.302770234032,0.000896843506268,3.02933291851555,1991,0,0,0,0,0,0,1,0,0,0,0,0,0,0,0,0,0,0,0,0,0,0,1,0,0,0,0,0,0,0,0,0,0,0,0,0,0,0,0,0,0,0,0,0,0,0
3,96.4837849328157,831.413219108639,1.44192153736097,0.236752029013818,1,11,52.9859387086604,-1.27797199649652,2,76.3146182912595,17.7516345380921,36.4743905487596,18.638497013321,13.8039344863903,1417673.35521171,275.982679692069,0.0027602001592893,6.44649253710258,1984,0,0,0,1,0,0,0,0,0,1,0,0,0,0,0,1,0,0,0,0,0,0,0,0,0,0,0,0,0,1,0,0,0,0,0,0,0,0,0,0,0,0,0,0,0,0
7,118.037024666348,219.284183628901,1.44115394822394,0.136641023953731,30,8,52.2362642227556,0.444368429885516,9,76.3857100846436,17.7611591235448,36.4821216842688,18.6351607696995,13.81607794038,1291344.05650378,284.60648330844,-0.0017502926371097,0.815189440509614,1988,0,1,0,0,0,0,0,0,0,0,0,0,0,0,0,1,0,0,0,0,0,1,0,0,0,0,0,0,0,0,0,0,0,0,0,0,0,0,0,0,0,0,0,0,0,0
8,50.1986223531342,702.999786381418,0.23121803436586,0.224762029532567,9,6,50.9379211169972,-3.43373956387706,7,39.7291776652717,44.1615684518874,33.4339385725533,18.6434391309489,11.5159772556736,104265.287337055,285.875108446497,-0.0002340534781529,9.04265991030445,1998,0,0,0,0,0,1,0,0,0,0,0,0,1,0,0,0,0,0,0,1,0,0,0,0,0,0,0,0,0,0,0,0,0,0,0,0,0,0,0,0,0,0,0,0,0,0
1,31.696141168224,388.580051443232,0.613786931867395,0.199593471359832,22,19,52.366772153387,-2.36965898701746,1,560.69013494596,14.6391494035301,36.4865812437328,18.6476704822867,24.823261559494,5269634.91130465,274.793959282807,-0.0006050821777342,2.60654337529917,1997,0,0,0,0,0,0,0,0,0,1,0,0,1,0,0,0,0,0,0,0,1,0,0,0,0,0,0,0,0,0,0,0,0,0,0,0,0,0,0,0,0,0,0,0,0,0
4,95.0269465253212,673.401221353275,0.956073198205504,0.157199125061019,16,17,53.3008651398959,-0.576071344886894,3,61.9946983321937,23.3357185452299,47.3539836499478,18.6457831032746,-4.9143760385883,1778504.66405951,278.406162794365,0.0005130555041162,4.70064716707819,1990,0,1,0,0,0,0,0,0,0,0,1,0,0,0,0,1,0,0,0,0,0,0,0,0,0,0,1,0,0,0,0,0,0,0,0,0,0,0,0,0,0,0,0,0,0,0
5,148.803648403093,929.185460215492,1.44151518097865,0.227990937698731,16,20,53.2187789040303,-2.84879002935722,8,76.2968056048642,17.7358464702007,36.4758033546667,18.6369228012182,13.8168382664828,7305451.27903845,287.680540618188,0.0005193201901094,8.37542986443323,1982,0,0,0,1,0,0,0,0,0,1,0,0,0,0,0,1,0,0,0,0,0,0,0,0,1,0,0,0,0,0,0,0,0,0,0,0,0,0,0,0,0,0,0,0,0,0
3,37.3465838562159,560.240018331799,1.44163850478035,0.165400331081552,8,16,51.8966189296501,0.269132441404487,11,76.2954799975278,17.712313533095,36.4510708137103,18.644315813885,13.8203855355885,2924809.29882865,281.620978693536,-0.0003842124437716,4.16969705250294,1981,1,0,0,0,0,0,0,0,1,0,0,0,0,0,0,1,0,0,0,0,0,0,0,0,1,0,0,0,0,0,0,0,0,0,0,0,0,0,0,0,0,0,0,0,0,0
3,-11.9881232334052,933.908957280607,1.07653839574235,0.179168395970854,29,11,50.665207224277,-3.42640727738833,5,83.7689582290957,12.0421695064268,33.1012415175396,18.6364654470046,11.886461769124,4617982.03163649,295.552436931625,0.0007902029558452,4.87338608411068,1997,0,0,0,1,0,0,0,0,0,1,0,0,0,0,0,1,0,0,0,0,0,0,0,0,0,0,0,0,0,0,0,0,1,0,0,0,0,0,0,0,0,0,0,0,0,0
1,-58.85558690523,1105.46052265789,1.5121711350658,0.106324569223761,14,20,53.5914379206296,-3.01439098190142,2,79.4250793525689,20.7761324155324,34.9303378793669,18.648822050564,8.81405733830695,2062508.2664369,272.859370383478,0.0004977259861054,9.27168877303139,1986,0,0,0,0,0,0,1,0,0,1,0,0,0,0,0,1,0,0,0,0,0,0,0,0,0,0,0,0,0,0,0,0,0,0,0,0,0,0,0,0,0,0,0,0,0,0
4,79.1590932302738,404.671174330818,2.12392668582588,0.242727421276627,9,17,52.0016227503627,-3.094105290846,11,69.8897885276355,17.7442606945803,36.5706332134956,18.639805676035,39.1902664530909,1357572.55262882,274.891580770931,-0.0002545668731008,4.34772476756626,1993,0,1,0,0,0,0,0,0,1,0,0,0,0,0,0,1,0,0,0,0,0,0,0,1,0,0,0,0,0,0,0,0,0,0,0,0,0,0,0,0,0,0,0,0,0,0
0,148.620324194986,1655.64532087335,1.44172324961797,0.148907552614326,18,11,50.9806385495924,-2.14540800838834,6,76.3735746282334,17.7590504616731,36.4577757783276,18.638594945607,13.8111314442011,6924501.67430048,287.5867264202,0.0002064366838911,4.185346144581,1992,1,0,0,0,0,0,0,0,1,0,0,0,1,0,0,0,0,0,0,0,0,0,0,0,0,0,0,0,0,0,0,0,0,0,0,1,0,0,0,0,0,0,0,0,0,0
3,96.280666192495,1115.54786633309,1.44282564537268,0.177310261690443,8,12,51.7898691257004,-1.4810106686396,6,76.3722464468566,17.7426752973248,36.4424243484385,18.6402670065454,13.8299062323865,4004449.04654116,292.670762137964,0.0035137730375617,8.1519782799725,1989,0,0,1,0,0,0,0,0,0,1,0,0,1,0,0,0,0,0,0,0,0,0,0,0,0,0,0,0,0,0,1,0,0,0,0,0,0,0,0,0,0,0,0,0,0,0
2,175.372162710372,-245.569637617934,1.44260067450414,0.189300344808827,28,6,52.800146131402,0.308766970235287,1,76.5187961176304,17.7722123898053,36.4806223335028,18.6340765326371,13.7987408881827,122355.001497844,269.70291956331,-8.60359724639598e-05,-0.862858405952688,1991,0,0,0,0,0,0,1,0,0,0,0,0,0,0,0,1,0,0,0,0,0,0,0,0,0,0,0,0,0,0,0,0,0,0,0,0,1,0,0,0,0,0,0,0,0,0
1,179.883849131632,980.366797916751,1.45515813621164,0.193377285620979,20,20,53.1746579629238,-1.37817241980946,8,76.3176372544441,17.7470036079877,36.4818306461669,18.6450123164091,13.8183136377545,4520975.99433122,288.884914515103,0.000698588489138,3.15451450901996,1984,0,0,0,0,0,0,1,0,0,0,1,0,1,0,0,0,0,0,0,0,0,0,0,1,0,0,0,0,0,0,0,0,0,0,0,0,0,0,0,0,0,0,0,0,0,0
1,134.765344624505,506.682369034166,1.44202483231215,0.211376360076595,13,0,55.2818467025316,-0.687295604674983,5,76.3537176827897,17.7387288688087,36.4759425923626,18.637633518303,13.8033993355805,4079482.96382104,280.996531073883,0.0044282288228983,7.32340429754603,1985,0,0,0,0,0,0,0,1,1,0,0,0,1,0,0,0,0,0,0,0,0,0,0,1,0,0,0,0,0,0,0,0,0,0,0,0,0,0,0,0,0,0,0,0,0,0
3,48.7753546403111,75.5761499610987,0.945906487422731,0.265935549358425,1,23,54.628761925598,1.32761300925865,1,38.3804397688915,13.8739835090596,32.532835246537,18.644467570902,11.7816714387063,-369325.530358572,269.253802969356,0.0027195929230255,1.58126875106333,1986,0,0,0,0,0,0,0,1,1,0,0,0,0,0,0,0,0,0,0,0,0,0,0,0,0,0,0,0,0,0,0,0,0,0,0,0,0,0,0,0,0,0,0,1,0,0
3,52.4349736362546,1100.9354287805,1.20710760534714,0.119561052521405,13,14,52.6401188292204,-4.05236461394854,7,57.5235040678736,34.7884353946188,30.4471021474523,18.6687286091437,15.9968952621431,8279236.80230382,293.714217742105,-0.0010396948125869,4.63207512105485,1999,0,0,0,0,0,0,0,0,0,0,1,0,0,0,1,0,0,0,0,0,0,0,0,0,0,0,0,0,0,0,0,0,0,0,0,0,0,1,0,0,0,0,0,0,0,0
3,89.7426081467116,1003.12635251072,1.63752671775215,0.163309714226529,28,19,51.5895112999251,-0.536352628576842,9,65.2293004592289,18.7965185396343,37.3404329793307,18.6386904750183,4.28617271133532,4811710.27195356,288.921832354943,0.0004068525563778,6.08822030038054,1984,0,0,0,0,0,0,0,1,0,1,0,0,0,0,1,0,0,0,0,0,0,0,0,0,0,0,0,0,0,0,0,0,0,0,0,0,0,0,0,0,0,0,0,0,1,0
6,150.146374456405,1562.50402945096,0.933528195022542,0.148577573611717,22,16,53.3981921355506,-2.81162834296634,6,83.1589787048765,18.1550789519516,35.3195144992903,18.6399077934223,14.6277082649429,4711794.42111913,285.61185465719,0.0006723564789714,9.38436784495341,1994,0,1,0,0,0,0,0,0,1,0,0,0,0,0,0,1,0,0,0,0,0,0,0,0,0,0,0,0,0,0,0,0,0,0,1,0,0,0,0,0,0,0,0,0,0,0
5,-16.7820104977358,1165.77242371826,1.44258151939965,0.193004023181331,17,10,53.8867872936301,-2.69127852729204,7,105.145769064699,17.7272075527285,36.4661141397968,18.6451498139627,13.8087874957703,3233201.23417313,291.143359408953,0.0013573275325442,7.77512509958362,1999,0,0,0,1,0,0,0,0,0,0,0,0,0,0,0,1,0,0,0,0,0,1,0,0,0,0,0,0,0,0,0,0,0,0,0,0,0,0,0,0,0,0,0,0,0,0
6,-11.1724135965169,914.910293957505,1.58310401376127,0.259366239176424,31,19,53.5685207124249,-2.3308012743814,10,85.1061856525977,18.0037204160849,35.9832643121532,18.645987629289,25.455158827785,7329433.13531406,282.843365460127,-0.0044754490444113,6.11244117993065,1992,0,0,0,0,0,1,0,0,0,1,0,0,0,0,1,0,0,0,0,0,0,0,0,0,0,0,0,0,0,0,0,0,0,0,0,0,0,0,0,0,0,0,1,0,0,0
0,194.1691830913,609.768948924226,1.44503884144093,0.146097763099097,16,12,52.9559976878687,-0.023808913445396,2,76.3459422438922,17.7867804681295,36.4694216337706,18.635540215565,13.7817240111906,463256.323674607,276.053016058444,0.0021242896825506,5.41316516194466,1982,0,0,0,0,0,0,0,1,0,0,0,0,1,0,0,0,0,0,0,0,0,0,0,0,0,0,0,0,0,0,0,0,0,0,0,0,0,0,0,0,0,0,0,0,0,0
7,22.5944535520546,558.674795595972,1.44355617356039,0.190447651922657,8,3,52.383542908216,1.05927932824597,1,76.3734552744391,17.7781735554412,36.4862307484387,18.6385342831259,13.8082486247866,-3052639.19133019,274.711228121459,-0.0001154582072622,6.37735316877847,1995,0,0,0,0,0,0,1,0,1,0,0,0,1,0,0,0,0,0,1,0,0,0,0,0,0,0,0,0,0,0,0,0,0,0,0,0,0,0,0,0,0,0,0,0,0,0
6,97.9739229387251,612.999265077593,3.3482432983265,0.211795014602592,26,11,52.8017751196115,-1.77285933777046,12,89.9978028842337,17.7510894875808,36.4711277557752,18.6449291998281,46.0025788431478,1859116.62773003,279.889313473301,-0.0013313201041165,8.73299377444859,1991,0,0,0,0,0,0,0,1,0,0,0,0,0,0,0,1,0,0,0,0,0,0,0,1,0,0,0,0,0,0,0,0,0,0,0,0,0,0,0,0,0,0,0,0,0,0
7,214.161256665778,237.718905883042,1.44216411903791,0.177291274831373,24,8,50.9609157324142,-1.91690802320502,12,76.2734110381647,17.7602955135351,36.441428032896,18.6409745476028,13.8291847788592,11435.0693507436,277.182448150471,-0.002473652989384,3.66888862507832,1991,0,0,0,0,0,1,0,0,0,1,0,0,1,0,0,0,0,0,1,0,0,0,0,0,0,0,0,0,0,0,0,0,0,0,0,0,0,0,0,0,0,0,0,0,0,0
4,336.897198691549,968.181828451627,1.44283860760248,0.145034445115158,16,10,53.6296917790262,-2.80762955758104,10,76.3857747394109,17.7652792873449,36.470459944087,18.6361058467221,13.813367276304,1726836.70489483,281.256417101516,-0.0019977047497612,7.78749122652564,1991,0,1,0,0,0,0,0,0,0,1,0,0,1,0,0,0,0,0,0,0,0,0,1,0,0,0,0,0,0,0,0,0,0,0,0,0,0,0,0,0,0,0,0,0,0,0
4,164.963930020315,376.911751150873,-0.0943388478732049,0.154450621241693,22,9,51.3381697541552,-0.0507513225693168,3,34.0089366224292,17.3319619136869,35.797689498383,18.6408834101416,1.88820849169808,1345703.46090593,278.944113847094,-0.0010617666491543,1.2291731560437,1996,0,0,0,0,1,0,0,0,0,1,0,0,1,0,0,0,0,0,0,0,0,0,0,0,0,0,0,0,0,0,0,0,0,0,0,0,0,0,0,0,0,0,1,0,0,0
0,-0.348620529303425,1406.87057446662,1.44094929409018,0.194314886510769,24,15,50.5100276822619,-2.28205633435126,7,76.3639347181862,17.7491535908923,36.4719633894247,18.6359475674002,13.8144993360656,10075711.1345921,295.890155518775,-0.0009168163186829,4.19598450381912,1982,0,0,0,0,0,0,1,0,0,0,0,0,0,0,0,1,0,0,0,0,0,0,0,0,0,0,0,0,0,1,0,0,0,0,0,0,0,0,0,0,0,0,0,0,0,0
6,93.5952422929197,278.634837571868,1.44104446179728,0.16952707974245,20,8,49.929484469876,0.199280919359355,5,76.3301797202885,17.7688831181218,36.4746678536346,18.6372931851853,13.8193749237463,665543.190051093,284.501795631149,0.0012758947884075,2.546323860661,1988,0,0,0,0,0,0,1,0,0,0,0,0,1,0,0,0,0,0,0,0,0,1,0,0,0,0,0,0,0,0,0,0,0,0,0,0,0,0,0,0,0,0,0,0,0,0
6,-102.18886375987,1344.58610242221,1.44166121457528,0.22402311898466,28,17,50.5080137490226,-2.45283569063036,8,62.2208597745331,17.7508447732894,36.4770249416925,18.6419564309951,13.8056049492154,6077817.28732428,291.943203882282,0.0001127240411719,4.60696496594618,1988,0,0,0,1,0,0,0,0,0,0,0,0,1,0,0,0,0,0,0,0,0,0,0,1,0,0,0,0,0,0,0,0,0,0,0,0,0,0,0,0,0,0,0,0,0,0
6,-29.8205313223244,1449.47249935139,0.983400739578133,0.180810276606077,1,15,53.7396120695489,-0.287700351193406,1,96.0023487047801,5.52480375765363,33.6659536566984,18.6918951275163,12.5807140921419,2101641.57855885,280.056061220667,-0.001922727382664,12.0678054187581,1984,1,0,0,0,0,0,0,0,0,1,0,1,0,0,0,0,0,0,0,0,0,0,0,0,0,0,0,0,0,0,0,0,0,0,0,0,0,0,0,0,0,0,0,0,1,0
7,35.3104298761892,264.816888624696,1.02745094399203,0.159069992340036,7,2,51.9350242965723,-1.42014961222219,5,49.4052192642763,15.1284727427509,40.7873400686347,18.6417877909913,25.6265388860961,588255.853967403,278.895411972094,0.0031881961035862,3.58499123632096,1997,0,1,0,0,0,0,0,0,0,0,1,0,1,0,0,0,0,0,0,0,0,0,0,1,0,0,0,0,0,0,0,0,0,0,0,0,0,0,0,0,0,0,0,0,0,0
2,246.9592429968,1101.7689890979,1.44205477883834,0.217340447475141,24,14,52.0536761290378,-2.41918464798888,4,76.3549939489326,17.7384757188762,36.4710644265501,18.6429422516188,13.806527526944,2919690.9219441,283.963614529647,0.002367577853351,8.88417576200746,1981,0,0,0,0,0,0,0,1,0,0,0,0,1,0,0,0,0,0,0,0,0,0,0,0,0,0,0,0,0,0,0,0,0,0,0,0,0,0,0,0,0,0,0,1,0,0
3,-25.4339292652143,-302.411054048081,1.45133393770636,0.189425985728053,24,6,53.3102235700415,0.996435222764908,4,76.3003407946246,17.7405981872004,36.4792526074085,18.6447914686632,13.806375642342,245333.721084623,278.921704478022,-0.0013336352613755,0.910176978304009,1983,0,0,0,0,0,0,0,1,0,0,0,0,0,0,1,0,0,0,0,0,0,0,0,1,0,0,0,0,0,0,0,0,0,0,0,0,0,0,0,0,0,0,0,0,0,0
0,96.649047397265,274.418032415106,1.44182614237319,0.19412114190598,25,9,51.8468882910037,-1.79244579086162,5,76.4667690116616,17.7404159358748,36.4823825982197,18.647767759132,13.8162507960418,1627656.48070358,289.648668610643,0.0002396301846246,4.00269551314161,1989,0,0,0,0,0,1,0,0,0,1,0,0,0,0,0,1,0,0,0,0,0,0,1,0,0,0,0,0,0,0,0,0,0,0,0,0,0,0,0,0,0,0,0,0,0,0
6,-47.0086791868658,423.671243646873,1.44207410915794,0.178348503329129,25,0,51.3092537317267,-1.38076424511918,3,76.3123376014396,17.7683426148667,36.4909935696013,18.635662971435,13.8056445388625,11642500.9571398,277.502629184102,-0.0058668370485717,2.06380928322061,1982,0,0,0,0,0,0,0,1,0,0,0,0,0,0,0,1,0,0,0,0,0,0,0,0,0,0,0,0,0,0,0,0,0,0,0,0,0,0,0,0,0,0,0,1,0,0
0,99.2916515264223,1190.53083433483,1.33652718698433,0.163692311107501,13,16,52.7720327706916,-1.59803800933488,6,74.6223106506145,19.7366327130528,19.4159896090586,16.3762735198278,10.7930865958594,4167599.84621948,294.615606464746,-0.0003430987712284,4.06806871878334,1999,0,0,0,0,1,0,0,0,0,0,1,0,0,0,0,1,0,0,0,0,0,0,0,1,0,0,0,0,0,0,0,0,0,0,0,0,0,0,0,0,0,0,0,0,0,0
9,73.6129137335527,562.042158382788,1.44249242212537,0.174909886781764,16,7,51.650615510258,-0.520409952243307,8,76.4379425837691,17.7521356984501,36.4636782123638,18.6383629900379,13.8178100397506,276307.967574956,287.903957072792,1.59537960014611e-05,3.44615033982277,1983,0,0,0,1,0,0,0,0,0,1,0,0,0,0,0,1,0,0,0,0,0,0,1,0,0,0,0,0,0,0,0,0,0,0,0,0,0,0,0,0,0,0,0,0,0,0
1,171.288610825752,254.910665460226,1.48394359832004,0.215329521182204,12,15,53.8524657403184,-3.63028995431438,12,76.4097732491578,24.4433322220304,36.4758352363686,18.5575953729083,13.8193684625949,1196616.37998811,278.756058765898,1.17209309668233e-05,4.91888038999082,1996,0,0,0,0,0,0,1,0,0,0,1,0,0,0,0,0,0,0,0,0,0,0,0,0,0,0,0,0,0,0,0,0,0,0,0,0,1,0,0,0,0,0,0,0,0,0
4,119.663903113625,222.919633497791,1.44115714024029,0.176364702612573,30,2,52.9075916368591,-1.88405046176949,4,76.3631098250946,17.7535184243747,36.5025136034973,18.6531082431599,13.8265866326859,2918646.78309677,280.717754459055,0.0007471882086586,4.43286607792886,1987,1,0,0,0,0,0,0,0,0,0,0,0,1,0,0,0,0,0,0,0,0,0,0,0,0,0,0,0,0,0,0,0,0,0,0,0,1,0,0,0,0,0,0,0,0,0
5,-32.006557877442,920.847885714095,0.945906433664672,0.175087977234468,26,19,53.4742352109173,-0.694768153198784,3,41.8695945868536,10.3469600183768,32.5328342435285,18.6446963094658,5.62723762524894,4615720.15482599,277.30470481312,0.0010555196885003,5.4548713722531,1989,1,0,0,0,0,0,0,0,0,0,1,0,0,0,0,0,0,0,0,0,0,0,0,0,0,0,0,0,0,0,0,0,0,0,0,0,0,0,0,0,0,0,0,1,0,0
6,-11.8291456808116,334.186054645377,0.562858134675391,0.209973900184642,10,23,52.6706164936765,-3.40685242158967,2,223.022487343579,43.7046122059611,35.0097773101848,18.6447596784474,31.4703133890636,6772819.4490331,279.641877497477,-0.0003328471331531,5.21443638701093,1995,0,0,0,0,0,1,0,0,0,0,1,0,1,0,0,0,0,0,0,0,0,0,0,0,0,1,0,0,0,0,0,0,0,0,0,0,0,0,0,0,0,0,0,0,0,0
8,-6.2253013269715,2684.21989778948,1.43921084391128,0.205978939020804,14,17,51.6447956823702,0.558955247412405,6,76.3477085882368,17.7823074598244,36.4883065468648,18.6495028972015,13.8183881117208,7851100.23155656,294.776414816794,0.0001338221582422,5.18518451709572,1984,0,0,0,0,0,1,0,0,0,0,0,0,1,0,0,0,1,0,0,0,0,0,0,0,0,0,0,0,0,0,0,0,0,0,0,0,0,0,0,0,0,0,0,0,0,0
6,75.8318405967364,1183.25836900645,-0.0631911870895082,0.171387804695142,11,12,51.3935887648294,-0.542574456767344,4,18.0606389136215,46.0563571421422,25.8412767426444,18.648242631866,4.67614972654234,2783632.11291355,285.643051481268,0.002934356715175,13.5924492084169,1998,1,0,0,0,0,0,0,0,1,0,0,0,1,0,0,0,0,0,0,0,0,0,0,0,1,0,0,0,0,0,0,0,0,0,0,0,0,0,0,0,0,0,0,0,0,0
0,84.3600259543832,1151.70089937968,1.35996243964819,0.195951558976895,24,14,53.2960989753261,-2.426875135414,2,76.4114592118319,17.7139685424301,37.6560384225721,18.635987729789,13.8136960123123,2698134.91933809,279.016552380945,9.92865299094764e-05,5.20958757230658,1999,1,0,0,0,0,0,0,0,0,0,1,0,0,0,0,1,0,0,0,0,0,0,0,0,0,0,0,0,0,0,0,0,0,0,0,0,0,0,0,1,0,0,0,0,0,0
0,-11.8966762800682,410.503892148267,1.43964301646351,0.225655983140068,31,15,51.6394997772508,0.339457017871529,1,40103.2109559116,18.6203827546764,36.4822028166558,18.6395605661319,-461640.942541255,3255799641.46059,275.687586300924,-2.75131966374669,2.12850388716205,1993,0,0,0,1,0,0,0,0,0,0,1,0,0,1,0,0,0,0,0,0,0,1,0,0,0,0,0,0,0,0,0,0,0,0,0,0,0,0,0,0,0,0,0,0,0,0
8,138.124777325539,210.554325295974,1.4424589708924,0.239350877585064,22,3,50.334641320539,-3.02899159349754,4,76.3240929149638,17.7697965056233,36.4925862463644,18.6463353519974,13.8209522934084,2683783.44124291,281.140764858234,-0.0001064109576951,2.33629948071925,1992,0,0,0,0,0,0,1,0,0,0,1,0,1,0,0,0,0,0,0,0,0,0,0,0,0,0,0,0,0,0,0,0,0,0,0,0,1,0,0,0,0,0,0,0,0,0
6,169.788137547049,591.688807892021,0.0864368203928763,0.128053408705325,27,4,50.5617442164638,-1.78750484353829,6,112.143402302854,29.9501830398001,53.974729214626,19.1637438148085,7.95473557422367,-25.9838014651422,288.581637176526,0.0006363478630614,7.47788936433203,1998,0,1,0,0,0,0,0,0,0,1,0,0,1,0,0,0,0,0,0,0,0,0,1,0,0,0,0,0,0,0,0,0,0,0,0,0,0,0,0,0,0,0,0,0,0,0
9,54.5025591099201,460.995043171577,1.441394157196,0.199303764004346,17,5,50.2633881689548,-3.02044643547527,11,76.2551772295053,49.7403065361091,36.499332862238,18.6405088798009,13.813696917069,-11346.9483016695,280.805228080734,0.0012483704629609,5.50817001844548,1996,0,0,0,0,1,0,0,0,1,0,0,0,0,0,0,0,0,0,0,0,0,0,0,0,0,0,0,0,0,0,0,0,0,0,0,0,0,0,0,0,0,0,0,0,0,1
2,106.111437361768,355.283678723517,1.44190696854401,0.15339755190963,3,3,51.2933820469052,-3.87588072986732,11,76.3542059118119,17.7370294848398,36.4988691397493,18.6421222666645,13.8205554192635,1109634.88237411,282.285514119394,0.0013076699626214,4.95104493916777,1994,0,0,0,0,1,0,0,0,0,1,0,0,0,0,0,1,0,0,0,0,0,0,0,0,0,0,0,0,0,0,0,0,0,0,0,0,0,0,0,0,0,0,1,0,0,0
4,164.506688717818,1275.91343192812,1.44277917347712,0.169335915165857,11,2,52.14806055577,-0.936801720133924,3,76.3516326206386,17.7732578883793,36.4843952880591,18.6410344745453,13.8126080398277,-4048416.05062229,283.080440574238,0.0010465899233846,11.4030673166894,1990,0,0,0,0,0,0,1,0,0,0,0,0,1,0,0,0,0,0,0,0,0,0,0,0,0,0,0,0,0,0,0,0,0,0,0,0,1,0,0,0,0,0,0,0,0,0
8,53.3465248619804,-14.864683804696,1.58060059629961,0.229557138662294,17,0,52.0008853083849,0.450793608807278,4,70.3252416948749,12.0966436808054,33.5821522680709,18.6420443060236,14.0880618824943,1341811.93300756,273.35250296883,0.006468568962555,1.11923942391559,1983,0,0,0,0,0,0,1,0,0,0,1,0,1,0,0,0,0,0,0,0,0,0,0,0,0,0,0,0,0,0,0,0,0,0,0,0,0,0,0,1,0,0,0,0,0,0
8,114.721712772299,940.377425151476,1.44171059539592,0.25269002822853,7,23,52.1255976771094,-0.804380699697489,8,76.3633535934589,17.7452875700499,36.4711020408452,18.6386987437505,13.7976862164812,6381574.82593821,290.862028312858,0.001360988996693,6.96681680566801,1996,0,0,0,1,0,0,0,0,1,0,0,0,1,0,0,0,0,0,1,0,0,0,0,0,0,0,0,0,0,0,0,0,0,0,0,0,0,0,0,0,0,0,0,0,0,0
3,214.16153228734,311.591727556707,0.199909586628558,0.159167807370382,8,0,53.8364887373497,-0.509628596664123,11,67.9328556996713,19.0452815849701,47.3539831768899,18.642312708372,7.86001676576586,9915773.81847128,280.826748530573,-0.0073071364413349,6.590134246084,1988,1,0,0,0,0,0,0,0,0,0,0,0,0,0,0,1,0,0,0,0,0,0,0,0,0,0,1,0,0,0,0,0,0,0,0,0,0,0,0,0,0,0,0,0,0,0
1,70.7566655620276,780.392839357685,1.44068124646724,0.175934334630596,8,21,52.4846384101719,-1.27058228221708,11,76.3585059852229,17.7438698056498,36.4791713722059,18.6391092308139,13.8053122645974,2790332.22973199,283.399209190797,-0.0015792655180123,7.08854439495591,1984,0,0,0,0,0,0,0,1,1,0,0,0,1,0,0,0,0,0,0,0,0,0,0,0,1,0,0,0,0,0,0,0,0,0,0,0,0,0,0,0,0,0,0,0,0,0
1,133.961057827216,873.564377591707,0.609875271796239,0.246386080409591,22,17,51.7510137046065,-3.30967530532921,5,-845.797349523586,17.7581582078576,36.4747001936016,18.6446591759638,13.8074924812251,-1716830.83942591,290.605959370924,0.0034994085956343,1.03091339632987,1997,0,0,0,0,0,0,0,0,0,0,1,0,0,0,0,1,0,0,1,0,0,0,0,0,0,0,0,0,0,0,0,0,0,0,0,0,0,0,0,0,0,0,0,0,0,0
3,-23.4106923730005,531.537989659733,1.44096526941062,0.110331702127157,1,14,51.9708471597502,-0.10233901587409,1,76.3460509985221,17.7316806220633,36.4998892755465,18.6509111741719,13.8267518871314,1275475.93482163,279.679294044453,0.0004541723742802,5.07318149339001,1999,0,0,0,0,0,0,0,0,0,1,0,0,1,0,0,0,0,1,0,0,0,0,0,0,0,0,0,0,0,0,0,0,0,0,0,0,0,0,0,0,0,0,0,0,0,0
0,-76.1855274466576,806.776807652926,1.4417705336456,0.213637967162351,12,23,49.5743535337468,-1.24969267787846,5,76.3773704584538,17.752443712758,36.4917284555059,18.6434420842281,13.8281441564903,4993443.57464447,284.180349296593,0.0027159154239419,8.6706932416943,1985,0,0,0,0,1,0,0,0,0,1,0,0,0,0,0,1,0,0,0,0,0,0,0,0,0,0,0,0,0,0,0,0,0,0,0,0,0,0,0,0,0,0,0,1,0,0
6,-77.5446184324707,161.538741123255,1.44249243787433,0.167716923021317,15,5,51.7600756500836,-2.72221069898532,4,76.1714739757279,17.752025195765,36.4636772913562,18.6383630765285,13.8178096792748,32867.5680065357,277.3091166824,0.0006946099389508,1.66250488857026,1983,0,0,0,1,0,0,0,0,0,0,0,0,0,0,0,1,0,0,0,0,0,0,1,0,0,0,0,0,0,0,0,0,0,0,0,0,0,0,0,0,0,0,0,0,0,0
6,8.58984827037938,1451.64171569717,1.44082136089812,0.248824508653243,29,10,51.6611530081723,-2.82271033508231,3,76.351024061181,17.7602238552268,36.4707799928217,18.635032896967,13.8160129934676,1875258.12432013,279.205335644703,0.0014053588446124,7.75865625334235,1986,1,0,0,0,0,0,0,0,0,0,0,0,0,0,0,1,0,0,0,0,0,0,0,0,0,0,0,0,0,0,0,0,0,0,0,0,0,0,0,0,0,0,0,1,0,0
2,139.257872677398,1529.98305128297,1.44378952208474,0.183359333617863,25,18,52.3828313864549,-0.86886829601291,8,76.2815479726048,17.7702323313742,36.4974838443441,18.6420663604896,13.7860826765249,2591490.23871098,290.296392296967,0.0063184834207601,13.8928248260722,1986,0,1,0,0,0,0,0,0,0,0,0,0,1,0,0,0,0,0,0,0,0,0,0,0,0,0,0,0,0,0,0,0,0,0,0,0,0,0,0,0,0,1,0,0,0,0
5,77.3243969574067,721.838435390258,1.44139661450513,0.188990943692395,3,7,50.6091495734098,-0.767069085613967,3,76.4836597811917,17.7128276135856,36.5050291816891,18.6354099290585,13.8250564193636,41919.0643377862,281.973930707186,-0.0005558075650585,6.53403919959773,1991,0,0,0,0,0,0,0,0,0,0,1,0,1,0,0,0,1,0,0,0,0,0,0,0,0,0,0,0,0,0,0,0,0,0,0,0,0,0,0,0,0,0,0,0,0,0
8,44.8872296200132,72.5864558761095,1.44356080961222,0.15630214462006,2,23,52.3792618634417,-4.39939425951207,10,76.3607104614925,17.7350892866066,36.4760346787096,18.642066665185,13.7950615957187,3063489.17753662,279.161778630036,-6.03032773702627e-05,1.8702604633159,1986,0,1,0,0,0,0,0,0,0,0,1,0,1,0,0,0,0,0,0,0,0,0,0,0,0,0,0,0,0,0,0,0,0,0,0,1,0,0,0,0,0,0,0,0,0,0
7,29.0875210330647,192.175732020264,1.04534978884154,0.145057444874839,7,16,50.2940624245754,-1.66114997751282,11,77.1436915602574,17.7498251026938,36.629052714719,18.6430197558046,10.4668157234369,282221.012951441,279.008982360647,-0.0001675897219527,1.73194398259831,1995,0,1,0,0,0,0,0,0,0,1,0,0,0,0,0,1,0,0,0,0,0,0,0,1,0,0,0,0,0,0,0,0,0,0,0,0,0,0,0,0,0,0,0,0,0,0
2,-73.6607671365121,1003.97788201155,0.954613321437225,0.190894764643452,9,14,52.5797023692703,-2.02386006935367,10,55.2323844797937,28.8624952472214,35.5179950927799,18.5942756378941,17.228134139402,4075307.22664789,287.56841996239,-0.0005944332254032,4.29195780966125,1994,0,0,0,0,0,1,0,0,0,0,0,0,0,1,0,0,0,0,0,0,0,0,0,0,0,0,0,0,0,0,0,0,0,1,0,0,0,0,0,0,0,0,0,0,0,0
1,-123.250898742899,1079.64100233296,1.44255724940197,0.158030933096983,26,19,54.3160322219547,-1.98667306412094,3,75.5403442468773,17.7592331309458,36.4930534226534,18.6326466501417,13.824253771077,6147370.82305002,281.270119456567,0.0016371719087689,7.40822785120462,1991,0,0,0,0,0,0,1,0,0,0,1,0,1,0,0,0,0,0,0,0,1,0,0,0,0,0,0,0,0,0,0,0,0,0,0,0,0,0,0,0,0,0,0,0,0,0
3,11.2506867308745,1386.47695921491,0.480362971356435,0.261045578129036,12,13,53.8039888981585,-2.32444436045158,10,19.3240337199648,68.1943091547875,24.0763882772421,18.6803187367864,33.13018652854,7309699.44205826,286.032272521171,0.0003408396324127,8.42983132198788,1996,0,0,0,1,0,0,0,0,1,0,0,1,0,0,0,0,0,0,0,0,0,0,0,1,0,0,0,0,0,0,0,0,0,0,0,0,0,0,0,0,0,0,0,0,0,0
1,-50.3384069434646,878.692448291727,1.26352571091377,0.135722432450533,20,10,49.6924364857607,-4.04940256255644,9,41.4759943932764,26.660064366702,34.731731336684,18.6406646338959,9.06637899764883,1247128.28282345,288.954091366489,0.0006608817221964,8.1964823206822,1997,0,0,0,0,1,0,0,0,0,1,0,0,1,0,0,0,0,0,0,0,0,0,0,0,0,0,0,0,0,0,0,0,0,0,0,0,1,0,0,0,0,0,0,0,0,0
4,127.128947784342,965.85622166741,1.44144707483911,0.238410840631079,6,16,53.2777483636437,2.84748403413777,2,62.8881318856173,17.7384347462704,36.4760204845051,18.642884497992,13.7878251107151,2694542.46380484,280.420903601563,0.0008005933094137,8.89649220103019,1997,0,1,0,0,0,0,0,0,0,1,0,0,0,0,0,1,0,0,0,0,0,1,0,0,0,0,0,0,0,0,0,0,0,0,0,0,0,0,0,0,0,0,0,0,0,0
6,37.329519899168,291.069394810687,1.58460979818504,0.242320312577991,25,6,52.2042741872776,-1.78212348924309,4,65927.6606949048,21.2595221844133,35.4925261151397,20.9293192908527,-243.801880167594,14306793.070319,277.685612235509,-0.0570900596813492,2.72274740870055,1994,0,0,0,0,1,0,0,0,0,0,0,1,0,0,0,0,0,0,0,0,0,0,1,0,0,0,0,0,0,0,0,0,0,0,0,0,0,0,0,0,0,0,0,0,0,0
1,32.4427929084722,701.989244425196,1.44183965460981,0.287896465887088,30,21,52.831988748441,0.370000392752884,12,76.3093693042508,17.7354794338837,36.4806404884588,18.6476319047888,13.8086835008314,4505740.52569686,277.497856964477,-0.0101462915960279,3.76889523569054,1989,0,1,0,0,0,0,0,0,0,0,1,0,0,0,0,1,0,0,0,0,0,0,0,0,0,0,0,0,0,0,0,0,0,0,0,0,0,0,0,0,0,0,0,1,0,0
2,49.7437414546124,855.138247661224,1.44056881227766,0.185033744209564,15,13,52.3718819675051,0.48871695064718,7,76.5279271364808,17.7696010112509,36.4588981782242,18.6324372894143,13.8327723868004,3287884.20929507,290.292392697944,0.0039474650377192,7.76891910982294,1993,1,0,0,0,0,0,0,0,0,0,0,0,0,0,0,1,0,0,1,0,0,0,0,0,0,0,0,0,0,0,0,0,0,0,0,0,0,0,0,0,0,0,0,0,0,0
5,85.606508662952,1074.66388705676,1.08698994305533,0.12831648479967,26,20,54.114321852827,-0.698571505357093,5,101.915994337492,43.4303748565494,32.189515270707,18.639805409876,9.82232064532002,8708946.81185759,281.769382561903,0.0006434587685689,3.02203214703677,1996,0,1,0,0,0,0,0,0,1,0,0,0,0,0,1,0,0,0,0,0,0,0,0,0,0,0,0,0,0,0,0,0,0,0,0,0,0,0,0,0,0,0,0,1,0,0
5,36.0901518400885,471.525211670538,1.44116627756622,0.164647761848053,22,23,51.6990814258252,-1.59018810470069,5,76.3429054541311,17.7480728478757,36.4758142773066,18.6374783353596,13.8322773403904,8634165.34248116,285.183860535053,0.0013102208058668,5.77586272003705,1981,0,1,0,0,0,0,0,0,0,0,0,0,1,0,0,0,0,0,0,0,0,0,0,0,0,0,0,0,0,0,0,0,0,0,0,1,0,0,0,0,0,0,0,0,0,0
3,7.69187870296301,1948.46612999738,1.28136740727039,0.121320688429838,11,17,53.148650907452,-1.49222358679757,4,62.5377267124413,-17.7634309847568,33.5821535198521,20.2128639917476,14.5716128243661,1531047.07269055,277.793916361167,0.0016581269968879,6.48187956156121,2000,0,1,0,0,0,0,0,0,1,0,0,0,1,0,0,0,0,0,0,0,0,0,0,0,0,0,0,0,0,0,0,0,0,0,0,0,0,0,0,1,0,0,0,0,0,0
0,44.2356633081158,751.068010929695,1.44163520998723,0.177194557318297,19,21,51.3229965949853,-1.63951332873763,7,76.3151158988054,17.7480703660928,36.4768817093682,18.6436221441393,13.8094484943026,5009884.07634584,289.138736393981,0.0001526164213976,4.86241847611506,1982,0,1,0,0,0,0,0,0,1,0,0,0,1,0,0,0,0,0,0,0,0,0,0,0,1,0,0,0,0,0,0,0,0,0,0,0,0,0,0,0,0,0,0,0,0,0
9,137.652656040137,488.209347212873,0.258922118697059,0.163382687589309,10,21,53.2452952326074,-2.21250217050486,5,59.8116089583941,17.7419449901856,36.476458769556,18.6433331976278,16.5797158446765,4470145.67165379,290.675799765525,0.0001733988709983,1.43174174789296,1989,0,0,0,0,0,0,0,0,0,1,0,0,0,0,0,1,0,0,0,0,0,0,0,1,0,0,0,0,0,0,0,0,0,0,0,0,0,0,0,0,0,0,0,0,0,0
9,129.40260089926,431.753891026861,1.38510270914331,0.235634972381741,27,12,50.5653986716624,-0.893327387026786,1,-189.547633332288,17.7499188636336,36.0860719923309,18.6386838623717,13.8184432061497,534200.252192415,281.159813889826,0.0003231027311733,3.0464155296795,1997,0,0,0,0,0,1,0,0,1,0,0,0,0,0,0,1,0,0,0,0,0,0,1,0,0,0,0,0,0,0,0,0,0,0,0,0,0,0,0,0,0,0,0,0,0,0
8,66.130670730278,1235.72198251728,1.23620796382273,0.160194246762167,31,10,52.7915615126341,0.913180308352835,10,446.380823576057,22.2641375073594,36.5034902229856,18.6447719824308,16.2330857567721,4151164.30273492,282.351807604522,-0.0089177955736456,8.22600002012317,1990,0,0,0,1,0,0,0,0,1,0,0,0,0,0,0,1,0,0,0,0,1,0,0,0,0,0,0,0,0,0,0,0,0,0,0,0,0,0,0,0,0,0,0,0,0,0
7,118.224726990674,85.709927325335,1.44084860874581,0.242402211918261,26,5,51.6899421089382,-1.81516998472299,1,76.3227197224427,17.7520290022296,36.4415009474954,18.6408471425623,13.8353790586211,-35266.2639824851,270.608791804977,0.00095245532404,4.35388976749216,1990,0,0,0,0,0,1,0,0,0,0,1,0,1,0,0,0,0,0,0,0,0,0,0,0,0,0,0,0,0,0,0,0,0,0,0,0,0,0,0,0,0,0,0,0,1,0
1,135.859905140142,747.51004704933,0.22744691389449,0.160619698059331,19,3,50.878825831573,-1.45355310929003,5,35.0442044737138,45.286491408987,42.3367940650249,18.6386986853385,31.3489698194185,1429229.66091073,280.738343279569,0.002062205056544,7.32001392016204,1996,0,0,0,1,0,0,0,0,1,0,0,0,1,0,0,0,0,0,0,0,0,0,0,0,0,0,0,0,0,0,0,0,0,0,1,0,0,0,0,0,0,0,0,0,0,0
5,66.0516810018258,410.852155953798,1.44226009794965,0.189990791914854,15,21,53.0214627946301,-4.24283380494377,1,38.1262903563319,62.9318660068011,35.3098614080777,18.6434398298687,25.7500151220816,1531345.26014256,279.649469333123,-0.0005525918173448,7.61081383866204,1998,0,0,0,0,0,1,0,0,0,0,0,0,1,0,0,0,0,0,0,0,0,0,0,0,0,0,0,0,0,0,0,0,0,0,0,0,0,0,0,0,0,0,0,0,0,1
7,22.0761243072776,959.161564944463,0.507013992508124,0.263047392595814,17,1,50.9926614398917,-0.474438564567088,7,58.4297033035438,53.9237330836494,27.8332343409071,18.6415449542494,9.63242804520932,1533537.25428434,288.461101820095,0.0021137763607615,7.65666013628476,1998,0,0,0,1,0,0,0,0,0,0,1,0,1,0,0,0,0,0,0,0,0,0,0,1,0,0,0,0,0,0,0,0,0,0,0,0,0,0,0,0,0,0,0,0,0,0
9,70.3065758842975,1033.1164163327,0.945906452251015,0.222826993134165,30,6,52.5839388168923,-3.47972189357169,2,41.4462360554501,7.34115173877557,32.5328353910934,18.6658652318332,10.2727831149954,-81253.6852769562,277.298201591427,0.0005071276900173,8.87477667595111,1989,0,0,0,0,0,0,1,0,0,0,1,0,0,0,0,0,0,0,0,0,0,0,0,0,0,0,0,0,0,0,0,0,0,0,0,0,0,0,0,0,0,0,0,1,0,0
3,19.4011845750613,698.479384037162,1.4408352592559,0.131323319014072,21,3,52.9389544379184,-1.92924107399769,1,76.3153220465677,17.7450315904808,36.4639242154307,18.6433160708602,20.885383574771,1660082.9929464,279.721142094934,0.0010107612202808,6.85602783258608,1990,0,0,0,1,0,0,0,0,0,0,0,0,0,0,0,0,0,0,0,0,0,0,0,0,0,0,0,0,1,0,0,0,0,0,0,0,0,0,0,0,0,0,0,0,0,0
4,64.7133405423916,261.898623857324,1.53168471099856,0.206242286612954,24,6,52.2745085940415,1.0095659529003,9,79.167220918909,18.7758948319067,34.9303363373316,18.6377592369181,8.74318399209901,-25335.022621202,285.199575951014,0.0031156829169361,5.73454075601342,1999,0,0,1,0,0,0,0,0,1,0,0,0,0,0,0,1,0,0,0,0,0,0,0,0,0,0,0,0,0,0,0,0,0,0,0,0,0,0,0,0,0,0,0,0,0,0
0,61.6524057503538,797.283967927647,1.44187347688914,0.162601928509894,13,15,54.6074955255642,-0.287934710998711,6,76.3059345183624,17.7220938991645,36.4423607590392,18.6432845788344,13.8086625757368,3370983.52088528,288.436786942807,0.0002352446691719,2.58783424309301,1988,1,0,0,0,0,0,0,0,0,0,1,0,1,0,0,0,0,0,0,0,0,0,0,0,0,0,0,0,0,0,0,0,0,1,0,0,0,0,0,0,0,0,0,0,0,0
4,0.741970310367101,324.123071638567,0.585101425701871,0.176347924946298,7,22,53.6586247281986,-0.387596525632416,4,355.784195765233,19.3512222327236,36.4844665193502,18.1338912193276,13.5085400054045,14712252.6982401,280.694639966131,-0.0042458280593129,2.47329459232086,1998,0,1,0,0,0,0,0,0,0,0,1,0,1,0,0,0,0,0,0,0,1,0,0,0,0,0,0,0,0,0,0,0,0,0,0,0,0,0,0,0,0,0,0,0,0,0
9,41.911575371996,1394.01979210588,1.44211328171887,0.212914160456476,12,2,51.5547354376795,-0.972766002865215,12,76.2775859525505,17.7359828854915,36.4559542765499,18.6457830703225,13.814741861162,1751755.9277378,280.120898437391,-0.0014685820389239,12.7253414242735,1990,0,1,0,0,0,0,0,0,0,0,1,0,0,0,0,1,0,0,0,0,0,1,0,0,0,0,0,0,0,0,0,0,0,0,0,0,0,0,0,0,0,0,0,0,0,0
9,87.0128113995005,222.720217244983,1.44038135702016,0.265234423750346,7,19,53.1108540648933,-1.17798937231611,12,76.3088125893624,17.7483917691567,36.4790182511406,18.638632712239,13.8154575647204,929323.171903874,278.538036389013,-9.4247899527191e-05,3.01017795356421,1989,0,0,1,0,0,0,0,0,0,0,1,0,0,0,0,1,0,0,0,0,0,0,0,0,1,0,0,0,0,0,0,0,0,0,0,0,0,0,0,0,0,0,0,0,0,0
3,111.19430079097,1535.06063107142,1.44276246382346,0.163630840842892,18,12,50.9071773058513,-1.49495896823084,9,76.4801430244815,17.7523368164063,36.4522632479355,18.6403125815118,13.8035888283242,9415463.24496784,288.736614499467,-0.0006477423565121,1.77235249938047,1982,0,0,0,0,0,1,0,0,0,0,0,0,0,0,0,1,0,0,0,0,0,0,0,0,0,0,0,0,0,0,0,0,0,0,0,0,1,0,0,0,0,0,0,0,0,0
6,74.1779071983083,1929.73205309455,1.44141635249928,0.158068781862188,16,14,51.5671073409785,-0.166786011829978,9,76.3159372208795,17.74778455235,36.4875567436986,18.6397711949883,13.8028002387599,7805458.72300433,292.85648287178,-0.0014009159223202,14.2834286527079,1983,0,0,0,0,0,0,1,0,1,0,0,0,1,0,0,0,0,0,0,0,0,0,0,0,0,0,0,0,0,0,0,0,0,0,1,0,0,0,0,0,0,0,0,0,0,0
6,30.6965453181218,668.82097462581,1.44174033438967,0.209471175656835,16,7,52.5549680320779,-0.479433743733491,8,76.3103117770656,17.7632300603814,36.4839720416351,18.6459783761702,13.7921204940877,-5075.44927327597,284.301159252479,0.0007849013698762,4.90355289207296,1991,0,0,0,0,0,0,0,1,1,0,0,0,1,0,0,0,0,0,0,0,0,0,0,0,0,0,0,0,0,0,0,0,0,0,0,1,0,0,0,0,0,0,0,0,0,0
2,-23.3954497601262,807.021661402608,1.44047429013692,0.190388114601813,16,15,53.3849198032003,-2.64928309477536,11,92.6892857280054,17.7495712519674,36.4846754803062,18.6354649335976,13.8151019331708,3066414.76030858,284.929038456575,0.0001384796837287,5.76898524538043,1988,0,1,0,0,0,0,0,0,0,0,0,0,1,0,0,0,0,0,0,0,0,0,0,0,1,0,0,0,0,0,0,0,0,0,0,0,0,0,0,0,0,0,0,0,0,0
6,-50.315854330046,344.702698004397,1.076538392266,0.198138461588246,14,22,53.730098299391,0.0144310953198135,10,83.9870927573594,24.764710280616,33.1012417748882,18.6357582273264,10.6082911677495,9077534.09408865,281.770102532958,-0.003719198184479,5.10948390651738,1984,0,0,0,0,1,0,0,0,0,0,1,0,0,0,0,1,0,0,0,0,0,0,0,0,0,0,0,0,0,0,0,0,1,0,0,0,0,0,0,0,0,0,0,0,0,0
9,-32.7485202635936,1053.45968457492,3.0371264127377,0.118524074211288,7,18,52.8654019846253,-4.07582789413849,10,79.9478266675603,17.7417184320891,36.4764586511354,18.6410266855687,45.8997306907936,7686471.08983099,286.845247765743,-0.0026542902597932,7.07084754776442,1989,0,0,0,0,0,0,1,0,0,0,1,0,0,0,0,1,0,0,0,0,0,0,0,1,0,0,0,0,0,0,0,0,0,0,0,0,0,0,0,0,0,0,0,0,0,0
2,53.293600906449,317.263149677291,1.44251041687063,0.231239789575696,25,4,51.634250540569,-0.714946030765056,4,76.2521005562735,17.7450838938265,35.3517670119983,18.6265612696921,13.7862199759413,4.13340935854641,280.013381852776,0.0006098619970432,3.46086690099725,1999,0,0,0,0,0,0,0,1,0,0,1,0,0,0,0,1,0,0,0,0,0,0,0,0,0,0,0,0,0,0,0,0,0,0,0,0,0,0,0,0,0,0,0,0,0,1
0,133.902569102958,736.714902431802,2.15214935397086,0.165680516306056,13,15,53.1084244949465,-0.651529289782634,12,96.7276691539952,17.7358181922888,36.4835562011129,18.6457827971377,17.6686010434359,1557531.05466193,274.862809417338,-0.0001862890590693,4.21374241612876,1990,0,1,0,0,0,0,0,0,1,0,0,0,0,0,0,1,0,0,0,0,0,0,0,1,0,0,0,0,0,0,0,0,0,0,0,0,0,0,0,0,0,0,0,0,0,0
3,180.094478351589,458.112690756989,0.771216965807339,0.129208802027563,24,20,52.8841120315599,-0.955443415205411,9,30.275902459894,29.6688253079338,21.7140482438204,18.3552009292685,4.69147675655148,5495091.44886777,287.701667728703,-0.0039278018731732,1.94449184961615,2000,0,1,0,0,0,0,0,0,0,0,1,0,1,0,0,0,0,0,0,0,0,0,0,1,0,0,0,0,0,0,0,0,0,0,0,0,0,0,0,0,0,0,0,0,0,0
0,152.292344999112,886.184635976549,1.43984555031392,0.19220850202316,6,15,50.9682832683157,1.60247853911701,4,76.4895580661168,17.7713382948337,36.4774456389399,18.6490653394736,13.8125305301844,2877092.78414261,284.226673356375,0.0009312988437561,11.9884407125282,1988,0,0,0,0,0,0,0,0,0,1,0,0,0,0,0,1,0,0,0,0,0,0,0,0,0,0,0,0,1,0,0,0,0,0,0,0,0,0,0,0,0,0,0,0,0,0
5,134.332961081654,782.302385422885,1.44148654289709,0.211091495667815,19,22,53.6903082442147,1.26076720141338,6,76.2933200906157,17.7492365877513,36.4788682165563,18.6357133055288,13.8119089804979,7241230.63763903,288.477346508581,-0.0002640196390381,4.13810668025726,1997,0,0,0,1,0,0,0,0,0,0,1,0,1,0,0,0,0,0,0,0,0,1,0,0,0,0,0,0,0,0,0,0,0,0,0,0,0,0,0,0,0,0,0,0,0,0
2,-18.2899896030634,2222.75601309936,1.83968553890913,0.167049734371999,26,16,53.5307022959361,-2.93287702840664,8,71.9833863274171,17.7412508841807,36.4764592905378,18.6458636550995,34.8119553310887,8427244.01183826,292.517261568452,0.0001682332570822,5.69805191172106,1989,0,0,0,0,0,0,0,1,1,0,0,0,0,0,0,1,0,0,0,0,0,0,0,1,0,0,0,0,0,0,0,0,0,0,0,0,0,0,0,0,0,0,0,0,0,0
8,29.3983243609898,954.771646278957,1.44163409713145,0.186242508686927,11,23,54.0101749397872,-2.62174425767216,11,76.4195944859533,17.7404398981911,36.5191801320344,18.6406690658451,13.7680967969219,3260506.01079259,278.674190017057,0.0001023096440726,8.28949679643109,1985,0,1,0,0,0,0,0,0,0,0,0,0,0,0,0,1,0,0,0,0,0,0,0,0,0,0,0,0,0,0,0,0,0,0,0,0,0,0,0,0,0,1,0,0,0,0
3,107.468517862979,543.734033481048,1.58310404274768,0.181331899155994,26,20,51.8839908125839,-2.05036773295638,1,94.3839129081383,18.3709556301715,35.9832651738093,18.6498544048121,18.5123366526232,-634827.864889399,278.71529254597,0.0020244993293271,5.42066881913925,1989,0,1,0,0,0,0,0,0,0,0,1,0,0,0,1,0,0,0,0,0,0,0,0,0,0,0,0,0,0,0,0,0,0,0,0,0,0,0,0,0,0,0,1,0,0,0
3,136.87399972464,1524.09483632421,1.86076899634364,0.126748118831982,2,13,51.5172073709288,-1.22741482149352,3,67.1285079661089,11.8306649032757,33.4881360380019,18.6429140505739,-4.10581769587501,5863269.73019804,285.106388307968,-0.000473292640529,9.73817153269736,1983,0,0,0,0,0,0,0,0,0,1,0,0,0,0,0,0,0,0,0,0,0,0,0,0,0,0,0,0,0,0,0,0,0,0,0,0,0,0,0,0,0,0,1,0,0,0
2,88.7956382375567,340.452177148731,1.4412829124196,0.202636887217535,4,2,52.6736597935994,-0.910708189279388,3,76.3365523169322,17.7177259591638,36.4631004017777,18.6347683603457,13.8050025081309,2581883.39893863,273.445820334591,0.0012822440510683,3.43401061679013,1981,0,0,0,0,1,0,0,0,0,0,1,0,1,0,0,0,0,0,0,0,0,1,0,0,0,0,0,0,0,0,0,0,0,0,0,0,0,0,0,0,0,0,0,0,0,0
2,35.9891464711534,854.660312242918,1.43397958727074,0.139931736963482,3,14,52.697274806982,-1.32916800036474,1,76.4002453331039,17.7586980782374,36.4145198882449,18.6405907670689,13.8097655602632,1494223.98123354,279.518912215339,3.00901837654219e-05,8.20387409885582,1996,1,0,0,0,0,0,0,0,1,0,0,0,0,0,0,1,0,0,0,0,0,0,1,0,0,0,0,0,0,0,0,0,0,0,0,0,0,0,0,0,0,0,0,0,0,0
3,220.435612306208,193.785652538821,1.46533163403445,0.180700199699329,23,7,53.3446626797535,-0.738792955053934,4,89.8070408640022,-2.60727576733551,45.5193064318753,18.6123345785817,23.7614736297394,179457.101344307,282.354395945638,-0.0003446906248103,4.81808340179476,1999,0,0,0,0,0,0,0,1,0,1,0,0,0,0,0,1,0,0,0,0,0,0,0,0,1,0,0,0,0,0,0,0,0,0,0,0,0,0,0,0,0,0,0,0,0,0
5,68.3301692562278,490.292628814762,1.4423499165809,0.122014759512551,21,10,52.1997505393502,-1.05519795727637,10,63.2087983934245,41.1399259939825,36.4861741878634,18.6353367555045,9.42771877687736,1592637.53168731,282.201666941911,-0.0038424545046912,3.26208037653048,1989,0,0,0,1,0,0,0,0,1,0,0,0,0,0,0,0,0,0,0,0,0,0,0,0,0,0,0,0,0,0,0,0,0,0,0,1,0,0,0,0,0,0,0,0,0,0
0,77.032922200371,381.819799219459,1.37615588077867,0.142069324420205,22,7,52.1593417464013,-3.33408032571137,12,76.3154445681732,17.7712759232502,38.4177447687813,18.6396439494239,13.8250052418345,170298.52661223,277.637843713557,-0.0077066384163247,3.41454680050618,1994,0,1,0,0,0,0,0,0,1,0,0,0,0,0,1,0,0,0,0,0,0,0,0,0,0,0,0,1,0,0,0,0,0,0,0,0,0,0,0,0,0,0,0,0,0,0
6,148.55612821894,1522.06959736161,0.722520135592602,0.186878696489257,20,23,51.767904666013,-1.10667616664792,2,-341.252800052361,47.9283574734676,36.4865802374084,18.6476708001141,21.7732454548943,1034311.71018631,283.64667503308,0.0030847233528145,12.7508315534541,1997,0,0,0,0,0,0,0,0,0,0,0,0,1,0,0,0,0,0,0,0,1,0,0,0,0,0,0,0,0,0,0,0,0,0,0,0,0,0,0,0,0,0,0,0,0,0
1,-0.469478180545352,665.284114170518,1.28647400704805,0.131893342939028,23,5,52.8638876969293,-0.451557951924922,1,23.1410641076222,29.5298595876186,35.8491169118183,18.6407434533555,11.610997460591,25478.8131233845,271.400412404342,-0.00055525328066,7.29057542281321,1996,1,0,0,0,0,0,0,0,1,0,0,0,0,0,0,0,0,0,0,1,0,0,0,0,0,0,0,0,0,0,0,0,0,0,0,0,0,0,0,0,0,0,0,0,0,0
6,86.9114984949666,562.90122756076,1.17373281961897,0.162639017927417,22,17,52.2144770497008,0.105718953246776,12,93.4758445638019,8.29583584934748,34.9819556914244,16.8894459481886,6.61977762850824,4314214.00301159,280.144667534812,-0.0004890741678434,7.10674595115251,1988,0,1,0,0,0,0,0,0,0,0,0,0,0,0,0,0,0,0,0,0,0,0,0,0,0,0,0,0,0,0,0,0,0,0,0,0,0,0,0,0,0,0,0,0,0,0
6,89.5753434218972,260.22281864087,2.40821726568629,0.252774286978438,16,22,52.3409736452174,-1.59048692949078,11,90.1549300520936,21.3088815369312,36.473049882763,18.6326519353707,30.4677742221634,-1165800.60146964,276.795382579587,0.0021550325290602,2.22745264081923,1991,0,0,0,0,0,0,1,0,0,0,1,0,1,0,0,0,0,0,0,0,0,0,0,1,0,0,0,0,0,0,0,0,0,0,0,0,0,0,0,0,0,0,0,0,0,0
5,64.056428018881,63.2560423318528,1.32069825830022,0.14114527740005,2,23,51.145903762257,1.01608674170509,8,113.935719351249,17.5254533321209,38.6867676316489,18.6394791501946,14.6391863880247,8703283.75180676,292.763319357665,0.000987306159664,5.09173087404068,1994,1,0,0,0,0,0,0,0,0,1,0,0,0,0,0,1,1,0,0,0,0,0,0,0,0,0,0,0,0,0,0,0,0,0,0,0,0,0,0,0,0,0,0,0,0,0
1,98.6882268018847,492.852195057128,1.44134534771964,0.219416681598831,24,1,50.781420388541,-1.43868396512093,1,76.3203114691767,17.7630958964198,36.4723359651423,18.6398664309069,13.796097130752,1763335.03356505,277.230588517843,0.0015180106337942,3.42719181285494,1991,0,0,0,0,1,0,0,0,0,0,1,0,0,0,0,1,0,0,0,0,0,0,0,0,0,0,0,0,0,1,0,0,0,0,0,0,0,0,0,0,0,0,0,0,0,0
5,54.9181955963921,643.176137856228,1.37320041339733,0.154132406971086,8,7,52.4087368070598,-2.67868115704878,12,81.6978884762543,17.7480180897736,36.4895838526539,18.6437984842205,17.5487296712277,-65468.692294815,278.987936268951,-0.0009549259402117,6.158661645434,1982,0,1,0,0,0,0,0,0,0,1,0,0,0,0,0,1,0,0,0,0,0,0,0,1,0,0,0,0,0,0,0,0,0,0,0,0,0,0,0,0,0,0,0,0,0,0
5,84.002659151034,993.642902465395,1.40311897204256,0.17708087324713,14,22,52.868182963063,-2.1658430082654,12,76.2705320676557,17.7535336278925,36.4721817901328,18.6426070593426,13.8117113872347,1645012.79045082,276.150363479735,0.0019929916467274,10.6474982891299,1998,0,0,0,0,0,1,0,0,1,0,0,0,0,0,0,1,0,0,0,0,0,0,0,0,0,0,0,0,0,0,0,0,0,0,0,0,0,0,0,0,0,0,1,0,0,0
7,278.77723361573,406.556342143869,1.44233452860051,0.153167587869075,4,4,50.7204585219639,-2.20548335561469,8,76.2645341722879,17.745858400077,36.4900768786621,18.6373068658769,13.7965693049193,29.7059757017126,284.383453360389,0.0003459667379159,4.36624803747311,1988,0,0,0,0,0,0,1,0,0,0,0,0,1,0,0,0,0,0,0,0,0,0,0,0,0,0,0,0,0,1,0,0,0,0,0,0,0,0,0,0,0,0,0,0,0,0
4,98.9223010948013,107.654765188704,1.44190514605677,0.149491967383634,18,21,53.1198093395028,-2.63352170863651,1,76.1685865351797,17.754618769306,36.4541308049625,18.6413539637914,13.8248893242208,4380468.36026283,274.050369447171,-0.0015790080160607,2.48601249376242,1981,0,0,0,1,0,0,0,0,1,0,0,0,0,0,0,1,0,0,1,0,0,0,0,0,0,0,0,0,0,0,0,0,0,0,0,0,0,0,0,0,0,0,0,0,0,0
6,-14.0096765465121,1329.47099429247,1.44239361750232,0.129454130439987,8,17,52.7565445826045,0.0784405443387264,4,76.312751117654,17.7657725794571,36.4574391805401,18.649029003654,13.8118131637122,4490897.92751341,279.288572850076,0.0003112047279703,5.54212785891349,1989,0,1,0,0,0,0,0,0,0,0,0,0,1,0,0,0,0,0,0,0,0,0,0,0,0,0,0,1,0,0,0,0,0,0,0,0,0,0,0,0,0,0,0,0,0,0
9,24.7902190193478,602.712930591756,1.71342002419112,0.221608053049351,3,22,55.1894785055837,-1.73155020683679,12,38.0153094632626,31.6608934631697,20.0634940879004,18.6997840415039,14.2035975016643,4027327.02143767,282.225155965744,-0.004272345082373,6.42392674135915,1997,0,0,0,0,0,0,0,1,0,0,1,0,0,1,0,0,0,0,0,0,0,0,0,0,0,0,0,0,0,0,0,0,0,0,0,0,0,1,0,0,0,0,0,0,0,0
5,-35.0732924623214,2130.39392260055,1.44154192141264,0.181264252420977,4,20,54.3066671513749,-1.23827297406579,1,76.3359148464157,17.7558951471872,36.478320108974,18.6416660191385,13.814016603812,-297934.673632993,284.132740959824,0.0033955981364272,18.3192338770454,1988,0,0,0,1,0,0,0,0,1,0,0,0,0,0,0,1,0,0,0,0,0,0,0,1,0,0,0,0,0,0,0,0,0,0,0,0,0,0,0,0,0,0,0,0,0,0
7,-10.1077339168192,551.208591121654,1.44297010308191,0.155921386253187,27,3,53.6182397647693,-0.617243028672748,9,76.402215756517,17.7621665311747,36.4649340109561,18.6369425684605,13.8153956932752,725267.07441257,286.095132309503,0.0011410607151828,5.63947742065628,1981,0,0,0,0,0,1,0,0,0,1,0,0,1,0,0,0,0,0,0,0,0,0,1,0,0,0,0,0,0,0,0,0,0,0,0,0,0,0,0,0,0,0,0,0,0,0
6,-122.810323889945,1348.63223801687,1.44214300568116,0.157644182580361,14,11,51.9391821090121,-2.43045180116791,8,76.5042779776251,17.7390305465015,36.4432014350076,18.6353384909774,13.8062240924438,8547426.74225796,290.644610828898,-0.0062531570964094,4.27524895219851,1990,0,0,0,0,1,0,0,0,0,1,0,0,1,0,0,0,0,0,0,0,0,0,0,0,0,1,0,0,0,0,0,0,0,0,0,0,0,0,0,0,0,0,0,0,0,0
4,168.481420627388,718.989126453829,1.44461941131019,0.138285690912047,26,9,52.142974843373,-2.4438054941238,8,76.2887405700336,17.7335074617075,36.524343547876,18.6428847356641,13.7970980112945,1970445.2766237,293.361907741844,0.0028805579594456,5.73516017377671,1997,0,1,0,0,0,0,0,0,0,1,0,0,0,0,0,1,0,0,0,0,0,0,0,0,0,0,0,0,0,0,0,1,0,0,0,0,0,0,0,0,0,0,0,0,0,0
8,38.8898527815062,-57.7874383235213,1.4426119772996,0.173250551772016,21,23,52.7399790131437,-1.52306159813535,10,76.3407206239095,67.3676467311108,36.4804014957755,18.6513453776954,13.7818841950932,5256866.33030028,276.195979935468,-0.0006495100938191,2.39704862435166,1992,0,0,0,0,0,0,0,0,1,0,0,0,0,0,0,0,0,0,0,0,0,0,0,0,0,0,0,0,0,0,0,0,0,0,0,0,1,0,0,0,0,0,0,0,0,0
0,233.11036676583,27.2214581261677,1.44337401683585,0.126506347713302,3,3,51.0295619845875,-0.210898397306865,9,76.2909310689014,17.7790941226036,36.4375861005968,18.6361052167769,13.8352663579465,1167600.60372717,283.776349536781,0.0022744588841341,2.4484353688369,1991,0,1,0,0,0,0,0,0,0,1,0,0,1,0,0,0,0,0,0,0,0,0,0,0,0,0,0,0,0,0,0,0,0,0,0,0,0,0,0,0,0,1,0,0,0,0
0,143.936861254309,573.496214927455,1.27350705606632,0.147322799857215,21,11,51.8303723995684,-2.54035171784086,9,80.6922159619747,22.937248520619,35.6293333084833,18.6427368328667,22.4271196524205,4589965.35997981,289.20935941506,-0.0007706619284406,4.18730381013933,1994,0,0,0,0,0,0,0,1,0,0,0,0,0,0,0,0,0,0,0,0,0,0,0,1,0,0,0,0,0,0,0,0,0,0,0,0,0,0,0,0,0,0,0,0,0,0
0,-58.5407480340948,629.831672600479,1.27350702939383,0.151742330535862,7,7,52.6370961079084,-2.46876313856838,5,91.212919612049,24.0041148559452,35.6293326659961,18.6405086373607,22.4271195754215,98313.9546076796,281.74427194339,0.0002889198868822,5.97632894785036,1996,0,0,0,0,1,0,0,0,0,1,0,0,0,0,0,0,0,0,0,0,0,0,0,1,0,0,0,0,0,0,0,0,0,0,0,0,0,0,0,0,0,0,0,0,0,0
8,86.3362370213551,150.321567408014,1.44239364404169,0.117738997972566,4,5,53.4660928555338,0.19130911417042,9,76.312770397868,17.7644581672075,36.4574394904184,18.644893528582,13.8118139390434,-13135.7775628257,287.281614995491,0.0002364233746201,1.92721347119458,1989,1,0,0,0,0,0,0,0,0,1,0,0,1,0,0,0,0,0,0,0,0,0,0,0,0,0,0,1,0,0,0,0,0,0,0,0,0,0,0,0,0,0,0,0,0,0
3,-11.1870496994237,700.468366114971,0.329706507818103,0.216554445470809,7,23,53.1569944126724,0.430097776282171,11,34.5894236533348,19.7236541510751,30.870353220484,18.6482432598976,15.6033189183344,59808.9325077182,283.501546058328,0.0008725500222552,8.06673879984025,1998,1,0,0,0,0,0,0,0,0,1,0,0,1,0,0,0,0,0,0,0,0,0,0,1,0,0,0,0,0,0,0,0,0,0,0,0,0,0,0,0,0,0,0,0,0,0
6,50.0147231334305,60.648443846054,1.44237673737355,0.182636902872523,7,10,51.6534104290623,2.11052860312782,11,76.3449149730821,42.1964845894443,36.492210867042,18.6396192375438,13.8042194444178,1398438.73857497,284.421604705353,-0.0009436968908248,6.06055037916201,1992,0,0,0,0,0,0,0,1,1,0,0,0,0,0,0,0,0,0,0,0,0,0,1,0,0,0,0,0,0,0,0,0,0,0,0,0,0,0,0,0,0,0,0,0,0,0
9,2.77808458690497,337.81112230121,1.4409638890632,0.151128570009385,27,22,52.8208586002314,-1.2703091270341,6,76.3656279876153,17.7724369870568,36.4881313853283,18.6440388728136,13.8140137963618,3275608.04420318,283.259575296295,0.0018885899439524,4.29147509364849,1983,0,0,0,0,0,0,0,1,0,0,0,0,1,0,0,0,0,0,0,0,0,0,0,0,0,0,0,0,0,0,0,0,0,0,0,0,1,0,0,0,0,0,0,0,0,0
2,147.604741609675,90.8870058367176,1.44203923577424,0.208582799443959,1,23,51.3063177782383,-2.36988232909723,10,76.4920192256934,17.7594256159137,36.4799822281835,18.6351606663365,13.8131022639279,6194444.8171707,281.983410542011,-0.0016790503406734,3.81948276680217,1988,0,1,0,0,0,0,0,0,1,0,0,0,0,0,0,1,0,0,0,0,0,0,0,0,0,0,0,0,0,0,0,0,0,0,0,0,1,0,0,0,0,0,0,0,0,0
9,-5.72589311667171,467.110955676617,1.44055502155798,0.166305336934162,21,19,48.7637751113015,-0.814718168905325,12,76.3323755820474,17.7461965727891,36.4677780395242,18.6318940195073,13.8251984752577,2287447.50446669,279.405529040714,-0.0027379944854207,6.40696024225573,1993,0,0,0,0,1,0,0,0,0,1,0,0,1,0,0,0,0,0,0,0,0,0,0,0,0,0,0,0,0,0,0,0,0,0,0,0,0,0,0,0,0,0,0,0,0,1
5,132.094787434174,130.488303403014,1.02805932930461,0.0889995237582629,13,22,53.5116552204298,-0.422694301484905,8,41.6800588561967,-9.70192943988733,33.261819612608,18.6405701429285,22.1676214530847,5986044.18146427,285.09544225347,0.0026522093848727,-1.6605788188497,1997,0,0,0,0,0,1,0,0,0,0,0,0,1,0,0,0,0,0,0,0,0,0,0,1,0,0,0,0,0,0,0,0,0,0,0,0,0,0,0,0,0,0,0,0,0,0
1,248.218203146872,573.890277522493,1.44259327107081,0.196957620112322,18,18,53.1884279084835,-1.49413850841217,3,76.2164654813761,17.7367184375557,36.477852841037,18.6390240963195,13.8105342269225,-248897.018339734,274.887650401572,0.0002287513952404,3.11918945154913,1984,0,0,0,1,0,0,0,0,0,1,0,0,1,0,0,0,0,0,0,0,0,0,0,0,0,0,0,0,0,0,0,0,0,0,0,1,0,0,0,0,0,0,0,0,0,0
8,50.7763298941366,3175.678628964,1.44102040323829,0.114283449709949,25,17,51.2045531495624,-3.82158364666262,1,76.4337638104837,17.7638811510093,36.4694009132361,18.6404747993962,13.8039895915407,5352402.21221054,289.934810790711,-0.0042138438180173,31.355298409319,1993,0,0,0,0,0,0,1,0,0,1,0,0,1,0,0,0,0,0,0,0,0,0,1,0,0,0,0,0,0,0,0,0,0,0,0,0,0,0,0,0,0,0,0,0,0,0
9,121.133126991436,641.540926868255,1.43967229193872,0.15558544380437,28,17,53.3497277843708,-1.83673543756557,11,76.2995657453578,17.8152895632271,36.4999929959261,18.6434502629004,13.7792467541801,4591162.10249678,276.150007007663,-0.0002764608926661,3.49776351072002,1985,0,0,0,0,1,0,0,0,0,0,1,0,0,0,0,1,0,0,0,0,0,0,0,0,0,0,0,0,0,0,0,0,0,0,0,0,0,0,0,0,0,0,0,0,1,0
7,-14.8724491866597,800.926540938789,1.44199504961154,0.208331050407573,1,0,51.8098506872648,-0.759789440913866,3,-2541.92068179516,18.0863080070227,36.4841656050531,18.6455564605008,314306.006120508,-3121731733.48743,279.400443467568,2.08850986264716,5.63928452853103,1998,0,0,0,1,0,0,0,0,0,0,1,0,0,0,1,0,0,0,0,0,0,1,0,0,0,0,0,0,0,0,0,0,0,0,0,0,0,0,0,0,0,0,0,0,0,0
2,142.266180056344,400.884797690337,1.44029021000283,0.208112493325195,29,4,53.5689305953397,-2.30506508231471,6,76.3215950658844,17.7528546479844,36.4335562985301,18.6389356781332,13.7612087628648,11.3016667379364,282.190606882123,-5.58804797105616e-05,3.47603324688867,1990,0,0,0,0,0,0,0,1,0,0,1,0,0,0,0,1,0,0,0,0,0,0,0,0,0,0,0,0,0,0,0,0,0,0,0,0,0,0,0,0,0,0,0,0,1,0
1,183.463654559365,429.987143423972,0.626271561859274,0.223622426827557,19,14,54.0473159479617,-0.522927595690839,9,-2006.12132380827,40.3584377165268,29.6804995721652,18.6392606057474,12.1222654648866,-13026177.8405536,292.405683492338,0.0118528937025847,11.0066146728688,1999,0,0,1,0,0,0,0,0,1,0,0,0,1,0,0,0,0,0,0,0,0,0,0,0,0,1,0,0,0,0,0,0,0,0,0,0,0,0,0,0,0,0,0,0,0,0
3,70.4193115143877,667.462687145605,1.44179728180166,0.190127283056833,17,12,51.9799356746202,-3.25658886391016,2,76.2829048032564,17.7487963621754,36.4106682710105,18.6452754709029,13.8081191781809,-1171326.60267336,279.798547278521,0.0006557462179821,5.41228706550065,1993,0,0,0,0,0,1,0,0,0,1,0,0,1,0,0,0,0,0,0,0,0,0,0,0,0,0,1,0,0,0,0,0,0,0,0,0,0,0,0,0,0,0,0,0,0,0
4,171.913278924593,1244.8310713278,1.30356191916941,0.178677101560659,27,0,52.7878456663646,-1.92061065069884,2,15.195673822135,56.5776029604855,49.5670992332242,19.537248441042,7.98524581306886,271681.660673947,282.651339045409,0.0018387208980976,12.6577764254148,2000,0,1,0,0,0,0,0,0,0,1,0,0,0,0,0,0,0,0,0,0,0,0,0,0,0,0,0,0,0,0,0,0,0,0,0,1,0,0,0,0,0,0,0,0,0,0
6,10.0791536531539,259.357533899678,1.28557970668218,0.141976182554127,6,21,52.666473156336,-2.14376625500935,10,74.3552096050279,18.584465638744,30.2839321369606,21.6394174199487,12.6040584770668,5756286.64260906,282.736705273014,-0.0023964907536848,2.5757244785919,1996,0,1,0,0,0,0,0,0,0,1,0,0,0,1,0,0,0,0,0,0,0,0,0,0,0,0,0,0,0,0,0,0,0,0,0,0,0,0,1,0,0,0,0,0,0,0
9,8.7483177923544,1903.97103174444,1.44246745843167,0.240252754439149,25,8,51.0691472056813,-0.454764803859901,1,76.3005955724853,17.7670763257589,36.4480826487825,18.6429556447413,13.8023630267637,-1239731.36490528,282.589238551678,0.028166219167529,17.0926033419018,1993,0,0,0,1,0,0,0,0,0,0,1,0,1,0,0,0,0,0,0,0,0,0,0,0,0,0,0,0,0,1,0,0,0,0,0,0,0,0,0,0,0,0,0,0,0,0
0,98.3128881497467,681.852475947038,1.47553150980069,0.209489179874346,1,10,51.2947071278995,-0.941441027729031,1,76.3323840024334,17.7373271087215,36.4920820836756,18.6361085596202,13.8122209514392,54857.5225237427,274.44797919243,-0.0001204582300252,2.59235595205391,1982,1,0,0,0,0,0,0,0,0,0,1,0,1,0,0,0,0,0,0,0,0,0,0,1,0,0,0,0,0,0,0,0,0,0,0,0,0,0,0,0,0,0,0,0,0,0
2,33.980653731708,964.454051788084,1.4420295797137,0.129273947921474,5,20,50.9769073699968,0.688124876333987,6,46.7946926073411,17.7369972225415,36.464291837712,18.6499431985444,13.8041668140979,5405827.8242096,285.844181333635,0.0027872074439446,6.52837669558324,1991,1,0,0,0,0,0,0,0,1,0,0,0,1,0,0,0,0,0,0,0,0,0,0,0,0,0,0,0,0,0,0,0,0,0,0,0,0,0,0,0,0,0,0,1,0,0
4,208.08384490601,843.893632430061,1.44245896492001,0.200729806675997,9,12,52.1355236437139,-0.440773064447033,2,76.2834080612385,17.7683479001985,36.4925854013441,18.6495488817871,13.8209523109903,1511881.65311553,278.284361358521,-0.0013392966857722,6.69845735989207,1992,0,1,0,0,0,0,0,0,0,0,1,0,1,0,0,0,0,0,0,0,0,0,0,0,0,0,0,0,0,0,0,0,0,0,0,0,1,0,0,0,0,0,0,0,0,0
7,-52.1041867347471,383.139375517634,1.30356184999336,0.255747381752229,25,21,53.1312650619022,0.0966190069544419,5,13.621640206458,55.7623501001541,27.4655445235825,18.6547597515642,12.9961283747003,1981892.02517471,284.962656741753,0.0047437906844759,6.43137661140865,2000,0,0,0,0,0,0,0,1,0,0,1,0,0,0,0,0,0,0,0,0,0,0,0,0,0,0,0,0,0,0,0,0,0,0,0,1,0,0,0,0,0,0,0,0,0,0
5,66.6898230377049,673.939809037425,0.679649085610539,0.150995093883658,4,0,52.526165820102,-2.75778683565847,2,47.5194270649078,17.7296349409071,33.220911199458,25.6625792015393,13.7931779308612,2390089.07982322,276.865382514202,0.0033047874340088,5.23479127722181,2000,0,1,0,0,0,0,0,0,1,0,0,0,0,0,0,1,0,0,0,1,0,0,0,0,0,0,0,0,0,0,0,0,0,0,0,0,0,0,0,0,0,0,0,0,0,0
1,74.8417789444247,-118.548748618464,1.44233601392092,0.185753098618223,19,5,54.0617833962252,0.790981388176299,11,76.3538589062361,17.7454397535042,36.4941833324308,18.6458264278499,13.7976933439768,135032.998339023,280.368428900681,-0.0007423780860765,1.87313753781607,1989,0,0,0,0,0,0,0,1,0,1,0,0,0,0,0,1,0,0,0,0,0,0,0,0,0,0,0,0,0,0,0,0,0,0,0,1,0,0,0,0,0,0,0,0,0,0
5,159.607604375155,216.343333260958,1.28589363955695,0.110497469819287,3,4,54.5119681812024,0.929004853119734,7,31.366480602886,17.7297722446785,33.2209097285324,23.0465239599925,13.7931781051027,-12.8270624843229,283.434652014169,-0.0001803340588746,2.11196485455982,2000,0,1,0,0,0,0,0,0,0,1,0,0,0,0,0,1,0,0,0,1,0,0,0,0,0,0,0,0,0,0,0,0,0,0,0,0,0,0,0,0,0,0,0,0,0,0
7,53.9395078134837,645.027821483548,1.43973494847812,0.12430046153033,21,5,52.7995176647887,-1.351550193463,6,76.3246172994331,17.7458052437428,36.4886992935209,18.6482432170079,13.8338106985029,27645.6684930986,282.674648077413,0.0006672006182662,4.97431286102761,1998,1,0,0,0,0,0,0,0,0,1,0,0,1,0,0,0,1,0,0,0,0,0,0,0,0,0,0,0,0,0,0,0,0,0,0,0,0,0,0,0,0,0,0,0,0,0
4,131.153870736948,1090.10631088133,1.44233385329395,0.0987827922682649,11,2,52.5593608691864,-2.06239688425458,4,76.2776913423092,17.7898841219238,36.4683006360521,18.6378571190368,13.8067974205792,3124955.94330143,281.88553828559,0.0039686311689426,9.3297378570319,1983,0,1,0,0,0,0,0,0,0,0,1,0,1,0,0,0,0,0,0,0,0,0,1,0,0,0,0,0,0,0,0,0,0,0,0,0,0,0,0,0,0,0,0,0,0,0
0,202.441931650227,-342.786339792242,1.44269636696372,0.156298898483362,12,20,51.3740541616064,0.0723423617207171,1,76.4062243839056,17.7397551151349,36.4917548218706,18.6355507247206,13.8226378243035,-3554408.26987995,266.2902538774,0.0045046824830528,2.4798568285608,1982,0,0,0,0,0,0,0,1,0,0,0,0,1,0,0,0,0,0,0,0,0,0,0,0,0,0,0,0,0,0,0,0,0,1,0,0,0,0,0,0,0,0,0,0,0,0
1,170.365369459747,285.105745082202,1.44093523521713,0.213325709912661,12,6,51.5104280314389,-2.31389765744157,5,76.5843511190639,17.7558291515326,36.4717771466325,18.6398062460233,13.8221454529127,46353.1753673284,285.091848917094,0.0022532525908892,3.01829606587758,1993,0,1,0,0,0,0,0,0,0,0,0,0,0,0,0,1,0,0,0,0,0,0,1,0,0,0,0,0,0,0,0,0,0,0,0,0,0,0,0,0,0,0,0,0,0,0
0,-36.8821080206623,778.205525112178,0.789069236726082,0.114473217136443,27,17,54.2229199236068,-1.52629997903158,5,6.30002593145551,57.7150892757247,15.4962853695741,15.239546878155,34.819091655809,4569102.31575455,286.759325397113,0.000740101077173,1.81737042504749,1998,0,1,0,0,0,0,0,0,1,0,0,0,1,0,0,0,0,0,0,0,0,0,0,0,0,0,0,1,0,0,0,0,0,0,0,0,0,0,0,0,0,0,0,0,0,0
9,-8.3525307726261,589.783586502933,1.44234985941006,0.149397715790604,4,10,52.8730060678695,-2.17493215448401,8,68.2819293047753,84.2938966917126,36.4861765544565,18.6467430833124,12.0463288938801,3107795.14481464,289.97250516713,-0.0015215968211879,3.13470531517332,1989,0,0,0,0,0,0,0,0,0,0,0,0,0,0,0,0,0,0,0,0,0,0,0,0,0,0,0,0,0,0,0,0,0,0,0,1,0,0,0,0,0,0,0,0,0,0
1,228.59461774688,417.50217234921,1.44199283207835,0.170647219033047,16,10,52.3759157245455,-0.303502801975368,1,76.3877036274397,17.7906760711586,36.4926219992917,18.6376335035402,13.8345234392183,77593.3214183759,273.00789320919,0.0003953151787372,7.28028614256473,1987,0,0,0,0,0,0,1,0,0,0,1,0,0,0,0,1,0,0,0,1,0,0,0,0,0,0,0,0,0,0,0,0,0,0,0,0,0,0,0,0,0,0,0,0,0,0
7,86.5279927159159,221.406187387128,1.44255127811136,0.193068650090987,25,3,51.8666100156218,-0.107497605715097,3,76.295392271573,17.780526951478,36.4777782148821,18.6378576369072,13.7828430466826,868926.332626399,275.255103807508,0.0003446044656892,4.9212520168178,1983,0,1,0,0,0,0,0,0,0,0,0,0,1,0,0,0,0,0,0,0,0,0,0,0,0,0,0,1,0,0,0,0,0,0,0,0,0,0,0,0,0,0,0,0,0,0
9,94.1654978381548,24.1117558524147,1.13154662002575,0.329354985165847,28,0,51.7569525968722,0.719701309515783,12,70.9776289365533,13.3822257256993,34.5564884022476,18.654018124595,4.85401285461047,1415037.2540817,273.800781476008,-0.0001038401560592,2.47100890650402,1999,0,0,0,0,0,0,0,0,0,0,1,0,0,0,0,1,0,0,0,0,0,0,0,0,0,0,0,0,0,0,0,0,0,0,0,0,0,1,0,0,0,0,0,0,0,0
4,91.0749931281546,1126.76076569291,1.90729948754559,0.143074037980138,10,10,52.3337396040419,-2.89526179163696,6,74.9495030274113,17.7439117969293,36.5706330457581,18.6398064909556,28.5419763709664,2486413.22761552,286.502636477267,0.0013806794573094,2.67790820417423,1993,0,1,0,0,0,0,0,0,0,0,1,0,0,0,0,1,0,0,0,0,0,0,0,1,0,0,0,0,0,0,0,0,0,0,0,0,0,0,0,0,0,0,0,0,0,0
5,76.7356555905496,667.941165203398,1.44044450969069,0.14333080985371,18,7,52.1238381249756,-3.17443721955107,8,76.3228117207225,17.7405942816733,36.469457856645,18.6466893231843,13.8193265437023,-142498.58917632,288.554442061112,0.0006088304729906,6.39751698342812,1994,0,0,0,0,0,0,1,0,0,1,0,0,1,0,0,0,0,1,0,0,0,0,0,0,0,0,0,0,0,0,0,0,0,0,0,0,0,0,0,0,0,0,0,0,0,0
7,-11.8784087324538,628.050445030823,1.03762765011321,0.177946994390444,25,6,51.7269177941763,-2.63556170974173,10,66.5202773817767,2.31862157672645,33.5821522820636,18.6384965791635,14.9654880093814,30032.2071031306,284.146206508243,-0.0008214054709236,5.15218860232903,1983,0,0,0,1,0,0,0,0,0,0,1,0,1,0,0,0,0,0,0,0,0,0,0,0,0,0,0,0,0,0,0,0,0,0,0,0,0,0,0,1,0,0,0,0,0,0
1,165.061400643748,294.462109651537,1.44192867187342,0.13900117012983,21,1,52.1826077829453,-0.816145560507139,9,-0.0944452735269392,32.7044094676179,36.4725059918411,18.5999849597289,3.65515606092761,7967973.37815534,288.402264686657,-0.0009426788499436,5.19575619067449,1992,0,0,0,0,0,0,1,0,0,0,0,0,0,0,0,0,0,0,0,0,0,0,0,0,0,0,0,0,0,0,0,0,0,0,0,1,0,0,0,0,0,0,0,0,0,0
1,-32.3225947766501,769.148350328714,1.44131690306012,0.204454725934497,19,12,53.597929106268,-2.1459488311964,2,76.3635194324265,17.7188166250382,36.4720416648248,18.6361766503225,13.8371704468329,3429495.23704007,274.600560392392,0.0006238672836083,1.5240970525912,1982,1,0,0,0,0,0,0,0,0,0,1,0,1,0,0,0,0,0,0,0,0,0,0,0,0,0,0,0,0,0,0,0,0,0,0,0,0,0,0,0,0,0,1,0,0,0
2,69.4895777126558,-16.9620759293053,1.44096387127563,0.179207508600678,7,5,53.3426635092818,-1.25605424818954,7,76.3296239964622,17.7725155797508,36.4881307957433,18.6428299770023,13.814013566971,73871.0715853648,287.425678867,0.0005643541566143,1.25202261226617,1983,0,0,0,0,0,1,0,0,0,0,0,0,1,0,0,0,0,0,0,0,0,0,0,0,0,0,0,0,0,0,0,0,0,0,0,0,1,0,0,0,0,0,0,0,0,0
5,8.80956468552117,1089.05467655878,1.46107070202558,0.200045816949869,4,17,52.0662005428678,-0.77768756740822,2,76.3077327808063,17.7277403147403,36.4797941845437,18.6135859723816,13.8239513514691,2609654.36641416,287.072164581535,0.0017634249999644,13.5233397814703,1989,0,0,0,1,0,0,0,0,0,1,0,1,0,0,0,0,0,0,0,0,0,0,0,1,0,0,0,0,0,0,0,0,0,0,0,0,0,0,0,0,0,0,0,0,0,0
2,157.082253064539,292.431658219883,1.44076436533147,0.153101288617158,10,19,52.6434075253202,-2.08214273763175,1,76.4055912149975,17.7668535399836,36.4813869753941,18.6415764662504,13.8059945180631,1528221.57916849,275.389384776103,0.0002927657326015,1.39952534135057,1994,0,0,0,0,1,0,0,0,1,0,0,0,1,0,0,0,0,0,0,0,0,0,1,0,0,0,0,0,0,0,0,0,0,0,0,0,0,0,0,0,0,0,0,0,0,0
8,180.980935526659,496.420525087538,1.44161235068263,0.175713707485535,19,18,50.5971686516436,0.163982305511514,3,76.326082329209,17.757173095669,36.4624771392127,18.6385344560965,13.8075996895828,-267721.711144193,275.683946012609,0.0020538752663345,6.34864790326704,1995,0,0,0,0,0,0,1,0,0,1,0,0,1,0,0,0,0,0,0,0,0,0,0,0,0,0,0,0,0,0,0,0,0,0,0,0,1,0,0,0,0,0,0,0,0,0
4,51.0226856975532,443.241957702729,1.44272657671339,0.167981668143362,27,21,50.983934650763,-0.258612351542355,9,76.3670210665215,17.7097181361789,36.5132324658382,18.6438679325992,13.7940542860182,2587728.65592134,287.121438033657,0.0024055633698632,8.21595442528431,2000,0,0,0,0,0,0,0,0,0,0,1,0,0,0,0,1,0,0,0,0,0,1,0,0,0,0,0,0,0,0,0,0,0,0,0,0,0,0,0,0,0,0,0,0,0,0
8,82.7443284325786,132.099467564454,1.37295273591729,0.180411703504864,6,18,52.6559827927711,-1.70685720451072,11,76.3017718577074,17.7442527320637,36.3945450210008,18.6416116831076,13.8087746533097,299533.613483297,278.01262844043,0.001767001862211,5.02193815302957,1998,0,0,0,1,0,0,0,0,0,0,0,0,0,0,0,1,0,0,0,0,0,0,0,0,0,0,0,0,0,0,0,0,0,0,0,0,0,0,0,0,0,0,0,1,0,0
4,22.4015739766462,521.761583262001,1.44202483592375,0.125578632784004,25,12,56.6693175553707,-2.70469931500064,1,76.33704022398,17.7387322128423,36.4759427907221,18.640768247121,13.8033996293557,3348965.02241198,273.4190749817,-0.0028004393652912,4.57616274329451,1985,0,1,0,0,0,0,0,0,0,1,0,0,1,0,0,0,0,0,0,0,0,0,0,1,0,0,0,0,0,0,0,0,0,0,0,0,0,0,0,0,0,0,0,0,0,0
1,177.574188630866,535.695084043078,1.49072072843136,0.232407401092265,9,2,52.7670709423968,-3.62243323368775,2,76.3609600229038,17.747955606282,36.471954772,18.6362213704585,13.8616592125517,3903861.0774296,274.429556708107,-0.0023013424117761,5.19475806196843,1991,0,0,1,0,0,0,0,0,0,0,1,0,0,0,1,0,0,0,0,0,0,0,0,1,0,0,0,0,0,0,0,0,0,0,0,0,0,0,0,0,0,0,0,0,0,0
7,4.58889804840422,904.256829111707,1.33504471757689,0.159421737605959,15,12,52.3745309087194,-0.0108155428937975,10,105.421817791968,17.7561463603299,35.4539918307744,18.6416125974467,13.8128601740019,2554069.62378463,285.308566794048,6.05452689165231e-05,4.92960862342429,1998,0,0,0,1,0,0,0,0,0,0,0,0,0,0,0,1,0,0,0,0,0,0,1,0,0,0,0,0,0,0,0,0,0,0,0,0,0,0,0,0,0,0,0,0,0,0
0,74.6941493293093,708.478690864727,1.44194227104733,0.241507687113942,15,23,52.2250571009434,-0.58277575198599,4,76.3495200108324,20.8277785970339,36.523905989048,18.6427363845846,13.8219945041697,2581827.02819861,281.997928201028,0.0038884950622426,8.56869161061031,1994,0,0,0,0,0,0,0,1,0,0,0,0,0,0,0,0,0,0,0,0,0,0,0,0,0,0,0,0,0,0,0,1,0,0,0,0,0,0,0,0,0,0,0,0,0,0
5,18.3169130000437,678.210725075918,1.5499362451534,0.179498915941387,14,11,52.6668601311875,-0.500767443042692,11,64.9509976542853,15.2509210040205,36.5115975117351,18.7195658022891,13.3612957854509,1588843.47714807,283.826471090197,3.99839885547068e-05,4.53316726650272,1989,0,1,0,0,0,0,0,0,0,1,0,0,0,0,0,0,0,0,0,0,0,0,0,0,0,0,0,0,0,0,0,0,1,0,0,0,0,0,0,0,0,0,0,0,0,0
8,15.2687270263787,-130.681000410584,1.03869085377382,0.220230618060123,13,15,50.858104461491,-1.8327242646811,12,54.1288368126215,15.4522668589391,27.5199587394887,18.6489246546014,6.70581095078546,-1761914.95852879,279.746009810774,0.0029762001601841,0.634945958545807,1997,1,0,0,0,0,0,0,0,0,0,1,0,1,0,0,0,0,0,0,0,0,0,0,0,0,0,0,0,0,0,0,0,0,0,0,0,1,0,0,0,0,0,0,0,0,0
1,-32.3471631946044,2358.85899687054,1.40753251496499,0.162415391646531,27,13,52.7573511811392,-3.28009691748767,5,4.20769865820814,136.892520593615,45.6538088050052,18.6360247270352,-0.147721928353693,12511177.0101429,286.198444201527,-0.0007796203322133,4.94842589865697,1996,0,0,0,0,0,0,0,1,1,0,0,0,0,0,0,0,0,0,0,0,0,0,0,0,0,0,0,0,0,0,0,0,0,0,0,1,0,0,0,0,0,0,0,0,0,0
0,189.526697715412,677.663091829646,1.44125644569619,0.163931940190888,31,2,54.5054805285239,1.10934745732583,9,76.6153770565585,17.7672623441198,36.4943921097323,18.6409545839343,13.8067642813272,3512410.71012184,287.687809731035,0.0008780730842011,7.30047501584428,1983,0,0,0,0,1,0,0,0,0,0,0,0,0,0,0,1,0,0,0,0,0,0,0,0,0,0,0,0,0,0,0,0,0,0,0,0,1,0,0,0,0,0,0,0,0,0
0,50.4970329534201,268.929715425844,1.44341716694686,0.192067984434696,11,4,51.1930480193653,-0.353702480964658,10,76.2993776811423,17.7815437136136,36.4686187336365,18.6436951221693,13.7777927889085,-10.9035233538094,276.075729983339,0.0001868497320089,2.70331029869697,1994,0,0,0,1,0,0,0,0,0,0,0,0,1,0,0,0,0,0,0,0,0,0,0,0,0,0,0,0,0,0,0,0,0,0,0,1,0,0,0,0,0,0,0,0,0,0
1,-111.248846084475,539.040546290545,1.04130650818317,0.238197127846743,21,13,50.0361071847744,0.241399838976419,1,83.0009210385038,17.7449512430312,32.0628724628817,18.6467488606895,16.6397470477352,-78768.7149844145,275.975127613977,-0.0003760091459026,5.80117942837012,1996,0,0,0,0,0,0,0,0,0,0,1,0,0,0,0,1,0,0,0,0,0,0,0,1,0,0,0,0,0,0,0,0,0,0,0,0,0,0,0,0,0,0,0,0,0,0
6,120.951972267451,2298.56448627007,0.962780047406533,0.236737922996862,12,16,53.4393649399188,0.373992294029741,3,48.9388472799258,78.5150078518567,34.861200777962,18.6405704506544,19.235376643014,7105483.39847437,281.41276769926,0.0003261141489158,5.3867680639364,1997,0,0,0,0,0,1,0,0,0,1,0,0,1,0,0,0,0,0,0,0,0,0,0,1,0,0,0,0,0,0,0,0,0,0,0,0,0,0,0,0,0,0,0,0,0,0
6,240.612424195285,725.992978405605,1.44151514002081,0.182730610659322,20,19,51.5169195538105,0.351191024647047,11,76.3038820924968,17.7361962107615,36.4758046344898,18.6437979801733,13.8168387335707,334876.861549503,279.740810085189,0.0023594167673723,5.8633352626696,1982,0,1,0,0,0,0,0,0,0,0,0,0,0,0,0,1,0,0,0,0,0,0,0,0,1,0,0,0,0,0,0,0,0,0,0,0,0,0,0,0,0,0,0,0,0,0
8,190.407163968284,751.845221579142,1.27350697378402,0.184606669098955,20,22,52.3492739769894,-1.31413903701285,7,76.7452948782899,26.3147751865182,35.6293320910402,18.6350549292358,22.427120002405,7912309.65946608,287.336658863526,0.0034818124962048,5.94724128719847,1981,0,0,0,0,1,0,0,0,0,0,1,0,0,0,0,0,0,0,0,0,0,0,0,1,0,0,0,0,0,0,0,0,0,0,0,0,0,0,0,0,0,0,0,0,0,0
2,16.5097538312405,1212.74933394265,1.44163846597564,0.196896865992161,1,12,52.2881134471892,0.629821362815116,3,76.2968991882373,17.7120952623529,36.4510696543697,18.6401914016185,13.8203855515451,3889975.18982116,278.004588452547,0.001461676437212,5.86243623498433,1981,0,0,0,0,0,0,1,0,0,0,0,0,0,0,0,1,0,0,0,0,0,0,0,0,1,0,0,0,0,0,0,0,0,0,0,0,0,0,0,0,0,0,0,0,0,0
8,-164.12770011609,712.171577421674,1.31740474962113,0.184061972604323,26,12,52.8116952131922,-3.38871455371625,8,467658.447505898,28.4740202456948,38.3790403910274,18.6361462008962,170379.732986783,2242822033.04811,289.459106087385,-1.78350462097865,5.09887201183201,1996,0,0,0,1,0,0,0,0,0,0,0,0,0,0,1,0,0,0,0,0,0,0,0,0,1,0,0,0,0,0,0,0,0,0,0,0,0,0,0,0,0,0,0,0,0,0
2,-33.2746887154029,1373.28133214307,-0.138380925313041,0.142568034825927,7,13,52.6078048645328,-1.21375947869237,4,38.3468821755978,18.5113791314885,44.289194200529,18.6391219922063,4.9822532701975,7579003.0473134,284.474557522137,0.0008035702158178,3.95923148703934,2000,1,0,0,0,0,0,0,0,1,0,0,0,0,0,0,1,0,0,0,0,0,0,0,1,0,0,0,0,0,0,0,0,0,0,0,0,0,0,0,0,0,0,0,0,0,0
6,36.4299658259912,739.381541882465,1.39674412324225,0.185076917674505,4,1,52.5227540968784,0.275695776495752,2,76.3026962704579,17.7363252606291,37.4422512088843,18.6418961210338,13.8236195468398,3879711.08898475,287.326544034116,0.0006542071021785,10.0308358934971,1997,0,0,0,0,0,0,0,1,0,0,1,0,0,0,0,1,0,0,0,0,0,0,0,0,0,0,0,0,0,0,0,0,0,0,0,0,0,0,0,0,0,0,0,1,0,0
9,-100.446472700641,1153.90270027913,0.55686640620653,0.20805021598,19,15,53.5358641068098,-0.946564656336659,3,30.6492845059337,48.1202993151733,32.1982500185257,18.6415450123494,2.51583010002756,1807256.80396473,280.924727555216,-0.0004836268243045,4.71189963391762,1998,0,0,0,1,0,0,0,0,0,1,0,0,1,0,0,0,0,0,0,0,0,0,0,0,0,0,0,0,0,0,0,0,0,0,1,0,0,0,0,0,0,0,0,0,0,0
8,74.0457693315927,331.180003714832,1.44149770578599,0.191012212379857,10,23,53.1873272786073,-2.48732719299557,7,76.3135374236971,39.1475373052932,36.4617499382981,18.6408682663467,13.80645131255,4736590.70236915,282.892922582679,0.0021737219660048,3.03362625403344,1981,0,0,0,1,0,0,0,0,0,1,0,0,0,0,0,0,0,0,0,0,0,1,0,0,0,0,0,0,0,0,0,0,0,0,0,0,0,0,0,0,0,0,0,0,0,0
3,132.391864674738,514.292695392053,1.4374433445728,0.221736768862035,19,7,50.1661134263983,-1.63857465662895,11,-3.27220805080342,17.7711394465565,36.4418505374008,18.6411782432497,13.8185280332409,32509.685728989,278.967706713797,0.0009377522448244,3.54658798274522,1998,0,0,0,1,0,0,0,0,1,0,0,0,0,0,0,0,0,0,1,0,0,0,0,0,0,0,0,0,0,0,0,0,0,0,0,0,0,0,0,0,0,0,0,0,0,0
5,86.4900492989067,601.855695801097,1.44220132525561,0.194868081310516,19,9,50.4802598883404,-2.64719593927399,3,76.3170514292096,17.7229660315393,36.4574610460476,18.6445088003692,13.8062097387992,1509459.23199799,280.829174684027,0.000561185299078,2.39520720108152,1990,0,1,0,0,0,0,0,0,0,0,0,0,1,0,0,0,0,0,0,0,0,1,0,0,0,0,0,0,0,0,0,0,0,0,0,0,0,0,0,0,0,0,0,0,0,0
8,127.405640832084,175.140043211224,1.48036604458847,0.163591854061773,1,16,50.015064389241,-0.899264876455464,12,87.4741792632455,17.7400807222543,36.5289313195536,18.6384488777696,14.2274551640601,-917920.49564922,278.079661868781,0.0002980737270063,2.97216863926707,1996,0,0,0,0,0,0,1,0,1,0,0,0,0,0,0,1,0,0,0,0,0,0,0,0,0,0,0,0,0,0,0,0,0,0,0,1,0,0,0,0,0,0,0,0,0,0
2,46.8929184206167,-47.2421496228063,0.273118324009172,0.116839287660917,22,3,53.9978592116653,-1.77594131231108,8,26.2298254522053,3.9493755406915,25.7881580627371,18.6477884025878,4.28256009515843,1690612.62598266,285.651789649411,0.001150560654259,2.90302969352295,1999,0,0,0,0,0,0,1,0,0,1,0,0,1,0,0,0,0,0,0,0,0,0,0,0,0,0,0,0,0,0,0,0,0,0,0,0,1,0,0,0,0,0,0,0,0,0
3,157.571584053373,486.544876491475,1.11924920463034,0.153318419920799,18,5,50.8355693735736,-1.50908510613929,3,63.3287130736288,21.398959051816,36.4821649889174,18.6445092716787,14.0077988597194,87531.7779801225,283.217594987103,0.0005782428007245,4.87601016399054,1990,0,1,0,0,0,0,0,0,1,0,0,0,1,0,0,0,0,0,0,0,0,0,0,1,0,0,0,0,0,0,0,0,0,0,0,0,0,0,0,0,0,0,0,0,0,0
6,82.8862404549337,762.197692309915,1.28136742880596,0.153385372665039,1,5,52.3644821342437,-2.04690907397848,10,66.7331845147825,0.2783912501218,33.5821543630633,18.6361058404172,14.5716127994754,42271.3313944634,285.430378410404,4.54883543559836e-05,9.36396906144728,1991,0,1,0,0,0,0,0,0,0,0,0,0,1,0,0,0,0,0,0,0,0,0,0,0,0,0,0,0,0,0,0,0,0,0,0,0,0,0,0,1,0,0,0,0,0,0
1,188.298500660272,739.466925112056,1.58460978730981,0.140112729447715,20,19,53.898991651275,-1.88358821666912,10,65840.4937464538,12.6223036791134,35.4925245431949,18.6119829861018,-232.808970039089,842066317.778654,285.046206240387,-0.33655598713957,6.5762751692663,1999,1,0,0,0,0,0,0,0,0,0,0,1,0,0,0,0,0,0,0,0,0,0,1,0,0,0,0,0,0,0,0,0,0,0,0,0,0,0,0,0,0,0,0,0,0,0
2,224.160676662653,328.946553125449,1.4432256242342,0.242932696302384,12,19,51.5135336138498,-1.28919147004819,11,76.2097090799934,17.7569622870576,36.4824974412337,18.6440343397963,13.8547302103077,3217834.06385211,282.500345600602,-0.0011476706210562,5.61335008917277,1983,0,0,0,0,0,0,0,1,0,1,0,0,1,0,0,0,0,0,0,0,0,0,0,0,0,0,0,0,0,1,0,0,0,0,0,0,0,0,0,0,0,0,0,0,0,0
4,187.493076317261,413.572075341759,1.44233455591157,0.203982416806737,2,3,53.6919356643876,-2.23131841243174,7,76.2645338200011,17.7458489199711,36.4900761083172,18.6470712762983,13.7965691324186,-1427811.62290934,283.880462797365,0.00304244427997,4.57752207892773,1988,0,0,0,0,0,0,0,0,1,0,0,0,1,0,0,0,0,0,0,0,0,0,0,0,0,0,0,0,0,1,0,0,0,0,0,0,0,0,0,0,0,0,0,0,0,0
6,93.2616570768253,570.153985361192,1.92156947618429,0.0790900797223681,27,8,51.676651331345,0.86707948521906,8,57.425788995847,37.6668802444023,34.8243079677771,18.6438680812781,5.57050829442511,851524.548973367,287.742687613636,0.0013750880888439,3.23638418747902,2000,0,0,0,0,0,0,0,0,0,0,1,0,0,0,0,1,0,0,0,0,0,0,0,0,0,0,0,0,0,0,0,0,0,0,0,0,1,0,0,0,0,0,0,0,0,0
4,-32.2405886049334,1515.41607926142,1.37643923965988,0.162076051587121,27,10,51.7569610294852,-0.367039447694372,6,76.2128940709393,17.7293080257569,36.1656750990693,18.6398287483628,13.7945361977376,3913901.47567401,291.391001190328,-0.0024227134611481,10.1184698526546,1998,0,0,0,0,0,0,1,0,0,1,0,0,0,0,0,1,0,0,0,0,0,0,0,0,0,0,0,0,0,0,0,0,0,0,0,0,0,0,0,0,0,1,0,0,0,0
7,-22.8856175376535,405.76841121197,1.67208844199642,0.150425012015229,2,8,52.1176928291115,0.289338691993678,6,86.4318657174669,17.749817368646,36.6290538638418,18.6359204946679,24.8355704724203,290951.315573661,285.053538193247,0.0008667868036957,2.05523616459961,1995,0,0,0,0,0,0,1,0,0,0,0,0,0,0,0,1,0,0,0,0,0,0,0,1,0,0,0,0,0,0,0,0,0,0,0,0,0,0,0,0,0,0,0,0,0,0
6,114.569839226375,610.595706650814,1.44260911325687,0.188342831573913,7,8,52.9224425440402,-1.11501484619116,4,76.4368747006153,17.7406651840626,36.4704406192645,18.6375904876521,13.802470893342,358778.044918872,279.309686582901,0.0006424852899033,4.21081019421021,1982,0,0,0,1,0,0,0,0,1,0,0,0,1,0,0,0,0,0,0,0,0,0,1,0,0,0,0,0,0,0,0,0,0,0,0,0,0,0,0,0,0,0,0,0,0,0
6,91.478157915619,1031.18491760914,0.841181846176417,0.228348054875026,12,18,50.8517306692858,-0.704443671731496,1,27.8158663015263,46.8319786376051,21.2949653485403,18.6447600179172,23.5540348687674,-45561.8883629859,283.171510958547,0.0026409580619745,11.0245630003314,1995,0,0,0,0,0,1,0,0,0,0,0,0,1,0,0,0,0,0,0,0,0,0,0,0,0,0,0,0,0,0,0,0,0,0,0,0,0,0,0,0,0,0,0,1,0,0
9,170.992429622298,-304.25952361244,1.44269981242739,0.162905830125359,31,3,51.4321692179594,-1.35184261802331,6,76.3874503233183,17.7546657103443,36.4776206902895,18.6354652273176,13.8075092074378,3024913.97659392,282.653836119607,0.0003374353838837,-1.95576273165393,1988,0,1,0,0,0,0,0,0,0,1,0,0,1,0,0,0,0,0,0,0,0,0,1,0,0,0,0,0,0,0,0,0,0,0,0,0,0,0,0,0,0,0,0,0,0,0
7,117.626746997898,492.265396337658,1.44158547933521,0.262739857326446,1,8,50.1440726870821,-2.43938188874806,12,76.3556813842322,17.7501941090442,36.4793059941355,18.6509072820188,13.7964900097414,402234.494656852,280.206440782701,-0.009195044004287,3.94177185807948,1999,0,0,0,0,0,0,0,0,0,0,1,0,1,0,0,0,0,0,0,0,0,0,0,0,0,0,0,0,0,1,0,0,0,0,0,0,0,0,0,0,0,0,0,0,0,0
9,-53.075760479493,-56.301888844239,1.4432739773992,0.132790066130668,19,4,54.7969631672178,-0.70586414352817,11,76.3536858548586,17.7348932241183,36.4765612969028,18.646689937846,13.843027315933,-11.8129504983914,273.69640711048,-0.0006648091709693,1.92374290866708,1984,0,0,0,0,0,0,1,0,0,0,1,0,0,0,0,1,0,0,0,0,0,1,0,0,0,0,0,0,0,0,0,0,0,0,0,0,0,0,0,0,0,0,0,0,0,0
7,188.433603722207,1111.37088438575,2.42824518193123,0.224198945422505,19,11,55.4060313700258,-0.0541584267574922,12,90.2766387640548,14.5316703349912,36.4730507312116,18.6499646206328,17.1584491751459,164612.636545024,283.872055368376,0.0029386712192278,13.0153166033092,1991,1,0,0,0,0,0,0,0,0,0,1,0,1,0,0,0,0,0,0,0,0,0,0,1,0,0,0,0,0,0,0,0,0,0,0,0,0,0,0,0,0,0,0,0,0,0
2,174.497542188478,262.617854071036,1.44461944858538,0.13550612390973,19,1,52.0624238331911,-1.69376982242601,7,73.6501429480996,17.7340996160727,36.5243427105275,18.6384517497884,13.797097038148,6344836.88738594,288.663361514885,0.0007217043039776,3.61006460685958,1996,0,0,0,0,0,0,1,0,0,1,0,0,0,0,0,1,0,0,0,0,0,0,0,0,0,0,0,0,0,0,0,1,0,0,0,0,0,0,0,0,0,0,0,0,0,0
9,-82.0431946694599,-87.0355456932348,1.28136661798264,0.198670927070347,18,11,50.7538486644505,0.431543840697066,3,69.7366504464788,13.1942829595139,33.5821526872624,18.6359239114183,8.74069359203885,-1429858.19750995,280.699219012598,0.0071890647328976,1.73181796061174,1998,0,0,0,0,0,0,0,1,0,1,0,0,1,0,0,0,0,0,0,0,0,0,0,0,0,0,0,0,0,0,0,0,0,0,0,0,0,0,0,1,0,0,0,0,0,0
6,75.82661946475,1330.89569575432,0.251197969090272,0.145090517702806,18,6,52.4861810660684,-2.76636206054599,2,-1.20314510277301,75.3227759354128,18.2657684864302,17.7313055741167,9.55480806892296,-94880.113215024,283.154724501021,0.0036881624150874,10.8589058650108,2000,0,0,0,0,1,0,0,0,0,0,0,0,1,0,0,0,0,0,0,0,0,0,0,0,0,0,0,0,0,0,0,0,0,0,0,0,0,0,0,0,0,1,0,0,0,0
9,123.259189237259,67.4187084109184,0.933528077777468,0.22812123631101,16,6,53.4336192606641,0.448159025213784,7,81.146333427108,16.7846420516132,35.3195127688708,18.6499996040128,14.6277077100389,80520.9922947543,286.95883611981,0.0014827948916505,3.50560767685115,1984,0,0,0,0,0,1,0,0,0,0,0,0,0,0,0,1,0,0,0,0,0,0,0,0,0,0,0,0,0,0,0,0,0,0,1,0,0,0,0,0,0,0,0,0,0,0
5,70.2428552101755,330.078329237678,1.44074999655591,0.198724554444718,9,21,51.476465676924,-0.249347912605838,4,76.3343237528565,17.7773373316453,36.4825410481281,18.6395929602157,13.8037466811045,8351427.12668733,286.9883909519,0.0024082863687625,5.78327628204624,1987,0,0,1,0,0,0,0,0,1,0,0,0,0,0,0,1,0,0,0,0,0,0,0,0,0,0,0,0,0,1,0,0,0,0,0,0,0,0,0,0,0,0,0,0,0,0
6,-17.657130846688,616.723057604484,1.44126210761884,0.15307446215637,23,18,52.3594291728162,-0.572992438592423,12,76.3228793744178,17.7461976879162,36.4704898737886,18.6402034521248,13.8153051099707,2457460.20001553,281.973806730515,0.0001241662860524,7.92622914285663,1983,1,0,0,0,0,0,0,0,0,1,0,0,1,0,0,0,0,0,0,0,0,0,0,0,0,0,0,0,0,0,0,0,0,0,0,0,0,0,0,0,0,0,0,0,0,1
7,286.800971038132,1282.66751969092,1.44144705268957,0.131823220664309,15,13,53.588107889789,-2.79916852153195,3,114.242778227257,17.7382902662243,36.4760205896344,18.6446584287875,13.7878259726634,3564958.09161651,279.272618256081,0.0002135632019262,7.11815367915971,1997,0,0,0,0,0,0,0,0,0,1,0,0,0,0,0,1,0,0,0,0,0,1,0,0,0,0,0,0,0,0,0,0,0,0,0,0,0,0,0,0,0,0,0,0,0,0
6,84.9640440736896,741.799033522505,1.44002491880075,0.0860034914592934,4,22,52.0390747500193,-0.472633177139885,8,76.300464029972,17.6969848964129,36.4455874049969,18.6509080178982,13.8127710565623,4781896.77949046,286.939561300338,0.0005694561858981,6.87970361169259,1992,0,0,0,0,0,0,0,0,0,1,0,0,1,0,0,0,0,0,0,0,1,0,0,0,0,0,0,0,0,0,0,0,0,0,0,0,0,0,0,0,0,0,0,0,0,0
1,-20.7684692601217,1523.1345489735,1.44180209646587,0.240237091625652,15,16,53.558347576465,-1.51285619501421,4,76.2041298106782,17.7486535301711,36.5106828962904,18.6406083821676,13.8146174536229,3543745.4430792,282.619749417231,0.0003550959782272,6.24299625684899,1981,0,0,0,1,0,0,0,0,0,1,0,0,1,0,0,0,0,0,0,0,0,0,0,0,0,0,0,0,0,0,0,0,0,0,0,0,0,0,0,0,0,0,0,0,1,0
8,25.6935852144496,873.522289701077,1.44270525883814,0.216621767931814,26,19,53.0620334062752,-2.15402414338364,3,76.3405788060856,17.73043619128,36.4686998389671,18.6342531967241,13.820339301141,3377948.44691459,277.782827962996,-0.0008784571049631,4.91000495720767,1981,0,0,1,0,0,0,0,0,0,1,0,0,0,0,0,1,0,0,0,0,0,0,1,0,0,0,0,0,0,0,0,0,0,0,0,0,0,0,0,0,0,0,0,0,0,0
0,56.9931860476711,613.947652594522,1.44154452992575,0.179470109265771,16,20,52.171037936406,-1.72759860464706,5,76.4102662878878,17.7247481730449,36.4997199816932,18.6380858103254,13.8004018586446,6428386.01132595,279.373888623224,0.0004510929892083,1.73724601202981,1984,0,0,0,0,0,0,0,1,0,0,1,0,0,0,0,0,0,0,0,0,0,0,0,0,0,0,0,0,0,0,0,0,0,0,0,0,0,0,0,0,0,0,0,0,0,1
7,-7.8470541582394,470.900602957099,1.44721773892105,0.197940041556116,25,7,51.7836855640874,0.0693338110406929,7,76.3384052557709,17.747387093321,36.5657301806137,18.5742637524297,13.8032320775579,324346.825303441,286.147033199379,0.0005952484630669,4.80960448121442,1993,0,0,0,0,0,1,0,0,0,0,0,1,0,0,0,0,0,0,0,0,0,0,0,1,0,0,0,0,0,0,0,0,0,0,0,0,0,0,0,0,0,0,0,0,0,0
9,43.6207554379747,61.6165997828878,0.491382326968082,0.141108257895799,12,12,53.6878965009232,0.375416661142848,6,374.008286501383,2.31953423104393,36.5219245875935,18.6390903725472,12.607577808252,2800321.7942229,290.72390560577,0.0061420070466769,2.65990886596398,1999,0,0,1,0,0,0,0,0,0,1,0,0,1,0,0,0,0,0,0,0,1,0,0,0,0,0,0,0,0,0,0,0,0,0,0,0,0,0,0,0,0,0,0,0,0,0
8,29.4764930122357,816.266273783221,1.44213931342637,0.101935767344016,18,16,52.1614727660852,1.23061902488975,1,76.3390250351965,17.739526651799,36.4621517398231,18.6406571065772,13.8322013144488,4121919.64328555,278.941520623234,-0.0036146956942996,7.39438406316006,1993,0,1,0,0,0,0,0,0,0,1,0,0,1,0,0,0,0,0,0,0,0,0,0,0,0,0,0,0,0,0,0,0,0,0,0,1,0,0,0,0,0,0,0,0,0,0
2,75.0632576686452,421.562510158264,1.44316342427002,0.108525096307992,1,12,51.9367948194463,-0.831372631747578,12,76.315486495261,17.7606337143414,36.4705815648366,18.6399076209179,13.7821110293195,3639430.12805032,279.228706968797,-0.00427379055611,3.62784533063476,1994,0,1,0,0,0,0,0,0,0,1,0,0,0,0,0,1,0,0,0,0,0,0,0,0,0,0,0,0,0,0,0,0,0,0,0,1,0,0,0,0,0,0,0,0,0,0
1,68.807743170902,1185.06481254406,1.44148655758082,0.208600034696086,23,12,51.121616846481,-2.29051352993772,5,76.2931166457704,17.7492990258633,36.4788688561124,18.647670489284,13.8119092787819,3032267.06363668,291.59037704764,0.0057081855003049,7.32456301883322,1997,0,0,0,0,0,0,0,0,0,1,0,0,1,0,0,0,0,0,0,0,0,1,0,0,0,0,0,0,0,0,0,0,0,0,0,0,0,0,0,0,0,0,0,0,0,0
6,100.118263436923,565.9378670043,1.44233386924528,0.273458125547135,8,4,53.601372153337,-1.00376081483628,3,76.2898895444314,17.7908493210113,36.4682998983936,18.6377964386064,13.8067970308892,-40.259252102385,278.657772956015,-0.0001356146654773,3.46422654836383,1983,0,0,0,1,0,0,0,0,0,0,1,0,1,0,0,0,0,0,0,0,0,0,1,0,0,0,0,0,0,0,0,0,0,0,0,0,0,0,0,0,0,0,0,0,0,0
4,89.4210412275482,279.194316353422,1.44178839310033,0.222232667471235,30,22,53.3372782937416,-2.9687358416617,11,76.3354796303214,17.7436754105517,36.4714434903601,18.6427485536363,13.8141499865492,4812415.92029232,276.742695975409,-0.0022573055085079,2.07145950601219,1985,0,0,0,0,1,0,0,0,1,0,0,0,1,0,0,0,0,0,0,0,0,0,0,0,1,0,0,0,0,0,0,0,0,0,0,0,0,0,0,0,0,0,0,0,0,0
6,27.0121930414889,754.699843169245,1.13768299717211,0.201758437193662,16,11,52.562883211775,-1.33902165453315,11,69.3849459292413,19.7877272842967,32.0862859891797,18.6385341999158,-2.40805804214148,2715477.75079617,281.713371245639,-0.0023015022692895,4.21787374601513,1995,0,0,0,0,0,0,1,0,0,1,0,0,1,0,0,0,0,0,0,0,0,0,0,1,0,0,0,0,0,0,0,0,0,0,0,0,0,0,0,0,0,0,0,0,0,0
0,124.499709131636,130.11129720813,1.4417829652632,0.171166983255701,14,8,53.47158904813,-0.765177882772246,9,76.3259740668429,1.12904874470212,36.4524264195124,16.5465407735389,13.8173957728507,885474.461180176,284.286634445821,-0.0005453532568784,0.921792554691241,1990,0,1,0,0,0,0,0,0,1,0,0,0,0,0,0,0,0,0,0,0,0,0,0,0,0,0,0,0,0,1,0,0,0,0,0,0,0,0,0,0,0,0,0,0,0,0
3,203.060053956597,410.959395839852,1.44188108993355,0.172800713269859,15,0,53.2058884542737,0.138532288635008,2,76.3410408902191,17.7110675505501,36.4812367600671,18.6354278029402,13.8193168697122,-3929810.0547606,275.612759995363,0.003785545504512,4.36214217716528,1988,0,1,0,0,0,0,0,0,0,0,1,0,0,0,1,0,0,0,0,0,0,0,0,1,0,0,0,0,0,0,0,0,0,0,0,0,0,0,0,0,0,0,0,0,0,0
0,198.651905522557,484.286514355815,1.43315904218625,0.166907911068546,27,0,52.0096868067861,-1.89424984208255,5,76.3954471266318,17.7656029347083,36.6535984223887,18.6363555264952,13.8259917294171,1789291.44387355,282.992369123225,0.0034909352415213,3.6690294688794,1997,0,0,0,1,0,0,0,0,0,0,1,0,0,0,1,0,0,0,0,0,0,0,1,0,0,0,0,0,0,0,0,0,0,0,0,0,0,0,0,0,0,0,0,0,0,0
2,8.83351349316644,298.398587811299,0.710147277149835,0.157900851152001,9,16,52.7654684109913,-1.86359502294967,11,39.6755985008794,47.3895611751332,20.8690765380009,18.6508961847533,9.09378863675087,2009230.78624138,279.144242616575,-0.0014571002469186,3.29799507211093,1999,0,0,0,0,0,0,0,0,0,1,0,0,1,0,0,0,0,0,0,0,0,0,0,0,0,0,0,0,0,0,0,0,0,0,0,0,0,0,0,0,0,0,1,0,0,0
6,96.7497567257999,261.5194263617,1.44164433238496,0.128401873851654,26,1,51.3688792693665,0.676962826041249,5,76.3193236397429,17.7491951769823,36.4704385761036,18.6436228094015,13.8144185623121,-628229.978878589,281.473669238536,0.0049079606679547,4.66343529053292,1986,0,0,0,0,0,0,1,0,0,0,1,0,1,0,0,0,0,0,0,0,0,1,0,0,0,0,0,0,0,0,0,0,0,0,0,0,0,0,0,0,0,0,0,0,0,0
4,64.6097439509146,2829.64068620518,1.03889838573113,0.102455080658378,11,13,53.0871155074416,-3.19089404703038,5,62.8814595514379,48.7439069232728,42.8721255080543,18.6269526674486,56.5207462765896,9980077.06903509,286.747352667914,8.63860809200232e-05,10.4118730779807,1992,0,0,1,0,0,0,0,0,0,0,0,0,1,0,0,0,0,0,0,0,0,0,0,1,0,0,0,0,0,0,0,0,0,0,0,0,0,0,0,0,0,0,0,0,0,0
0,-32.5201533519728,597.825470952522,1.44121720730419,0.157310211255848,10,4,52.0789655305968,-1.36070183440945,4,76.2497917636163,17.744260513441,36.4786153417689,18.6361666454048,13.8501342916062,13.4754715067062,274.964304158685,0.0005858951084628,5.93508394325266,1986,1,0,0,0,0,0,0,0,1,0,0,0,1,0,0,0,0,0,0,0,0,0,0,0,0,0,0,0,0,0,0,0,0,0,0,0,0,0,0,0,0,0,1,0,0,0
8,54.0329933811058,764.638662069225,1.44157110560418,0.156898006782208,15,3,53.4715687454957,-2.73544683026481,3,76.3435565032693,17.7359407078124,36.456848444118,18.6432549717669,13.7911520179814,-199009.447049635,278.944528955943,4.42061388058482e-07,6.96644476605716,1994,0,0,0,0,0,0,0,0,0,0,1,0,1,0,0,0,0,0,0,0,0,0,0,0,0,0,0,0,0,1,0,0,0,0,0,0,0,0,0,0,0,0,0,0,0,0
5,98.1443183938476,1180.31662365054,1.44131457274366,0.133097576264271,11,10,53.1330838305263,-0.768903556772051,6,76.3660477790508,17.7542478835344,36.4672465772769,18.6362335366852,13.7818056140818,4186012.81394843,284.912974128728,-0.0020403840519628,5.36146639833859,1991,0,1,0,0,0,0,0,0,1,0,0,0,0,0,0,1,0,0,0,0,0,0,0,0,0,0,0,0,0,0,0,0,0,0,0,0,0,0,0,0,0,0,0,1,0,0
0,-71.0245602753512,876.754847408153,1.44242289331022,0.171139023132682,7,11,52.9133115787215,0.412762677954354,2,76.4405447353018,43.0224697747808,36.47124403627,18.6415235031537,13.8099762116832,261491.914425627,276.718100419294,0.0008979977446295,10.4653075379089,1983,0,0,0,0,0,0,0,1,0,1,0,0,0,0,0,0,0,0,0,0,0,0,1,0,0,0,0,0,0,0,0,0,0,0,0,0,0,0,0,0,0,0,0,0,0,0
3,169.75089890317,54.4973089993647,1.40178460948742,0.165790133184897,12,7,54.0251760119114,-2.7627154963559,7,76.2848361321359,17.741989191808,36.4889376173973,18.6424746432832,13.8152720119674,172285.626759533,288.064882381493,0.0007413420571587,1.4283233515022,1994,0,0,0,1,0,0,0,0,0,0,1,0,0,0,0,1,0,0,0,0,0,0,0,0,1,0,0,0,0,0,0,0,0,0,0,0,0,0,0,0,0,0,0,0,0,0
0,158.753141600134,86.669758483627,2.54651139045387,0.223865575431418,18,6,52.6269924957264,-0.467352157249715,10,81.884028145615,17.7359934093288,36.4835569538496,18.6447610213627,45.0348306207233,271194.12793411,286.726290960652,0.000876910543894,2.649117109013,1990,0,0,0,1,0,0,0,0,0,1,0,0,0,0,0,1,0,0,0,0,0,0,0,1,0,0,0,0,0,0,0,0,0,0,0,0,0,0,0,0,0,0,0,0,0,0
4,6.86397788249622,1137.21531254409,1.44199502685892,0.138847583446979,2,12,51.880594449867,-1.73427775460485,4,-2534.16184478691,18.9751659938517,36.48416398073,18.6407440397555,314306.002642723,-1245834188.0257,281.236732249836,0.853014912186971,2.07987103512877,1986,0,1,0,0,0,0,0,0,0,1,0,0,0,0,1,0,0,0,0,0,0,1,0,0,0,0,0,0,0,0,0,0,0,0,0,0,0,0,0,0,0,0,0,0,0,0
6,89.0298244981019,1311.96754707929,1.44286574390844,0.165606920731252,7,22,52.0981369727654,-3.0043443098647,12,76.4099508791923,17.7713098939219,36.4796237961404,18.6386088789668,13.8509187511624,2112110.94782656,279.445444258172,-0.0009193348809405,10.2721470327657,1993,0,0,0,0,0,0,0,1,1,0,0,0,0,0,0,1,0,1,0,0,0,0,0,0,0,0,0,0,0,0,0,0,0,0,0,0,0,0,0,0,0,0,0,0,0,0
2,-0.308235926962894,357.885974901291,1.4425653750214,0.188161984723346,16,22,53.192952651018,-1.28117042791225,6,76.3023702523535,17.7264627683956,36.4542068715215,18.6376154680515,13.7789405790684,7929893.53895108,289.378422869682,0.0030006449837053,2.64475378090947,1982,0,0,0,1,0,0,0,0,1,0,0,0,1,0,0,0,0,0,0,0,0,1,0,0,0,0,0,0,0,0,0,0,0,0,0,0,0,0,0,0,0,0,0,0,0,0
8,15.8814506044749,919.435575064995,2.91694607914629,0.157665110523691,20,20,50.8970900481798,-1.94173368687507,7,88.208192397024,17.7512046888804,36.4711276896221,18.6362333172796,48.3605988899732,6720817.68851158,292.106607117321,0.001254174287457,5.15884449604862,1991,0,1,0,0,0,0,0,0,0,0,0,0,0,0,0,1,0,0,0,0,0,0,0,1,0,0,0,0,0,0,0,0,0,0,0,0,0,0,0,0,0,0,0,0,0,0
6,-0.0437500426492861,699.464373572949,1.44166118775892,0.159260356436659,30,11,52.0625267687498,-1.76529082922999,9,56.1696796676251,17.7505282142553,36.477026279788,18.6419561164063,13.8056052877497,4466761.44396778,288.604470691773,-0.0037417923474113,2.13881184335728,1988,0,0,0,1,0,0,0,0,0,0,0,0,1,0,0,0,0,0,0,0,0,0,0,1,0,0,0,0,0,0,0,0,0,0,0,0,0,0,0,0,0,0,0,0,0,0
3,264.256545269071,713.563656744134,1.44226017814303,0.229773539897631,7,16,51.0574259410256,0.130908206415251,11,10.3990801638112,50.379344873803,35.3098613021382,18.6482430002204,-17.6117096849185,1743597.87404714,279.856384302554,0.0006729866584621,3.94800717931802,1998,1,0,0,0,0,0,0,0,0,1,0,0,1,0,0,0,0,0,0,0,0,0,0,0,0,0,0,0,0,0,0,0,0,0,0,0,0,0,0,0,0,0,0,0,0,1
1,67.5803804913918,1377.72436275146,0.5712962848739,0.187140651413514,20,13,53.4188935976634,-0.565793031510116,8,52.2666227116683,17.727285383522,35.8107121920648,18.6385345445466,14.0884408592744,12690372.0129749,296.098699073971,-0.0006342771349803,1.52797671616108,1995,0,0,0,0,0,0,1,0,0,0,0,0,1,0,0,0,0,0,0,0,0,0,0,0,1,0,0,0,0,0,0,0,0,0,0,0,0,0,0,0,0,0,0,0,0,0
9,16.2201650778519,351.608480975552,1.08129734197705,0.208376435587982,6,5,51.9421137710836,-0.383848266512353,5,143.605782072123,16.1316550708667,36.46801507473,17.752589591884,15.0821770114361,86652.1152858015,277.832428163425,0.0004848294709195,2.50343275182549,1990,0,0,0,0,1,0,0,0,0,0,0,1,0,0,0,0,0,0,0,0,1,0,0,0,0,0,0,0,0,0,0,0,0,0,0,0,0,0,0,0,0,0,0,0,0,0
9,102.044047090923,280.973636502607,1.44278941829597,0.147984114177882,4,2,50.3740543846335,0.895767910625839,11,76.3314677388245,17.7506621860058,36.5008451394593,18.6353035918481,13.7974971590525,1448472.96904557,277.703895943042,-0.0007938689450237,4.35464545225797,1990,0,0,0,0,1,0,0,0,0,0,0,0,1,0,0,0,0,0,0,0,0,0,0,0,0,0,0,0,0,0,0,0,0,0,0,0,0,0,0,0,0,0,0,0,0,1
0,6.89190561025256,621.187588650782,1.44038140458648,0.10502739480313,31,16,53.9555360737017,-2.0436729647299,11,76.3084367397824,17.7484097593093,36.4790177565645,18.6477693498639,13.8154579359227,2729207.23335952,281.968601816442,0.0010746162470293,5.70742481599,1989,0,0,0,0,0,1,0,0,0,1,0,0,0,0,0,1,0,0,0,0,0,0,0,0,1,0,0,0,0,0,0,0,0,0,0,0,0,0,0,0,0,0,0,0,0,0
3,110.346816510634,599.740284739444,0.48980364157177,0.13460725740949,13,15,51.1276683951371,0.112120441598919,1,37.084746102076,45.0572979190471,21.2837732256587,18.6406649859841,0.365271037087081,-515071.778683548,277.189177235392,0.0001913185591704,3.16144553525815,1997,0,0,0,0,1,0,0,0,1,0,0,0,1,0,0,0,0,0,0,0,0,0,0,0,0,0,1,0,0,0,0,0,0,0,0,0,0,0,0,0,0,0,0,0,0,0
3,248.822623507342,485.729857700635,1.27350702642339,0.269163851845883,14,6,51.7533752085995,-0.5820202368582,12,75.5938923747706,21.2751518047314,35.6293324955011,18.6423986918136,22.4271199609858,116353.186082921,279.298185227852,0.0007164247003607,6.27324696087601,1984,0,0,0,0,0,0,0,0,1,0,0,0,0,0,0,0,0,0,0,0,0,0,0,1,0,0,0,0,0,0,0,0,0,0,0,0,0,0,0,0,0,0,0,0,0,0
9,1.57094882382464,517.04110802991,1.44202482072037,0.19244118319845,24,23,52.8582419059898,-0.493823621845645,12,76.3339472987834,17.7387316608678,36.475942697002,18.6376337471903,13.8033992521031,361628.001712912,283.161043131156,-0.000740920393361,5.35358716923513,1985,0,0,0,0,0,0,0,1,0,0,0,0,1,0,0,0,0,0,0,0,0,0,0,1,0,0,0,0,0,0,0,0,0,0,0,0,0,0,0,0,0,0,0,0,0,0
2,72.5830945955964,576.906835932089,1.44199839998244,0.232635752477274,2,13,52.0463233358849,-0.389030091151347,4,76.3043597850023,17.7372140994144,36.4905228061726,18.6466004983474,13.8262008029496,1884561.60823557,283.790199574241,0.001844892690963,4.31962951541347,1988,0,0,0,0,0,0,0,1,0,0,1,0,1,0,0,0,0,0,0,0,0,0,0,0,0,0,0,0,0,0,0,0,0,0,0,0,0,0,0,0,0,0,0,0,0,1
9,131.018684224465,134.866844913863,1.44189061154917,0.0896201584626313,18,23,51.5012304226301,-0.185431232635785,8,76.3166371308543,29.5766603805487,36.4672677433905,15.7057466659195,13.7922787244631,5948478.11214826,288.551004832909,-0.0002318515671446,0.971144135640744,1991,0,1,0,0,0,0,0,0,0,1,0,0,0,0,0,0,0,0,0,0,0,0,0,0,0,0,0,0,0,1,0,0,0,0,0,0,0,0,0,0,0,0,0,0,0,0
2,-25.5109112863132,488.697033411701,0.854572440910909,0.109294407232857,19,9,52.4731724775233,-2.40026345705749,9,501.049115728364,66.3286885729949,43.7544142145027,17.7314779643836,3.12767137393473,3967956.77371151,285.559610915396,-0.0058576438360971,2.751381654861,2000,0,0,0,0,1,0,0,0,0,0,0,0,1,0,0,0,0,0,0,0,0,0,0,0,0,1,0,0,0,0,0,0,0,0,0,0,0,0,0,0,0,0,0,0,0,0
0,139.74111375395,-85.5708950939103,1.4429008304622,0.182571097010421,21,21,53.2784767047992,-2.61386961621207,10,76.3697591642856,17.7663669431496,36.4879255247737,18.638981132908,13.8153315650866,2945352.57323787,284.137094657922,0.0010160358892938,3.13383328367808,1985,0,0,0,0,0,0,1,0,1,0,0,0,0,0,0,1,0,0,0,0,0,1,0,0,0,0,0,0,0,0,0,0,0,0,0,0,0,0,0,0,0,0,0,0,0,0
0,208.203019238823,326.740234687514,1.58310396013544,0.13538166790946,31,6,52.0535151002684,-0.933705197749642,8,79.2577539779492,18.5856464090147,35.9832644097619,18.640472908323,18.5123369832619,59307.4605503692,286.911852675319,0.0006510534061008,4.48979295526559,1981,1,0,0,0,0,0,0,0,0,1,0,0,0,0,1,0,0,0,0,0,0,0,0,0,0,0,0,0,0,0,0,0,0,0,0,0,0,0,0,0,0,0,1,0,0,0
5,83.6822930892419,96.8912677207876,1.44087212730586,0.152259018005893,28,2,52.745603220021,0.216340934359485,9,76.226261441441,17.7594114897695,36.5209013434852,18.6409547387615,13.8055425720035,2178478.14565879,283.513577534461,0.0011670948756748,3.91813682534941,1990,0,0,0,0,0,1,0,0,0,1,0,0,1,0,0,0,0,0,0,0,0,0,0,0,0,0,0,0,0,0,0,0,0,0,0,0,0,0,1,0,0,0,0,0,0,0
2,44.3831602623556,284.082787436628,1.6363085382283,0.195640133095124,21,2,53.9313006383135,-1.25993650283135,3,74.744984674389,17.7775342002915,36.4508652962687,18.6472871181713,13.815225144758,-302424.388574741,273.448073947925,0.0008625078489739,3.44643984576165,1984,0,0,0,1,0,0,0,0,1,0,0,1,0,0,0,0,0,0,1,0,0,0,0,0,0,0,0,0,0,0,0,0,0,0,0,0,0,0,0,0,0,0,0,0,0,0
8,158.291684569575,204.9625861463,1.44121023807141,0.236469716901422,10,4,50.6773865596335,-2.69811655572303,12,76.3981304920965,17.7530216418143,36.4944896323804,18.6417098917353,13.8137859490974,10.0208453371819,278.344763053082,-1.6852344088575e-05,2.71216354067066,1988,0,0,0,1,0,0,0,0,0,0,0,0,0,0,0,1,0,0,0,0,0,0,0,0,0,0,0,0,0,0,0,0,0,0,0,1,0,0,0,0,0,0,0,0,0,0
7,83.388907806956,1132.30906823937,1.44139411089721,0.121137219509686,6,16,51.6086981768667,1.9675401429423,10,76.2551849638056,82.2618966920844,36.4993324250926,18.5575534880458,13.8136967494034,5105533.02580155,286.253957933486,-0.0015125107664624,5.03602991673722,1996,0,0,0,0,0,0,1,0,0,1,0,0,0,0,0,0,0,0,0,0,0,0,0,0,0,0,0,0,0,0,0,0,0,0,0,0,0,0,0,0,0,0,0,0,0,1
0,67.1157729374241,251.919325954133,0.482324641054674,0.135475381163139,25,23,52.1807302879953,1.01727669767745,6,48.7895991668605,20.9703900146609,8.50989083871298,18.6445237264454,60.9723242654381,2447336.84353051,284.966858076265,0.0008791137982427,4.06633065081027,1995,0,1,0,0,0,0,0,0,0,0,0,0,1,0,0,0,0,0,0,0,0,0,0,0,0,0,0,1,0,0,0,0,0,0,0,0,0,0,0,0,0,0,0,0,0,0
5,52.7869546780915,1751.82639602507,1.44276207224104,0.145784832822321,9,17,53.8933148768839,0.107002456586431,4,76.4023666465082,17.7925796584106,36.4664032854423,18.6402093508879,13.7982222664354,8046625.78767535,276.077591266936,-0.0010901782510486,1.57323922122677,1983,1,0,0,0,0,0,0,0,0,0,0,0,1,0,0,0,0,0,0,0,0,0,0,0,0,0,0,0,0,0,0,0,0,0,0,0,0,0,0,0,0,0,1,0,0,0
2,39.4538720872299,778.055395236157,1.44132357111555,0.202397151141541,13,7,52.1333625075361,-1.14191148500564,1,76.3065520238854,17.7505372760295,36.4590620868682,18.6369439438926,13.8104404236429,-112924.260856641,285.892140082774,0.0021874972754032,9.92404983102808,1981,0,0,0,0,0,1,0,0,0,1,0,0,1,0,0,0,0,0,0,0,0,0,0,1,0,0,0,0,0,0,0,0,0,0,0,0,0,0,0,0,0,0,0,0,0,0
2,-26.8668738748997,1111.52549075795,1.46454935424044,0.264201322522198,3,19,53.7468990353233,-1.74860575243265,1,58.7809144902248,44.1255296687623,37.2788358124703,18.5491308085349,12.7770777065341,3435106.86964,278.56314675095,-0.0004203545864777,9.06194178010333,1996,0,0,0,0,0,0,1,0,0,0,1,0,0,0,1,0,0,0,0,0,0,0,0,0,0,0,0,0,0,0,0,0,0,0,0,1,0,0,0,0,0,0,0,0,0,0
6,51.4799611573703,1328.66600716384,1.44083524191792,0.134855612567872,2,17,50.8124710594579,-1.0325712539226,4,76.3241608012976,17.746181293399,36.4639240917329,18.6479369996279,16.3442550554878,3387136.95873989,285.084700322911,0.0003475192047116,1.40180547675722,1997,0,0,0,0,0,0,0,0,1,0,0,0,0,0,0,0,0,0,0,0,0,0,0,0,0,0,0,0,1,0,0,0,0,0,0,0,0,0,0,0,0,0,0,0,0,0
4,95.2491558438758,449.698971310197,1.44115877644518,0.273366170226391,7,21,52.4272064724119,-0.629153365089704,11,76.2947626070508,17.7353046550497,36.4777014072657,18.6403614751307,13.8029744796182,3819711.43560649,283.63828084422,0.0015027902360502,4.59066449353031,1989,0,0,1,0,0,0,0,0,0,0,1,0,1,0,0,0,0,0,0,0,0,0,0,0,0,0,0,0,0,0,0,0,0,0,0,0,0,0,0,0,0,0,0,0,0,1
4,-26.4509702491016,223.030582053827,1.44034826855996,0.142475900848298,14,4,52.0718919835498,0.0280189434774791,4,76.3286056975427,17.7285841654207,36.4632745927846,17.4288505899698,13.8040142688822,23.9544738794997,275.577400771371,0.0002554324457957,3.28402729829005,1986,0,1,0,0,0,0,0,0,0,1,0,0,0,0,0,0,0,0,0,0,0,0,0,0,0,0,0,0,0,0,0,0,0,0,0,0,0,0,0,0,0,0,0,0,0,1
0,103.496141664091,663.275013516349,1.44076433657361,0.118301057500721,19,12,54.4838201366419,-3.1703360542886,7,76.371999072789,17.7674286606333,36.4813851334793,18.6414444701118,13.8059939509522,6779833.0017001,292.610886538502,0.0011366457132266,0.721824886062083,1994,0,1,0,0,0,0,0,0,0,0,0,0,1,0,0,0,0,0,0,0,0,0,1,0,0,0,0,0,0,0,0,0,0,0,0,0,0,0,0,0,0,0,0,0,0,0
3,87.4411628813645,391.429659477419,1.40753235645788,0.186929407267407,17,21,51.3594387577554,-0.952541645646306,1,22.2283258011654,49.2488125858704,21.5654637776808,18.6360241386254,18.5858878300127,1631877.36344224,281.50795547819,-0.0006558507953213,4.3480859648569,1996,0,0,0,0,0,0,0,1,0,1,0,0,0,0,0,0,0,0,0,0,0,0,0,0,0,0,0,0,0,0,0,0,0,0,0,1,0,0,0,0,0,0,0,0,0,0
7,97.9043365637869,789.654524455187,1.44276952663088,0.140193107274924,10,15,52.3451299523716,-3.18621011049419,6,76.4950754304551,17.7295796487589,36.469707048759,18.6408646277669,13.8102190265146,2249598.63173628,285.186842185583,0.0008821282587534,5.48929226650167,1991,0,0,0,1,0,0,0,0,0,1,0,0,0,0,0,1,0,0,0,0,0,0,1,0,0,0,0,0,0,0,0,0,0,0,0,0,0,0,0,0,0,0,0,0,0,0
6,-97.5231882525973,795.641525690389,1.44246372812142,0.20966721783643,12,21,51.5456660077216,0.373073481014171,4,76.2664036397537,45.1661833219296,36.4796542158749,18.6254809248803,13.8063084148132,6784630.07958777,285.085963383668,0.0024710698300526,6.05508014145355,1985,0,0,0,0,0,0,1,0,0,0,1,0,0,0,0,0,0,0,0,0,0,1,0,0,0,0,0,0,0,0,0,0,0,0,0,0,0,0,0,0,0,0,0,0,0,0
6,203.052185262116,951.151822828086,1.812775985313,0.17169256881468,11,6,51.8132566675779,-4.46972951250827,12,75.9859828837983,17.7454923038538,36.4639231973636,18.1613476235841,16.3442546476619,-35960.9377397043,277.458186852942,-0.0010254151605456,12.0909013461334,1994,0,1,0,0,0,0,0,0,0,0,1,0,0,0,0,0,0,0,0,0,0,0,0,0,0,0,0,0,1,0,0,0,0,0,0,0,0,0,0,0,0,0,0,0,0,0
3,236.612536151268,964.512805779679,1.45213884039467,0.199386372284771,21,17,51.8733214630805,-1.37210934266391,11,76.3516039175023,17.7525699576549,36.4658045486613,18.637796964135,13.8086846689786,1943254.85317615,281.046260073212,-0.0004471246408853,7.27704904926833,1983,0,0,0,1,0,0,0,0,0,0,0,0,1,0,0,0,0,0,0,0,0,0,0,1,0,0,0,0,0,0,0,0,0,0,0,0,0,0,0,0,0,0,0,0,0,0
1,-37.0493237731167,145.497233113335,1.44172460696003,0.108521442635908,16,4,51.4234848804387,-1.13923458403571,2,76.2468507000672,17.7780001377008,36.4957428674955,18.6416244635606,13.8187063337965,45.7856651968075,276.22098276258,-0.0003401486836298,3.22374840219124,1984,0,1,0,0,0,0,0,0,0,0,0,0,0,0,0,1,0,0,0,0,0,0,0,0,0,0,0,0,0,0,0,0,0,0,0,0,1,0,0,0,0,0,0,0,0,0
4,3.4703008797269,937.472123646868,3.12495488938506,0.200407565475815,5,6,53.1927721232058,-0.917821916751449,2,74.001072736867,17.7357648555794,36.4835556399456,18.6405760344766,28.9607966462524,78010.1642300333,277.933518486362,0.0021750289291506,7.29152230057697,1990,0,0,0,0,0,1,0,0,0,0,1,0,0,0,0,1,0,0,0,0,0,0,0,1,0,0,0,0,0,0,0,0,0,0,0,0,0,0,0,0,0,0,0,0,0,0
1,-0.0213339194114823,382.57105894597,1.44217519455898,0.126120445059515,29,18,52.6769517738464,0.171226964210381,7,76.3447417721769,17.7472872243681,36.4472069358488,18.6514974045292,13.833390277415,4119600.03974564,294.394761512904,0.0002848428836767,5.74704901432192,1991,1,0,0,0,0,0,0,0,0,1,0,0,0,0,0,1,0,0,1,0,0,0,0,0,0,0,0,0,0,0,0,0,0,0,0,0,0,0,0,0,0,0,0,0,0,0
8,150.927725860878,1039.84535018102,1.44283859547893,0.130556916402404,25,21,54.5166199351844,-2.33277671498747,5,76.3590568216572,17.7652653375902,36.470459354359,18.6421086430183,13.8133673322818,4295345.5753421,281.070923029816,0.0002915486702381,3.72982034073995,1991,0,0,0,0,1,0,0,0,0,0,1,0,1,0,0,0,0,0,0,0,0,0,1,0,0,0,0,0,0,0,0,0,0,0,0,0,0,0,0,0,0,0,0,0,0,0
0,102.370781570419,1155.61618113642,1.27350702066711,0.186093255811932,10,13,51.3734898697407,-0.873794213033869,10,79.4284331248774,33.961283312227,35.6293322472297,18.6437127287223,22.1640033268609,6602488.82700997,284.488953462481,-0.001970376922157,6.87116062838303,1992,0,0,0,0,0,1,0,0,0,0,1,0,0,0,0,0,0,0,0,0,0,0,0,1,0,0,0,0,0,0,0,0,0,0,0,0,0,0,0,0,0,0,0,0,0,0
0,36.713939302329,485.213055807951,0.876832377876363,0.285968795888344,3,7,52.4641217036812,0.676944579363239,7,70.8417936755062,15.5510813154991,30.7708524347915,18.6445235974177,11.933795152176,168087.698170838,290.557819805221,0.0007043828396775,4.78057777367219,1995,0,1,0,0,0,0,0,0,0,0,1,0,1,0,0,0,0,0,0,0,0,0,0,1,0,0,0,0,0,0,0,0,0,0,0,0,0,0,0,0,0,0,0,0,0,0
7,-34.2751855936541,1539.18899195441,0.643697133297019,0.105837787597782,24,15,51.854568447774,-2.64504929957495,8,56.0754362132926,33.6508041361528,30.057357150445,18.6445234139271,7.068014779672,8149002.11891467,294.173897472423,3.02675995942964e-06,8.75844890429481,1995,0,1,0,0,0,0,0,0,0,0,0,0,1,0,0,0,0,0,0,0,0,0,0,1,0,0,0,0,0,0,0,0,0,0,0,0,0,0,0,0,0,0,0,0,0,0
1,91.0883714231511,653.410368198913,1.44089326615216,0.147109880727228,10,8,52.4955217705667,1.38219766384084,1,76.3951686744037,17.7408457370136,36.4765883049841,18.6361608708837,13.8135674386517,-37.605201555758,276.180485765867,0.0019555262683448,7.49409291368856,1982,1,0,0,0,0,0,0,0,0,0,0,0,1,0,0,0,0,0,0,0,0,0,0,0,0,0,0,0,0,1,0,0,0,0,0,0,0,0,0,0,0,0,0,0,0,0
0,-74.8866601427038,980.059990116352,1.41189177275647,0.167518305745319,15,15,52.1951046750954,-3.00876056832396,4,76.3914155683292,17.7382819286246,36.3210778942299,18.635880653591,13.7908046136019,3095212.69044677,287.371006869202,0.0004357090729521,13.0052313275802,1998,0,0,0,0,0,0,0,1,0,0,1,0,0,0,1,0,0,0,0,0,0,0,1,0,0,0,0,0,0,0,0,0,0,0,0,0,0,0,0,0,0,0,0,0,0,0
8,203.252203411454,569.727052133768,1.4415419106729,0.222085679332201,17,21,52.7049689713063,-0.946967001755456,3,76.3501589583625,17.7560284392032,36.4783213658207,18.6416655088869,13.8140158035092,-1682783.18566927,277.516610049635,0.0046073909587667,4.75500664591761,1988,0,0,0,1,0,0,0,0,1,0,0,0,0,0,0,1,0,0,0,0,0,0,0,1,0,0,0,0,0,0,0,0,0,0,0,0,0,0,0,0,0,0,0,0,0,0
2,73.9081677709712,874.293149678123,1.44115713854708,0.196064312222821,22,19,51.8655015209581,-1.02704169052343,8,76.381326041444,17.7537877686468,36.5025121312048,18.6416874360885,13.8265869036296,12932570.8583424,292.073540885457,-0.0022493375780723,1.6380667489324,1987,0,0,0,1,0,0,0,0,0,0,0,0,1,0,0,0,0,0,0,0,0,0,0,0,0,0,0,0,0,0,0,0,0,0,0,0,1,0,0,0,0,0,0,0,0,0
7,-56.3425966497915,1201.78690892329,1.44278939752763,0.138950964480946,6,18,53.5654957844699,-2.34801529077604,9,76.3381161817386,17.7493376549266,36.5008456248231,18.6353034527803,13.7974967175806,2257141.38252782,286.977566523228,0.0009263368493346,11.2618161898813,1990,0,0,0,0,1,0,0,0,0,1,0,0,1,0,0,0,0,0,0,0,0,0,0,0,0,0,0,0,0,0,0,0,0,0,0,0,0,0,0,0,0,0,0,0,0,1
5,42.4998550234555,982.717497649302,2.20434423636455,0.147477684520247,12,7,54.3019785535184,-0.591422043189211,7,63.9524904779692,25.8745981707532,36.4730495128265,18.6326522941464,5.36622207609361,81752.5352150869,289.245272770379,0.0022144925135388,10.4045617457101,1991,0,0,0,0,0,0,1,0,0,1,0,0,1,0,0,0,0,0,0,0,0,0,0,1,0,0,0,0,0,0,0,0,0,0,0,0,0,0,0,0,0,0,0,0,0,0
7,-182.022990449835,1044.44912701599,1.44451158806298,0.209499032720496,9,13,53.5140873976091,-2.80419481250728,10,76.3337587710045,17.7712855239647,36.4670592056465,18.6390810721857,13.8273954479929,4523218.5302072,286.34105248163,0.0005035386586757,5.48803862963579,1984,0,0,0,0,0,0,0,1,1,0,0,0,1,0,0,0,0,0,0,0,0,0,0,0,0,0,0,0,0,0,0,0,0,0,0,0,0,0,0,0,1,0,0,0,0,0
7,76.0260015657626,1370.57615343607,1.4017845887076,0.148620448229539,9,15,52.8125659510125,-0.0305968154033087,3,76.2759678830042,17.7432517767868,36.4889381200821,18.6399082264849,13.8152722112773,5366949.2151453,282.328072945607,6.92061266270341e-05,7.16499340317717,1994,0,1,0,0,0,0,0,0,0,0,1,0,0,0,0,1,0,0,0,0,0,0,0,0,1,0,0,0,0,0,0,0,0,0,0,0,0,0,0,0,0,0,0,0,0,0
2,-145.306146842678,670.609052629975,1.44096829738962,0.335348175068222,12,8,53.2031294734065,0.544721447978746,3,76.3447805995752,17.7337531336259,36.4548922836653,18.6360758642914,13.7859196595358,994416.908967834,274.452924120331,-0.0007619957928373,3.49995161964058,1986,0,0,0,0,0,1,0,0,0,0,1,0,0,0,0,1,0,0,0,0,0,0,0,0,0,0,0,0,0,0,0,0,0,0,0,0,0,0,0,0,0,0,0,0,0,1
6,135.448767178061,1314.71582631903,0.95221934278766,0.200444340992128,29,12,54.2244381761078,-1.6960191377136,4,82.2792166822521,35.4508322063294,26.6642161250645,18.6386988771585,18.365772359423,5495940.24056838,287.140524496187,0.0001735669093258,7.3012823362163,1996,0,0,0,1,0,0,0,0,0,0,1,0,1,0,0,0,0,0,0,0,0,0,1,0,0,0,0,0,0,0,0,0,0,0,0,0,0,0,0,0,0,0,0,0,0,0
8,179.582375223117,1810.83138878804,0.945906500669953,0.16671380808669,18,12,50.5349234282869,-1.76271552605981,6,53.4763002126661,2.9779137060067,32.5328353559204,18.6392971145306,11.7816718130778,5852998.41121228,289.737418026555,0.0010643368280515,5.80405663596867,1988,0,0,0,1,0,0,0,0,0,0,1,0,0,0,0,0,0,0,0,0,0,0,0,0,0,0,0,0,0,0,0,0,0,0,0,0,0,0,0,0,0,0,0,1,0,0
7,-44.0210224054936,1149.33728151859,1.44162465568797,0.174781296823237,6,17,52.8493011359166,0.378853322949583,2,76.286826638699,17.7423466682225,36.4883956746774,18.6395427673333,13.7929291149987,2288804.04458897,277.536397161809,0.0006436341219751,10.8761268919326,1984,0,1,0,0,0,0,0,0,0,0,1,0,1,0,0,0,0,0,0,0,0,0,0,0,0,0,0,0,1,0,0,0,0,0,0,0,0,0,0,0,0,0,0,0,0,0
1,-0.253517220206042,280.758175177808,1.88147459738938,0.212570612126827,29,1,53.1643826054458,-4.10591910444244,4,31.9630213025635,20.5108435023693,27.4500793207262,18.6420572165208,14.9719750952398,3750748.31439105,282.450823516053,0.0002497032949156,4.0585585972464,1984,0,1,0,0,0,0,0,0,1,0,0,1,0,0,0,0,0,0,0,0,0,0,0,0,0,0,0,0,0,0,0,0,0,0,0,0,0,0,0,0,0,1,0,0,0,0
1,246.426588242062,245.149007682465,1.44132346051057,0.207527219647721,17,6,52.6410684808393,-1.44818607384547,12,76.3147593926859,17.7503882055383,36.4590620163994,18.6409056668326,13.8104399961612,-64720.7451310019,270.517335397098,-0.0006446240964913,3.91459862212945,1981,0,0,0,0,0,0,0,0,0,0,0,0,1,0,0,0,0,0,0,0,0,0,0,1,0,0,0,0,0,0,0,0,0,0,0,0,0,0,0,0,0,0,0,0,0,0
3,69.1420325715139,672.825592597532,1.2745478495178,0.0919426887186062,10,16,52.329010054067,0.153872550265503,2,-647.364589764763,13.2746020096142,28.2702219180565,18.6445240913475,22.6615346483942,-3423402.6784317,281.174043822027,0.0026040433735314,6.70897983775102,1995,0,1,0,0,0,0,0,0,1,0,0,0,1,0,0,0,0,0,0,0,0,0,0,0,0,1,0,0,0,0,0,0,0,0,0,0,0,0,0,0,0,0,0,0,0,0
3,135.642771980886,-235.380746608304,2.25771408532901,0.124060816717715,20,0,50.3252761218194,-0.812989950171404,9,85.9267498517872,17.744569864579,36.5706336688767,18.6398063779763,27.3619829363552,5386451.77150281,284.184980259818,-0.0019453287143524,0.614467125138219,1993,0,1,0,0,0,0,0,0,0,1,0,0,0,0,0,1,0,0,0,0,0,0,0,1,0,0,0,0,0,0,0,0,0,0,0,0,0,0,0,0,0,0,0,0,0,0
0,212.850483671067,1755.44709459867,1.44096401086612,0.173727692892344,10,16,53.3670456631947,-1.85327442542338,8,76.2522555136844,17.772127002372,36.4881306706255,18.6440382715206,13.8140132645713,6485526.29711063,294.584174443766,-3.96629575165563e-05,3.49848221422566,1983,0,0,0,0,0,0,0,1,0,0,0,0,1,0,0,0,0,0,0,0,0,0,0,0,0,0,0,0,0,0,0,0,0,0,0,0,1,0,0,0,0,0,0,0,0,0
2,-13.9157979156037,1249.05938610396,0.933528088155728,0.20895828177043,28,11,54.6781885048161,-2.06787521496774,8,85.3067207495584,4.15336837196991,35.3195121560345,18.6364651830123,14.6277074180211,3837981.60213865,290.055213162664,-0.0002770564881751,6.71936419266087,1997,0,0,0,1,0,0,0,0,1,0,0,0,0,0,0,1,0,0,0,0,0,0,0,0,0,0,0,0,0,0,0,0,0,0,1,0,0,0,0,0,0,0,0,0,0,0
1,89.4831475242823,376.021022854635,1.44266787439776,0.217770612858533,22,3,51.9399931022404,-1.73689749159367,7,76.307618264219,17.7550219860736,36.4908651376312,18.6409146332844,13.8179790241091,3209960.60303468,288.190873268456,0.000423115429807,5.9536630505308,1990,0,0,0,0,0,1,0,0,1,0,0,0,1,0,0,0,0,0,0,0,0,0,0,0,0,0,0,0,0,0,0,0,0,0,0,0,0,0,0,0,0,1,0,0,0,0
7,35.0778315599491,175.795990806785,1.45515811001908,0.219000329780928,4,18,53.6336614779325,-0.441719376981398,3,76.3131080352375,17.7468776112317,36.4818303096649,18.6361537805918,13.8183139401407,2245303.64307266,277.977401038511,0.0018752648938999,4.81967815993197,1984,0,0,0,0,1,0,0,0,0,0,0,0,1,0,0,0,0,0,0,0,0,0,0,1,0,0,0,0,0,0,0,0,0,0,0,0,0,0,0,0,0,0,0,0,0,0
7,269.280801275875,-171.818257368841,1.10316054107165,0.269460158787255,11,1,48.8647218056752,-1.40990504933807,5,131.347697414417,12.2277740524043,40.2335093190711,18.6360898017894,19.3774981349694,4865228.04819854,277.400469065256,0.0004616648068371,0.618542487401295,1996,0,0,0,0,0,0,1,0,0,0,1,0,1,0,0,0,0,0,0,0,0,0,1,0,0,0,0,0,0,0,0,0,0,0,0,0,0,0,0,0,0,0,0,0,0,0
2,49.1494076924018,358.0085405824,1.35470062597856,0.127834161888666,21,4,53.0362374669149,-1.73422987451368,7,69.7387802027041,17.7419968265723,36.476458898819,18.6433326984393,18.3518011004414,-5.16262645649008,285.554274353514,-0.0003239491506086,4.20984321333965,1989,0,0,0,0,0,0,0,0,0,1,0,0,0,0,0,1,0,0,0,0,0,0,0,1,0,0,0,0,0,0,0,0,0,0,0,0,0,0,0,0,0,0,0,0,0,0
2,-85.3350581190345,335.908344595038,-0.407355100441221,0.118725062549467,3,13,50.2549421176944,-0.428497388003865,11,-125998.301594822,12.7034125325774,33.8548795766473,18.6341898347859,43503.8460223423,-1238010376.21993,282.632857806158,1.48622399313901,2.63189956878699,1993,1,0,0,0,0,0,0,0,0,1,0,0,0,0,0,0,0,0,0,0,0,0,0,0,1,0,0,0,0,0,0,0,0,0,0,0,0,0,0,0,0,0,0,0,0,0
4,87.8620921838242,594.532570889545,0.303723663402712,0.129577979720466,1,9,52.2108955110555,-3.13238393644106,7,21.659692035371,68.9572777962423,18.1409465602746,18.6477883276134,1.68049109194909,1012000.81434225,290.122653548184,0.001645415745832,6.30470946198471,1999,0,0,0,0,0,0,1,0,0,0,0,0,1,0,0,0,0,0,0,0,0,0,0,0,0,0,0,0,0,0,0,0,0,0,0,0,1,0,0,0,0,0,0,0,0,0
2,136.938482377676,880.509550987037,1.44070692889313,0.195783257265585,26,12,54.1201414770605,-4.28454342192661,2,76.2699678440777,17.7231110232481,36.5392222363159,18.6460384626307,13.8322843875863,569895.3145564,271.30914684595,0.0011838396118375,3.7727713410562,1991,0,0,0,0,0,0,0,1,0,1,0,0,1,0,0,0,0,0,0,0,0,0,0,0,0,0,0,0,0,0,0,1,0,0,0,0,0,0,0,0,0,0,0,0,0,0
3,146.240453062272,1068.26551103925,1.44176475951654,0.263729635046367,4,12,55.8284042767571,-1.65261937844449,12,76.2863810140369,17.7718743784374,36.4587269305341,18.641537189965,13.8188125448905,851521.776884449,275.79627825102,0.0040165767914018,7.77132270656392,1982,0,0,0,0,0,1,0,0,0,0,0,0,1,0,0,0,0,0,0,0,0,0,0,0,0,0,0,0,0,0,0,0,0,0,0,1,0,0,0,0,0,0,0,0,0,0
6,6.21661344686861,658.382793350194,1.44189054435461,0.163590923265394,12,0,53.611651267644,-2.25957266353296,12,76.3095448392615,57.2124736789238,36.4672682338635,18.6481288216967,13.7922782166502,8370892.08570432,274.799522985404,-0.0058305321791167,5.95753256292563,1991,1,0,0,0,0,0,0,0,0,1,0,0,0,0,0,0,0,0,0,0,0,0,0,0,0,0,0,0,0,1,0,0,0,0,0,0,0,0,0,0,0,0,0,0,0,0
7,-131.850025547397,375.378409415967,1.44145151978725,0.168042265641245,9,0,53.7192860656907,-1.52545105772141,11,76.3821997934302,17.700218236627,36.4803288066978,18.6408835817999,13.7610431963947,6005206.5100103,276.291333973987,-0.0086420543393691,2.65115350749267,1996,0,0,0,0,1,0,0,0,0,0,0,0,1,0,0,0,0,0,0,0,0,0,0,0,0,0,0,0,0,1,0,0,0,0,0,0,0,0,0,0,0,0,0,0,0,0
4,201.105439884901,391.235300805763,1.27350703032129,0.153399386434918,24,21,52.1436536637094,-0.874628704815544,4,77.8820868316423,19.4856388503338,32.7868944321415,18.6567776660992,22.4271197798309,363426.523603362,284.167208384519,0.0018167361415358,4.72595430690528,1995,0,0,0,0,0,0,1,0,0,0,1,0,0,0,0,0,0,0,0,0,0,0,0,1,0,0,0,0,0,0,0,0,0,0,0,0,0,0,0,0,0,0,0,0,0,0
7,2.80463617182888,772.659540788695,1.44266680373167,0.177796904821734,27,23,53.5017363227889,-1.36739245311103,2,76.3297302189297,17.7467897943672,36.4706375789887,18.6440536450015,13.8083883197465,6237912.1338293,281.417767114575,0.0004427360876017,8.18195055858295,1983,0,0,0,0,1,0,0,0,0,0,0,0,1,0,0,0,0,0,0,0,0,0,0,0,0,0,0,0,0,0,0,0,0,0,0,0,0,0,0,0,0,0,0,1,0,0
7,132.080253319169,527.840499777305,1.44094808839786,0.126911991733886,26,20,54.1864579425548,-1.89168156428496,9,76.2864008987709,17.7370890474806,36.4789267865338,18.641624052086,13.8345862763733,5903560.97067226,289.651990818096,-0.0007037003423031,4.34918317273881,1984,0,1,0,0,0,0,0,0,0,0,0,0,0,0,0,1,0,0,0,0,0,0,0,0,1,0,0,0,0,0,0,0,0,0,0,0,0,0,0,0,0,0,0,0,0,0
1,79.8204993632221,1693.27216561009,1.22294811654413,0.142298932365376,5,17,51.8092527347894,-1.84474811675315,6,80.2934290746109,32.7006131401143,35.6293318617048,18.6580061433885,22.1772973583507,5913018.14459206,291.57038459332,0.0007859920096088,4.1991291160509,1988,0,0,0,0,0,0,1,0,0,0,0,0,0,0,0,0,0,0,0,0,0,0,0,1,0,0,0,0,0,0,0,0,0,0,0,0,0,0,0,0,0,0,0,0,0,0
9,32.1333590336813,804.797595081636,0.78589826195023,0.150780594078024,5,12,52.2069331273497,-2.10257088927326,9,62.9088086899386,17.7388443576074,36.485325739112,18.6406572156962,13.7999145632445,1626543.40595842,286.250107015687,0.00239281274445,2.36080813677902,1993,0,1,0,0,0,0,0,0,0,1,0,0,1,0,0,0,0,0,0,0,0,0,0,0,1,0,0,0,0,0,0,0,0,0,0,0,0,0,0,0,0,0,0,0,0,0
6,204.716125296922,1121.48024488917,1.55479226449032,0.12639388775607,22,17,51.6853088810188,-2.57264717695224,9,76.4769362930955,22.5713006841492,36.482165240993,18.6445092018446,16.3938366109447,481667.707194722,292.930194236158,0.0012178032875594,14.2823600890551,1990,0,1,0,0,0,0,0,0,0,0,0,0,1,0,0,0,0,0,0,0,0,0,0,1,0,0,0,0,0,0,0,0,0,0,0,0,0,0,0,0,0,0,0,0,0,0
0,60.5941112726012,1088.82240668422,1.26979423298029,0.17705980195049,24,20,52.9447437129323,-0.875411062605812,6,65.6830965690131,29.2498464843576,39.0509952100652,18.627852060919,8.75618343071033,5642257.09238428,297.341293424305,0.0012063741686966,12.2307076579428,1995,0,0,0,0,0,0,0,1,0,0,1,0,0,0,0,1,0,0,0,0,0,0,0,0,0,0,0,0,0,0,0,0,0,1,0,0,0,0,0,0,0,0,0,0,0,0
7,52.9581825505123,918.793180807391,1.06300358426024,0.17416720215756,17,8,51.580706593003,-2.31871056066696,5,71.8211996384856,16.0421667399189,39.9746288907282,19.9912575741102,10.8232630998964,1011909.09331983,281.974376330456,0.003177082273508,7.57033867385343,2000,0,1,0,0,0,0,0,0,0,0,1,0,0,0,0,1,0,0,0,0,0,0,0,1,0,0,0,0,0,0,0,0,0,0,0,0,0,0,0,0,0,0,0,0,0,0
9,-1.63925807014501,603.517494317377,1.28136748249234,0.188235790978234,24,10,51.8886784043994,-1.27061650559645,3,67.2943862859975,2.69174015877273,33.5821508216347,18.6406570169568,14.5716129656345,454748.20591361,286.112926541661,0.0001395885314852,7.45950660961968,1993,0,1,0,0,0,0,0,0,0,0,1,0,1,0,0,0,0,0,0,0,0,0,0,0,0,0,0,0,0,0,0,0,0,0,0,0,0,0,0,1,0,0,0,0,0,0
5,40.5297470064911,1494.6406460729,1.44131162012805,0.183829619097687,20,20,50.8665939916156,0.342596983114934,9,42.3765297342575,17.7463581505751,36.4571317789958,18.6410228516023,13.8103065624481,9807789.81260961,287.680275726392,-0.000692507739366,9.73673433200666,1990,0,0,0,0,0,0,1,0,1,0,0,0,1,0,0,0,0,0,0,0,0,0,0,0,0,0,0,0,0,0,0,0,0,0,0,0,0,0,0,0,0,0,0,1,0,0
7,125.803109779822,149.229520582434,1.44140093332721,0.0963560002395538,7,20,51.8949822368847,-2.7159090342419,11,75.6498642916695,17.7636731360363,36.4713126390334,18.6385691364945,13.7916265238322,4208988.85821847,274.886946117424,-0.006386919847835,2.7235201385452,1996,0,1,0,0,0,0,0,0,1,0,0,0,0,0,0,1,0,0,1,0,0,0,0,0,0,0,0,0,0,0,0,0,0,0,0,0,0,0,0,0,0,0,0,0,0,0
2,145.004495695738,514.059199831851,1.94460873882202,0.183200963183977,18,6,54.2516513718755,-0.545392184072543,10,90.3442420092144,17.749813622933,36.543446453364,18.6399076701559,17.6299190665682,231309.839323317,278.234518064227,0.002088129261503,6.19823872981162,1994,0,1,0,0,0,0,0,0,1,0,0,0,0,0,0,1,0,0,0,0,0,0,0,1,0,0,0,0,0,0,0,0,0,0,0,0,0,0,0,0,0,0,0,0,0,0
1,-18.8743355261264,132.133972824337,1.61892402623752,0.169949916472239,8,4,52.6162829974908,-3.08763523291461,4,53.4279384105332,7.75763638185406,40.8156864380845,18.6495481659056,18.5360010878699,-9.57878655154547,275.618090806759,0.0003965317637991,2.37013252854143,1992,0,1,0,0,0,0,0,0,1,0,0,0,1,0,0,0,0,0,0,0,0,0,0,1,0,0,0,0,0,0,0,0,0,0,0,0,0,0,0,0,0,0,0,0,0,0
4,143.953383466316,-172.868666358661,1.44128289036666,0.0857085051061273,21,21,53.2222914739909,-2.70364332375201,3,76.3481651889428,17.7180619362131,36.4630999595843,18.6374782279958,13.8050021160369,4035537.08886679,278.216704464254,0.0012695960374957,2.28891562056386,1981,0,1,0,0,0,0,0,0,0,1,0,0,1,0,0,0,0,0,0,0,0,1,0,0,0,0,0,0,0,0,0,0,0,0,0,0,0,0,0,0,0,0,0,0,0,0
7,79.4532961031479,833.552154550583,0.908212088178496,0.201723856510802,2,12,54.09590882752,-3.28412189909091,3,16.1718786032648,56.8604537671551,31.1956208886603,18.6415446941613,13.7599848372502,2248594.51824051,284.571433023117,0.0013891296889448,8.98032356521885,1998,0,0,0,1,0,0,0,0,0,0,1,0,1,0,0,0,0,0,0,0,0,0,0,1,0,0,0,0,0,0,0,0,0,0,0,0,0,0,0,0,0,0,0,0,0,0
9,-5.76999913975627,2682.99529168986,1.44186977933376,0.219807475472635,13,19,52.0726814310697,-2.44100262290792,5,53.8546722466272,17.7417606507401,36.475233496482,18.6531821698628,13.8135541910138,7716782.46468263,282.656571655571,0.0002200125214079,5.26527431795771,1987,1,0,0,0,0,0,0,0,0,0,0,0,1,0,0,0,0,0,0,0,0,0,0,1,0,0,0,0,0,0,0,0,0,0,0,0,0,0,0,0,0,0,0,0,0,0
6,-37.4889557425059,653.150623628107,1.44166116344864,0.194894233674406,4,1,53.8523552251016,1.25746858770579,12,87.2293926200169,17.750506434117,36.4770256408284,18.6393393028447,13.8056050167474,3623944.23196557,277.341688811571,-0.0010036710943855,10.5216465784759,1988,0,0,1,0,0,0,0,0,0,0,1,0,1,0,0,0,0,0,0,0,0,0,0,1,0,0,0,0,0,0,0,0,0,0,0,0,0,0,0,0,0,0,0,0,0,0
8,97.0443189320453,1018.23357151649,1.30376399755623,0.203057161833659,11,18,52.3078314484661,-0.0193884827863533,10,52.6481341424201,17.7298970543296,35.3086832575687,18.6338486132251,11.7867993070391,4545905.05684401,287.149080819238,7.24944146283189e-05,7.67316379006389,1998,0,0,0,0,0,0,0,1,1,0,0,0,0,0,0,1,0,0,0,0,0,0,0,0,0,0,0,0,0,0,0,0,0,0,0,1,0,0,0,0,0,0,0,0,0,0
0,-0.872370600433477,1023.88196454803,1.44026501069629,0.208434535551233,12,17,53.2317603484806,-3.07160698951598,6,76.2866811821055,17.7782000972374,36.459057886902,18.6429557680477,13.7943668222359,2940620.88973528,289.88472588383,-0.0004485054919698,10.224799758603,1993,0,0,0,1,0,0,0,0,0,1,0,0,1,0,0,0,0,0,0,0,0,0,0,0,0,0,0,0,0,0,0,0,0,0,0,0,0,0,0,0,0,0,1,0,0,0
3,-8.779081206589,539.412435841307,1.44124540974262,0.175725476285684,2,9,51.8912980903493,-1.91583912515116,10,76.2907414609317,17.8071519701213,36.4573492669254,18.6452785306218,13.785918886266,918992.375115125,286.671208109937,0.0009041159877447,4.81437802535296,1982,0,0,0,0,0,0,0,0,1,0,0,0,0,0,0,1,0,0,0,0,0,0,0,0,0,0,0,0,0,0,0,0,0,0,0,0,0,0,0,0,0,0,0,0,1,0
0,36.2070160231863,540.747787618494,1.45515798113343,0.202332401763077,7,10,54.3138389320498,-1.88683680456387,5,76.3131439412171,17.7469345827752,36.481829487563,18.6390290608157,13.8183129014122,2196753.89451942,284.512962546085,0.0008138015742547,3.62355125379336,1984,0,0,0,1,0,0,0,0,1,0,0,0,1,0,0,0,0,0,0,0,0,0,0,1,0,0,0,0,0,0,0,0,0,0,0,0,0,0,0,0,0,0,0,0,0,0
6,-26.5446011889669,1161.75493981443,2.02909665113768,0.174316580361493,25,15,53.0173975556849,-1.16547730058636,11,96.218334058626,17.7369195909868,36.4846318925226,18.6416235624391,32.3549804482753,5432974.08986639,286.167242175784,-0.0046101547683476,10.5092435389179,1984,0,1,0,0,0,0,0,0,0,1,0,0,0,0,0,1,0,0,0,0,0,0,0,1,0,0,0,0,0,0,0,0,0,0,0,0,0,0,0,0,0,0,0,0,0,0
3,95.5418687269286,77.6327734748729,1.44234916366176,0.199391152588638,24,22,51.6645573600873,1.11902813747346,1,76.4995858310571,17.7560935158613,36.4958999664689,18.6273153027746,13.819383665623,6336661.11849887,281.260219378883,-0.0061149277052233,4.8554989768234,1992,0,0,1,0,0,0,0,0,0,1,0,0,0,0,0,1,0,0,0,0,0,0,1,0,0,0,0,0,0,0,0,0,0,0,0,0,0,0,0,0,0,0,0,0,0,0
2,213.938237874762,438.082482078519,0.447963436275977,0.18490641654801,22,8,53.9177671079335,-1.22047085979344,12,46.5796199102218,52.7828733850318,22.9386137583824,18.64643017804,12.9975075730992,684546.908504167,274.296990490602,-0.0154924568455364,1.66293149055672,2000,1,0,0,0,0,0,0,0,1,0,0,0,1,0,0,0,0,0,0,0,0,0,0,0,0,0,0,0,0,0,0,0,0,0,0,0,0,0,0,0,0,0,0,1,0,0
6,153.682684048394,291.595805743308,1.44234913785828,0.233179212784789,28,12,51.9512106080604,0.375739724374543,1,76.6016202910894,17.7562185447408,36.4958995997734,18.6415473651585,13.8193840430658,786900.292469075,279.425552010438,-0.0007779096619893,4.79834076364438,1992,0,0,0,0,0,0,0,1,0,0,1,0,0,0,0,1,0,0,0,0,0,0,1,0,0,0,0,0,0,0,0,0,0,0,0,0,0,0,0,0,0,0,0,0,0,0
2,58.4773695387307,170.988022852504,1.44076430687531,0.175753361254762,12,2,53.5401972535568,-2.98023368331486,5,76.3437806503672,17.766664174746,36.4813845279701,18.6414435026436,13.805994102512,3789590.98445923,279.227589300684,0.0013274481991442,2.41096587359406,1994,0,1,0,0,0,0,0,0,0,1,0,0,1,0,0,0,0,0,0,0,0,0,1,0,0,0,0,0,0,0,0,0,0,0,0,0,0,0,0,0,0,0,0,0,0,0
0,185.875557346193,1.09719905489325,1.44341713890684,0.132524294490326,25,1,51.5523094960552,-0.137608090169408,5,76.2985444403617,17.7814911336576,36.4686168939264,18.6414443114218,13.7777931397403,7574491.13023205,283.856359877534,0.0025063395776656,2.952280100652,1994,0,1,0,0,0,0,0,0,0,0,0,0,1,0,0,0,0,0,0,0,0,0,0,0,0,0,0,0,0,0,0,0,0,0,0,1,0,0,0,0,0,0,0,0,0,0
3,-7.1940338352194,1679.28892610599,2.0297359446967,0.204428274673366,11,15,54.2189977757749,-3.49461792585286,4,94.6905642021563,23.9189941746597,36.4730493524608,18.6326519137816,18.2583960500777,5734544.93300314,282.797041324944,0.0012519389250264,7.89540292509507,1991,0,0,0,0,0,0,1,0,0,0,0,0,1,0,0,0,0,0,0,0,0,0,0,1,0,0,0,0,0,0,0,0,0,0,0,0,0,0,0,0,0,0,0,0,0,0
4,115.914435016742,333.428343113682,1.44169193103683,0.218021104378274,1,8,51.0588927908638,-1.57741123577976,5,76.4474483607571,17.7652191882951,36.4585352254552,18.6425012507627,13.8069696323739,322954.77136513,285.122668164358,0.0028966231382529,4.62324444540146,1994,0,0,0,1,0,0,0,0,0,0,0,0,0,0,0,1,0,0,0,0,0,0,0,0,0,0,0,0,0,0,0,0,0,0,0,0,1,0,0,0,0,0,0,0,0,0
7,89.8490782004667,346.146708261787,1.44098830806665,0.19868189335181,25,18,51.4000762610096,-2.56429735465395,12,76.3631767479318,17.7424109749372,36.4695466573444,18.645709174955,13.8016722481824,4290496.81249892,278.656678722165,-0.0033560035634249,4.46205082500244,1986,0,0,0,0,0,0,0,1,1,0,0,0,0,0,0,1,0,0,0,0,0,0,0,0,0,0,0,0,0,0,0,0,0,0,0,0,0,0,0,0,0,0,1,0,0,0
1,107.081988471655,266.745708345399,1.51626498812759,0.213644114634921,20,2,51.9376829192492,-2.90785137386167,7,59.1623290990447,17.5989508149152,32.7363820702095,18.6400948210414,14.414089653724,4489308.03903722,285.199159036939,0.0008122878958367,2.25243605556252,1997,0,0,1,0,0,0,0,0,0,0,0,0,0,0,0,1,0,0,0,0,0,0,0,1,0,0,0,0,0,0,0,0,0,0,0,0,0,0,0,0,0,0,0,0,0,0
4,-25.0554343277997,167.774936436226,1.80445247836292,0.225382672279579,18,2,52.8129748437731,-0.722366805907391,10,-102.414734697843,17.9605715057374,36.4948364626859,18.714481604049,13.4811295796319,4651395.44202641,284.446647798486,-0.0007788309546951,2.68572218378793,1989,0,0,1,0,0,0,0,0,1,0,0,0,0,0,0,0,0,0,0,0,1,0,0,0,0,0,0,0,0,0,0,0,0,0,0,0,0,0,0,0,0,0,0,0,0,0
3,28.0535026509862,204.730002277229,0.580011953489927,0.183250821057249,25,3,52.6509238301325,0.0877021885704681,8,56.6091609496477,18.8863443556352,25.2614136508458,18.6393583080857,5.85097023857473,1600802.27357372,285.158805832005,0.0009467380242742,1.67247360567737,1999,0,0,0,0,0,1,0,0,1,0,0,0,1,0,0,0,0,0,0,0,0,0,0,1,0,0,0,0,0,0,0,0,0,0,0,0,0,0,0,0,0,0,0,0,0,0
6,85.6390066053032,344.52904583982,1.44160608500204,0.240072148347831,28,2,52.657648592865,0.8236905811259,6,76.4405884584094,17.7599165769284,36.4630622557981,18.6454224661528,13.8095302188568,6946877.12930478,283.720904568646,0.001417657460048,4.05300046091724,1985,0,0,0,0,0,0,0,0,0,0,0,0,0,0,0,1,0,0,0,0,0,0,0,0,0,0,0,0,0,0,0,0,0,0,0,0,1,0,0,0,0,0,0,0,0,0
6,162.104642082292,1564.09866803605,1.44208628955199,0.195082549465503,11,18,53.033030675836,-1.84325231477426,4,76.4179263796067,17.7566156343697,36.4825810839879,18.6407685367587,13.8426546600951,3301033.07500705,279.983373328737,0.0022278800477537,8.46577336344844,1985,0,1,0,0,0,0,0,0,1,0,0,0,1,0,0,0,0,0,0,0,0,0,0,0,0,0,0,0,0,1,0,0,0,0,0,0,0,0,0,0,0,0,0,0,0,0
6,-0.213173675518938,1134.52686607546,1.44181387492443,0.175702254693618,27,14,55.4722487241534,-0.879099235690264,9,76.3963876467925,17.7913765881045,36.4629722191438,18.6301103529688,13.8136906755319,2952901.84241019,285.772770881152,0.0022028149401429,8.65238169731092,1981,0,0,0,0,0,1,0,0,0,0,0,0,0,0,1,0,0,0,0,0,0,0,0,1,0,0,0,0,0,0,0,0,0,0,0,0,0,0,0,0,0,0,0,0,0,0
5,70.9366940240697,302.770785410177,1.31740482467336,0.121498781154401,6,1,51.2330854157595,-1.58135356079918,4,467709.235773123,41.28621619569,34.436671200927,18.6422345832708,170379.739352188,3692555387.85752,279.544751908188,-1.58718525049069,4.94990899962175,1985,0,1,0,0,0,0,0,0,0,0,1,0,0,0,1,0,0,0,0,0,0,0,0,0,1,0,0,0,0,0,0,0,0,0,0,0,0,0,0,0,0,0,0,0,0,0
1,104.341361833858,532.06514062893,1.28136746036685,0.186151916853939,18,8,51.4417993911889,-2.71854485697891,5,68.900231946403,18.2200925835255,33.5821523676556,18.6455207861467,14.5716125976666,1447231.23655474,282.075226760865,0.0003911071928724,4.23300665505181,1990,0,0,0,1,0,0,0,0,1,0,0,0,1,0,0,0,0,0,0,0,0,0,0,0,0,0,0,0,0,0,0,0,0,0,0,0,0,0,0,1,0,0,0,0,0,0
7,86.6504873819684,152.402057069181,1.44186973387329,0.140821973520692,8,22,51.8233045657927,-1.78107469613375,2,79.0028330656594,17.7404458350255,36.475233646187,18.6380729616353,13.8135546151846,4690775.4700517,280.916103606536,-0.0024576716400927,3.56054428758962,1987,0,0,0,0,0,0,1,0,0,1,0,0,1,0,0,0,0,0,0,0,0,0,0,1,0,0,0,0,0,0,0,0,0,0,0,0,0,0,0,0,0,0,0,0,0,0
8,31.7831017313101,543.336135061511,1.44154192466252,0.189699367262247,21,15,52.695166242019,0.876023652157142,11,76.3399110943624,17.7560300220026,36.4783202954969,18.6423310298992,13.814016184537,708025.622096741,275.51874363375,0.0003243761276627,7.79319069202009,1988,0,0,0,0,0,0,0,1,0,0,1,0,0,0,0,1,0,0,0,0,0,0,0,1,0,0,0,0,0,0,0,0,0,0,0,0,0,0,0,0,0,0,0,0,0,0
6,108.387395836308,944.220391791588,1.4662247094939,0.13310042131569,28,3,54.3313814957843,0.340276495686565,2,76.3563018166654,85.3449442124591,36.2311253773622,18.634410549312,13.8056666792517,2022201.25396789,278.505696684255,0.00047822698186,7.7495574310048,2000,0,0,0,1,0,0,0,0,1,0,0,0,0,0,0,0,0,0,0,0,0,0,0,0,0,0,0,0,0,0,0,0,0,0,0,0,1,0,0,0,0,0,0,0,0,0
3,38.1090312863418,140.801922384019,1.05671233737245,0.245241286257573,5,23,51.2300040854494,-0.668295186399535,5,71.2579278058335,-4.39442161774674,41.9976635107462,18.6434573579269,32.8458220437769,962908.287930194,283.910018311215,0.0001624098690453,2.60193054509973,1995,0,1,0,0,0,0,0,0,0,0,1,1,0,0,0,0,0,0,0,0,0,0,0,1,0,0,0,0,0,0,0,0,0,0,0,0,0,0,0,0,0,0,0,0,0,0
1,151.161268622035,606.872752723753,0.750296738898114,0.271423369054401,29,8,52.234087619344,-1.88288283146196,5,32.2308789257137,10.7229111924669,23.8406858478981,18.6405702433746,-15.438616858764,298134.099001876,284.181057502585,0.0023972036720574,4.15212332341588,1997,0,0,0,0,0,1,0,0,0,0,1,0,1,0,0,0,0,0,0,0,0,0,0,0,0,0,0,0,0,0,0,0,0,0,0,0,0,0,0,0,0,1,0,0,0,0
3,134.982191951889,625.447046107177,1.44256270513523,0.133524620931475,11,8,51.9032793639234,-2.88583890694493,3,76.4601163311341,17.6920654201935,36.45857180346,18.6476708904833,13.8037083675179,910113.372845694,282.63112131053,0.0006785767055926,2.50839588305016,1997,0,0,0,0,0,0,0,0,0,0,0,0,1,0,0,0,0,0,0,0,0,0,0,0,0,0,0,0,0,1,0,0,0,0,0,0,0,0,0,0,0,0,0,0,0,0
7,11.3508337234252,58.8804074184075,1.44099763295512,0.257194950463526,15,10,51.2498580702349,0.0629730015285042,11,76.2979906280742,17.7363616782163,36.4752600809281,18.6326281084328,13.7968612642606,-608625.160335958,281.626330630322,0.00446842600377,3.51885535748059,1993,0,0,1,0,0,0,0,0,0,1,0,0,0,0,0,1,0,0,0,0,0,1,0,0,0,0,0,0,0,0,0,0,0,0,0,0,0,0,0,0,0,0,0,0,0,0
4,133.626283174636,172.646379793389,1.44022644394029,0.221108199261566,22,7,52.4220680186836,-2.41873126098993,12,76.2863945208044,17.7925277427234,36.482172513855,18.6455576740068,15.2333550481747,-118069.009697278,273.253430653128,0.0032270090305024,3.37951530456919,1998,0,0,0,1,0,0,0,0,0,0,0,0,0,0,1,0,0,0,0,0,0,0,0,0,0,0,0,0,1,0,0,0,0,0,0,0,0,0,0,0,0,0,0,0,0,0
8,51.6359982157456,1308.68991084111,1.08699003509037,0.188267402283064,14,10,53.2312582848901,-2.15297299026122,7,92.7020553680002,20.4415353601646,32.1895147177251,19.7049221456613,-27.1057821772964,4236444.46478894,288.785265137454,-0.0004286673431901,3.21658109680054,1986,0,0,0,0,1,0,0,0,0,0,0,0,0,0,1,0,0,0,0,0,0,0,0,0,0,0,0,0,0,0,0,0,0,0,0,0,0,0,0,0,0,0,0,1,0,0
5,-42.0590881352693,52.7857033207889,1.29633263280428,0.22210619457201,28,4,53.3708226064181,-0.445758470119856,7,112.92113244191,37.3131772883012,39.4823200937742,18.643316413623,17.5298255535145,-12.4415349566643,283.548878362007,2.96773585254696e-05,1.23655810321074,1990,0,0,0,1,0,0,0,0,0,0,0,0,0,0,0,0,0,0,0,0,0,0,0,0,0,0,0,0,0,0,0,0,0,1,0,0,0,0,0,0,0,0,0,0,0,0
5,72.6634327596729,1227.55443068842,0.134127031389772,0.152538303805577,24,7,53.4307266523913,-1.50181103943291,11,-115656.070096965,9.80784873245334,33.8548814372012,18.6032924412946,31073.7851937945,-26336172.5552433,284.148337993385,0.45593553981201,10.9807526662888,1992,0,0,0,0,0,0,1,0,0,1,0,0,0,0,0,0,0,0,0,0,0,0,0,0,1,0,0,0,0,0,0,0,0,0,0,0,0,0,0,0,0,0,0,0,0,0
2,23.4049907692509,801.994152008827,-0.139545538155552,0.167348177603282,28,7,53.6209530463803,-0.792551334651864,12,18.3177349558771,67.6597087529633,16.9153900559732,18.6464762363636,4.6423804818672,113020.613722849,283.143767146772,-0.0038169400610617,9.79384563956077,2000,0,0,0,0,0,0,0,1,0,0,0,0,1,0,0,0,0,0,0,0,0,0,1,0,0,0,0,0,0,0,0,0,0,0,0,0,0,0,0,0,0,0,0,0,0,0
3,67.1358300216899,375.043585806046,0.943872877173723,0.18070192828415,9,21,51.4169141650306,-0.953037988431237,3,51.4032748576943,10.9224694549886,29.9102252817556,18.6389941686918,9.68415578121953,1663771.76985476,277.416980919638,0.0011452971961437,4.00202381597354,1998,0,0,0,0,0,0,1,0,0,0,1,0,0,0,0,1,0,0,0,0,0,0,0,1,0,0,0,0,0,0,0,0,0,0,0,0,0,0,0,0,0,0,0,0,0,0
2,38.5755504225169,1128.24856580796,1.26155910163566,0.257506715146005,4,12,51.0222174951927,-1.38039021690263,3,68.3428090473214,17.7492418050657,36.4999566475963,18.6459960874699,13.8208157727002,1933133.9377331,282.502826413539,0.0006859596291503,11.2250040502953,1991,0,0,0,0,0,0,0,1,0,0,0,0,1,0,0,0,0,0,0,0,0,0,0,0,1,0,0,0,0,0,0,0,0,0,0,0,0,0,0,0,0,0,0,0,0,0
9,57.0305376593222,632.961673689738,1.28675305683773,0.135911487740258,30,9,54.9272452809976,-2.23039618753916,8,-1458414.83134663,27.4451043841634,34.4568355228479,18.6417554392933,-103533.36382085,-4018100665.4891,284.595401953287,5.21012220299635,5.76597080215515,1986,0,1,0,0,0,0,0,0,0,1,0,1,0,0,0,0,0,0,0,0,0,0,0,0,1,0,0,0,0,0,0,0,0,0,0,0,0,0,0,0,0,0,0,0,0,0
1,6.05313998365349,1241.76153952349,1.44110766854583,0.114115335917572,2,16,53.0371752771932,-1.32105286201322,5,76.2895229286188,17.7892230287112,36.4731756090686,18.6365996142527,13.8088140642475,4873864.72507101,287.369536085932,0.0002051157169677,3.18520198097077,1990,0,0,0,0,0,0,0,0,1,0,0,0,0,0,0,1,0,0,0,0,0,0,0,0,1,0,0,0,0,0,0,0,0,0,0,0,0,0,0,0,0,0,0,0,0,0
4,48.6702367253107,636.602432869508,1.44074090940601,0.131025493573328,30,9,52.8980570349598,0.435241671130542,4,76.3531838872661,17.7506279281066,36.4676876798008,18.6490292314736,13.7998796219896,1548424.45221394,277.870302106012,0.0003070813708542,1.46961826122201,1989,0,1,0,0,0,0,0,0,0,1,0,0,1,0,0,0,0,0,0,1,0,0,0,0,0,0,0,0,0,0,0,0,0,0,0,0,0,0,0,0,0,0,0,0,0,0
4,13.9431859012363,1042.44973283566,1.44253379049504,0.167217464522486,13,14,52.5720553955671,-3.22448372769439,12,76.2752351508179,17.7703564635813,36.4811969234815,18.6401862172448,13.816325793904,2136809.23832472,278.301664104949,-0.000697788473567,9.87630759581042,1983,1,0,0,0,0,0,0,0,0,1,0,0,1,0,0,0,0,0,0,0,0,1,0,0,0,0,0,0,0,0,0,0,0,0,0,0,0,0,0,0,0,0,0,0,0,0
7,83.7061449750228,792.009712239836,1.44075007662812,0.219792141676322,2,2,52.7415878141472,-0.80276625278216,5,76.3325641403321,17.7776541420971,36.4825420676634,18.641960997637,13.8037470100721,889117.80110647,278.10708109356,0.0024240801198413,7.7732805302077,1987,0,1,0,0,0,0,0,0,0,0,0,0,0,0,0,1,0,0,0,0,0,0,0,0,0,0,0,0,0,1,0,0,0,0,0,0,0,0,0,0,0,0,0,0,0,0
5,-11.556194055416,329.829061453357,2.26738942174625,0.139250819401898,10,22,51.1056295743707,0.36198157205789,1,82.9999301251066,19.0136687826905,36.4821663266659,18.6423425782432,16.3280021341559,-426064.254440016,277.595402249137,-0.0002492189921037,3.11081491045087,1990,0,0,0,0,0,0,0,1,0,1,0,0,1,0,0,0,0,0,0,0,0,0,0,1,0,0,0,0,0,0,0,0,0,0,0,0,0,0,0,0,0,0,0,0,0,0
3,-71.42094825831,512.168562681888,1.44335173418091,0.206592217361351,14,9,52.8446979835934,0.583697558549916,2,76.4380820788973,17.7405221284542,36.4638146662059,18.6405451059505,13.8078123929804,2710982.0262833,279.902017005999,-0.0099092459726142,2.68910620235155,1981,0,0,0,1,0,0,0,0,0,1,0,0,1,0,0,0,0,0,0,0,0,0,0,0,0,0,0,0,0,0,0,0,0,0,0,0,1,0,0,0,0,0,0,0,0,0
7,-27.62525234429,782.024991663124,1.43972333673538,0.15957175546887,27,9,54.8516894639653,0.399863776017934,7,76.3369650373806,17.74414391893,36.475882199609,18.6461754636639,13.8117137553242,1499521.06231542,289.391237388362,0.0016293649743961,6.13395614703936,1989,0,0,0,0,0,0,0,1,0,0,0,0,1,0,0,0,0,0,0,0,0,0,0,0,0,0,0,0,0,0,0,0,0,0,1,0,0,0,0,0,0,0,0,0,0,0
5,60.7167748836454,1140.17457443022,1.95411816371058,0.135984792291696,28,18,50.6239415911763,-3.26794772628246,10,77.8878276595696,17.7357099300343,36.483556480588,18.6457830512086,6.59121216592265,3589775.35020598,283.623250072083,-0.0012840320603276,9.1173341325969,1990,0,1,0,0,0,0,0,0,0,1,0,0,0,0,0,1,0,0,0,0,0,0,0,1,0,0,0,0,0,0,0,0,0,0,0,0,0,0,0,0,0,0,0,0,0,0
1,189.519388122119,1227.85264732521,1.38963129850099,0.111270023520562,22,17,52.2644264552578,-0.403553276943665,8,76.3085038851806,17.7167988929711,36.653180257378,22.764722070378,13.8153308982858,6086484.41082821,295.33970675953,0.0012673844873105,5.41002875601852,1999,0,1,0,0,0,0,0,0,0,1,0,0,0,0,0,1,0,0,0,0,0,0,0,0,0,0,0,0,0,0,0,0,0,0,0,0,0,0,0,0,0,0,0,1,0,0
2,68.9912583285066,782.576209556082,1.43397951491998,0.144779777477934,20,13,55.4678848653973,-0.299890467076098,8,76.4740398876597,17.7587669175969,36.4145198796959,18.6385688896479,13.809765008111,6351958.88534298,288.042946854306,0.0023171802698231,1.37507000217172,1996,0,1,0,0,0,0,0,0,1,0,0,0,0,0,0,1,0,0,0,0,0,0,1,0,0,0,0,0,0,0,0,0,0,0,0,0,0,0,0,0,0,0,0,0,0,0
7,-40.8021688318916,493.186088171529,0.608464945950083,0.126046365203456,7,2,53.4931751250946,0.40210383864437,3,45.9405723015943,33.2895418573098,20.699384233202,18.646475426513,21.8776860441716,1495646.2185139,276.273578406595,0.0011265687843991,6.88997623415468,2000,0,0,0,0,0,0,0,1,0,0,0,0,1,0,0,0,0,0,0,0,0,0,0,0,0,0,0,0,0,0,0,0,0,0,0,0,0,0,0,0,0,0,0,1,0,0
9,211.59782495139,467.31585670937,1.61056832052218,0.177782268118883,26,3,53.2495218564608,-0.931725623680055,12,83.6671559203066,19.3338735427863,32.5263512682563,18.6566634235696,21.5514005817312,-36431.0821020324,273.11534971002,-0.0006013295849724,5.86668764751219,1995,0,0,0,0,0,0,1,0,0,0,1,0,0,0,0,0,0,0,0,0,0,0,0,0,0,0,0,1,0,0,0,0,0,0,0,0,0,0,0,0,0,0,0,0,0,0
7,20.9645824286857,1023.79230441251,1.31740479584957,0.158313596176499,11,15,52.4686114056865,-1.95569707410491,1,467701.534953027,23.1420569770605,38.3790416277953,18.6366647935858,170379.736907468,1715426081.05957,278.012528416777,-0.87881293785371,11.4401702826176,1991,0,1,0,0,0,0,0,0,0,0,0,0,0,0,1,0,0,0,0,0,0,0,0,0,1,0,0,0,0,0,0,0,0,0,0,0,0,0,0,0,0,0,0,0,0,0
2,19.9226644239032,331.328327625556,1.08296940028772,0.153115503531252,30,1,52.7971197715594,-1.89407134284159,11,67.6975540961541,6.83143396886552,33.5821522407488,18.6485616039294,14.8922178938234,5993810.32200244,278.903458096912,-0.0089876351489758,2.99377387402533,1983,0,0,1,0,0,0,0,0,0,1,0,0,1,0,0,0,0,0,0,0,0,0,0,0,0,0,0,0,0,0,0,0,0,0,0,0,0,0,0,1,0,0,0,0,0,0
8,52.9365739062964,817.971140097611,1.4419422648386,0.236807484422973,20,1,52.8156937547238,-0.638453826613284,12,76.3495198344117,17.7189028801983,36.5239051165495,18.6382944239614,13.8219949693682,2372372.87701223,276.696838372594,-0.0015079672224567,8.00469137081306,1984,0,0,0,1,0,0,0,0,1,0,0,0,0,0,0,0,0,0,0,0,0,0,0,0,0,0,0,0,0,0,0,1,0,0,0,0,0,0,0,0,0,0,0,0,0,0
9,4.68423421232278,999.300128600761,0.470628563827818,0.23328614910684,17,16,51.2055193572805,-0.708840320347395,2,66.8384986302475,17.7639460312394,35.1523521809518,18.6345726498459,1.81113003685569,828445.178755917,275.364864142046,0.0003970041980376,5.8976452702597,2000,0,0,0,1,0,0,0,0,0,0,0,0,0,0,0,1,0,0,0,0,0,0,0,0,0,0,0,0,0,0,0,0,0,0,0,1,0,0,0,0,0,0,0,0,0,0
3,101.250870679965,935.997491437313,0.460332649061044,0.149492856994652,12,3,52.0663318273059,-2.98183181115152,1,86.6633172232969,34.0841263007696,48.177768205339,18.6360898875542,9.1062528605635,-477019.087836056,280.214026550011,-0.0009179075942891,8.31121555876085,1996,0,0,0,0,0,0,1,0,1,0,0,0,1,0,0,0,0,0,0,0,0,0,1,0,0,0,0,0,0,0,0,0,0,0,0,0,0,0,0,0,0,0,0,0,0,0
0,179.024315616925,296.704040614234,1.44281744204511,0.109065206596256,22,8,52.9591000659835,0.146200377770821,6,76.2918305721734,17.7436462862544,36.5082602069979,18.6439084288699,13.7917888160546,2422280.85329177,289.356855108637,-0.00105642473542,1.9346402761277,1992,0,0,0,0,1,0,0,0,0,0,0,0,1,0,0,0,0,0,0,0,0,0,0,0,0,0,0,0,0,0,0,0,0,0,0,0,0,0,0,0,0,0,0,0,1,0
9,-39.1766693681148,127.071323192661,1.43387701081051,0.206561779840618,19,17,52.8362512515421,0.877565556738079,12,76.3859041745756,17.7300195008559,35.9319956624456,18.6417735450252,13.8076620134411,-1433699.56973489,277.030626005965,0.0040771715139626,3.39321301403487,1998,0,0,1,0,0,0,0,0,1,0,0,0,1,0,0,0,0,0,0,0,0,0,0,0,0,0,0,0,0,0,0,0,0,0,0,1,0,0,0,0,0,0,0,0,0,0
7,136.805341238711,645.299027929353,1.44202216477836,0.209434823649355,10,8,50.7241875631105,-0.244105836549663,10,76.3813346816138,17.7808150604381,36.4916142274071,18.6490651265615,13.7965388461922,-433150.813207601,282.29684633389,0.0020763812644585,6.85893022349825,1988,0,0,0,0,0,0,0,0,0,0,1,0,0,0,0,1,0,0,0,0,0,0,0,0,0,0,0,0,0,0,0,0,0,0,0,0,0,0,0,1,0,0,0,0,0,0
7,147.681347221972,963.368154159794,1.28647401886408,0.176868613231697,1,18,51.5230295069393,-1.54612440758823,9,33.6104873055516,35.6034423505457,35.8491163012,18.6360328920727,6.92938896978351,5949771.69638949,286.33373942399,-0.0002250409067785,7.48861169785762,1985,0,0,0,0,0,0,0,1,0,0,0,0,0,0,0,0,0,0,0,1,0,0,0,0,0,0,0,0,0,0,0,0,0,0,0,0,0,0,0,0,0,0,0,0,0,0
5,120.136007708216,345.506828959428,1.44141872643728,0.147125997189443,19,5,53.3493947976266,-1.21205365248879,3,76.3344171072522,17.7516504336364,36.4877330096398,18.6385304812498,13.845056088398,30841.6393859516,279.29062672808,-0.001285977990764,5.41381685581551,1989,0,0,0,1,0,0,0,0,0,0,0,0,0,0,0,1,0,0,0,0,0,0,0,0,0,0,0,0,0,1,0,0,0,0,0,0,0,0,0,0,0,0,0,0,0,0
9,18.6788272822429,335.700919305213,0.739706321977888,0.19238708458265,23,15,51.9570849790445,-1.78680649106403,1,106.277653480038,18.1555973271462,68.2805399895801,18.6446589438704,49.4487559411666,1602775.17085006,283.751723702189,0.0001130367204594,4.02037033471643,1997,0,0,0,0,0,0,0,0,0,0,0,0,0,0,0,1,0,0,0,0,0,0,0,0,1,0,0,0,0,0,0,0,0,0,0,0,0,0,0,0,0,0,0,0,0,0
0,-11.0244610417378,795.36641650067,1.4403482651734,0.194593700851438,18,4,49.9036043451145,0.773967886155793,2,76.3285979511068,17.730179901333,36.4632761534533,17.4288502542534,13.8040141263145,17.7538909705595,271.622051569383,0.000116760115182,8.60220150327572,1986,0,1,0,0,0,0,0,0,0,1,0,0,0,0,0,0,0,0,0,0,0,0,0,0,0,0,0,0,0,0,0,0,0,0,0,0,0,0,0,0,0,0,0,0,0,1
4,154.868976581267,1411.41895171724,1.26520012783866,0.200320083604329,24,18,53.0708685620796,-0.430550932430063,7,44.9264982109876,9.12231843012318,31.9885293063984,18.6478786499385,8.74577150884435,8965605.5752042,290.318127001394,-0.0007697496937054,2.6238020610113,1997,0,0,0,0,0,0,1,0,0,0,1,1,0,0,0,0,0,0,0,0,0,0,0,0,0,0,0,0,0,0,0,0,0,0,0,0,0,0,0,0,0,0,0,1,0,0
2,99.6605278768856,829.734654966484,1.44193423282047,0.187471642669732,30,19,53.1158793664536,-2.66716170899172,4,76.3528959619953,17.7345847365584,36.4644965480276,18.6495157658428,13.8056744456233,7648164.28877729,283.27113479015,6.49529538399253e-05,5.67394803739608,1984,0,0,0,0,0,1,0,0,0,0,0,0,1,0,0,0,0,0,0,0,0,0,0,0,0,0,0,0,0,1,0,0,0,0,0,0,0,0,0,0,0,0,0,0,0,0
7,-55.7679335124453,1254.04975520151,1.44285469607095,0.190313866295566,18,16,52.2356084775261,-1.90194879107493,12,76.334979005395,17.7156563752034,36.4758032135825,18.6351606566953,13.8070200674818,4169595.30323711,280.109609252131,-0.0002568212598411,6.86712226806134,1988,0,1,0,0,0,0,0,0,0,0,1,0,0,0,0,1,0,0,0,0,0,0,0,0,0,0,0,0,0,0,0,0,0,0,0,0,0,0,0,0,0,0,0,1,0,0
6,-53.116054422231,702.330802985405,1.44171239839834,0.13017755311746,1,17,52.9815421744422,-2.52461722379892,1,76.2812230023197,17.7499883325102,36.5040578676529,18.6378567332933,13.8110536479971,2009990.04640437,276.92242310075,0.0005722172320604,7.68990880189454,1983,0,1,0,0,0,0,0,0,1,0,0,0,1,0,0,0,0,0,0,0,0,0,0,0,1,0,0,0,0,0,0,0,0,0,0,0,0,0,0,0,0,0,0,0,0,0
1,62.1211182248109,198.376635976186,1.44159261120147,0.145965259931565,4,7,51.3230994018557,-2.79732367025337,10,76.3409067149125,17.7566237409913,36.4757785391278,18.6420662828157,13.801306571671,82595.4858788424,283.964696695876,0.0012370377414577,4.76109469969072,1986,0,1,0,0,0,0,0,0,0,0,1,0,1,0,0,0,0,0,0,0,0,0,0,1,0,0,0,0,0,0,0,0,0,0,0,0,0,0,0,0,0,0,0,0,0,0
2,55.5559045759231,1667.42946995746,1.44178842996937,0.178689621025062,14,15,52.491942489773,-2.43692343714076,8,76.3395588959715,17.7436959735905,36.4714425229306,18.6398143315963,13.8141502914476,4221247.90076716,290.957702977272,0.0013583839794547,8.7806976661674,1985,0,0,0,1,0,0,0,0,0,1,0,0,1,0,0,0,0,0,0,0,0,0,0,0,1,0,0,0,0,0,0,0,0,0,0,0,0,0,0,0,0,0,0,0,0,0
5,145.536751192368,480.041253642777,1.44135982333668,0.158807551579247,12,9,52.0464730499329,-1.37473250052304,6,76.3379407174011,17.7397412446842,36.4788444429416,18.6318986150303,-3.27688343979724,2285054.70872538,289.887947884505,0.0011375460026331,3.41137860049566,1993,0,0,0,0,1,0,0,0,0,1,0,0,1,0,0,0,0,0,0,0,0,0,0,0,0,0,0,0,1,0,0,0,0,0,0,0,0,0,0,0,0,0,0,0,0,0
4,138.087469786873,698.066454893707,0.945906530616102,0.199367265226851,4,21,53.4157723777937,-1.01427804263122,4,40.3492745992196,9.96522273211325,44.430544082993,18.8151232588853,11.7816714636293,5799844.91409538,278.446785973549,0.000860880215516,4.37087558021681,1983,0,0,1,0,0,0,0,0,0,0,0,0,0,0,0,0,0,0,0,0,0,0,0,0,0,0,0,0,0,0,0,0,0,0,0,0,0,0,0,0,0,0,0,1,0,0
9,98.041224558064,931.263226881056,1.44104439554629,0.206179295957798,19,1,54.1201498107994,-2.49628866472985,12,76.3307299911168,17.7687976635752,36.4746688047985,18.6419531845367,13.8193753791035,2202916.9961703,277.273386833586,-0.0006595219262641,9.3114882084215,1988,0,0,0,1,0,0,0,0,0,0,0,0,1,0,0,0,0,0,0,0,0,1,0,0,0,0,0,0,0,0,0,0,0,0,0,0,0,0,0,0,0,0,0,0,0,0
5,83.445205343712,607.970427658985,1.44198570058565,0.162113656802851,18,2,53.4606585872489,-0.987012450362131,7,76.3512564662309,17.7666111327212,36.456715904288,20.1558006782339,13.7940033629034,4325454.4138389,285.382820273308,0.0013131209772137,5.59849350738812,1985,0,1,0,0,0,0,0,0,0,1,0,0,0,0,0,0,0,0,0,0,0,0,0,0,0,0,0,0,0,0,0,0,0,0,0,0,1,0,0,0,0,0,0,0,0,0
4,-15.9798924011617,197.4005912566,1.05663082060766,0.201583549100891,11,9,49.6242412188315,-1.19085986575106,12,103.235450233976,21.1489688730476,45.81501873173,18.6439307700185,15.7475598984906,925851.319235133,285.498131190076,-0.0245629349006916,4.54117423439949,1985,0,0,0,0,0,1,0,0,0,0,1,0,0,0,0,0,0,0,0,0,0,0,0,0,0,0,0,0,0,0,0,0,0,0,0,0,0,1,0,0,0,0,0,0,0,0
5,1.72180456262058,598.500889490067,0.962075791197315,0.161805709775561,2,0,51.1965133888431,-2.00309849945599,7,74.0097368432098,44.5537844891944,53.0834370025918,18.6357133647543,12.8048561921936,2394640.14915158,287.843383999707,0.0017195836495521,6.09031764935888,1997,0,0,0,1,0,0,0,0,0,1,0,0,1,0,0,0,0,0,0,0,0,0,0,1,0,0,0,0,0,0,0,0,0,0,0,0,0,0,0,0,0,0,0,0,0,0
5,21.2432836030275,598.461377617222,3.93020269015637,0.115637410325313,2,2,54.2089817995167,-2.32640576795049,11,112.094813969267,17.7510832164493,36.4711280388132,18.6362332671691,52.2864647664699,568697.186351634,278.499770162949,0.0002964913214987,7.19908655489118,1991,0,1,0,0,0,0,0,0,0,0,1,0,0,0,0,1,0,0,0,0,0,0,0,1,0,0,0,0,0,0,0,0,0,0,0,0,0,0,0,0,0,0,0,0,0,0
5,108.167168856403,251.118331705585,1.44245794701594,0.199800849198981,5,5,53.4876480093278,-0.793102600662318,3,76.392217393949,17.7625472705717,36.5206081322703,18.6428860363393,13.7930399026705,43110.254815474,277.860961033373,-0.0190976646917647,2.30470022062754,1981,0,0,0,0,0,0,0,1,0,0,0,0,1,0,0,0,0,0,0,0,0,0,0,0,0,0,0,0,0,0,0,0,0,0,0,0,0,0,0,0,0,1,0,0,0,0
0,32.0575077202719,1071.38274671581,1.37430574846945,0.123797652203528,4,14,50.8068383511572,0.195167049641463,5,76.3635549191105,17.7153872853242,36.2807178109273,20.9458926976016,13.8046067082539,6998431.33289462,292.010996149089,0.0009545478638846,6.81472750758269,2000,0,1,0,0,0,0,0,0,1,0,0,0,0,0,0,1,0,0,0,0,0,0,0,0,0,0,0,1,0,0,0,0,0,0,0,0,0,0,0,0,0,0,0,0,0,0
9,130.631532708909,237.837739617779,1.4419504447199,0.117402168477844,19,21,51.5389843662427,0.0108326706038553,12,76.3555633889021,17.7580164031568,36.4803222679837,18.6433289164386,13.8114177964974,-367137.88183006,266.833767479362,0.0016411869439694,4.50136954370489,1981,0,0,0,0,0,0,0,0,1,0,0,0,0,0,0,1,0,0,0,0,0,0,0,0,0,0,0,0,0,1,0,0,0,0,0,0,0,0,0,0,0,0,0,0,0,0
5,166.015145109133,702.994788288993,1.44239363870335,0.139548529584688,5,5,52.6274828235226,0.0418530250921301,10,76.3127610646173,17.7650746135728,36.4574405258528,18.6382868126288,13.8118140581015,44334.0292603401,281.919313962297,0.0001973148192659,4.50041997613197,1989,0,0,0,1,0,0,0,0,1,0,0,0,1,0,0,0,0,0,0,0,0,0,0,0,0,0,0,1,0,0,0,0,0,0,0,0,0,0,0,0,0,0,0,0,0,0
5,177.801464240989,623.258703735284,1.44153467980678,0.146776906907979,15,2,51.2909529641915,-1.14898494638114,5,76.2963596355777,17.7343416484766,36.4800938024718,18.638987742721,13.8117513712787,5212596.84083216,285.313330089776,0.003109289639196,7.21358418014843,1985,0,0,0,0,0,0,0,1,0,0,1,0,0,0,1,0,0,0,0,0,0,0,1,0,0,0,0,0,0,0,0,0,0,0,0,0,0,0,0,0,0,0,0,0,0,0
9,8.54089857767767,373.447576160461,3.03108547030346,0.129900150146207,31,1,52.0469878165524,-3.54951605592804,6,97.9595655873448,17.7509985246831,36.4711268795211,18.6341088105537,27.9001065765755,3681955.00232077,283.362921634941,0.004003762024663,3.69495650943834,1991,0,0,0,0,0,0,1,0,0,1,0,0,0,0,0,1,0,0,0,0,0,0,0,1,0,0,0,0,0,0,0,0,0,0,0,0,0,0,0,0,0,0,0,0,0,0
6,109.624284774751,690.938108381394,1.33914553458824,0.147344860056375,6,2,51.6212426601454,-3.1723523187393,8,76.3230893142081,17.7538686067251,36.5268244165125,18.6398769040959,13.7945452050381,2662122.82228051,285.442938227541,0.0030684325703443,6.26352996230755,1998,0,0,0,0,0,0,1,0,0,0,0,0,0,0,0,1,0,0,0,0,0,0,0,0,0,0,0,0,0,0,0,0,0,0,0,0,0,0,0,1,0,0,0,0,0,0
5,-12.6125365319174,489.914541428046,1.3996081188238,0.174623150785817,16,22,52.9511745340217,-0.131549736530317,1,76.3318416779355,17.7295478046408,35.4030818230127,18.5981896349766,13.8277649011212,1562605.4809037,277.056418668058,0.0010885350175744,5.30899497391422,1999,0,1,0,0,0,0,0,0,0,0,0,0,1,0,0,0,0,0,0,0,0,0,0,0,0,0,0,0,0,0,0,0,0,0,0,1,0,0,0,0,0,0,0,0,0,0
8,25.0419453173552,2361.07634976248,1.38963120953496,0.154971855619583,7,15,55.3833563481094,-0.680562658901065,7,76.2331500765762,17.7172499119251,36.653179204361,18.6394620680115,13.8153307049005,8099473.01244031,287.374977735886,5.66353823598007e-05,1.73525278507145,1999,0,0,0,0,0,1,0,0,0,1,0,0,0,0,0,1,0,0,0,0,0,0,0,0,0,0,0,0,0,0,0,0,0,0,0,0,0,0,0,0,0,0,0,1,0,0
3,-27.4917486137412,101.252285075388,1.44216071303554,0.194404294195186,24,2,51.391442819877,-2.24321436679964,4,76.2770453538538,17.7592671476182,36.4594403224032,18.634890917119,13.8281592304701,4729240.96143016,282.456847096613,0.0010288933383969,2.20856362228526,1993,0,0,0,0,1,0,0,0,0,1,0,0,0,0,0,1,0,0,0,0,0,0,0,0,0,0,0,0,0,1,0,0,0,0,0,0,0,0,0,0,0,0,0,0,0,0
4,35.4666495488231,286.897069124493,1.44211331691617,0.167979425129195,27,10,52.8902864258841,-1.85807527810658,8,76.278176671003,17.7365189365426,36.455954361662,18.6388942619145,13.8147419099742,3505829.86064009,288.38300088791,-6.36568376053354e-05,2.64940654696534,1990,0,0,0,0,0,0,0,1,0,1,0,0,0,0,0,1,0,0,0,0,0,1,0,0,0,0,0,0,0,0,0,0,0,0,0,0,0,0,0,0,0,0,0,0,0,0
6,28.9487708861539,184.000174054365,1.44048690868791,0.123614183630234,28,7,50.976619687259,-1.6633792920291,7,76.3184013773478,17.7345685998211,36.4997192339249,18.6413425644786,13.8279755086795,323617.093836551,290.194158663445,-0.0009772306855628,3.5379710051326,1995,0,0,0,0,0,0,0,0,0,0,1,0,1,0,0,0,0,0,0,0,0,1,0,0,0,0,0,0,0,0,0,0,0,0,0,0,0,0,0,0,0,0,0,0,0,0
8,69.780680133972,787.047438049242,1.29343130609754,0.192002239882544,7,20,52.4730556202291,-0.702402317324502,8,13.414600967145,17.757273099494,34.5648614456565,18.6345726680973,13.8099352554299,10793334.3324629,295.771813020268,0.0017501034530093,4.24111384112268,2000,0,0,0,1,0,0,0,0,0,0,1,0,0,0,0,1,0,0,0,0,0,0,1,0,0,0,0,0,0,0,0,0,0,0,0,0,0,0,0,0,0,0,0,0,0,0
2,169.133386077794,30.2850403477215,1.44199282979674,0.165012245065032,6,19,53.2514595951733,0.416178970489855,11,76.3876329637696,17.7895525497472,36.4926227074379,18.6376328884593,13.8345234428792,550566.550763241,276.157608991844,0.0002587288176459,1.14454232563101,1987,0,0,0,0,0,0,1,0,0,0,0,0,0,0,0,1,0,0,0,1,0,0,0,0,0,0,0,0,0,0,0,0,0,0,0,0,0,0,0,0,0,0,0,0,0,0
5,112.231520779646,508.866874053183,1.44202483950592,0.171084611510346,19,7,52.5236317728806,-0.947243410516381,4,76.3503729908504,17.7387306564853,36.4759426773041,18.6407680735661,13.8034000417939,22635.6453674668,276.927940287263,-0.0006566227886761,5.78690158237169,1985,0,1,0,0,0,0,0,0,1,0,0,0,1,0,0,0,0,0,0,0,0,0,0,1,0,0,0,0,0,0,0,0,0,0,0,0,0,0,0,0,0,0,0,0,0,0
4,-44.1883191655544,574.728412654155,1.4411587835502,0.186859495912559,9,9,53.0977965486477,-2.11446819567266,3,76.3273976469839,17.7352403525232,36.4777029481624,18.6382556070677,13.8029748063058,1385387.25810955,278.855272468229,0.0015048123304799,5.92152225221694,1989,0,0,0,1,0,0,0,0,0,1,0,0,1,0,0,0,0,0,0,0,0,0,0,0,0,0,0,0,0,0,0,0,0,0,0,0,0,0,0,0,0,0,0,0,0,1
7,30.5669952161122,435.648411054192,1.98275481705864,0.144536011569578,7,1,51.6568022453962,-0.227204844934455,7,85.7875860073736,17.7498162868616,36.6290533610055,18.6430196204007,15.8147687935885,2832967.58487368,287.730530332346,0.0008294785738602,3.92648716240042,1995,0,1,0,0,0,0,0,0,0,1,0,0,0,0,0,1,0,0,0,0,0,0,0,1,0,0,0,0,0,0,0,0,0,0,0,0,0,0,0,0,0,0,0,0,0,0
4,-6.98142110418419,777.507409885341,1.442430053991,0.185802596937479,14,11,52.6451178368225,-1.36375274327027,2,76.2895192706169,17.7787955763369,36.4861605658522,18.64492654919,13.8123730418401,1395234.92861603,278.757775388122,-0.0001771423176265,5.21195685096068,1992,0,0,0,0,1,0,0,0,0,1,0,0,0,0,0,1,0,0,0,0,0,0,0,0,0,0,0,0,0,0,0,0,0,0,0,0,1,0,0,0,0,0,0,0,0,0
6,167.899468621303,466.550209007079,1.4415926495982,0.164752369497038,5,4,52.4643058131079,-3.43627502238312,8,76.3480502132857,17.7566962929052,36.475779246233,18.6420662582962,13.8013061835148,-6.7596424891625,282.588627995787,0.0003581591178557,5.17496112726667,1986,0,1,0,0,0,0,0,0,1,0,0,0,1,0,0,0,0,0,0,0,0,0,0,1,0,0,0,0,0,0,0,0,0,0,0,0,0,0,0,0,0,0,0,0,0,0
7,166.303447535635,1123.20814450896,1.26150205857623,0.248383429687557,6,15,52.9706435537998,-0.720117390150971,11,42.085331114787,17.7492414846413,36.4999565964356,18.6421236430598,13.8208159435481,1646801.89002538,285.628870315673,-1.88632402389549e-05,10.6039880575849,1991,0,0,0,1,0,0,0,0,0,0,1,0,1,0,0,0,0,0,0,0,0,0,0,0,1,0,0,0,0,0,0,0,0,0,0,0,0,0,0,0,0,0,0,0,0,0
6,-0.273088054308879,491.385663074889,1.43964309050077,0.230314117408953,31,13,51.2031121491729,-0.633053700596098,1,40108.6070339774,24.3091531379667,36.482202286112,19.9464721799663,-461658.397018512,3432832653.09323,286.603968766302,-2.8410331289353,4.48613364260346,1999,0,1,0,0,0,0,0,0,1,0,0,0,0,1,0,0,0,0,0,0,0,1,0,0,0,0,0,0,0,0,0,0,0,0,0,0,0,0,0,0,0,0,0,0,0,0
4,139.202362720917,1528.09938708106,1.44166119817079,0.138979255341828,8,19,54.3308786021475,0.66150850254341,8,67.438315483105,17.7509350708496,36.4770265491775,18.6372950559083,13.8056053242802,8873547.84077139,290.157860344791,-0.0003822619947913,4.06839117704962,1988,0,0,0,0,0,0,1,0,0,1,0,0,1,0,0,0,0,0,0,0,0,0,0,1,0,0,0,0,0,0,0,0,0,0,0,0,0,0,0,0,0,0,0,0,0,0
9,-20.8505643411908,2629.19176222102,1.44059673418306,0.267211556381804,27,18,51.7351841817816,-1.57730153954805,1,76.3492233376905,17.7770482215416,36.4665890963573,18.6457420176807,13.80445759977,3123242.86522352,285.909650225449,-0.0006940958317652,22.5470408910333,1982,0,0,0,0,0,0,0,0,0,0,1,0,0,0,0,0,0,0,0,0,0,0,0,0,0,0,0,0,0,1,0,0,0,0,0,0,0,0,0,0,0,0,0,0,0,0
8,99.1733230665662,385.194124307718,1.44155122690958,0.143679052931482,2,6,53.8741729515496,-2.26384467083783,8,76.2614322887149,17.7604008975078,36.4734511424829,18.64196105398,13.8156817522545,84127.3626608582,284.139248297879,0.000109169997492,3.85964807589092,1987,0,1,0,0,0,0,0,0,0,0,1,0,0,0,0,1,0,0,0,0,0,0,0,0,0,0,0,0,1,0,0,0,0,0,0,0,0,0,0,0,0,0,0,0,0,0
4,100.360951199654,1108.90909454095,1.28136751109922,0.216057419148168,28,15,52.4942368215323,-1.70139200106207,8,65.5775171013123,-4.24182118597125,33.5821521881356,18.6445091009124,14.5716133178133,7164037.51582587,295.621900682596,0.0002487946885633,4.33836930021071,1990,0,1,0,0,0,0,0,0,0,0,0,0,1,0,0,0,0,0,0,0,0,0,0,0,0,0,0,0,0,0,0,0,0,0,0,0,0,0,0,1,0,0,0,0,0,0
8,127.888879161002,1328.09912998797,1.43397955455727,0.225165676877215,15,17,52.9393310944783,-2.25765883821061,7,76.6057432391339,17.7582455342865,36.414520033997,18.6382394557605,13.8097661643185,7563812.92965141,290.899707641643,-0.0004131994229457,-0.381993663871644,1996,0,0,0,1,0,0,0,0,0,0,0,0,0,0,0,1,0,0,0,0,0,0,1,0,0,0,0,0,0,0,0,0,0,0,0,0,0,0,0,0,0,0,0,0,0,0
6,-18.1494141568552,958.211359024926,1.37818529437397,0.191900902629919,12,9,50.6123797256116,2.73083595331943,1,76.3239224875615,17.751843116915,36.4679207580846,18.6359213156722,13.7735738832629,1113662.02194506,276.073352381972,-0.0071611760396203,5.14680710616621,2000,0,0,0,1,0,0,0,0,0,1,0,0,1,0,0,0,0,0,1,0,0,0,0,0,0,0,0,0,0,0,0,0,0,0,0,0,0,0,0,0,0,0,0,0,0,0
3,-64.936643678844,719.219441356768,0.747343695125311,0.170139013510171,29,9,52.8906004776909,-1.09417314459295,1,54.051228601516,12.6071986237899,36.4730487625015,18.6361056218258,15.7690273302581,46595.9211932353,276.505501055312,0.0005845216059107,5.37806563469557,1991,0,1,0,0,0,0,0,0,0,0,0,0,1,0,0,0,0,0,0,0,0,0,0,1,0,0,0,0,0,0,0,0,0,0,0,0,0,0,0,0,0,0,0,0,0,0
0,38.9113201126018,185.038272445499,1.44186972403651,0.230017685095254,21,5,53.8575216948037,-3.35447011493114,2,62.9310112778951,17.7404624551885,36.4752324822582,18.6417133298638,13.8135542800259,105546.51631788,271.819410542507,0.0007297995832674,1.73496385123153,1987,0,0,0,1,0,0,0,0,1,0,0,0,1,0,0,0,0,0,0,0,0,0,0,1,0,0,0,0,0,0,0,0,0,0,0,0,0,0,0,0,0,0,0,0,0,0
9,36.7870867029321,-422.5233462559,1.44188242813279,0.207702404240295,23,19,51.0332704411405,-2.02164485361747,1,76.3679465997604,17.7536343682893,36.4817889120962,18.6433568600915,13.7950922594966,1320100.79543338,265.642100398754,-0.0006737741666013,-6.69811583279629,1987,0,0,1,0,0,0,0,0,0,0,1,1,0,0,0,0,0,0,0,0,0,0,0,1,0,0,0,0,0,0,0,0,0,0,0,0,0,0,0,0,0,0,0,0,0,0
6,165.0612486484,1619.96823420587,1.44135981726437,0.161385257556768,6,10,52.4129767447143,-0.87963200115529,4,76.3397301275596,17.7414621914851,36.4788443747189,18.6372979536484,11.7562619566853,641543.399813567,284.450589709644,0.0013407703232403,11.4836006422789,1993,0,0,0,0,0,0,0,0,0,1,0,0,1,0,0,0,0,0,0,0,0,0,0,0,0,0,0,0,1,0,0,0,0,0,0,0,0,0,0,0,0,0,0,0,0,0
4,56.1072577983796,553.903648575672,0.485006363334306,0.19676506589331,4,20,53.9296214883346,-1.23655087748281,1,-733.433989260418,11.5203927628933,30.7762239671551,18.6480827582308,20.54622523007,-11699571.0602393,274.369731882154,0.0122541248545244,4.46736073334035,2000,0,0,1,0,0,0,0,0,0,0,0,0,1,0,0,0,0,0,0,0,0,0,0,0,0,1,0,0,0,0,0,0,0,0,0,0,0,0,0,0,0,0,0,0,0,0
9,-112.324441203329,148.026094230001,1.30516863124825,0.265752494973334,30,7,53.0705268841333,-1.28109626345632,2,69.6682348414903,24.5395802351265,43.7642921574562,18.6370415238211,6.40193610767786,19292.4288671742,277.00046572565,0.0020553421955396,1.78290831013003,1996,0,0,0,0,0,0,0,1,0,0,1,0,1,0,0,0,0,0,0,0,0,0,0,0,0,0,0,0,0,0,0,0,0,0,0,0,0,0,0,0,0,0,0,1,0,0
8,69.5219315715819,1596.3533062697,1.44429641366843,0.175055493870552,1,19,51.2104322856787,-4.25423179486472,4,76.3093196122793,17.7696463661594,36.4601627492594,18.6347683630759,13.8506793629965,8743214.06298761,286.354398444969,0.0005220745285114,2.57489912690689,1981,0,0,0,0,1,0,0,0,1,0,0,0,1,0,0,0,0,0,0,0,0,0,0,0,0,0,0,0,0,0,0,0,0,0,0,0,0,0,0,0,0,0,0,0,0,0
3,-52.2064556123807,207.00487089408,1.33685422977619,0.126395181128485,26,7,51.9274697157119,-1.87993760443724,9,89.4887679350525,18.1573343172869,17.8563387025895,17.081981140747,69.6370111836252,197367.064167594,285.476453523562,-0.0015599491599115,1.52468332311791,1998,0,1,0,0,0,0,0,0,0,1,0,0,0,0,0,1,0,0,0,0,0,0,0,0,1,0,0,0,0,0,0,0,0,0,0,0,0,0,0,0,0,0,0,0,0,0
4,60.1961976359497,223.065504258985,1.44164431813917,0.275855383545926,8,7,53.8637743189095,-0.701309782070134,3,76.3121191536153,17.7492142585021,36.4704389796427,18.6436228343185,13.8144183878254,-8335.22690896903,272.402170841078,0.0012784710040332,3.84945026662126,1986,0,0,0,0,0,0,1,0,0,0,1,0,1,0,0,0,0,0,0,0,0,1,0,0,0,0,0,0,0,0,0,0,0,0,0,0,0,0,0,0,0,0,0,0,0,0
7,-8.5538786101083,269.442141027857,1.44170875007063,0.150719816824329,8,7,52.8085802963962,-1.34025052688723,1,76.333414344826,25.8012233908504,36.4635265228776,18.6384881892154,13.8196499193411,29220.6319623884,272.437698517004,-0.0008005676951843,2.94366795539506,1987,0,0,0,0,0,0,1,0,0,1,0,1,0,0,0,0,0,0,0,0,0,0,0,0,0,0,0,0,0,1,0,0,0,0,0,0,0,0,0,0,0,0,0,0,0,0
4,190.62030269944,497.649871002585,1.442280707238,0.216276182000825,7,0,54.092053177642,-3.05274805842675,7,76.3249099291135,17.7493996250403,36.475882478927,18.6405613876527,13.8082133800887,10841270.6531062,288.694985299682,-0.0016230175528241,5.17297677971432,1981,0,0,0,1,0,0,0,0,0,0,0,0,1,0,0,0,0,0,0,0,0,0,0,0,0,0,0,0,0,0,0,0,0,0,0,0,0,0,0,0,0,0,0,0,0,1
9,117.253856062478,557.77609650462,1.39939049822126,0.183630822336556,7,10,54.5479275652144,-3.01736972700028,7,76.2480594714282,17.7684805852449,37.046115306778,18.6381837624399,13.8199230577226,1492601.16349162,287.596574105395,0.001708133514723,5.68332591478984,1996,0,0,0,0,0,0,1,0,0,0,0,0,0,0,0,1,0,0,0,0,0,0,0,0,0,0,0,0,0,0,0,0,0,0,0,0,0,0,0,1,0,0,0,0,0,0
7,103.300317570426,873.479891913265,1.17256501537417,0.214507269240314,24,7,54.1796228247518,0.977413812769892,1,73.4262961990948,3.81070861283551,41.5505382585392,18.6436941172165,17.9832582222845,153485.001068177,276.705500694758,-0.0032749093419383,8.59838325236237,1995,0,0,0,0,0,0,0,0,0,1,0,0,0,0,0,1,0,0,0,0,0,0,0,0,0,0,0,0,0,0,1,0,0,0,0,0,0,0,0,0,0,0,0,0,0,0
4,-36.7419480383769,71.5226371999985,1.80445244220766,0.157469093849104,20,3,52.1841063772828,-0.60642780180847,4,-144.060215606514,17.3555913077996,36.4948372349026,18.1602409023602,13.4811293052854,-955199.847032315,274.741494865495,0.0033220736165496,1.77315089777893,1994,0,1,0,0,0,0,0,0,1,0,0,0,0,0,0,0,0,0,0,0,1,0,0,0,0,0,0,0,0,0,0,0,0,0,0,0,0,0,0,0,0,0,0,0,0,0
8,40.219060058743,1036.83172074489,1.72192913426035,0.0570212294630963,6,12,51.3209651853132,1.0167072047144,7,75.8457710564476,21.9918745185359,34.7847920788324,18.6454534117328,15.9660288496951,5410599.43722156,292.775770991107,0.0010966125630738,6.05912956673039,1990,0,1,0,0,0,0,0,0,1,0,0,0,0,0,1,0,0,0,0,0,0,0,0,0,0,0,0,0,0,0,0,0,1,0,0,0,0,0,0,0,0,0,0,0,0,0
1,-4.85609810140312,634.076907220994,1.44164134924535,0.183476987701292,15,20,53.380529583371,-1.40960297626432,2,69.1231383591902,17.7562222960097,36.4748304522612,18.641432395795,13.8085613621901,1950240.09443105,270.366981552597,0.0002029912296413,5.03216687688259,1986,0,1,0,0,0,0,0,0,1,0,0,0,0,0,0,1,0,0,0,0,0,0,0,1,0,0,0,0,0,0,0,0,0,0,0,0,0,0,0,0,0,0,0,0,0,0
7,80.1429676526253,376.312464110817,0.419491892899683,0.220704544958661,25,21,52.8486494065386,-1.46682091765384,2,24.8159507632194,38.7111766240704,15.7563316367679,18.6359218611572,5.95880583271212,-2065540.48079287,274.28987935809,0.0049800781305155,3.97027806314166,2000,0,0,0,1,0,0,0,0,0,0,0,0,1,0,0,0,0,0,0,0,0,0,0,0,0,0,0,0,0,0,0,0,0,0,0,0,1,0,0,0,0,0,0,0,0,0
1,-0.43605103959019,-247.279277563421,1.44186971382026,0.182277846744225,4,1,50.4312754071966,-1.08895562320621,11,72.0842315277349,17.7402386377801,36.4752330210068,18.6380732526438,13.8135547161313,983708.606990064,274.332938538246,-0.0016542181650058,0.270271615499707,1987,0,0,0,0,0,0,1,0,0,0,1,0,1,0,0,0,0,0,0,0,0,0,0,1,0,0,0,0,0,0,0,0,0,0,0,0,0,0,0,0,0,0,0,0,0,0
5,101.311676144419,227.572427129905,1.44307192362209,0.239080190734062,17,22,51.4183094818793,-1.90126081528386,3,77.5931147363868,17.7500055968044,36.5507678828457,18.6387156114256,13.8106465075921,6471555.53004984,281.361486411186,-0.0028202544880408,4.5141507806283,1991,0,0,1,0,0,0,0,0,0,0,0,0,1,0,0,0,0,0,0,0,0,0,0,0,0,1,0,0,0,0,0,0,0,0,0,0,0,0,0,0,0,0,0,0,0,0
0,18.7957047190131,1454.53230425546,1.44275932739509,0.211533612354699,19,16,53.9669208042496,-1.17397335607854,5,76.3457947851414,34.5185145385506,36.4798443207161,16.5450464737283,13.8039718393407,4593620.89215893,285.445219421446,0.0003209799294928,3.9775413494425,1990,0,1,0,0,0,0,0,0,0,1,0,0,0,0,0,0,0,0,0,0,0,0,1,0,0,0,0,0,0,0,0,0,0,0,0,0,0,0,0,0,0,0,0,0,0,0
6,15.5263784266983,235.49602022105,0.534547763565561,0.240259714056959,18,23,52.2697448942894,-1.80827080125082,5,47.1279834381749,37.7788278237688,18.348988640799,18.641774847705,5.0982673562374,1791036.21265449,284.910253246654,0.0013214571494985,2.71500982675639,1998,0,0,1,0,0,0,0,0,0,1,0,0,1,0,0,0,0,0,0,0,0,0,0,0,0,0,0,0,0,0,0,0,0,0,0,0,0,0,0,0,0,0,0,1,0,0
0,-5.31160966206174,1310.05855953191,1.44202216374293,0.184031474130003,16,11,51.9400684073115,-0.830952415164824,6,76.3813717170545,17.782615514254,36.4916131049247,18.6365162750336,13.7965389360583,5486570.752498,292.097219438149,-7.83664535008821e-05,4.71806968574159,1988,0,0,0,0,0,0,1,0,0,0,0,0,0,0,0,1,0,0,0,0,0,0,0,0,0,0,0,0,0,0,0,0,0,0,0,0,0,0,0,1,0,0,0,0,0,0
7,244.581955264137,750.326097094085,1.44247087358487,0.146571428995302,11,6,54.0799556892944,-0.872118682346895,5,6.61490163137743,17.7470990008784,36.4700479108595,18.6380833109799,13.8141527300034,-52540.2829040851,281.692085456695,0.0010943579058761,8.20790789112361,1987,0,0,0,0,0,0,1,0,1,0,0,0,1,0,0,0,0,0,0,0,0,0,0,0,1,0,0,0,0,0,0,0,0,0,0,0,0,0,0,0,0,0,0,0,0,0
5,79.7719931051982,571.524700749262,1.44278811139767,0.119314128097236,22,17,51.8481706993055,-0.30165438560299,5,76.3694965826411,17.7517570302732,36.4418611579508,18.6436220757442,13.8132072498187,4204205.17302085,285.95983945009,0.0010810192252701,6.28140284239658,1982,0,1,0,0,0,0,0,0,0,0,0,0,1,0,0,0,0,0,0,0,0,0,0,0,0,0,0,0,0,0,0,0,0,0,0,0,1,0,0,0,0,0,0,0,0,0
3,207.648005224377,100.66476276753,1.04610498435612,0.136345489001461,24,4,49.6656154081712,-1.27122713684024,6,73.1320705623731,13.6470221064563,29.1641923974614,18.6482069521806,22.309314520799,14.9600787994452,285.838742331116,0.0004609407546363,4.01467332722347,2000,0,0,1,0,0,0,0,0,1,0,0,1,0,0,0,0,0,0,0,0,0,0,0,0,0,0,0,0,0,0,0,0,0,0,1,0,0,0,0,0,0,0,0,0,0,0
5,187.496594414705,1168.2453704229,0.729503442414729,0.197553864180264,5,11,51.3549718697771,0.355173843415609,8,31.4451431604769,14.6870903506236,38.7768979127086,15.6626009120556,13.142998748354,4318059.67278196,290.590010803669,-0.0007126173742873,2.47952644039736,1991,0,1,0,0,0,0,0,0,0,0,1,0,0,0,0,0,0,0,0,0,0,0,0,0,0,0,0,0,0,0,0,0,0,0,1,0,0,0,0,0,0,0,0,0,0,0
6,60.5471566097703,177.133972992523,1.44161234277275,0.210253941658539,7,10,51.9774924005655,0.0926099481742739,11,76.39984293727,17.7575241267586,36.4624776531285,18.6362850214911,13.8075988174741,-642468.330187745,279.590355175903,0.0032418620455203,2.31240456226242,1995,0,0,1,0,0,0,0,0,0,0,0,0,1,0,0,0,0,0,0,0,0,0,0,0,0,0,0,0,0,0,0,0,0,0,0,0,1,0,0,0,0,0,0,0,0,0
8,10.6134054062723,607.037398595941,1.45515795995658,0.161419463251018,18,22,55.0559113264014,-1.8382886989914,9,76.3123417982565,17.7469453491431,36.4818284901315,18.6407517057881,13.8183136957869,3838594.68287914,284.504325975325,0.0027265016022941,7.39251819436278,1984,1,0,0,0,0,0,0,0,0,1,0,0,1,0,0,0,0,0,0,0,0,0,0,1,0,0,0,0,0,0,0,0,0,0,0,0,0,0,0,0,0,0,0,0,0,0
8,48.7574096333115,280.807712764798,1.44166115867047,0.225745359540108,21,9,53.236155127941,0.164449987241923,2,94.8049288409113,17.7503244794426,36.4770254966906,18.6419558767241,13.8056044176103,-520105.99822519,274.192722727309,0.0007390407720569,3.26150495111998,1988,0,0,0,1,0,0,0,0,0,1,0,0,1,0,0,0,0,0,0,0,0,0,0,1,0,0,0,0,0,0,0,0,0,0,0,0,0,0,0,0,0,0,0,0,0,0
0,-44.914589530651,1396.10070635277,1.44192561447543,0.131236618382898,26,20,55.6456323113772,-1.19704296770648,5,37.8699970247184,17.7382910357268,36.4866635941089,18.6490292752407,13.807814200764,8019630.1773262,284.33375880797,-0.000707275306195,4.63793682199854,1989,0,1,0,0,0,0,0,0,0,0,1,0,1,0,0,0,0,0,0,0,0,0,0,0,0,0,0,0,0,0,0,0,0,0,0,0,0,0,0,0,0,0,0,1,0,0
6,219.162478165204,428.723167969783,1.74243076206592,0.217705019654662,23,18,51.8783093753649,-0.53257474447761,12,70.4863525429679,17.7419687588329,36.4764588224302,18.6410270012032,11.8441346027103,-675382.303158078,275.109243277311,0.0017210204948387,6.56618449387402,1989,0,0,0,0,0,0,1,0,1,0,0,0,0,0,0,1,0,0,0,0,0,0,0,1,0,0,0,0,0,0,0,0,0,0,0,0,0,0,0,0,0,0,0,0,0,0
9,178.255315481754,1249.5947410463,1.44152419243815,0.195360341133515,2,19,52.4924888922851,1.21852248999362,8,76.3181363454091,17.7097422213222,36.4991857953188,18.6470529608514,13.8204571158715,9797745.29722136,288.4504449853,3.9260934416211e-05,3.43177031821625,1988,0,0,0,0,0,0,0,0,0,0,0,0,1,0,0,0,0,0,0,1,0,0,0,0,0,0,0,0,0,0,0,0,0,0,0,0,0,0,0,0,0,0,0,0,0,0
2,126.307903793715,89.328337864757,1.19238547463076,0.170015815730305,26,3,51.6704946950738,0.0974264025823499,6,92.0188169557887,20.2763382934543,35.5434711136418,18.6286021220457,12.3943034511787,2083304.01413945,282.31128520727,-0.0003385891570195,2.23442059043858,1999,0,0,0,0,0,0,0,1,0,0,1,0,1,0,0,0,0,0,0,0,0,0,0,1,0,0,0,0,0,0,0,0,0,0,0,0,0,0,0,0,0,0,0,0,0,0
9,24.6229930532908,1722.5103489436,1.44116249206484,0.174975217125324,27,16,53.9604084722922,0.371466022339955,9,76.2694406651022,17.7394525024104,36.4829237512043,18.6410509941703,13.8385769066282,6278748.22354996,287.35361838004,0.0002939467867643,3.04791301085405,1989,0,0,0,0,0,0,1,0,1,0,0,0,0,0,0,1,0,0,0,0,0,0,0,0,0,0,0,0,0,0,0,0,0,0,0,0,0,0,0,0,0,0,0,0,0,1
8,61.2291392213371,1581.2659556269,1.35080311310555,0.151616225871796,10,18,53.6846074901032,-0.689471821056806,4,76.3364998388168,17.7154262145123,37.4837477260803,18.6359879492293,13.8087385751002,7472593.27244697,283.562681956118,-0.0010286850671312,6.49872617328599,1999,1,0,0,0,0,0,0,0,1,0,0,0,0,0,0,1,0,0,0,0,0,0,0,0,0,0,0,0,0,0,0,0,0,0,0,0,0,0,0,0,0,0,0,0,1,0
2,21.9731570908732,2166.60764449235,0.328719203164904,0.180732801453939,14,16,50.5481142438582,-1.6833879827774,5,10.6169789162737,42.1896502051417,22.7582096514641,18.6452928747572,6.34718676767998,7891292.03816658,285.103545320702,-0.0004604262620655,1.46505452102324,2000,0,0,0,0,0,0,1,0,0,0,0,0,1,0,0,0,0,0,0,0,0,0,0,0,0,0,0,0,0,0,0,0,0,0,0,0,1,0,0,0,0,0,0,0,0,0
8,102.822351365084,1266.85890085123,1.37215034576522,0.276160443046301,19,13,52.0500488340864,-1.86223908430329,12,72.5648453527089,0.283750376780828,40.2894639976022,18.7816958262538,19.1415329040225,1013053.36660031,278.754045123057,0.0015894768243706,14.5557569659809,1986,0,0,1,0,0,0,0,0,1,0,0,0,0,1,0,0,0,0,0,0,0,0,0,1,0,0,0,0,0,0,0,0,0,0,0,0,0,0,0,0,0,0,0,0,0,0
9,45.1412604209513,962.63880773567,1.44169193100129,0.172717154474968,22,20,50.5325540537347,-1.61397777312897,5,76.3759584303111,17.7652721323991,36.4585362021631,18.6464455729998,13.8069690167399,12653551.5425222,286.731473899972,-0.0004156759559131,4.43426298094908,1994,0,0,0,0,0,0,1,0,1,0,0,0,0,0,0,1,0,0,0,0,0,0,0,0,0,0,0,0,0,0,0,0,0,0,0,0,1,0,0,0,0,0,0,0,0,0
6,162.723628928722,452.572689621827,1.44136620755033,0.17837947780041,16,9,53.1657522987899,-2.36754892477173,6,76.2719454121724,17.7660905231067,36.4940809328508,18.6382303013226,13.8195743507077,2488320.61182255,288.898065024161,0.0005653053952485,1.24490449332998,1989,0,0,0,1,0,0,0,0,0,0,0,0,1,0,0,0,0,0,0,0,0,1,0,0,0,0,0,0,0,0,0,0,0,0,0,0,0,0,0,0,0,0,0,0,0,0
1,22.4769802833666,-57.9766363295642,1.44163521351068,0.156247915719808,2,1,50.7897500753753,-1.06184664171253,8,76.3119233843135,17.7482598639756,36.4768814860173,18.6365343551232,13.8094490148728,8868760.51248213,289.114159219124,-0.0009154016306376,1.28313104060303,1982,0,0,0,0,0,0,1,0,0,1,0,0,1,0,0,0,0,0,0,0,0,0,0,0,1,0,0,0,0,0,0,0,0,0,0,0,0,0,0,0,0,0,0,0,0,0
3,123.762596249556,570.72640909811,1.44164136794942,0.20930221523843,15,17,52.8113080887884,-1.24341921793907,3,64.6104679257915,17.7562493207691,36.4748299890327,18.6457132307432,13.8085615034508,743397.092475962,272.739582664897,0.0003051389880708,4.62788429483804,1986,0,0,0,0,0,0,0,1,0,0,1,0,0,0,0,1,0,0,0,0,0,0,0,1,0,0,0,0,0,0,0,0,0,0,0,0,0,0,0,0,0,0,0,0,0,0
0,27.886552629919,1748.15642625411,1.2324669420099,0.051457723344685,19,12,50.4368315576023,-1.77970286450989,5,100.538167362661,10.538876300998,31.8055244285667,8.50304627940272,9.50635595085429,7444539.76664275,290.349318919978,0.0006480253896057,4.70689834751719,1987,0,0,0,0,1,0,0,0,0,1,0,0,0,0,1,0,0,0,0,0,0,0,0,0,0,0,0,0,0,0,0,0,0,1,0,0,0,0,0,0,0,0,0,0,0,0
5,-60.7976908319415,1787.25017619581,1.46454929976458,0.198520170107074,5,11,52.9498310548942,-4.71492558768101,8,54.9001687472391,51.0792246884657,37.2788363020302,18.6399393045821,12.7770774444135,6498094.59755538,289.298972050274,0.0007079949021074,9.55311199275783,1992,0,0,0,0,0,0,0,1,0,0,0,0,0,0,1,0,0,0,0,0,0,0,0,0,0,0,0,0,0,0,0,0,0,0,0,1,0,0,0,0,0,0,0,0,0,0
0,-36.673156396515,599.706775783235,1.44320351766061,0.2090633769599,8,0,51.3654765499661,0.0939499039537759,2,76.2507464211558,17.7481904256768,36.4323866447469,18.6362127605211,13.8138759377982,1293706.96645179,275.457069282033,0.0081644181289675,8.24301747390802,1991,0,0,0,0,0,0,0,0,0,1,0,0,0,0,0,1,0,0,0,0,0,0,0,0,0,0,0,0,0,0,0,0,0,0,0,0,0,0,0,0,0,1,0,0,0,0
9,-40.0773420354331,490.714321140218,1.44221536874691,0.15626623690187,30,3,51.9714410295637,-2.71143359133385,7,76.3812254779049,17.7618067185928,36.48925697037,18.6433967301179,13.8105111034287,1570314.82145267,284.643395876399,0.0004959433797185,4.12514174550451,1987,0,0,0,0,1,0,0,0,0,0,1,0,1,0,0,0,0,0,0,0,0,0,0,0,0,0,0,0,0,0,0,0,0,0,0,1,0,0,0,0,0,0,0,0,0,0
1,23.7572834298868,53.7355767247946,1.44297016997356,0.21557932758653,10,4,51.4387110237866,-1.45599933002377,4,76.4158323925845,17.7628265157795,36.4649325857663,18.6347685368453,13.8153958344755,12.2840620461271,279.62786683284,-0.000127098924283,2.39065255581724,1981,0,0,0,0,1,0,0,0,1,0,0,0,1,0,0,0,0,0,0,0,0,0,1,0,0,0,0,0,0,0,0,0,0,0,0,0,0,0,0,0,0,0,0,0,0,0
5,125.520086691047,592.166374190266,0.926176067920746,0.261100086419339,10,6,52.3730249034923,-0.0445117836984625,10,81.1182786124088,18.4958048856306,39.0509951758069,18.6387599420346,8.92884634945715,195133.108331907,283.533948011672,-0.0010417939358307,2.13355696618208,1996,0,0,0,1,0,0,0,0,0,0,1,0,0,0,0,1,0,0,0,0,0,0,0,0,0,0,0,0,0,0,0,0,0,1,0,0,0,0,0,0,0,0,0,0,0,0
9,-92.4050431672876,736.857762987167,1.4415121452891,0.218136084919438,20,22,51.1412168177895,-0.983408336398058,10,76.3212640677739,17.7422184251503,36.4617779774427,18.6352069725439,13.8111508682744,3146778.65852788,283.326025017301,-0.00013459700976,7.25690474752435,1981,0,0,1,0,0,0,0,0,0,1,0,0,1,0,0,0,0,0,0,0,0,0,0,0,1,0,0,0,0,0,0,0,0,0,0,0,0,0,0,0,0,0,0,0,0,0
3,41.7528637210326,761.592671540508,1.46454928964355,0.232269057263551,3,20,52.8120726944403,-3.13122512444194,3,66.8665668998104,1.79684733208695,37.2788363369276,19.5137423388546,13.9504554469851,2878824.77551698,278.604024698383,0.0017271233155611,6.49407243386461,1983,0,0,0,0,1,0,0,0,0,0,1,0,0,0,1,0,0,0,0,0,0,0,0,0,0,0,0,0,0,0,0,0,0,0,0,1,0,0,0,0,0,0,0,0,0,0
7,4.27217563013419,1325.01362770042,1.31438594003169,0.156788337842879,24,13,50.5795883957947,-0.238652729257472,4,60.5325632366418,20.9832018671904,38.3736887210905,18.6835798504419,14.1837923761815,6847567.73478809,285.615754122987,0.0017984175320515,8.17850838742246,1997,1,0,0,0,0,0,0,0,0,0,1,1,0,0,0,0,1,0,0,0,0,0,0,0,0,0,0,0,0,0,0,0,0,0,0,0,0,0,0,0,0,0,0,0,0,0
7,6.77405511104907,893.920325170553,1.44254622198506,0.203493735309641,19,13,51.7717751709738,1.18006435872386,11,76.3157060068289,17.7740152213209,36.480458721041,18.6449214992095,13.8059270517266,2068476.19247729,278.979461075114,0.0007764767582463,6.20827520283312,1990,0,0,0,1,0,0,0,0,0,0,1,0,1,0,0,0,0,0,0,0,0,0,1,0,0,0,0,0,0,0,0,0,0,0,0,0,0,0,0,0,0,0,0,0,0,0
6,12.2953917917879,385.180083624115,1.44027126656758,0.128408002928871,8,4,50.7314927628204,-1.8238394078403,8,76.3450064905003,17.7027340265513,36.4380912496045,18.6384112852408,13.8211709568616,41.3677964216386,284.592803900348,0.0007157375605988,4.48967504762246,1985,1,0,0,0,0,0,0,0,0,1,0,0,0,0,0,1,0,0,0,0,0,0,0,0,0,0,0,0,0,0,0,0,0,0,0,0,0,0,0,0,0,0,1,0,0,0
0,29.8786548349312,1086.32117842467,1.44124905156219,0.173915387214451,9,18,52.2418317964443,0.399743535366331,4,73.9792848444615,46.6572944504018,36.4720074894576,18.6422497368987,24.8649627132518,6775748.51831793,278.521217974227,-0.000129556617227,4.01591180679204,1988,1,0,0,0,0,0,0,0,1,0,0,0,0,0,0,0,0,0,0,0,0,1,0,0,0,0,0,0,0,0,0,0,0,0,0,0,0,0,0,0,0,0,0,0,0,0
1,188.976281216272,1107.07699107321,1.0485688810677,0.218450542966072,20,9,53.6861528738736,-2.1178388379704,11,79.4770507421098,15.5546910286002,39.7052041536167,18.639545375029,16.6941403325758,1058527.18289887,287.780550588194,-0.0047708736071643,10.0706042715833,1993,0,0,0,0,0,0,0,1,0,0,1,0,1,0,0,0,0,0,0,0,0,0,0,1,0,0,0,0,0,0,0,0,0,0,0,0,0,0,0,0,0,0,0,0,0,0
2,177.936890235664,228.636001555539,1.4425505570922,0.157168381165248,2,22,51.7802771610384,-2.97948949124757,4,76.4224516685451,17.7476144182434,36.4839715361054,18.6421961022828,13.7957973522179,-1088251.86766321,281.88589441362,0.0009503324187157,4.5812377145433,1984,0,0,0,0,0,0,0,0,0,0,1,0,0,0,0,1,0,0,0,0,0,0,0,0,0,0,0,0,0,0,0,0,0,0,0,1,0,0,0,0,0,0,0,0,0,0
7,137.860283413822,637.536779283991,2.19058386610358,0.15372053617116,14,7,55.0699892091861,-2.39632098445972,3,76.375635763914,17.7498353472412,36.5434468836102,18.6445927925156,13.942931368998,59047.7699625782,277.842947762378,0.0013604838519548,6.69135742104084,1994,0,0,0,0,0,0,0,0,0,0,0,0,0,0,0,1,0,0,0,0,0,0,0,1,0,0,0,0,0,0,0,0,0,0,0,0,0,0,0,0,0,0,0,0,0,0
8,22.2659022450648,235.867572243075,1.33453210299085,0.136823693825073,21,1,51.1286250951315,-0.602070696522197,9,95.3993516878141,17.7498233452773,36.6290535433684,18.6430196608185,25.5868242997581,5549685.9008546,285.760148956372,-0.0020587687384446,3.23411919788303,1995,0,1,0,0,0,0,0,0,0,0,1,0,0,0,0,1,0,0,0,0,0,0,0,1,0,0,0,0,0,0,0,0,0,0,0,0,0,0,0,0,0,0,0,0,0,0
5,91.554855847126,255.770435764905,1.57082463782801,0.284057052746597,23,5,52.4710228737236,-0.130839105872387,12,199.018032508831,17.100904511812,36.4737168280694,18.6571451787938,42.722153390945,-37636.0405089093,275.588978704917,-0.0001306158028469,3.77529048441686,1998,0,0,0,0,0,0,0,1,0,1,0,0,0,1,0,0,0,0,0,0,1,0,0,0,0,0,0,0,0,0,0,0,0,0,0,0,0,0,0,0,0,0,0,0,0,0
1,40.7571773391128,1155.55024051968,1.48200090478412,0.156938300560235,18,12,51.8356589562471,-1.41174167873187,3,66.063566161367,17.7453244140224,20.9661469931727,18.6385692420147,17.6458799962546,3290283.92108161,283.120339899381,0.0012148675029697,5.44930464849693,1996,0,1,0,0,0,0,0,0,1,0,0,0,0,0,0,1,0,0,0,0,0,0,0,1,0,0,0,0,0,0,0,0,0,0,0,0,0,0,0,0,0,0,0,0,0,0
1,-22.216907220945,1787.15590967476,1.44272651543064,0.236676072678968,23,16,53.9758452140202,-0.267333871886876,3,76.3689449243622,17.7089678807253,36.5132328448383,18.6441923736555,13.7940536759329,4924968.67858553,285.082585114666,0.0012691221356396,9.66002058034662,2000,0,0,0,0,0,1,0,0,0,1,0,0,0,0,0,1,0,0,0,0,0,1,0,0,0,0,0,0,0,0,0,0,0,0,0,0,0,0,0,0,0,0,0,0,0,0
6,30.625916236893,509.165079327787,1.44195050285843,0.227119880428822,2,13,51.6231388835991,-1.61716779512217,2,76.3455278355007,17.7582675274719,36.4803230839032,18.6342245077926,13.8114181400135,-396640.117475271,278.825396795503,0.0029110337332062,4.59578596628231,1981,0,0,1,0,0,0,0,0,0,0,1,0,0,0,0,1,0,0,0,0,0,0,0,0,0,0,0,0,0,1,0,0,0,0,0,0,0,0,0,0,0,0,0,0,0,0
4,-1.61968908500177,-769.801230822126,1.44096597640806,0.137619797893915,9,23,51.0264382821606,-1.56041615770871,2,76.329374482567,17.7524836191433,36.4939306407364,18.6380371463689,13.8046330053224,6495204.93173838,274.042027039086,-0.0044394153021401,-3.81327976201657,1987,0,0,0,0,0,0,1,0,0,1,0,0,1,0,0,0,0,0,0,0,0,1,0,0,0,0,0,0,0,0,0,0,0,0,0,0,0,0,0,0,0,0,0,0,0,0
6,98.1418126052274,1518.95492800877,0.134127020892767,0.137266043391777,9,14,54.0106216813021,-0.497711451391617,7,-115654.92485256,8.86154295337526,33.8548815118442,18.2547084385195,31066.873542884,-968173048.94974,295.546428930109,0.216504018061382,4.35656916839842,1994,0,1,0,0,0,0,0,0,0,1,0,0,0,0,0,0,0,0,0,0,0,0,0,0,1,0,0,0,0,0,0,0,0,0,0,0,0,0,0,0,0,0,0,0,0,0
7,-8.60495051690322,873.96677426861,1.44229262260268,0.139212382097715,26,9,52.0423767952032,-1.01008986405601,8,76.3791170197382,17.7227749426908,36.4926107725018,18.6429917789843,13.8083909124011,2412583.07799773,287.400997103852,-0.0015598287938932,4.85597558843805,1989,0,0,0,0,1,0,0,0,0,0,1,0,1,0,0,0,0,0,0,0,0,0,0,0,0,0,0,0,0,0,0,0,0,0,0,1,0,0,0,0,0,0,0,0,0,0
5,16.1765537836358,330.041468771694,0.026425354030342,0.155350426416899,7,13,52.7851196002112,-0.776071120339645,11,80.6495335917143,-4.26796912222594,19.1495426124483,18.6458163510718,-4.2435015455497,1207176.30720005,279.458320490427,0.0012485919916982,1.42486412091356,1999,0,0,0,1,0,0,0,0,0,0,0,0,1,0,0,0,0,0,0,0,0,0,0,0,0,0,0,0,0,0,0,0,0,0,0,0,0,0,0,0,0,0,0,0,1,0
4,97.6719745211805,224.539681521588,1.41152070851901,0.240722750347071,2,15,51.4543604704093,0.0802610717259931,1,79.2238571556105,19.7129136019537,33.4217851914508,18.6083429554554,14.7428458948161,-111462.282021379,277.694614976585,0.0002974775119948,0.790245538747776,2000,0,0,0,0,0,0,0,0,0,0,1,1,0,0,0,0,0,0,0,0,0,0,0,0,0,0,0,0,0,0,0,0,0,1,0,0,0,0,0,0,0,0,0,0,0,0
1,142.485217709813,495.667050879724,1.63181000969899,0.180968063485546,25,8,53.4276705699156,-0.466462856038515,10,55.9931484309129,9.90902786279046,36.4730488234725,18.6326519146603,26.9977754176199,451403.896515849,285.274666482827,-0.0004303566338037,4.3082474862212,1991,0,0,0,0,0,0,1,0,0,0,0,0,1,0,0,0,0,0,0,0,0,0,0,1,0,0,0,0,0,0,0,0,0,0,0,0,0,0,0,0,0,0,0,0,0,0
3,175.653122366748,75.4630128166035,1.44212772487406,0.217112918048642,18,1,52.0522419367072,-0.996936733852538,3,76.4891504057511,17.7259508496215,36.4758078535327,18.6457829472011,13.7972121422073,5542957.83765187,279.049236653158,-0.0007512372923211,4.38890852068355,1990,0,1,0,0,0,0,0,0,0,0,0,0,0,0,0,1,0,0,0,0,0,0,0,0,0,0,0,0,0,0,0,0,0,0,0,1,0,0,0,0,0,0,0,0,0,0
6,32.5463864812566,1397.79314998416,1.44198786962706,0.215780673896982,21,15,51.9870272369759,-4.32590398682355,3,76.4141271872419,17.7726492871682,36.5132498263227,18.6450251707717,13.8230352327136,2122245.68554052,283.965557082583,-0.0003388433847437,9.24055376913787,1992,0,0,0,0,1,0,0,0,0,0,0,0,0,0,0,1,0,0,0,0,0,0,0,0,0,0,0,0,0,0,0,0,0,0,0,0,0,0,0,0,0,0,0,0,1,0
9,-2.46490710350913,735.658243310591,1.44245900415589,0.133563468642177,19,18,50.7647079077977,-2.78495446748534,12,76.405828185998,17.7685956899487,36.4925848844162,18.6423084866856,13.8209528178669,3564336.18850063,279.863533273115,-0.0042965020462773,7.20689623103902,1992,0,0,0,1,0,0,0,0,0,1,0,0,1,0,0,0,0,0,0,0,0,0,0,0,0,0,0,0,0,0,0,0,0,0,0,0,1,0,0,0,0,0,0,0,0,0
7,28.6619842766267,621.415423566924,0.218903599579728,0.22740969201656,3,8,51.6713292328084,-0.552586915926343,2,36.4109506357973,33.5207233752537,27.9483177705941,18.6464308717543,21.7255446792444,720701.81401725,280.123160956591,-0.0010702712832069,5.69698290466194,2000,1,0,0,0,0,0,0,0,0,0,0,0,1,0,0,0,0,0,0,0,0,0,1,0,0,0,0,0,0,0,0,0,0,0,0,0,0,0,0,0,0,0,0,0,0,0
0,41.6350374795387,795.293124755395,1.44229439915176,0.17885843289075,14,17,54.2821108828895,-0.7866455037138,9,76.8161518186724,17.7535659878662,36.4284388286777,18.6429558839238,13.811760977738,1994019.9439434,283.941237231045,0.0025654815152522,8.78454211900833,1993,0,0,0,1,0,0,0,0,0,0,1,0,1,0,0,0,0,0,0,0,0,0,0,0,0,1,0,0,0,0,0,0,0,0,0,0,0,0,0,0,0,0,0,0,0,0
9,-32.5219550060694,1710.77472526605,1.44229433857761,0.15871223145048,2,12,54.8217548216429,-0.997170587036984,5,75.8533214671959,17.7516065865701,36.4284397029669,18.6342957055294,13.8117609332565,7985025.86530215,283.044299802243,-0.0006116564734518,6.79520124175042,1993,1,0,0,0,0,0,0,0,0,0,1,0,1,0,0,0,0,0,0,0,0,0,0,0,0,1,0,0,0,0,0,0,0,0,0,0,0,0,0,0,0,0,0,0,0,0
9,191.611518030681,997.123286556635,1.7669254783867,0.230731918962685,3,0,51.1115582247216,-0.581918771512816,11,98.0697722963667,20.4929677506576,36.4821653707775,18.6456798152012,10.0363613709197,659165.776746132,282.944446775443,0.0003720736677242,7.86753480660203,1990,1,0,0,0,0,0,0,0,1,0,0,0,1,0,0,0,0,0,0,0,0,0,0,1,0,0,0,0,0,0,0,0,0,0,0,0,0,0,0,0,0,0,0,0,0,0
1,44.63843236404,860.201348866339,1.44155334290498,0.174398601267533,1,13,52.3070190977674,-1.74496178677319,4,76.4405708585968,17.7524392019635,36.4268751654035,18.6416701751609,13.8053920890281,5171695.78396039,284.920516656811,0.0023066814781039,4.59913284118576,1992,0,0,0,0,0,1,0,0,0,1,0,0,0,0,0,1,0,0,1,0,0,0,0,0,0,0,0,0,0,0,0,0,0,0,0,0,0,0,0,0,0,0,0,0,0,0
1,118.468533404808,652.629644387799,1.35973646738089,0.152899858998037,26,11,53.4068919080881,-4.00528333366367,8,78.7272909804497,32.6392533516568,38.8303077773965,18.8742104783215,14.7864912658793,3965965.39047624,292.914510698587,0.0011104222803345,0.490136772649495,1983,0,1,0,0,0,0,0,0,1,0,0,0,0,1,0,0,0,0,0,0,0,0,0,0,0,0,0,1,0,0,0,0,0,0,0,0,0,0,0,0,0,0,0,0,0,0
4,-53.2642833485562,856.250898346876,1.32748004680727,0.242107833644147,17,14,53.7135430623672,-1.44271489290062,12,76.244021436633,17.8115085089934,39.8469901560712,18.6482645147058,13.8184116469199,-2094134.445398,278.974259067935,0.0055382924321161,8.71484163047541,1994,0,0,0,0,0,0,0,1,0,0,1,0,0,0,0,1,0,0,0,0,0,0,0,0,0,0,0,0,0,0,0,0,0,0,0,0,0,0,0,0,0,1,0,0,0,0
0,21.2829020724463,300.866591669506,1.44131452389985,0.182042626246722,4,6,53.1685083064611,-0.869821644211926,8,76.3455533977893,17.7730058271977,36.4588732517606,18.6398261604205,13.7934484968408,107460.805272201,288.986436960154,6.74299375212829e-05,4.73637954242289,1995,1,0,0,0,0,0,0,0,0,0,0,0,1,0,0,0,0,0,0,0,0,0,1,0,0,0,0,0,0,0,0,0,0,0,0,0,0,0,0,0,0,0,0,0,0,0
4,-96.9409011994235,604.197528943675,1.64156204800008,0.188228159408412,19,12,54.0204515770515,-1.42770804381148,8,48.189930945228,27.7949545159569,43.6866967329283,18.6406688218321,17.3834667258631,-549001.069921576,290.555398293342,0.0035575116895959,6.10831882039662,1985,0,1,0,0,0,0,0,0,1,0,0,0,0,0,0,1,0,0,0,0,0,0,0,0,0,0,0,0,0,0,0,0,0,0,0,0,0,0,0,0,1,0,0,0,0,0
0,28.2075334399219,1131.0352411136,1.4409352292702,0.189349471988648,21,1,55.3681132088037,-0.858892129513794,11,76.317687488203,17.7554753151203,36.4717775747913,18.6326310242715,13.8221460096603,-1595622.59425955,281.222218385253,0.0091440570815172,11.174210357999,1993,0,0,1,0,0,0,0,0,0,0,1,0,0,0,0,1,0,0,0,0,0,0,1,0,0,0,0,0,0,0,0,0,0,0,0,0,0,0,0,0,0,0,0,0,0,0
3,60.1463400058059,245.989582804206,0.313514903265604,0.195310875348129,12,2,52.120893989488,-0.721261429092128,9,265.340588310264,13.1582148628974,36.5219235298163,18.6477887005581,21.0908036671958,7774561.90688855,285.089384937625,-0.0003970233403662,2.49465920051184,1999,0,0,0,0,0,0,1,0,0,0,1,0,1,0,0,0,0,0,0,0,1,0,0,0,0,0,0,0,0,0,0,0,0,0,0,0,0,0,0,0,0,0,0,0,0,0
6,104.001597025277,618.391320417137,1.44199749915361,0.195785583392684,5,2,50.7871859676442,0.56902778392843,10,76.3067030707362,17.7316317482089,36.4986012007686,18.6428035525648,13.8069360704385,2724180.39132051,285.773353898396,0.0004612246375281,4.0229644748246,1983,0,0,0,0,0,1,0,0,0,0,1,0,1,0,0,0,0,0,0,0,0,0,0,0,0,0,0,0,0,0,0,0,0,0,0,1,0,0,0,0,0,0,0,0,0,0
2,65.7185620931867,351.125477614104,1.44206616552595,0.208855436071863,27,17,52.1653442678507,-2.0278275892748,2,76.374371987128,17.7016847948978,36.4747374785461,18.6433289913105,13.8118877282982,258830.282247948,273.770076810022,0.0024072280641907,7.72370310222783,1981,0,0,0,0,0,0,0,0,0,0,0,0,0,0,0,1,0,0,0,0,0,0,0,0,0,0,0,0,0,0,0,0,0,0,0,0,0,0,0,0,0,0,0,1,0,0
5,66.4614466175648,993.600216698916,1.44212773897633,0.156507097525995,15,14,52.1311155720482,-0.0920509217542622,3,76.3896690477564,17.7257012108205,36.4758070124213,18.6457827026609,13.7972121319789,617226.016355554,280.688222377036,0.0001103136766222,6.81691848035438,1990,0,1,0,0,0,0,0,0,0,0,1,0,0,0,0,1,0,0,0,0,0,0,0,0,0,0,0,0,0,0,0,0,0,0,0,1,0,0,0,0,0,0,0,0,0,0
8,83.6778592285158,1069.82190298097,1.44161626636596,0.173122901071582,13,13,52.4966186449696,-1.25758573775384,11,76.4368118695914,17.7517151037307,36.5014218945372,18.6383932384736,13.8168267266952,969897.339036624,282.730178988968,0.0007955068524808,12.9732655658578,1987,0,0,0,0,0,1,0,0,1,0,0,0,0,0,0,1,0,0,0,0,0,0,0,0,0,0,0,0,0,0,0,0,0,0,0,0,1,0,0,0,0,0,0,0,0,0
8,117.877718801368,676.921378454233,-0.0448037810794273,0.182297076625295,14,18,52.9420070066728,-1.03200966577216,12,34.3994999289815,17.7664371263984,34.38593250173,25.3303448640781,3.45564230334396,3397545.95958088,279.326180547743,-0.0069824872419375,7.70777322527901,1999,0,1,0,0,0,0,0,0,1,0,0,0,0,0,0,1,0,0,0,0,0,0,0,0,0,0,0,0,0,0,0,0,0,0,0,1,0,0,0,0,0,0,0,0,0,0
9,-53.4698411763458,2535.59521633879,1.44131169243502,0.123025164041968,12,14,51.1334571050247,-1.81690087999909,5,26.797606937699,17.7459590160081,36.4571314833436,18.6457128415323,13.8103065118452,6724461.5615753,287.161420340029,0.0011085242995656,5.04354687193658,1990,1,0,0,0,0,0,0,0,0,1,0,0,1,0,0,0,0,0,0,0,0,0,0,0,0,0,0,0,0,0,0,0,0,0,0,0,0,0,0,0,0,0,0,1,0,0
7,144.889276714111,266.537884394936,2.31379404496437,0.180986741372887,23,21,52.1334777692715,-1.24721994929183,4,92.0966922440039,17.3245713370631,36.4730494780509,18.6421519061214,20.9749834877111,6319322.1260495,283.133937353681,0.0010556408364316,2.42203827827341,1991,0,0,0,1,0,0,0,0,0,0,1,0,1,0,0,0,0,0,0,0,0,0,0,1,0,0,0,0,0,0,0,0,0,0,0,0,0,0,0,0,0,0,0,0,0,0
3,38.9038676404417,400.36737255191,0.633380360650989,0.185828161661559,11,2,55.3217998226477,-0.751362085343745,1,29.0572503113587,43.6029927418549,36.185532822286,18.6446585838637,13.8726872585869,1855927.28433519,272.551666437649,0.0002716725530696,5.67094963856978,1997,0,0,0,0,0,0,0,0,0,1,0,0,0,0,0,1,0,0,0,0,0,0,0,0,0,0,0,0,0,0,0,0,0,0,0,0,1,0,0,0,0,0,0,0,0,0
4,168.01064195853,169.760000771636,1.44387406179348,0.205960034532365,8,0,51.6535520836728,-0.332237694026331,12,76.3734868029854,17.7398732141565,36.536017040438,17.8402733792622,13.7634663537451,10740044.5002388,276.828506343771,-0.0273188828289125,0.236379464384161,1998,0,1,0,0,0,0,0,0,0,1,0,0,1,0,0,0,0,0,0,0,0,0,0,0,0,0,0,0,0,0,0,0,1,0,0,0,0,0,0,0,0,0,0,0,0,0
0,69.1163110907763,1386.99916567815,1.18500570417363,0.183584106764117,20,13,52.552501812615,-1.6504360635594,2,79.13751605101,47.8961231682351,50.4829905512296,18.6408836687326,2.63538230186143,2590395.48430725,274.040854208565,-0.0020305448031649,9.58667837517332,1996,0,0,0,0,1,0,0,0,0,0,1,0,1,0,0,0,0,0,0,0,0,0,0,1,0,0,0,0,0,0,0,0,0,0,0,0,0,0,0,0,0,0,0,0,0,0
6,-18.0823069105333,535.841331024757,1.44154015759011,0.173692861638505,5,18,51.0264856232619,-1.95356876033606,2,76.3639296107831,17.7372864636942,36.43108299181,18.6383271722978,13.8226889496345,2616083.47847414,280.08978718729,-0.0014487279307831,5.18876326075487,1989,0,0,0,1,0,0,0,0,0,0,0,0,1,0,0,0,0,0,0,0,0,0,0,0,0,0,0,0,0,0,0,0,1,0,0,0,0,0,0,0,0,0,0,0,0,0
0,91.2827712690647,295.131741802362,1.44185374731718,0.0911839874339952,9,4,53.1065716203664,-2.78732640838941,7,76.3272563104913,17.7554253450322,36.4493827177817,18.6461506002751,13.8198643509122,3.27427043465414,288.413500157141,0.0003635036622118,3.54529578958944,1989,0,0,0,0,0,0,0,1,0,0,1,0,1,0,0,0,0,0,0,0,0,0,0,0,0,0,0,0,0,0,0,0,0,0,0,0,0,0,0,0,0,0,0,0,1,0
1,80.7499063309552,234.325605798629,1.32146786440588,0.188724039341897,16,7,52.7095191673947,-0.882284525697072,5,76.3839387504896,20.5680530542186,38.1673838565541,18.6400527036683,4.15384194807107,357782.17536779,277.648324699809,-0.0008257346707286,0.44492983368002,1995,0,0,0,0,1,0,0,0,1,0,0,0,1,0,0,0,0,0,0,0,0,0,0,1,0,0,0,0,0,0,0,0,0,0,0,0,0,0,0,0,0,0,0,0,0,0
0,10.5843355988376,1448.42095420855,0.471512286788892,0.222730907280694,24,15,52.2756812917599,-0.834806741727356,3,42.5733044918092,41.965151654454,36.3653379537723,18.6439745710038,27.5352057088721,405085.865462948,283.735115331952,1.72265146379389e-05,12.4367252227556,1992,0,0,0,0,0,1,0,0,1,0,0,0,1,0,0,0,0,0,0,0,0,0,0,1,0,0,0,0,0,0,0,0,0,0,0,0,0,0,0,0,0,0,0,0,0,0
6,100.279322189235,341.614822795793,1.35210174545759,0.178779207404286,27,4,52.2228179630773,-1.787959352711,9,76.3150456847076,17.7588506758056,35.8805059363116,18.6452931975002,13.8218542928212,3.39624626113643,286.150024042365,-0.0002732568735166,5.02993078192951,2000,0,0,0,0,0,0,1,0,1,0,0,0,1,0,0,0,0,0,0,0,0,0,0,0,0,0,0,0,0,0,0,0,0,0,0,1,0,0,0,0,0,0,0,0,0,0
4,-10.4450879669786,2157.12188172177,1.44178835824259,0.122746955773083,8,15,52.016709131236,0.376202889102451,4,76.3475061846643,17.7437039562243,36.4714433528087,18.6398142103828,13.8141498076313,5671866.99988405,288.352284909976,0.0015323383417226,12.1868586800993,1985,0,0,0,1,0,0,0,0,0,0,1,0,1,0,0,0,0,0,0,0,0,0,0,0,1,0,0,0,0,0,0,0,0,0,0,0,0,0,0,0,0,0,0,0,0,0
2,50.7908428384808,536.922383432397,1.44281503715141,0.244804855240801,26,20,52.7776707505859,-1.82530419191897,9,76.3771437224634,17.6949197832854,36.4828347940564,18.6439130466868,13.8012023746728,10221455.9581422,289.389317390114,2.02709427616571e-05,2.34717801758077,1992,0,0,0,0,1,0,0,0,0,0,1,0,1,0,0,0,0,0,0,0,0,0,0,0,0,0,0,0,0,1,0,0,0,0,0,0,0,0,0,0,0,0,0,0,0,0
3,122.953937271125,399.154120611091,2.12511503761121,0.127410104731631,14,11,51.3495057616181,-1.71798934565067,10,73.0087578992503,20.4191802333985,36.482165229742,18.6445093873116,15.0261451088244,3050676.78522093,284.499703818044,-0.0007857369198708,2.11419257605589,1990,0,1,0,0,0,0,0,0,0,1,0,0,1,0,0,0,0,0,0,0,0,0,0,1,0,0,0,0,0,0,0,0,0,0,0,0,0,0,0,0,0,0,0,0,0,0
2,8.02711113389642,475.221577583494,1.78555330371606,0.214487639343704,22,18,52.8719736167547,0.369279251341112,3,67.3568039204922,17.7367195155654,36.48463168366,18.6413411060863,23.631658918143,357123.558808631,278.632798020249,0.0012043990894649,1.95869925087055,1984,1,0,0,0,0,0,0,0,0,0,0,0,0,0,0,1,0,0,0,0,0,0,0,1,0,0,0,0,0,0,0,0,0,0,0,0,0,0,0,0,0,0,0,0,0,0
8,96.9160077931754,1533.76568610988,1.41531451793438,0.219922127090782,14,16,50.9516316246205,-0.0659256038389444,8,60.6633426005927,17.7494051661798,36.4689472898657,18.6385975877857,13.8168975259825,5297342.57819827,292.126726695947,0.0001695710189123,2.63666989695056,1992,1,0,0,0,0,0,0,0,0,0,1,0,1,0,0,0,0,0,0,0,0,0,0,0,1,0,0,0,0,0,0,0,0,0,0,0,0,0,0,0,0,0,0,0,0,0
9,44.8818075134932,681.625391474292,1.27350706756361,0.148093404401287,3,10,52.678036257315,-1.00499592676413,7,80.6909306383577,39.5848799064294,35.6293320440582,19.4072067515725,22.427119724345,2887622.20430632,289.440100982566,-0.0002957247868729,4.4527856494253,1982,0,1,0,0,0,0,0,0,1,0,0,0,0,0,0,0,0,0,0,0,0,0,0,1,0,0,0,0,0,0,0,0,0,0,0,0,0,0,0,0,0,0,0,0,0,0
6,-24.4861590320076,563.20542661673,1.44211801105928,0.14469934800771,20,9,52.4198492616003,-1.16469366969302,6,76.3476732841833,17.7369969628091,36.4679134335399,18.6420894187063,13.7896860947005,1784559.68855383,285.55313954834,0.0027056095590314,4.60665778774505,1997,0,0,0,0,0,0,0,1,0,0,1,0,0,0,0,1,0,0,0,0,0,0,0,0,0,0,0,0,0,0,0,0,0,0,0,0,0,0,0,0,0,0,0,0,0,1
0,52.439822034637,1164.79957142431,0.0392359938136553,0.210631955319524,4,14,54.735691683934,-1.61729775315112,5,39.2800416034406,36.2067209223534,38.5734493217962,18.6464304845439,9.50625680334759,8291513.6136045,285.142409698317,0.0013954952157822,5.03397010828909,2000,1,0,0,0,0,0,0,0,0,0,1,0,1,0,0,0,0,0,0,0,0,0,0,1,0,0,0,0,0,0,0,0,0,0,0,0,0,0,0,0,0,0,0,0,0,0
1,199.989538776999,711.406068864165,1.4433166964884,0.230128076897973,4,8,52.0694019292992,-1.09734126293121,4,76.3751444082934,17.7162467045258,36.486467204285,18.639701489938,13.83851797342,1516196.82611877,280.369159889872,-0.0010839273995215,3.74336126614282,1987,0,0,0,1,0,0,0,0,0,1,0,0,0,0,0,1,0,0,0,0,0,0,0,0,0,0,0,0,0,0,0,0,0,0,0,0,0,0,0,0,0,1,0,0,0,0
9,48.2154279108538,215.996154200261,1.4646297179248,0.166747948361431,19,22,54.6085457913242,-2.43480360294561,4,85.5377589343382,14.8601415514256,35.3195124288656,18.6389314262023,14.9851936349721,3651906.34883353,279.493186462714,0.002409648185268,0.146454335873982,1986,0,0,0,0,0,1,0,0,0,1,0,0,0,0,0,1,0,0,0,0,0,0,0,0,0,0,0,0,0,0,0,0,0,0,1,0,0,0,0,0,0,0,0,0,0,0
1,-21.4550254742443,569.211950812064,0.477503218517097,0.188889894733896,2,8,52.9590219164428,-1.07502200645985,4,32.193169839078,20.4159703291183,32.0800669784576,18.6386982182558,11.5159958741549,689432.214010428,283.278562820299,-0.0027152772867917,4.91809528164481,1996,0,0,0,1,0,0,0,0,1,0,0,0,1,0,0,0,0,0,0,0,0,0,0,0,1,0,0,0,0,0,0,0,0,0,0,0,0,0,0,0,0,0,0,0,0,0
2,-20.4485441272238,830.305005807623,1.72450867686454,0.202728883552734,8,14,51.9507669647092,0.352599110768073,1,75.0716894482678,17.7451279932761,53.2100103642577,18.6679594466886,19.6967164977003,1275039.54654639,280.696638257128,0.0001439158431714,9.42989421373547,1996,0,0,0,0,0,1,0,0,1,0,0,0,0,0,0,1,0,0,0,0,0,0,0,1,0,0,0,0,0,0,0,0,0,0,0,0,0,0,0,0,0,0,0,0,0,0
3,104.824944758726,928.700301651864,1.44245898036965,0.183370591890288,7,21,52.8390916965201,-4.63004138134315,4,76.343444655579,17.7681545288225,36.4925844694689,18.6440137032491,13.8209522871843,-126972.05388906,280.056362405739,0.00314485949527,7.46267025486137,1992,0,0,0,0,0,1,0,0,0,1,0,0,1,0,0,0,0,0,0,0,0,0,0,0,0,0,0,0,0,0,0,0,0,0,0,0,1,0,0,0,0,0,0,0,0,0
7,31.4948895923154,1973.66443652033,1.44161235859895,0.124922052576702,24,15,54.3343611397805,-0.750979210775242,7,76.4176078481055,17.7555477589392,36.4624761451006,18.6445237674573,13.8075991969697,9789978.57347808,292.096962360253,-0.0006046505006532,2.99927470059132,1995,0,1,0,0,0,0,0,0,0,0,0,0,1,0,0,0,0,0,0,0,0,0,0,0,0,0,0,0,0,0,0,0,0,0,0,0,1,0,0,0,0,0,0,0,0,0
4,-81.7424147983365,1429.84255812789,1.44136696456716,0.164108447652454,9,13,51.7454960778901,-3.67824327905912,2,76.2034119059887,17.7301929775392,36.4657358163035,18.6448526817565,13.7936547766656,4755302.96572593,280.803831804759,-0.000704181158489,9.09649121581989,1992,0,0,0,0,1,0,0,0,0,0,1,0,0,0,0,1,0,0,0,0,0,0,0,0,0,0,0,0,0,0,0,0,0,0,0,1,0,0,0,0,0,0,0,0,0,0
4,155.284005245557,318.937924420381,1.44083531435943,0.172411099592303,21,0,53.6490967613936,-0.161321858212829,2,76.3527166076148,17.7443388300464,36.463924021857,16.5459146907088,12.4495784141785,1926672.93958991,283.341126131437,-0.0002564176387933,6.89333039717383,1990,0,1,0,0,0,0,0,0,0,0,1,0,0,0,0,0,0,0,0,0,0,0,0,0,0,0,0,0,1,0,0,0,0,0,0,0,0,0,0,0,0,0,0,0,0,0
8,123.362867185401,215.600898614264,1.44121722833945,0.210689573569083,31,21,50.1339652717779,-1.70842023805302,3,76.2497856750467,17.7435494543497,36.4786168111604,18.6378966476454,13.8501342536093,3238396.70468525,275.093869663625,0.0009030986667987,4.64271189805423,1986,0,0,0,0,0,1,0,0,0,1,0,0,1,0,0,0,0,0,0,0,0,0,0,0,0,0,0,0,0,0,0,0,0,0,0,0,0,0,0,0,0,0,1,0,0,0
5,62.365331725325,1828.37056102644,1.44124182149962,0.173506160476776,31,18,52.2369975453243,-2.27977450445343,6,76.2895838701972,17.7628732128015,36.5253544743809,18.6430576996306,13.7877379057992,9157101.35030923,288.497467526687,0.0011276925468549,2.8660760557494,1985,0,0,0,0,0,1,0,0,1,0,0,0,1,0,0,0,0,0,0,0,0,0,0,0,0,0,0,0,0,0,0,0,0,0,0,0,0,1,0,0,0,0,0,0,0,0
3,2.09928645628323,531.411307379435,1.90353001319542,0.110645173573118,13,10,51.3510766530884,0.169035713385711,1,106.677975546022,17.7398705079446,36.4757875717362,18.6430014525155,13.811089591115,851777.628802042,278.114410094539,0.0002338101573015,6.03448657552044,1989,0,0,0,0,1,0,0,0,0,0,0,0,1,0,0,0,0,0,0,0,0,0,0,1,0,0,0,0,0,0,0,0,0,0,0,0,0,0,0,0,0,0,0,0,0,0
5,179.924585470859,604.346313321797,1.44159259655282,0.0896041642315124,16,22,53.5442142692283,-0.312228248203764,5,76.3488604671099,17.7567329908468,36.4757787691757,18.6420664614325,13.8013069275159,3957783.10506073,281.023052637394,0.0028107040399654,3.32438588849175,1986,0,1,0,0,0,0,0,0,0,0,0,0,1,0,0,0,0,0,0,0,0,0,0,1,0,0,0,0,0,0,0,0,0,0,0,0,0,0,0,0,0,0,0,0,0,0
6,-88.2347491445047,1097.69045552438,1.3417244407483,0.215111067272123,19,11,51.6960338729644,-2.22422242270145,12,-0.127356952396689,28.4068115413039,33.2343252570719,18.6370834691413,13.8354536293532,1381619.73927612,286.167361854101,-0.0020920561841412,10.8161710420013,1985,0,0,0,1,0,0,0,0,0,1,0,0,0,0,0,0,1,0,0,0,0,0,0,0,0,0,0,0,0,0,0,0,0,0,0,0,0,0,0,0,0,0,0,0,0,0
9,114.091678067558,257.78846772746,1.28136745342213,0.13560572923751,6,22,54.093463243667,-0.558378077851888,7,68.5171200880055,7.94989353584162,33.5821533658861,18.6448630709825,14.5716129216608,6894653.61296604,288.133561279563,0.000668465087795,3.66074317723224,1986,0,0,0,0,0,0,1,0,0,0,0,0,1,0,0,0,0,0,0,0,0,0,0,0,0,0,0,0,0,0,0,0,0,0,0,0,0,0,0,1,0,0,0,0,0,0
6,117.726897646418,987.208015326402,1.441571056753,0.210571059637,18,17,51.330845752478,-2.62631047408803,1,76.3435738015672,17.7364319386478,36.4568461226457,18.6432549647247,13.791152613769,-130009.428033258,280.563986632238,0.0004206093609405,9.32812033091666,1994,0,0,0,0,0,0,0,0,1,0,0,0,1,0,0,0,0,0,0,0,0,0,0,0,0,0,0,0,0,1,0,0,0,0,0,0,0,0,0,0,0,0,0,0,0,0
0,-185.627023790715,503.529551115725,0.396466212530709,0.244337718475946,19,6,51.6285819197515,-2.375924829337,4,68.324057207901,9.78723153863507,36.5866284010847,18.6406654060624,16.7176059872289,-66967.6998118527,278.264862084152,-0.0001661225476943,5.36620353773183,1997,0,0,0,0,1,0,0,0,0,1,0,0,1,0,0,0,0,0,0,0,0,0,0,0,0,0,0,0,0,0,0,0,0,0,0,0,0,0,0,0,0,0,0,1,0,0
3,99.1120375098234,1164.57401827077,1.6508357084309,0.223694467472823,7,14,52.5318199481888,-2.51374946731499,3,61.2565956382746,22.3821897024482,36.4730494969786,18.6421081110145,21.1503091238349,4948591.52365238,284.027774186794,-1.23760881587894e-05,5.4398063218127,1991,0,0,0,0,1,0,0,0,0,0,1,0,1,0,0,0,0,0,0,0,0,0,0,1,0,0,0,0,0,0,0,0,0,0,0,0,0,0,0,0,0,0,0,0,0,0
4,159.063234329295,409.456538194205,1.44232629106368,0.190881215424902,9,6,50.4696932483319,-0.0876423118308265,8,76.3395180385246,17.7591663502216,36.4738209662577,18.6371280880058,13.7986174596486,113981.358598677,286.013387103585,-0.0001914060141421,3.33925755265687,1985,0,0,0,1,0,0,0,0,0,0,1,0,0,0,0,1,0,0,0,0,0,0,0,0,0,0,0,0,0,1,0,0,0,0,0,0,0,0,0,0,0,0,0,0,0,0
2,63.3059550762844,1126.26761345149,1.44116267507132,0.155774531038913,7,14,53.3051757600078,-1.05016420491937,2,76.3839163832071,17.7597760228065,36.4783172899729,18.6398107082861,13.8236591444804,-2887277.81831019,270.700621438686,0.0014990755992513,6.80404721272583,1985,0,0,0,1,0,0,0,0,1,0,0,0,1,0,0,0,0,0,0,0,0,0,1,0,0,0,0,0,0,0,0,0,0,0,0,0,0,0,0,0,0,0,0,0,0,0
4,143.444986357009,101.789173517856,1.42021113264852,0.204615741680389,29,16,54.3479238131478,0.703087727755275,5,60.5864320558567,17.2010976336406,36.4821665852106,18.642342151128,19.983787431624,1394521.99123429,287.107839036517,0.0010511423974864,3.71330205495891,1990,0,0,0,0,0,0,0,1,0,1,0,0,1,0,0,0,0,0,0,0,0,0,0,1,0,0,0,0,0,0,0,0,0,0,0,0,0,0,0,0,0,0,0,0,0,0
0,8.89902453681282,495.631076086853,0.494623569592671,0.218209655303904,6,1,51.9482498858809,-1.11866721397662,11,96.4170189101198,14.1511071490111,40.5063754363323,18.639561110042,14.0046204231761,5992293.82506469,274.739825770813,-0.0121606880187157,3.97407576486232,1993,0,0,0,1,0,0,0,0,0,0,1,0,0,1,0,0,0,0,0,0,0,0,0,0,0,0,0,0,0,0,0,0,0,0,1,0,0,0,0,0,0,0,0,0,0,0
7,107.705592841564,879.067388772536,2.56389986973879,0.228058828104556,16,8,53.1559975519411,-0.299790969948496,3,96.0669655359293,17.7440309750449,36.570632497999,18.6400005557941,21.735031725304,609029.599293782,281.928979386759,-0.0002320280632481,7.22837962219551,1993,0,0,0,0,0,0,1,0,0,0,1,0,0,0,0,1,0,0,0,0,0,0,0,1,0,0,0,0,0,0,0,0,0,0,0,0,0,0,0,0,0,0,0,0,0,0
5,140.649481516147,1479.19907865669,1.35210179126933,0.128490162999419,22,15,52.2889328097128,0.422466865198569,6,76.3143175136771,17.7590399210823,35.8805063288354,18.6464757435349,13.8218547371326,3195421.96857401,295.884927634366,0.0018726350163252,13.6013134698978,2000,0,0,0,0,0,0,0,1,0,1,0,0,1,0,0,0,0,0,0,0,0,0,0,0,0,0,0,0,0,0,0,0,0,0,0,1,0,0,0,0,0,0,0,0,0,0
8,-78.8807382598458,-217.83783820995,1.27350707030921,0.280830190234519,29,1,50.899772025262,-0.0388597019492927,3,97.3900803692245,7.95117158252907,35.6293322303662,18.63808522576,22.4271195990185,8595267.57811123,279.880231189645,0.0020298011157747,0.950957219360696,1984,0,0,0,0,0,0,0,1,0,0,1,0,0,0,0,0,0,0,0,0,0,0,0,1,0,0,0,0,0,0,0,0,0,0,0,0,0,0,0,0,0,0,0,0,0,0
3,96.9105031382739,953.445178224713,1.44193419753711,0.219740083753739,4,15,52.5587587933331,-1.64877875621073,8,76.3528979996943,17.7345705175048,36.4644959417076,18.6395426088236,13.8056745763401,5274413.36654543,293.53980561783,-0.0006350110612623,6.68461447868769,1984,0,1,0,0,0,0,0,0,0,0,0,0,1,0,0,0,0,0,0,0,0,0,0,0,0,0,0,0,0,1,0,0,0,0,0,0,0,0,0,0,0,0,0,0,0,0
5,119.245532681208,-413.02110666507,0.616611469171735,0.302144871001451,9,1,50.7353894163615,-0.312799825587892,10,85.7980409835903,10.8134009662225,37.7270768413583,18.6507921740922,-0.0744457476620664,3740149.2601991,283.440206300611,1.79940898111146e-05,2.53532856557096,1994,0,0,1,0,0,0,0,0,1,0,0,0,1,0,0,0,0,0,0,0,0,0,0,1,0,0,0,0,0,0,0,0,0,0,0,0,0,0,0,0,0,0,0,0,0,0
2,86.3409029902105,583.892843644031,1.44036840175201,0.177079201587616,21,16,53.6704630125439,-1.47775695510814,4,76.3607410060641,17.7338989168374,36.4785161111681,18.6853102518505,13.8257911508452,2739052.96405506,284.177153825496,0.0001213006400026,1.25955038160612,1983,0,0,0,0,0,0,0,0,1,0,0,0,0,0,1,0,0,0,0,0,0,0,0,0,0,0,0,0,0,0,0,0,0,0,0,0,0,0,0,1,0,0,0,0,0,0
1,18.0428355332455,198.321750242844,1.44101062018424,0.136686537742476,16,2,49.6845529687253,-1.50950479180609,5,76.3151185803962,17.7277189221526,36.4849439572828,18.6430198393102,13.7860529359029,5744907.29652111,284.422191595317,0.0012183017104348,3.40970188842334,1995,0,1,0,0,0,0,0,0,1,0,0,0,0,0,0,1,0,0,0,0,0,0,0,0,0,0,0,0,0,0,0,0,0,0,0,1,0,0,0,0,0,0,0,0,0,0
9,205.809792841323,1172.86680275873,1.27350699224381,0.328947579595669,19,11,52.5547883402405,-2.57640170779487,3,73.777556469012,34.2879717541414,35.6293327519141,18.6375956581996,22.4271198646399,5447666.70340152,281.265680391082,-0.0030814612911957,2.57244050871236,1986,0,0,0,0,0,1,0,0,0,0,1,0,0,0,0,0,0,0,0,0,0,0,0,1,0,0,0,0,0,0,0,0,0,0,0,0,0,0,0,0,0,0,0,0,0,0
2,76.3503307028254,300.851924031597,1.44221542937468,0.172560778732328,28,0,50.5999631916504,-1.19250808996147,4,76.3389334723275,17.7619461538003,36.4892573892527,18.6401629903876,13.8105111814253,6893615.34956785,283.618322817193,-0.00122957354496,5.20335135861261,1987,0,0,0,0,0,0,0,1,0,0,1,0,1,0,0,0,0,0,0,0,0,0,0,0,0,0,0,0,0,0,0,0,0,0,0,1,0,0,0,0,0,0,0,0,0,0
0,84.1860274379596,1480.83279739554,1.43997301090979,0.15594646214115,19,19,53.0996157669203,-2.17603882894675,6,76.3560803580667,17.761053612872,36.4668839797554,18.6449262953478,13.8230094746328,9554836.08240197,294.180570711179,-0.0018230874809495,4.9651066320663,1989,1,0,0,0,0,0,0,0,0,0,1,0,1,0,0,0,0,0,1,0,0,0,0,0,0,0,0,0,0,0,0,0,0,0,0,0,0,0,0,0,0,0,0,0,0,0
0,57.8020362255944,-384.58605967355,1.44174037207866,0.160004113891534,13,21,53.2763948075508,-1.86753515411687,1,76.3061269034378,17.7627574655635,36.4839719391617,18.632648329751,13.7921207429628,1218265.00804368,266.53296432603,-0.0001989557587586,0.117010925881738,1991,0,0,0,0,0,0,1,0,1,0,0,0,1,0,0,0,0,0,0,0,0,0,0,0,0,0,0,0,0,0,0,0,0,0,0,1,0,0,0,0,0,0,0,0,0,0
5,236.521287920883,1096.40240435635,1.43766605719184,0.115353710075257,4,10,55.3183760554453,-2.97996565021508,7,76.3592747600908,17.7304337809256,36.5076979049472,18.6374788186726,13.7901602107234,2691143.33093958,286.153840732187,0.0004066593542416,2.70903204386522,1981,0,1,0,0,0,0,0,0,0,0,0,0,1,0,0,0,0,0,0,0,0,0,0,0,0,0,0,0,0,0,0,1,0,0,0,0,0,0,0,0,0,0,0,0,0,0
9,31.8485212700023,393.953156789979,1.24141343082724,0.182895733412145,14,5,53.3464461839098,-1.35910493720667,3,72.5584851169736,-3.9764398568484,35.55158950528,18.5390314563429,15.5562162325774,1494.7446388667,280.53613047895,0.0003151821355115,2.92120201000522,1998,0,0,0,0,0,0,0,1,0,0,1,1,0,0,0,0,0,0,0,0,0,0,0,0,0,0,0,0,0,0,0,0,0,0,0,0,0,0,0,0,0,0,0,0,0,1
2,-77.4592490560269,195.924745487796,1.45213892808277,0.225687352980783,24,12,53.0380707964677,-0.506777955324072,2,76.3235834558837,17.7527632252969,36.4658043844432,18.6440445957867,13.8086841904285,602143.525840668,278.216229688172,-0.0029633072234088,2.8632691629275,1983,0,0,0,0,1,0,0,0,1,0,0,0,1,0,0,0,0,0,0,0,0,0,0,1,0,0,0,0,0,0,0,0,0,0,0,0,0,0,0,0,0,0,0,0,0,0
0,42.2269719843975,1010.2589660992,1.32069819994162,0.199850432088301,13,15,52.9722879535286,-2.00543681549752,10,98.5851943637409,14.4679370836443,38.6867660914707,18.6370779532343,14.6391873107326,6833491.41666858,282.223627509136,0.0003931470397765,5.47635245246034,1993,0,0,0,0,0,0,0,0,0,0,0,0,0,0,0,1,1,0,0,0,0,0,0,0,0,0,0,0,0,0,0,0,0,0,0,0,0,0,0,0,0,0,0,0,0,0
3,237.615977774302,802.696277302113,2.1041782077322,0.223576754085155,4,20,54.1548173312134,-2.07044959732597,4,65.1951501253534,24.4255449839943,36.4730495473785,18.6355085287838,14.8806230924254,-1758365.94971648,279.017255754591,0.0046908521373997,10.58861685417,1991,0,0,0,0,0,0,0,0,0,1,0,0,1,0,0,0,0,0,0,0,0,0,0,1,0,0,0,0,0,0,0,0,0,0,0,0,0,0,0,0,0,0,0,0,0,0
6,184.66142026268,1149.49059998577,1.14369523091241,0.224518794654704,24,9,53.764541792597,-1.85074549702813,7,45.5910872103685,31.5801455737287,36.9420856547103,18.6348034043726,5.55226151233954,1857141.88238119,287.87055766374,0.0001314840079866,6.58026439012496,1993,0,0,1,0,0,0,0,0,0,0,0,0,1,0,0,0,0,0,0,0,0,0,0,0,0,0,0,0,0,0,0,0,0,0,0,0,0,0,0,0,0,0,0,1,0,0
5,228.029194801435,1507.58686542964,3.3769432275647,0.163835953796692,15,16,52.8584901226755,-1.60677905361867,8,63.9699480494994,53.7836984112318,36.185532473816,18.6364653190668,12.2307900175954,6436714.30799796,291.067425084785,0.0002663083965931,2.45534395379161,1997,0,0,0,1,0,0,0,0,0,1,0,0,0,0,0,1,0,0,0,0,0,0,0,0,0,0,0,0,0,0,0,0,0,0,0,0,1,0,0,0,0,0,0,0,0,0
1,34.5254022411197,508.865532760017,1.73269049027634,0.126320734571064,28,11,52.9347208444365,0.751331368634717,12,57.5360435719441,21.6793642706788,32.1079197435313,18.6424109827208,21.8198720313275,2794294.11370001,271.007712847537,-0.0058955705081316,4.26326369466373,1981,0,0,0,0,0,0,0,1,1,0,0,0,0,0,1,0,0,0,0,0,0,0,0,0,0,0,0,0,0,0,0,0,0,0,0,0,0,0,0,0,0,0,0,0,0,0
1,106.262430915038,597.687980220053,1.03893322690974,0.146139788216974,10,0,53.4392386857781,-1.17198844213694,7,55.0071208057092,17.7498104714877,36.629054798043,18.6266254673172,10.854562375646,9880065.66157301,290.597377302005,-0.0003485685237274,6.18995420840094,1995,0,0,0,0,0,0,0,1,1,0,0,0,0,0,0,1,0,0,0,0,0,0,0,1,0,0,0,0,0,0,0,0,0,0,0,0,0,0,0,0,0,0,0,0,0,0
7,-54.7765475694155,1674.2976309717,0.655425930573905,0.167334875895759,25,19,52.5475271599435,-0.317559768393489,5,46.1973541106898,61.3965035711679,21.6247807665431,18.6360891837089,26.0612562096172,5648945.19449243,289.584240839164,0.0006776582456091,6.77675706014441,1996,0,0,0,0,0,0,1,0,0,0,0,0,1,0,0,0,0,0,0,0,0,0,0,0,0,0,0,0,0,0,0,0,0,0,0,0,0,0,0,0,0,0,0,1,0,0
7,141.958113103203,382.385368027728,1.43152066980002,0.156057381925411,22,13,51.7159660580244,-0.257735670622099,5,759.32162632291,7.86897209029852,36.4051464954234,18.6547594282149,22.4341541859292,11206459.3293954,288.317436649765,-0.0020095285141668,3.27033121119389,2000,0,0,0,0,0,0,0,1,1,0,0,0,0,0,0,0,0,0,0,0,0,0,0,0,0,1,0,0,0,0,0,0,0,0,0,0,0,0,0,0,0,0,0,0,0,0
9,-10.0439869297248,-11.5233239451717,1.44249105976637,0.17115700562752,18,20,53.4640487755905,-1.44868644491652,1,76.2837694611018,17.7535705467847,36.4828698677958,18.6419640128717,13.8086229239303,1229140.72516277,276.425205437545,0.0005984545906213,-0.0420393342543011,1988,0,0,0,1,0,0,0,0,0,1,0,0,1,0,0,0,0,0,0,0,0,0,0,0,0,0,1,0,0,0,0,0,0,0,0,0,0,0,0,0,0,0,0,0,0,0
0,90.6805446346614,1312.24319425768,1.44083589327376,0.200683980161978,15,10,51.8653660778312,-0.254831523708505,1,76.2685591026278,17.7685707039637,36.493073439927,18.6398040385982,13.841269188061,1798983.90709516,277.266214948364,-0.0046068681389815,12.1960359354053,1985,0,0,0,1,0,0,0,0,1,0,0,0,1,0,0,0,1,0,0,0,0,0,0,0,0,0,0,0,0,0,0,0,0,0,0,0,0,0,0,0,0,0,0,0,0,0
9,-8.0084837649203,530.997352322663,0.836708198524524,0.166311870722265,25,6,51.845240220772,-1.4070387222903,9,60.4784908055654,17.6485974870643,39.7289145943578,18.640657016102,12.7897871253737,140836.761407049,286.643032840656,-0.0018340807483346,5.37355221156753,1993,0,1,0,0,0,0,0,0,1,0,0,0,1,0,0,0,0,0,0,0,0,0,0,1,0,0,0,0,0,0,0,0,0,0,0,0,0,0,0,0,0,0,0,0,0,0
1,51.9692675700306,1000.15292621601,1.08698995698703,0.145771644720759,30,15,50.7481267840502,-2.22928863339202,4,91.9901432265664,19.0704928913432,32.1895138960799,21.2898719493288,9.82232079649102,3405970.88350163,284.059364618316,0.0020218172079196,7.45545185006489,1991,0,0,0,0,1,0,0,0,0,1,0,0,0,0,1,0,0,0,0,0,0,0,0,0,0,0,0,0,0,0,0,0,0,0,0,0,0,0,0,0,0,0,0,1,0,0
4,6.83404183951901,474.570016611716,1.43972334586669,0.38511886657829,16,23,53.0814516856439,-0.796437690676876,12,76.3390421628417,17.7442827636455,36.4758834109799,18.6482893265345,13.8117139630784,4435435.49523276,280.758648430644,-0.0105501543543905,7.33168492225754,1989,0,0,0,0,0,1,0,0,0,0,1,0,1,0,0,0,0,0,0,0,0,0,0,0,0,0,0,0,0,0,0,0,0,0,1,0,0,0,0,0,0,0,0,0,0,0
8,28.5540558685388,-26.7967780040481,1.44142246655953,0.208694233136422,3,4,54.5787641214661,-1.71506598448354,9,76.3501517895957,17.7418950654428,36.4891929424547,18.6379343987486,13.799007251501,-8.5742048463786,277.177336784651,-0.0005469616826767,-1.17019666524603,1986,0,0,0,0,0,1,0,0,0,0,0,0,1,0,0,0,0,0,0,0,0,0,0,0,1,0,0,0,0,0,0,0,0,0,0,0,0,0,0,0,0,0,0,0,0,0
9,24.6628835039097,794.941914941627,0.669875971321855,0.182865379311032,23,12,53.6353110951906,-1.74030345535953,10,79.4642761906817,17.4515104191303,35.3195129374183,18.6362825251214,16.5565571875421,973681.158661946,280.624596928609,0.0035717318008839,2.70950833455483,1987,0,0,0,0,0,0,1,0,0,1,0,0,0,0,0,1,0,0,0,0,0,0,0,0,0,0,0,0,0,0,0,0,0,0,1,0,0,0,0,0,0,0,0,0,0,0
4,22.9679152006892,1276.43553326086,1.44290083042515,0.152333497675116,5,16,52.4120899159508,-0.356718170029571,4,76.3481657017459,17.7665565359313,36.4879271674178,18.6454224822769,13.8153315316114,2698713.97728783,284.210087064109,0.0013820430483433,5.49752400387599,1985,0,0,0,0,0,0,0,0,0,0,0,0,0,0,0,1,0,0,0,0,0,1,0,0,0,0,0,0,0,0,0,0,0,0,0,0,0,0,0,0,0,0,0,0,0,0
0,33.9748488964592,362.832958709978,-0.300580682849987,0.119275307716918,15,4,53.1567258760768,-3.83803574892851,5,44.4116271675163,26.4180938794717,17.1412768529956,16.5807237251698,10.8650988413859,-3.42560788324395,284.784466105656,0.0001383638654725,2.63578124809533,1999,0,1,0,0,0,0,0,0,1,0,0,0,1,0,0,0,0,0,0,0,0,0,0,1,0,0,0,0,0,0,0,0,0,0,0,0,0,0,0,0,0,0,0,0,0,0
6,89.5697841750972,533.938553316941,1.44283855946193,0.207679151577957,30,14,52.4855354041488,-0.922883008185637,6,76.3502390177235,17.7653666589612,36.4704602371664,18.6459631863163,13.8133671085531,782868.069013466,285.755777547894,0.001131972822833,5.50384014970135,1991,0,0,0,0,0,0,0,1,0,1,0,0,1,0,0,0,0,0,0,0,0,0,1,0,0,0,0,0,0,0,0,0,0,0,0,0,0,0,0,0,0,0,0,0,0,0
4,-88.8599576715075,342.95935479874,0.852829967912329,0.110030382823143,23,9,52.4761610733443,0.683385750678633,4,14.5602138856042,54.6799356089337,14.677207452742,18.6413789337855,80.7054089227947,1336355.49849549,284.425979619494,-0.0003917710203723,5.02610544098748,1996,1,0,0,0,0,0,0,0,0,0,1,0,1,0,0,0,0,0,0,0,0,0,0,0,0,0,0,1,0,0,0,0,0,0,0,0,0,0,0,0,0,0,0,0,0,0
5,127.43996890704,1483.12386853388,1.44275285608148,0.170457601997175,17,18,49.3148184427187,-3.12766981120889,4,76.2956014601427,17.7566883246378,36.4798934493372,18.6399794570986,13.8186546772227,4197715.18086791,283.744532827887,0.0004537101790688,4.01095398432881,1983,0,0,1,0,0,0,0,0,1,0,0,0,0,0,0,1,0,0,0,0,0,0,0,0,0,0,0,1,0,0,0,0,0,0,0,0,0,0,0,0,0,0,0,0,0,0
6,130.029624700531,994.443530265266,1.44281484511343,0.182561129916791,10,22,51.4289440355343,-1.80618975496502,3,76.3847556472884,17.739734611486,36.4952898224835,18.6457831147956,13.8208312339218,4609524.75859163,283.716672841494,-0.0001617748884021,8.89662244777015,1990,0,1,0,0,0,0,0,0,0,0,1,0,0,0,0,1,0,0,0,0,0,0,0,0,0,0,0,0,0,0,0,0,0,0,0,0,0,0,0,0,0,0,0,0,0,1
7,2.29808552606173,926.178142920542,1.44322440075093,0.175863509807996,3,0,53.2473431475329,-0.910066926848558,4,56.8599941353889,77.2646734874648,36.4661725423882,18.1612674327575,2.21965439784875,5038952.48129451,279.344479876275,0.0028442661341296,8.70983376323774,1994,0,1,0,0,0,0,0,0,0,0,0,0,0,0,0,0,0,0,0,0,0,0,0,0,0,0,0,0,0,0,0,0,0,0,0,1,0,0,0,0,0,0,0,0,0,0
9,170.425673274401,-179.258742495666,2.19857517457134,0.185139165138476,8,2,52.0505032265549,-1.50437810741802,11,85.4866979942169,17.7445428817317,36.570631766802,18.6400012119589,46.8072238043156,3705841.85490875,276.862403752676,-0.0101819248613567,0.266131628259291,1993,0,0,0,0,0,0,1,0,1,0,0,0,0,0,0,1,0,0,0,0,0,0,0,1,0,0,0,0,0,0,0,0,0,0,0,0,0,0,0,0,0,0,0,0,0,0
7,165.056609399863,340.807053553612,1.44173649623961,0.168016313142856,13,3,53.0807864312609,-1.12736586170647,5,76.3206844295509,17.7421380980224,36.4788301034606,18.6517499194697,13.8090350106654,1253736.08844333,284.997146149214,0.0009174023634341,3.1726253799529,1987,1,0,0,0,0,0,0,0,1,0,0,0,0,0,0,1,0,0,0,0,0,0,0,1,0,0,0,0,0,0,0,0,0,0,0,0,0,0,0,0,0,0,0,0,0,0
7,67.5155375352434,1037.56628827548,1.44082740159724,0.160499159602351,6,12,53.3819588381511,-0.0184233354487184,11,56.5327905467378,58.1149151761612,36.4972051526726,18.6485279492268,50.633811212595,1632274.98960625,284.744113950932,0.0055367894586558,13.603057857147,1996,0,0,0,0,0,1,0,0,1,0,0,0,0,0,0,0,0,0,0,0,0,1,0,0,0,0,0,0,0,0,0,0,0,0,0,0,0,0,0,0,0,0,0,0,0,0
5,145.327982224958,207.758056491362,1.44285467059958,0.130301797341296,25,22,51.539942243903,1.20187109192417,9,76.2951031783914,17.7154191175512,36.4758044456396,18.6416590032593,13.8070204624893,3636442.37814897,285.046442895577,0.0001595951959824,3.20316264512578,1988,0,0,0,1,0,0,0,0,1,0,0,0,0,0,0,1,0,0,0,0,0,0,0,0,0,0,0,0,0,0,0,0,0,0,0,0,0,0,0,0,0,0,0,1,0,0
1,-50.9137713244034,565.302633186493,1.01994981999364,0.151224965737918,18,18,51.9228313668359,-2.295780260296,9,-13.2137138958615,22.7265864011861,23.3103025671011,18.6489248939116,9.47845081563533,5847925.72331603,292.603282968976,-0.0003157911702059,1.99622031102743,1997,1,0,0,0,0,0,0,0,0,1,0,0,1,0,0,0,0,0,0,0,0,0,0,0,0,0,1,0,0,0,0,0,0,0,0,0,0,0,0,0,0,0,0,0,0,0
6,45.1098382047107,282.069356973722,1.39838680364511,0.148004164930078,4,0,52.4948279052365,-3.44561859978841,4,78.6826763242337,13.1711994760624,21.5245924436974,18.6518374891182,18.3650377908436,3816505.74701519,280.062225599566,0.0008936616960252,4.00010865195837,1995,0,0,0,0,0,0,1,0,0,0,0,0,0,0,0,0,0,0,0,0,0,0,0,0,0,0,0,0,0,0,1,0,0,0,0,0,0,0,0,0,0,0,0,0,0,0
3,3.16893227408518,1036.02966696944,1.44261942229584,0.199473869850696,7,12,53.340487924784,-1.48455930155129,11,76.2938144595427,17.7410061084473,36.494137391676,18.6427391227845,13.8239625770281,1580540.49724218,279.722806992554,-0.0004802444302206,4.23854807517836,1994,0,0,0,0,0,1,0,0,0,0,0,0,1,0,0,0,0,0,0,0,0,0,0,0,0,0,0,0,0,0,0,0,0,0,0,0,0,0,0,0,0,0,1,0,0,0
0,14.5491983040644,1673.31922698878,1.38314711379324,0.199953437514971,30,15,49.8267080542392,-1.77902557274113,7,85.5371012404388,17.7497733897708,36.6290548713394,18.6421982178285,26.5451693585026,9059663.10695699,298.346451998548,-0.0006452381960329,-0.279674631222787,1995,0,0,0,1,0,0,0,0,1,0,0,0,0,0,0,1,0,0,0,0,0,0,0,1,0,0,0,0,0,0,0,0,0,0,0,0,0,0,0,0,0,0,0,0,0,0
0,67.1254124111208,1100.42019613278,1.44114743516325,0.153915850936055,28,15,53.021349512805,-1.51556773665884,3,76.3379706727038,17.7673323104336,36.4730270841722,18.6361052159891,13.8041010050835,2639691.7344676,282.345142101369,0.0009503016749323,6.38024643606463,1991,0,1,0,0,0,0,0,0,1,0,0,0,1,0,0,0,0,0,0,0,0,0,0,0,0,0,0,0,0,0,0,0,0,0,0,0,0,0,0,0,0,0,0,0,0,1
2,123.832572348918,1446.04108497752,1.3967443577089,0.157560331541452,24,14,51.5632046981265,-2.31162513131932,10,76.2979905216918,17.7372742818551,37.4422536129659,18.6497335908681,13.8236193901963,6139936.93856501,285.08487676003,-0.0016297736837502,6.01729078178037,1997,1,0,0,0,0,0,0,0,0,0,0,0,0,0,0,1,0,0,0,0,0,0,0,0,0,0,0,0,0,0,0,0,0,0,0,0,0,0,0,0,0,0,0,1,0,0
4,-46.2696600427454,102.589529712298,1.44233599300378,0.161584089039187,29,3,52.9035602311082,-0.181781276843157,4,76.2676723218627,17.7453803806005,36.4941835403954,18.6433328265839,13.7976932637575,1888110.07952236,280.992143480507,0.00155167893465,3.6230204983399,1989,0,0,0,0,0,0,0,0,0,1,0,0,0,0,0,1,0,0,0,0,0,0,0,0,0,0,0,0,0,0,0,0,0,0,0,1,0,0,0,0,0,0,0,0,0,0
6,91.2907358724555,1807.47052328201,1.47463341146149,0.198908309314696,3,0,52.8086377881451,-2.72500842446104,3,76.2687017174041,17.7361267526635,36.4851919413309,18.4808276579507,13.7984248487693,712126.800312102,281.793089856747,0.0056546181834339,14.9029504895654,1982,0,0,0,0,0,0,1,0,0,0,0,0,0,0,1,0,0,0,0,0,0,0,0,1,0,0,0,0,0,0,0,0,0,0,0,0,0,0,0,0,0,0,0,0,0,0
8,152.723091287995,426.44157805167,1.3599624127548,0.159837250337719,29,2,53.1418343241134,-2.0571389943887,12,76.4114543069114,17.7145036899925,37.6560352772139,20.4611391850859,13.8136967341168,723827.732782104,279.489844192025,-0.0018392528818122,6.66315692736035,1999,0,1,0,0,0,0,0,0,0,0,0,0,0,0,0,1,0,0,0,0,0,0,0,0,0,0,0,0,0,0,0,0,0,0,0,0,0,0,0,1,0,0,0,0,0,0
2,-26.2467940594088,616.06980061367,1.44164432659543,0.0937917412654869,26,18,52.9725105828426,0.0002160290394612,9,76.2950812305721,17.7490139478026,36.470438060472,18.6412648070908,13.8144175244003,7936193.862875,287.995390068479,-0.0007628162611426,1.02323189318727,1986,0,0,0,0,1,0,0,0,1,0,0,0,1,0,0,0,0,0,0,0,0,1,0,0,0,0,0,0,0,0,0,0,0,0,0,0,0,0,0,0,0,0,0,0,0,0
7,67.2271732061054,982.532480653625,0.693227401834367,0.142477419510584,20,12,55.3470820125849,-3.19136719956062,2,65.4054749424006,17.76637315378,34.3859347120324,18.6451501477565,8.27923309875102,1660598.16078044,279.481765512363,0.0015100978495023,10.1364811465396,1999,0,0,0,1,0,0,0,0,1,0,0,0,0,0,0,1,0,0,0,0,0,0,0,0,0,0,0,0,0,0,0,0,0,0,0,1,0,0,0,0,0,0,0,0,0,0
9,164.302058223016,286.251407345802,0.994021343823619,0.177311479817091,31,5,54.8292930573029,-3.152448747301,8,72.9069189320919,8.36596296990814,62.2289432553593,18.6473843549337,37.7673366901911,-6778.61204491698,284.871475686361,0.0003725956026976,4.56726048138825,1996,0,0,0,0,0,0,0,0,1,0,0,0,1,0,0,0,0,0,0,0,0,0,0,0,1,0,0,0,0,0,0,0,0,0,0,0,0,0,0,0,0,0,0,0,0,0
4,118.921490331645,-253.837786099104,1.44140115209018,0.120684695568753,25,4,54.4311933959785,-1.69719862950403,11,76.516759370617,17.7458538165624,36.4637605882339,18.6434939483717,13.8164624669722,1.09820191836282,277.255834796274,0.0005990808953594,-1.38127635073376,1995,0,0,0,0,0,1,0,0,1,0,0,0,0,0,0,1,0,0,0,0,0,0,1,0,0,0,0,0,0,0,0,0,0,0,0,0,0,0,0,0,0,0,0,0,0,0
2,5.8166134939037,609.976889589532,1.44217524614499,0.214287534629715,7,12,52.5461496854005,-0.958993833141892,11,76.3881972312938,17.7294235798731,36.4624400121889,18.6408999385562,13.8291333138984,5290045.8985395,284.575740950532,-0.0018077925838557,5.63560512676827,1981,0,0,0,0,0,0,0,0,0,0,1,0,1,0,0,0,0,0,0,0,0,0,0,0,0,0,0,0,1,0,0,0,0,0,0,0,0,0,0,0,0,0,0,0,0,0
9,115.114483328833,555.208711762234,1.46134388976374,0.16945634045695,24,23,53.5498977146149,0.737191552637158,6,76.3014377778475,17.7293593339872,36.4498509188272,18.6405701889596,13.8289951316284,8209397.8099529,284.468775326589,0.0003759706652463,2.55506771877482,1997,0,0,0,0,0,1,0,0,0,0,1,0,1,0,0,0,0,0,0,0,0,0,0,0,0,0,0,0,0,0,0,0,0,0,0,1,0,0,0,0,0,0,0,0,0,0
3,-62.550880739071,1062.04172042895,1.4422613696258,0.173715755812843,16,12,53.251600735855,-1.35635093206374,11,76.3132661768401,17.7521000647916,36.4581605060482,18.6376592890709,13.8366157822653,1672941.49974236,277.375887655346,-0.0012775068423109,3.71055668842073,1985,0,0,0,0,0,0,0,1,1,0,0,0,1,0,0,0,0,0,0,0,0,0,0,0,0,0,0,1,0,0,0,0,0,0,0,0,0,0,0,0,0,0,0,0,0,0
3,-84.5597251317663,692.659806074784,3.05780047953728,0.13565585538685,11,0,52.8457616977287,-1.71203069858609,7,104.257913450156,17.7511193990025,36.4711278917898,18.6362333265372,38.935901293072,10063791.9292396,291.285187249058,0.0006794393573335,6.05473000708438,1991,0,1,0,0,0,0,0,0,0,1,0,0,0,0,0,1,0,0,0,0,0,0,0,1,0,0,0,0,0,0,0,0,0,0,0,0,0,0,0,0,0,0,0,0,0,0
0,19.113150020074,953.364783128686,1.44154196914206,0.14243958201108,8,18,51.9816435450814,-1.59213949180218,6,76.3391535259579,17.7559952303065,36.4783193038133,18.6423131029874,13.8140162003529,5617352.84342166,291.349981350295,0.0014853595389719,6.19442627433134,1988,1,0,0,0,0,0,0,0,1,0,0,0,0,0,0,1,0,0,0,0,0,0,0,1,0,0,0,0,0,0,0,0,0,0,0,0,0,0,0,0,0,0,0,0,0,0
9,153.655647452178,1203.63103043291,1.29496979109433,0.187167081884836,2,10,50.967461439391,-0.860257356099918,3,41.8293055639222,46.6080723560543,29.4355453416818,18.6283628391656,29.925925956851,962390.356807927,279.068423980848,0.0016417161614406,9.33874198618653,1995,0,0,0,0,0,0,0,1,1,0,0,0,1,0,0,0,0,0,0,0,0,0,0,0,0,0,0,0,0,0,0,0,0,0,0,0,0,0,0,0,0,0,0,1,0,0
1,89.8471822122807,274.302735343838,1.44094595243772,0.170920747181324,31,22,52.7663386801038,-1.00863163447908,11,76.3454811217996,17.7477545903685,36.4785583541554,18.6437980623247,13.8084469005502,5093875.25977469,279.010436635425,-0.0118845909957592,3.1581011248731,1982,0,1,0,0,0,0,0,0,0,1,0,0,0,0,0,1,0,0,0,0,0,0,0,0,0,0,0,0,0,0,0,0,0,0,0,0,0,0,0,0,0,0,0,0,0,1
4,111.943064553277,990.669131634662,1.42728471509312,0.106542216010704,15,14,53.0916108184331,-1.80655393487939,10,110.181337553516,48.1464303897884,45.6629392546018,18.6417877380333,19.1442010537385,5149398.71814805,280.477507482279,-0.0034309373006588,2.66294152706848,1997,0,1,0,0,0,0,0,0,1,0,0,0,1,0,0,0,0,0,0,0,0,0,1,0,0,0,0,0,0,0,0,0,0,0,0,0,0,0,0,0,0,0,0,0,0,0
6,54.8567024382193,694.118752203521,1.44215255841823,0.160099749456693,24,18,52.2907232239227,-1.22562324487743,10,76.3373564694029,17.729194571994,36.4689679307176,18.6355217827475,13.7975941647978,5752804.66291845,284.449669646643,2.24029904237508e-05,5.18171781793401,1991,0,0,0,0,0,0,0,0,0,0,0,0,1,0,0,0,0,0,0,0,0,0,0,0,0,0,0,0,0,1,0,0,0,0,0,0,0,0,0,0,0,0,0,0,0,0
5,-11.5909327845097,1598.68531566431,1.44195055860585,0.13012081074554,8,12,52.1207065775346,-1.61093535350191,5,76.3412875915796,17.7592730973922,36.4803225240963,18.6388413656622,13.8114176210806,4363099.53774378,287.576101252725,0.0013126255302819,1.31813421144544,1981,0,0,0,0,0,1,0,0,0,0,0,0,0,0,0,1,0,0,0,0,0,0,0,0,0,0,0,0,0,1,0,0,0,0,0,0,0,0,0,0,0,0,0,0,0,0
6,76.0483990320167,1547.23190673964,1.44150331843882,0.189002727674746,30,5,52.2416896351523,-2.51930008408788,12,76.3410117028242,17.7457528370758,36.4637677841686,18.6415766015496,13.8090401609569,-12506.6572151546,280.778462880615,0.0024492491313156,16.2549217490414,1994,0,0,0,0,1,0,0,0,1,0,0,0,1,0,0,0,0,0,0,0,0,0,0,0,0,0,0,0,0,0,0,0,0,0,0,0,1,0,0,0,0,0,0,0,0,0
7,59.1812392740226,1215.05681997684,1.44203922692267,0.182168695490005,28,6,52.7485718803057,-0.582715499524217,9,76.3816356573736,17.7596299146983,36.4799831878687,18.6402476093265,13.8131024492323,-39563.6717843344,286.008191189962,0.0042655923855698,11.114626903804,1988,0,0,1,0,0,0,0,0,1,0,0,0,0,0,0,1,0,0,0,0,0,0,0,0,0,0,0,0,0,0,0,0,0,0,0,0,1,0,0,0,0,0,0,0,0,0
0,131.652899179495,347.946303076891,1.44259327210076,0.213980674635706,25,2,53.3268488121575,-1.44551561666703,8,76.2606971834129,17.737079777091,36.4778531362478,18.6390241038988,13.8105333892468,5047173.23928027,288.184871237383,-0.0006241642742268,4.43577882082507,1984,0,0,0,1,0,0,0,0,0,0,0,0,1,0,0,0,0,0,0,0,0,0,0,0,0,0,0,0,0,0,0,0,0,0,0,1,0,0,0,0,0,0,0,0,0,0
6,-14.030597511783,790.284548464736,1.44461942457029,0.148365389417618,29,3,52.7491908799557,-3.41415865620003,10,76.2887383822931,17.7334155760392,36.5243419270541,18.6457831366512,13.7970973959439,3596352.66009076,281.387745593323,-0.0003319944052358,8.81815245591108,1990,0,1,0,0,0,0,0,0,0,0,0,0,0,0,0,1,0,0,0,0,0,0,0,0,0,0,0,0,0,0,0,1,0,0,0,0,0,0,0,0,0,0,0,0,0,0
5,41.2179501822295,340.5931975902,1.44111097044046,0.0818362849331961,30,0,51.616612162121,-3.91129863451368,6,76.3185731668792,17.7607158535945,36.4917096214758,18.7468058394867,13.8014533707373,4664465.15855558,285.026105538127,0.0012939903084553,3.85245242987792,1983,0,0,0,0,0,0,1,0,0,0,1,0,0,0,0,0,0,0,0,0,0,0,0,0,0,0,0,0,0,0,0,0,0,0,0,0,1,0,0,0,0,0,0,0,0,0
5,94.1239567248544,190.476463395946,1.44269979204217,0.175987566214404,16,0,53.3207179736359,-1.82691664915261,12,76.374921570627,17.7551212586605,36.477620287493,18.6354649325614,13.8075093010145,1445654.84329601,279.436613007445,0.0004853761850696,3.09527032527094,1988,0,1,0,0,0,0,0,0,0,1,0,0,1,0,0,0,0,0,0,0,0,0,1,0,0,0,0,0,0,0,0,0,0,0,0,0,0,0,0,0,0,0,0,0,0,0
8,53.3427406946747,1687.31835837697,1.44028179933612,0.139487611323293,22,16,51.7932216150376,-2.29929650715663,2,76.2479457818559,17.7304493317951,36.4682573799535,18.6509087579597,-3.33775503198275,2112989.0069458,279.242495304715,0.0010738057032432,14.7173582956351,1999,0,0,0,0,0,0,0,0,1,0,0,0,1,0,0,0,0,0,0,0,0,0,0,0,0,0,0,0,1,0,0,0,0,0,0,0,0,0,0,0,0,0,0,0,0,0
0,41.2778372919448,398.579387858534,1.44260077954721,0.137897242689787,31,0,50.8790288069976,-1.86481810672567,1,76.3441195329242,17.7717661980088,36.4806224733265,18.6514972320061,13.7987415201123,4058398.72476162,273.169607523035,-0.0046659438521759,2.31534022608175,1991,1,0,0,0,0,0,0,0,0,1,0,0,0,0,0,1,0,0,0,0,0,0,0,0,0,0,0,0,0,0,0,0,0,0,0,0,1,0,0,0,0,0,0,0,0,0
4,139.930425820099,310.809758953572,0.134127095185062,0.23004324460229,23,7,53.0844712289233,-0.0871755491202202,1,-115649.930044502,12.7849191456716,53.3536334722435,18.6350555728482,31065.1388913607,-25945109.8056607,278.069347577668,0.483793997241601,4.70838688124595,1981,0,0,0,0,1,0,0,0,0,1,0,0,0,0,0,0,0,0,0,0,0,0,0,0,1,0,0,0,0,0,0,0,0,0,0,0,0,0,0,0,0,0,0,0,0,0
8,129.416110745201,1341.9407609732,2.19994502091166,0.166606018716061,14,20,52.6611047598695,-1.07602681275533,7,-21263.2876492456,13.0552729309983,36.4841656254417,18.6432117784334,430150.152210148,-3150652604.16144,291.474934503642,1.04831424512759,6.30651802689395,1992,0,0,0,1,0,0,0,0,0,1,0,0,0,0,1,0,0,0,0,0,0,1,0,0,0,0,0,0,0,0,0,0,0,0,0,0,0,0,0,0,0,0,0,0,0,0
7,0.606180973744927,1185.05501128651,1.44269983155641,0.286459935866297,10,23,52.5995194747032,0.340028523343926,2,76.3596798413934,17.7560374387662,36.4776203276448,18.6430912763482,13.8075087936764,-1656790.88199583,275.207914330335,0.0044333138027713,11.3616742461915,1988,0,0,0,0,1,0,0,0,0,0,0,0,1,0,0,0,0,0,0,0,0,0,1,0,0,0,0,0,0,0,0,0,0,0,0,0,0,0,0,0,0,0,0,0,0,0
7,82.7770665800676,1070.10033391007,1.44143184165415,0.241334040677598,20,19,52.6485013318976,-2.4863172291709,3,76.3144487884849,17.7501353949496,36.4602610027603,18.6342744378418,13.8151399805042,4862061.53874338,281.654052768966,0.0020320514332371,7.2032085891977,1981,0,0,1,0,0,0,0,0,0,1,0,0,0,0,0,1,0,0,0,0,0,0,0,1,0,0,0,0,0,0,0,0,0,0,0,0,0,0,0,0,0,0,0,0,0,0
2,56.5930848652099,654.143328658485,0.562006838955452,0.190689242064755,4,23,51.9566528786427,-1.22569799757237,3,60.9789915159066,6.43931454770255,24.2870039056181,18.6406570815063,35.6201837736812,50265.1638918978,275.400229657541,0.0021182066474295,6.07901816872745,1993,0,1,0,0,0,0,0,0,1,0,0,0,1,0,0,0,0,0,0,1,0,0,0,0,0,0,0,0,0,0,0,0,0,0,0,0,0,0,0,0,0,0,0,0,0,0
4,28.7084978598931,1200.92659842853,0.597664954528314,0.177823333039917,26,19,53.1259460002119,-1.11270941783563,8,58.9030969263427,37.9452165647965,49.9077931641823,18.6386986084146,11.236789332873,12708769.8281891,293.59429293029,0.0002773146009016,4.07130074394748,1996,0,0,0,1,0,0,0,0,0,0,0,0,1,0,0,0,0,0,0,0,0,0,0,0,1,0,0,0,0,0,0,0,0,0,0,0,0,0,0,0,0,0,0,0,0,0
1,-12.5857602265072,278.139621548606,0.91728976191466,0.211735113831807,15,8,52.2577623914162,-2.25046346170906,6,85.5341972587335,25.2459696487516,35.3195156662851,18.637937385065,14.6167772335655,1252908.98556325,290.211470542627,0.0004255371261381,5.17064355989719,1986,0,0,0,1,0,0,0,0,0,0,0,0,0,0,0,1,0,0,0,0,0,0,0,0,0,0,0,0,0,0,0,0,0,0,1,0,0,0,0,0,0,0,0,0,0,0
0,-34.552415910373,740.074527593421,1.44178839585737,0.221119280791906,11,23,51.4815241708073,-0.600470945698197,3,76.3504093696172,17.743682501519,36.4714430288995,18.6407678372544,13.8141498014801,5540167.54467372,280.078827691895,-0.0006382912404826,6.11939091647403,1985,0,1,0,0,0,0,0,0,0,0,0,0,1,0,0,0,0,0,0,0,0,0,0,0,1,0,0,0,0,0,0,0,0,0,0,0,0,0,0,0,0,0,0,0,0,0
7,17.0955017966572,531.30798266927,1.3206983268754,0.226187746784078,31,19,52.5845615289353,-0.194341426503286,10,80.9579650514013,15.2092788472844,38.6867662067688,18.6411869419662,14.6391868614988,1484201.98505233,284.420205115525,0.0016464231723199,5.30678664741879,1989,0,0,0,0,0,0,0,1,0,1,0,0,0,0,0,1,1,0,0,0,0,0,0,0,0,0,0,0,0,0,0,0,0,0,0,0,0,0,0,0,0,0,0,0,0,0
9,-1.3870950124899,471.393493544252,1.58460984493099,0.212182559927118,8,8,52.9735812358912,-0.071080119480784,12,65950.6631053579,17.7860452956967,48.9499457063065,18.6764223221801,-232.808958951693,124864176.860807,281.477454404395,-2.12224629953446,7.50094370046274,1992,0,0,0,0,0,0,0,1,1,0,0,1,0,0,0,0,0,0,0,0,0,0,1,0,0,0,0,0,0,0,0,0,0,0,0,0,0,0,0,0,0,0,0,0,0,0
1,113.064044846928,863.813040846359,1.44159265247688,0.254443031567231,27,9,51.1520801866024,-1.93952244208439,2,76.3443481594865,17.7568037907045,36.475777273071,18.6442469001089,13.8013062017469,-1204213.94631612,266.451857738301,0.0016783336106331,7.89177276243021,1986,0,0,0,0,0,0,0,0,0,0,1,0,1,0,0,0,0,0,0,0,0,0,0,1,0,0,0,0,0,0,0,0,0,0,0,0,0,0,0,0,0,0,0,0,0,0
8,42.0978374398023,544.313502236314,1.15813619092959,0.145706869601106,4,8,50.856051533555,0.467488953109383,8,49.2221119053074,28.6969660195744,38.6809981289039,24.6085307152742,12.3482513476516,1513798.56632395,290.836736474183,-0.0016463056579732,3.50504212659536,1983,0,0,0,0,1,0,0,0,0,1,0,1,0,0,0,0,0,0,0,0,0,0,0,0,0,0,0,0,0,0,0,0,0,0,0,1,0,0,0,0,0,0,0,0,0,0
3,5.37496056978195,1029.18269745929,0.285814278752531,0.131793525779338,4,14,52.9776434450077,0.373234334323454,10,64.1889077107214,17.7555839830415,37.4124278017105,18.6419110177013,14.8492331946997,607702.312280545,290.888886785353,0.0009383870724381,14.7214393070052,1995,1,0,0,0,0,0,0,0,0,0,0,0,1,0,0,0,0,0,0,0,0,0,0,0,0,0,0,0,0,0,0,0,0,0,1,0,0,0,0,0,0,0,0,0,0,0
5,82.0489592788475,658.465668324686,1.44203922587819,0.162017633167643,30,13,50.4218694790949,-1.82186791786286,3,76.4101828511966,17.7595289297374,36.4799836219485,18.6351609782978,13.8131025178315,3219465.29029077,283.566910769329,0.002136119930214,3.0760774889683,1988,0,1,0,0,0,0,0,0,0,0,0,0,0,0,0,1,0,0,0,0,0,0,0,0,0,0,0,0,0,0,0,0,0,0,0,0,1,0,0,0,0,0,0,0,0,0
7,124.863313819346,604.615068237877,1.44229266029316,0.17075295594844,14,14,52.7751761753173,-0.311078351704103,9,76.3564722877164,17.7228813805034,36.4926115981861,18.6404010927808,13.8083910197318,2709555.82574797,291.702280708602,-0.0008251149259696,9.54500915640967,1989,0,0,1,0,0,0,0,0,0,0,0,0,1,0,0,0,0,0,0,0,0,0,0,0,0,0,0,0,0,0,0,0,0,0,0,1,0,0,0,0,0,0,0,0,0,0
6,-39.627515403466,910.7836057541,0.581791921814138,0.157891162102645,13,18,52.1052133745017,-1.47725660290475,7,20.0446929794116,49.2982989596589,24.9736328522449,18.6370417565096,20.1123877481465,4896102.97980201,290.344607883285,0.0004873536378354,2.79406898868323,1996,0,0,0,0,0,0,0,1,0,1,0,0,1,0,0,0,0,0,0,0,0,0,0,1,0,0,0,0,0,0,0,0,0,0,0,0,0,0,0,0,0,0,0,0,0,0
6,39.8671280726509,650.447639659085,1.46365906386994,0.206779709878682,8,17,52.074966738549,-2.74479636774651,10,79.0982161937005,17.7367702978021,36.484631329016,18.650658180703,35.4597926550973,2900689.75603329,286.783016215173,-0.0001772060475544,6.88134671416157,1984,0,0,0,0,0,1,0,0,0,1,0,0,0,0,0,1,0,0,0,0,0,0,0,1,0,0,0,0,0,0,0,0,0,0,0,0,0,0,0,0,0,0,0,0,0,0
8,119.889857156942,574.186442281567,1.44199754831131,0.14672282625167,7,22,52.0942149586277,0.810659612980601,9,76.3042164386551,17.7316398040132,36.4986010208983,18.6401588723479,13.8069362168779,2619907.9264793,285.900060422151,0.0019584082531711,2.56128014464193,1983,1,0,0,0,0,0,0,0,1,0,0,0,1,0,0,0,0,0,0,0,0,0,0,0,0,0,0,0,0,0,0,0,0,0,0,1,0,0,0,0,0,0,0,0,0,0
7,197.220552273982,900.232708576756,1.44174037757743,0.160979229614271,11,11,51.364169840578,-1.5639161313395,8,76.2846203304337,17.7633337848759,36.4839722758758,18.642140456435,13.792121252456,1750553.10836724,289.815066201617,0.0011914649085962,3.92019505805606,1991,0,0,0,1,0,0,0,0,0,1,0,0,1,0,0,0,0,0,0,0,0,0,0,0,0,0,0,0,0,0,0,0,0,0,0,1,0,0,0,0,0,0,0,0,0,0
2,9.79492955163214,438.483824453998,1.10980211907737,0.156468705055409,7,7,51.443938408704,-1.64873182690711,7,86.5255727587821,17.749252058952,36.4999560577687,18.6421240425484,13.8208154791631,270035.151652208,286.248693371945,0.0004401965568711,4.97674210683671,1991,0,0,0,1,0,0,0,0,0,1,0,0,1,0,0,0,0,0,0,0,0,0,0,0,1,0,0,0,0,0,0,0,0,0,0,0,0,0,0,0,0,0,0,0,0,0
6,121.250744411083,324.499474457418,1.44277919601028,0.180421854380373,10,0,53.4827955118721,1.50943710487484,10,76.3755727912028,17.7733668288475,36.4843955159123,18.6353137933344,13.8126084753821,4940890.07503676,282.860758249733,0.0011955084241291,4.09221836918545,1990,0,0,0,0,1,0,0,0,0,0,0,0,1,0,0,0,0,0,0,0,0,0,0,0,0,0,0,0,0,0,0,0,0,0,0,0,1,0,0,0,0,0,0,0,0,0
6,96.7710043064985,694.298551705065,1.44011690430293,0.149482073324915,12,0,52.6434552191503,-1.40829794312443,6,76.3679115465295,17.7558063474443,36.5087946722709,18.6432022216135,13.8092525039161,373747.92770812,286.34707671934,0.0023464079180283,6.14214947025546,1984,0,0,0,0,0,0,0,0,0,1,0,0,1,0,0,0,0,0,1,0,0,0,0,0,0,0,0,0,0,0,0,0,0,0,0,0,0,0,0,0,0,0,0,0,0,0
7,24.4227097722678,1011.16246092762,1.44080764654948,0.23210483504746,22,22,51.6508073514618,-3.94653740545827,12,76.2697505979355,17.6976732779906,36.4686882330791,18.6432388122643,13.8290502919575,62867.0793251604,278.237151233114,0.0020019903665634,8.09661873367412,1993,0,0,0,1,0,0,0,0,0,0,0,0,0,0,1,0,0,0,0,0,0,0,1,0,0,0,0,0,0,0,0,0,0,0,0,0,0,0,0,0,0,0,0,0,0,0
7,-145.835215017324,556.269740486879,1.4420212014236,0.263322098494945,13,2,52.7635051771162,-0.464859882211975,10,76.5023159474115,40.2851854071034,36.4745563228915,18.6442767779686,13.8199771718811,4329169.00789458,284.724207326769,0.0011353121103058,6.7971151107202,1989,0,0,0,0,0,0,0,1,0,1,0,0,0,0,0,0,0,0,0,0,0,0,0,0,0,0,0,0,0,0,0,0,0,0,0,0,1,0,0,0,0,0,0,0,0,0
3,82.8178274707938,976.643141425153,1.44065025747723,0.202588778173051,14,16,52.9416409047441,-2.16436125462533,12,76.344629694041,17.7798118801219,36.4577342809137,18.6341541910445,13.8281755368558,4360835.42405501,285.278252037285,-0.0013637351471173,6.93741604006128,1991,0,0,0,0,0,0,1,0,0,0,1,0,0,0,0,1,0,0,0,1,0,0,0,0,0,0,0,0,0,0,0,0,0,0,0,0,0,0,0,0,0,0,0,0,0,0
2,7.81980180678817,464.910379987212,0.391360811719998,0.12437212999573,17,16,51.3326244519981,1.6399920224448,11,71.6824521956619,48.662452875952,36.0940803235685,18.7314578717443,9.00834590781056,373928.974374225,281.095917826479,0.0015216217414273,7.32406483341443,1989,0,0,1,0,0,0,0,0,0,1,0,0,0,1,0,0,0,0,0,0,0,0,0,0,0,0,0,0,0,0,0,0,0,0,0,0,1,0,0,0,0,0,0,0,0,0
5,99.4867185192675,983.529525039906,1.43152061155006,0.19924644226277,24,22,52.8970670826409,0.388089149923665,3,563.384213075727,7.43587504055112,36.4051468431741,18.6392976132657,22.4341535998797,7441135.9243986,277.21259795564,-0.001766786369962,6.78339925109244,1988,0,0,0,1,0,0,0,0,1,0,0,0,0,0,0,0,0,0,0,0,0,0,0,0,0,1,0,0,0,0,0,0,0,0,0,0,0,0,0,0,0,0,0,0,0,0
0,68.5575324734427,807.127088258027,1.44080766338408,0.149796804547549,8,23,52.3809344517492,-0.814168330135227,5,76.2697381582848,17.6972071432966,36.4686892455731,18.6322424287956,13.8290501566491,6448606.41279578,280.753618228153,-0.0012832721817885,7.10233330438265,1993,1,0,0,0,0,0,0,0,0,0,0,0,0,0,1,0,0,0,0,0,0,0,1,0,0,0,0,0,0,0,0,0,0,0,0,0,0,0,0,0,0,0,0,0,0,0
0,-100.303001681086,486.635191227887,1.67457474144306,0.160429793018579,22,5,53.4704901878872,-1.76643713477959,5,73.4962365741403,17.7498093839477,36.5434458796751,18.6455069347776,22.8905194721943,61908.6265007009,280.963255476073,0.0003559742583595,5.41867219447983,1994,0,0,0,0,0,0,0,1,1,0,0,0,0,0,0,1,0,0,0,0,0,0,0,1,0,0,0,0,0,0,0,0,0,0,0,0,0,0,0,0,0,0,0,0,0,0
4,97.7610223014582,351.273555407022,1.13154655834523,0.123461213929902,29,3,53.8991142820953,0.167627654879518,12,71.2436649090333,14.2750693156608,34.5564888323576,18.6375846631679,4.85401213349836,513808.058604117,271.783601915263,-9.35874179429205e-05,3.13753202549878,1981,0,0,0,0,1,0,0,0,1,0,0,0,0,0,0,1,0,0,0,0,0,0,0,0,0,0,0,0,0,0,0,0,0,0,0,0,0,1,0,0,0,0,0,0,0,0
7,213.846135272409,359.367582971918,1.13154662338564,0.175660525732199,28,21,51.5450476911706,-1.9739932034906,3,71.2502473729222,14.2971584006072,34.556486274153,18.1088523141805,4.85401326486974,569818.872548288,278.620611176528,-0.0001174886836271,5.85393937532539,1999,0,0,0,0,1,0,0,0,0,0,1,0,0,0,0,1,0,0,0,0,0,0,0,0,0,0,0,0,0,0,0,0,0,0,0,0,0,1,0,0,0,0,0,0,0,0
3,40.5811584717643,196.613510263767,1.44286440573933,0.145924265264062,28,3,52.5758867294443,-2.35305095790599,3,76.3218891178195,17.7372179630189,36.4722502205816,18.6490293272974,13.8175843552812,2671521.18968527,278.90005305811,0.0007295222260769,4.35814219281996,1989,0,1,0,0,0,0,0,0,0,1,0,0,1,0,0,0,0,0,0,0,0,0,0,0,0,0,0,0,1,0,0,0,0,0,0,0,0,0,0,0,0,0,0,0,0,0
0,-51.0437178004893,601.844667119638,1.27049640798415,0.159327669778816,12,16,53.0003048988221,-1.9051533593646,10,40.5527790798697,10.5694212846974,32.532836148635,18.6437136738958,12.2532156874807,2216802.34748176,286.842313892956,0.0003908222557397,6.85477015005963,1992,0,0,0,0,0,1,0,0,0,0,0,0,0,0,0,0,0,0,0,0,0,0,0,0,0,0,0,0,0,0,0,0,0,0,0,0,0,0,0,0,0,0,0,1,0,0
9,141.443323494546,408.329354180187,1.44208248757331,0.150290335399392,18,7,52.5047209246989,-0.626760905169559,7,76.2627048383944,17.7331397426247,36.4650748495581,18.641623858793,13.8036259869176,175463.187885535,286.968519606062,0.0007629681415684,3.00463413900485,1984,0,1,0,0,0,0,0,0,0,0,0,0,0,0,0,1,0,0,0,1,0,0,0,0,0,0,0,0,0,0,0,0,0,0,0,0,0,0,0,0,0,0,0,0,0,0
9,-1.24341372685264,317.278440551104,1.44176476108975,0.178763548215461,29,1,53.2903133609948,-0.899389203911557,3,76.3366533742578,17.7716244852556,36.4587283280119,18.6382473224392,13.8188129464462,224256.229479684,275.177467762414,0.0014142329942923,6.16261140374073,1982,0,0,1,0,0,0,0,0,0,1,0,0,1,0,0,0,0,0,0,0,0,0,0,0,0,0,0,0,0,0,0,0,0,0,0,1,0,0,0,0,0,0,0,0,0,0
9,-34.458479125313,929.468101891866,1.44194107206439,0.205432821533716,30,6,51.7887929724909,-1.6954310615733,3,76.2454954230572,17.7602732443787,36.4763650278423,18.6388879150532,13.7977762470341,27873.6427665671,274.834730500938,-0.0045883364189168,8.06003387564326,1987,0,0,0,0,0,1,0,0,0,0,0,0,1,0,0,0,0,0,0,0,0,0,0,0,0,0,0,0,1,0,0,0,0,0,0,0,0,0,0,0,0,0,0,0,0,0
7,102.14020875311,1207.14707223616,1.44170247868104,0.21740097046045,25,0,52.5522476908502,-2.89185288520838,3,76.3714999929638,17.7516975483089,36.4755726430482,18.6403548529425,13.8211605002307,4108105.20653403,279.483642198443,0.0032772494526764,7.44515167173988,1989,0,0,1,0,0,0,0,0,0,0,1,0,1,0,0,0,0,0,0,0,0,0,1,0,0,0,0,0,0,0,0,0,0,0,0,0,0,0,0,0,0,0,0,0,0,0
7,206.947934608733,261.98967472082,1.26520004310466,0.16230819434065,23,23,53.6456892355019,-0.0045683694568934,8,56.5376743735246,24.6631628136138,31.9885286947647,18.6359925115112,8.74577069395205,5896066.1988499,287.302073995077,0.0008129953090978,3.76670925963321,1988,0,0,0,0,0,0,1,0,0,0,0,1,0,0,0,0,0,0,0,0,0,0,0,0,0,0,0,0,0,0,0,0,0,0,0,0,0,0,0,0,0,0,0,1,0,0
9,-4.24358177864873,524.679652044847,0.736244103024525,0.153943861621111,12,15,53.5659566615505,0.220309180101871,10,36.1885115442644,55.5750141526777,23.1967445221076,18.6408291064219,5.43774158363133,2091406.8346822,284.478898936565,0.0017370745744,9.06392751634454,1997,0,0,0,0,0,0,0,1,0,0,0,0,1,0,0,0,0,0,0,0,0,0,0,1,0,0,0,0,0,0,0,0,0,0,0,0,0,0,0,0,0,0,0,0,0,0
4,152.797401355325,463.291912190974,1.46454940987308,0.167947195318439,9,5,52.3467683046252,-0.533370852348963,4,72.6780166537713,34.9459235895992,37.2788355717925,18.6370383165065,12.7770785769296,26208.0056109125,273.947197255886,0.0003523799408232,3.14235565890441,1989,0,0,0,1,0,0,0,0,1,0,0,0,0,0,1,0,0,0,0,0,0,0,0,0,0,0,0,0,0,0,0,0,0,0,0,1,0,0,0,0,0,0,0,0,0,0
5,78.3822376146187,345.002445417553,1.2813675172825,0.143362727599613,31,5,51.7783747621586,0.244515231846796,10,68.2086719823029,6.6234658992414,33.5821526092392,19.6230799433222,14.5716131242731,-97725.2071073827,278.70178332327,0.000778153748046,5.48626919087002,1999,0,1,0,0,0,0,0,0,0,0,0,0,1,0,0,0,0,0,0,0,0,0,0,0,0,0,0,0,0,0,0,0,0,0,0,0,0,0,0,1,0,0,0,0,0,0
7,-77.7314363978688,1116.84247847176,1.4406812543218,0.199271596564897,3,22,52.8349941415893,-1.71772613511062,1,76.341693099468,17.7438180916454,36.4791709672787,18.639109266511,13.8053118938582,1990561.35449518,276.679664959116,0.0003707977808827,11.2397029292539,1984,0,0,0,0,0,0,0,1,0,1,0,0,1,0,0,0,0,0,0,0,0,0,0,0,1,0,0,0,0,0,0,0,0,0,0,0,0,0,0,0,0,0,0,0,0,0
8,185.166869991803,648.180625862023,1.4420334594555,0.101476984968695,10,3,51.929712369785,-0.0963845048266041,10,76.2935641753022,59.5438547108475,35.1306680659894,18.6378048144577,13.8041733720237,500884.9715303,286.829839083134,0.0014492539498256,6.49763383650982,1998,0,0,0,0,0,0,0,0,0,1,0,0,0,0,0,0,0,0,0,0,0,0,0,0,0,0,0,0,0,0,0,0,0,0,0,0,0,0,0,0,0,0,0,0,0,1
1,-20.4186273558677,1053.59293096023,1.36910744869298,0.152869869806559,15,6,51.4757036207369,-2.37846307460926,12,48.150624838764,17.7996498362398,33.1679133520369,18.6445237330868,85.2055884932971,133510.779091091,278.698031745463,0.0016830449702189,11.1372427712401,1995,0,1,0,0,0,0,0,0,0,1,0,0,1,0,0,0,0,0,0,0,0,0,0,0,0,0,0,0,0,0,0,0,0,0,0,0,0,0,0,0,0,1,0,0,0,0
0,52.016643241333,481.576445625455,1.44715294142534,0.224304547088995,28,2,51.9375316654822,-1.10686621405559,4,76.3117033567601,17.7458904367812,36.5652518030417,18.6356768275164,13.8531333028797,3988054.97056464,281.996897599248,0.0006847796549321,7.89278938347476,1993,0,0,1,0,0,0,0,0,0,0,0,0,0,0,1,0,0,0,0,0,0,0,0,1,0,0,0,0,0,0,0,0,0,0,0,0,0,0,0,0,0,0,0,0,0,0
7,69.8351434076081,689.466531396274,1.44186970765503,0.176904707138697,8,8,52.7338851071444,-0.762479690582768,10,82.7163688365817,17.7407245563762,36.4752332304377,18.6380730915111,13.8135546235066,411710.975873162,281.154174158474,-0.0023418022004719,7.66393787212944,1987,0,0,0,0,0,0,1,0,0,0,1,0,1,0,0,0,0,0,0,0,0,0,0,1,0,0,0,0,0,0,0,0,0,0,0,0,0,0,0,0,0,0,0,0,0,0
5,145.895366032497,797.090286086606,1.26520010948042,0.225395616562072,15,21,51.6972218882198,-1.59916738931154,8,43.9766881983024,18.9018460271072,31.9885286453747,18.5201833075015,-5.74747221860747,9136589.4036811,292.094516280801,0.0001152018378555,6.58520975338215,1983,0,0,0,0,0,0,0,0,0,0,1,1,0,0,0,0,0,0,0,0,0,0,0,0,0,0,0,0,0,0,0,0,0,0,0,0,0,0,0,0,0,0,0,1,0,0
8,-46.2553316051729,414.653716724082,1.44255050065826,0.196142597631907,28,2,53.0040220798953,-0.506077123668071,1,76.2686162296749,17.747890332761,36.4839705646869,18.6384917858373,13.7957980927508,-2269065.52485,277.169502022496,0.0025831372308696,5.30840776469942,1984,0,0,0,1,0,0,0,0,0,1,0,0,0,0,0,1,0,0,0,0,0,0,0,0,0,0,0,0,0,0,0,0,0,0,0,1,0,0,0,0,0,0,0,0,0,0
8,65.9649281956393,457.209594862555,1.02025754775592,0.186273562439968,5,11,53.5649543394687,-2.89069635078859,4,53.1001800797397,16.4105789238944,35.8400004824688,18.6364652511192,12.7337242452528,207131.077674222,280.189341377422,0.0011074526481291,7.49189697524048,1997,0,0,0,1,0,0,0,0,1,0,0,0,0,0,0,1,0,0,0,0,0,0,0,1,0,0,0,0,0,0,0,0,0,0,0,0,0,0,0,0,0,0,0,0,0,0
3,72.546255097475,1750.20458400515,0.942356766797193,0.165654616881204,26,18,52.0414396244667,-2.23300857565248,7,-541.35856361896,22.288951932283,46.8524346534191,18.6160455495872,18.8238686990442,6199867.5852506,296.598878379365,0.0001133574417932,1.60900981959829,1983,0,0,0,0,0,0,0,1,0,1,0,0,0,0,0,1,0,0,0,0,0,0,0,0,0,1,0,0,0,0,0,0,0,0,0,0,0,0,0,0,0,0,0,0,0,0
0,79.430454381576,640.226491669755,1.34172443114367,0.151222876679882,2,12,54.0649774963828,0.442560308303363,6,123.561755200602,23.9336180638603,33.2343258845137,18.6388783623175,13.8354540740522,5481585.36815612,289.699230819901,0.0021351434884796,9.28366378723185,1997,0,0,0,0,0,0,0,1,1,0,0,0,0,0,0,0,1,0,0,0,0,0,0,0,0,0,0,0,0,0,0,0,0,0,0,0,0,0,0,0,0,0,0,0,0,0
2,29.9152700715765,334.004939713288,1.84284546995365,0.211592847369882,20,18,51.3874831525401,-1.61824445270715,2,75.5212577727965,17.7349924096239,36.5791561845997,18.6415018038781,20.8337919571363,54034.4777713263,275.96545373031,0.0018408302069795,3.36993343740436,1992,0,0,0,0,0,1,0,0,0,0,1,0,0,0,0,1,0,0,0,0,0,0,0,1,0,0,0,0,0,0,0,0,0,0,0,0,0,0,0,0,0,0,0,0,0,0
6,-49.731631490315,312.122739826813,1.44084850872971,0.154135344934588,16,2,53.3394784788016,-1.97156097197368,5,76.3825358488272,17.7520773743087,36.4415013665612,18.6408468793144,13.8353791491841,2554588.74250468,283.272842429615,0.0011432534608952,4.11023774878405,1990,0,0,0,0,0,1,0,0,1,0,0,0,1,0,0,0,0,0,0,0,0,0,0,0,0,0,0,0,0,0,0,0,0,0,0,0,0,0,0,0,0,0,0,0,1,0
5,104.779012876673,1011.04943461159,1.46454933807562,0.249884723942301,23,14,51.7213985367242,-0.58477653430749,2,67.9683481909115,43.0915582785017,37.2788358265243,18.6405355562497,12.7770775788194,2268322.02993021,283.572229668493,0.0002349114050905,12.1205439032131,1991,0,0,0,1,0,0,0,0,0,0,1,0,0,0,1,0,0,0,0,0,0,0,0,0,0,0,0,0,0,0,0,0,0,0,0,1,0,0,0,0,0,0,0,0,0,0
9,38.253216853194,409.134968354511,1.4389495616484,0.171250283316692,18,21,52.4874154759422,-2.09050758532987,6,76.4067320859962,17.7403393362051,36.5033630759298,18.6391660220616,13.8220807009,4752458.48211457,288.463319813458,0.0003832280736223,1.72329648234239,1984,0,0,0,0,0,0,0,1,0,1,0,0,1,0,0,0,0,0,0,0,0,0,0,0,0,0,0,0,0,0,0,0,1,0,0,0,0,0,0,0,0,0,0,0,0,0
5,77.3077804725281,1306.45057431213,1.44132359843299,0.242428662493673,4,14,53.6113262934947,-1.23459204694347,3,76.3080542983416,17.7506844893425,36.4590624781359,18.639251066327,13.8104397444522,4925012.04507418,279.176997712122,0.0009789690824358,5.44513659199445,1981,0,0,0,0,0,0,1,0,1,0,0,0,1,0,0,0,0,0,0,0,0,0,0,1,0,0,0,0,0,0,0,0,0,0,0,0,0,0,0,0,0,0,0,0,0,0
8,40.0036555624838,1224.4609004348,1.44166120881192,0.154272712557332,8,6,51.1780747286616,-0.552691023916519,2,73.8451350438746,17.7507863317996,36.4770243085766,18.6372944431666,13.8056052539665,-104772.888880346,274.72635747056,0.0029249949782452,11.5385250932979,1988,0,0,0,0,0,0,1,0,0,1,0,0,1,0,0,0,0,0,0,0,0,0,0,1,0,0,0,0,0,0,0,0,0,0,0,0,0,0,0,0,0,0,0,0,0,0
8,19.3733070048686,620.546042616052,1.44356095088329,0.146512789867099,27,23,54.2024751834235,0.290887525115534,1,76.3712824357795,17.735630674953,36.4760349561765,18.6442472816051,13.7950617696718,-2129120.32244391,277.926812573251,0.0066748464753169,6.12549601715811,1986,0,0,0,0,0,0,0,0,0,1,0,0,1,0,0,0,0,0,0,0,0,0,0,0,0,0,0,0,0,0,0,0,0,0,0,1,0,0,0,0,0,0,0,0,0,0
3,-156.635204582943,580.989601728572,1.44171244752631,0.305568616620377,8,5,52.4971204797329,-0.7874190501776,12,76.2821998105578,17.7499968067733,36.5040572500591,18.6377881365126,13.8110535742235,40672.3644506968,282.045759410355,0.0022530054364002,5.24524698053698,1983,0,0,0,1,0,0,0,0,0,0,1,0,1,0,0,0,0,0,0,0,0,0,0,0,1,0,0,0,0,0,0,0,0,0,0,0,0,0,0,0,0,0,0,0,0,0
2,135.969867936249,1086.81090272643,1.44161877930668,0.191387644145121,5,12,52.5673761822248,-2.26437148389857,10,76.3603505123494,17.7670996255313,36.4623401005666,18.6429554007348,13.7908567029626,4102474.86560113,283.073466549182,-0.0024383143081874,5.12833939404955,1993,0,0,0,1,0,0,0,0,0,0,0,0,1,0,0,0,0,0,0,0,0,0,0,0,0,0,0,0,0,0,0,0,0,0,0,0,1,0,0,0,0,0,0,0,0,0
5,118.121505264158,1230.54747989465,1.41152072301124,0.17444312939417,22,14,52.2778407746485,-1.89232145536662,11,84.2303611605993,20.6705709450371,33.4217864599938,13.0835582421083,5.391654469367,3310590.08737653,284.717308226041,-0.0006958432746701,9.84095859853138,1996,0,0,0,0,1,0,0,0,0,0,0,1,0,0,0,0,0,0,0,0,0,0,0,0,0,0,0,0,0,0,0,0,0,1,0,0,0,0,0,0,0,0,0,0,0,0
2,55.3229592814324,441.548106248396,1.44205479500458,0.179772349105994,10,2,52.4822786958874,-2.53838597088964,9,76.3466604231434,17.7384073532499,36.4710636645414,18.6347694930619,13.8065274034982,4160806.61849719,283.792546264094,-0.0025754513270257,4.34953379794598,1981,0,0,0,0,1,0,0,0,0,0,1,0,1,0,0,0,0,0,0,0,0,0,0,0,0,0,0,0,0,0,0,0,0,0,0,0,0,0,0,0,0,0,0,1,0,0
4,18.4139880906008,1043.00366908801,0.93352813472102,0.1668619750509,26,13,53.5997965585761,-1.70924630800633,4,84.2237423859737,21.0976394423085,35.3195141464021,18.6338552836468,14.6277079343077,1522618.65722066,281.386174244944,0.0020754441647266,5.89238032592445,1998,0,0,0,0,0,0,0,1,0,0,1,0,0,0,0,1,0,0,0,0,0,0,0,0,0,0,0,0,0,0,0,0,0,0,1,0,0,0,0,0,0,0,0,0,0,0
7,107.939429981311,1457.22551883857,1.44246751837031,0.149889834435126,16,12,52.9710338784853,-1.29554709499057,6,76.3006214212912,17.7654428857325,36.4480826385628,18.6395449645373,13.8023624966501,4428529.45623584,295.237241921278,0.001048399154412,9.23879780198395,1993,0,0,0,0,0,0,0,1,0,0,1,0,1,0,0,0,0,0,0,0,0,0,0,0,0,0,0,0,0,1,0,0,0,0,0,0,0,0,0,0,0,0,0,0,0,0
0,-21.3921180351755,366.172999942728,1.32069834963418,0.229547106509027,15,12,50.8003834306408,-1.47006514621192,12,53.8741434225021,19.6854253155176,38.6867659349469,18.636458376377,14.6391872703742,2709736.36823777,279.670768909267,-0.0089362503862329,0.881480904823155,1989,0,0,1,0,0,0,0,0,0,0,0,0,0,0,0,1,1,0,0,0,0,0,0,0,0,0,0,0,0,0,0,0,0,0,0,0,0,0,0,0,0,0,0,0,0,0
2,82.9077881290171,175.441185932878,1.03747185403436,0.169902119587224,22,2,51.4933998409162,-1.13634821450936,8,58.0842387076772,11.3663667753743,27.7373670103105,18.6413365873934,27.8067441813707,5971138.53702053,285.361911748372,-0.0002761567977103,2.23336650251101,1995,0,0,0,0,0,0,0,0,0,1,0,0,1,0,0,0,0,0,0,0,0,0,0,1,0,0,0,0,0,0,0,0,0,0,0,0,0,0,0,0,0,0,0,0,0,0
3,231.646091548378,246.777078534183,1.44073944680245,0.147536952519707,3,20,52.679360596492,1.90823863637602,2,76.2949423264596,17.7390453664456,36.4700164237618,18.6443444935614,13.8496097632417,-50436.8785600733,284.323298917458,0.0015135576836654,4.87317436596016,1985,0,0,0,0,0,0,0,0,0,0,1,0,1,0,0,0,0,0,0,0,0,0,0,0,0,0,0,0,1,0,0,0,0,0,0,0,0,0,0,0,0,0,0,0,0,0
4,54.7985692225418,670.650176482742,1.44217665783788,0.132154538076289,26,21,51.4705160201995,0.1047916155589,3,76.3048074047184,17.7577423909193,36.4871709279398,18.6517498999751,13.8057602878562,3891266.5970189,277.866510091185,0.0016146801788589,8.14366614171651,1987,1,0,0,0,0,0,0,0,0,0,0,0,0,0,0,1,0,0,0,0,0,0,0,0,0,0,0,0,0,0,0,0,0,0,0,1,0,0,0,0,0,0,0,0,0,0
3,327.232679282489,1743.50120170412,1.89312251195146,0.179087841049279,17,13,53.8511808533762,-0.0998133286910672,7,94.5447729268426,45.0944959129526,35.6293317725208,18.6433159194727,25.4887647534441,5936577.97739696,287.9628895393,0.0015484945965665,0.991627918531606,1990,0,0,0,1,0,0,0,0,1,0,0,0,0,0,0,0,0,0,0,0,0,0,0,1,0,0,0,0,0,0,0,0,0,0,0,0,0,0,0,0,0,0,0,0,0,0
1,63.8993872406026,2080.80096312936,1.44015050422577,0.242298857884612,26,14,50.8972375500541,1.23237885893826,9,76.3438206579794,17.7473836102082,36.4857979151731,18.6416120740178,13.8302909252692,9056710.22851851,291.022227628947,-0.001639222379769,1.71352476609265,1998,0,0,0,1,0,0,0,0,1,0,0,0,0,0,0,1,0,0,0,0,0,0,0,0,0,0,0,0,1,0,0,0,0,0,0,0,0,0,0,0,0,0,0,0,0,0
7,-46.8751956448234,286.974763823312,1.44143183684624,0.1570876007559,26,23,51.760377376798,0.533643895809611,3,76.3143848332164,17.7500463807466,36.4602620321128,18.6433291152552,13.8151395279163,1239421.86926537,278.530827160717,0.0040244039794003,4.30093987629003,1981,0,0,0,0,0,0,0,0,0,0,0,0,0,0,0,1,0,0,0,0,0,0,0,1,0,0,0,0,0,0,0,0,0,0,0,0,0,0,0,0,0,0,0,0,0,0
8,145.557737190549,497.597141803636,2.27783762018466,0.160484436132115,7,21,51.1410829227864,-1.13958254430342,12,75.5134142118589,17.735046987176,36.5791557299776,18.6415024195352,31.2992030546564,3210633.77511643,277.462546744919,-0.0051973886446612,2.30351996057747,1992,0,0,0,0,0,1,0,0,1,0,0,0,0,0,0,1,0,0,0,0,0,0,0,1,0,0,0,0,0,0,0,0,0,0,0,0,0,0,0,0,0,0,0,0,0,0
6,-27.816859692582,109.855012620462,0.956073190366571,0.211166891606214,22,23,53.0669390017649,-0.377952165422375,3,54.3453154830568,16.8791401727831,47.3539829774809,18.6437982762324,11.497847549107,1270815.68475828,273.542220814661,0.0032836856631967,2.94954316889086,1982,0,1,0,0,0,0,0,0,1,0,0,0,0,0,0,1,0,0,0,0,0,0,0,0,0,0,1,0,0,0,0,0,0,0,0,0,0,0,0,0,0,0,0,0,0,0
0,-50.1758028146361,1299.69106637885,1.4421902348335,0.0951102327775089,27,14,51.432859866939,-2.2244797747931,8,76.424122402232,17.7157925822557,36.4673147314335,18.6378574747001,13.8515201431687,7982310.0727797,289.527282582228,0.0018895746071237,3.56184808783914,1983,0,1,0,0,0,0,0,0,1,0,0,0,1,0,0,0,0,0,1,0,0,0,0,0,0,0,0,0,0,0,0,0,0,0,0,0,0,0,0,0,0,0,0,0,0,0
9,40.5071401587076,1400.14620523624,1.4433516923571,0.164996840437788,18,5,53.9692707556852,-0.687272671572397,12,76.4001859610857,17.7399301948265,36.4638129395535,18.6374779432124,13.8078131416092,18062.8489071266,276.388487856945,0.0009508983204638,12.9177367772379,1981,0,1,0,0,0,0,0,0,0,1,0,0,1,0,0,0,0,0,0,0,0,0,0,0,0,0,0,0,0,0,0,0,0,0,0,0,1,0,0,0,0,0,0,0,0,0
2,-19.5486123663793,374.126771374352,1.44266579248129,0.127910447239868,27,4,51.9310751958579,-2.14389211259341,6,76.3100072342394,17.7360697550683,36.5152107617283,18.6471807765045,13.7871441391292,0.0172568485561704,288.622895901997,-0.0001515861296695,2.25566797321665,2000,0,0,1,0,0,0,0,0,0,0,1,0,1,0,0,0,0,0,0,0,0,1,0,0,0,0,0,0,0,0,0,0,0,0,0,0,0,0,0,0,0,0,0,0,0,0
9,-16.407670555429,939.273781375189,1.44273587734364,0.177420249107652,21,18,51.7540463885336,-0.705705027442136,3,76.3040491566368,17.7681194293633,36.4694166629394,18.6286021347714,13.7949605580374,3196299.75096646,281.933495835522,0.001228272756885,12.2915443471721,1999,0,0,0,0,0,0,0,1,0,0,0,0,1,0,0,0,0,0,0,0,0,1,0,0,0,0,0,0,0,0,0,0,0,0,0,0,0,0,0,0,0,0,0,0,0,0
4,93.1036340415093,1954.45146569316,0.869923413518191,0.12966204155958,2,15,51.4094030810353,-2.07704746096964,7,44.280269557846,39.9723012007375,33.7396714753674,18.6489251890143,7.8498332362557,6629976.42130353,294.838953126307,0.0002590936834578,7.93088740249316,1997,1,0,0,0,0,0,0,0,0,0,1,0,1,0,0,0,0,0,0,0,0,0,0,1,0,0,0,0,0,0,0,0,0,0,0,0,0,0,0,0,0,0,0,0,0,0
7,170.290564017705,-97.9408273958421,0.611853607677702,0.173865240037405,27,10,52.448364291281,1.43316754512146,8,63.1950502106518,14.3828325678565,48.9916072831323,18.6507925716979,11.7468105732523,-1503299.27561308,288.353848875548,0.0027086808943718,6.77968211714261,1994,0,0,1,0,0,0,0,0,0,1,0,0,1,0,0,0,0,0,0,0,0,0,0,1,0,0,0,0,0,0,0,0,0,0,0,0,0,0,0,0,0,0,0,0,0,0
4,66.4893891494067,492.67629355942,1.28136744118993,0.224152253688562,10,16,50.0881462843558,-0.163553235468181,11,67.686394549314,4.37751081996262,33.5821520793744,18.6297041922596,14.5716128810819,2018563.6325458,288.138305030445,-0.0011344708218487,5.87001025437568,1984,0,0,1,0,0,0,0,0,0,1,0,0,1,0,0,0,0,0,0,0,0,0,0,0,0,0,0,0,0,0,0,0,0,0,0,0,0,0,0,1,0,0,0,0,0,0
7,-72.8285725509993,819.486735377046,1.0283220888711,0.165886610338081,23,21,52.8233421732577,-1.16496875403416,7,51.6428131372664,23.7259274981452,27.3867187570132,17.9474713677482,10.5177546860362,2431399.71000115,286.125905261734,0.0023841213273354,4.25058133546386,1998,0,0,0,0,1,0,0,0,0,0,0,0,1,0,0,0,0,0,0,0,0,0,0,1,0,0,0,0,0,0,0,0,0,0,0,0,0,0,0,0,0,0,0,0,0,0
3,-8.38728432486012,212.568880758947,1.44086538123325,0.177176193008062,7,10,55.1746499499401,0.576269915956352,11,74.8125810256124,9.968951749851,36.485216716949,18.6422496694779,9.43058073660566,1214175.10006222,282.492422913384,0.0003644317407017,5.26438068198411,1988,1,0,0,0,0,0,0,0,1,0,0,0,0,0,0,0,0,0,0,0,0,0,0,0,0,0,0,0,0,0,0,0,0,0,0,1,0,0,0,0,0,0,0,0,0,0
2,249.371552776886,1190.70727193588,1.44216859530393,0.110262251475815,2,13,49.9945970986692,1.2967764207188,5,76.2833132793404,17.7316524922418,36.4955847435192,18.6466894343577,13.8254363822463,4226462.76695506,289.689485519558,0.0022629227467122,2.86712015365382,1994,0,0,0,0,0,0,1,0,0,1,0,0,1,0,0,0,0,0,0,0,0,1,0,0,0,0,0,0,0,0,0,0,0,0,0,0,0,0,0,0,0,0,0,0,0,0
2,27.9726196191415,1492.64307098056,1.4425451405717,0.155527472174874,2,18,54.776882598431,-2.7693509447342,5,76.3058876832011,17.7429854900466,36.4978130495444,18.6436117940123,13.8155034299266,9932111.90528511,283.423152596644,-0.0008864092720578,3.44390488760006,1986,0,0,0,0,0,0,1,0,0,0,0,0,1,0,0,0,0,0,0,0,0,0,0,0,0,0,0,0,0,0,0,0,0,0,0,0,0,0,0,0,0,0,0,0,1,0
5,139.948402269379,1103.27332722733,1.4419950119475,0.19360751516678,28,8,53.3686499923688,-0.990901471405682,2,-2548.17284049562,18.8854535606985,36.4841653496499,18.6360756907973,314306.000363563,605897235.121815,280.184882754292,-2.096397548536,12.4680305443524,1995,0,0,1,0,0,0,0,0,0,0,1,0,0,0,1,0,0,0,0,0,0,1,0,0,0,0,0,0,0,0,0,0,0,0,0,0,0,0,0,0,0,0,0,0,0,0
2,77.535675892811,189.697379776612,1.27350697701784,0.166035872169273,12,8,52.6734730802236,-0.629763285186601,11,88.4100414661222,9.86672520731738,35.6293326076867,18.7297760035913,38.3817596061572,428086.483076843,283.228964058574,-0.0014548044451127,2.82208969479826,1989,0,1,0,0,0,0,0,0,0,0,0,0,0,0,0,0,0,0,0,0,0,0,0,1,0,0,0,0,0,0,0,0,0,0,0,0,0,0,0,0,0,0,0,0,0,0
1,37.3291431472952,206.03603715007,0.735417185425237,0.184946042424211,21,6,50.8146971188235,-2.08898542300398,5,22.9928155125579,25.2361154702988,37.7131118320261,18.6312322355546,28.1510372172164,86417.6410225683,284.866080688035,0.000703863934801,5.87208833747353,1994,1,0,0,0,0,0,0,0,0,0,0,0,1,0,0,0,0,0,0,0,0,0,0,0,0,0,0,0,0,0,0,0,0,0,0,0,0,0,0,0,0,0,0,1,0,0
7,-17.4841818809367,1351.73340872251,1.4409977115162,0.137624105515856,2,14,52.5703131270018,-2.02543134124961,6,76.3308898272757,17.7539262299925,36.4796243307029,18.6400526195709,13.8172716698631,7175677.31298406,284.366862592692,0.0013456369434075,3.10235984120543,1995,0,0,0,0,1,0,0,0,0,0,1,0,1,0,0,0,0,0,0,0,0,0,0,0,0,0,0,0,0,0,0,0,0,0,0,1,0,0,0,0,0,0,0,0,0,0
8,204.819311497111,898.595067446819,1.05132668540215,0.117908850790481,1,19,52.0047238395597,-1.65090691356396,9,74.2637653113962,18.34775299782,28.7944847657634,18.6400525551284,15.109865191759,6832331.80589232,289.421052517911,-0.0005923134608688,4.31975079128566,1995,0,0,0,0,1,0,0,0,1,0,0,0,1,0,0,0,0,0,0,0,0,0,0,1,0,0,0,0,0,0,0,0,0,0,0,0,0,0,0,0,0,0,0,0,0,0
9,85.8525966054381,719.895426681154,1.44143183992265,0.176643679320202,11,17,53.8949947028622,-1.39533889370107,2,76.314449808151,17.7500957985228,36.4602605688413,18.6371933992385,13.8151404203776,2550437.7125761,282.873878211084,0.0003486534876225,6.85712367575319,1981,0,1,0,0,0,0,0,0,0,0,1,0,0,0,0,1,0,0,0,0,0,0,0,1,0,0,0,0,0,0,0,0,0,0,0,0,0,0,0,0,0,0,0,0,0,0
6,106.107665658028,710.094477688379,1.19288523469193,0.190230199975994,5,2,54.2612397227179,0.643040931574875,3,66.1898433882443,21.5780513473623,44.1767772702244,18.6440046314936,10.1093414021118,3227333.41209444,280.361528091996,0.0002047551921299,7.86129164611434,2000,0,0,0,0,0,1,0,0,0,0,1,0,0,0,0,1,0,0,0,0,0,0,0,1,0,0,0,0,0,0,0,0,0,0,0,0,0,0,0,0,0,0,0,0,0,0
9,77.5683128345883,469.266348811799,0.933528125040095,0.168314423520377,2,6,52.3168497222489,1.65530235490453,8,82.4733558572972,17.1529874864335,35.3195131684231,18.6451439420669,18.2411321611526,183071.507375752,288.281488363835,0.000242831612991,4.37022854559045,1989,0,0,0,0,1,0,0,0,0,0,0,0,0,0,0,1,0,0,0,0,0,0,0,0,0,0,0,0,0,0,0,0,0,0,1,0,0,0,0,0,0,0,0,0,0,0
7,-7.34164398150227,1517.14958033362,2.67007510163511,0.194333608188334,9,18,51.7734751009663,0.70666023587419,8,75.6931799998944,17.7356077652068,36.4835568094007,18.6457828115402,-0.813798468809669,7877096.39688743,294.180912146074,0.0005499063190136,4.04933661737982,1990,0,1,0,0,0,0,0,0,1,0,0,0,0,0,0,1,0,0,0,0,0,0,0,1,0,0,0,0,0,0,0,0,0,0,0,0,0,0,0,0,0,0,0,0,0,0
5,72.3910226111608,946.717591573066,0.742196482724041,0.18519880216154,25,19,52.4144982048874,-2.60577526708018,12,36.1606767791449,54.890847527807,17.9269017862953,18.6404714590949,10.5687907175561,370867.612502244,277.746749268425,0.0009902844651797,10.6268899637036,1998,0,0,0,0,0,0,1,0,1,0,0,0,1,0,0,0,0,0,0,0,0,0,0,0,0,0,0,0,0,0,0,0,0,0,0,0,0,0,0,0,0,1,0,0,0,0
5,108.368234744751,1525.77659522281,1.39960817340199,0.191260354107674,23,15,52.8690552683615,-2.57886584492757,9,76.3024529781142,17.7288695752945,35.4030810196088,18.6393579245523,13.8277645914911,5576166.54807093,291.036868109564,8.96753754834729e-05,7.79696571882662,1999,0,0,0,0,0,1,0,0,0,0,1,0,1,0,0,0,0,0,0,0,0,0,0,0,0,0,0,0,0,0,0,0,0,0,0,1,0,0,0,0,0,0,0,0,0,0
9,154.570951222176,590.639718023795,1.44183959287977,0.218117764137994,6,0,51.6410861898106,-2.37822207735237,1,76.3524031319942,17.73563983344,36.4806407837132,18.6447322594903,13.8086833043567,5299633.01413034,280.186405660662,-0.0029318381389219,4.77552956483481,1989,1,0,0,0,0,0,0,0,0,1,0,0,0,0,0,1,0,0,0,0,0,0,0,0,0,0,0,0,0,0,0,0,0,0,0,0,0,0,0,0,0,0,0,1,0,0
2,-2.11618569340268,153.401023040675,1.27350705369846,0.215105271930719,15,11,54.3046726362006,-1.15772933051268,12,88.2402583134555,23.7621408674185,35.6293327073132,18.6449508279132,22.4271198294136,296228.059438465,274.433860342484,0.0008155558343445,-1.32510367877357,1983,0,0,0,0,1,0,0,0,0,0,0,0,0,0,0,0,0,0,0,0,0,0,0,1,0,0,0,0,0,0,0,0,0,0,0,0,0,0,0,0,0,0,0,0,0,0
0,227.243961299299,227.906328116029,0.874322856918044,0.200294475193383,31,10,53.1687533922861,-1.2332589395788,3,15.2472115221233,17.7344479101768,34.9965415902736,18.6416119105114,6.59183243777532,1711956.63594019,285.635484742586,-0.0020945220931508,2.37930046028542,1998,0,0,0,1,0,0,0,0,1,0,0,0,0,0,0,1,0,0,0,0,0,0,0,0,0,0,0,0,0,0,0,0,0,0,0,0,1,0,0,0,0,0,0,0,0,0
0,202.564576297875,684.883481088795,1.44251040281069,0.282066066359169,24,17,52.2953464769089,-1.1666899361995,6,76.2520969691072,17.7446106800271,35.3517635672704,18.2921822901669,13.7862196412612,7810545.98404472,286.815659697374,5.01937419112345e-05,2.20668561327774,1999,0,1,0,0,0,0,0,0,0,0,0,0,0,0,0,1,0,0,0,0,0,0,0,0,0,0,0,0,0,0,0,0,0,0,0,0,0,0,0,0,0,0,0,0,0,1
0,113.505878428001,829.759460498549,1.44189438661249,0.12916422001888,15,17,53.585744783634,-1.13043236447871,6,76.3017220971893,17.7082623521801,36.4233131160957,18.6354648491849,13.8180855957188,3778050.89958507,288.477684925192,0.0001515092765835,3.36574541718228,1988,0,1,0,0,0,0,0,0,0,1,0,0,1,0,0,0,0,0,0,0,1,0,0,0,0,0,0,0,0,0,0,0,0,0,0,0,0,0,0,0,0,0,0,0,0,0
4,199.637755222774,854.576994777556,0.729503486476476,0.173697951302987,9,17,50.3861632800651,0.168137634279025,10,30.0462777625103,15.6132458572644,38.7768979250493,18.6416290707153,13.1429998104063,655634.929506379,282.973577529159,0.0008362302111621,4.62625642926389,1986,0,0,0,0,0,0,0,0,0,0,1,0,0,0,0,0,0,0,0,0,0,0,0,0,0,0,0,0,0,0,0,0,0,0,1,0,0,0,0,0,0,0,0,0,0,0
5,66.2613173399228,2174.74469887699,1.44154550343094,0.156005746973703,17,13,53.9375344119727,-4.05087021352705,8,76.3085732049914,17.7251906616785,36.4706735055669,18.6359878650658,13.8166601897947,5756433.96919447,286.174023095076,0.00380315936178,5.29007240962561,1999,1,0,0,0,0,0,0,0,0,1,0,0,0,0,0,1,0,0,0,0,0,0,0,0,0,0,0,0,1,0,0,0,0,0,0,0,0,0,0,0,0,0,0,0,0,0
4,18.8523142099059,1412.38920222287,1.44335171707587,0.0829107351280884,25,16,50.9607940863213,-1.86653134335846,3,76.4075164302032,17.7399225538826,36.4638147074042,18.6374782859281,13.8078130267908,3317976.92211866,279.980564982648,0.0001708447681168,7.71196959026831,1981,0,1,0,0,0,0,0,0,0,1,0,0,1,0,0,0,0,0,0,0,0,0,0,0,0,0,0,0,0,0,0,0,0,0,0,0,1,0,0,0,0,0,0,0,0,0
7,99.4925543151784,700.89176264726,1.28136744577903,0.195621033234212,19,19,53.1874983171311,-0.0810764055266258,7,66.9500017164046,1.21078532318636,33.582152210433,18.6466447135568,14.5716127329499,7623450.01815736,289.633856392449,-0.0002018220890346,3.87865629966273,1986,0,0,0,0,0,0,0,1,0,0,0,0,1,0,0,0,0,0,0,0,0,0,0,0,0,0,0,0,0,0,0,0,0,0,0,0,0,0,0,1,0,0,0,0,0,0
9,65.0045695313464,936.01619588333,1.4409639099356,0.122173101851519,27,16,54.055752433901,0.615498615194346,5,76.332045344797,17.772305836493,36.4881304663944,18.6378571724563,13.8140133798208,624974.291891809,283.554267076115,0.0006903795213422,7.68271420255893,1983,0,1,0,0,0,0,0,0,0,1,0,0,1,0,0,0,0,0,0,0,0,0,0,0,0,0,0,0,0,0,0,0,0,0,0,0,1,0,0,0,0,0,0,0,0,0
6,180.882227013794,749.019849688592,0.490545413945714,0.213708090841433,26,11,53.168217572388,-1.1594093787344,11,27.6352448397995,53.3522966774013,13.1016648150226,18.6286024325813,10.5187416485054,1555143.72579314,281.663252380215,0.0021406914015709,8.21108242381773,1999,0,0,0,0,0,0,0,1,0,0,1,0,1,0,0,0,0,0,0,0,0,0,0,0,0,0,0,0,0,0,0,0,0,0,0,0,0,0,0,0,0,0,0,1,0,0
0,31.6842831951119,475.394164469584,1.44256572120389,0.183316883997669,17,20,52.2239672529457,-1.00667886693548,10,76.3001899703892,48.9846048951729,36.458700271601,18.5024529542746,13.8315600323873,6384991.67867454,283.17802375014,0.0003756017408456,6.35851380710969,1993,0,0,0,0,0,0,1,0,0,0,0,0,0,0,0,0,0,0,0,0,0,0,0,0,0,0,0,0,0,1,0,0,0,0,0,0,0,0,0,0,0,0,0,0,0,0
8,-38.7081057682093,1939.70290821491,0.488774168899315,0.127610725410995,19,14,52.3982134447799,-1.13008626239007,5,8.4861210878612,17.7447659523776,36.451754309061,18.6391217588617,13.7654632377458,2614067.5886432,285.49223589861,0.0031882157177806,7.36536422589395,2000,1,0,0,0,0,0,0,0,1,0,0,0,0,0,0,1,0,0,1,0,0,0,0,0,0,0,0,0,0,0,0,0,0,0,0,0,0,0,0,0,0,0,0,0,0,0
5,-56.575983934155,-256.949684034294,1.4411662550454,0.241101010178981,28,0,54.7588460257288,-0.706759690855622,1,76.3682042504891,17.7473284337478,36.4758138299524,18.6352107909937,13.8322764738719,1204953.04765093,276.315493735145,0.0001216061702797,1.54694436845007,1981,0,0,1,0,0,0,0,0,0,0,1,0,1,0,0,0,0,0,0,0,0,0,0,0,0,0,0,0,0,0,0,0,0,0,0,1,0,0,0,0,0,0,0,0,0,0
8,-20.0635705751895,521.486148971489,0.639541016643444,0.156273540887897,5,20,52.4399715577068,-1.91601423321243,10,88.4026316870886,17.7480974593555,36.4895850552171,18.643797926332,0.213422620725424,3995486.47915979,288.275300782474,-0.0008474896029472,5.54505960197753,1982,0,1,0,0,0,0,0,0,0,1,0,0,0,0,0,1,0,0,0,0,0,0,0,1,0,0,0,0,0,0,0,0,0,0,0,0,0,0,0,0,0,0,0,0,0,0
2,-48.8371414141103,-18.6348130956642,1.44163522546598,0.196528676950656,5,7,51.3380639968106,0.75640655547777,6,76.3014609952613,17.7482500791046,36.4768827631808,18.6355436695383,13.8094485296808,360426.190106885,285.424767800368,0.000758454554101,1.18562427329569,1982,0,0,0,0,0,0,0,1,1,0,0,0,1,0,0,0,0,0,0,0,0,0,0,0,1,0,0,0,0,0,0,0,0,0,0,0,0,0,0,0,0,0,0,0,0,0
5,22.890716083134,883.640888438547,1.06118585965827,0.144101429188125,24,9,52.0649780270534,-1.65144806236215,3,85.2098931949452,30.917620637613,34.9448642995353,18.8759576257846,14.4032916625789,227898.071090105,281.632196145555,0.0008244546330871,8.10638575156186,1999,0,1,0,0,0,0,0,0,0,0,1,0,0,0,1,0,0,0,0,0,0,0,0,0,0,0,0,0,0,0,0,0,0,0,0,0,0,0,1,0,0,0,0,0,0,0
7,87.1386906906994,650.097520128729,1.43973650828914,0.210362565180417,28,12,52.054971083665,-0.858729309852339,12,76.3272714614746,17.7461215846524,36.4758263432623,18.6361063152721,13.7955915853246,1569426.91020474,280.995167352486,0.0014247546862594,4.3157691336347,1991,0,1,0,0,0,0,0,0,0,0,1,0,1,0,0,0,0,0,0,0,0,0,0,0,0,0,0,1,0,0,0,0,0,0,0,0,0,0,0,0,0,0,0,0,0,0
0,150.201790572265,215.113719395579,1.05759560069512,0.119573726919753,24,2,52.5761520476827,-0.678689288637163,7,46.1470817211898,11.8806265237907,19.579237466918,18.6414444296428,5.53594557333876,9980858.40993467,290.232553511857,-0.0008508088602048,3.08078685631217,1994,0,1,0,0,0,0,0,0,0,0,0,0,1,0,0,0,0,0,0,0,0,0,0,0,0,0,0,0,0,0,0,0,0,0,0,0,0,0,0,0,0,0,0,1,0,0
8,-22.0800543098676,345.06394494488,0.817588731551773,0.206710194957644,29,1,55.4536277788108,-1.0949782509816,5,83.9849556342176,18.6112572989131,35.629331886699,18.6344102226383,20.1743358606639,2828683.30821897,278.01694803322,0.0061545441664837,3.02218650840137,2000,0,0,0,1,0,0,0,0,0,0,1,0,0,0,0,0,0,0,0,0,0,0,0,1,0,0,0,0,0,0,0,0,0,0,0,0,0,0,0,0,0,0,0,0,0,0
0,-60.8058964729251,79.6564954122217,1.44202483460212,0.183515780794746,21,2,50.8270135007936,-0.530876882295391,4,76.3246904633996,17.73865735574,36.4759414082375,18.6453665452907,13.8033999845402,2465811.86640252,274.760093051692,8.72010153559939e-05,2.70830296123919,1985,0,0,1,0,0,0,0,0,0,0,1,0,1,0,0,0,0,0,0,0,0,0,0,1,0,0,0,0,0,0,0,0,0,0,0,0,0,0,0,0,0,0,0,0,0,0
8,-70.1315650980154,323.725457746507,1.44354845836976,0.212566386791077,11,2,53.0613729242589,0.0545044077386507,12,76.3108439065038,17.7140765461122,36.452301080953,18.637272616027,13.8013557959015,2225579.75136229,280.44635649012,-0.0007478532613689,7.53312379033946,1988,0,0,0,0,0,0,1,0,0,0,0,0,1,0,0,0,0,0,1,0,0,0,0,0,0,0,0,0,0,0,0,0,0,0,0,0,0,0,0,0,0,0,0,0,0,0
0,159.093939225771,1279.39212020342,1.44386602217952,0.110326109601411,11,14,51.1181730362175,-1.25368934330007,5,76.2445417911035,17.7997220699521,36.4762829140214,18.6445240484088,13.8303564171897,3970191.73011569,286.127807806468,0.0018437464133018,5.82594995001279,1995,0,1,0,0,0,0,0,0,0,0,0,0,1,0,0,0,0,0,0,0,0,0,0,0,0,0,0,0,0,0,0,0,0,0,0,0,0,0,0,0,0,0,1,0,0,0
1,136.103265912374,193.94211233992,0.987622679432136,0.178682675896859,9,0,52.4895493921393,-3.00263916273322,6,94.2555694875019,20.282548583252,38.0686777677259,19.8755710070282,13.7809535206055,12637475.3276315,288.36201066317,0.0039029462523498,2.94603992065306,1993,0,0,0,0,1,0,0,0,0,1,0,1,0,0,0,0,0,0,0,0,0,0,0,0,0,0,0,1,0,0,0,0,0,0,0,0,0,0,0,0,0,0,0,0,0,0
2,58.4425468355734,676.879134715284,1.44233271388691,0.244954795232494,25,8,54.4017632817013,-2.74371560592524,2,-78086.4292197418,21.0893832695401,36.5031206319604,18.6405108447518,10453.9756479815,-128184797.503153,274.148719284205,0.783491319012438,5.36352631017695,1994,0,0,0,0,0,1,0,0,1,0,0,1,0,0,0,0,0,0,0,0,0,1,0,0,0,0,0,0,0,0,0,0,0,0,0,0,0,0,0,0,0,0,0,0,0,0
4,5.7539413724486,567.695974507492,1.44218740869162,0.241741940498673,2,16,53.8108129164254,-0.131986073006496,12,76.3053834371549,17.7711488516644,36.4837962991797,18.6365162617306,13.8099281766516,-670619.256361756,278.842460028305,0.0007424956761389,4.03898384944408,1986,0,0,0,1,0,0,0,0,0,0,1,0,1,0,0,0,0,0,0,1,0,0,0,0,0,0,0,0,0,0,0,0,0,0,0,0,0,0,0,0,0,0,0,0,0,0
9,202.950458185055,504.938743229455,2.08890252228924,0.154430015038393,20,1,49.9181790077536,-1.75498249435538,10,31.6674543860005,17.7535143989151,36.4667186858981,18.6383605972213,34.824380653674,836583.218098207,284.593126530464,0.0007164643150632,2.35554392803352,1983,0,0,0,1,0,0,0,0,1,0,0,0,0,0,0,1,0,0,0,0,0,0,0,1,0,0,0,0,0,0,0,0,0,0,0,0,0,0,0,0,0,0,0,0,0,0
5,26.0558448244164,1582.2046784273,1.69988604599891,0.171774998708003,23,18,51.1524946437772,-1.21723304832437,8,72.6490057751236,17.7479594296764,36.4290116417939,18.6382264341828,16.0231767920151,9250682.70819752,295.435285738448,-0.0006707063350296,5.27398415818272,1997,0,0,0,0,0,1,0,0,0,1,0,0,0,0,0,1,0,0,0,0,0,0,0,0,0,0,0,0,0,0,0,0,0,0,0,1,0,0,0,0,0,0,0,0,0,0
6,48.2325631838509,308.311849448214,1.44154551265187,0.121981091963221,15,22,52.8905306167373,-1.39056202542901,6,76.3072311346755,17.7216024717541,36.470672938545,18.6540183086328,13.8166599314119,6185210.38828917,284.900806812869,0.0032218548397869,2.85035355405764,1999,0,0,0,0,0,0,0,0,0,0,0,0,0,0,0,1,0,0,0,0,0,0,0,0,0,0,0,0,1,0,0,0,0,0,0,0,0,0,0,0,0,0,0,0,0,0
4,65.4659523057815,436.933021604198,1.29343132231044,0.194425600840946,7,8,51.4898919304819,-0.795729265883717,1,-10.6312179566529,17.7570844558536,34.5648574672883,18.6448040955692,13.8099350108485,1047695.87795345,278.709746508785,-0.0095027784915538,6.90235153677049,2000,0,0,0,0,0,0,0,1,0,1,0,0,0,0,0,1,0,0,0,0,0,0,1,0,0,0,0,0,0,0,0,0,0,0,0,0,0,0,0,0,0,0,0,0,0,0
0,66.2537637927069,525.984031720989,1.74906796469083,0.203569587128836,24,7,52.6057233489231,-1.25567315609969,9,86.3055608035087,33.0927381809398,29.5242399007612,18.6660674009858,15.4511852763386,36643.2780415552,285.105378507245,0.0007546877221538,6.7208347976069,1994,0,0,0,0,1,0,0,0,0,0,1,0,0,0,0,1,0,0,0,0,0,0,0,0,0,0,0,0,0,0,0,0,0,0,0,0,0,0,1,0,0,0,0,0,0,0
3,188.788078617246,788.797401528762,1.40178463422664,0.168401740888409,29,13,51.7438297823326,-0.616705951717552,2,76.2866226970019,17.7426937622865,36.4889372394744,18.6424742177485,13.81527228882,248235.700582436,278.08169348877,3.82563277218887e-05,2.71905425739253,1994,0,0,0,1,0,0,0,0,0,1,0,0,0,0,0,1,0,0,0,0,0,0,0,0,1,0,0,0,0,0,0,0,0,0,0,0,0,0,0,0,0,0,0,0,0,0
2,151.193603570857,187.931714483723,1.44087347988943,0.14965769534596,20,5,52.2454417715109,-2.27117198769773,8,76.3828307874116,17.7608355867498,36.4858441877434,18.6433930325325,13.8018427968898,-7715.13709545944,288.391336081963,0.0002409892692822,3.56822148976243,1987,0,0,0,0,1,0,0,0,0,1,0,0,1,0,0,0,0,0,0,0,0,0,0,0,0,0,0,0,0,1,0,0,0,0,0,0,0,0,0,0,0,0,0,0,0,0
7,18.0115046515363,209.106941748331,1.44363744672373,0.150101957997741,3,22,52.722607514845,-2.31281670215667,7,76.439712686361,17.7304841439192,36.4564154716107,18.637799540883,13.8203391501474,7322893.9457872,294.251176180646,0.0016840113013505,3.28741379679754,1983,0,0,0,1,0,0,0,0,1,0,0,0,1,0,0,0,0,0,0,0,0,0,0,0,0,0,1,0,0,0,0,0,0,0,0,0,0,0,0,0,0,0,0,0,0,0
3,60.093120295259,386.978682823743,1.44170881242599,0.190689979968114,29,7,50.8415634038647,-1.97420436522754,2,76.3364724210163,27.3422291517561,36.46352738796,22.5116397713227,13.8196500536199,137099.370774762,278.632355944073,0.000173228087109,3.04586428925621,1992,0,0,0,0,1,0,0,0,0,0,1,1,0,0,0,0,0,0,0,0,0,0,0,0,0,0,0,0,0,1,0,0,0,0,0,0,0,0,0,0,0,0,0,0,0,0
7,101.305661552531,168.490481915847,1.44141632131345,0.13894116032341,6,1,51.5559757320973,-3.87596738768901,9,76.3204225915431,17.7465907555813,36.4875580113419,18.640176191704,13.8028004492016,5272733.28954052,286.880069255966,0.0009892827684937,3.61159190830774,1983,1,0,0,0,0,0,0,0,0,1,0,0,1,0,0,0,0,0,0,0,0,0,0,0,0,0,0,0,0,0,0,0,0,0,1,0,0,0,0,0,0,0,0,0,0,0
0,123.192029650609,1675.35890955718,0.995842600472589,0.115586235429784,17,17,52.0871658400448,-2.47643319983106,5,31.0271939239915,17.7456397896825,71.7288519455354,18.660800400894,19.7352595487198,7916103.67118945,279.844238886103,0.0005880195922137,6.41329732790931,1996,0,0,0,0,0,0,0,1,0,0,1,0,0,0,0,1,0,0,0,0,0,0,0,1,0,0,0,0,0,0,0,0,0,0,0,0,0,0,0,0,0,0,0,0,0,0
1,-25.9323042300922,449.607257216143,0.228179478987041,0.188195652388818,6,7,53.7302900067413,-1.89134778411933,5,64.7713207730529,21.2972141573737,39.9513925188572,18.6344098164516,5.35442147091975,-43471.2536216924,279.975708757087,-0.0007275148273721,5.40885668535587,2000,0,0,0,1,0,0,0,0,0,1,0,0,0,0,0,0,0,0,0,0,0,0,0,0,0,0,1,0,0,0,0,0,0,0,0,0,0,0,0,0,0,0,0,0,0,0
7,-37.4575222818022,446.106831489406,1.44228064332718,0.153264629609762,18,16,53.5061792775081,-2.27255595063735,11,76.3620995418061,17.7493800234968,36.4758812247496,18.6408759562946,13.8082143775804,2072868.57251834,279.084135202841,-0.0003000027413534,3.34727321984156,1981,0,0,0,0,0,0,0,0,1,0,0,0,1,0,0,0,0,0,0,0,0,0,0,0,0,0,0,0,0,0,0,0,0,0,0,0,0,0,0,0,0,0,0,0,0,1
2,6.75627829199442,1085.66191630906,1.45213892657872,0.247456814600916,19,13,51.8836538843338,-1.01383121734422,12,76.3310966827992,17.7525395313382,36.4658046397543,18.6377972976185,13.8086844819389,-516700.244677285,278.816363172134,0.0036874894573939,7.4278909096062,1983,0,0,0,1,0,0,0,0,0,0,1,0,1,0,0,0,0,0,0,0,0,0,0,1,0,0,0,0,0,0,0,0,0,0,0,0,0,0,0,0,0,0,0,0,0,0
7,-20.5617662033992,1476.82392885088,1.43991382510363,0.178510109853314,21,15,52.6703654561379,-1.12050385362915,3,76.3251416285198,17.7315293800617,36.4895174092881,18.6393333092379,13.8334375247335,3219731.01986741,279.224096328761,-0.000509040209507,10.2222242978552,1992,1,0,0,0,0,0,0,0,0,0,1,0,0,0,0,1,0,0,0,0,0,0,0,0,0,0,0,0,0,0,0,0,0,0,0,0,0,0,0,0,0,0,1,0,0,0
7,-37.4068820020355,1103.2706340654,0.56854086131789,0.194216015604198,28,13,53.5254189806701,-0.157508097226854,7,48.2925753325587,37.2849717403801,42.7351463992723,18.6535504720152,36.3212651459197,9632564.27888438,292.471734361496,0.001749342336396,2.49268122313174,1995,1,0,0,0,0,0,0,0,0,0,1,0,1,0,0,0,0,0,0,0,0,0,0,1,0,0,0,0,0,0,0,0,0,0,0,0,0,0,0,0,0,0,0,0,0,0
5,47.3214322524975,1062.61703565336,1.44133946937209,0.129539770842608,8,10,53.5074222830716,-1.95088387634001,4,76.3264125645633,17.7421395568575,36.5063018449421,18.6416601527834,13.8243936272615,1783345.79324445,280.242887221189,0.0023429896454688,4.43965271814928,1987,0,1,0,0,0,0,0,0,0,0,1,0,1,0,0,0,0,0,0,0,0,0,0,0,0,0,1,0,0,0,0,0,0,0,0,0,0,0,0,0,0,0,0,0,0,0
7,-15.5412655453778,608.287743403892,1.44170760139455,0.274349326404309,26,7,51.0369175015997,-2.66657908604625,3,76.3831339076692,17.7925136091694,36.4720700497801,18.6420669155866,13.8006917562938,146983.244809372,281.022303556174,0.0034354468766969,6.38974880492968,1986,0,1,0,0,0,0,0,0,0,0,1,0,1,0,0,0,0,0,0,0,0,0,0,0,0,0,0,0,0,0,0,0,0,0,0,0,1,0,0,0,0,0,0,0,0,0
4,-60.8851145516731,971.421123625953,0.561023606749802,0.280979320497068,4,20,52.9355934401782,-0.894161796353488,1,8.9288474786554,31.3124165120948,24.0100335966539,18.6434383225906,4.86576865075441,2678111.97234213,278.200386206628,0.00191274765344,10.6433616885226,1998,0,0,0,0,0,1,0,0,0,1,0,0,1,0,0,0,0,0,0,0,0,0,0,0,0,0,0,0,0,0,0,0,0,0,0,0,1,0,0,0,0,0,0,0,0,0
3,81.5300949252689,1144.31050192353,0.85731704662361,0.226698279383959,9,6,51.4352901043801,-2.52149234915035,1,52.375364685953,17.744490174529,36.4728473011553,18.6427389289548,13.7835840806298,-25067.5860492257,283.567126081943,-0.0009607793655453,10.5739904948423,1994,0,0,0,0,0,1,0,0,0,0,1,0,1,0,0,0,0,0,0,0,0,0,0,0,1,0,0,0,0,0,0,0,0,0,0,0,0,0,0,0,0,0,0,0,0,0
7,47.212913471492,504.830644967503,0.198677001964049,0.182137477284181,31,8,53.6311922134561,-2.58787740663559,3,47.6537135689552,12.1316406174668,37.2208650450607,18.6386989535538,2.07098813881055,271642.035944146,273.862263509526,0.0008696894227703,3.49098610811274,1996,0,0,0,1,0,0,0,0,0,1,0,0,1,0,0,0,0,0,0,0,0,0,0,1,0,0,0,0,0,0,0,0,0,0,0,0,0,0,0,0,0,0,0,0,0,0
4,-5.60583312962623,1043.76401573969,1.3350459283587,0.194410923928309,4,19,52.2206523790817,0.14666686768597,9,120.052839175587,17.7561680861485,35.453989855676,18.2829054936963,13.8128605457217,10263414.5878229,288.510065370048,-0.0004741933642531,3.43947347187147,1998,0,0,0,0,1,0,0,0,0,0,1,0,0,0,0,1,0,0,0,0,0,0,1,0,0,0,0,0,0,0,0,0,0,0,0,0,0,0,0,0,0,0,0,0,0,0
4,72.4380496313353,407.786670278056,1.44266586083069,0.107964523782664,27,6,51.2536256791399,0.112314544460692,10,76.3312537125509,17.7360420708549,36.5152116512004,17.7316221548548,13.7871442407694,19410.3415093951,282.228188247201,0.00017199771949,4.90025165030596,2000,0,0,0,0,1,0,0,0,0,0,1,0,1,0,0,0,0,0,0,0,0,1,0,0,0,0,0,0,0,0,0,0,0,0,0,0,0,0,0,0,0,0,0,0,0,0
2,78.6940875113709,511.020899889885,1.45213884754557,0.250684803105631,30,4,51.083975254421,1.05524753886985,5,76.3375140458897,17.7526839560493,36.4658046436992,18.637797168685,13.8086839501965,-4.92160830777442,279.847810605915,0.0001062272563291,2.43035144727281,1983,0,0,0,1,0,0,0,0,0,0,0,0,1,0,0,0,0,0,0,0,0,0,0,1,0,0,0,0,0,0,0,0,0,0,0,0,0,0,0,0,0,0,0,0,0,0
9,117.668916987829,344.211683299551,1.01682511998692,0.146564863224447,15,4,52.1997091476804,-1.01715068241731,10,52.9664027451549,9.27631356455286,39.6806602322112,18.6459029700183,17.6905457634369,3.64674684966911,284.554862641631,0.0002807033371698,3.01164492225498,1994,0,0,0,0,0,0,0,1,0,0,0,0,1,0,0,0,0,0,0,0,0,0,0,1,0,0,0,0,0,0,0,0,0,0,0,0,0,0,0,0,0,0,0,0,0,0
7,97.6245266083988,1053.3798135714,0.418319236601835,0.153233846417559,18,8,54.0683987085105,-1.16633565470608,3,34.351298144203,29.678846190319,18.4375865420265,18.6400524781522,-0.317996342687612,861126.389095397,274.924418690357,0.0002984819291303,7.54569673598957,1995,0,0,0,0,1,0,0,0,0,1,0,0,1,0,0,0,0,0,0,0,0,0,0,0,0,0,0,0,0,0,0,0,0,0,0,0,0,0,0,0,0,0,0,1,0,0
1,29.2096437803226,372.825055832153,1.44171246641337,0.175046199838655,11,4,52.4736018714064,0.324706445533502,11,76.2804439786562,17.7500122980741,36.504057184421,18.6397573894985,13.811053429099,-8.98888153846011,278.219090066882,0.0001164211251334,4.36646738474946,1983,0,0,0,0,0,0,1,0,0,1,0,0,1,0,0,0,0,0,0,0,0,0,0,0,1,0,0,0,0,0,0,0,0,0,0,0,0,0,0,0,0,0,0,0,0,0
4,76.3239769021679,341.359934131863,1.74563075299194,0.188012239863046,24,1,53.3959583496456,-0.523537109373688,10,37.9611080241488,19.522738513631,18.4185840165957,18.6022303985166,7.05693214431403,-2156789.07318032,279.922951775842,0.0097048109394448,3.24950018557139,1981,0,0,0,0,0,0,0,1,0,0,0,0,0,1,0,0,0,0,0,0,0,0,0,0,0,0,0,0,0,0,0,0,0,0,0,0,0,0,0,0,1,0,0,0,0,0
6,166.728312820313,686.163269505128,1.44022640071701,0.203817558518107,13,18,50.5326042406289,-0.816258400754735,9,76.2860516944201,17.7927188299685,36.4821727146475,18.6399390604224,4.1901330811084,2300224.63890224,291.805851695298,0.0007707744128299,7.72111165325404,1992,0,0,0,0,0,0,0,1,0,0,1,0,0,0,1,0,0,0,0,0,0,0,0,0,0,0,0,0,1,0,0,0,0,0,0,0,0,0,0,0,0,0,0,0,0,0
4,99.40933839407,1448.8183988074,1.44115718621192,0.178577493701215,29,11,53.9550917946904,0.16678263630763,12,76.3711745241643,17.7540241385193,36.5025128856116,18.6452359222096,13.8265866627935,2893062.3543223,288.535110901749,-0.0048808498442816,15.0141488704237,1987,0,0,0,0,0,0,0,0,0,1,0,0,1,0,0,0,0,0,0,0,0,0,0,0,0,0,0,0,0,0,0,0,0,0,0,0,1,0,0,0,0,0,0,0,0,0
5,239.403566310508,856.02015160029,1.48922889112285,0.180710593279098,9,19,52.856813250953,-2.2339177673802,1,88.1849459017794,21.7717131426834,36.4635260564478,18.3857745484908,13.8196507224627,-1839157.91470702,269.909925090245,0.003115132089296,7.74303983197421,1998,0,1,0,0,0,0,0,0,0,0,1,1,0,0,0,0,0,0,0,0,0,0,0,0,0,0,0,0,0,1,0,0,0,0,0,0,0,0,0,0,0,0,0,0,0,0
6,65.2307101103163,1400.33664372699,2.80528947118493,0.166007092553342,13,3,52.2829913072172,-2.76649237553586,1,98.7138124056132,17.7369882590275,36.4846306867286,18.6413407755457,14.0487427685881,-1329174.56127611,279.701515164861,0.0010354485589949,12.5398475069496,1984,1,0,0,0,0,0,0,0,0,1,0,0,0,0,0,1,0,0,0,0,0,0,0,1,0,0,0,0,0,0,0,0,0,0,0,0,0,0,0,0,0,0,0,0,0,0
8,108.304947434721,354.400342829789,1.44170879887525,0.145833901629798,11,3,54.0623768209018,-0.112425240910333,10,76.3386224380433,26.9150985178443,36.4635279572973,18.6408792799307,13.8196497946983,2392426.21840322,282.974363595938,-0.0010380095892162,3.46191568367225,1989,0,0,0,0,0,0,1,0,0,1,0,1,0,0,0,0,0,0,0,0,0,0,0,0,0,0,0,0,0,1,0,0,0,0,0,0,0,0,0,0,0,0,0,0,0,0
7,-5.6279784086132,-39.7854673720559,1.44024609603044,0.163321863573899,28,22,51.2262308176135,-2.6506931686922,9,76.3245170331136,17.7407429866431,36.4907187915391,18.646688893931,13.8087696014302,10708191.0303382,285.267231161732,-0.0015067452391125,2.13183905730945,1994,0,0,0,0,0,0,1,0,1,0,0,0,1,0,0,0,0,0,0,0,0,0,0,0,0,0,0,0,0,0,0,0,0,1,0,0,0,0,0,0,0,0,0,0,0,0
1,212.046491221587,956.814146319531,1.8071172105569,0.240887959199814,30,8,51.3848562954711,0.450536715394041,12,83.1561323991285,17.74979809191,36.6290537893253,18.6436938156512,23.526872206705,-680568.190259311,272.662742466736,0.036267089793911,8.06438675802999,1995,0,0,0,0,0,0,0,0,0,0,1,0,0,0,0,1,0,0,0,0,0,0,0,1,0,0,0,0,0,0,0,0,0,0,0,0,0,0,0,0,0,0,0,0,0,0
7,113.788253647856,1842.23800098785,1.44454190219512,0.190275644072665,23,11,54.8275140066874,-2.92514284346897,1,76.3743563101769,17.7864138863869,36.4431925482729,18.6420663034021,13.8150811584962,2377889.50143844,282.830701684165,-0.0016897359463019,18.1271783043621,1986,0,1,0,0,0,0,0,0,1,0,0,0,1,0,0,0,1,0,0,0,0,0,0,0,0,0,0,0,0,0,0,0,0,0,0,0,0,0,0,0,0,0,0,0,0,0
5,59.3025026535462,425.912702818394,1.27350702367106,0.427018358889993,23,16,50.6106435425316,-2.07370820846479,1,86.1166548720419,20.1423510744986,35.6293329826798,18.6382046962326,22.4271200457203,2209307.39339944,280.374105858384,-0.000110860702108,2.29404572412035,1997,0,0,0,0,0,1,0,0,0,0,1,0,0,0,0,0,0,0,0,0,0,0,0,1,0,0,0,0,0,0,0,0,0,0,0,0,0,0,0,0,0,0,0,0,0,0
1,145.142189238556,853.974575660487,1.44029408796408,0.136360548680162,6,10,51.8240468839621,-1.60001097230988,8,76.3549758595888,17.6804580365902,35.1400399635369,18.6428849762006,13.8034555195386,2123485.41566159,293.343924414225,0.0010155290619409,4.72536961295955,1997,0,1,0,0,0,0,0,0,1,0,0,0,0,0,0,1,0,0,0,0,0,0,0,0,0,0,0,0,0,0,0,0,0,0,0,0,0,0,0,0,0,0,1,0,0,0
7,-13.1565841440148,189.670005995452,0.70582906604059,0.133147234647734,1,4,51.6025710405988,-1.78542741343195,10,6.58906662152798,43.3705709265289,-6.56289919234053,17.1800123993725,0.431549655276299,-12.5364864794656,281.848207074183,0.0004375582187201,4.03882483650432,2000,0,1,0,0,0,0,0,0,0,0,1,0,1,0,0,0,0,0,0,0,0,0,0,0,0,0,0,0,0,0,0,0,0,1,0,0,0,0,0,0,0,0,0,0,0,0
9,64.0183569384343,1277.50039823854,0.348367565054258,0.0751943356691196,25,16,52.3676796826497,-1.29499936558116,2,44.5282005305444,44.7273313890319,26.4516761858756,17.9547178741789,9.85932270124163,1573734.46871497,280.947362613084,-3.14741541402956e-05,3.73239138572333,1998,0,1,0,0,0,0,0,0,1,0,0,0,1,0,0,0,0,0,0,0,0,0,0,0,1,0,0,0,0,0,0,0,0,0,0,0,0,0,0,0,0,0,0,0,0,0
3,-34.6031286918687,725.446191168294,1.44096394008636,0.187318710408448,25,22,52.5244255377872,-2.69240606808449,10,76.3858015063332,17.7723528365568,36.4881294344389,18.6397704885752,13.8140140397601,8337047.61085511,283.231502067689,-0.0062468021582386,7.20989157340505,1983,0,0,0,0,0,0,1,0,0,0,0,0,1,0,0,0,0,0,0,0,0,0,0,0,0,0,0,0,0,0,0,0,0,0,0,0,1,0,0,0,0,0,0,0,0,0
0,114.144654582109,496.909413903793,0.304462385903387,0.157659990794298,9,21,53.0452106783376,-2.89474998050217,9,60.3157384782173,18.5208634794744,45.2656395969822,18.6360894632897,23.4202715101174,5654395.31377711,286.127495903573,-0.0006261477671638,5.21406546374396,1996,0,0,0,0,0,0,1,0,0,0,0,0,1,0,0,0,0,0,0,0,0,0,0,0,1,0,0,0,0,0,0,0,0,0,0,0,0,0,0,0,0,0,0,0,0,0
9,14.9879965080526,-2.04200313965647,1.44150338634176,0.234724973744804,10,0,52.7189876635728,0.122986789077058,2,76.3702587871872,17.7486423374061,36.4637681702723,18.6432548876131,13.8090410751044,3079048.47384132,272.397509636284,-0.0007488454694639,2.79197696798104,1994,0,0,0,0,0,0,0,0,0,0,1,0,1,0,0,0,0,0,0,0,0,0,0,0,0,0,0,0,0,0,0,0,0,0,0,0,1,0,0,0,0,0,0,0,0,0
0,168.479362770743,1111.07636402898,1.44083523262245,0.151424330528693,1,19,51.7210870947356,-0.571715957588512,4,76.3563605610281,20.1120971709738,36.4639256397825,18.6380893932853,18.7591952642312,3464957.07559753,282.367925797003,0.0008260937595261,10.859448730342,1984,0,0,0,0,0,0,1,0,0,1,0,0,0,0,0,0,0,0,0,0,0,0,0,0,0,0,0,0,1,0,0,0,0,0,0,0,0,0,0,0,0,0,0,0,0,0
5,58.6312147952512,364.331667545361,0.416463056978472,0.260814167742513,12,1,52.3115100978438,-3.53616135879196,1,59.2811896895598,12.7141737657157,35.3453892271015,18.6442209244408,11.6738429965447,3844329.91571411,278.119860105133,-0.0040796017050258,3.70218354730938,2000,0,0,0,0,0,1,0,0,0,1,0,0,0,0,0,1,0,0,0,0,0,0,0,0,1,0,0,0,0,0,0,0,0,0,0,0,0,0,0,0,0,0,0,0,0,0
7,213.733035841916,662.085132378594,0.804525280542609,0.189837222279759,17,15,52.0161268848363,0.0953291329933572,11,39.5543394227429,17.7276261947912,36.4650738131845,18.6432547251682,13.8191038053786,-957234.484798843,284.807149128706,0.0004012471019135,9.06048506326102,1994,0,0,0,0,0,0,0,0,1,0,0,0,1,0,0,0,0,0,0,0,0,0,0,0,0,0,0,0,0,0,0,0,0,0,1,0,0,0,0,0,0,0,0,0,0,0
8,123.115994948229,1188.68419475813,0.134127068465734,0.103150124709467,5,15,55.1972314233393,-2.13776720228172,2,-115656.612452578,9.93407701759481,15.0720139057718,18.6313481388118,31064.3549346081,-899660003.345019,277.963406859854,0.229916551644256,7.67099564016545,1981,0,0,0,0,0,0,1,0,1,0,0,0,0,0,0,0,0,0,0,0,0,0,0,0,1,0,0,0,0,0,0,0,0,0,0,0,0,0,0,0,0,0,0,0,0,0
5,109.393084319337,1619.98193826583,1.43744345515615,0.18195770107722,27,11,51.621484607214,-3.02098520072419,5,9.59309373617591,17.7729657030343,36.4418519706568,19.0958201223468,13.8185291742979,1676236.96642096,287.20715100543,0.0013870518391899,11.8340384137789,2000,0,1,0,0,0,0,0,0,0,1,0,0,0,0,0,0,0,0,1,0,0,0,0,0,0,0,0,0,0,0,0,0,0,0,0,0,0,0,0,0,0,0,0,0,0,0
8,163.353506201742,949.346202980068,1.45997237553316,0.144918106088323,7,12,51.0709788255428,0.658383671947762,8,76.3189633838439,17.7294888049309,36.4897667231552,18.6360897537767,13.8219111755457,2727678.37059741,287.760204766042,0.0044338248911479,6.35960648220553,1996,0,0,0,0,0,0,1,0,0,0,1,0,1,0,0,0,0,0,0,0,0,0,0,0,0,0,0,0,0,0,0,0,0,0,0,1,0,0,0,0,0,0,0,0,0,0
8,276.743250489485,812.824794750063,1.44174846639292,0.205074947418564,1,10,51.7847131802587,-1.64231226553414,6,76.3522966814101,17.7465106214102,36.471484635557,18.6462584506755,13.8127291761739,1475321.64503284,288.909685373151,0.0005581787692682,2.62325366707656,1986,0,0,0,0,0,0,0,1,0,1,0,0,1,0,0,0,0,0,0,0,0,0,0,0,0,0,0,0,1,0,0,0,0,0,0,0,0,0,0,0,0,0,0,0,0,0
9,64.8043362904082,493.061551368279,0.651145502810503,0.21740753936352,21,6,51.7834063828228,-2.1589081700773,11,82.4955346790363,21.8254903171345,40.8470888429044,18.6370413660633,12.2038002704725,134549.698536183,284.566008036136,0.0011209467537406,5.52113137349836,1996,0,0,0,0,0,0,0,1,0,0,1,0,1,0,0,0,0,0,0,0,0,0,1,0,0,0,0,0,0,0,0,0,0,0,0,0,0,0,0,0,0,0,0,0,0,0
3,49.484465461387,1159.30157484068,1.44151272231572,0.0841587684218688,14,6,51.571826657856,-1.49353854764376,1,76.3141654150748,17.7605710180473,36.4871900974445,18.64450948301,13.7744733488634,75420.7545850447,283.845018015764,0.0005094147230419,10.0935392442667,1990,0,1,0,0,0,0,0,0,0,0,0,0,1,0,0,0,0,0,0,0,0,0,0,0,0,0,0,0,1,0,0,0,0,0,0,0,0,0,0,0,0,0,0,0,0,0
2,4.45710136953252,93.6130423109151,1.44211343674878,0.187639285865831,12,21,52.2109453584058,-0.476647023181971,3,76.2701062839035,17.7682162188732,36.4862705098716,18.6514972824622,13.8141350352603,2230014.5820587,278.13998628957,0.0011349752775557,3.03569304042826,1991,1,0,0,0,0,0,0,0,0,0,1,0,0,0,0,1,0,0,0,0,0,0,0,0,0,0,0,0,0,0,0,0,0,0,0,1,0,0,0,0,0,0,0,0,0,0
9,107.545319380475,476.935943148613,1.47463352438476,0.153092791715896,9,3,50.0297077024088,0.0663976768864276,4,76.2687193565416,17.7349174079567,36.4851933223978,18.643764388991,13.7984247556699,731329.421092871,279.955983797979,0.0003960640546474,5.5833864195473,1982,0,1,0,0,0,0,0,0,0,0,1,0,0,0,1,0,0,0,0,0,0,0,0,1,0,0,0,0,0,0,0,0,0,0,0,0,0,0,0,0,0,0,0,0,0,0
3,80.6980264341565,765.302244682343,1.44281747836665,0.176717229219045,21,21,50.4520527917186,-3.51749841103009,11,76.2946776462936,17.7434921840193,36.5082609555815,18.6269520996708,13.79178830298,3370941.53371411,282.922975359874,-0.004546237816694,6.97378207898976,1992,0,0,1,0,0,0,0,0,0,0,0,0,1,0,0,0,0,0,0,0,0,0,0,0,0,0,0,0,0,0,0,0,0,0,0,0,0,0,0,0,0,0,0,0,1,0
0,129.776896988503,36.8666111873378,1.44093519841643,0.181935660186418,26,6,52.6084606951136,-2.36352189135816,10,76.5082129770113,17.7559334967204,36.4717781754826,18.6398057450346,13.8221458992769,91184.6747821616,275.830816916571,0.0007838891175736,2.16150333526398,1993,0,1,0,0,0,0,0,0,0,1,0,0,0,0,0,1,0,0,0,0,0,0,1,0,0,0,0,0,0,0,0,0,0,0,0,0,0,0,0,0,0,0,0,0,0,0
9,80.9919545072486,601.757084136136,2.23104508648482,0.124528678016735,10,13,50.7966518097181,-0.659379300632674,10,67.7907837972296,35.5265782919339,36.4769885002457,18.6385694174078,8.54686200777992,4560059.14771069,285.052125776226,-0.0018189291518811,1.26012774325723,1996,0,1,0,0,0,0,0,0,0,0,0,0,0,0,0,1,0,0,0,0,0,0,0,0,0,0,0,0,0,0,0,0,0,0,0,0,1,0,0,0,0,0,0,0,0,0
7,38.3233674368025,946.6326559622,1.44199843024317,0.191692892267488,25,18,54.1533809140249,-0.45526152188394,3,76.3068179323277,17.7369362082745,36.4905214835799,18.6354657095092,13.8262011524175,3383129.3495377,279.402725810054,0.0014068839183713,8.87906081865644,1988,0,1,0,0,0,0,0,0,1,0,0,0,1,0,0,0,0,0,0,0,0,0,0,0,0,0,0,0,0,0,0,0,0,0,0,0,0,0,0,0,0,0,0,0,0,1
0,-51.604163501427,1901.45838140324,1.44172325449266,0.178775193217359,18,16,51.4550001056199,0.88873546284873,6,76.3706608249513,17.7592033361975,36.4577745947261,18.64229229205,13.811130891228,6141149.81342964,294.536818330461,-0.0003536651338437,8.69400641876218,1992,0,0,0,1,0,0,0,0,1,0,0,0,1,0,0,0,0,0,0,0,0,0,0,0,0,0,0,0,0,0,0,0,0,0,0,1,0,0,0,0,0,0,0,0,0,0
9,78.7463334126017,530.182462015056,1.44297022166533,0.236379206920027,18,3,54.1207229080376,-2.60858203671636,12,76.4379268104348,17.7621944125056,36.4649335653792,18.6405467022984,13.8153951757184,303105.260685998,269.509009252235,-1.42830860040021e-05,5.96325815597026,1981,0,0,0,1,0,0,0,0,0,1,0,0,1,0,0,0,0,0,0,0,0,0,1,0,0,0,0,0,0,0,0,0,0,0,0,0,0,0,0,0,0,0,0,0,0,0
3,161.65517937263,786.546495487808,1.44075001691264,0.216618304285453,16,12,50.1478219431796,-1.90119166701325,12,76.3223764548528,17.7776508431757,36.4825415491396,18.6419602211103,13.8037472452718,3017799.16133778,281.761737690636,-0.0042144431733671,5.02877218506698,1987,0,1,0,0,0,0,0,0,0,0,0,0,0,0,0,1,0,0,0,0,0,0,0,0,0,0,0,0,0,1,0,0,0,0,0,0,0,0,0,0,0,0,0,0,0,0
4,4.19338163377164,857.352574815648,1.44371796415021,0.200945404259682,4,21,52.9494847159424,-1.90096142035799,10,76.326389898973,17.7319555838898,36.4889841451765,18.6393549028627,13.8040662691984,3478564.16550134,287.747560145059,-0.0002213669845134,9.79341727625416,1988,0,0,1,0,0,0,0,0,0,0,1,0,1,0,0,0,0,0,0,0,0,0,0,0,0,0,0,0,0,0,0,0,1,0,0,0,0,0,0,0,0,0,0,0,0,0
6,44.9869702815763,1156.0788729798,0.52897615344638,0.197218628263089,2,16,53.5804771171338,1.05101011224564,8,46.0044695512848,24.4850279012141,36.4730488027867,18.6421080585267,13.9177420108269,5239599.9874067,295.257750929579,0.0006056302399297,3.60567939449146,1991,0,0,0,0,1,0,0,0,0,0,0,0,1,0,0,0,0,0,0,0,0,0,0,1,0,0,0,0,0,0,0,0,0,0,0,0,0,0,0,0,0,0,0,0,0,0
5,56.2148246086965,-36.9186291458986,1.00436256030477,0.182704794601529,14,2,52.137767715785,-0.899311547629005,10,60.371301151648,9.43478729393259,29.1371354050508,18.8501471638014,25.9799411636552,5790696.20481647,282.950415488708,0.0023856002249396,2.61846823358373,2000,0,1,0,0,0,0,0,0,1,0,0,0,0,0,0,0,0,0,0,0,0,0,0,0,0,0,0,0,0,0,0,0,0,0,0,0,0,0,0,0,0,1,0,0,0,0
2,-26.1780332687785,411.171023397114,1.55136418287752,0.156150737064431,19,0,53.3349484923877,-0.680401475185899,10,71.3127344158208,17.7497957483531,36.5434442862792,18.6445927698772,19.8885452326318,-578098.815606506,281.88624908134,0.0028594781259175,5.762151295495,1994,0,0,0,0,0,0,0,0,0,0,1,0,0,0,0,1,0,0,0,0,0,0,0,1,0,0,0,0,0,0,0,0,0,0,0,0,0,0,0,0,0,0,0,0,0,0
9,235.112820277419,457.296673630944,1.44203752050112,0.196043470759715,13,8,53.2679730404195,-1.83255463524513,8,76.3035351865949,17.7462982231979,36.4981423993405,18.6454690202365,13.8076990470824,995855.367115948,286.94857639159,0.0008386772325591,4.73224152015879,1994,0,0,0,0,0,0,0,1,1,0,0,0,0,0,0,1,0,0,0,0,0,1,0,0,0,0,0,0,0,0,0,0,0,0,0,0,0,0,0,0,0,0,0,0,0,0
8,130.39309343773,679.337513006544,1.64207189780198,0.199273629883798,1,23,54.3158083673605,-3.03640465539484,8,50.7667416273955,16.8889711339018,38.9972106638629,18.6348005313511,20.7781471089979,7962620.50873768,290.032532177655,0.001474313256506,6.28380986201142,1997,0,0,0,0,0,1,0,0,1,0,0,0,0,0,0,1,0,0,0,0,0,0,0,1,0,0,0,0,0,0,0,0,0,0,0,0,0,0,0,0,0,0,0,0,0,0
8,62.2091048646137,350.188021185776,1.44249180851454,0.254139274150918,25,17,52.1465355018755,-0.686903828746407,1,76.3728395967709,36.915747808074,36.4625743127382,18.6408683258447,13.8079280393274,1318144.32318878,281.752984737933,0.0002125365419033,6.21676608827828,1981,0,0,0,1,0,0,0,0,0,0,1,0,0,0,0,0,0,0,0,0,0,0,1,0,0,0,0,0,0,0,0,0,0,0,0,0,0,0,0,0,0,0,0,0,0,0
5,-33.889668745253,1375.49062228814,1.44172328067966,0.117497525496474,23,14,51.2099669511791,-1.79688234510214,8,76.3709187485229,17.7588754040383,36.4577759570329,18.6495489132526,13.8111317473522,5897032.97305316,290.22351663251,0.0005163582800322,6.02348486743204,1992,0,1,0,0,0,0,0,0,0,0,0,0,1,0,0,0,0,0,0,0,0,0,0,0,0,0,0,0,0,0,0,0,0,0,0,1,0,0,0,0,0,0,0,0,0,0
5,394.489480956447,603.478415028927,3.39023925231455,0.147535877796784,5,2,50.5875122806634,-0.530391824425875,1,119.28012883945,17.7510853002278,36.4711277738059,18.6362330483705,58.195846400351,185924.88667054,280.040235247514,0.002578787935013,6.5086217231783,1991,0,1,0,0,0,0,0,0,0,0,0,0,0,0,0,1,0,0,0,0,0,0,0,1,0,0,0,0,0,0,0,0,0,0,0,0,0,0,0,0,0,0,0,0,0,0
3,-42.000772911441,560.27044041616,1.44245903654107,0.115033346383797,18,21,53.4030189832689,-0.97567155207386,12,76.4288179524314,17.7689962055624,36.4925850709206,18.6495486978546,13.8209528225459,1435729.53431052,276.391932946121,-0.0028161264719708,6.82238147034855,1992,0,1,0,0,0,0,0,0,1,0,0,0,1,0,0,0,0,0,0,0,0,0,0,0,0,0,0,0,0,0,0,0,0,0,0,0,1,0,0,0,0,0,0,0,0,0
9,17.1707607665344,844.913347968882,1.44187352984896,0.168467680170191,31,11,51.6618059609518,-2.72493587012714,2,76.3151426290735,17.7220956658471,36.4423616063973,18.6419100601999,13.8086622900056,309872.040602303,279.335805821273,0.0015090415099055,7.45067707320941,1988,0,0,0,1,0,0,0,0,1,0,0,0,1,0,0,0,0,0,0,0,0,0,0,0,0,0,0,0,0,0,0,0,0,1,0,0,0,0,0,0,0,0,0,0,0,0
1,55.0646761096934,938.783929987587,1.44251041017661,0.176964569128422,20,14,53.1057925598779,-4.25374444535273,10,76.2520960200564,17.744284581663,35.3517679547904,18.6394861769881,13.7862195603527,2275810.06613996,288.507998346092,0.0030267377136977,8.64768396473716,1999,0,0,0,0,0,1,0,0,0,0,1,0,0,0,0,1,0,0,0,0,0,0,0,0,0,0,0,0,0,0,0,0,0,0,0,0,0,0,0,0,0,0,0,0,0,1
3,54.7594523940084,399.192308787239,1.04687895099087,0.132787395481251,2,20,53.8124153550466,-0.0499997964608196,9,-418.959943932255,21.3815277451382,30.8299869004843,18.3857744269418,8.75119177069022,-3862554.45066087,289.338097216283,0.0035538674461163,1.1718651135219,1998,0,1,0,0,0,0,0,0,0,0,0,1,0,0,0,0,0,0,0,0,0,0,0,0,0,1,0,0,0,0,0,0,0,0,0,0,0,0,0,0,0,0,0,0,0,0
2,-3.51244696283756,-30.060229831142,1.44022648949826,0.217826601066186,20,0,52.6597196132528,-3.64485604522125,1,76.2877784067502,17.7924530065715,36.4821715915138,18.6330502600039,12.0265884955674,3473001.45043285,268.073848742629,-0.0037580240699394,-5.0322653997804,1982,0,0,0,0,0,0,0,1,0,0,0,0,0,0,1,0,0,0,0,0,0,0,0,0,0,0,0,0,1,0,0,0,0,0,0,0,0,0,0,0,0,0,0,0,0,0
3,35.7302503697985,234.8584437278,1.39960823285798,0.203179884842897,29,1,51.6564582771157,-1.20557255240003,10,76.3201079209761,17.7297152004742,35.4030811153987,18.645817040945,13.8277647841048,7846549.97625072,282.314250080654,-0.0057430309249951,3.33118282435127,1999,0,0,0,1,0,0,0,0,0,0,1,0,1,0,0,0,0,0,0,0,0,0,0,0,0,0,0,0,0,0,0,0,0,0,0,1,0,0,0,0,0,0,0,0,0,0
9,30.3762579211606,205.6428591489,1.44194231655753,0.171380585653247,9,22,53.2545151748419,-1.6114539411602,1,76.3495242332161,17.719202465071,36.5239060225842,18.6408679134006,13.8219947952856,2939962.18263556,274.91974959549,-0.001931644415099,5.00135970552702,1981,0,0,0,1,0,0,0,0,0,0,0,0,0,0,0,0,0,0,0,0,0,0,0,0,0,0,0,0,0,0,0,1,0,0,0,0,0,0,0,0,0,0,0,0,0,0
8,-41.8336522517381,1619.098714312,1.44228547878207,0.149908608828904,11,13,53.9893528654466,-0.911200092312026,9,76.2514683387557,68.1635238846113,36.4850973425798,19.0165094178738,13.8040104774172,6350321.50985581,283.88822263207,0.0009001475682812,6.80104695815285,1998,0,1,0,0,0,0,0,0,1,0,0,0,0,0,0,0,0,0,0,0,0,0,0,0,0,0,0,0,0,1,0,0,0,0,0,0,0,0,0,0,0,0,0,0,0,0
0,-5.54624055027708,1158.82535109551,2.27825613777412,0.231220785878365,16,13,50.4219702806004,-0.995177423074174,3,95.6486600447767,17.7369174344874,36.4846314858155,18.6416242006927,10.8274554752555,7360994.53061194,281.057238440247,-0.0012423359239844,8.13390801635559,1984,0,1,0,0,0,0,0,0,0,0,1,0,0,0,0,1,0,0,0,0,0,0,0,1,0,0,0,0,0,0,0,0,0,0,0,0,0,0,0,0,0,0,0,0,0,0
0,86.1609116116115,1146.74824115474,1.44266579911553,0.162537913607315,4,1,52.5978377507553,-1.48285671289824,4,76.3344316393373,17.7354398331343,36.5152114767209,18.6482532247184,13.7871440879958,1897867.95638094,280.597293513751,0.0048438184753583,12.298668496696,2000,0,0,1,0,0,0,0,0,1,0,0,0,1,0,0,0,0,0,0,0,0,1,0,0,0,0,0,0,0,0,0,0,0,0,0,0,0,0,0,0,0,0,0,0,0,0
9,12.2731236388072,555.92396282941,1.44192557425489,0.185473909448914,2,8,51.6102982734072,-1.21719885902349,10,51.7876927478159,17.7384239523748,36.4866618824493,18.6382420360475,13.8078142683129,772977.17515469,284.794505685382,-0.0034045099591952,1.90595907086611,1989,0,0,0,1,0,0,0,0,0,0,0,0,1,0,0,0,0,0,0,0,0,0,0,0,0,0,0,0,0,0,0,0,0,0,0,0,0,0,0,0,0,0,0,1,0,0
9,1.13925008526333,963.841435232599,0.417288202030834,0.152837561267868,7,21,52.7997950259801,-1.34615890341326,4,53.3632648598815,31.8881640799173,46.6471339719669,18.6435545888936,14.2627465492566,1996259.58806386,285.054372290495,0.001002037952288,7.31285010943637,1995,0,0,0,1,0,0,0,0,0,1,0,0,1,0,0,0,0,0,0,0,0,0,0,1,0,0,0,0,0,0,0,0,0,0,0,0,0,0,0,0,0,0,0,0,0,0
3,12.1069057434802,800.555416664264,1.16516535544516,0.185799306950088,1,14,51.1476058094767,-0.963406344827327,1,67.711330751632,19.6189424165846,36.4821659486326,18.6409025596153,12.3319251976278,2609521.12717573,280.416777887508,0.0008859850850864,5.49762562711547,1990,0,0,0,0,0,1,0,0,0,0,0,0,1,0,0,0,0,0,0,0,0,0,0,1,0,0,0,0,0,0,0,0,0,0,0,0,0,0,0,0,0,0,0,0,0,0
7,86.1460096732988,1088.3317396334,1.44478765187312,0.12821025380974,15,0,51.7280359944479,-1.46261917560954,7,76.3184536528534,17.7108304079498,36.4960242335503,18.6514967901553,13.7943177219312,6796466.70294629,286.959123887423,0.0027315161237913,8.85745026062036,1991,1,0,0,0,0,0,0,0,0,0,0,0,0,0,0,1,0,0,0,0,0,0,0,0,1,0,0,0,0,0,0,0,0,0,0,0,0,0,0,0,0,0,0,0,0,0
9,-35.3327716899991,1179.04897071374,1.44245901512338,0.208810490093878,2,7,52.3481794011163,-0.371545932213588,5,76.4249307287008,17.7675814754916,36.4925856731642,18.6423091840346,13.8209520530064,152743.099350945,276.109830682775,-0.0010220755884991,6.46664981627003,1992,0,0,0,1,0,0,0,0,0,1,0,0,1,0,0,0,0,0,0,0,0,0,0,0,0,0,0,0,0,0,0,0,0,0,0,0,1,0,0,0,0,0,0,0,0,0
3,-33.8678443223506,361.015214410821,1.45213903535506,0.160444910263353,24,19,54.0037529822727,1.37448095351678,11,76.3274716402167,17.7527221783503,36.4658046559268,18.6402102775082,13.8086845220197,5027323.22294136,274.619175406961,-0.0030084192258389,3.40923187378737,1983,1,0,0,0,0,0,0,0,0,0,1,0,1,0,0,0,0,0,0,0,0,0,0,1,0,0,0,0,0,0,0,0,0,0,0,0,0,0,0,0,0,0,0,0,0,0
5,-12.6020483235758,129.873498267387,0.333838940301557,0.155483519656173,5,8,50.9858541265325,-0.865432484456981,11,11.7869878301543,50.7479130178811,0.757467097284863,18.646476007607,3.47104863620031,392954.243555494,278.199550257889,-0.0036921219195584,3.24319469844517,2000,0,0,0,0,0,0,0,1,0,0,0,0,1,0,0,0,0,0,0,0,0,0,0,0,0,0,0,0,0,0,0,0,0,0,0,0,1,0,0,0,0,0,0,0,0,0
1,29.9052433322325,292.820191368668,0.72552206675384,0.163533320665455,28,22,52.0023390419098,0.159889442265256,9,79.4881781209938,16.9912510993565,35.3195130727167,18.6393388745172,14.4876982420848,10633196.4288907,286.422287044826,-0.004421414655603,2.92900021685866,1983,0,0,0,1,0,0,0,0,0,1,0,0,0,0,0,1,0,0,0,0,0,0,0,0,0,0,0,0,0,0,0,0,0,0,1,0,0,0,0,0,0,0,0,0,0,0
6,23.3486767563703,404.468432734278,1.44170243664067,0.239803239448221,18,5,53.4424587199035,1.5458034004763,5,76.318632896955,17.7520045148194,36.4755728516269,18.6382587657911,13.821160656157,102665.317971688,283.458067452246,0.0003750774404179,2.60035541511422,1989,0,0,0,1,0,0,0,0,0,0,1,0,1,0,0,0,0,0,0,0,0,0,1,0,0,0,0,0,0,0,0,0,0,0,0,0,0,0,0,0,0,0,0,0,0,0
5,23.4720291110974,207.020873745708,1.44093520041118,0.130120425176289,24,23,52.3022610889064,-1.08650231879629,2,76.3087989672074,17.755862253875,36.4717776802372,18.6326309023788,13.8221463981099,-296827.62189588,279.912643150878,0.0008504137766416,4.88326144873824,1993,0,0,1,0,0,0,0,0,1,0,0,0,0,0,0,1,0,0,0,0,0,0,1,0,0,0,0,0,0,0,0,0,0,0,0,0,0,0,0,0,0,0,0,0,0,0
6,170.15121316725,675.332339499652,1.44212270657548,0.201153106921296,5,18,52.1595751440877,0.734981697517543,1,76.4214733810367,17.741387630032,36.4674506303945,18.6395423470343,13.7863063693254,1410603.77530767,278.259734921607,0.0004065398633886,7.44945870170067,1984,0,1,0,0,0,0,0,0,0,0,1,0,1,0,0,0,0,0,0,0,0,0,1,0,0,0,0,0,0,0,0,0,0,0,0,0,0,0,0,0,0,0,0,0,0,0
0,95.3064173694028,989.1032851701,1.43795084414261,0.167592167391881,2,8,54.0819362958432,1.07490522316337,5,76.3773412442011,17.776683487883,36.5730851213159,18.6474295605633,13.8634488744737,831272.186396254,281.296354593591,-0.0005335676430972,5.93589664432129,1996,0,0,0,0,0,1,0,0,1,0,0,0,1,0,0,0,0,1,0,0,0,0,0,0,0,0,0,0,0,0,0,0,0,0,0,0,0,0,0,0,0,0,0,0,0,0
2,-16.4572304714869,655.782913618146,1.44341683468952,0.196946624867682,21,1,52.7510272160813,-0.0662114860614469,11,76.2792874642481,17.746498672843,36.4853225826489,18.6447700264437,13.8114644463394,3346137.17500739,278.394260052203,-0.0066411883524484,8.0105340368555,1986,0,0,0,0,0,0,1,0,0,0,1,0,0,0,0,1,0,0,0,0,0,0,0,0,0,0,0,0,0,0,0,0,0,0,0,1,0,0,0,0,0,0,0,0,0,0
1,174.606892783452,761.578034996224,1.4413985598611,0.323732393217295,28,22,53.3544130575885,-1.98443523125191,12,76.4016463787549,17.7512863383325,36.4807124107389,18.6342236691348,13.836872949199,-2742119.3337449,272.850025163107,0.0105596464797876,6.31280323541444,1981,0,0,1,0,0,0,0,0,0,0,1,0,0,0,0,1,0,0,0,0,0,0,0,0,0,0,0,0,0,0,0,0,0,0,0,0,0,0,0,1,0,0,0,0,0,0
4,11.038547862588,1461.70961604572,1.44178840432299,0.228778891712355,22,1,53.6865759210809,-1.79831408794429,12,76.344918990558,17.7436937825522,36.4714437704046,18.6443468628545,13.8141500466384,4844977.95573595,286.323347204856,-0.0087156423834054,13.7839066321512,1985,0,0,0,0,0,0,0,0,0,0,0,0,1,0,0,0,0,0,0,0,0,0,0,0,1,0,0,0,0,0,0,0,0,0,0,0,0,0,0,0,0,0,0,0,0,0
8,-36.4599393360268,464.812761036601,1.44199757930836,0.248340628588493,26,22,52.4719033318329,-0.752048659671708,12,76.328691605582,17.731660872881,36.4986015220183,18.637789138224,13.8069366530438,1064253.47381571,277.471866187509,0.0031335181335364,4.36393338170821,1983,0,0,0,1,0,0,0,0,0,1,0,0,1,0,0,0,0,0,0,0,0,0,0,0,0,0,0,0,0,0,0,0,0,0,0,1,0,0,0,0,0,0,0,0,0,0
8,101.868669688486,885.142624162448,1.39999438608644,0.195337275263709,6,2,52.4566320491624,-1.59473741209079,3,62.0731998988311,25.3376455687158,29.4453801570515,18.6400523247647,26.4577317078913,2205225.17492037,275.996804158631,-0.0005522467680606,8.41560577726374,1995,0,0,0,0,1,0,0,0,0,1,0,0,1,0,0,0,0,0,0,0,0,0,0,1,0,0,0,0,0,0,0,0,0,0,0,0,0,0,0,0,0,0,0,0,0,0
2,97.5521550322682,35.6218270756764,1.80445244190747,0.20692635707651,8,10,53.6310672793385,-2.13813965548877,12,335.614613601396,23.5408786013592,36.4948368587005,17.1048371176423,13.481129692361,1886336.73435784,270.051032004625,-0.0105869128096263,1.72528917667078,1995,0,1,0,0,0,0,0,0,0,0,0,0,0,0,0,0,0,0,0,0,1,0,0,0,0,0,0,0,0,0,0,0,0,0,0,0,0,0,0,0,0,0,0,0,0,0
3,0.44675470721311,1038.8939092675,1.4421769792076,0.131733341064319,26,13,52.788647435881,-1.99059082144149,7,88.7471052383561,17.7356638696827,36.4761726554213,18.6454226106406,13.8081810598745,6134521.3370516,291.341470151256,0.0011798049118221,7.71827773631755,1985,0,0,0,0,0,0,0,0,0,0,0,0,0,0,0,1,0,0,0,0,0,0,0,1,0,0,0,0,0,0,0,0,0,0,0,0,0,0,0,0,0,0,0,0,0,0
5,-34.2218401610235,2261.25338471908,1.4424300211452,0.265381345001607,11,14,54.0860262696699,1.07452001817124,5,76.2455962914048,17.777606670168,36.4861596442561,18.6429282484226,13.8123731026062,9271768.06943173,282.394692959021,0.0009303757536941,3.26067627338766,1992,0,0,0,1,0,0,0,0,0,0,0,0,0,0,0,1,0,0,0,0,0,0,0,0,0,0,0,0,0,0,0,0,0,0,0,0,1,0,0,0,0,0,0,0,0,0
6,88.0013565387446,1083.5929555408,2.84900919999053,0.252276835044259,15,20,50.3026769967793,-1.51525649288786,7,80.7376119845356,17.738876418612,33.2145766842037,18.6295513614431,13.8021279114468,4442267.13721607,294.332261681899,0.0003489191567189,6.10856166731572,1999,0,0,0,0,0,0,0,1,0,0,1,0,0,0,0,1,0,0,0,1,0,0,0,0,0,0,0,0,0,0,0,0,0,0,0,0,0,0,0,0,0,0,0,0,0,0
5,-93.4081742746282,792.490588581112,1.44221540955236,0.0954682461883505,18,6,52.9282701829951,0.722173253052929,7,76.4005999826673,17.7615853815503,36.4892588154675,18.6416596207304,13.8105104787435,49244.5168741096,287.73140361488,0.0011020902114101,5.85845165217272,1987,0,1,0,0,0,0,0,0,1,0,0,0,1,0,0,0,0,0,0,0,0,0,0,0,0,0,0,0,0,0,0,0,0,0,0,1,0,0,0,0,0,0,0,0,0,0
5,63.1733281551189,476.181871998184,1.60165453101508,0.252751023594656,21,1,52.6583774341407,-1.36043282901773,3,72.3821449307556,17.7481257992189,36.489585287691,18.6403478520779,16.2966533743697,707703.584766902,278.9189502274,0.0031188058088488,4.23916708565796,1982,0,0,1,0,0,0,0,0,1,0,0,0,0,0,0,1,0,0,0,0,0,0,0,1,0,0,0,0,0,0,0,0,0,0,0,0,0,0,0,0,0,0,0,0,0,0
2,-85.8244963765686,745.503946835486,1.44203918760752,0.124558558367755,3,16,50.9304494097425,-1.79870011547375,7,76.2006208600314,17.7595449060294,36.4799840813324,18.6490656615676,13.8131022988394,2527690.26267071,290.257881210229,0.0006361671377265,7.46960228845877,1988,0,0,0,0,0,0,0,0,0,0,1,0,0,0,0,1,0,0,0,0,0,0,0,0,0,0,0,0,0,0,0,0,0,0,0,0,1,0,0,0,0,0,0,0,0,0
7,126.828922475641,996.886807980013,1.44202483639066,0.144240204108351,28,19,54.7896094613945,-0.63035692122366,8,76.3525400140336,17.7388131293201,36.4759430351245,18.639812035394,13.803399801234,5305301.11941277,288.016770510202,0.0020232230313755,6.97355940531836,1985,0,0,0,1,0,0,0,0,0,0,0,0,1,0,0,0,0,0,0,0,0,0,0,1,0,0,0,0,0,0,0,0,0,0,0,0,0,0,0,0,0,0,0,0,0,0
6,83.438941716684,2823.3836235372,1.44192966246049,0.13094314054434,6,15,53.6533773344518,-1.22849161044794,5,76.3018284527492,17.764264803512,35.1310217150807,18.6421046037987,13.8065877603319,9677772.52868569,287.615774362779,-0.000737935980765,8.28089844946944,1998,0,0,0,0,0,1,0,0,0,0,1,0,0,0,0,1,0,0,0,0,0,0,0,0,0,0,0,0,0,0,0,0,0,0,0,0,0,0,0,0,0,0,0,0,0,1
7,17.6788374047028,1710.99870912742,1.44171741805242,0.192976544334048,4,13,51.4702748301556,-2.22397899076894,6,76.1257317614163,17.7356003577362,36.4552992425641,7.82030892306913,13.8117005876212,8406055.79214682,286.511681036729,-0.0012681674541623,4.23265448306758,1987,0,0,0,0,1,0,0,0,0,0,0,0,0,0,1,0,0,0,0,0,0,0,0,0,0,0,0,0,0,0,0,0,0,0,0,0,0,0,0,0,0,0,0,0,0,1
3,40.6041863040284,680.973195678009,1.44185052323037,0.241257585671651,25,7,52.1296638973881,-1.40103287798684,3,76.3396672647268,17.7662783335419,36.4639730667078,18.6360984225863,13.8064475262092,17185.7816409558,278.768695021335,0.0010188078186091,7.57016902214988,1984,0,0,0,0,1,0,0,0,0,0,1,0,1,0,0,0,0,0,0,0,0,0,0,0,0,0,0,0,0,0,0,0,0,0,1,0,0,0,0,0,0,0,0,0,0,0
2,144.236402427314,404.259931809909,0.134126962306671,0.189383148441624,12,7,53.1303200271805,-0.610734257373496,5,-115652.849083752,12.4814447530533,33.8548802431586,18.6351321674632,31064.4291767174,-26131553.1321849,280.808826012416,0.0281026798964033,5.05311434401956,1990,0,0,0,0,1,0,0,0,0,0,1,0,0,0,0,0,0,0,0,0,0,0,0,0,1,0,0,0,0,0,0,0,0,0,0,0,0,0,0,0,0,0,0,0,0,0
2,83.9162762339167,126.547600460545,1.3305110942097,0.178690112009761,21,16,54.2636199464394,-0.149194753855981,11,121.627031672917,23.8458130875741,34.8989048071458,18.710031172684,2.30618741152466,-1413230.14000172,278.77349451315,0.0035766805431667,6.48246619197515,2000,0,0,1,0,0,0,0,0,1,0,0,0,0,0,0,0,0,0,0,0,0,0,1,0,0,0,0,0,0,0,0,0,0,0,0,0,0,0,0,0,0,0,0,0,0,0
8,-53.5908726640838,-242.722382550546,1.44286447475661,0.175590354572732,7,6,50.9963230975288,-0.638341240893773,1,76.3391858011906,17.7373387525515,36.4722505992824,18.6490291205421,13.8175850297633,18878.576828913,277.341180163608,-0.0006696854486944,0.904983843891251,1989,0,1,0,0,0,0,0,0,0,1,0,0,1,0,0,0,0,0,0,0,0,0,0,0,0,0,0,0,1,0,0,0,0,0,0,0,0,0,0,0,0,0,0,0,0,0
5,142.35604390346,734.491230221917,-0.0028155299043511,0.118256881861381,2,15,53.090534422762,-0.377008490248316,3,31.8390325046415,29.4638442012607,32.0440894953832,16.1078135287779,1.73614659772599,81863.2426601761,278.98748145482,0.0010856027045682,8.71382840079375,1998,0,1,0,0,0,0,0,0,1,0,0,0,1,0,0,0,0,0,0,0,0,0,0,1,0,0,0,0,0,0,0,0,0,0,0,0,0,0,0,0,0,0,0,0,0,0
2,107.59305981218,966.485885366298,1.44112103280289,0.144239494949025,6,16,52.6046245734127,-1.14658694840327,11,76.3437722568977,17.751582505899,36.4785697142477,18.6436225332343,13.7909526282452,674494.410686058,275.161276088812,0.0001623461633648,4.05232509084523,1982,0,1,0,0,0,0,0,0,0,1,0,0,1,0,0,0,0,0,0,0,0,0,0,0,0,0,0,0,0,0,0,0,0,0,0,0,0,0,0,0,0,0,0,0,0,1
0,-12.2620454796695,529.84958587211,1.37640539718808,0.194126913178183,19,6,51.341847924053,-1.08542671884342,5,76.3086038058319,17.7669248703838,38.3968145768813,18.647053940408,13.7939336186668,93077.708864317,283.460856308932,0.00104857456532,5.94446763530201,1994,0,0,0,0,0,0,0,1,1,0,0,0,0,0,0,1,0,0,0,0,0,0,0,0,0,0,0,1,0,0,0,0,0,0,0,0,0,0,0,0,0,0,0,0,0,0
2,19.9427040138378,1099.44891462929,2.08919055310774,0.141393234561903,19,10,53.0724729034026,-0.0051046020601004,6,66.4679762724228,17.7452900354075,8.87843817662895,18.638569133299,19.5232447428446,2177260.22756354,286.024833361721,0.0001728755138116,4.9234928274098,1996,0,1,0,0,0,0,0,0,0,1,0,0,0,0,0,1,0,0,0,0,0,0,0,1,0,0,0,0,0,0,0,0,0,0,0,0,0,0,0,0,0,0,0,0,0,0
9,-63.1964817739276,-126.960500159298,1.27350702553714,0.200246305904011,18,5,54.33658021589,-2.3657727755332,7,98.3469160715081,2.33808687053068,35.6293314370467,18.6379780187993,22.427120252207,89136.4407779272,282.828531528243,-0.0002192699403738,0.942627625247576,1982,0,0,0,1,0,0,0,0,1,0,0,0,0,0,0,0,0,0,0,0,0,0,0,1,0,0,0,0,0,0,0,0,0,0,0,0,0,0,0,0,0,0,0,0,0,0
0,109.435669278113,220.477671167598,0.735477217787034,0.089829233874553,16,6,52.7774061673429,-0.461631320189646,5,56.4656345190472,29.6532396397413,30.697613695823,17.7131311196259,3.87115861762609,73447.4612834189,280.017792052983,0.0003291915413722,3.48103453636972,1999,0,1,0,0,0,0,0,0,1,0,0,0,1,0,0,0,0,0,0,0,0,0,0,1,0,0,0,0,0,0,0,0,0,0,0,0,0,0,0,0,0,0,0,0,0,0
0,80.993627396195,256.005670206342,1.43903430861515,0.172834414755387,13,23,51.526750538282,-0.795322533210197,4,76.2677059168336,11.9758308710143,36.4939063991961,18.6955285762304,13.7733554786879,7482654.97088963,276.544295812008,0.0015509182753025,4.14027325823702,1995,0,0,0,0,0,0,0,1,1,0,0,1,0,0,0,0,0,0,0,0,0,0,0,0,0,0,0,0,0,0,0,1,0,0,0,0,0,0,0,0,0,0,0,0,0,0
9,42.9922298620619,147.300365177424,1.78092340964576,0.159224474383719,26,3,51.9240427806796,-1.28185214288995,7,65.8967186751704,17.7509128792114,36.471129248294,18.6362334378106,21.063202014908,2037839.1519681,284.489454999423,0.0002776807289085,2.08329517786452,1991,0,1,0,0,0,0,0,0,0,0,0,0,0,0,0,1,0,0,0,0,0,0,0,1,0,0,0,0,0,0,0,0,0,0,0,0,0,0,0,0,0,0,0,0,0,0
7,119.354617116509,649.102338700507,1.44253380392186,0.159462348610886,2,2,52.21958726555,-2.1330465252179,5,76.3082844979378,17.770394935185,36.4811986742512,18.6378573831709,13.8163254624459,1230913.28435955,280.576553138273,0.0031046725235278,7.30995349642822,1983,0,1,0,0,0,0,0,0,1,0,0,0,1,0,0,0,0,0,0,0,0,1,0,0,0,0,0,0,0,0,0,0,0,0,0,0,0,0,0,0,0,0,0,0,0,0
7,182.028561812855,1328.92382379316,1.11483802812048,0.13986593803952,12,13,51.3843042530605,-1.44301059649844,1,-1147.55340538122,17.7532689681206,36.4734336416166,18.645150185318,13.8246059176761,-8048344.21281451,280.778777530371,0.0113923709233082,12.3934893830566,1999,0,0,0,1,0,0,0,0,0,1,0,0,0,0,0,1,0,0,1,0,0,0,0,0,0,0,0,0,0,0,0,0,0,0,0,0,0,0,0,0,0,0,0,0,0,0
6,54.7494189802621,816.655692194479,1.08953305260383,0.163647043882835,28,9,49.3557015282962,-1.61634783605351,3,62.7198409630076,29.9322848077618,35.1263985328288,18.6385344750953,20.3014764588324,612895.99134296,275.13985515794,0.0009490760950234,7.86012106581551,1995,0,0,0,0,0,0,1,0,1,0,0,0,1,0,0,0,0,0,0,0,0,0,0,1,0,0,0,0,0,0,0,0,0,0,0,0,0,0,0,0,0,0,0,0,0,0
9,66.7350764168761,384.389500791039,1.44255413496237,0.0942147049223609,10,23,51.3947781318916,-1.34355598584064,6,45.1678989631829,41.2996159407086,35.6419643632996,19.4674521872327,25.4027587274605,7180560.8029937,282.44492221798,0.0008238959514233,3.62061363857457,1999,0,1,0,0,0,0,0,0,1,0,0,0,1,0,0,0,0,0,0,0,0,0,0,0,0,0,0,0,0,0,0,0,0,0,0,0,0,0,0,0,0,0,0,0,0,1
1,29.0207268918063,834.071910076022,0.134127074548812,0.220015653131732,17,21,53.5674488533709,-1.82595356856963,9,-115658.437034934,11.0856576686447,33.8548816869457,18.5622146069453,31073.7842028139,-2275594532.19076,285.431920767568,0.556501265380466,7.71828066836791,1996,0,0,0,0,0,0,1,0,1,0,0,0,0,0,0,0,0,0,0,0,0,0,0,0,1,0,0,0,0,0,0,0,0,0,0,0,0,0,0,0,0,0,0,0,0,0
2,-22.4092381096958,575.55666300547,1.44198787840363,0.181074554195432,9,22,52.9910629222868,1.11541500937199,1,76.4141261960392,17.7731782615867,36.513250360117,18.6415758111424,13.8230358813983,4257048.86669562,281.255383839577,-0.0030998536673238,6.38287471963004,1992,0,0,0,0,0,1,0,0,0,1,0,0,0,0,0,1,0,0,0,0,0,0,0,0,0,0,0,0,0,0,0,0,0,0,0,0,0,0,0,0,0,0,0,0,1,0
2,90.2038605727305,569.538678944893,1.44233936422408,0.327220354869765,4,20,51.2805427620702,-0.23148375362709,2,76.3424567999533,47.7938895492412,36.4545639062965,18.6379781007514,13.7976577432684,2153070.44609786,278.578950048077,-0.0003998420070697,4.93992449311395,1982,0,0,0,1,0,0,0,0,0,1,0,0,0,0,0,0,0,0,0,0,0,1,0,0,0,0,0,0,0,0,0,0,0,0,0,0,0,0,0,0,0,0,0,0,0,0
4,77.6115643297839,-138.850150060926,1.44161231331187,0.242447699880518,6,2,53.2963869887135,-1.68704304746379,10,76.3893963804641,17.7578714267348,36.4624767753021,18.6362849775641,13.8075989297983,7725082.82149343,280.565822137639,-0.0033414959104617,-2.56433035203556,1995,0,0,1,0,0,0,0,0,0,0,0,0,1,0,0,0,0,0,0,0,0,0,0,0,0,0,0,0,0,0,0,0,0,0,0,0,1,0,0,0,0,0,0,0,0,0
3,146.75617024264,2237.76929003242,1.28136745227305,0.206426012207442,20,15,49.9741671260771,1.32046789984973,7,95.87026605536,-22.1634082069118,33.5821520057674,18.6386989379259,14.5716126953282,8124928.6378845,297.695012767457,1.75530237283986e-05,1.96635108958621,1996,0,0,0,1,0,0,0,0,0,0,0,0,1,0,0,0,0,0,0,0,0,0,0,0,0,0,0,0,0,0,0,0,0,0,0,0,0,0,0,1,0,0,0,0,0,0
8,41.0652955255474,1295.19596816455,1.51702889463913,0.202326025317017,27,15,52.8636148613211,-3.1865880283163,2,52.6876944513929,22.6852759913807,38.3736886252371,18.61330993082,14.1870445713491,1254387.42696238,278.24017167104,0.0011544019113986,11.9651483906543,1989,0,0,0,1,0,0,0,0,0,0,1,1,0,0,0,0,1,0,0,0,0,0,0,0,0,0,0,0,0,0,0,0,0,0,0,0,0,0,0,0,0,0,0,0,0,0
7,19.9979711231819,688.813728003328,0.869448188216296,0.242435150328281,26,0,53.6154198381176,-1.21190888026999,10,109.498894269522,20.9418172787875,37.3261431527174,18.7343185512516,14.9250013462222,10962739.4398172,284.452719576516,-0.0005963466722972,8.28654368205042,1989,0,0,1,0,0,0,0,0,1,0,0,0,0,1,0,0,0,0,0,1,0,0,0,0,0,0,0,0,0,0,0,0,0,0,0,0,0,0,0,0,0,0,0,0,0,0
9,-37.0582841414577,779.737968753263,1.44142241394126,0.208899935536717,7,9,52.0720457407609,-1.21427290321758,6,76.3445785713499,17.7421561893017,36.489192456981,18.642066732507,13.7990076131606,2472945.72100304,285.850676341112,0.0001954811163156,2.98395807589771,1986,0,1,0,0,0,0,0,0,0,0,1,0,1,0,0,0,0,0,0,0,0,0,0,0,1,0,0,0,0,0,0,0,0,0,0,0,0,0,0,0,0,0,0,0,0,0
6,46.5875754335809,601.768937272431,1.44308347598299,0.134704395951087,22,0,52.3104072060844,-1.85767283558866,5,76.3177988646829,17.7292948456907,36.4900400123276,18.6414441001397,0.637021228770426,-4045514.75708574,279.233348211443,0.0067768162523958,6.03249457938961,1994,0,1,0,0,0,0,0,0,1,0,0,0,1,0,0,0,0,0,0,0,0,0,0,0,0,0,0,0,1,0,0,0,0,0,0,0,0,0,0,0,0,0,0,0,0,0
5,155.203727311703,892.692832886348,0.508005723171981,0.212526770600244,1,16,52.1110720653989,-1.22916584222657,3,139.807714458552,30.5402200292927,46.2140578110856,18.6427358921764,13.0274523643227,2748083.97273279,280.678382713689,0.0002691887383896,7.57549609126754,1997,0,0,1,0,0,0,0,0,1,0,0,0,1,0,0,0,0,0,0,0,0,0,1,0,0,0,0,0,0,0,0,0,0,0,0,0,0,0,0,0,0,0,0,0,0,0
7,79.8938493410203,1569.85076205501,1.4418452429903,0.142253303075488,22,19,50.9839795218703,-2.09904714084395,8,76.32700960802,17.7381559596596,36.4851548684546,18.6363415112596,13.8040849914168,5687289.5685428,290.91820253182,0.0004363322848927,5.49601877239591,1985,1,0,0,0,0,0,0,0,1,0,0,0,1,0,0,0,0,0,0,0,0,0,0,0,0,0,0,0,0,0,0,0,0,0,0,0,0,0,0,0,0,0,0,1,0,0
6,228.335956151538,649.897238346541,1.44254190381814,0.157442503727512,3,8,52.3982868099214,-3.92075182899947,8,76.4481761922864,17.7487394170656,36.4953493498025,18.6440142280331,13.8063287018778,979286.179438673,287.641388115771,0.00351283641228,9.47298811138086,1992,0,0,0,0,0,1,0,0,0,0,1,0,1,0,0,0,0,0,0,0,0,0,1,0,0,0,0,0,0,0,0,0,0,0,0,0,0,0,0,0,0,0,0,0,0,0
3,76.4764795341207,394.386095904867,1.45515808823362,0.160640484688755,23,9,52.5901489223429,-2.45893260289469,1,76.3144026187109,17.7469123076059,36.4818287212635,18.6450121144602,13.8183139820563,-497234.724007609,271.104271991188,0.0146946615808179,5.85592144303988,1984,0,0,0,0,0,0,1,0,0,1,0,0,1,0,0,0,0,0,0,0,0,0,0,1,0,0,0,0,0,0,0,0,0,0,0,0,0,0,0,0,0,0,0,0,0,0
0,31.291810768775,287.130385149586,1.44202480952606,0.141941714509752,19,1,52.1227229788474,-1.36588728557109,10,76.338360200113,17.738692907894,36.4759425853054,18.6383389039745,13.8033993980575,1509202.1283008,281.424872881418,0.0005683928048321,1.80174158359773,1985,0,0,0,0,0,0,1,0,1,0,0,0,1,0,0,0,0,0,0,0,0,0,0,1,0,0,0,0,0,0,0,0,0,0,0,0,0,0,0,0,0,0,0,0,0,0
0,-72.1216079293899,510.209612315688,1.41269340389072,0.220882461991788,10,5,50.5761591608317,-2.37015551780336,1,76.3035123633909,17.7267624573605,36.5554373093304,18.6415286325124,13.7956706704538,3535.14794563796,280.052205162432,1.16263382172982e-05,6.04632226790165,1992,0,0,0,0,0,1,0,0,0,0,1,0,0,0,0,1,0,0,0,0,0,0,0,0,0,0,0,0,0,0,0,0,0,0,0,0,0,0,0,0,0,0,0,1,0,0
3,32.4792591802141,404.006181833947,1.4415418764112,0.318788329284561,14,21,53.2919461019761,-1.8038751341315,2,76.3399533432137,17.756042953167,36.4783202624375,18.6419153014558,13.814016615116,1580996.03745581,276.336110734035,0.0010726152529373,3.44484580027889,1988,0,0,0,0,1,0,0,0,0,0,0,0,0,0,0,1,0,0,0,0,0,0,0,1,0,0,0,0,0,0,0,0,0,0,0,0,0,0,0,0,0,0,0,0,0,0
0,-81.1674556165914,87.0966286384607,1.44212041222518,0.200191615916324,2,7,51.6388564352172,-1.84394194221366,12,76.5300383557599,17.7672561414379,36.4972673213748,18.6390483350955,13.8187105416559,24320.866518084,276.145878274532,-0.0010262548844337,-0.502595002599997,1984,0,0,0,1,0,0,0,0,0,1,0,0,1,0,0,0,0,0,0,0,0,0,0,0,0,0,0,0,0,0,0,0,0,0,0,0,1,0,0,0,0,0,0,0,0,0
8,204.500473288238,952.109273656635,1.44375597087983,0.217002220266864,24,1,54.3993951142306,-0.371315335467491,1,76.928954286059,17.7686922263973,36.4783749792767,18.6347486421012,13.7982744335525,638077.248776794,279.355201904153,0.0010659338540438,10.65823475066,1995,0,0,1,0,0,0,0,0,1,0,0,0,0,0,0,1,0,0,1,0,0,0,0,0,0,0,0,0,0,0,0,0,0,0,0,0,0,0,0,0,0,0,0,0,0,0
3,102.808243586095,459.251840995657,1.24242850257978,0.178515076435603,30,10,52.6492633446045,-2.99976064427891,3,82.3177044348143,14.4728623952319,36.4821653014344,18.6410332072463,15.1062169579583,1353077.82747571,281.058116741253,8.62214025895044e-05,2.40266688142205,1990,0,0,0,0,0,0,1,0,0,0,0,0,1,0,0,0,0,0,0,0,0,0,0,1,0,0,0,0,0,0,0,0,0,0,0,0,0,0,0,0,0,0,0,0,0,0
1,71.5915889218512,130.857484956093,1.19550636909126,0.178446937019708,11,7,51.484380166926,-0.133747123572706,10,77.3504538650836,29.7401931771044,31.8835884214796,18.5996569749412,17.4229896733109,202661.379161029,282.818698711085,-0.0013655158494188,1.94657622245155,1994,0,0,0,0,0,0,0,0,0,0,0,0,0,0,1,0,0,0,0,0,0,0,0,0,0,0,0,0,0,0,0,0,0,0,0,0,1,0,0,0,0,0,0,0,0,0
7,207.368460894952,-61.1239070038441,-0.238810349888126,0.162242103613717,23,6,51.8010327047642,-2.44271152927649,11,47.8011889151266,-34.2054634400545,34.9296663580004,18.6509043648187,0.553047113614065,7105.94730998697,277.216029168418,-0.0003453952683013,0.137677665834797,1999,0,0,0,0,0,0,0,0,1,0,0,0,1,0,0,0,0,0,0,0,0,0,0,0,0,0,0,0,0,0,0,0,0,0,0,0,0,0,0,0,0,0,1,0,0,0
5,56.0688326224096,1633.82052256852,1.44461526967765,0.184763592567869,26,14,52.5169658823553,-1.5571120860966,3,76.5164694822959,17.7842330780351,36.4470870709793,18.653258899537,13.8299340093013,4548999.21617859,280.538236803486,0.0007898864143491,7.46480228705486,1987,1,0,0,0,0,0,0,0,1,0,0,0,1,0,0,0,0,0,0,0,0,0,0,0,0,1,0,0,0,0,0,0,0,0,0,0,0,0,0,0,0,0,0,0,0,0
6,107.259399420417,717.942342483271,1.44495194315209,0.158655629138625,20,11,52.3320026175561,-0.665305246463399,7,76.3890016778485,17.7441356731207,36.3754960384016,18.642066351702,13.8648872368124,4811232.49718466,291.224031760521,0.0008053427906799,7.52329309372987,1986,0,1,0,0,0,0,0,0,0,0,1,0,1,0,0,0,0,0,0,0,0,0,0,0,0,0,0,0,0,0,0,0,0,0,0,0,0,1,0,0,0,0,0,0,0,0
8,103.643961988177,56.4258545922385,0.737040582193234,0.176866562695694,6,0,50.3357492455054,0.672703210196665,7,45.1926374093253,15.7867710893517,21.469905111364,18.6406569102118,19.0372193721575,6357689.38923816,286.808224137799,0.0029075157593498,0.537131535484217,1993,0,1,0,0,0,0,0,0,0,0,0,0,1,0,0,0,0,0,0,0,0,0,0,0,0,0,0,0,0,0,0,0,0,0,0,0,0,0,0,0,0,0,0,1,0,0
9,68.7151612509504,918.137009369245,1.4430834848048,0.183023146476426,10,13,54.2847355405811,-1.00040363783468,2,76.3186949114031,17.7301456377397,36.4900403930421,18.6415760166466,15.282512719808,-2778695.45836386,274.217985598685,0.0045180976828343,4.57088052721782,1994,0,0,0,0,1,0,0,0,0,0,1,0,1,0,0,0,0,0,0,0,0,0,0,0,0,0,0,0,1,0,0,0,0,0,0,0,0,0,0,0,0,0,0,0,0,0
6,96.4411440097219,480.586480970446,1.44096826120708,0.161349104117781,1,19,51.7154387971222,-1.06468390978633,12,76.3447717247817,17.734003784287,36.4548903943481,18.645699286131,13.7859198750378,-137796.13451355,278.963228873292,0.0021940721673381,6.28894765330097,1986,0,0,0,0,0,0,0,1,0,1,0,0,0,0,0,1,0,0,0,0,0,0,0,0,0,0,0,0,0,0,0,0,0,0,0,0,0,0,0,0,0,0,0,0,0,1
7,-0.137624413967316,777.185142628524,1.44258124667274,0.142718566428525,7,13,50.6890751629161,-0.453931822481503,2,76.236652027826,17.7262078968548,36.4755383474385,18.6439809296698,13.7979055213514,2947046.08339471,280.761740694704,-0.0005894965692881,11.3491260900352,1988,1,0,0,0,0,0,0,0,0,1,0,0,0,0,1,0,0,0,0,0,0,0,1,0,0,0,0,0,0,0,0,0,0,0,0,0,0,0,0,0,0,0,0,0,0,0
5,66.9430209738946,421.67162522278,1.89137553318902,0.183197062024785,9,0,53.4688141860718,-1.05062364434818,4,76.1736713298105,17.7498163659653,36.6290522274628,18.6430192512615,18.8289336739986,6368548.45654968,281.648026955257,0.0013117724014229,4.79859329439283,1995,0,1,0,0,0,0,0,0,0,1,0,0,0,0,0,1,0,0,0,0,0,0,0,1,0,0,0,0,0,0,0,0,0,0,0,0,0,0,0,0,0,0,0,0,0,0
3,17.9674490253722,1040.93442677985,1.44125640032869,0.159273710808516,22,15,52.0853354408176,-0.814511680613861,9,76.3283572543833,17.7672899070077,36.4943922203125,18.6393054490238,13.8067640827552,1236377.44984464,286.049125638672,0.0031048135460534,2.99017351788927,1983,0,0,0,0,0,0,1,0,1,0,0,0,0,0,0,1,0,0,0,0,0,0,0,0,0,0,0,0,0,0,0,0,0,0,0,0,1,0,0,0,0,0,0,0,0,0
6,128.889438502828,593.06428369974,1.44116266315501,0.146158742164367,20,3,52.7980657654453,-0.994585445367292,12,76.4431647908294,17.7599275737277,36.4783164938859,18.6376294564239,13.8236586123277,-453084.943806488,281.178550257979,0.0004207979173596,8.96083850191471,1985,0,0,0,0,0,0,0,1,0,1,0,0,1,0,0,0,0,0,0,0,0,0,1,0,0,0,0,0,0,0,0,0,0,0,0,0,0,0,0,0,0,0,0,0,0,0
3,-21.3328950146145,400.609902219822,1.28136745693155,0.242250638357882,4,10,52.6028754424657,-2.84678162631095,10,67.9570865113882,14.8924223791965,20.7000052804111,18.6427385575593,14.5716125575731,1406508.74543751,282.322717026108,-7.06531852910958e-05,5.0413216379144,1994,0,0,0,0,0,1,0,0,0,0,1,0,1,0,0,0,0,0,0,0,0,0,0,0,0,0,0,0,0,0,0,0,0,0,0,0,0,0,0,1,0,0,0,0,0,0
9,-61.6754784981512,110.062053491991,1.14871802315946,0.208459345458295,25,5,50.7617263350809,-0.341345192601105,12,55.5441970376741,17.7444026141689,36.5706334223421,18.6324371360016,25.7062036590206,6668.78996064543,276.460977947421,-0.0008435694386244,3.13492604302679,1993,1,0,0,0,0,0,0,0,0,0,1,0,0,0,0,1,0,0,0,0,0,0,0,1,0,0,0,0,0,0,0,0,0,0,0,0,0,0,0,0,0,0,0,0,0,0
3,23.082204417077,250.610146971024,1.23154086191885,0.127041527745126,29,21,53.0240404200309,-0.22011021528679,10,38.1086184832817,48.8827819548439,13.4664274768616,18.6417880783559,15.545557942981,5835466.82770198,279.278587641633,7.58861529544068e-06,3.69679823520999,1997,0,1,0,0,0,0,0,0,1,0,0,0,1,0,0,0,0,0,0,0,0,0,0,0,0,0,0,0,0,0,0,0,0,0,0,0,0,0,0,0,0,0,0,1,0,0
4,57.2161788458451,555.102728368101,0.566413557202351,0.202966455618297,23,10,53.0336512972093,-1.41091645008978,1,56.2045161290573,9.05427148361373,20.8733138481669,15.9453975049789,6.57883256907686,1111525.3183079,280.190517595624,0.0018355076383299,7.95784400292569,1999,0,1,0,0,0,0,0,0,0,0,1,0,1,0,0,0,0,0,0,0,0,0,1,0,0,0,0,0,0,0,0,0,0,0,0,0,0,0,0,0,0,0,0,0,0,0
7,-27.5491192636198,278.495764189244,1.63808026622273,0.184285429571156,28,4,51.2563606672968,1.2561165538048,2,74.2852228352953,17.7399631245036,36.4757879076754,18.6403556262002,13.8110891913099,-0.341540870945613,277.940520691711,0.0004131445659011,5.86378099432765,1989,0,0,1,0,0,0,0,0,0,0,1,0,1,0,0,0,0,0,0,0,0,0,0,1,0,0,0,0,0,0,0,0,0,0,0,0,0,0,0,0,0,0,0,0,0,0
5,26.1667164617834,465.926928924486,1.28145784543885,0.145447813115549,14,7,51.4527516524822,0.102297817801162,11,55.738418692321,19.5014817568744,34.8243076149328,18.6391212807271,4.03057187301991,229590.248305749,275.944505640835,-0.0024924956415474,1.84611419070728,2000,1,0,0,0,0,0,0,0,0,0,1,0,0,0,0,1,0,0,0,0,0,0,0,0,0,0,0,0,0,0,0,0,0,0,0,0,1,0,0,0,0,0,0,0,0,0
9,174.163874174381,1632.8282053925,0.0701910207388538,0.166815287208812,15,19,53.2999127779495,-0.535537080753813,12,0.654946760603377,88.0780409399636,20.2059048067281,17.6848089742601,10.5187748499862,3223720.16643128,284.245420150031,-0.0033540233779998,14.2722894129938,1999,0,0,0,0,1,0,0,0,0,1,0,0,1,0,0,0,0,0,0,0,0,0,0,0,1,0,0,0,0,0,0,0,0,0,0,0,0,0,0,0,0,0,0,0,0,0
9,46.7809405156072,1043.43361774806,0.04368581891915,0.124097074138209,21,15,51.010986696498,-1.31787101901693,6,28.9800267015295,41.1553714820554,40.9952381130511,17.551657593696,3.94267207848025,6227562.07328935,294.236230597053,0.0015221926449836,5.39359711851289,1999,0,1,0,0,0,0,0,0,1,0,0,0,1,0,0,0,0,0,0,0,0,0,0,0,0,0,0,0,0,0,0,0,0,0,0,0,0,0,0,0,0,0,1,0,0,0
7,122.610734797856,717.951764329087,1.44082582927218,0.149710065379422,30,10,53.546884568618,0.539335111006407,7,76.3123978983851,17.7400822164906,36.4757866908464,18.6406574062266,13.8224023694785,3048939.49967836,289.066808341222,0.0017889235264367,3.57852239018194,1993,0,1,0,0,0,0,0,0,0,1,0,0,1,0,0,0,0,0,0,0,0,1,0,0,0,0,0,0,0,0,0,0,0,0,0,0,0,0,0,0,0,0,0,0,0,0
2,59.7542246110502,110.353226794017,1.44210690638527,0.186241974061665,1,1,51.7215817484245,-2.06471512094895,2,76.3706376924291,17.7763487932427,36.4670111575166,18.6449132675163,13.8147452699312,1014109.59451278,275.133519401486,0.0003614371799038,4.05871448379016,1993,0,0,0,0,0,1,0,0,0,0,1,0,0,0,0,1,0,0,0,0,0,0,0,0,0,0,0,0,0,0,0,0,0,0,0,0,1,0,0,0,0,0,0,0,0,0
9,131.352697390131,986.289407480589,0.806477800053059,0.263617466479221,24,12,51.2018311500272,-2.05396930646553,11,68.6588354883671,53.1548966992149,33.1875821907575,18.6359240345968,8.97915463000829,3298779.57797079,287.13389652828,-0.0015693901854167,4.20632339163531,1998,0,0,0,0,0,0,0,1,0,0,1,0,1,0,0,0,0,0,0,0,0,0,0,0,0,0,0,0,0,0,0,0,0,0,0,0,1,0,0,0,0,0,0,0,0,0
8,159.483152402596,451.757383066965,1.4428054984079,0.12730900950434,30,8,53.1618629186419,-1.58168928996894,1,76.4638188639955,17.732571608736,36.4426969104524,18.6466882493675,13.8181923726858,-95855.6402335326,274.18771965489,0.0023943342659365,5.47815948671489,1994,0,0,0,0,0,0,1,0,0,1,0,0,1,0,0,0,0,0,0,0,1,0,0,0,0,0,0,0,0,0,0,0,0,0,0,0,0,0,0,0,0,0,0,0,0,0
3,171.898562767008,570.035972942582,2.42073740983643,0.127687229162146,12,21,53.6710465440154,0.983538823156869,4,88.9619684476686,17.7419119464531,36.476460103922,18.6476320787798,39.1196185744082,2972768.66512567,277.597496043422,0.0031470303003083,5.14836536320618,1989,0,1,0,0,0,0,0,0,0,0,0,0,0,0,0,1,0,0,0,0,0,0,0,1,0,0,0,0,0,0,0,0,0,0,0,0,0,0,0,0,0,0,0,0,0,0
7,31.809311691632,151.931662937112,1.1415755247116,0.176102027187617,23,7,52.3005166130786,0.443058169728158,9,145.598535894166,17.9935095688245,39.5273377384534,18.6389875311062,16.9139835882775,255440.123702962,284.638860893813,-0.0017349182732946,3.31421117543824,1985,0,0,0,0,0,0,0,1,0,0,1,0,0,0,1,0,0,0,0,0,1,0,0,0,0,0,0,0,0,0,0,0,0,0,0,0,0,0,0,0,0,0,0,0,0,0
3,94.0133031102401,511.417846767525,1.13154653295483,0.244174537827784,20,14,52.7101383351738,-3.15224960523755,8,71.3738884965343,14.7121124066311,34.5564873757541,18.6476322399173,4.85401331417456,5467174.47769468,291.37725635506,0.0005959423062512,8.34088413794764,1989,0,1,0,0,0,0,0,0,0,0,1,0,0,0,0,1,0,0,0,0,0,0,0,0,0,0,0,0,0,0,0,0,0,0,0,0,0,1,0,0,0,0,0,0,0,0
6,-37.5618220464542,1778.47049363709,1.44171230500482,0.133118708986719,27,16,52.5711557787685,-2.0975537269227,3,76.3767741469647,17.7630443535158,36.4576656925983,18.6427275719149,13.8518898342869,-109790.96887048,283.499670401029,0.0013108883395904,14.7524797692247,1987,0,0,0,0,0,0,0,0,0,1,0,0,0,0,0,1,0,0,0,0,0,0,0,0,0,0,0,0,0,0,0,0,0,0,0,0,0,0,0,0,0,0,0,0,0,1
6,172.294602965549,582.653385914516,1.44097476979659,0.158929783561785,28,0,53.9995106701436,-2.02949173072617,6,76.3362260882948,38.022125208695,36.4779114481109,18.6303303339461,13.8098803900745,2337501.38133412,282.830431306592,0.0044913876171389,5.1202157516493,1999,0,0,0,0,0,0,0,1,0,0,0,0,0,0,0,0,0,0,0,0,0,0,0,0,0,0,0,0,0,1,0,0,0,0,0,0,0,0,0,0,0,0,0,0,0,0
6,44.5180930098115,927.539333617957,0.795313365166222,0.144486775514223,26,21,51.098055935626,-3.46331427826611,6,47.8915408123894,16.9445610266673,36.4730490202632,18.6326524678986,6.72952234831238,6747100.52858395,285.53725608258,0.0030140050404128,7.55309786680574,1991,0,0,0,0,0,0,1,0,0,0,0,0,1,0,0,0,0,0,0,0,0,0,0,1,0,0,0,0,0,0,0,0,0,0,0,0,0,0,0,0,0,0,0,0,0,0
9,-0.697089852648851,1292.70163042343,1.44212272714351,0.176115258046913,4,16,51.0201487104924,-2.05564929708137,9,76.3568640400815,17.742259255531,36.4674499244612,18.639542151125,13.7863072466685,5094994.15059511,288.243249634611,0.0003636710039649,4.73434361084176,1984,0,1,0,0,0,0,0,0,0,0,1,0,1,0,0,0,0,0,0,0,0,0,1,0,0,0,0,0,0,0,0,0,0,0,0,0,0,0,0,0,0,0,0,0,0,0
3,118.995758232225,1981.66513202674,1.44104440122474,0.136779770438075,2,14,51.9017850316922,-1.28773703518124,4,76.3333255752549,17.7686575548231,36.4746683984062,18.6419520666024,13.8193752584837,4163350.00799495,281.49028288308,0.0015934307382402,3.99753432906019,1988,0,0,0,1,0,0,0,0,0,0,1,0,1,0,0,0,0,0,0,0,0,1,0,0,0,0,0,0,0,0,0,0,0,0,0,0,0,0,0,0,0,0,0,0,0,0
7,-5.97608292564642,218.338494551543,1.45213901564447,0.238435604135659,9,4,51.6003926141015,-1.48623361885324,3,76.3299599829064,17.7527579709993,36.4658048420508,18.6408134788735,13.8086849053567,9.57760801779443,279.664221944108,2.22751302350372e-05,3.7618982981912,1983,0,0,1,0,0,0,0,0,1,0,0,0,1,0,0,0,0,0,0,0,0,0,0,1,0,0,0,0,0,0,0,0,0,0,0,0,0,0,0,0,0,0,0,0,0,0
6,16.3168146606578,71.3534884504329,1.70340927294934,0.100550529536319,21,3,52.4686496336231,-2.13325847117911,8,91.0317099160091,17.7399564184709,36.5289294326134,18.6385688673634,16.7047278665226,1699158.75748232,285.268158758221,1.76411184384927e-05,2.19881980603653,1996,0,1,0,0,0,0,0,0,0,0,1,0,0,0,0,1,0,0,0,0,0,0,0,0,0,0,0,0,0,0,0,0,0,0,0,1,0,0,0,0,0,0,0,0,0,0
