target,Anthoc,Brix,BunchN,GrapeW,NDVI06,NDVI08,pH,Polyph,Potass,SPAD06,SPAD08,SproutN,WoodW,Treatment_T1b,Treatment_T2a,Treatment_T2b,Treatment_T3a,Treatment_T3b,Treatment_T4a,Treatment_T4b,Treatment_T5a,Treatment_T5b,Treatment_T6a,Treatment_T6b,Treatment_T7a,Treatment_T7b,Treatment_T8a,Treatment_T8b
2,0.249424297869766,0.0806223842323027,-0.0497952968683084,-0.36499640340506,0.0009070992431295,-0.232188758216219,0.0225513144052913,0.107456230887178,0.211903111572838,-0.0426721893113801,-0.059493496913717,0.170877449157253,-0.329785505906603,0,0,0,0,0,0,0,0,0,0,0,0,0,0,1
2,0.363974999497218,-0.0382437970396727,-0.249150871380648,0.162103027151758,-0.0074239983381745,0.0188904790692535,-0.0182256856901071,0.171869486143917,-0.0366747398316457,-0.0706832502080933,0.0995155012183604,0.124701057940555,-0.0864989601088742,0,0,0,0,0,0,0,1,0,0,0,0,0,0,0
4,0.0717357065087838,-0.0129538971240082,0.0468325643964751,0.19176641919124,-0.177753358779472,-0.110927084368784,-0.0009207397031134,0.310163721125238,0.15499793103824,-0.0879222429443239,-0.126175176671407,-0.0234403705569748,0.0551530635446029,0,0,0,0,1,0,0,0,0,0,0,0,0,0,0
9,-0.132811163648805,0.0609599510493824,0.197028231259013,-0.488796379797013,-0.0872828740486364,-0.0666131978991848,-0.0563899204126343,0.1414517236131,-0.0495202210324366,0.0577434706928397,0.0781212834757183,0.0399689333602951,-0.349268123085089,0,0,0,0,0,1,0,0,0,0,0,0,0,0,0
4,-0.431441083078159,-0.145547157019669,-0.216817479382632,-0.017102610099138,-0.256994836335331,0.19892422448519,-0.0214287370996659,-0.437213192320702,0.0013331722975913,-0.0528032859947528,-0.0548990125955345,0.120393345279107,0.0706362898493573,0,0,0,0,0,0,0,0,1,0,0,0,0,0,0
8,0.492536088935252,-0.0527676996350772,0.17765262949552,-0.664755602304158,-0.233889681350075,-0.383976333540001,-0.0674085246522071,0.0868997087476597,-0.162276814854813,-0.185295102879135,-0.298252915187442,0.0532931819281334,-0.485624850666217,0,0,0,0,0,0,0,0,0,0,0,1,0,0,0
6,0.758997762365942,0.0580397354265047,-0.0495303705806379,-0.565156643854038,-0.0630653805643761,-0.0706897977591675,0.018340960315485,0.648971420746304,0.0224112389140183,-0.0653910431496024,-0.0444832750803675,-0.211560877622216,0.145303462110576,0,0,0,0,0,1,0,0,0,0,0,0,0,0,0
8,0.330709159837584,0.0222775523705662,-0.0174679962694543,-0.0632606896460956,-0.0915711018888832,0.110963872676702,-0.0284636860666554,0.420691888101482,-0.0650531335760411,-0.0816105277385585,-0.0601647836950712,0.0524233704915054,-0.174779543569305,0,0,0,0,0,0,0,0,0,0,0,0,0,0,1
5,-0.270091739211876,-0.138251477196564,0.0880006215075405,0.231060528664064,-0.111869596380083,0.0467406033038655,-0.0121681981634876,-0.073375087152504,0.0627004447350808,0.249045842883142,0.117969639193924,0.0714038668830624,0.58242772434924,0,0,0,0,0,0,1,0,0,0,0,0,0,0,0
4,0.107736543978162,0.0065038496590958,0.330372252195799,-0.036206260601588,-0.0550505763945897,0.0539984246335261,0.0132699998511407,0.0987350630454413,0.144341975088877,0.10380905222633,0.0721228711069138,0.115908788691412,-0.2387894501431,0,0,0,1,0,0,0,0,0,0,0,0,0,0,0
5,0.244563997355689,0.0798511031399611,0.0568602396044112,0.0495212405743902,-0.106355483715858,0.119592435597226,-0.047495866999347,0.174796764552147,-0.360850957405226,-0.0848238124163826,-0.117519730532376,-0.265283246034589,0.0172904311836829,0,0,0,0,0,0,0,0,0,0,0,0,1,0,0
5,0.298006077507746,0.110960808653207,-0.0889893747169695,-0.221108086693466,0.0446380292141788,-0.166810287569355,0.0266169805238878,0.224758316464192,-0.125263630540221,-0.0711825653491842,-0.120348712444352,-0.115191129715933,-0.195345374612758,0,0,0,0,0,0,1,0,0,0,0,0,0,0,0
6,0.547831064176681,-0.0052330562349916,-0.508620437322265,-0.575299387485568,-0.022779995529451,-0.066009465174719,-0.0060638877597717,0.273564021890433,0.123189799068858,0.0995173329169192,0.0388716966500804,-0.297604835579485,0.270137022389002,0,0,0,0,0,1,0,0,0,0,0,0,0,0,0
9,0.871112535241015,0.135357178944942,-0.376395287212305,-1.25180617895939,-0.179196059850219,-0.355797900125042,-0.0593487713698808,0.56802601799523,-0.0226356321854926,-0.373549284320616,-0.231254841649624,-0.355992340652556,-0.947612354268513,1,0,0,0,0,0,0,0,0,0,0,0,0,0,0
2,-0.192387205263686,0.0361750379700052,-0.135691553565167,-0.38387792530836,0.0841162536885843,0.120242218852467,0.0363916101861762,-0.272937410552838,0.101187330034396,-0.0341619391352631,-0.0288426277592989,0.296784590951304,0.205245765224248,0,0,0,0,0,0,0,0,0,0,0,0,0,0,1
9,0.137492578405571,-0.0923485861918215,0.113933439891649,-0.0367854955182677,-0.135302446373362,-0.268086866709863,-0.0308435214720201,0.0303357667065437,0.307670387391116,0.0560172934539354,-0.14511461681855,-0.0336955280102713,0.0228096169776459,0,0,0,0,0,1,0,0,0,0,0,0,0,0,0
0,-0.417739434289922,0.0450804710211012,0.0376302247525999,0.955431867655096,0.193333312599561,0.130789065595135,0.0873994604458769,-0.267606266370013,-0.0192487324524028,0.101472361835164,0.141794076479477,0.0170568049327667,0.750979380022879,1,0,0,0,0,0,0,0,0,0,0,0,0,0,0
0,-0.85891252210488,-0.068200197075575,-0.0170287222978116,1.46546768135725,0.275749020831985,0.235776148196744,0.1012644271951,-0.575317483930657,0.119625045201424,0.298608615117535,0.310453488736056,-0.0781536673682929,1.08453110984979,1,0,0,0,0,0,0,0,0,0,0,0,0,0,0
1,0.368299156504397,0.122835166568076,-0.174512342391489,-0.0737301460546759,0.0327052874149811,-0.112648704615888,0.078896363668937,0.312502982467112,0.092203380665434,0.0560651345687712,-0.0131345222851962,-0.24607633629847,0.191737590190135,0,0,0,0,1,0,0,0,0,0,0,0,0,0,0
3,-0.202290208746028,-0.0573132502108787,-0.287736288522713,-0.333293144466217,0.0930581310762095,0.0238128348583072,0.0102203703997996,-0.172320445444147,-0.0379386329278441,0.117061401093218,0.0383560064987264,0.196679407388948,0.005791701418004,0,0,0,0,0,0,0,0,0,0,1,0,0,0,0
1,0.244060482877861,-0.0210199724872769,-0.687032062815972,-0.058363663673615,0.0622606214198287,0.027973629163423,0.0608818512139982,0.0666369724338936,0.214550186749375,0.0964225415158225,0.182727587914692,-0.150446157631393,0.340987927515909,0,1,0,0,0,0,0,0,0,0,0,0,0,0,0
8,0.787087289329064,0.130011878302498,-0.237898905237736,-1.38339700225827,-0.328857371674004,-0.311257663721571,-0.0555446011898061,0.702065978898775,-0.245939024164225,-0.265158698484898,-0.286837640853646,-0.457067324848671,-1.09484189804736,0,0,0,1,0,0,0,0,0,0,0,0,0,0,0
9,0.504957918417572,0.0382214179046452,0.0301789135737092,-0.412495889620129,0.0877793008692732,0.0918354470771428,-0.0447855331048292,0.156480856899208,-0.177579042437696,0.129633430373819,0.122874802227568,0.188649471791955,0.184289345894637,0,0,0,0,0,0,1,0,0,0,0,0,0,0,0
9,0.0133104440651606,0.0363702422461002,-0.163654644613987,-0.321577134840483,0.0407733560311612,-0.183351518603677,-0.0647069166573399,0.0466564160668861,-0.116335191954077,-0.14003283294152,-0.178469564052843,-0.316222982947739,-0.541022552265623,0,0,0,0,1,0,0,0,0,0,0,0,0,0,0
0,-0.817957571339466,-0.106151299669059,1.02799246314999,1.81379226505379,0.198398447741729,0.298793835158239,0.0515371836897639,-0.3829679472678,-0.0172247205412376,0.0235089251819742,0.231689843846004,0.454368890824682,0.35602271694413,0,0,0,0,0,0,0,0,0,0,0,0,1,0,0
2,0.475832830049655,0.126169422724201,-0.330784328075621,-0.652853424767623,-0.159081405300071,-0.14445816982237,0.0091312976021853,0.207271140714973,-0.0687199986639887,0.0023501799573845,-0.129567064302077,-0.0271236244612955,-0.0301320529150073,0,0,0,0,0,0,1,0,0,0,0,0,0,0,0
8,0.0750403887392932,0.0783490533441403,-0.261282567453917,-0.925636438187656,0.0458244378855071,-0.233805050145573,-0.0055674704670462,-0.128655279512512,0.155327256229786,-0.195487222845955,-0.0898320510396303,-0.493145783892851,-0.928217592064836,0,0,0,1,0,0,0,0,0,0,0,0,0,0,0
1,-0.509850650712897,0.0209858523116579,0.238568493418702,1.26082438899931,0.0749717165017472,0.0851802863010203,0.0626954767573081,-0.357792528328501,-0.131828187067117,0.142334867282849,0.0807733846047021,0.323169140721643,0.0578820442924223,0,0,0,0,0,0,0,0,0,0,0,1,0,0,0
4,-0.824535371488881,0.0360726922427329,-0.243395944771852,-0.399204184687362,0.0443947861977625,0.0923440300385839,0.0472559651787547,-0.253656126529116,0.0585523749630418,0.0473121803002085,0.10067517553818,-0.0464548417662819,0.341958151539773,0,0,0,0,0,0,0,0,0,0,0,0,0,1,0
6,-0.236048069414895,0.0064004089863179,-0.0647297068022458,0.257987128218602,0.0620326904379235,0.0622931688332448,0.010375173748537,0.0039953132104207,-0.163741783523128,0.0686799781834084,0.0592768343833063,-0.156526642527701,0.573319661720244,0,0,1,0,0,0,0,0,0,0,0,0,0,0,0
7,-0.127933377551168,0.0218954370066728,-0.656586331862908,-0.866639846031645,0.0494952109818474,-0.0420175176542859,-0.0069285444560516,-0.220036238316298,0.31891165123173,-0.0268204589279896,-0.0604193823324944,-0.0801118500883518,-0.749001954553806,0,1,0,0,0,0,0,0,0,0,0,0,0,0,0
3,0.17389086491181,0.0802870887413633,0.166280639422969,0.327484394071468,-0.0434086552777928,-0.0315951559805832,0.0248480537332578,0.116403657463353,-0.142438342681182,-0.156496899963088,-0.10661119029981,-0.140467305933428,-0.175437933047243,0,0,0,0,0,0,1,0,0,0,0,0,0,0,0
4,-0.369939066521162,-0.147612646498874,0.145381592177462,0.480141968766852,0.152446416971956,0.170968435229194,-0.0557241606792919,-0.25097578603933,0.0535670410553831,-0.100526829437707,0.160580396290257,0.0178415866921485,0.386357848725612,0,0,0,0,0,0,0,1,0,0,0,0,0,0,0
8,-0.384622423210949,-0.0320197660276695,0.286190093053331,0.210175099184178,0.043460306002596,-0.108978124552772,-0.0370402614058811,-0.278458214277997,-0.15424496265251,-0.102027502575979,0.0530874314594784,-0.137292381702097,-0.223605653723292,0,0,0,0,1,0,0,0,0,0,0,0,0,0,0
8,-0.219260337984164,-0.0240669827017609,0.254133565810815,-0.0840428471918727,-0.167506035417896,-0.178845071092959,-0.0574148506641097,-0.115757162208897,-0.165498044774053,-0.0696643552445734,-0.104501194601019,-0.273324231548351,-0.567645278238677,0,0,0,0,1,0,0,0,0,0,0,0,0,0,0
8,-0.541156388364275,-0.167729128281466,0.0529605588291821,0.240698297184993,0.104750283094496,0.228311542422936,-0.0524324720785799,-0.406721016931392,-0.187190529445594,0.0996765650643296,0.0519812076930494,0.0139216187514339,0.193257879387786,0,0,0,0,0,1,0,0,0,0,0,0,0,0,0
4,-0.215264075926557,-0.0070592560308375,0.335461407443223,0.321840357142641,0.0157970787603616,0.129234847847449,-0.0154583452540701,-0.0773557135001771,0.18019497328794,0.0345908039426868,0.0297993340447404,0.140679363858278,0.0800842595532644,0,0,0,0,0,0,0,0,0,0,0,1,0,0,0
1,0.740429941887061,0.128939270607639,0.0289419883849893,-0.0562840164779008,0.141715536487596,0.105072603823551,0.0475358070598541,0.341608281317555,-0.0284219476326276,0.191595625048414,0.115507118763177,0.0339805486690916,0.127962257742818,0,0,1,0,0,0,0,0,0,0,0,0,0,0,0
8,0.269718338795808,0.133326673353808,0.117715938835,-0.458250267254622,0.0236254613401821,-0.172431378510637,0.0094172387900511,0.211121706356119,0.0199332909085575,-0.0361742611929883,-0.202474937916595,-0.0162892325745792,-0.347091449399959,1,0,0,0,0,0,0,0,0,0,0,0,0,0,0
4,-0.0229568113219678,0.0832359750044957,-0.430372808865266,-0.498002445738079,0.0603537548498627,0.0705165760383102,0.0256905483781896,-0.104287207937072,-0.16043462909038,0.0656261008730503,-0.162138024857809,0.0533921303155012,0.246806503751952,1,0,0,0,0,0,0,0,0,0,0,0,0,0,0
5,0.336606944070158,0.0285775482076075,-0.0994140677279803,0.103869439513892,0.0549042496125884,0.0737531635636063,-0.0048692727491279,0.162278455455568,0.313746894926009,0.025699417386523,0.0336144769588433,-0.315043674845361,0.0831836831171308,0,0,1,0,0,0,0,0,0,0,0,0,0,0,0
9,0.524136304193448,-0.0166207635751998,-0.483575652460531,-0.657087110061404,-0.0107602084296318,-0.228645897966403,-0.0710049971947207,0.0833340804485184,-0.098096015357537,-0.15294612494924,-0.247556297758838,-0.320002078064477,-1.05939650512296,0,1,0,0,0,0,0,0,0,0,0,0,0,0,0
6,0.232003739842722,-0.0092081449446853,-0.180558827472691,-0.336002328969957,0.0402911379674918,0.0137203685897469,-0.0138683706561019,0.208311823786476,0.267116941123092,0.0267780570719228,0.153073344645015,0.0284543293660176,-0.236031343693663,0,0,0,0,0,0,0,0,0,0,0,0,0,0,0
7,-0.293934211895611,0.0677980684489855,-0.348938291385164,-0.391206388308499,0.199904806497001,0.0032862241217595,0.0287721834663441,-0.258701553446064,0.0016481764683547,0.0489631285410732,0.151089215985953,0.257784029818129,0.265061666602587,0,0,0,0,0,0,0,0,0,0,1,0,0,0,0
4,-0.652433317691761,-0.0259729217917485,0.0810442802733555,0.730719673373595,0.0826968390179468,-0.0376582194231807,0.0050883006919178,-0.545191201466817,-0.0297862920051655,-0.0517715084247262,0.0790651678006729,0.0984525518224332,0.487885978564697,0,0,0,0,0,0,0,0,0,0,0,0,1,0,0
2,-0.420223894314147,0.0636780706032847,0.309232579488633,0.393582859823541,0.0532856148589047,-0.24745500491265,0.0254714445138015,-0.435915354955842,-0.090107261235825,0.0348193683675836,-0.0478388547479571,0.090072354191537,-0.556814690651374,0,0,0,0,0,0,0,0,0,0,1,0,0,0,0
3,0.0078942564382516,0.111074500711137,0.0543841333818507,0.0696264941731365,-0.0580098444496542,-0.111551379582642,0.0345362102549851,0.22709136588143,-0.0417829191155279,-0.04130358439338,-0.0738667508461189,0.166888645924978,-0.0886852487096404,0,0,0,0,0,0,0,0,0,0,0,0,0,0,1
4,-0.0967552917412878,-0.0193716571563836,-0.0416638117977363,0.470097391134546,0.0865472304364891,0.225702414171482,-0.0241769660880334,-0.213440543002685,0.0208790611832554,0.170459479075334,0.161199712037485,0.0237048533432599,0.361352214764324,0,0,0,0,1,0,0,0,0,0,0,0,0,0,0
2,-0.133683029631752,0.0233048235267578,-0.127200702603299,-0.121528276049929,-0.0090102999802381,0.368561161489233,0.0417709906245307,0.188972566846706,0.156197683007875,0.0365956057896636,0.111090810517003,0.165803924965633,0.347242922853723,0,0,0,0,0,0,0,0,0,0,0,0,0,1,0
5,-0.482177495886988,-0.0660198516133227,0.373068956397498,1.01573019723138,0.203160737369036,0.0942795728471079,0.0390905435516352,-0.210422995507063,0.0345331720249064,0.175510400114657,0.0845241248157852,0.372645187943339,0.765523355270793,0,0,0,0,0,0,0,0,0,0,1,0,0,0,0
4,-0.525343979755476,-0.0496633030623509,0.808179883822851,1.43465673997379,0.230336591735754,0.0757956802599285,-0.0130274559597492,-0.335439617468911,-0.106412663826837,0.131681313112397,0.211265245108833,0.570074935399913,0.649536146810183,0,0,0,0,0,0,0,0,0,0,0,0,1,0,0
0,-0.23914866998257,0.0395377903702248,-0.325236679922327,0.318102016343742,0.170585743614348,-0.0311356636802199,0.0662606829091808,-0.158576251418224,0.0437824057830985,0.048199095868518,-0.0615931893213547,0.209566457648452,-0.0085130770576033,0,0,0,0,0,0,0,0,0,0,0,0,0,1,0
4,0.0704600305313712,-0.0409162068933828,-0.33904636795181,-0.993297326681057,-0.136082644600617,0.0811612510780316,-0.0025337407424509,-0.0895609372002763,-0.017293868920232,-0.0507261862715054,-0.120806480913806,-0.0536155811162461,-0.395355177203021,0,0,0,0,0,0,0,0,0,0,1,0,0,0,0
1,-0.243969387036446,-0.136542963918403,0.27506708465618,0.0487379141588402,0.0667939612711569,-0.0048075849204522,-0.0088453420711054,-0.307181524651771,-0.128393331354404,0.0563015619007641,0.148369874994053,-0.117134919829845,-0.167914936431422,0,0,0,1,0,0,0,0,0,0,0,0,0,0,0
2,-0.231311395577139,0.0884534635754388,-0.922126779238459,-0.235333283636008,0.281603262747532,0.237195495985532,0.0665931861794566,-0.0485264332880429,0.139423806367886,0.139844349098305,0.255290274300067,-0.0375306342603854,0.419786988739477,0,0,0,0,0,0,0,0,0,0,0,0,0,0,1
2,0.239065029898704,0.110286641971884,0.245543281134125,0.0236872818764418,-0.0564893372350088,-0.277526941189508,0.0045295506622827,-0.0170985943383549,-0.0517566531862514,0.0590085734332928,-0.129547067703438,-0.071064366603915,-0.386425619929887,0,0,0,0,0,0,0,0,0,0,0,0,1,0,0
0,0.0312798767173022,0.0622770494029093,-0.253814280457633,0.440981124839008,0.0839299894119532,-0.063785841822847,0.12217774993193,-0.111472933111977,0.294870030058122,0.234924090731431,0.106036511415248,0.0820396686485225,-0.0733889970739939,1,0,0,0,0,0,0,0,0,0,0,0,0,0,0
8,0.117098367192184,0.0506930827715717,0.834918052447439,0.743742425546077,0.0521421473946647,-0.108939271905657,-0.0288132858600082,0.270488446750241,0.116183311680626,0.144591801546234,0.0418879681002927,0.303880638065844,0.297295933137508,0,0,0,0,0,0,0,0,0,0,0,1,0,0,0
1,-0.529978007820348,-0.0271614813731208,-0.0324090767306873,0.375001499698071,0.0342697113132016,-0.10422787508889,0.0451593285436844,-0.422340088960787,-0.151516648395744,0.142197189858922,0.0002105828319458,0.0277758867060008,0.312950628858236,1,0,0,0,0,0,0,0,0,0,0,0,0,0,0
6,0.397155317204905,-0.0661284502805973,0.0256466014527585,0.0877924754178505,-0.0613540387242415,0.0961199518908007,-0.031567581226008,0.331245296749773,-0.157373659859789,-0.138770745899909,-0.117378847640924,-0.326679009603156,-0.584443704141018,0,0,0,0,0,1,0,0,0,0,0,0,0,0,0
4,0.547547866016512,-0.046104047068462,-0.138735185146084,-0.521751490552792,0.110874898604039,0.118912349322061,-0.002983889921748,0.426490127008721,0.183825672453319,0.0211889869632163,-0.0882217547175822,-0.141116646129358,-0.406981685644654,0,1,0,0,0,0,0,0,0,0,0,0,0,0,0
2,0.327664131068685,-0.0009562384241799,0.220975353329109,0.100005892783146,0.0681164000563405,-0.118874461435871,-0.0097277905811584,-0.0595094995186008,-0.041357770985826,-0.0693702165521123,-0.0798379150668099,0.177297504032479,-0.466924194452445,0,0,0,0,0,0,0,0,0,0,0,1,0,0,0
0,-0.733952690187436,-0.0386571077279462,-0.63479523769849,0.143226072983656,0.128989038225415,0.143245837674097,0.102047448047172,-0.148286684166991,0.256046858443741,0.362844948762163,0.377917779242408,0.184533906922272,1.1192202341462,0,0,0,0,0,1,0,0,0,0,0,0,0,0,0
7,0.647717499513842,0.0293851926420017,-0.0199564172517042,-0.372608225046786,-0.030991766433023,-0.201378673504819,-0.031791655385095,0.300352283141392,-0.0380005047404739,-0.0825674217946956,-0.023157343315222,0.0730967253778777,0.187084126153139,0,0,0,0,0,0,0,0,0,0,0,1,0,0,0
0,0.309873432220499,0.11124606838832,0.575559435585195,0.484277667294937,0.0821270620993749,0.0003691262965295,0.0325620096953017,0.35123503826889,-0.197994756135057,-0.0467919932646244,-0.0718052401485433,-0.367751435861094,-0.321703739349027,0,0,1,0,0,0,0,0,0,0,0,0,0,0,0
2,-0.329815664254457,0.0732347576052081,0.744362176847892,0.954656188472846,-0.0581350684489115,0.0380271607521449,0.0381354513828371,-0.162509265244478,0.108072215883658,0.1195528219679,0.0260009379718859,0.4022349915492,0.723443466711792,0,0,0,0,0,0,0,0,0,0,0,0,1,0,0
6,0.124103848071869,-0.0637024719649977,0.0212956129912059,0.744666470994027,0.0549188746306815,0.100826283398913,-0.0090509551059222,0.162495352175472,0.0857845209715316,0.0517177415186221,0.16571131448864,-0.0608251231112268,0.439518257618155,0,1,0,0,0,0,0,0,0,0,0,0,0,0,0
1,-0.0070733336305233,0.0492021145205196,-0.0460744578539295,-0.904176281741218,0.0665731822147528,-0.0470577122894869,0.0627541160825239,-0.15610782921982,0.11343502408085,-0.050032302431898,-0.0947364642456855,0.0237328397406537,-0.120988745492766,0,0,0,0,0,1,0,0,0,0,0,0,0,0,0
0,-0.104794372776091,-0.0549715448465421,-0.625902153293828,-0.310971915933809,0.0952534463637772,0.0219408038185061,0.0358527060511355,0.0816685170704832,0.0355208952536502,-0.0008170331445962,-0.0538796308740981,0.105129453195046,0.0235663608583968,0,0,0,0,0,0,0,0,0,0,1,0,0,0,0
9,-0.254149126057414,-0.055279453106997,0.197275857963224,0.55571892254659,0.0082597782471447,-0.0144481105302654,-0.0365117427957615,-0.0658456572757375,-0.0403468264236619,-0.0891672126347778,-0.0982757935195663,-0.195590959078293,-0.0571103129523207,0,0,0,0,0,0,0,0,0,1,0,0,0,0,0
2,-0.168400014338152,0.0866033617266829,-0.255512077706138,-0.408825104934837,-0.183964846841936,-0.0239807956135267,-0.0096335580730958,-0.0614229536014778,-0.22009900176329,-0.120859460599905,-0.216759547742198,-0.0950088588820414,-0.61358674602238,0,0,0,0,0,0,0,0,0,0,0,0,0,0,1
0,-0.675054305325612,-0.068364171728671,-0.136219933062669,0.777407193948895,0.0026472633188958,0.189228353364546,0.055995205194297,-0.359190670561575,0.228361726026127,-0.0031035445645045,-0.0176510739575428,0.1658371563595,0.169582821092647,0,0,0,0,0,0,0,0,0,1,0,0,0,0,0
2,-0.0077737564266083,0.0275880953074075,0.223331787072714,0.336581000068007,-0.0126226934166662,-0.0365949408752022,0.0240352102209247,-0.115055529188132,0.121628584905456,-0.0349492038964164,0.058841826864016,0.0003874716478263,0.0070031292886906,0,0,0,1,0,0,0,0,0,0,0,0,0,0,0
4,-0.0827491083004572,-0.221299907723879,-0.002767627606747,0.586157858322483,0.119328484715678,0.109346530185823,-0.0879913792199446,-0.236415011273255,-0.139632685835209,-0.161166502376193,0.0212559520954319,-0.0442603122952441,-0.0297293393078108,0,0,0,0,0,0,0,1,0,0,0,0,0,0,0
1,0.232173033837534,-0.0852628744430857,-0.0907201896012811,0.331037279521678,0.0081775547786461,0.166138405371247,0.0437267907362317,0.175813815488936,0.152352434308937,0.207357077820896,0.239214360320616,0.320787640094969,0.717932907370069,0,0,0,0,0,0,0,1,0,0,0,0,0,0,0
3,0.0451021543765609,-0.0214740258702232,0.34326195593329,0.0380393769423612,0.0815458422228088,0.104050820013447,0.025407169916122,-0.409993421877639,0.256308694042448,0.0302308252044045,-0.0818297604561355,0.100255605712475,-0.046901309945614,0,0,0,0,1,0,0,0,0,0,0,0,0,0,0
7,-0.80762496767518,-0.161885406730003,0.241313460547878,0.775532313714932,-0.0657587839800436,0.129349053667696,0.0005892654583003,-0.399912971853797,-0.270312177892823,0.0760703216523585,0.0691052644293815,-0.130314559718078,0.371399682091658,0,0,0,0,0,0,0,0,0,0,0,0,0,0,0
5,0.224424661887262,-0.0599522761498593,-0.305807390668428,-0.0248656777492191,0.0001407161444017,0.0623732571350935,0.014286378420108,0.330496292444098,-0.0998739872340458,0.0672487437418321,0.110072716321161,0.117020548992339,0.32492329903183,0,0,0,0,0,0,0,0,0,0,1,0,0,0,0
4,-0.372629650394595,-0.0875933619054089,-0.494214426042542,-0.137369645727903,0.168451308424031,0.0129442978267263,0.0013503915282716,-0.273309287095469,-0.135057390329815,-0.0598892037890782,-0.0405207796121337,-0.154258237718834,-0.0080064900489228,0,0,0,0,0,0,0,0,0,1,0,0,0,0,0
9,0.467723331564279,0.0816475595663577,-0.154770821072153,-1.48196394167484,-0.135869154953396,-0.233955265439078,-0.0557553100552362,0.238203842438778,0.1492104668085,-0.224418357190824,-0.315560363449914,-0.0635821045948303,-1.15222106245892,0,0,0,0,0,0,0,0,1,0,0,0,0,0,0
1,-0.854541969548053,-0.0421799339587659,-0.611089559724039,0.689724403719026,-0.018972394723637,0.176860735627133,0.0267544476709863,-0.619934601756595,-0.0075574102077225,0.0575692157164778,0.0307164671954541,-0.0718103470688905,0.447237829315442,0,1,0,0,0,0,0,0,0,0,0,0,0,0,0
8,-0.279387038210053,-0.0810101319871458,0.470535188164804,1.06996683034925,0.0165731736612079,-0.0375663322667626,-0.0460994963534722,-0.343404258109655,0.155707043834066,-0.0140647268330243,-0.0184072523860752,0.22194502866979,0.0150234648920476,0,0,0,0,0,0,0,1,0,0,0,0,0,0,0
7,0.0237418063840579,-0.0166169124034914,0.404621928200487,-0.274440820197374,-0.156585966254732,-0.063909830514056,-0.0195869629398514,0.326390267843733,-0.0094868005836179,-0.0357793833890709,-0.0597884619058836,0.0432892224955783,-0.143637229908961,0,0,0,0,0,0,0,0,0,0,0,0,1,0,0
3,-0.350064894065355,0.002354320848531,-0.392058689371269,-0.432456018933163,-0.0924573076904941,-0.131327149682025,-0.0104258679633092,-0.230518349671792,-0.195133182354939,-0.100865495268087,-0.233003811791129,0.0260611068302981,-0.582469596902241,0,0,0,0,0,1,0,0,0,0,0,0,0,0,0
7,0.66556369116352,0.0531220081639534,-0.605214675338163,-0.515662763060815,-0.127744136355592,-0.174532098551343,-0.0658844871705074,0.464440912745115,0.0520787330481343,-0.0086182986934228,-0.0333145525238163,-0.127642994702843,-0.111001838426894,0,0,0,0,0,0,1,0,0,0,0,0,0,0,0
0,-0.456787970699988,0.0656485407496302,0.268633150132553,0.642227978837037,0.0143762635160466,0.0437521392420254,0.0879021051283523,-0.356999976619177,-0.0622454705272051,0.366687486386749,0.0658360568344229,0.235824640472153,0.784160577231696,0,0,0,0,0,0,1,0,0,0,0,0,0,0,0
6,-0.413640829619943,0.008046470146081,0.194703795671235,-0.130845896642427,-0.050010529114218,-0.16993551465887,-0.0067652679307832,-0.0575360877264622,0.224165990698257,0.0615719037658107,-0.112772752678944,0.251153619752385,-0.119262438819974,0,0,0,0,0,0,0,0,0,0,0,0,0,1,0
7,-0.136064440193278,0.0331246337616666,0.600669875508802,0.614816521199221,0.0716062087444391,0.0502422009138731,-0.0106755151914648,-0.124456738337959,-0.0386093584879506,0.0213311247438002,0.0583108485823943,-0.359457166135157,0.479435304660411,1,0,0,0,0,0,0,0,0,0,0,0,0,0,0
4,-0.0072861923922802,-0.0721938390125868,-0.329158552729963,-0.0902279871390838,0.0270629201492411,-0.113085560675712,0.0025760289363976,0.0165146714551431,-0.0802612811344688,-0.0117975883227256,-0.127696897609148,-0.288920349009857,-0.0894220831966975,1,0,0,0,0,0,0,0,0,0,0,0,0,0,0
5,-0.262686354080618,0.0117199507662907,0.410839277687895,0.463753561085333,-0.0739875251943935,0.037535322632908,-0.0100912238603031,0.0874996895831548,-0.117969462139502,-0.0569954263251141,0.0262057450568628,-0.107745019712507,0.0163821342576757,1,0,0,0,0,0,0,0,0,0,0,0,0,0,0
7,0.0814938016101986,-0.0843629738621974,-0.811647189146491,-0.516478337978394,-0.0621934681089185,0.112167873389726,-0.0006325147852294,-0.100334061377166,0.346026563771991,-0.0105766290329928,-0.010826061443846,-0.319595002455331,-0.521490730667059,0,0,0,0,0,1,0,0,0,0,0,0,0,0,0
1,-0.190874785962675,0.0631932895639053,0.194916108540907,-0.0244402367972413,-0.0684064446791276,-0.121141966376881,0.0256286709134617,-0.269394223716858,-0.0379310138121102,-0.0376465224093374,-0.116192210718843,0.125368066607699,-0.0173129582067321,0,0,0,0,0,0,0,0,0,1,0,0,0,0,0
1,0.352906895335334,0.0076475925864138,-0.527537461605897,-0.356178902632411,0.0882099975923588,0.258789935187566,0.0313596686874273,0.295072133600557,0.183709496276227,0.0066893819178313,0.184640275940198,-0.0714782654365146,0.100794120209809,0,0,0,0,0,1,0,0,0,0,0,0,0,0,0
2,-0.389266621067609,0.0278651089969315,0.291878297441253,0.597752775435256,0.0201709426866887,0.092159193466018,0.046388355031659,0.0288747016242759,0.0946652692530872,0.062815537567567,0.0293707494052083,-0.0398286833068393,0.0492375954339624,0,0,0,0,0,0,0,0,0,0,0,0,1,0,0
6,-0.314128217368437,0.0438990400586978,0.800266743877038,0.879810920055484,-0.0579432736393481,-0.0201536014839656,0.0054657757749876,0.0277616803759281,0.0982259400567277,0.0800736715463884,0.0136389939833534,0.0416386152020287,0.434683521532482,0,0,1,0,0,0,0,0,0,0,0,0,0,0,0
0,-0.228509037474574,0.03957892844315,0.244361895268973,0.281096284013322,0.0474524310545138,0.179395507327571,0.084668758453538,-0.169795560664975,0.016480871115986,0.180520228148533,0.163602873474212,-0.150940298250576,-0.0822938779074294,0,0,0,0,1,0,0,0,0,0,0,0,0,0,0
7,-0.345418416762962,-0.0057257942760275,0.7205544725,0.268609867008845,-0.182205016574206,-0.114389710764894,-0.0450859565948275,-0.305049684255104,-0.199526827431211,-0.126351609774247,-0.182041329546329,-0.172935387999158,-0.0261696797021636,0,0,0,0,0,0,0,0,1,0,0,0,0,0,0
4,-0.279092734319417,0.0376457442367263,0.543611346446135,0.914146487438904,0.116206847291535,0.022806304148288,0.0065025433005729,-0.0256917335505897,-0.130437756538738,0.002723681246017,0.101737615412395,0.0565387638412858,0.186325283042257,0,0,0,0,0,0,0,0,0,0,1,0,0,0,0
0,-0.543083734598613,0.0285556051406738,0.380068011423909,0.98471358631703,0.0953393659440178,0.25353107582692,0.0565512168191578,-0.231267408138004,-0.11937984499931,0.148704918801902,0.208114955909472,0.205812121049782,0.98249507762659,0,0,0,0,0,0,0,0,0,0,0,0,0,0,1
3,-0.526568598684428,0.0489116000884115,0.0769075973071588,0.282840947348484,0.121598581781959,0.0873572757738062,0.0577805334422217,-0.160633288837482,0.153552779567576,0.299196997844765,0.145247562852791,0.0884564853578737,0.568114361179275,0,0,0,0,0,0,1,0,0,0,0,0,0,0,0
2,-0.492575912747463,-0.0653335950509626,0.0321710973573316,0.112537181277294,0.0887867821222963,0.0049556510566259,0.0324994279609395,-0.47924552404007,0.270668277287717,0.104905886609713,0.055885444992064,0.0426441361914997,0.110063044915621,0,0,0,0,0,0,0,0,0,1,0,0,0,0,0
1,0.148220160073646,-0.0219125176489708,-0.373968955657855,-0.0202740010300631,-0.0290184117936398,0.161776741846832,0.0614798507956564,-0.0408447252307219,0.238418787751459,0.120585722414587,0.229823333966275,0.21191803361614,0.0645182532359271,0,0,0,0,0,0,0,0,0,1,0,0,0,0,0
5,0.474371281566961,0.0436406435460985,-0.484251292075907,-0.490785408137811,-0.131369915105953,-0.194099610628624,-0.0265802013161256,0.221225833490952,0.0123787392984765,0.0058995966552878,-0.0071357559538144,-0.187762551065908,-0.537559994105371,0,0,0,0,0,1,0,0,0,0,0,0,0,0,0
2,-0.0806330986919007,0.0246351955832881,-0.0704220838460067,-0.343244016173867,-0.0246954668901277,0.0698042639889878,-0.0154123700568481,-0.249931212845103,-0.0170665081313721,-0.0103963523944337,0.0020575158926193,0.0688875333504318,-0.659951111388308,0,0,0,0,0,0,0,0,0,0,0,1,0,0,0
7,-0.244728311112488,0.0252917827062075,-0.123509084322886,-0.0547612704536065,0.0549745017461608,0.064269186819143,-0.0259990066828022,-0.0497057361973,0.0247890836545917,-0.0506458988493992,0.106105356952193,-0.147417360831382,0.336009622394793,0,0,1,0,0,0,0,0,0,0,0,0,0,0,0
5,-0.314408260409131,-0.0950169653091434,-0.51528029425728,-0.172120152710367,0.0461136210133556,0.109637189003899,-0.0176639065957606,-0.346346585492917,-0.174159033073838,0.0236874133669223,0.119569359032899,-0.0202085900755327,0.933165962054572,0,0,0,0,0,0,1,0,0,0,0,0,0,0,0
2,0.763673792993797,0.0519286837749157,-0.627146565982358,-1.64071636526031,-0.205388477254042,-0.108327161579991,0.0349259977499597,0.548873414559549,-0.0383975444386156,-0.116212510302805,-0.177876750203055,-0.146368603126117,-0.801850029282953,0,0,0,0,0,0,0,0,0,1,0,0,0,0,0
6,-0.258143508687573,-0.0631555095509074,0.194842851807979,0.245492885119851,0.0851029046393884,0.075109919944181,0.0125786964958737,-0.15616381669609,0.234576086999964,0.0347710805763252,0.183005220350448,0.124692775835467,0.392576577911237,0,0,0,0,0,0,0,1,0,0,0,0,0,0,0
0,0.0861588637422174,-0.0587397636582163,-0.316638543285074,0.0829149100755644,0.0239090005320084,0.0800136325789562,0.0695094558287852,0.0412356671478201,0.210674836944861,0.190194095565412,0.109577949624005,0.288863150021378,0.609458791215362,0,0,0,0,0,0,0,0,0,0,1,0,0,0,0
2,-0.148418509547962,0.10944224484946,-0.73850448569878,-0.757178396443617,-0.191586365932224,-0.0989323109757222,-0.0193721883747479,0.164436415679112,0.0325750696456849,-0.239669655345856,-0.220062196815698,-0.0247416774029028,-0.678515346931363,0,0,0,0,0,0,0,0,0,0,0,0,0,0,1
6,0.100409082019936,0.0927750310186036,-0.368034383391589,-0.443750516788787,-0.0694316041945803,-0.0842222957842646,0.0112200026254429,0.237447697598395,0.189478648545868,-0.0488298621816081,-0.123909268069797,-0.131947524704461,-0.705233233071078,0,0,0,0,1,0,0,0,0,0,0,0,0,0,0
1,0.868316516159333,0.226212726975378,-0.0997008997265499,-1.36942328664848,-0.144283601482613,-0.0255799764141255,0.0564090454268266,0.398828926517556,-0.0064542461141261,-0.13761149498064,-0.119413869391299,0.0708282926328502,-0.241798885029877,0,0,0,0,0,0,0,0,0,0,0,0,0,0,1
2,-0.411683926427347,-0.0073412881964788,0.411522179265498,0.574911720373493,0.051125471626715,0.0083592575904663,0.0319256411223605,-0.119962135598624,-0.191144546869675,-0.0408619797565928,-0.180092480104323,0.108601510207485,0.0382720866083046,0,0,0,0,0,0,0,0,1,0,0,0,0,0,0
3,-0.291225267991525,-0.0177147482256321,0.0768404571333119,-0.274431175567394,0.0421662639500074,0.0368477943396379,-0.0050808827673296,0.034046371951939,0.0724605155518698,0.130415964017173,0.0241646956960376,0.130810176096731,0.404200834826856,0,0,1,0,0,0,0,0,0,0,0,0,0,0,0
7,0.2925319705004,0.013829700248515,-0.331541598289925,-0.896680721295465,-0.192311935508689,0.105096986822876,-0.0034840817557349,0.189018874532995,-0.0140504811964776,-0.12788425537332,0.0464737434654463,0.400447543481555,0.304296720770865,0,0,0,0,0,0,0,0,0,0,0,0,0,0,1
3,-0.127550835043002,-0.121250622799065,-0.411718400188072,-0.318604703262508,0.188567936407506,-0.0091019664414698,0.0187968101355796,-0.191955115565702,-0.0658646567000767,0.21749873863985,0.065787244026402,0.0084064632252966,-0.0017231332336811,0,1,0,0,0,0,0,0,0,0,0,0,0,0,0
1,-0.250292035312608,0.153938540309471,0.0764322099501383,-0.649622820717848,-0.0479287063521899,-0.176194771051467,0.0734037590719225,-0.154802856286706,0.0238370058735567,0.0058544405862154,-0.112575281270177,-0.015923997575004,-0.13229472610988,0,0,0,0,0,0,1,0,0,0,0,0,0,0,0
9,0.0859748549548246,-0.0972473106937624,0.11891563842482,-0.392619998529338,-0.0187459309187729,-0.298220842342503,-0.0638648811968977,-0.229599760482144,-0.274420341159564,-0.163072186796931,-0.139353339346556,-0.313007377923605,-0.833135029230156,0,0,0,0,0,0,0,0,0,1,0,0,0,0,0
8,-0.53269973772964,-0.115457002947212,0.287598926426371,1.08667849000557,-0.032701745497496,0.057219341048692,-0.0186480450748893,-0.173822240598668,-0.0062178818128234,0.0820784885623229,0.0649531841111132,-0.106046295594416,0.108830860289807,0,0,0,1,0,0,0,0,0,0,0,0,0,0,0
6,-0.188069523941823,-0.0185969995956847,0.745573438685822,0.559703143643963,-0.0416273913212543,-0.026237740986774,-0.039672461047662,-0.0210750457727423,-0.0643773725302095,-0.021676128960108,0.0249789009969413,0.365269058221212,-0.0063484613625633,0,0,0,0,0,0,0,0,0,0,0,0,1,0,0
1,-0.782070910661221,-0.0139396145084998,0.282697645112567,1.13733560394157,0.13600540274362,0.141942555111605,0.0430984757943382,-0.219971764691241,-0.0782240464570462,0.119812905931422,0.15668942444109,0.115081764208325,0.683801164728959,0,0,1,0,0,0,0,0,0,0,0,0,0,0,0
2,-0.0296264280306919,0.0413678526319545,0.163104013913638,0.058211105261867,0.0130959381534874,-0.0831903885447392,0.008951253652392,-0.199183661546958,-0.192990004221941,-0.0937942306417344,-0.004121581693087,-0.0078276047390093,-0.23603501053791,0,0,0,0,0,0,0,0,0,0,1,0,0,0,0
3,0.67017743340357,0.167237904120313,-0.160516436044516,-0.366224835763049,-0.0417535886903023,0.0959408215514656,0.0111178331888565,0.423676732661585,0.165809576767755,0.0458834985735442,0.0230188467299721,0.195638643738186,0.158688669789194,0,0,0,0,0,0,0,0,0,0,0,0,0,0,1
2,0.258181650626166,-0.0040977170113792,-0.202437074643253,0.152019240526952,-0.0437576469870869,-0.168099763202177,0.006687207717531,0.489892357751402,-0.0893698741347666,-0.0684285060964823,-0.0729751490320929,0.143660182580242,0.344093075569158,0,0,0,0,0,0,0,0,0,0,1,0,0,0,0
4,0.368612600702224,0.116937495345903,-0.0660468639581879,-0.474242048883219,-0.0037292927598452,-0.131280900198176,0.0360299339525526,0.319433880970062,0.162701498294639,-0.0748481844417713,-0.0264210170040154,0.274072724191336,-0.0454776880482817,0,0,0,0,0,0,0,0,0,0,0,0,0,0,1
9,0.518960384360393,0.01407285333885,-0.242416532794137,-0.808332837750816,-0.0315998133189602,-0.0800756904623467,-0.0557676205871406,0.544925126814167,-0.112913127031899,-0.0553270753047474,-0.142119437429145,-0.293202682713428,-0.96440669025195,0,1,0,0,0,0,0,0,0,0,0,0,0,0,0
6,0.499769230447179,0.0007972910189707,0.042369458417983,0.0435325402818305,0.0322785073272733,0.187919807063186,0.002670199336604,0.554045057208132,-0.0448865279118521,0.114945239688661,0.12584430026308,0.129845101819779,0.586350045092775,0,0,0,0,0,0,0,0,0,0,0,0,0,1,0
7,0.0140262482415856,0.0004092067412191,0.693956418479815,0.350968357720098,0.0088155567879888,-0.15639395990512,-0.0625167278859148,-0.0169838027036229,-0.30873610057488,-0.0724059562773152,-0.0251961389709665,-0.155955341510541,-0.286898134348113,0,0,0,0,0,0,0,0,0,0,0,0,1,0,0
5,-0.0287842749214245,-0.0707010964356377,-0.0891435280287397,-0.233267108448091,-0.118088947409084,-0.0417549371675928,-0.0080198928102827,-0.0584329987042072,-0.190212045806313,-0.0777652163966131,-0.0303846054452983,-0.374097937626302,-0.17181553478849,0,0,0,0,0,0,0,0,0,0,0,0,0,0,0
4,0.333643561252025,0.034441595890088,-0.327927535321057,-0.442806141124237,0.0649664622852061,0.0382393826050266,0.0044297807857033,0.0078758587995018,0.010956639038663,0.0144854465473428,0.0227074789712083,-0.217110655925885,-0.142120856353691,0,0,0,0,1,0,0,0,0,0,0,0,0,0,0
8,0.146718323629417,-0.0336681521089733,0.421248475868369,0.227055473755153,0.0404571694148132,-0.0742862467240273,-0.0626111176999333,-0.172468175900556,-0.25906800536286,-0.0687604813325508,0.082316110799684,0.183864799203542,0.161878523584204,0,0,0,0,0,0,0,0,0,0,1,0,0,0,0
9,0.735583420060946,0.0966373426785085,0.545594050580619,0.19653360578359,-0.0726615680771362,-0.325250570727988,-0.0627267309632769,0.39202188283078,-0.0849016610618228,-0.0257503423654835,-0.138874146893049,-0.336825334362795,-0.352883346759758,1,0,0,0,0,0,0,0,0,0,0,0,0,0,0
3,0.686809236369371,-0.0142232145622612,-0.357514292861906,-0.299237795839091,-0.0140847901703798,-0.160429992584854,-0.016800108354652,0.0864508464310447,-0.0417668657156465,-0.0193898187706045,-0.0347688324104238,0.079520016635978,0.116334991098702,0,0,0,0,0,0,0,0,0,0,1,0,0,0,0
4,-0.0112618641195069,-0.0467179324705422,-0.125453964500847,-0.0323290276097806,0.0276552808154401,0.168347746156764,-0.0001291439184627,0.25762590543567,-0.23907403143643,0.0946159222536801,0.0102727217981254,0.0458873369963341,-0.0428113819367508,0,0,0,0,0,0,0,0,1,0,0,0,0,0,0
6,-0.673413522606159,-0.0978400404742074,0.372762416687872,0.576309637888526,0.107944234570105,-0.166315698739695,-0.0250868178740335,-0.504997970174134,-0.0926993985743109,0.0052454582931468,0.0626778395158877,0.121335764501936,0.305016752182309,0,0,0,0,0,0,0,0,0,0,0,1,0,0,0
7,-0.0509736374565512,-0.0189035477678903,0.345388620822204,0.195969338673158,-0.121160380002949,0.0654337257015809,-0.0066060632191498,-0.149342802685745,0.0397283665307538,0.051897485305989,-0.0547833115635231,0.187041426193244,0.0625268657454511,0,0,0,0,0,0,0,0,0,0,0,0,1,0,0
1,0.305736806120494,0.12996036308431,-0.253215904490871,-0.674176340693896,-0.115157035179092,0.0398237790552453,0.0583003049973093,-0.0082558268914072,0.205575308335614,-0.0393720704199283,0.0225886103152582,-0.0433890872709399,-0.239005660787857,0,0,0,0,0,0,1,0,0,0,0,0,0,0,0
3,0.228595932359635,0.117822619595037,-0.306300004803763,-1.06439957020855,-0.0065966390202489,-0.2266011965365,0.0206437061746311,0.236831835958718,0.0129897940093805,-0.0990207295160221,-0.15297941574481,-0.0646260528823164,-0.411025605316295,0,0,0,0,0,1,0,0,0,0,0,0,0,0,0
1,-0.456184229925475,-0.0263445733313113,0.0437638436680248,0.548385767901841,0.0393242010810448,0.113801531529626,0.0313231845779294,-0.351786894990667,0.0196309806448063,0.0871860554345891,0.0028394535301738,0.199415608325735,-0.0398053643974704,0,0,0,0,0,0,0,0,0,0,0,0,0,1,0
9,0.586538046477258,0.0559899710868682,-0.237388594178847,-0.774316884588877,-0.0485249718993069,-0.235105416973345,5.48962555262291e-05,0.386637565142879,0.03923036477208,0.0507616870955718,0.009627623291244,-0.248110737731938,-0.404780183958345,0,0,0,0,1,0,0,0,0,0,0,0,0,0,0
0,0.060632188307616,0.0469696405458425,0.529623310798913,0.423183057416193,0.0368032886832728,0.260137860067153,0.0919673499722896,0.155360798850437,0.288727298659776,0.3398415620979,0.127848685103324,0.0299311098162568,0.944246536364352,0,0,0,0,0,0,0,0,0,0,0,0,0,0,0
2,-0.344092960684549,0.124805425236065,-0.0600081049412482,-0.251062966606465,0.0791224819718159,0.0960942728082406,0.0463059552292943,0.058883359343448,-0.149870076049973,0.0575904077412938,0.0308105084784016,0.215226024669583,-0.16808760649637,0,0,0,0,0,0,0,0,1,0,0,0,0,0,0
5,0.262673735555264,-0.0383887748644951,-0.230844099981156,-0.722067527671728,-0.0956111458116914,-0.0425444837024523,-0.037939069494966,-0.0721261542028625,-0.265381510906666,-0.175223856578692,-0.216049624132334,-0.048664114678143,-1.01303022269318,0,0,0,0,0,0,0,0,0,0,0,0,0,1,0
6,0.102303495367554,-0.075070373013735,-0.0401587011101046,0.468060634797189,0.104663698475889,-0.0259900485667368,-0.0158914494658432,-0.293143834159557,0.0535128365078261,0.0909644874646839,0.20356604309608,-0.163995513112115,0.15997950887129,0,0,0,0,0,0,0,0,0,0,0,0,0,0,0
4,-0.162798012502803,-0.144858584681214,-0.127803264189723,0.297045162390605,0.0771193849331891,0.160245721263689,0.02114006088927,0.248774861296891,0.312888598380796,0.165442175083415,0.0932814305590424,0.215045717775573,0.571635738933909,0,0,0,0,0,0,0,0,0,1,0,0,0,0,0
7,0.057049838832224,-0.0576743124650558,0.143724279067482,0.14692939091488,-0.11318597436972,0.007436548918866,-0.03047421728286,0.225011220354509,0.0731776966637853,-0.101454819648904,-0.143360272987591,-0.0703553991397468,0.037069909098623,0,0,0,0,0,0,0,0,0,0,0,0,0,0,0
0,0.333136363082911,-0.0969426087705547,0.209881776822127,0.550508377304311,0.11058519482258,0.190409283260065,0.0454866660491934,0.0312599290771583,0.0777853395717347,0.120313112649713,0.0736934669086712,0.429184149750216,0.693247157984724,0,0,0,0,0,0,0,0,0,0,0,0,1,0,0
4,-0.151181420327421,-0.103543527477053,-0.211377137209149,-0.0606300405661541,0.0913313123218934,0.201313028890547,-0.0161124832724225,-0.25538258838864,0.100871545494107,0.123787250136897,0.0267186752055389,-0.198837644455643,0.117361651500201,0,0,0,1,0,0,0,0,0,0,0,0,0,0,0
3,-0.0060195566023885,-0.072857594285398,0.415227576537818,-0.273909106563757,-0.1424905617636,-0.151964911170121,0.0071299730796904,0.163127612569761,0.0185889234337744,0.0271980956280484,-0.0951806545710166,0.174514934297806,-0.361135297952222,0,0,0,0,0,0,0,0,0,0,0,1,0,0,0
3,0.757684085124297,0.0586884210139018,-0.408326025531582,-0.651857365452045,0.0524900154039389,-0.0280720071670902,0.0491561466043556,0.33001896948468,0.0714765990984452,-0.0269436202780221,-0.0061677316163613,-0.0279118320925489,-0.353122751264203,0,1,0,0,0,0,0,0,0,0,0,0,0,0,0
3,0.0124230356059309,-0.139303667081417,0.118004780487528,1.12349496654347,-0.0593435423625603,0.0363765230311687,0.0133663581425871,0.0853524836240447,0.0214625608517689,0.0726509303772319,0.138248335447731,-0.113095149800017,0.557355227419407,0,1,0,0,0,0,0,0,0,0,0,0,0,0,0
0,-0.366454741620895,-0.106669520042289,0.134783021545343,0.808416574157884,0.0403296691447733,0.0609902670467332,-0.0010381578271236,-0.541178123810983,-0.0507070171649229,0.133951359057931,0.139034754482078,0.0698932565820112,0.456080010329062,0,1,0,0,0,0,0,0,0,0,0,0,0,0,0
5,-0.385548480345744,-0.152030887592302,0.219566493179728,0.742809523486648,0.0154951459997249,0.0467439482461593,-0.0124362503436201,-0.135250139754986,0.134107796199934,0.114003593497065,0.0795803066701286,0.377669555986248,0.469485354681019,0,0,0,0,0,0,0,0,0,0,0,1,0,0,0
7,-0.457635067864431,-0.179177618225224,0.707509565131274,0.832910648854958,-0.0595367004994536,0.0359869902446498,-0.0548052402864586,0.0393520290247225,-0.3849139807497,0.123528759714808,0.101542942766533,0.14283969784301,0.227102450261955,0,0,0,0,0,0,0,1,0,0,0,0,0,0,0
2,-0.134425571110436,-0.0465941747863806,-0.210764746610411,0.479930364642607,0.0343030297572675,0.112792932041098,0.0048804482720216,-0.220622235513254,0.0257487618509491,0.0158364901932474,0.0483519189717141,0.138771630499184,0.521427536641571,0,0,0,0,0,0,0,0,0,0,1,0,0,0,0
2,0.0275553348128117,-0.0684804156218122,-0.228450308195041,0.775006184899898,0.0652124826381534,-0.0656902880811005,0.0079888294293837,0.123729990549445,0.06577002330592,0.112811551832243,0.0386594560057398,-0.0366326835904756,0.490703742040709,0,1,0,0,0,0,0,0,0,0,0,0,0,0,0
6,-0.104510800615497,-0.0875335464715459,0.0592539416319287,0.394215104728276,0.0054827331290207,0.0896149103824183,-0.0200939458989329,0.143953057047336,-0.0150239177459767,-0.0747458493387741,-0.0542167042652877,0.0843282309409378,-0.130058990711445,0,0,0,0,0,0,0,0,0,0,0,1,0,0,0
1,0.0713909052231993,0.0603534668727259,-0.989238972242089,-0.911548983370041,-0.0317139039088223,-0.0517876592905153,0.0270976187590294,0.1732139059937,0.219373896299491,0.046719905468184,0.0385492576965139,-0.120883358234946,-0.333778223859581,0,0,1,0,0,0,0,0,0,0,0,0,0,0,0
0,0.0600793660050095,0.044780582768892,-0.107529878850108,0.274989848449174,0.0874053555281856,0.184413204792367,0.068031626761955,-0.293374007644332,-0.0037760718051027,0.03738982599197,0.0320396147272582,-0.224057729232233,0.02094296314038,0,0,0,0,0,0,0,0,0,0,0,0,0,0,0
8,0.433029527875592,0.0805724559243842,-0.0986355858918122,-0.0274905461158864,-0.0576579473648824,-0.0822514494301504,-0.0376741995810099,0.281661758438567,0.111333804044055,-0.0182423622021186,-0.143461656001829,-0.205484882302217,0.117625727318614,1,0,0,0,0,0,0,0,0,0,0,0,0,0,0
4,-0.270506565740565,0.14371130557215,-0.0566243406045399,-0.507738352246242,-0.0294167192444133,-0.0624963524070794,0.0342875479897748,0.0013900339566756,-0.0591454432822696,0.0908626031502158,0.0776633167117251,0.251899690751846,-0.348925719852678,0,0,0,0,0,0,0,0,0,0,0,0,0,0,1
0,-0.120322188126505,-0.0395044408932063,0.331613569049294,0.970195226502504,0.0260733130684348,0.281286102748065,0.0322071005456637,-0.121106417150145,-0.0516607940145969,0.257773551625358,0.076435180750525,0.0815422187436254,0.95221816484929,0,0,0,0,0,0,0,0,0,0,0,0,0,0,0
3,-0.0243711819965746,-0.007872312342044,0.533510814217726,0.468753052946353,0.0524811491597548,0.228460372093326,-0.0173771874992231,0.0963903804566039,-0.407725867549457,0.0966056922495198,0.180730152902963,0.127427120579455,0.706961331617375,1,0,0,0,0,0,0,0,0,0,0,0,0,0,0
0,0.0391143884114032,0.0800334528608278,-0.0133933680660447,0.319657321237969,0.272361566680639,0.288901601850152,0.0764630831906635,-0.0144903778364261,-0.0424080895334003,0.132298859351418,0.253527942380667,0.0756050931064301,0.740449919641587,0,0,0,0,1,0,0,0,0,0,0,0,0,0,0
2,0.1124441314621,-0.0131571612131819,-0.318654132456566,-0.0285446163353045,0.175129067865088,-0.0176199851821989,0.0086913745814958,0.0211366511047063,0.122231693241802,0.0355782095034943,0.0831870147248988,0.0685445322128046,-0.34998981302115,0,0,0,0,0,0,0,0,0,0,1,0,0,0,0
4,0.234847674435812,0.0497951771892226,-0.0512845793522662,0.202839958308727,0.0323413718567754,0.0649412623978423,-0.0047848824676163,0.06610432931599,-0.0279938161340414,-0.138057553144918,-0.0873376489305369,-0.0697187397162811,0.281300411730894,0,1,0,0,0,0,0,0,0,0,0,0,0,0,0
3,0.0339317858657973,0.0265202969625074,0.388005456972,-0.165443644100952,-0.0566988568552312,0.0827436829834152,0.005545808817364,0.134951087092258,-0.0439446754636432,0.0051074628296172,0.0320466338988825,0.0705671519367797,0.0848314362206644,0,0,0,0,1,0,0,0,0,0,0,0,0,0,0
6,-0.725668532240229,-0.104605171783996,0.386035616510639,0.914054952465827,0.0671125676321235,0.10517688725088,-0.0372678150459098,-0.478818075799828,-0.118125647164838,0.0789741626762638,0.0102024710282498,-0.0609747893663293,0.0901565710857197,0,0,0,0,0,0,0,0,0,0,0,0,0,0,0
6,0.667267144747612,-0.0102555460778064,-0.0049880207363292,-0.376753656191037,-0.0140680043249568,-0.127757504755139,-0.0447025619574336,0.386354698476589,-0.265492781391347,-0.0186179277817359,-0.0194607180108939,-0.249726611385161,0.186727477099177,0,0,0,0,0,0,0,0,0,0,0,0,0,0,0
8,0.441318902951549,-0.0127312324545996,-0.419046130386955,-0.598157093358579,-0.209083035640696,-0.279504523578784,-0.0456252403977903,-0.084529909698752,0.205205938912678,-0.0782349087476359,-0.212895528218648,-0.250187786837291,-0.440392466571891,0,0,1,0,0,0,0,0,0,0,0,0,0,0,0
7,0.0436543125144218,-0.0428520869410542,0.152875347527687,-0.0329150094420671,-0.0390716595294393,0.0391785011305877,-0.0099689866733713,0.0500121075923956,0.0987370275510889,-0.112292793589842,-0.184622718579765,-0.323097787539764,-0.30799739388736,0,0,0,1,0,0,0,0,0,0,0,0,0,0,0
4,0.825606072923182,0.106906860754183,-0.319299409291701,-0.470196622786454,-0.07629143344437,-0.233864662283153,-0.002808371510374,0.327238862086228,-0.0334682815738231,-0.122762019834898,-0.187093675957223,-0.318149733593844,-0.930035050581583,0,0,0,1,0,0,0,0,0,0,0,0,0,0,0
2,0.045837268758282,-0.0807165860179579,-0.347257587996964,0.399365710493577,0.0455401882804471,-0.109906399215844,-0.003215386995789,-0.0039911315784092,0.161901044012091,0.0968710545239113,0.111648855957401,-0.0644993498074077,0.497851642964864,0,1,0,0,0,0,0,0,0,0,0,0,0,0,0
5,0.468695201745311,-0.0455991775751438,-0.911891859182628,-1.26490818707628,-0.198501829852131,-0.0156076529801208,-0.041358994324692,0.366482876894592,0.0822036776023266,-0.1474623595877,-0.131609697839341,-0.280136296653031,-0.871074075353848,0,0,0,0,0,1,0,0,0,0,0,0,0,0,0
0,0.436100915849614,0.0908733561665697,0.680101993199304,-0.135041118939815,-0.0860338456344274,0.136709532996646,0.0408676606159172,0.228463570617749,-0.192737973751666,-0.0440127416620682,0.0677146128838994,0.352903256875696,0.0990424257393525,0,0,0,0,0,0,0,0,0,0,0,0,0,1,0
7,-0.550800028676888,-0.150832181369983,0.333868670897869,0.900195333274869,0.163763208295267,-0.133598394161978,-0.0207553870897615,-0.43149282715825,-0.116649898393135,0.0332757692543899,0.0831365632657088,0.0550093676657737,0.245188910279707,0,0,0,0,0,0,0,1,0,0,0,0,0,0,0
2,0.0304645617692816,0.0679677464660688,-0.281908170467515,-0.384289955445896,-0.0615412708679916,0.0052503332430706,0.042954206330064,0.0301528638806863,0.339782500409647,-0.0749238406817633,0.0304967024964541,-0.296556435758393,0.167444085529245,0,0,0,0,1,0,0,0,0,0,0,0,0,0,0
2,-0.165990260217553,-0.0012017427273034,0.248509980724034,-0.0482403811000072,0.0473244961054124,0.130526526782228,0.0079714514127684,-0.258573038525302,0.0653316608203181,-0.0539718388084266,-0.0567680483046852,0.140042675520466,-0.194018666687017,0,0,0,0,0,0,0,0,1,0,0,0,0,0,0
4,-0.259507609666637,0.005283219661197,0.312834891097862,0.517803375437281,0.149622878539728,-0.19017627079086,-0.0129553755069912,-0.23943939903629,-0.125956022978519,0.0442757326789256,-0.0750591994228623,-0.0007113443604201,0.143697617055324,1,0,0,0,0,0,0,0,0,0,0,0,0,0,0
5,-0.273819110956408,-0.0289181241695707,-0.204053683486451,0.363278285753766,0.0740083959603518,0.0015914266097609,-0.0136118772108423,-0.0761751197160295,-0.0870493870600461,-0.0949036933808787,-0.0495370864398844,0.140289982265474,0.0613792673610986,0,0,0,0,0,0,0,0,0,0,0,0,0,0,1
5,0.710015731451019,0.0605660037241314,0.598013455894325,-0.0108025397413822,-0.0148237941003437,-0.0948082463168953,-0.0215477649064898,0.208585714176033,0.187880610391037,-0.0301889765117223,-0.151124424355564,0.0738014298176948,-0.0552514502086435,0,0,0,0,0,0,0,1,0,0,0,0,0,0,0
2,0.280580006947946,0.12568317683927,0.0223460987867864,-0.226500334006041,-0.014377142015284,0.0058768612129347,0.0010442714282195,-0.274753920174039,-0.262319058864585,-0.014360802416729,-0.123226948206466,0.32273779855217,-0.0071617880207354,0,0,0,0,0,0,0,0,0,0,0,0,1,0,0
1,0.174220498933926,-0.0476463103797735,-0.0076307751964412,0.270785778253463,0.0216988745556784,0.179931589634072,0.0201912313383297,-0.0301583618532873,0.10630142028265,0.171675237792223,0.241835887858675,-0.025048560970033,0.820309040064197,0,1,0,0,0,0,0,0,0,0,0,0,0,0,0
4,-0.148319870110766,0.0026981680086671,-0.598663395562322,-0.58242165747911,-0.0353152348667307,-0.0437319662038746,-0.0072985267220979,-0.193685945531991,-0.128986224249908,-0.148673702996152,-0.140921465440462,-0.196071486722956,-0.459819817183121,0,1,0,0,0,0,0,0,0,0,0,0,0,0,0
8,-0.0652996023719118,-0.138693735609162,0.023147373065109,-0.559975932095931,-0.214957596730957,-0.198774588894661,-0.0404203268911117,0.0993234226227056,0.127894651700546,-0.147559687195738,-0.313572739988939,-0.14943452496542,-1.25501819271362,0,0,0,0,0,0,0,0,0,0,0,1,0,0,0
0,-0.311595661393165,0.165310209210655,0.377526982014851,-0.0380124215904658,-0.0611847925178303,-0.0068218564228853,0.0640661364305712,-0.0522315738964683,-0.0650659376045477,0.0835564206715139,0.0541553853379842,0.0266462196249222,0.219780200097654,0,0,0,0,1,0,0,0,0,0,0,0,0,0,0
1,0.0774043524272106,-0.171070794659959,-0.575051957383258,-0.113475930280941,0.191407410272531,0.041944669108394,-0.0119690107628694,-0.11147173353321,0.0244623173296144,0.0797389578226396,0.150724484559828,0.0142153601604757,0.0462419990964478,0,0,0,0,0,1,0,0,0,0,0,0,0,0,0
5,-0.401019534984091,-0.0003419459913503,-0.528723593723717,-0.494621126752719,0.0987667462416898,0.0605895436303155,-0.0074543112074156,-0.676655003225928,-0.0201971348512328,-0.0300761229973231,-0.0750751220010341,0.0652210376823214,-0.0628710297426205,0,0,0,0,0,0,0,0,1,0,0,0,0,0,0
6,0.301197628134775,0.0406986468955879,0.340894762770181,0.426075318675019,-0.0801553862448094,-0.0559999248108659,-0.0228364567541535,0.0022923592752615,0.0182078143513169,-0.0874198402228865,-0.0438951792454521,-0.0719364182205613,-0.434506913707475,1,0,0,0,0,0,0,0,0,0,0,0,0,0,0
6,0.005638247680822,0.0959375641168485,-0.348066018863728,-0.834263248425871,-0.121046553454309,-0.0965386430919503,-0.0090168126307323,0.0952652743804499,0.0523270533817825,-0.280151016503831,-0.251517624993782,-0.232340592055464,-0.518465514814555,0,0,0,0,0,1,0,0,0,0,0,0,0,0,0
8,-0.564604761630286,-0.134722920239345,0.513960246109513,0.733556185167503,0.120621841373893,0.0991477968349027,0.0149996600961867,-0.272774317004125,0.218867537266422,0.225345438888234,0.0685091982853937,0.0642823928899688,0.623869519544841,0,0,0,0,0,0,0,0,0,0,0,0,1,0,0
4,0.111116220522531,-0.0434050535693117,-0.130380996758405,0.323582094718028,0.0586407287111758,0.110285927288596,0.0095978677693236,0.100333270315249,0.188832905489136,0.100511726632134,0.182558117094974,-0.113153284293824,0.758122261449039,1,0,0,0,0,0,0,0,0,0,0,0,0,0,0
7,-0.0054946340266227,0.0259094756466827,0.56228664591549,-0.27339754337179,-0.127108150299003,-0.134566121295415,-0.0250679236313877,0.0038676050127644,-0.174627951226078,-0.173668418523606,-0.106438455113757,0.335642178924096,-0.44952079583142,0,0,0,0,0,0,0,0,0,0,0,0,1,0,0
4,-0.533158465714828,-0.105646015664586,-0.226404000032775,0.381549939931759,0.111775041321579,0.121084213283562,0.0489434404746599,-0.287724280589239,0.247535884863381,0.159274307211966,0.198218206215859,-0.064491352318261,0.69099725164384,0,0,0,0,0,0,0,0,0,0,0,0,0,0,0
7,-0.120147739714699,-0.0649759919493272,-0.58958483480152,-0.181916136606598,0.0108679354057081,0.167859254373402,0.0037822323332349,-0.0245742135426466,-0.0276754381150694,0.0891932185303501,0.0815200700580944,-0.109352777504283,0.0187849534289028,0,1,0,0,0,0,0,0,0,0,0,0,0,0,0
4,-0.205583452980738,-0.0238437467089383,0.179028629069851,0.843826184357324,0.0305247915547858,0.0562361880410727,0.0306971500299329,0.278631551831386,0.364213961362447,0.0616998267968583,0.0414340078232277,0.186496999820338,0.802197012584935,0,0,0,0,0,0,0,0,0,0,0,0,0,1,0
6,-0.374444162521045,0.0288481142480251,0.774036504534364,0.871868345808658,0.171162760461544,-0.00565678181275,-0.0223454138519672,-0.199214926029622,-0.182595910716905,0.193856888213929,0.26805714495248,0.451148853556183,0.628305907907701,0,0,0,0,0,0,0,0,0,0,0,0,0,0,1
7,0.413607237151234,-0.0611925717045946,0.283435895153385,-0.293877700084851,-0.170396569655109,-0.105974270685108,-0.0375104310539531,0.0615816869878875,-0.0005339286902736,-0.187447299160698,-0.201931034866499,0.0792851554651672,-0.575962230933397,0,0,0,0,0,0,0,0,0,0,0,1,0,0,0
9,-0.295905205876316,-0.191693725504725,0.528529034515026,1.00021436816529,-0.0991563694220079,0.0466668400961333,-0.139964485753163,-0.402616684822715,-0.401312577825842,-0.0660891126656562,-0.0762652901768469,0.181174913904172,-0.327717858850959,0,1,0,0,0,0,0,0,0,0,0,0,0,0,0
8,-0.21220040105964,-0.125433688423564,0.22899464019501,0.277294919959024,-0.127996913541172,-0.0691854957941552,-0.0359709799051396,-0.262107627894877,0.0502765222126815,-0.0445158528885543,-0.153950974947381,0.199634613819094,0.0903289809093968,0,0,0,0,0,0,0,0,0,0,1,0,0,0,0
5,-0.0358087401903332,-0.0536517485807548,-0.326859976872629,-0.0229871490710838,-0.0758316883153839,-0.0137856155595469,-0.0350326918449244,0.368420634074767,0.314813756483598,-0.158991877182264,-0.132938860100897,-0.203608617491991,-0.124640064057355,0,0,0,0,0,0,1,0,0,0,0,0,0,0,0
2,-0.0270278911477994,-0.086183861690989,0.625374554326882,0.842690024922391,0.10279780450538,0.0985291723191654,-0.0047368240600348,0.0856772989593091,-0.0029408705255949,0.172490959552,0.278288607085258,0.314318551180054,0.685689649111007,0,0,0,0,0,0,0,0,0,0,0,1,0,0,0
2,-0.285584254279346,-0.103614332360797,0.208621837068279,0.664335935259601,0.0503995453220627,-0.0068811192510407,0.0143032402492313,-0.408414243457664,0.112796910845888,0.107542684116642,0.149004179016541,0.416003540644268,0.361758120406352,0,0,0,0,0,0,0,0,0,0,0,0,0,0,1
3,0.0898356086776638,0.0444853755176251,0.522820051159751,0.0665107308307875,0.039337494197767,-0.124707070991673,-0.0061916313079715,0.0384519999731158,-0.213799192232714,-0.0491382902152624,-0.154882449566452,0.242962327962075,-0.224842252871296,0,0,0,0,0,0,0,0,0,0,0,1,0,0,0
1,0.425001278403312,0.103751445414737,0.324046372094502,0.165652787842393,0.0761557813154649,0.0942609228094585,0.066761142635366,0.0723728385141209,0.0334586542651332,0.0689178123190245,0.0506372491338455,0.304794001994274,0.139301709759806,0,0,0,0,1,0,0,0,0,0,0,0,0,0,0
3,-0.426537896838603,-0.124833219821541,0.406285320445292,0.718689803651748,0.20587385670886,0.412363279945047,-0.015329190105719,-0.456612487046592,-0.278924598177526,0.135457812455826,0.158571164916064,0.118550100315484,0.975321878824653,0,0,0,0,0,0,0,0,0,1,0,0,0,0,0
7,-0.482834086061475,-0.0592542186875395,-0.124730835274442,-0.0594789539171199,0.141117424025814,-0.0720108716000851,-0.0103516486128687,-0.170984252884396,-0.0722765402427437,-0.189977780159758,-0.0666123850493962,-0.136055073276776,-0.238091778630167,0,0,0,0,0,0,0,0,0,0,0,0,0,0,0
0,-0.305907354547729,0.0192520474077574,0.522733794182399,0.67271540885427,0.0197999912370059,0.0581773614479414,0.0653905590060662,-0.139482884385924,-0.0066957312658866,0.0430205743491685,0.0138429142414677,0.142236531777972,-0.0362586843303309,0,0,0,0,0,0,0,0,1,0,0,0,0,0,0
2,0.806291777369596,0.164117889660932,-0.0672693602179638,-0.0120236725058129,-0.0529287519821345,-0.0380051910117396,0.0310408248652691,0.287718846159518,-0.125925721522358,0.0088304127111348,0.0611509165889743,0.1254507394593,0.486250578484554,0,0,0,0,0,0,0,1,0,0,0,0,0,0,0
2,-0.758548784971039,-0.0061106309947653,0.509463651886862,1.00097066035199,0.36772714292801,0.377962810141241,0.0650266541510995,-0.323015088593734,-0.198222207458306,0.260777691778151,0.285033286094732,0.239816706588756,0.933811816529066,0,0,0,0,1,0,0,0,0,0,0,0,0,0,0
7,-1.08677709380795,-0.194596460568753,0.811705035799672,1.09745944198847,0.103793231161995,0.0927397825452821,-0.0505210065519129,-0.468185431860048,-0.314985768089805,-0.0224939766167589,0.0832220241768023,0.0276557612960442,0.129434594369504,0,0,0,0,0,0,0,0,0,0,0,0,0,0,0
0,-0.051172489672556,0.0756897058941251,0.303809436113934,0.542072618212222,0.0190273395334119,0.08615602750512,0.0919628309257178,-0.171704996055309,0.0496228642085611,0.14668150472224,-0.0407263951553637,0.252550224679735,0.601488493776749,0,0,0,0,0,1,0,0,0,0,0,0,0,0,0
4,0.231135860817351,-0.0299855851582705,0.228757183377908,0.683052125714182,0.095322195474478,-0.0754922432513008,0.0276717488168109,-0.122282485020853,0.140878005408513,0.0508583738642031,0.050995085829497,0.184268395329613,0.237102231212524,0,0,0,0,0,0,0,0,0,1,0,0,0,0,0
4,-0.331730039424335,-0.151584338112874,-0.395688062474587,-0.175847562889458,-0.0243008778908509,0.0655990368192774,-0.019128651378786,-0.396779858637796,-0.0709767562741863,0.0144334989372484,-0.115649178264944,0.177920394292475,0.117101268635546,0,0,0,0,0,0,0,0,0,0,0,0,0,0,1
5,0.243663989424379,0.108034520501267,-0.181417130195407,-0.527443793869144,-0.054742662535187,-0.174719678253056,-0.0143591983663817,-0.154324121977639,-0.0377407490179437,-0.0648175201142039,-0.107233719194252,0.189450029057304,-0.132195308227384,0,0,0,0,0,0,0,0,0,0,0,0,0,0,1
5,-0.600874413526117,-0.123123885422029,0.492613143162713,0.574632560980925,0.0786051638526227,0.226085110653555,0.0197510020595343,-0.316087462599216,0.112604194060876,0.0078204718318937,0.203200978705398,0.0446334074361127,0.398995832425002,0,0,0,1,0,0,0,0,0,0,0,0,0,0,0
5,0.272470804860798,0.0624920913137308,-0.157770350731216,-0.160301203629374,-0.125201421703637,-0.0325255894042804,-0.0041755490235259,0.264992232807004,0.0184363314976569,-0.0288398413095444,-0.0760252259707514,-0.343385847165656,0.022358382624889,0,0,1,0,0,0,0,0,0,0,0,0,0,0,0
6,0.466470552050833,-0.0430384577310942,0.0021730041157841,0.190249860267353,-0.0093698580448775,-0.111850557725632,-0.0251425890715791,0.251363980498282,0.0357424127263501,-0.0760534028196988,-0.0893597733459703,0.0896129270978808,-0.442081806612269,0,0,0,0,0,0,0,1,0,0,0,0,0,0,0
0,0.0003265825309153,0.0150279887336388,0.287980462287533,0.48102718018146,0.15674618393477,0.111820448612979,0.0777367177588596,-0.108169317605437,0.352041723031988,0.104739207319002,0.0773251628056288,0.236157130266648,0.318911074196657,0,0,0,0,0,0,0,0,0,0,0,0,0,1,0
4,-0.218375996674925,-0.109188002318778,0.622295588710473,1.07482623284996,0.116292334385142,0.0863803308714235,-0.0278510601915027,-0.0192847765982761,-0.172937645130781,0.185988036146802,0.199092557170474,0.422168898775637,0.524259819467181,0,0,0,0,0,0,0,1,0,0,0,0,0,0,0
8,0.125309632455148,-0.071714485726217,0.424722923087155,0.399539242612696,-0.0009042942771505,-0.175355579674949,-0.0298184573403208,-0.167371709943731,0.0743282985570068,0.0560655847928873,-0.0299443748042625,-0.0918030021804133,-0.377506107196657,0,0,0,1,0,0,0,0,0,0,0,0,0,0,0
9,-0.0764623929834118,-0.0957607865126594,0.273208782719426,-0.0913656214655965,0.02097119671396,-0.127059043690986,-0.100529301069385,0.0478149418468019,-0.0975349588122245,-0.10655487615052,-0.0007444231194305,-0.0357683872580366,-0.565754156039048,0,0,0,0,0,0,0,1,0,0,0,0,0,0,0
7,-0.0672479973955602,0.010673341129954,-0.135893436990681,0.140990992224952,0.0357954031883255,0.125538375844034,-0.0299845367844988,-0.227264224505216,-0.14561043096058,-0.0133494179511184,0.180505419045448,-0.21344684846611,0.54598129549462,0,0,0,0,0,0,1,0,0,0,0,0,0,0,0
6,0.691005286505238,-0.0300396472396751,-0.0108882661893129,-0.330559042889915,-0.0522739170886114,-0.135839861333183,-0.0290474107799775,0.212820616808243,-0.106398212309574,-0.0499576817046657,0.0415177980755166,-0.0424561496070698,-0.437469635084623,0,0,0,0,0,0,0,0,0,0,0,0,0,0,0
9,0.773264566217778,0.0667427214043252,0.291971746265197,-0.415951630031787,0.0712847536828392,-0.0690491275444154,-0.061584878019256,0.716282718522143,0.0043569584634832,-0.156010145798543,-0.115696817427431,0.0741325625734593,-0.823103717287331,0,0,0,0,0,0,0,0,0,0,0,1,0,0,0
7,0.968230709203652,0.134257802974015,-0.571579116316443,-1.61595893009304,-0.206445586542566,-0.277326009281609,-0.0224889217839621,0.614949394929628,-0.198116340411517,-0.238815296533931,-0.0420228580440196,-0.317080336588863,-1.00925113971323,0,0,0,0,0,0,1,0,0,0,0,0,0,0,0
6,-0.0943540511083981,0.0549153600035512,-0.0954039884161093,-0.567037454912674,-0.158085435415838,-0.089548489474759,-0.015585387722649,0.184678195251655,-0.25704139381997,-0.158997055727311,-0.124250524933084,-0.296990344903605,-0.182209004525678,0,0,0,1,0,0,0,0,0,0,0,0,0,0,0
6,0.771058536210225,0.124306073925402,0.434942638243237,-0.0804812004741987,-0.0663538535750491,-0.10837802201161,-0.0113715768289486,0.39042347981803,-0.0625812978929763,-0.206061797704492,-0.12534168188897,-0.220176547809323,-0.432660398166495,1,0,0,0,0,0,0,0,0,0,0,0,0,0,0
2,0.214167153559263,-0.0438433211707694,0.152347456272157,0.375237082325174,0.0537106609362904,0.124611607358978,-0.0133551690882661,0.0959964086488397,-0.161676502609396,-0.0158120716094804,0.0921536229957397,-0.233357936113872,0.272702166477526,0,1,0,0,0,0,0,0,0,0,0,0,0,0,0
2,0.144502116622535,0.0859643735397522,0.325302561647057,0.334364194797287,0.0045332763131592,0.196002499329361,-0.0211998000217658,-0.0345396810438622,-0.401915623708709,-0.160244545404801,-0.166377701890373,-0.0387410469261768,-0.425675379142523,0,0,0,0,0,0,0,0,0,0,0,0,1,0,0
8,-0.22153061773651,-0.0713798705123636,-0.160999726534721,0.444700110514118,0.032450631289314,0.120594143515263,-0.0613457984251599,-0.0697025265602298,0.0226786565649917,-0.0993176548023099,0.133785654671658,-0.0232907363372243,0.404115250562708,0,0,0,0,0,0,0,0,0,1,0,0,0,0,0
4,0.556832327141812,0.137439540593044,0.14927099839678,-0.825290970428926,0.0173219221752011,-0.0704372294646266,0.0227600766669344,0.538270827827707,0.0339915261853952,-0.0448329253843033,-0.0684343509342152,-0.186022799827932,-0.492126031490684,0,0,0,0,0,0,0,0,0,0,0,0,1,0,0
4,-0.266370884303747,-0.0805754719521513,0.011359405272847,0.835380366894522,0.176562176182457,0.13350992468848,0.0081028530029989,-0.0338944463082658,-0.266813519286321,0.0143167586415046,0.222566219036589,-0.268901134762516,0.54997596553819,1,0,0,0,0,0,0,0,0,0,0,0,0,0,0
2,0.124086066947481,0.0722240881607769,-0.0114010625075164,-0.225893687724445,-0.0300938456258232,0.0718029471178229,0.02652530909348,0.220252248369374,-0.0304267160492586,-0.0873309821434959,-0.0161338002456989,-0.213226164698519,-0.725953395697933,0,0,1,0,0,0,0,0,0,0,0,0,0,0,0
2,-0.253041204454643,-0.0204747229076804,-0.443718434834135,0.0940185686980319,-0.0600225737991751,0.0469445487339351,-0.0028699978886415,-0.307482564697839,-0.0296255583506818,0.0165806673897914,0.203057874884601,0.0035827046682943,0.112090252812037,0,1,0,0,0,0,0,0,0,0,0,0,0,0,0
0,-0.146372017850818,-0.0754889352642914,0.0325697500440482,0.885279527104226,0.0329638698448142,0.0258995254184931,0.0186620033021987,-0.0422590878519034,-0.161490274500785,0.0570805289379207,0.0568424541892367,0.0747195927627695,-0.017348485084887,0,0,0,0,0,0,0,0,0,0,0,0,0,1,0
1,0.53501129483534,0.127427818895706,-0.468740520084241,-0.78696258385182,-0.256857684688446,-0.075758812316869,0.0199893418239294,0.258229985131725,0.0180818819599376,0.0245451929586304,-0.183043249490508,-0.291585600530664,-0.515184343415017,0,0,0,0,1,0,0,0,0,0,0,0,0,0,0
4,-0.311289470962953,-0.111916177978569,0.195382424048461,0.870774846938932,0.0309207173420933,0.227600032381241,-0.0050320890630762,-0.0915548447758286,0.289130641489438,0.0898819561029648,0.116541370712495,0.0364486003927514,0.733488969493978,0,0,0,1,0,0,0,0,0,0,0,0,0,0,0
4,0.608186380819592,0.0310695088508546,-0.3436763028741,-0.630271482375443,-0.022247633584871,-0.251911228570165,-0.0199492689505623,0.31054461901508,-0.192453930226628,-0.0550930073838366,-0.114095519223004,-0.396265070794627,-0.460959036392518,1,0,0,0,0,0,0,0,0,0,0,0,0,0,0
7,0.324858595744864,0.0136380030762333,-0.574269999966377,-0.452528145172898,-0.0330252684955901,0.101770349715722,-0.0069228738956624,0.55952301126146,-0.134558215763659,0.0708772939178849,0.0980337310351722,-0.282433199595545,0.104898931812088,0,0,0,1,0,0,0,0,0,0,0,0,0,0,0
5,0.334927488518072,0.0027388962869855,-0.44424159432751,-0.130067373841019,0.0512612421352653,-0.0339870254090164,-0.006828432013436,0.284697329674559,-0.158497675750944,-0.0319577770650394,-0.0626715782170641,-0.169008033730989,-0.127841469106689,0,0,0,0,0,0,0,0,1,0,0,0,0,0,0
2,-0.211074059239972,-0.102348456091065,-0.272102247687071,0.601209836625483,0.0858160898894699,0.108441720569127,0.0347985002643673,0.0546754767748832,0.154104475587443,0.132588435348742,0.193270557111533,-0.0326104382805008,0.471962359806257,0,1,0,0,0,0,0,0,0,0,0,0,0,0,0
4,0.253314461273628,0.0452478395732281,0.649135223563407,0.670603282990917,-0.0213255123048883,-0.0332650140813828,-0.0328305025673733,0.279888192382105,-0.0486768042946844,-0.0404413605285389,0.0684431194490066,-0.200983084507912,-0.186283688244118,1,0,0,0,0,0,0,0,0,0,0,0,0,0,0
8,0.0955434419243031,0.0768432810867429,-0.226741822336273,-0.640270276849899,-0.203504973427338,0.0276404458361028,-0.0366075743432349,0.322543782247649,-0.311990084040704,-0.133349026031234,-0.0256456703772176,-0.184204326228773,-0.320082304156435,0,0,0,0,0,0,0,0,0,0,1,0,0,0,0
2,-0.110712054018906,0.135098286401699,0.131456754851051,-0.60790588932235,-0.0284580173479134,-0.11727068869426,0.014651646717566,-0.0532084649980151,-0.005472153795724,-0.222336826241627,-0.21926791328689,0.150583155842922,-0.367183656044571,0,0,0,0,0,0,0,0,0,0,0,0,0,0,1
8,0.549962358142375,0.164532984944895,-0.113011599136707,-0.949012146094471,-0.255044903058321,0.0872426674622396,0.0026769725069344,0.68920292158308,0.0158367319963515,-0.0439604684082239,-0.082109681565406,-0.299233917620014,-0.550741418370934,1,0,0,0,0,0,0,0,0,0,0,0,0,0,0
7,0.327942700580138,0.0363555408874337,0.529882922481656,0.454863980298664,-0.0659581763084705,-0.0431278426372252,-0.0334837747487105,0.239275961603757,-0.045482292773024,0.0123099158508431,0.0574122431067874,0.0409508513518579,0.24252890354243,0,0,0,1,0,0,0,0,0,0,0,0,0,0,0
1,0.200918910468464,-0.0330431326768629,0.22230868395338,0.37991067777477,-0.0310261728856214,0.128755563838369,0.0504465314528399,0.274955098442762,0.0944095562583869,0.0734016532426815,0.0307588619117637,0.335775646777325,0.434492887520254,0,0,0,0,0,0,0,0,0,0,1,0,0,0,0
0,0.130040917794006,0.0484309292977057,0.251657994126955,-0.158385855398603,-0.155504907100673,-0.0371615150221989,0.0103479374101903,0.312499433850862,-0.0172262416814736,-0.0167929633801938,-0.175162300983673,0.0456037487342257,-0.558964193083264,0,0,0,0,0,0,0,0,0,0,0,0,0,1,0
7,0.0037641752862201,-0.0670116899071397,-0.211563669987637,0.0379429883402158,-0.0430995971522487,-0.122785326476831,-0.0844207625105556,-0.025284912388239,-0.148612637061909,-0.11821317800629,-0.0077248298820244,-0.137027007255433,-0.278037185350311,0,0,0,0,0,0,0,0,0,0,1,0,0,0,0
6,0.122207630567547,-0.04474201623461,0.492206266662508,0.202184621151375,0.0398115109440158,-0.0409278271065528,-0.0434589070863128,-0.0030395630590119,-0.276545971602972,-0.0723906244818557,-0.0111845467812461,0.244838691293806,0.264529601996455,0,0,0,0,0,0,0,0,1,0,0,0,0,0,0
3,-0.311107325321729,0.0472821103387768,-0.077534689048096,-0.596563173631343,-0.0716285510126964,-0.0068342963014027,0.0140718823750738,-0.118646398051654,-0.234489112115279,-0.154270619904805,-0.0783950813615913,-0.504477724544871,-0.49977330836404,1,0,0,0,0,0,0,0,0,0,0,0,0,0,0
4,-0.441616764302967,-0.0527378829802437,-0.622951683372965,-0.550564755154134,-0.118573292182851,-0.0734485276693452,0.0159957033152605,-0.0427775419565524,0.16311788671545,0.0274041389724856,0.0456805822692703,-0.139711658284409,0.228145301542436,1,0,0,0,0,0,0,0,0,0,0,0,0,0,0
7,-0.51039198407481,-0.00187312365135,0.127930197755383,0.508216809739712,0.0415359402848527,0.138032313762275,-0.0226463789364354,-0.248695908563172,-0.011100207459636,0.149126223306462,0.187564518678424,0.0183872533232811,0.732789517627492,0,0,0,0,1,0,0,0,0,0,0,0,0,0,0
9,0.699636242736439,-0.0116457383185652,-0.145583172737591,-0.736463851103448,-0.248914230139675,-0.324312656016486,-0.110285154215933,0.56828059553347,0.0890948939653632,-0.349878708266509,-0.526261721336884,-0.25514242276674,-1.39772665658514,0,0,0,0,0,0,0,0,0,1,0,0,0,0,0
6,-0.427904337960543,-0.0059498553887083,0.30066341526916,0.359963387062023,0.118638584291828,0.216449183236191,0.0160231025263253,-0.153759273281898,-0.0307858784090061,0.062598816704444,0.247607237502303,0.369330120602023,0.682841077203132,0,0,0,0,0,0,0,0,0,0,0,0,0,1,0
2,0.672501342638465,-0.0298318425813471,-0.635083684688005,-0.672588493647341,-0.0561955841224006,0.0674710306647001,-0.0147204130057026,0.179591413946718,0.0594216584649978,0.0147192172000795,0.0407143343772387,-0.137010046429917,-0.200916988506493,0,0,0,0,0,1,0,0,0,0,0,0,0,0,0
0,0.0635325467128236,-0.0693215343610146,-0.637589660678055,0.0699334553040179,0.21933419655859,0.129596410562884,0.032399192307898,-0.210897279628175,0.0750078011218099,0.103356261100861,-0.0705610525392641,-0.112860036371999,0.036501490086004,0,1,0,0,0,0,0,0,0,0,0,0,0,0,0
0,0.252767814945247,0.0683893844350765,-0.434095203827771,-0.258360432235021,0.0911687814464167,-0.0524333805984086,0.104300667630911,-0.159383097875138,0.169989335715782,0.0257984145578343,0.0389499071630898,0.161225801320113,-0.130289236887158,0,0,0,0,0,0,0,0,0,0,0,0,0,0,1
1,-0.302460900242939,-0.0241810285338613,-0.171130858951287,0.160615288000886,0.0676807002066924,0.101943316235587,0.0071472745829629,0.0154150510546042,-0.126474007340375,0.185697917626258,0.271453345374447,-0.0516093457500575,0.690921936070657,0,0,0,1,0,0,0,0,0,0,0,0,0,0,0
9,0.382202751871394,0.0706587611985759,-0.244567064726374,-1.0754175320643,-0.15540033391387,-0.020823827222113,-0.0720000441591225,0.460421893895914,0.165121236474558,-0.258117267336807,-0.0714633283021768,-0.307900512803454,-0.648767180969105,0,0,0,0,0,1,0,0,0,0,0,0,0,0,0
6,0.465821541931994,-0.0003742145975079,0.1183318789475,-0.211776880357795,-0.12435799490116,-0.0324322013568574,-0.0209256276499269,0.497437454480732,-0.187051573467739,-0.14215676565544,-0.139191340688572,-0.106757572287339,-0.143706795375794,0,0,0,0,0,0,0,0,0,0,1,0,0,0,0
3,0.0826681641044083,-0.0519399115957551,0.4379057212124,0.484213573694808,0.137180130127556,0.100647160257994,0.0480715261305271,0.163292082395995,0.104588991654778,0.268345062177141,0.32363746789767,0.640782296713523,0.460927985900429,0,0,0,0,0,0,0,0,0,0,0,0,0,1,0
7,-0.418732662152292,-0.0500157411831776,0.567856508321341,0.852881237995242,0.0591895560743185,-0.115122085441565,0.0007059128808083,-0.132514828549138,-0.307579080668158,0.0943886361718383,0.279751529893737,0.554105144633459,0.879908285427383,0,0,0,0,0,0,0,0,0,0,0,0,0,1,0
3,-0.0731730683394543,-0.0650830114774589,-0.047482195944077,0.0223161708562391,0.171031037717599,0.013151643910068,0.0545660322116436,0.0021515142093772,0.281836006132606,0.178030483885767,0.13623547644186,-0.0193189733543519,0.252588973891639,0,1,0,0,0,0,0,0,0,0,0,0,0,0,0
5,0.69213565667235,0.0057720580001007,-0.592057988382006,0.136990222637478,0.0704882916673157,0.065903556504248,0.0137041674196713,0.0958605877765752,-0.050822582094338,-0.0504912136387048,0.0437319490298128,-0.0030374551824065,0.271911248277034,0,0,0,0,0,0,0,0,0,0,0,0,0,1,0
5,0.664819438686156,0.0346142216670771,-0.393452663709443,-0.212403303731671,-0.0246775132232049,-0.143121667474179,0.0008782899512133,0.476129536266589,-0.0796124726746028,0.0235449877345425,-0.0313426813553698,-0.0151058775101462,-0.206602540977181,0,0,0,0,0,1,0,0,0,0,0,0,0,0,0
8,0.0003900750725269,-0.0754680335113099,0.0045861709638222,-0.12505123225211,-0.105008897730178,-0.0820134666655191,-0.0512086287799586,-0.0355711338275109,-0.0861195761866133,0.0045146405166297,0.0476040568774588,-0.229629585077251,-0.587612740548481,0,1,0,0,0,0,0,0,0,0,0,0,0,0,0
8,-0.283292824564758,-0.0887697729776379,0.746064533782077,0.300927000388921,0.0043214449474881,-0.118175505935318,-0.0185363692535983,-0.0745017425703795,0.042890910366954,0.0809073472978547,0.0218391488204846,0.346998970846403,0.0554194149604835,0,0,0,0,0,0,0,0,0,0,0,1,0,0,0
1,-0.398754487180992,0.0806169310722897,0.130645409173827,0.511004914289618,0.29580835493822,0.101135805165297,0.0850942638744933,-0.383957641331178,0.342147602428361,0.124692112861411,0.115520053668607,0.380154087705139,0.732448810292879,0,0,0,0,0,0,0,0,0,0,0,0,1,0,0
1,0.252850358234011,0.0573317836801011,-0.858543654270985,-0.996247305577284,-0.013166329958156,-0.0556531565912624,0.0695754411409618,0.190565999018466,-0.0155875091937328,0.0062861392443848,-0.0269537161331165,-0.232747970927399,0.0446008812562442,0,0,0,0,0,1,0,0,0,0,0,0,0,0,0
1,-0.189841487409996,0.0655527046804615,-0.372314408093779,-0.239999549300146,-0.0500908809228246,0.0834590369085333,0.02360950069312,-0.297286153152206,-0.0885736509247763,0.0614260587627,-0.0528303133822673,-0.114465052138098,-0.0360518350628794,0,1,0,0,0,0,0,0,0,0,0,0,0,0,0
8,-0.207179278238222,0.0115199581040159,-0.539470216131179,-0.726098280678564,-0.0783239672377039,-0.0564341041927754,-0.0033631846904936,0.0594895743871433,0.143128247853816,-0.0070483491572451,-0.119126980699247,-0.323120436265813,-0.500452669516768,0,0,0,1,0,0,0,0,0,0,0,0,0,0,0
5,0.602780423666993,0.0306506206651153,0.200867041613465,-0.415406303550246,-0.138897770568688,-0.103850734145721,-0.0562435296823631,0.438926196711627,-0.199551912758291,-0.0805040617776882,-0.275887483353338,-0.131870505274827,-0.791874581973768,0,0,0,0,0,0,0,0,0,0,1,0,0,0,0
7,-0.287303950542175,-0.102063868722263,0.64761791611533,0.504815155987842,-0.0749373776126095,-0.0190852335091646,-0.02933679821887,-0.1597897984138,0.0917967649081488,0.0159971774934352,0.0259357113438334,-0.0201508694885433,0.504431666686558,0,1,0,0,0,0,0,0,0,0,0,0,0,0,0
9,0.418136615296297,-0.0160687606647044,-0.346906424336086,-0.603688689440562,-0.0363672903913645,-0.298305425924446,-0.0771339881460777,0.0359421476952412,-0.121495880500675,-0.0563940612917567,-0.0721063664853427,0.0060365026989212,-0.567177425262171,0,0,0,0,0,1,0,0,0,0,0,0,0,0,0
0,0.175903516822088,-0.115099737081606,-0.705609197436031,-1.05317934686266,0.0490312938270865,-0.0952607621487594,0.0201263011096707,0.0174323489045449,-0.009541556880877,-0.0747451098519598,-0.0830467758939576,-0.0638935916426678,-0.658860886218787,0,0,0,0,0,0,0,0,1,0,0,0,0,0,0
7,-0.717713151798569,-0.121434648256686,0.258847129051376,0.679834406895418,0.0477392989000671,-0.0182835121712116,-0.0396844098843111,-0.597919469124038,-0.175988744868424,0.0793571841419675,-0.0143396670487928,0.21137148029979,0.245200024023676,0,0,1,0,0,0,0,0,0,0,0,0,0,0,0
7,-0.130795593459096,-0.114465749576193,-0.241334612272237,0.119866739156452,-0.0495226407402536,0.162593890371451,-0.0386970453067675,0.30943798602875,-0.287696143638496,-0.0520709297988811,-0.248499144341959,-0.18680597056563,-0.271597068627269,0,0,0,1,0,0,0,0,0,0,0,0,0,0,0
7,-0.254282376748163,0.0791060484256145,0.34880016112736,-0.382721054921015,-0.0551414437682721,-0.0803281971907058,-0.0164197903510575,-0.384131676988105,-0.0875003074897105,-0.0942047786148588,-0.0888370635469068,0.078886914129433,-0.166041531973544,0,0,0,0,0,0,0,0,0,0,0,0,1,0,0
5,-0.141822814568369,-0.0204928795564421,-0.529950707941172,-0.515314081600408,-0.0493246029078062,0.0407835366013918,0.0280259368498989,-0.0477048415073439,0.0234385199833782,0.0143875043963049,0.0795283791734054,-0.058529017698951,0.111631633859301,0,0,0,0,0,0,0,0,0,0,0,0,0,1,0
1,-0.536701055697299,0.0940438762866343,-0.251367061948258,-0.207367287339647,-0.0464184627109569,0.0461004327825176,0.0933046227512519,-0.405479938275474,0.067192394426061,0.0190920682724866,0.114118191707886,0.107003714832351,0.457182290228282,0,0,0,0,0,0,1,0,0,0,0,0,0,0,0
5,0.0324573897437121,0.0962947294015911,0.106419756611482,0.0654484749537159,-0.0131712197001668,-0.0930419103717668,-0.0185466926551263,0.0915632766457404,-0.0693053093125075,-0.149113404395892,-0.128304941131055,-0.005368961783833,-0.547905824060585,0,0,0,0,1,0,0,0,0,0,0,0,0,0,0
6,-0.0418327770361879,-0.0495680861694801,-0.386578322198198,-0.509609256058442,-0.0130703338517765,-0.0830397606802592,-0.059441444690242,-0.100289796106089,-0.146721100577994,-0.220490908192133,-0.179822376365814,-0.401138840471564,-1.02299200943531,0,1,0,0,0,0,0,0,0,0,0,0,0,0,0
2,0.109271964479471,0.0432367963145404,-0.35351218060051,-0.937309480388699,-0.103088961810105,-0.253469542419621,-0.0135087629736831,0.0173470305242852,-0.271206858536893,-0.231579754223731,-0.188528866546341,-0.222513803495468,-1.05539127855046,0,0,0,0,0,0,1,0,0,0,0,0,0,0,0
7,-0.270006711102229,0.0750612542100167,-0.44359958014237,-0.146219903875628,-0.16000335719185,0.0806777965959127,-0.0081306202449579,0.009185970011339,-0.0104754836524141,-0.0836054355584546,-0.200435219398984,0.0653046857319857,-0.195660432627213,0,0,0,0,0,0,0,0,0,0,0,0,0,1,0
6,0.323460108913566,0.14669848189669,-0.0628852433618405,-0.874710456775193,-0.0128238868322772,-0.0269613294070847,0.007518048901074,0.217358454593182,0.135789639347064,-0.228110382128068,-0.216869453217901,-0.151992927573057,-0.703993419202131,0,0,0,0,0,0,0,1,0,0,0,0,0,0,0
7,0.0161331372913625,-0.016684329860771,0.830656175637482,0.964277010123636,-0.0257156661449045,-0.0263963536739379,-0.0271346972360988,0.121481928090309,0.106076947011464,-0.19766960442778,-0.310510130252793,-0.266683636275725,-0.497976350751383,0,0,1,0,0,0,0,0,0,0,0,0,0,0,0
1,0.410330650578931,0.0447290121050547,-0.396230179681204,-0.691587209964406,-0.157879231065614,-0.0755987329102351,0.0077051655210801,0.375643608013151,-0.0316168527746862,-0.0049296353418807,-0.084471285585964,0.0481537455143705,-0.468063499890999,0,0,0,0,0,0,0,0,0,0,0,0,1,0,0
6,0.341008739623236,0.0553280116203538,-0.753442563215732,-0.515945796876858,-0.142342950678566,-0.0216481671819483,-0.018352072120109,0.300938303744385,0.0521633490883638,-0.10140895431265,-0.231743170845377,-0.354856636762961,-0.49950232091856,0,0,0,0,1,0,0,0,0,0,0,0,0,0,0
9,-0.0937459119092525,0.0216194642804914,-0.0846070464021595,-0.520990361144714,0.0681234464092734,-0.125436374211242,-0.0466109751116209,0.158754620228756,0.0214828197710972,-0.106272616804947,-0.137076109204041,-0.152996926731722,-0.459058968475426,0,0,0,0,0,0,0,1,0,0,0,0,0,0,0
8,0.516725927953549,-0.0397948238791955,-0.332002154166187,-0.611910971331087,-0.0661035743515598,-0.179315709259769,-0.0413192609909527,0.402352425617339,0.176102434678721,-0.128197032406757,-0.0022652723508884,-0.113930646015419,-0.536364019430302,0,0,0,0,0,0,0,0,0,0,1,0,0,0,0
6,-0.26189337867464,0.0394198442831103,0.11505089849067,0.135680700961641,0.044766502083876,0.0240314558453135,0.008326711023624,0.151282423385671,0.120905530565967,0.136452973972703,0.207394580192834,-0.0124039754015349,0.776421610512012,0,0,0,0,0,0,1,0,0,0,0,0,0,0,0
4,-0.146880703942191,-0.0077595534899266,0.0298972951706367,-0.0757827423786012,-0.0770511203627094,0.120704561003692,-0.007080543277389,0.227340904022427,0.0419466172724671,-0.175439474055813,0.0458392142231649,0.036797019928886,0.0093253939752483,0,0,0,0,0,0,0,0,0,0,0,0,1,0,0
6,-0.218170401319232,0.0845629203364216,-0.278845678249382,-0.501530458861873,0.177033544720165,0.064482671675386,0.0183592089121736,0.0425563969809018,0.0366511490380903,-0.0697934173180212,0.142025267699425,0.0649715217148224,-0.22534386238013,0,0,0,0,0,0,0,0,0,0,1,0,0,0,0
2,0.0252237859140479,0.161521524277339,-0.414103131172613,-0.777312324729509,0.0354099211970821,0.133369796155855,0.0784829501723045,0.115454561264473,0.368773200074106,-0.0030335197817882,0.264261047478369,0.0747136256919834,0.543041236813828,0,0,0,0,0,0,1,0,0,0,0,0,0,0,0
9,0.841727939073187,-0.0104130404947242,-0.282434308923458,-0.622610690518367,-0.215405315197355,-0.216323833252237,-0.110144744207964,0.417757779899255,0.0554709663236005,-0.294501133082541,-0.261130096812859,-0.208017559067952,-1.01094438686221,0,0,0,0,0,0,0,0,0,0,0,0,0,0,1
0,-0.653310101811308,-0.0463712887908472,-0.204254008880752,-0.23844150119898,0.173638866495962,0.0125254739907394,0.0621375556064694,-0.528667181360243,-0.0475338913282706,0.0961562654503267,0.0551332978124269,0.132687989047162,-0.0949666525590549,0,0,0,0,0,0,0,0,0,0,0,0,0,1,0
6,0.380257995984352,0.003511651343644,0.133073772228406,-0.597030590801155,-0.0867615136084492,-0.0422869770966625,-0.0339062364107945,0.129316780490669,-0.0587677481953337,-0.14803935089887,-0.126529553859876,-0.171587616829604,-1.08166239310888,1,0,0,0,0,0,0,0,0,0,0,0,0,0,0
6,0.405442188102381,0.0717101014658333,-0.233891640172616,-0.544804358766187,-0.106688931947727,-0.186931044775491,-0.007147318774633,0.31283050657956,0.168693172432354,-0.197692305994773,-0.255356463914217,0.0135535071158913,-0.844851543183064,0,0,0,0,0,0,0,0,0,0,0,0,0,1,0
9,0.831932386170792,-0.0440020187846192,-0.337550360768942,-0.0696401521282133,-0.0444746137483814,-0.0693248341933166,-0.052961733857852,0.0775754346880777,-0.0052295981754294,-0.125748825697807,-0.0535828818639114,-0.0858791641803837,-0.561398568848839,0,0,0,0,0,0,0,0,0,0,0,0,0,1,0
7,-0.352284083070798,-0.0859773634360865,0.39064981634073,0.122130630326677,0.136104589058063,0.0679027427681026,-0.0475923295223279,0.0453749641273474,-0.136381300858297,0.0354997755989394,-0.0467523496063934,0.0764190041667039,-0.377130325184407,0,0,0,0,0,0,0,1,0,0,0,0,0,0,0
1,-0.422218222515112,-0.0736542825567144,-0.172460946407062,-0.2582234311521,-0.0614907073427529,-0.0141822778795375,0.0247872090692605,-0.537697030921321,-0.0759563206176994,0.136596361124836,0.0936002611929904,-0.0896475039108595,-0.20325559758804,0,0,0,0,0,1,0,0,0,0,0,0,0,0,0
0,-0.59670527893311,-0.125217874314342,-0.185008003906104,0.906361574025142,0.153809895518892,0.381543081527224,0.0489159455937554,-0.291317597224039,0.184164228261402,0.125082700888145,0.286121719688243,0.118905916670512,1.02490729200489,0,0,0,0,0,0,0,0,0,1,0,0,0,0,0
5,-0.412792538113467,-0.0252781202316482,0.480075468651496,0.641494253865591,-0.033784823733232,0.140569961161272,-0.0087322083151258,-0.11255642092916,0.104210092840216,0.0943046324912734,0.102898654278218,-0.0106987148686258,0.482615312909902,1,0,0,0,0,0,0,0,0,0,0,0,0,0,0
7,1.20001219106612,0.121142587909068,-1.42150955594399,-1.49525746900651,-0.129988328220623,-0.348182075495368,-0.0239384296165686,0.649834799525766,0.0528944077083671,-0.231915215621622,-0.258287349413425,-0.844371185797064,-0.959545256470565,0,0,0,1,0,0,0,0,0,0,0,0,0,0,0
2,-0.145599337336462,-0.0321224065752737,0.111202951834148,0.264818766442225,-0.0826875046309093,-0.0875070188165279,-0.0010175814130832,-0.113488872555222,0.002489193766346,-0.0132337989004202,-0.0174294769247197,0.17391117137572,0.140043053287958,0,0,0,0,0,0,0,1,0,0,0,0,0,0,0
0,0.612476066261856,-0.0221294161624684,0.0547361399239816,-0.368972199292854,-0.127007820027445,0.0059044155068581,0.0491245078636859,0.272736758650668,0.0365250062884234,0.0188670008397796,-0.0793403055932163,0.140313650893189,-0.242030117972907,0,0,0,0,0,0,0,0,0,0,0,0,0,1,0
8,0.0359892745349358,0.0630426191516735,0.245007434491892,-0.0964778266244705,-0.128849286550602,-0.167461457788184,-0.020134868673441,0.377953228371196,-0.133582257183252,0.0496365596874694,-0.0648875149959889,-0.122894756136987,0.0117135758212303,0,0,0,0,1,0,0,0,0,0,0,0,0,0,0
1,0.550979950135205,-0.0253092447084541,0.184229593170406,0.0768154583433807,-0.0565882655927553,-0.0453021169499605,0.0209701778619445,0.102693036212926,-0.0892957222239086,-0.155469832309271,-0.0342055051193941,0.0421866755734933,0.0870242272265221,0,0,0,0,0,0,0,0,0,0,0,1,0,0,0
0,-0.250012193974932,0.0941702757050184,-0.281190087499043,-0.22291818329036,0.0299743696577101,0.0849038349448663,0.0928426496370294,-0.255654227020547,0.096688587467376,0.156435894560475,0.127479451214057,-0.0963221064532042,0.223401019776411,0,0,1,0,0,0,0,0,0,0,0,0,0,0,0
9,0.0662338006742213,0.00355968460504,0.62671173705718,-0.0561897746820382,-0.0653501404349136,-0.168550009698362,-0.066998812132095,-0.134135733379497,0.11491714402326,-0.100457210819165,-0.0976642727535075,0.24004201023572,-0.352990419828041,0,0,0,0,0,0,0,0,0,0,0,1,0,0,0
7,0.0853463267829786,-0.0628644013907312,-0.559438280306572,-0.803061633739707,-0.156960949413893,0.0284161678388114,-0.0588168734543186,0.276998711517172,0.121581071164599,-0.0634552449334843,-0.116500040570817,-0.245407510607892,-0.962234314688214,0,0,0,0,0,0,0,0,0,0,0,0,0,0,0
0,-0.234656650478099,0.019121839783007,0.0441454190888441,-0.0270049429651494,0.0125481974543832,0.0756106008239613,0.047238747539025,-0.113340733327458,-0.0286511422927066,0.108334291563111,0.0617293611239047,0.184480845953949,-0.152040778358648,0,0,0,0,0,0,0,0,0,0,1,0,0,0,0
4,0.388406552872056,0.0056851519951376,-0.0053003757990993,-0.22053536765855,0.0287978360768965,-0.0431187032208113,-0.0037063421982288,0.199213822815515,0.172131081480944,-0.0116830847095874,0.0614449322815566,-0.2496041232892,-0.461735749916779,0,0,0,0,0,1,0,0,0,0,0,0,0,0,0
6,0.282686535952915,-0.0106631291992907,-0.370264613649325,-0.228875932732923,0.0237238921639239,-0.308612938525444,-0.0334414693776646,-0.108056591160366,0.0588396622608734,-0.141844959825073,-0.150906413698053,0.0695157006165487,-0.529494533212137,0,0,0,0,0,0,0,0,0,1,0,0,0,0,0
7,0.689184757391352,0.117133090587765,0.394240504328611,0.0902424830826909,0.0594339019812255,0.0013746946739387,0.0365223303156391,0.312230850382334,0.248933116643091,-0.112412603929719,0.0574690589774725,0.0350673023482667,-0.130136403668561,0,0,0,0,0,0,0,1,0,0,0,0,0,0,0
0,-0.138847744005048,0.0889143435155862,1.22481623824539,1.62968754439718,0.177755360604685,0.200013994973955,0.0983422556914467,0.0934841190174426,-0.0515128001687063,0.252915559655008,0.218573573589674,0.565942319642769,1.25802009540784,0,0,0,0,0,0,0,0,0,0,0,0,1,0,0
3,-0.140615554069976,-0.0518412802777133,-0.601663241257437,-0.437390573080152,-0.0891621128697931,-0.0763444076050293,-0.0304782440493578,-0.294984714739111,-0.1326534774047,-0.1909289440097,-0.277032213578012,-0.306126386071248,-0.931259985899393,0,0,0,1,0,0,0,0,0,0,0,0,0,0,0
9,-0.445986474691243,-0.0974811296882146,-0.339785770747043,0.480674132819003,0.0979493339829626,0.172602423578318,-0.0519790144455948,-0.275435986509849,0.13497004968515,0.112142287703371,0.173453308133294,-0.190295913581942,0.794318549485897,0,1,0,0,0,0,0,0,0,0,0,0,0,0,0
9,-0.0217641649509513,-0.035232622842961,0.599513373700125,0.131064896314522,-0.301985368206743,-0.0822427371451588,-0.0889984206600387,0.0591450513748125,-0.037630589408937,-0.129066071052729,-0.114702416049786,-0.458333093695699,-0.378890492574675,1,0,0,0,0,0,0,0,0,0,0,0,0,0,0
8,-0.45809677502186,-0.0132870544084982,0.640694856936004,0.506996749513811,0.100701882958718,-0.0748509400258709,-0.0312139822813673,-0.0692940219628858,-0.0106503710325727,-0.0116020164540282,-0.0390081116559816,0.248853054048024,0.0771818346462214,0,0,0,0,0,0,0,0,1,0,0,0,0,0,0
5,0.658283122423394,-0.0511779468623278,-0.0897943209435125,-0.247317305104103,-0.172944519047854,-0.170733447804732,-0.0170696445411264,0.295877701761304,0.116690096949793,-0.128899669484166,-0.0388932221547658,-0.136448486499702,-0.880965526462163,0,0,0,0,0,0,0,0,0,0,0,0,0,0,0
6,-0.0029326746299954,0.0150003065953304,-0.441891593988674,-0.644584269977984,-0.1019543134249,0.0442916817769043,-0.0268305355999353,0.0553104653523135,0.010089007214986,-0.12999027639677,-0.0049739261565646,-0.365074075542819,-0.767275318086352,0,1,0,0,0,0,0,0,0,0,0,0,0,0,0
2,0.0398280854774325,0.115219975068743,-0.204899298388358,-0.248627814139299,0.0956741781221487,0.0608908330326252,0.0226392185327655,0.251823475277104,-0.210562615022085,0.0998054713252489,0.197232439226352,-0.0933723205859307,-0.0101206730637614,0,0,0,0,0,0,1,0,0,0,0,0,0,0,0
5,-0.509015418814008,-0.0007955761946559,0.226590095819379,0.118012052254977,-0.0557843152974864,-0.0589066239516541,-0.0247658557444782,-0.230308380302072,-0.0229768568837398,-0.208477346953834,-0.210233432963701,-0.194301622497986,-0.740308450416695,1,0,0,0,0,0,0,0,0,0,0,0,0,0,0
9,0.467425568259275,-0.0142358471906171,0.0805525401572261,0.0883916164976242,-0.0506786861543332,-0.0448656721128529,-0.0540631119458795,0.625038061919842,0.0122968590171231,0.0271256235641268,0.0191723142067337,0.0229738346671783,-0.125722413023207,0,0,0,0,0,0,0,0,0,0,0,1,0,0,0
5,-0.444241244763174,-0.0136925089075632,-0.354335115113969,0.0325114458750137,0.214364308006129,0.0233240217745638,-0.0217526643126048,-0.218437752471046,-0.392319259726064,0.0335862385432101,0.172024444605329,-0.0093601205618353,0.688288859713547,0,0,0,0,0,0,0,0,0,1,0,0,0,0,0
0,-0.319819132652256,-0.110169761216518,0.269647086790791,0.574351599343103,0.0447284993243812,-0.0140781842178702,0.0611595585971878,-0.414562693516567,0.169457708992849,0.27928756575653,0.247968082432918,0.124082091489648,0.0796872200581341,1,0,0,0,0,0,0,0,0,0,0,0,0,0,0
7,0.501030760567631,0.0673819340257909,-0.437682917555311,-0.777961845056975,-0.0821741606069342,-0.149985681378608,-0.0282988532005449,0.229871470101817,-0.0296874933621655,-0.175948380810544,-0.247548837959722,-0.385364124775269,-0.760063651492475,0,0,0,0,0,1,0,0,0,0,0,0,0,0,0
8,-0.0733939810737125,-0.127029933063962,-0.0522682944798333,0.460271389175452,-0.0319646514633281,0.191282001455708,-0.0559458149927778,0.0012549224823965,-0.177120624895859,0.101861893838878,0.122460530159953,-0.168437516795479,0.343674865294429,0,0,0,0,0,0,0,0,0,0,0,0,0,0,0
9,-0.41769584966982,-0.0948922044862887,-0.183442243640076,0.372269817425907,0.007393184213569,0.0965279604359754,-0.0977630519303232,0.116783099999379,-0.225417945377523,-0.143180129803513,-0.0128662892382511,-0.149584679571769,-0.695873816630764,0,0,0,0,0,0,0,0,0,0,0,1,0,0,0
0,-0.34516512308762,-0.0226088209900417,0.0930445289678069,1.06982396555809,0.194674093118145,-0.0030194473702433,0.0483628436387164,-0.281070143210313,-0.0801989161355994,0.254379607399163,0.168297852151149,0.124935591623778,0.621567571126735,0,1,0,0,0,0,0,0,0,0,0,0,0,0,0
9,0.434605211490176,-0.0884788943266269,-0.466239829367035,-0.0479453279720903,-0.0650386489873968,0.230037380680096,-0.0583417695633951,0.23906117564731,0.22017299803557,0.102413391542376,-0.109141473491181,-0.18214691789487,0.219269669263639,1,0,0,0,0,0,0,0,0,0,0,0,0,0,0
5,0.43332527639489,0.1081085283614,0.0429023981805748,-0.642663064737331,-0.294786921454724,-0.18615586320313,-0.0124899037598284,0.0683344097769837,-0.14178134853947,-0.150303537526899,-0.245564809063596,-0.0478115097609828,-0.619389953630472,0,0,0,0,0,0,0,0,1,0,0,0,0,0,0
0,-0.547381484769878,-0.148348092836654,0.587841669951804,1.64473529121896,0.346360786548475,0.365289280717985,0.0927973842664569,-0.550976020350889,0.252004669708474,0.347824918794416,0.350468559459154,0.232333666069865,1.16536063788129,0,0,0,0,0,0,0,0,0,0,0,1,0,0,0
0,0.0771592786818128,0.0270632771566498,0.0548920734020662,0.365924398252406,0.0501071711833395,0.0981213522962384,0.0447634053552413,0.0835563022750685,-0.149201410333755,0.142626992397129,0.0976037284072043,0.390783175158731,0.180431499120813,0,0,0,0,0,0,0,0,0,0,1,0,0,0,0
9,-0.2224325474874,-0.0692149387585783,0.209238053119028,-0.583310368043552,-0.165740498738164,-0.263030565816178,-0.0807390139417579,-0.192831666118121,-0.0634370187871736,-0.202226467576776,-0.41461958517201,-0.114608224026787,-0.968014676994145,0,0,0,0,0,0,0,0,0,0,0,0,1,0,0
4,-0.0369068710554438,0.0232905871133493,-0.432467425875493,-0.830563620410769,0.0754273118958007,0.0750837700962362,0.0050833463067067,-0.153031321952205,0.0511756518719303,0.105700040291009,0.130897568946057,-0.192386394481131,-0.459695205127264,0,0,0,0,0,0,1,0,0,0,0,0,0,0,0
2,-0.510390828427185,0.0878182790971172,0.498380734081718,0.553349034439875,0.0989101168825442,0.0839538992478899,-0.0024005911456628,-0.31924043650193,-0.283084443290581,0.08486986424453,0.0868284930168799,-0.0910948219397487,0.550059708542643,0,0,1,0,0,0,0,0,0,0,0,0,0,0,0
2,0.211512228398459,0.022143292642911,-0.273835217343954,-0.0723775444417073,0.0905511840781941,-0.0498289868411316,-0.0095175671162318,-0.0810165725696672,-0.0348117101028126,-0.0155478717532313,-0.0235205305981494,0.138193296798026,-0.840193736240542,0,0,0,0,0,0,0,0,0,0,0,0,0,0,1
5,0.323142242383028,0.0171375212142974,0.431043677899996,0.432620421589577,0.144239146356712,-0.0610412891384595,0.0162624163286038,0.17264979834951,0.0303499735043941,0.0785646032151939,0.190519773943436,0.323058390714401,0.299646945592848,0,0,0,0,0,0,0,0,0,0,0,0,0,1,0
5,-0.778977800077265,-0.136027700775431,1.02043660565113,1.08483364423794,0.071828654969644,0.0140277674617038,0.0151703525504801,-0.33340888779791,-0.0828084134480161,0.13928808389879,-0.0171477811061627,0.29213067680097,0.0936121239168785,0,0,0,1,0,0,0,0,0,0,0,0,0,0,0
8,0.207669262193053,0.0715400939968699,1.00964420355116,1.10672444345545,-0.0818029520688462,0.149222829592966,-0.0202953690075027,0.411189612027986,-0.350456616777076,0.0622335072696416,0.0506368379116975,0.249067399932456,0.52899595281067,0,0,0,0,0,0,0,0,1,0,0,0,0,0,0
4,0.313752968476834,-0.0948168795786916,-0.534211260340349,-0.529505104173419,-0.0453764877087694,0.0626892473916043,-0.0337951723876728,0.0991106951410065,0.0224707903671584,-0.0438265615204729,-0.220469505391883,0.128321949003377,-0.114840404189324,0,0,0,0,0,0,0,0,0,0,0,0,0,1,0
5,0.0675708527380468,0.036583472233488,-0.285354184083209,-0.440143373882595,-0.0609296699910733,-0.0491307119844336,-0.006211349013179,-0.144861686757454,0.22971126800475,-0.0739308945441053,-0.0811610567876595,-0.167998940821886,-0.583269336254309,0,0,1,0,0,0,0,0,0,0,0,0,0,0,0
1,-0.546515188360805,-0.0543401175823366,0.462272410227443,0.457353789664347,-0.0723236221885058,0.0203056917916237,0.009943522140404,-0.427802542398361,-0.0482935701062527,-0.0707274849471192,0.0304837436929011,0.0161431722382753,-0.174655935921133,0,0,0,0,0,0,0,0,0,0,1,0,0,0,0
8,-0.0656961969285268,-0.121749648022692,0.025274429255119,0.511255665940552,0.111945416216598,0.133245956414074,-0.100785844569388,-0.119525441343909,-0.0344888467837082,-0.0653308664037369,0.0887064135697901,-0.0637033317723937,-0.193445363444387,0,0,0,0,0,0,0,1,0,0,0,0,0,0,0
2,-0.163270636394021,0.0370929130556965,0.345995739868523,0.801267769052349,0.0362916788174431,0.0514350916513501,0.0457207921259337,-0.188085550962238,0.134541620735875,0.0492008605018308,0.162929179491058,0.0205601546147582,0.655726005750247,0,0,0,0,1,0,0,0,0,0,0,0,0,0,0
7,0.12616752031075,-0.0246174150142995,0.428021972544597,0.476832590265753,0.115969972533612,0.14135361641065,-0.021263883809608,-0.0896905515057954,-0.122888858196888,-0.0098412962999741,-0.0481114190084862,-0.0292737425083641,0.248860159930113,0,0,0,0,0,0,0,0,0,0,0,0,1,0,0
0,-0.194392994983427,-0.0126556823180925,0.069492301131333,0.907148937028932,0.132402181016807,0.249344618658244,0.0620765488634838,-0.266888609465813,-0.000212534269157,0.162410520754308,0.123719025890418,0.0164629058139057,0.755588768960551,0,1,0,0,0,0,0,0,0,0,0,0,0,0,0
1,-1.14123848333574,-0.106828907977379,0.506628280210298,1.83010573433531,0.112655078389994,0.0717940161542241,-0.0016335880703166,-0.74964869248448,-0.170979786284716,0.147790098190496,0.116247208221571,0.499757381170005,0.889508548553141,0,0,0,0,0,0,0,0,0,0,0,0,0,1,0
9,0.576129988965536,0.087244266669249,0.27366219277172,-0.469159370319112,-0.0870322753514094,0.0486179414662851,-0.0555243092089684,0.562490812579299,-0.0442881822299556,-0.119223264843669,0.0183203694950391,-0.277740655150595,-0.216277973820719,0,0,0,1,0,0,0,0,0,0,0,0,0,0,0
2,0.465232746790331,0.0714158166033292,-1.08053032303659,-1.11746807875585,-0.0378897191490123,-0.0403179272276982,0.0024377517251679,0.179690132017354,-0.0940014205397439,-0.0947665848983929,0.0016855323520754,-0.407982021548621,-0.373399636557247,0,0,1,0,0,0,0,0,0,0,0,0,0,0,0
3,0.507270980872554,0.055237161589306,-0.535884457945318,-0.532580729217342,-0.209235179900253,-0.186572001228562,-0.0413355683940075,0.337555942991176,-0.240945142261214,-0.20520910530823,-0.214712452523738,-0.425351349689699,-0.853169653792396,1,0,0,0,0,0,0,0,0,0,0,0,0,0,0
2,-0.299315843549624,0.0162573715547623,0.101857655410843,0.761458262021423,0.0233907676937561,0.140166728749367,0.0282336502424219,-0.0918945265240605,-0.060327612510798,0.162174937125754,0.190415730237131,0.0019124500927296,0.900466131772291,0,0,0,0,0,0,1,0,0,0,0,0,0,0,0
7,1.17391126456677,0.120487143882973,-0.725713266672203,-1.87761899154786,-0.136392822009607,-0.252254552541386,-0.0242006043774238,0.68797931644738,-0.0531432006428685,-0.368492890916263,-0.389600107593814,-0.240173247915428,-1.78942741285205,0,0,0,0,0,0,1,0,0,0,0,0,0,0,0
9,-0.281439937007007,-0.10893185956489,-0.507089447562431,-0.615694750021718,-0.11053256490004,-0.0489435130012633,-0.0552262372992914,0.0241416733740577,0.152138208154547,-0.0954049688528852,0.0308477605288367,-0.274382022520838,-0.0489860685425397,0,0,0,0,0,1,0,0,0,0,0,0,0,0,0
9,-0.77331490402657,-0.112196273411353,0.346525459475771,0.155988197740766,0.0008197581043563,-0.0865150862482574,-0.0518543351575984,-0.156143139584343,0.0293867172146425,-0.0209930773315045,0.0991481388765316,0.257738678431036,0.124575549249854,0,0,0,0,0,0,0,0,0,0,0,1,0,0,0
6,0.624855900756882,0.154070495105946,-0.0082118896404407,-0.31557397520929,-0.0345604044383187,-0.030356510217285,-0.0075857243733971,0.304421007749064,-0.123916825217261,-0.0953597173199255,-0.0053013382327371,-0.229023507093442,-0.336694990855989,0,0,0,1,0,0,0,0,0,0,0,0,0,0,0
4,0.311503518557899,-0.0065348491504491,-0.15900260406467,-0.169589830722993,0.0715742599585078,-0.220354851723581,0.0048430195446904,0.461767653744086,0.039988090155095,0.0396824660449742,0.0178896557077868,-0.0923307017455643,0.02184586554625,1,0,0,0,0,0,0,0,0,0,0,0,0,0,0
2,-0.252902811186997,0.0215331617844834,0.3872001357845,0.579650374546611,0.0366484187702223,0.15146927423273,0.0127654583009288,-0.111647692606257,-0.272068849936311,-0.0559949176858999,0.0360416264265688,0.237804807906815,0.172403698625014,0,0,0,0,0,0,0,0,0,0,0,0,0,1,0
1,-0.460962401848953,-0.0295864747764058,0.412277396532917,0.953319086564144,0.0511923945605378,0.276807709941038,0.0727513295293197,0.140786628295782,0.0683896026217662,0.189917298190276,0.474378241878445,0.382088645725216,0.971108029295886,0,0,0,0,0,0,0,0,0,0,0,0,0,0,1
6,-0.349861096405697,0.0414485536486933,0.226135297871513,0.0273970900785813,-0.125633147148451,-0.0416922961468884,-0.0122651098907836,0.0372026496996167,-0.273536301152132,-0.0939805627166698,-0.0139205546165889,0.099997574005103,0.223415276787721,0,0,0,0,0,0,0,0,0,0,1,0,0,0,0
1,-0.559900935497795,0.134206617508748,0.471802065636647,0.640029423805284,0.0608709210093878,0.153114123917791,0.0826876817452755,-0.25601910588219,-0.0391561142359828,0.3041589853243,0.260277090086678,0.510261220235686,1.31380272142988,0,0,0,0,0,0,0,0,0,0,1,0,0,0,0
8,-0.415897578797581,-0.13456912101233,-0.0218442711829041,-0.0249340148661647,-0.0262154230998767,0.183363360697838,-0.0712595935262444,0.233521605731433,-0.0685994284045594,-0.047770963391871,0.150354137949846,-0.197567350415336,0.2723797287966,0,0,0,0,0,1,0,0,0,0,0,0,0,0,0
4,0.254228483091308,-0.0588981937236332,-0.19342531097228,-0.529328682700582,-0.0959921054889781,0.168546842608685,0.0028080686529993,0.195368617717415,0.130924218066128,-0.179298402907051,-0.260124575027755,0.0799614955517991,-0.911076120248332,0,0,0,0,0,0,0,0,0,0,0,1,0,0,0
4,-0.0182929108821252,-0.11292608708864,-0.410940821989651,-0.167392526565606,-0.002611660692182,0.0227228724472061,-0.0105310824970386,0.0655621492918941,0.0833903787550362,0.126010024104425,0.0669444655918644,0.234982156934095,0.498725049000189,0,0,0,0,0,0,0,0,1,0,0,0,0,0,0
8,0.0632216579628903,-0.0596492831442688,-0.0287151646403159,0.643710773845147,0.0904169262174125,-0.0510404756254223,-0.0411689657894251,-0.114094919062298,-0.0847067868666522,0.023811707492266,0.199792451587892,-0.24876665859346,0.718679568450477,0,0,0,0,0,0,0,0,0,0,0,0,0,0,0
6,-0.247189574586145,-0.0317567045382703,-0.17960603876146,-0.347588241127372,-0.0339108115757722,-0.251493323379705,-0.0226319931528511,-0.178704194281277,-0.115964171484664,-0.0989476839851306,-0.189778770739866,0.0141618816631331,-0.354521475187103,0,0,0,0,0,0,0,0,0,0,0,0,0,0,1
6,0.560617217950895,-0.203812392199908,-0.146222251725013,0.682610587029042,-0.0711399364527849,0.120195921043526,-0.0330545648907003,0.187470388492691,0.0112080731832361,0.0438657181440741,0.0489301122323039,-0.0114396935378456,0.0871772213114006,0,0,0,0,0,0,0,0,0,0,0,0,1,0,0
9,0.298517846220527,-0.0782235408401183,0.319981156743572,0.271300351788029,0.154682318173809,0.0062245639717482,-0.116415038151603,0.11058291788733,-0.252926071235146,-0.0561440030068924,-0.108369113534264,0.0314755201426806,-0.459868125915828,0,0,0,0,0,0,0,1,0,0,0,0,0,0,0
3,-0.339304690731309,0.0462692806998925,0.186067331799069,-0.1414845192297,-0.0310467638789405,0.170745331490528,0.0352314525554631,-0.0563059812504014,0.050655398454684,-0.0396719086317866,-0.0058795341355033,0.321664490983912,0.0206327816045783,0,0,0,0,0,0,0,0,0,0,0,0,0,0,1
0,0.11630690585194,0.0158880673858408,-0.0098095602301177,0.193016911135792,0.0214083045745007,0.18922185883311,0.0292032549772288,0.28176396809146,-0.196386389881135,-0.0239040963354592,0.0600738359710091,0.159512508006124,0.0092096170263926,0,0,0,0,0,0,0,0,0,0,1,0,0,0,0
9,-0.27940261079132,-0.128476731548719,0.551294316723237,0.597339486818874,-0.10703554514632,0.0426682353586664,-0.0849475955833763,-0.179541203867172,-0.0307923598008431,-0.123304655922716,-0.210761623951838,0.195599146337405,-0.44563735024509,0,0,0,0,0,0,0,0,1,0,0,0,0,0,0
4,0.86171610764968,0.132883662844389,0.150155991172978,-0.714044976226875,-0.115851727451422,-0.093265002893365,0.0225092850850471,0.747711007129386,0.162402548637883,-0.152458460121799,-0.18712137616697,-0.175748236816323,-0.647663011438141,0,0,0,0,0,1,0,0,0,0,0,0,0,0,0
8,0.005809570171359,0.0246476998399745,0.647747390462798,0.069560863718983,-0.0478458810562298,-0.30794444026108,0.0069265574010367,0.132035016430403,0.127025149971483,0.131888597576305,0.0333730943043351,-0.0360715378847374,0.0270364674526394,1,0,0,0,0,0,0,0,0,0,0,0,0,0,0
1,-0.487154044887738,-0.0872434450774534,0.79933875723362,0.529588077948196,0.113844658210596,0.000377941565925,0.0320104462125247,-0.272425496604663,-0.0522021341077879,0.0564143247689733,0.0723679498218736,-0.0646132511923975,0.166458226198484,0,0,0,0,0,0,0,0,0,0,0,1,0,0,0
7,-0.409129241037398,-0.066346419931466,-0.220251816615715,0.09504690995571,-0.0160876221960712,0.0709021612967097,-0.0208956471146522,-0.321871996261977,-0.0776341594066362,0.0864023664227704,0.104282916592255,0.212904424873409,0.178889095698478,0,0,0,0,0,0,0,0,0,0,0,1,0,0,0
8,0.151628534307013,0.105398868064002,-0.0232239659016371,-0.271781749724353,-0.0427153205781879,-0.225405054882561,-0.0373290341278258,0.110689628336329,-0.168044332673289,-0.100466195290316,-0.0662176572104555,-0.163404013785186,-0.0520579498604522,0,0,0,0,1,0,0,0,0,0,0,0,0,0,0
6,-0.69770695389779,0.0190155941365233,0.176257360810371,0.275432072333818,-0.026696923318565,-0.218745362301211,-0.0165468591710038,-0.656871558652481,-0.0719720861445796,-0.0491529874112641,-0.0736221243132683,-0.120511762792932,-0.184438074383617,0,0,1,0,0,0,0,0,0,0,0,0,0,0,0
9,-0.159149814432841,0.0039436521620917,0.277812046910055,0.316989509833025,-0.109961731804331,-0.0550350605264496,-0.0382716826549795,0.229931257488336,-0.180547585676249,0.0387468732452987,0.0204409118833516,-0.126544323540958,0.285996420304807,0,0,0,1,0,0,0,0,0,0,0,0,0,0,0
1,-0.366710793050328,-0.0139587438341464,0.285249822785518,0.895155374964427,0.126045552780508,0.335823830166026,0.049207775294743,-0.108947404826808,-0.200815548860076,0.0721957601505418,0.242691709702763,0.334430530305726,0.698207937697226,0,0,0,0,0,0,0,0,0,0,0,0,0,1,0
2,-0.329559513254912,-0.0253630247394435,0.383115266292087,0.328746706138762,0.0988739701088334,0.105356172754105,0.020710949346197,-0.139857591655713,-0.0344263197037465,0.139632049025542,0.301016542503353,0.278538272430753,0.419839615255066,0,0,0,0,1,0,0,0,0,0,0,0,0,0,0
0,0.166421044137994,0.0342447722701487,-0.51190893121018,-0.218067206010366,0.0130994343771621,0.0543166094036532,0.0593942388838131,0.14403742846506,-0.0656566909701098,-0.0437006371490795,0.0703141324447055,0.0515413984922192,0.346765681693481,0,0,0,0,0,0,0,0,1,0,0,0,0,0,0
1,-0.440423746179515,0.0731447414412311,-0.333373153076793,0.0045245067565962,0.141324216691432,0.0267910633131407,0.0555732865896778,-0.187116120435653,0.052455665323448,0.0434379853702793,0.0538620635758083,-0.248358318280604,-0.286846835813256,0,0,1,0,0,0,0,0,0,0,0,0,0,0,0
2,0.493071812440524,0.0029546476872445,0.401148156732309,0.259876521430898,0.132500831387964,0.0729061293333608,0.0172722759786796,0.269711298852467,0.0359825845480689,0.13110168801725,0.131887020976483,0.200498940330099,0.158415522166214,0,0,0,1,0,0,0,0,0,0,0,0,0,0,0
1,-0.386392444597322,-0.0471478550077976,-0.0098550384626379,0.673377853942511,-0.0038903083167681,0.149826314363962,0.0927109444381954,-0.159149184040589,0.283481935802329,0.126236605759717,0.134823880501239,0.161280393279401,0.582104613720069,0,0,0,0,0,0,0,0,0,1,0,0,0,0,0
4,-0.0347526527530984,-0.0416934528849639,0.0973420473490236,0.582017884526626,0.102266367074539,0.18103537857034,-0.0228289515396134,0.0392319745958126,-0.100062338614601,0.0886895097128566,0.163602451450821,-0.292883803696317,0.142740960003377,0,1,0,0,0,0,0,0,0,0,0,0,0,0,0
2,-0.313943041844589,-0.0575653390257594,0.0026360657708718,0.664622815427142,0.158183148020624,0.2741149761787,0.0394400497920425,-0.0684090510108259,-0.161173531795421,0.191168735590004,0.154359303357701,0.230776133348364,0.703807233872744,0,0,0,0,0,0,0,0,0,0,0,0,0,1,0
8,-0.268815359836859,-0.0295361583746685,-0.0513521852132959,0.10988339136472,-0.0223523588563998,-0.144651967313458,-0.0134879080876501,-0.411513405926867,0.126533617372037,0.126995995488814,0.0578041923250059,-0.142563175405161,0.0808010310948088,1,0,0,0,0,0,0,0,0,0,0,0,0,0,0
4,0.350018270643597,-0.123572075065005,-0.146075201452508,0.434821113476788,0.0669583911119195,0.0449813253512923,0.0026655524487799,0.111686970837,-0.0298171156572471,0.0398482445038705,0.0299393006969538,-0.0134878886107743,0.199327111290568,0,0,0,0,0,0,0,0,1,0,0,0,0,0,0
6,0.172990916720525,0.0003144299055078,-0.434321702188423,-0.812979152885255,-0.203721925609953,-0.271954324275204,-0.0143811450896792,0.172103430178615,0.186025179256648,-0.23225002269341,-0.156304512280978,-0.301180328463953,-0.318021195764665,0,0,0,0,0,0,0,0,0,1,0,0,0,0,0
6,-0.183404173029436,0.044284136618379,0.330115441218136,0.25871243898314,-0.013381403216807,-0.127568147671372,-0.0377164974972395,-0.120802126628265,-0.0943878054941676,-0.160946683507167,-0.106178367580554,-0.315729980622238,-0.113403996383946,1,0,0,0,0,0,0,0,0,0,0,0,0,0,0
5,0.62119536216174,0.12866057540819,-0.054537205379581,-0.117804883395368,0.0296611761566546,0.0515497953844506,0.0129237698409382,0.274761914049593,-0.0193212395594097,-0.0807740371424266,-0.0038421444855878,-0.383607143656695,-0.362110185809408,0,0,0,0,0,0,0,0,0,0,0,0,1,0,0
1,0.0604876275826317,0.0320147952454783,-0.0173496179481305,0.323313795567867,-0.0038474703932982,0.0877951207488891,0.0271960014141534,-0.349036190898027,0.257458781976327,-0.0486693622133789,-0.124612410092526,0.0611639282434115,-0.166244670490824,0,0,0,0,0,0,0,0,0,0,0,0,1,0,0
5,0.266999385928805,0.0286033761043716,-0.116706866608789,-0.642384322238824,-0.162965267661586,-0.0463478370091381,-0.0724516774433203,0.0568620068786684,-0.601452132576353,-0.244518115153044,-0.168064993981946,0.13809803216068,-0.741020979415432,0,0,0,0,0,0,0,0,0,0,0,1,0,0,0
5,0.694743119350758,0.0654385573686768,-0.380343700595383,-0.848821507333451,-0.0764642293716149,-0.0953545059484138,-0.005137382096741,0.284751880593021,0.321170770642384,-0.143745122427874,-0.138476642540874,-0.102310626943026,-0.506154126758068,0,0,0,0,0,0,0,0,0,0,0,0,1,0,0
2,-0.208699778530286,0.0017599335107565,-0.120574305911283,-0.314484540108091,-0.13527885934412,-0.131792345281447,0.0173470482875519,-0.311900481076989,0.0404972408030493,-0.0608024258969799,-0.049963136449183,0.0670425337066309,-0.267250359043424,0,0,0,0,0,0,0,0,0,0,0,0,0,0,1
9,0.346248969405508,-0.151692357889197,0.460708051630143,0.678149949630164,0.0118488362601913,-0.0173967070800463,-0.103632915445906,0.131183177033366,-0.181762909899846,-0.129241120565729,-0.109924676892696,0.0820034158130716,-0.296353976701794,0,0,0,0,0,0,0,1,0,0,0,0,0,0,0
2,0.0919054650383157,0.162219173594984,0.131938963432877,-0.140270277405315,-0.0113567069468513,-0.0121259204000549,0.0658452851614197,0.177061426311559,-0.114970778536761,-0.076188022450773,-0.122714024859544,0.125200720709461,0.361584860977266,0,0,0,0,0,0,0,0,0,0,1,0,0,0,0
2,0.0288196675719568,0.034330441087105,-0.136919150299175,-0.694687405829252,-0.114333796759202,-0.0481230269735299,0.0041266415968247,0.0884582211926626,-0.121203934084835,-0.213533089157094,-0.1391263431826,-0.264462135731418,-0.915954618960964,0,0,0,0,1,0,0,0,0,0,0,0,0,0,0
4,0.14069102031695,-0.0656695493879782,-0.531979118628704,-0.545880387595896,-0.15964411852975,-0.106913316356248,-0.019252675548012,-0.404887960799848,0.0919772833341803,-0.0735256615101611,-0.0963681213726017,0.0207788995544734,0.0049025339453222,0,0,0,0,0,0,0,0,0,1,0,0,0,0,0
9,-0.307722737326491,0.0755053425446022,0.669648100239407,0.111658834713542,0.0277076331890149,-0.0179051916182642,-0.0413556660897653,0.148365915853563,0.121368091349236,-0.0941989446627664,-0.106857709574727,0.0789018243308107,0.269972335009539,0,0,0,0,1,0,0,0,0,0,0,0,0,0,0
1,0.221317690444912,0.0716173937226852,-0.429825676949142,-0.491421626828236,0.144248879933708,-0.0535263077798317,0.0577586814017207,0.0077894022895223,0.289981861843673,0.145801379487258,0.0680306207813648,-0.0269911130991755,-0.342866059289863,0,0,0,0,1,0,0,0,0,0,0,0,0,0,0
1,-0.010786575302768,-0.0679345833088528,0.517397487309502,0.645105012063191,0.204129200360987,0.157603168447778,0.0282898644069423,-0.100415415329581,-0.150707570489649,0.0950336096337116,0.0911305911683431,0.391932313198237,0.734000954151905,0,0,0,0,0,0,0,0,0,0,0,0,0,1,0
6,-0.28612805801702,0.0295796622513731,0.180604941578648,-0.529523467769025,-0.0985943980800351,-0.0428610207720191,0.009624254664199,0.0219602203650723,0.120663452249491,0.020011605136074,-0.0512854795505354,-0.0777079182307556,-0.405496275079404,0,1,0,0,0,0,0,0,0,0,0,0,0,0,0
8,-0.204395173352116,-0.0625910132343646,-0.017109608038217,0.232024536380065,0.0466802125699242,-0.037502046116117,-0.030997011146146,-0.183118162585114,-0.0276167463680663,-0.123344101660586,0.0024303075257711,0.0279046439579884,0.19653923334667,0,0,0,0,0,0,0,0,0,0,0,0,0,1,0
9,-0.370715347540442,-0.161751566817622,0.0050220698591385,0.558055824989,-0.0050948853501679,-0.172179816651948,-0.0407219830084806,-0.200329612542916,0.161071691846245,-0.0192001200933441,-0.102313238227411,0.104757744517777,0.015438178045878,0,0,0,0,0,0,0,0,0,0,1,0,0,0,0
4,0.321260106609959,0.0468719363650674,-0.441184793988105,-0.637021796422456,-0.0183061562762415,0.0031904050701332,0.028675127031275,0.164662807829527,0.328168047536232,0.023742891362964,-0.0586480914834846,0.0832625909724153,-0.252225847048029,0,0,0,0,0,0,0,0,0,0,1,0,0,0,0
6,-0.0731584425817071,0.0154781030999264,-0.0857690236605257,0.0459424405455949,0.136424386240747,0.10656279798918,0.0197065972686628,-0.252364117971627,0.0098504955214422,0.156137541810289,0.118449058887995,0.120130880721724,0.082885560903625,0,0,0,0,0,0,1,0,0,0,0,0,0,0,0
4,0.215703562465997,0.0009641667248252,-0.11927157118221,-0.0613655099422443,0.0864830442597519,0.100372548942242,0.0310182937145958,0.233339303516108,0.163859792956015,0.0635735473184258,-0.0162755527891488,-0.165441408256273,0.450167652737105,0,0,0,1,0,0,0,0,0,0,0,0,0,0,0
4,-1.14778977452074,-0.191440545450042,0.19748982648192,1.20483674595995,0.0260626505071,0.139604634339566,-0.0357441749799862,-0.644004470524892,-0.317167520311153,-0.0068636135742794,-0.0412513998128216,-0.0004997107156706,0.144478679308846,0,0,0,0,0,0,0,0,0,0,0,0,0,0,0
4,0.307306380489425,0.146794272528621,0.162794128550562,-0.0175841092516372,0.101872176343268,0.224077512405563,0.0608785666810848,0.189226485779584,0.0592499728975536,0.103832600319422,0.109388911817281,0.188768377124234,0.774620164088494,0,0,0,0,0,0,0,0,0,0,1,0,0,0,0
5,-0.304820024105464,-0.0759045002260894,0.666391736320349,1.71397663243778,0.167837635098246,0.336130577771767,-0.0232296281694212,-0.211331830674452,-0.0458734904487538,0.170718396902695,0.192550872134039,0.11712673363666,0.942744722112215,0,0,0,0,0,0,0,1,0,0,0,0,0,0,0
8,0.272171750641135,-0.0644769708830409,0.148519729864263,-0.446783793464896,-0.107169192618358,-0.0298658195772593,-0.0447933998461667,0.186698080028636,-0.245680797599186,-0.170611839766125,-0.115606259857597,-0.164852694365064,-0.513444536028843,0,1,0,0,0,0,0,0,0,0,0,0,0,0,0
0,0.189615693959417,0.17590806801876,0.21137213267846,-0.154198323820237,-0.0950364647760341,0.152122694392999,0.105804031743099,-0.0592597900675115,0.153076380494979,-9.7830949914654e-05,-0.030863436899178,0.257284313043096,-0.0573638655504107,0,0,0,0,0,0,0,0,1,0,0,0,0,0,0
8,0.818087597643886,0.109101514510366,-0.281592416568821,-0.770467650284933,-0.19402839151372,-0.0854666598504092,-0.036696460485181,0.467831404069144,-0.153228264243427,-0.175242815278311,-0.248465964497349,-0.152861902663441,-0.782457553214134,0,0,0,0,0,0,1,0,0,0,0,0,0,0,0
7,0.651439381927849,0.0891700978447503,-0.500568093348744,-0.952587956106272,-0.0596219499769746,-0.194371587658322,-0.0044049522249778,0.390525190949226,0.200980941448188,-0.118877726611085,-0.178487201916134,-0.190407852233688,-0.632300744847585,0,0,0,1,0,0,0,0,0,0,0,0,0,0,0
5,0.280836891225379,-0.0111185562359437,-0.305381424395769,-0.290633139070389,0.0990088810105779,0.176698889814965,0.0068520759989329,0.239192836994308,0.395240659826675,0.0928895513875768,0.235561397794022,0.246577131546319,0.105151148474744,0,0,0,0,0,0,0,0,1,0,0,0,0,0,0
5,0.128036848567752,-0.0025481093918747,0.069556252655868,-0.0255944233860989,-0.111159479949788,-0.0649453241981112,-0.0214760069413577,0.0476769958547682,0.0571657989930625,-0.231499874706583,-0.138452195771194,-0.283451370546042,-0.881177080358842,0,0,0,0,0,0,0,1,0,0,0,0,0,0,0
1,-0.856465105110047,-0.0276723211987309,0.463318340347022,0.474499559003588,0.134991465578646,-0.0229176578484966,0.0254311602939561,-0.823299212864697,-0.168823787322068,0.171447289262607,0.116932827429469,-0.074250305606155,0.312621030881568,1,0,0,0,0,0,0,0,0,0,0,0,0,0,0
3,-0.381238706626263,-0.167513812352678,-0.135910503458074,0.461742307043812,0.0791659673825263,0.0024108209746067,-0.0221578231261619,-0.321772984171006,-0.0039929877281843,-0.0641562239000906,-0.0465592691661714,0.169092624275517,-0.0044747416813359,0,0,0,0,0,0,0,1,0,0,0,0,0,0,0
2,0.251819945001661,0.0190816581167579,0.448254413194028,0.275630762763152,-0.0868566733317515,-0.0213456085217268,0.0575171190852641,0.449422556907394,0.284482377104541,0.0908532578411431,0.0136307000610519,0.091815591349867,0.0239346557721755,0,0,0,0,0,0,0,0,1,0,0,0,0,0,0
6,0.0761621486971575,-0.0458792637638857,0.566296020266465,0.250497384150207,0.0785896371395618,-0.0647064663720591,-0.0023740852358789,0.248502074471142,-0.218228136351721,-0.0178588665754422,-0.0209878047179395,0.192320290967988,0.0554566075740881,0,0,0,0,0,0,0,1,0,0,0,0,0,0,0
3,0.171947211331909,0.0733176223644957,-0.258620029127207,-0.819391316195056,0.010635525411486,-0.0185907368187844,0.045831404019283,0.386084834032435,-0.0341422215518659,0.0101534224908854,0.0078334916144821,0.135924860241353,-0.10466472969724,0,0,0,0,0,0,0,0,0,0,0,0,1,0,0
6,-0.213280148776744,0.0759801128598769,0.210647444833455,0.039075913084189,0.0259460331560003,-0.125319952088573,-0.0166116544189922,-0.122000970001792,-0.111535493950061,0.125673787929579,0.127300753454076,-0.224404486178223,0.25431332270898,1,0,0,0,0,0,0,0,0,0,0,0,0,0,0
3,-0.525256813334962,0.126047203051351,0.555328526878044,0.720103471345407,-0.0793446530593162,0.180281312461108,0.0367066317516145,0.0316022002168506,0.0985493684769726,0.159379826466754,0.174934069799993,0.147783536134757,1.12953688764892,0,0,0,0,1,0,0,0,0,0,0,0,0,0,0
2,0.0466213474351685,0.109895694160994,0.202758888024299,-0.248765433682441,-0.0864292213444835,0.0732619243205869,0.0683387988983665,0.0076067857840792,0.23605872706538,-0.0126577844499784,0.102928921591537,0.100414285464755,0.499635938143873,0,0,0,0,1,0,0,0,0,0,0,0,0,0,0
3,0.608139347156141,0.112170467812144,-0.296470900892467,-0.342934359608375,-0.0705436389896192,-0.0486721302485718,0.0097282561559764,0.283487693536701,-0.06257189535728,-0.0520103117789251,-0.226255625907471,-0.321097085204143,-0.968474239886336,1,0,0,0,0,0,0,0,0,0,0,0,0,0,0
0,-0.501252527688668,0.0336500836991087,-0.435980303648524,0.235314328744047,0.0593129264602352,0.229942682053385,0.0551607914714552,-0.42764673339384,0.225796909680715,0.0495558722218215,0.0663524283641389,-0.0314019906092416,0.49344403527282,0,0,0,0,0,0,0,0,0,0,1,0,0,0,0
2,-0.439188743399482,-0.0087245062236641,0.10511455091043,0.660823444302015,0.020577156087008,-0.0351667682694288,0.0571279661252848,-0.222280735506386,-0.120593972933756,0.145759095907138,0.159067753800739,-0.106031378218927,0.560512042394419,0,0,1,0,0,0,0,0,0,0,0,0,0,0,0
4,0.166369686216733,0.135079108530445,0.33927486310959,-0.297674230159258,-0.004150327578744,-0.0372825794692143,0.0132801307602019,-0.25712238646743,-0.132875811521933,0.023927868568938,-0.009744820007911,0.0554678715252178,0.181221356136682,0,0,0,0,1,0,0,0,0,0,0,0,0,0,0
2,-0.0868012871992674,-0.0622003560491626,-0.352326210381726,-0.446912644431373,-0.0573785958140157,0.0775425565823521,0.0121073383939713,-0.105714436985887,0.0895680762872042,0.0143111558418726,0.108590183558457,-0.262381899789197,0.401666911669256,0,0,1,0,0,0,0,0,0,0,0,0,0,0,0
2,-0.279012132703376,-0.100585472709946,-0.239120975517527,0.560099726578145,-0.0390833074776966,-0.0257830798228973,0.0019616010323632,-0.0338994280728711,0.106021920061691,0.115982407142125,0.0091675963871688,0.156491616440723,0.162335527899896,0,0,0,0,0,0,0,0,0,1,0,0,0,0,0
8,-0.632824725580135,-0.048163677184335,0.993761241390706,1.03481002935811,-0.0011001486823305,-0.0524858266877993,-0.0454638802978078,-0.241092985005704,-0.238283318846523,-0.0043730160223572,0.158703365905223,-0.0474667524873066,0.359658963378175,1,0,0,0,0,0,0,0,0,0,0,0,0,0,0
4,-0.455033271475802,0.0131569103365513,-0.206717029950665,-0.431057829587649,0.0282068003228788,-0.0803556383697437,-0.0294878923161757,-0.181340278214028,-0.141716078541904,-0.151188133065212,-0.198541699677775,0.11675950480683,-0.482617925601727,0,0,0,0,1,0,0,0,0,0,0,0,0,0,0
6,0.26920484157958,-0.0160987790494964,0.368353314045679,0.214512892610052,-0.0106219610397568,0.0645626431902933,-0.0194463614133,0.0607292226122445,0.064006651181656,0.0117622791942606,0.0103910960984322,0.308921052522342,0.0713171749045506,0,0,0,0,0,0,0,0,0,0,0,1,0,0,0
8,0.104010038371913,0.0740983649112567,0.371744474057617,-0.561389049283096,-0.0644139409689705,-0.1923718551516,-0.0366368089073654,0.233935995761919,-0.0903684448376026,-0.2173382024027,-0.0887917208916618,-0.117869647668673,-1.15273964729746,0,0,0,0,1,0,0,0,0,0,0,0,0,0,0
2,-0.535929895093773,-0.128876857893436,0.88365339166776,1.44613701675485,0.177274976203488,0.304629735767312,0.0477831078845148,-0.348655186276357,0.231222341442441,0.26375406880874,0.376774131564539,0.484006210291383,1.60793369334563,0,0,0,0,0,0,0,1,0,0,0,0,0,0,0
3,0.285618423619001,-0.0043010885200627,0.0018766747583726,-0.344756654946779,-0.0370123521554768,-0.0037822023268683,-0.0146431427430468,0.217285074165778,0.249495787326724,-0.0146920542397772,-0.17419728865019,0.128120269736566,-0.407658279805685,0,0,0,0,0,0,0,0,0,1,0,0,0,0,0
8,0.0780467801733407,0.000841186878326,0.0592264013703792,-0.49533906197324,-0.0654476673735303,-0.250307817038949,-0.052331776378072,-0.188309627175948,-0.0470008653224408,-0.0829858916214326,-0.207907982706198,-0.191163294403871,-0.450444115422251,0,0,0,0,0,0,0,0,0,0,0,0,0,0,0
9,0.538298836286721,0.0817901702904799,0.205168207307759,-0.226215081581933,-0.208167527984907,-0.0877632536393551,-0.083754254495827,0.514890792527604,-0.215892307749695,-0.162821018481678,-0.12219089400786,-0.179272391947221,-0.808642476703929,0,0,0,1,0,0,0,0,0,0,0,0,0,0,0
3,0.516710737562534,-0.0135298252893383,0.635440398983582,1.0502701855554,0.0347344683839534,0.0618325429988104,-0.0062270536862225,0.532612599073028,-0.0965847575330033,0.0451333053819797,-0.0791326867725064,0.113535485663104,0.0301802268228971,0,0,0,0,0,0,0,0,0,0,1,0,0,0,0
4,0.732235976820531,-0.0299396173909127,0.146247127960372,-0.199225840950672,-0.074845461758396,-0.185256392504813,-0.0397011117042533,0.133781537714891,0.0125115624883731,-0.0258045604204894,-0.153235590466546,0.262532798975963,-0.52316043477426,0,0,0,0,0,0,0,0,0,1,0,0,0,0,0
6,-0.101230135951189,0.163434093977402,0.202457641324529,-0.405385114440694,0.0137667026959744,-0.0503442625454009,0.0073449253577144,0.23600626795867,0.188483527717303,0.0723127502150888,0.026204216707653,-0.0049826113383127,0.107190909207414,0,0,0,0,0,1,0,0,0,0,0,0,0,0,0
4,-0.149851636058355,-0.0622563876196739,0.857454994495564,1.03910037777999,0.0213633946587623,0.0052817257156968,0.0089362193882108,0.222744397752741,-0.0305336344346393,0.0283487480659148,0.0432411107321818,0.151111897573529,0.348732877670263,0,0,0,0,0,0,0,1,0,0,0,0,0,0,0
8,-0.242232162318861,-0.0428465335441134,0.433970577682351,1.05653678152496,-0.037571052713265,0.0285224931906452,-0.0043313962072228,0.0263465147529449,0.0106802115149582,0.0355241736956326,0.108305162652465,0.354956947690023,0.366160320846638,0,0,0,0,0,0,0,0,1,0,0,0,0,0,0
3,0.500551457087198,0.0466514679126561,0.258261544106828,0.0053809340081047,0.0047653767928231,-0.159942747433019,-0.0099263477261388,0.230137744019027,-0.26295408146402,-0.167899469678324,-0.114698832864317,0.11495931575847,-0.559856704958005,0,0,0,0,0,0,0,0,0,0,0,1,0,0,0
6,0.369835487096914,0.0851448038898015,0.431435128842719,0.10161153507276,0.207051554673602,0.0456059651015288,0.0072883151264665,0.081802740018309,0.0150569103017242,-0.0730491128645406,-0.0694125645585216,0.197290038672194,-0.0991371027300312,0,0,0,0,0,0,0,0,0,0,0,1,0,0,0
6,0.826727344069307,-0.0194843074993565,-1.27522690797779,-1.54727463150843,-0.204807451680598,-0.225296736434548,-0.055644109825351,0.40689212706128,-0.0224639560156694,-0.292487907602783,-0.347415945022646,-0.377729006865282,-1.52383210888094,0,0,0,0,0,1,0,0,0,0,0,0,0,0,0
8,-0.490779249831949,-0.122452997808761,0.168512672367318,0.360030641106791,-0.120498824456868,0.0526277025987954,-0.0825918611735439,-0.305059405838902,-0.0670077923679109,-0.026994892238644,-0.168009537338724,-0.0380368195389567,0.437061894490923,0,0,0,0,0,0,0,1,0,0,0,0,0,0,0
7,-0.0237741561568076,-0.0246029124298857,0.13680259863395,-0.0789795388415086,-0.100420450387505,-0.0974597101083642,-0.038580622005541,-0.182088344833405,-0.0975033641787579,-0.0342244866189597,-0.0677975029873127,-0.0601403753738564,-0.378730467599011,1,0,0,0,0,0,0,0,0,0,0,0,0,0,0
6,-0.0868287405375647,-0.0193767708180015,0.251337944141164,0.567089521319573,-0.0557465861253061,-0.192421128269752,-0.0176071208610076,-0.185457092579888,-0.034888632323731,-0.151462240630041,-0.146734453827612,-0.182921106094648,-0.140494440943286,0,0,0,0,0,1,0,0,0,0,0,0,0,0,0
1,-0.0637402970941978,0.0849418068112305,-0.0676860464551381,0.502559157530385,0.0545975942511787,0.190948990079115,0.0869735215540138,-0.12353640346004,0.244884593935609,0.0870087508300411,-0.0437110543452756,-0.155218837688791,0.586156888760117,1,0,0,0,0,0,0,0,0,0,0,0,0,0,0
3,-0.296080381183687,-0.118537355216136,0.709816743281288,1.02029533446744,0.109709363771202,0.0956197782197186,-0.0164770806259933,-0.315303090213473,0.0258306770896561,0.107513915866554,0.135785741756262,0.129375500882781,0.222238475041077,0,0,0,0,0,0,0,0,0,1,0,0,0,0,0
8,0.39549310738056,0.0435737655288866,0.0767570424486196,-0.699060128690326,-0.0718773183997176,-0.268705844069525,-0.0635839157098171,0.283614144622966,-0.126801669036067,-0.214208316892571,-0.195494168934157,-0.234507946180588,-1.01385722504063,0,0,0,0,0,0,0,0,0,0,1,0,0,0,0
2,0.0167972667835423,0.0389423739362878,0.0640943178472473,0.162623242959798,-0.004540084247577,-0.0200814529409663,-0.0113331475542307,0.0433739980714331,-0.0562731744674043,-0.0004979272638469,-0.0648386833416831,-0.209011096740321,-0.020353188235302,0,0,1,0,0,0,0,0,0,0,0,0,0,0,0
4,0.0200137849906544,0.0430116585969254,-0.47701219038525,-0.0073015650233421,0.0260373558049222,0.0519776397843444,-0.0003178306897272,-0.0902351766710488,0.137645333278006,-0.0158533688843056,0.0604215299565848,-0.195875289508326,-0.141138488183049,0,0,0,0,0,1,0,0,0,0,0,0,0,0,0
6,0.155682984829533,0.0728930491900605,0.0967441415354515,0.593762303312151,0.0284123019199744,0.155995033215807,-0.0033102460374222,0.0205265176195354,0.0554996462929996,0.0266995770071425,-0.176257260942764,-0.272700750439746,0.458685663329401,0,0,0,1,0,0,0,0,0,0,0,0,0,0,0
5,-0.113579873300364,-0.0217318089962188,0.268294129413077,0.637340395721802,0.0583751581793995,0.153394284631889,-0.021437532095523,-0.169472297682667,0.0637528300952808,0.0016186901753591,0.117328695573707,-0.0013220111933572,0.271115554264544,0,0,0,0,0,0,0,0,0,0,0,0,0,0,0
3,-0.109035502381761,0.0968251355114781,0.282391610888377,0.387336642248936,0.186002847826208,-0.0967802644421304,0.0059799051830519,-0.224563791297256,-0.24048800337926,0.104295555498422,0.231649645084041,-0.111288944405442,0.55220825282677,0,0,0,0,1,0,0,0,0,0,0,0,0,0,0
3,-0.29482441627158,-0.0043818491437661,0.62578169766483,0.868296182118943,0.232143443813723,0.308438677368041,0.0059910928001494,0.190456152087325,-0.142696685371606,0.223651808628254,0.222106480309991,0.266346049237162,0.728988103705256,1,0,0,0,0,0,0,0,0,0,0,0,0,0,0
7,-0.0490318434790753,-0.0307358646304762,-1.02118096977823,-0.720043041118822,0.0540023548732608,0.116278825061571,-0.0131628108806128,0.0702884951880025,-0.111903704488162,-0.107383473755292,-0.0604620656530597,-0.284819615814983,0.0114068381118806,0,0,0,1,0,0,0,0,0,0,0,0,0,0,0
2,-0.699928930995537,-0.16639744155452,-0.475392023958021,0.271560242042962,-0.0231575790342836,-0.062758303386324,-0.018748501827795,-0.424060858952758,-0.206694551528233,-0.0124438852431613,-0.0163182322518065,0.315111383653463,0.442988137534881,0,0,0,0,0,0,0,0,0,1,0,0,0,0,0
0,-0.0493062829584356,0.0489395444288898,-0.38063301101088,-0.11811939664918,-0.0553582889648598,0.0958102883783553,0.0294346754378913,0.0821808050580615,-0.278670876895904,-0.0108500207144341,0.0768204666728024,-0.106703436149879,-0.158356374665173,0,0,0,0,0,0,1,0,0,0,0,0,0,0,0
3,0.792354920738278,0.0469898015113103,-0.529628623556149,-0.625538204165409,-0.0150673758478135,-0.191536972823735,0.0190135159991916,0.717793036027227,0.343102287052831,-0.141117703396955,-0.250423961143882,-0.183386516577607,-0.43180239964915,0,0,0,0,0,0,0,0,0,0,1,0,0,0,0
5,0.275608430337091,-0.0299557191845123,-0.356502938264889,-0.358917798743697,-0.0432791503466481,-0.139773617547445,0.0266425072769566,-0.086971345908951,0.256172990914377,0.0611470394527344,-0.136807011826135,-0.10932563570651,-0.50182700513401,0,1,0,0,0,0,0,0,0,0,0,0,0,0,0
1,0.150032752519256,0.0631765595643467,-0.440107239934604,-0.0551838968014326,0.0516626705736971,-0.0984994385471589,0.0420264235033038,-0.0526302658863324,-0.0282000806810541,0.0388329827287131,0.0441495030056087,-0.221227361505399,0.0528872246214354,0,1,0,0,0,0,0,0,0,0,0,0,0,0,0
8,-0.182191921289347,-0.136822226780289,-0.0307838611291653,-0.311025349722847,-0.0046183057882124,0.087589086898061,-0.042580134739877,0.106883940120409,-0.0554044167903606,-0.0417822540532566,-0.0746148938063555,0.223320638675982,-0.0942541902543585,0,0,0,0,0,0,0,0,0,0,0,0,0,1,0
5,0.619496705303141,-0.072027641745985,0.112724180268684,0.0984263896700243,0.0791704224136234,-0.0229544912319837,-0.0206503125549303,0.153765146711489,0.133886023184389,0.0015276891245279,-0.0653919837194214,-0.234292032614735,-0.468896611966063,0,0,0,0,0,0,0,0,0,0,0,0,0,0,0
3,0.22916827147145,0.12915426185339,-0.131786853439945,-0.358114289328418,-0.242085831906728,-0.0633901952505257,0.0175435619745777,0.361765115922797,-0.0773675128210695,-0.106591321465368,-0.0987448887738475,-0.375180439751074,-0.324741744064799,0,0,1,0,0,0,0,0,0,0,0,0,0,0,0
8,0.0973179105293678,0.0730022588148455,0.0490125565020906,-0.511446605750186,-0.276086382622622,-0.18099432590389,-0.0012169187136296,0.299462932908265,-0.0496756898043713,-0.0722889960283443,-0.107232711150014,-0.172248940869881,-0.117859661495661,0,0,0,0,1,0,0,0,0,0,0,0,0,0,0
2,-1.09455775387235,-0.129807765195886,0.656283601156372,0.684517256008344,-0.0063678313399849,0.262077499120148,0.0281365880694537,-0.79838030864825,-0.0195999943899568,0.201724615304058,0.128842685852416,0.539957240720241,1.00362487597094,0,0,0,0,0,0,0,0,0,0,0,0,1,0,0
2,-0.0360752948379167,-0.025253809725271,0.602827332891616,0.592811555385834,0.0803556131906652,0.0321102438770803,0.0102334470785197,0.0403936917365656,-0.114133394758294,0.0775069544215185,0.0367715813515077,0.263219848879251,0.701945575707752,0,0,0,0,0,0,0,0,0,0,0,1,0,0,0
8,0.257467246609497,0.159506910837471,2.04938011946071e-05,-0.565029601360889,0.0007234857539206,0.0749454276342169,-0.0218818539670994,0.130834964813924,0.174163035842037,-0.151824417247053,-0.0362940322768893,-0.135371356121371,-0.364271586986048,0,0,0,0,1,0,0,0,0,0,0,0,0,0,0
1,-0.348283207981251,0.0185939688273094,0.143906939149793,-0.0347751537575494,-0.0491749670519491,-0.155195666881937,0.0599414786203257,-0.0358869450855036,0.128744163671811,0.0836998214071101,0.0424838563170761,0.110963419854939,0.225091162853837,0,0,0,0,0,0,0,0,0,0,1,0,0,0,0
7,0.192228199430764,0.0133152958780929,-0.58433158112916,-0.709198397719419,0.0428697289392185,-0.0572219094649598,-0.0237274690655978,0.104568385849067,0.0242953819124534,-0.0555641496612755,-0.155697034973031,-0.150464549860069,-0.465221099926245,1,0,0,0,0,0,0,0,0,0,0,0,0,0,0
3,-0.247044993055019,0.0873491528246111,-0.0270484748850187,0.138500309749071,0.099312371490086,-0.0014543711120194,0.0181892157116676,-0.253995773607846,-0.0089224310413131,0.106436835674523,0.109049419312332,-0.183136878902573,0.200480362173552,0,0,1,0,0,0,0,0,0,0,0,0,0,0,0
6,-0.343154556697925,0.0007888965401474,-0.0383296489888385,0.0897920908154766,0.0365761025873683,0.169313080861787,-0.015449527931082,-0.106115459318268,0.259887419083378,-0.0211422512108988,0.156866159182172,0.0521988019055792,0.207051828384575,0,0,1,0,0,0,0,0,0,0,0,0,0,0,0
0,-0.2358486334988,-0.0585961730432492,0.0366297371622354,0.437963240870309,0.114175840675284,-0.150541149704857,0.0283295482719337,-0.188332399535549,0.0733278893519767,0.149646585379955,0.0696641487608149,0.171937474295642,0.911543266774487,0,0,0,0,0,0,0,0,0,0,0,0,0,1,0
5,-0.276924342282393,-0.024574821160973,0.206379946230873,-0.395114675012851,-0.153032512407961,-0.100034276325209,-0.0230305703264389,-0.108788290221477,-0.263138190653932,-0.112508241540087,-0.128944872640114,-0.0663685600316199,-0.611545289013253,0,0,0,0,1,0,0,0,0,0,0,0,0,0,0
1,0.212433436480601,-0.150003814930165,-0.43966229815244,0.228950197444665,0.129093665092394,0.272986567718463,-0.0026433634781215,-0.270186012718916,-0.156447159704942,0.0132365937563526,0.258395422866095,-0.0324790507730015,0.358960918840796,0,0,0,0,0,0,0,0,0,0,0,0,0,1,0
7,0.0966905993992853,0.0606654684768972,0.198795170184016,-0.0553937633988872,0.0013836085262379,-0.0234284801968042,0.0002174470142403,0.014205815490473,-0.0006343327269111,-0.122693116359103,-0.162668941666804,0.0660717496837186,0.0622078294771812,0,0,0,0,0,0,0,0,0,0,1,0,0,0,0
5,0.243021613205901,-0.004884175992144,0.122134659127184,0.141551489445456,-0.0342806852961764,-0.246303085524142,0.0258471189067409,0.201504892186456,-0.0922103577648695,0.0684273578035789,-0.061608275907053,-0.128196490588453,-0.0663484226172068,0,0,1,0,0,0,0,0,0,0,0,0,0,0,0
7,0.521050576940723,0.115254509889311,-0.451719673021256,-0.513995534167484,0.0371054781547931,-0.292230332630902,-0.0297532311933852,0.0246279234730389,-0.245305853916374,-0.163044222585267,-0.0672612303728784,-0.344423199565229,-0.692363007403551,1,0,0,0,0,0,0,0,0,0,0,0,0,0,0
4,-0.321342709281037,-0.0449340939209062,0.155649462590038,0.538889985048506,0.0624555071509929,0.157909313986543,0.022027232646161,-0.267988572722436,-0.004833768665814,0.125766954351927,0.0646262854357085,0.250832759717033,0.690613159667901,0,0,0,0,0,0,0,1,0,0,0,0,0,0,0
2,0.0261052629683622,-0.063650651208204,-0.356118906410054,0.0723138314937005,0.0390695130103918,0.0588098021022704,0.0184705743309521,0.170748421674933,0.0536230865611877,-0.154088101521048,0.0939955583343009,-0.0124682308871003,-0.0061660110339455,0,0,0,0,0,0,0,0,0,0,0,0,0,0,1
2,-0.760963393812124,-0.0234432811111814,0.40180294681631,0.513138710325927,0.0625708671820213,0.0318257284511974,0.0469541733739615,-0.090923103400906,0.0866858308399073,0.0948921913843631,0.0643546815841771,0.211398260937879,0.332316805748423,0,0,0,0,0,0,0,0,1,0,0,0,0,0,0
8,0.111560069660817,-0.106962029348671,-0.135296329063335,-0.240932563989092,-0.046974680897874,0.102639150230683,-0.0441364812698278,0.0437770557614022,0.0619971422686161,-0.135886953701914,-0.031252468944764,-0.11620909505355,-0.276781087572917,0,0,0,0,0,1,0,0,0,0,0,0,0,0,0
8,0.365806209593987,-0.140713400251191,0.701094110164277,0.87596314242258,-0.0466317699918251,0.0006986180137306,-0.0736957422025206,-0.008123778588337,-0.127673081998085,-0.101402488126787,-0.0667232132685773,0.356158574333092,0.0030223079338367,0,0,0,0,0,0,0,0,1,0,0,0,0,0,0
0,-0.32936083940868,0.0271649703454356,-0.51614831684624,-0.511770082685982,0.14345607290486,0.08535178773939,0.0462337487604218,-0.431099354830158,0.141206555204375,0.0660657889091958,0.0713283281815244,-0.12873748279848,-0.103797364732649,0,0,0,0,0,1,0,0,0,0,0,0,0,0,0
9,0.941901635684145,0.121002137206987,0.285437964470916,-0.412247291840872,-0.0580467450573319,-0.0502189602346262,-0.0583497853085655,0.531878262949636,-0.0565874480215533,-0.17664343882017,-0.224253312537985,-0.0181734937285351,-0.584697834345691,0,0,0,0,0,0,0,0,0,0,0,1,0,0,0
4,-0.116233933012864,-0.0135276051159661,-0.775425536478974,0.186898722479099,0.165242121352365,-0.137463630313736,-0.0188668237152804,-0.0680848518975841,0.219439427542038,0.0487785377607781,0.0793186089576913,-0.0804298329378882,0.391102186658016,0,0,0,0,0,1,0,0,0,0,0,0,0,0,0
8,0.627459086485405,0.0439384964706946,0.13342908214527,-0.0671868286107448,-0.0624985560125858,-0.029879272448893,-0.0366646000936543,0.587078199640907,0.0404581656099537,-0.0427370955142456,-0.0229667814503281,-0.449204026514679,-0.453201116935429,1,0,0,0,0,0,0,0,0,0,0,0,0,0,0
1,-0.114713976541358,0.0689838388401138,0.563520952491057,0.621601350233421,0.0847196604459056,-0.058731349120836,0.0073489894458163,-0.28541645384395,-0.103720178651121,0.0911213901780454,0.052328552621653,0.248825061657978,0.451934965160424,0,0,0,0,0,0,0,0,0,0,0,0,1,0,0
2,0.159960517576958,-0.0157190576212707,-0.545566889421801,-0.515650132366628,0.134177708296443,-0.0366522832205979,-0.0075586910236154,-0.030655753564164,-0.0185266364603119,-0.0960348132398054,-0.0521376387745341,0.0615461694227284,-0.370789390048662,0,0,0,0,0,0,0,0,0,0,1,0,0,0,0
2,-0.41489764512985,-0.0534867420816099,0.505195600363259,1.07865967543661,0.0635610070141487,0.233507003964491,0.0160540156056251,-0.113592137843175,0.0864497177796855,0.114129347032953,0.0776923909701098,-0.214553637347182,-0.0053730943836519,0,0,0,0,0,0,0,0,0,0,0,0,0,0,0
8,0.432387324023815,0.0352415255108204,0.17446397817021,0.0045443119021448,-0.0513358259242093,-0.219646354845624,-0.0419200211436593,0.342631552265522,0.113880171878912,0.038570811275731,-0.0465835123170553,0.119080807691086,-0.305668920941651,0,0,0,0,0,0,0,0,0,0,0,0,0,0,1
6,0.278628848482033,0.188980329864529,-0.461209220580097,-0.544324929922727,-0.141304995911878,0.0431237879572586,0.043942939185888,0.545974158492567,0.208983944940133,-0.0177469130234534,0.0749688462699672,-0.0534862711828699,0.287140001701733,0,0,1,0,0,0,0,0,0,0,0,0,0,0,0
7,0.128039772082527,-0.0255000551327226,0.15875891384151,-0.242481898928315,-0.131108155261018,-0.0302423346837327,-0.0260529131659719,0.505777054984083,-0.20060729366027,0.0138528679516643,-0.0586666631930089,-0.135060650150869,-0.144044512439839,0,0,0,0,0,0,0,0,0,0,0,0,0,0,0
6,-0.0669915704434588,-0.103833197909493,0.164334385998953,0.323013705474918,0.0130325204357575,0.141217693853441,-0.0272798457328955,0.152178829919465,0.225860241067996,0.0134474126018284,0.0020067290631633,-0.28484915930145,0.119617792516245,0,0,0,0,0,0,0,0,0,0,0,0,0,0,0
7,-0.127747785615145,-0.0189277278259333,0.123760484686209,-0.0637200203461291,0.0118862594456046,-0.367873711799498,-0.0408306817577524,-0.0919377216556995,-0.0424558296603264,-0.153188917286337,-0.0675188964954761,-0.0563546846276386,-0.561833417683797,0,0,0,0,0,0,0,0,0,1,0,0,0,0,0
3,0.291745423984363,-0.0867131615031998,-0.192006377471397,0.175147610635501,0.0389613067642335,0.0320667276513418,-0.002092896609049,-0.0973652924384589,-0.0922917189868352,0.123897146331576,0.162982719431377,-0.176868181809658,0.164194007896803,0,1,0,0,0,0,0,0,0,0,0,0,0,0,0
6,0.492206485274487,-0.0303639153435998,-0.338099183647621,-0.986744833600537,-0.135361789274964,-0.234758567626012,-0.0218934721788237,0.290506624874109,-0.0880730387656627,-0.213243416742851,-0.332117775205403,-0.340574740764058,-0.758879904614284,0,0,0,0,0,0,0,0,0,0,0,0,0,0,0
2,-0.169121264263275,0.124225881019534,1.35522981344728,0.787594821143084,-0.0750127196387514,0.0988853782400453,0.067082144652365,0.154848514158356,-0.0684417233700904,0.135553657818872,0.053045976758131,0.353536788909737,0.776397272929164,0,0,0,0,0,0,0,0,0,0,0,0,1,0,0
0,-0.476463187353013,-0.0525669391215885,0.0080193567477664,0.452087234490523,0.0596701446956108,0.212814650879605,0.0506051384033843,-0.38847078833663,-0.21465610512338,0.10354958272823,0.114840309423417,0.397310159798826,0.887322778692246,0,0,0,0,0,0,0,0,0,0,1,0,0,0,0
6,0.214138218875055,-0.0313225927718701,0.1198783633,0.381888331601097,0.127709253820394,0.0687825848848785,0.0070723904581964,0.118261952124838,0.227291238685392,-0.0146577218105414,0.12641082294652,0.131393798713414,0.08870775507567,0,0,0,0,0,0,0,0,0,0,0,0,1,0,0
3,-0.47108991501283,0.0278957740931829,0.438471298778687,1.01842191744361,0.102070429794266,0.100954957650259,0.0116641118428885,-0.226085396123633,-0.0697317103621776,0.121031621524396,0.0861425558576872,0.183876125681351,0.395932000199874,0,0,0,0,0,0,0,0,0,0,0,0,1,0,0
7,0.47772724681721,0.0284050066075575,-0.254781513581075,-0.360381508152137,0.194248269351132,-0.0699755595107766,-0.0185929246082802,0.478271370998202,0.0531873312610919,0.0353840058492478,0.0971032519296476,-0.261306957587929,-0.0818363688901002,0,0,0,0,1,0,0,0,0,0,0,0,0,0,0
5,0.201232673127996,0.0552430315496204,0.743330326772586,0.170891400475275,0.130236917890716,0.0755089593999999,0.0018265325035196,0.0695143500120967,0.0149163868418452,-0.0987575368842664,-0.0049313429799781,-0.09760336950651,-0.547677161176793,0,0,0,1,0,0,0,0,0,0,0,0,0,0,0
8,-0.156170585873858,-0.0593860326409134,0.577510368364885,-0.279870367956085,-0.168151297233825,-0.132642936779274,-0.0253016493601037,-0.142731792339359,0.0800245276236985,-0.0975573253216843,-0.0849169684469137,0.0643772066681043,-0.157407387653866,0,0,0,0,0,0,0,1,0,0,0,0,0,0,0
4,0.381876433185107,-0.0010170294375081,-0.14083796208723,0.0219673105377376,0.133376005501387,0.106659091710448,0.0407890464138569,0.414005716459041,0.142343512005899,0.0763018826638237,0.203704533969299,0.0071908211097692,-0.0994389609275944,0,0,0,1,0,0,0,0,0,0,0,0,0,0,0
7,0.228635909708779,0.0708807766218484,0.0041468602973039,-0.0939353642057541,-0.0515424370586721,0.0344547226287975,-0.0273513937191169,0.107333295397058,0.0251172104085769,-0.0213231046135578,-0.0331411945779108,-0.0829630623972423,0.359626430637957,0,0,0,0,1,0,0,0,0,0,0,0,0,0,0
0,-0.375009906384495,0.131589102966872,-0.0689668171337198,-0.0023384280637201,-0.0484367992492007,0.0771054839807282,0.0865210029013712,-0.218746911389108,-0.161230261779915,0.0328725934837143,0.136479328733664,-0.0377638548716058,0.102748022698861,0,0,0,0,1,0,0,0,0,0,0,0,0,0,0
5,0.273683878265768,-0.0604989176830942,0.312565043757963,0.044538623387089,0.0003799783844407,-0.0336591532344455,-0.0298080526655013,-0.237200168203938,-0.137339343900422,0.144871927711244,-0.0539689994220755,0.0483195830919006,-0.040219277112274,0,0,0,0,0,0,0,0,0,0,0,0,0,0,0
7,-0.177996906881836,0.113879407328708,-0.374373321695895,-0.138325615351527,-0.0580563849430085,-0.0739702425368366,-0.0222810123781838,-0.247693050154744,-0.355266953224051,-0.0298294547056406,0.0371863169120729,-0.237893831749424,-0.0848058557888725,0,0,0,0,0,0,1,0,0,0,0,0,0,0,0
4,-0.664833850753475,-0.0430902136365093,-0.382385052139008,0.0729399567677642,0.0132737727815298,0.0594365262398556,-0.0062545274168027,-0.559225651605447,0.118348249728238,0.0945458202613675,0.0914065271573989,-0.0780041939666934,0.495606659398108,0,0,0,0,0,1,0,0,0,0,0,0,0,0,0
4,0.415475810772878,0.251719370416708,0.323361867870365,-0.201385328241431,-0.0836767013016241,-0.20383918758179,0.0173702260623518,0.386956800249742,-0.0217742877081541,-0.0763741941848569,-0.135598444024401,-0.169879936503789,-0.456578737527204,0,0,0,0,1,0,0,0,0,0,0,0,0,0,0
4,-0.136024284009858,-0.127524779037205,0.650790397747046,0.91539285625519,0.0363526490148475,-0.0014374633619433,-0.0178361473622289,-0.0334649349482179,0.003206559369837,0.0393150363823941,-0.0284049032040751,0.194169957800547,0.0534787826955708,0,0,0,0,0,0,0,1,0,0,0,0,0,0,0
8,0.020873734806163,-0.197416799975294,0.419952841042123,0.24150686020845,-0.0361362531026999,-0.0969755356889488,-0.0772713195921975,0.311553419479707,-0.129059219247876,-0.0415098393821517,-0.119215592882251,0.114552415173742,-0.44083476418015,0,0,0,0,0,0,0,1,0,0,0,0,0,0,0
3,0.222452592550892,0.0967954316391956,-0.217014726721103,0.255984728420409,-0.0116437893833094,-0.0356660020236976,0.0352439324586861,0.286921720719,0.0425429672556578,0.0476314204097695,0.0076023954571156,0.0683228602983836,0.0503537652250632,0,0,0,0,0,0,0,0,0,0,0,0,0,0,1
8,0.151292886275883,-0.0120829623503769,-0.795267596673833,-1.63797067063879,-0.24310182472815,-0.213768458707421,-0.0441653464552738,0.239025138132378,-0.145586574353198,-0.283208976711692,-0.290909582538841,-0.494244797582916,-0.858902683902728,0,0,0,0,0,1,0,0,0,0,0,0,0,0,0
0,0.056793625959292,0.0620259649795632,0.303955753526295,1.23764756717591,0.223454570921959,0.0912076939266506,0.0524373499280691,0.20676255011687,-0.0879021208979236,0.167507859558381,0.28819447632435,0.149254582522389,1.16669405259277,0,0,0,0,1,0,0,0,0,0,0,0,0,0,0
1,-0.25954564613424,0.026079483823906,-0.0723518781546975,0.322677893807144,0.0064595695569387,0.0928404912012785,0.0566431504459205,-0.0851660083459373,0.0263373955014155,-0.010396471221761,-0.1443037491874,0.198263036594244,0.318880681768746,0,0,0,0,0,0,0,0,0,0,0,0,0,0,1
0,-0.230902213852534,0.112810413981942,-0.244695134352401,-0.482590215663418,-0.0160710554102965,0.157331935132382,0.0618249221114644,-0.186097642726432,-0.217045922296457,0.033819630417955,0.174822302741264,-0.187909968257366,0.105357345960263,0,0,0,0,1,0,0,0,0,0,0,0,0,0,0
3,0.0632364618816784,-0.0750799454380316,0.0378735845157792,0.253940815892061,0.0964584296122084,0.35198177757125,-0.0189506708129434,0.0757211114844595,-0.362515284943967,-0.0544915772147036,0.135471951237845,-0.0024603327648444,-0.33495440169327,0,0,0,0,0,0,0,0,1,0,0,0,0,0,0
9,0.721554088806789,-0.0266936157358997,-0.0514775028233364,-0.668741006728852,-0.0216573954231692,-0.14467298935057,-0.0960556534990633,0.32378000868886,0.0132371494447032,0.0097098826599002,-0.0495424400147944,-0.241302597688554,-0.0209645756238449,0,0,0,0,0,0,0,0,0,1,0,0,0,0,0
2,-0.496337320559672,0.0522335936877532,0.0942742055532563,-0.0171896322403941,0.0528141898713676,0.0022064561686774,0.0445854030471894,-0.454877306272118,0.0897354092843463,0.049858345846618,0.109560610086369,0.223413280839075,0.545724644021286,0,0,0,0,0,0,0,0,0,0,1,0,0,0,0
2,-0.163464135933817,0.107924250415887,-0.264118838906994,0.0348216520402409,0.120811176039772,0.0342643859424454,0.0065288100493054,-0.0768663654398326,-0.150321127438258,0.0273576046676775,0.0063306971429338,-0.180049233738614,-0.226690365192837,0,0,0,0,0,0,1,0,0,0,0,0,0,0,0
9,0.663841761205094,-0.0577682237494616,-0.719661324416591,-1.26136882105131,-0.0218433959321645,-0.110422549222942,-0.0668719290426418,0.0827519323939343,-0.167366159075436,-0.165615802836289,-0.127916105253196,-0.286130330190388,-0.557623392210495,0,0,0,0,0,1,0,0,0,0,0,0,0,0,0
1,-0.151062729892468,0.0543039928847135,-0.206089059769014,-0.228213058162391,0.0149424877868518,0.134604545311756,0.0529432618422972,-0.120858515252648,0.140581766974135,0.041936049269665,0.116561723843891,-0.126980973013864,0.144668620043648,0,0,0,0,1,0,0,0,0,0,0,0,0,0,0
8,0.122821154392039,-0.172928770586715,-0.926192236379505,-0.704564941439967,-0.0742288285536207,-0.179988702442122,-0.0541789087083095,-0.114974761796674,0.161381515843772,0.0177859197159566,-0.0335910424455255,-0.114853314589559,-0.409556408989491,0,1,0,0,0,0,0,0,0,0,0,0,0,0,0
4,0.0390222647472527,0.0513234571807361,-0.261617707813778,-0.0370582464469999,-0.0284736595536033,-0.0494381587256474,0.0040864949812116,0.177630828507688,-0.175866590684285,-0.0077887141986501,-0.0068050688335851,-0.0280729039737256,-0.0125595609374404,0,0,0,0,0,0,0,0,0,1,0,0,0,0,0
0,-0.0512871180089334,0.0164474593106043,-0.378048995992755,0.151425987629031,0.166175740836868,-0.0485716918291546,0.0614627173388258,-0.154815708257196,0.0864408124932125,0.150882598167538,0.162694658158111,-0.0312822228335806,0.663235247971378,0,1,0,0,0,0,0,0,0,0,0,0,0,0,0
8,-0.425687733777987,-0.0623956061156521,0.0068652914465843,-0.239407092963869,0.0829295046373855,0.211492797621102,-0.0283823934257694,-0.347339141811256,-0.11151326845331,0.0032646271854979,-0.0996260120714454,-0.291819211946413,-0.237578800616806,1,0,0,0,0,0,0,0,0,0,0,0,0,0,0
5,0.924176809678557,0.0087365381449756,-0.361884990536946,-0.971251311566749,-0.0589971919322333,-0.0329588420537997,-0.0462455359816601,0.385596417092871,-0.0605643618784892,-0.215620324056906,-0.119432570656645,-0.195109035798741,-0.792156070746277,0,1,0,0,0,0,0,0,0,0,0,0,0,0,0
5,1.10764841008077,0.0505359532609636,-0.345632942920938,-1.25171344143524,-0.111214370320546,-0.223612840466296,-0.0354676036567336,0.701555961212128,0.0971111610410428,-0.0500985919221778,-0.122239759893793,-0.166977522430655,-1.15382887896272,0,1,0,0,0,0,0,0,0,0,0,0,0,0,0
8,-0.254056159307193,-0.0226354986183546,-0.0346760065287847,-0.0260159018448672,0.0965948536436952,0.0686723369753117,-0.015967961023629,-0.224331471233372,0.115015874367888,-0.163494444868262,0.0907805062024771,0.211997396772223,0.198405919387201,0,0,0,0,0,0,0,0,0,0,0,0,0,0,1
3,-0.62759427811719,-0.096562654552189,0.586974338312517,1.13250798148797,0.0501236155954117,0.144418334493889,-0.0343028170689199,-0.37133185089447,-0.143868857040873,0.107160773115112,0.141946892354845,0.129597475722257,0.546664338069842,0,0,0,0,0,0,0,0,1,0,0,0,0,0,0
2,-0.211854809685027,-0.063156292819447,0.362510791964016,0.666654968758085,0.0834090853241715,-0.001837968100258,0.0064681609474506,-0.302414045269088,-0.0757758896863745,0.0648925739853292,0.127375175174326,-0.0808841097621006,0.104364082150293,0,0,0,0,0,0,0,0,0,1,0,0,0,0,0
5,-0.70390608040206,-0.0530124676180832,-0.371735076887525,-0.319614151246414,-0.0599260867135487,-0.0502892524215287,-0.0101768567404001,-0.550227126011485,0.0867919285371631,-0.0748663041479547,-0.251573315807021,0.0665108996390345,-0.285050617107012,0,0,0,0,0,0,0,0,1,0,0,0,0,0,0
4,0.507403425043527,0.0469263157318967,-0.762283343490049,-0.831573000491737,-0.009238931316122,-0.158962861771693,-0.0061038477283959,0.152672328066947,-0.0718389341748006,-0.131680342051059,-0.137540577922014,-0.19559939637015,-0.623998007376195,0,1,0,0,0,0,0,0,0,0,0,0,0,0,0
8,0.245319477926664,-0.0066644943397062,0.207610370554313,-0.198998242735894,-0.281495718491976,-0.039174076150734,-0.0410721908093412,0.200170546199787,-0.224674297146436,-0.0862285146966263,-0.155935478787769,-0.162453288937509,-0.467313779774036,0,0,0,0,1,0,0,0,0,0,0,0,0,0,0
7,0.270806693188616,0.0607196336786106,-0.0126929045612257,-0.842413036166296,-0.094265794029491,-0.116057862591265,-0.0298566555105827,0.267759410069833,0.0035095310151861,-0.229846020130797,-0.262308325643396,0.0767981224117832,-0.278576406114177,0,0,0,0,0,0,0,0,0,0,0,0,0,0,1
1,0.0925333362725723,0.0196297736192452,-0.494159624662324,-0.4968846243689,0.178609553476307,-0.0909323264824766,0.0309788771199041,-0.107921432792442,0.0755349787530845,0.198018295540606,0.0916882562379281,-0.134106984900555,0.371497803508206,0,0,0,0,0,0,1,0,0,0,0,0,0,0,0
9,-0.223317489983384,-0.0187440561338154,-0.314155037347606,-0.300449996840178,-0.154381227566146,-0.0431772219302715,-0.0531310538210648,-0.223057958703528,-0.0610328169856128,-0.117811342769073,-0.11838768258414,-0.43423336898418,-0.551449883230934,1,0,0,0,0,0,0,0,0,0,0,0,0,0,0
7,-0.566776025856125,-0.0081042613453681,1.19056100523882,1.29312380408414,0.0826874952488684,0.174895478209207,-0.0240124500648393,-0.245537722480727,-0.355263507178209,0.0669741503739254,0.247833928221102,0.141338167607025,0.399079040643003,0,0,0,0,0,0,0,0,1,0,0,0,0,0,0
7,0.210073256054021,0.008626138448926,-0.254708658171982,-0.517252443364595,0.15274531860942,-0.164068739723656,-0.0304626424398107,0.110926628980432,-0.117836681481986,-0.0196089795682929,-0.0715178960028878,-0.115663200832716,-0.676949189548974,0,0,0,0,0,0,0,0,0,1,0,0,0,0,0
6,-0.23525573388791,-0.15410250202934,0.46153110550747,0.976951391521987,-0.172084497858563,-0.150190874674847,-0.0628083991177394,-0.259996128219655,-0.267072500846045,-0.216902763205424,-0.350837543345602,-0.201467323761682,-0.110937968122996,0,0,0,0,0,0,0,0,1,0,0,0,0,0,0
3,-0.0374219630155562,0.0039238204630668,-0.225959403012844,0.282161853785325,0.0877475057076086,0.0206594062002802,0.0095416895168792,0.0445589300519359,-0.0548420487469449,0.0848901528233788,0.0835758429210467,0.193450163708412,0.0167555376766562,0,0,0,0,0,0,0,0,0,0,0,0,0,0,1
4,0.395333436490323,0.0439838787776842,-0.170685103426503,-0.39525888981188,-0.0878930317666493,-0.080691126548009,0.0294995229855413,0.143110081020692,-0.0289986522160936,0.0325931187940857,-0.0322383133531359,-0.0868911508817762,0.0830338427672202,0,0,0,0,1,0,0,0,0,0,0,0,0,0,0
1,-0.207728934676103,-0.0465940424582839,0.413889580880339,0.233450867170278,0.0120142447071818,0.181027588632788,0.077047717488939,-0.127880362767534,-0.087424414688719,0.207116589131459,0.100904951757609,0.451917910063931,0.327814767443762,0,0,0,0,0,0,0,0,0,0,0,0,0,1,0
2,0.384442701388062,0.133992710562318,-0.334302989707855,0.0939143783919547,-0.0570546339421211,-0.111334455934327,-0.0069439568439691,0.0845863473188634,0.185737524103496,-0.0855294730635294,-0.0922325050324533,-0.0773676551878637,-0.517018576933028,0,0,0,0,0,0,0,0,1,0,0,0,0,0,0
9,0.496088138558502,-0.0412003069318729,-0.430349284920265,-0.60164571603728,-0.0786238760669421,-0.197532969801842,-0.0790662716457218,0.142861671213194,-0.316667517675371,-0.227684401920113,-0.166001215382654,0.104275656456351,-0.263228410938861,0,0,0,0,0,0,0,0,0,1,0,0,0,0,0
1,0.0073470600187723,0.0368485449531313,-0.33370743615955,-0.108474283853573,0.0265951511951709,0.249652901915,0.048283460642666,-0.377027671917286,0.0668745893275909,-0.0829493763904011,-0.0229869333519048,0.0338829978349329,0.196299435480511,0,0,0,0,0,0,0,0,0,0,0,1,0,0,0
4,0.0688643516905089,0.0526932306123187,-0.307834311861352,-0.529082210862619,-0.0701785639799299,-0.107790693091951,-0.0130225110678976,0.0708593727959985,-0.009102381055685,-0.129612486861251,-0.12260561394017,-0.20865907900422,-0.809543243850982,0,0,0,0,0,0,0,0,0,0,0,0,0,0,1
3,-0.12501726932689,-0.037391684393197,-0.120613609385675,0.0985589746165225,0.207324919804349,0.0592814360399632,0.0272348348742705,-0.162407088191435,0.145630986889392,0.206240183697773,0.214383511732854,0.161304556872842,0.709951544330828,0,0,0,0,0,1,0,0,0,0,0,0,0,0,0
2,0.587771328127833,-0.0312036674806596,-0.521288861673457,0.122349304508698,0.0858271163335907,-0.0812782065891147,0.037619793755598,0.422376190925655,-0.0237075930289217,0.0212688186688153,-0.0833712597144472,0.0193575681609258,-0.270184874705232,0,0,0,0,0,0,0,0,0,1,0,0,0,0,0
0,-0.420962857291999,0.0971091538803335,0.216690792648786,0.273978913042688,0.251804737387801,-0.0723336193590279,0.0694765797672247,-0.275946516708209,0.0992977917333621,0.0925350059718744,0.0986702494742943,0.0773665685850435,0.152996443112241,0,0,0,0,0,0,1,0,0,0,0,0,0,0,0
9,0.0702861420503036,-0.0462699332303897,0.25037619187524,0.0593320702153677,-0.0400401385092424,-0.0031984284106056,-0.0479556404067739,0.136322024582012,-0.0909040328895663,-0.147570820956664,-0.119751255100015,-0.137673220537337,-0.471168145970173,0,0,0,0,0,0,0,0,0,0,0,0,0,0,0
2,0.220312295231677,0.0870132133774116,0.0132562707718074,-0.1146763907745,0.0456234058597759,-0.0789086784716065,-0.004716861816191,-0.0015315082729884,0.0566727109506956,-0.136097659227954,-0.135949730904451,-0.1644493853995,-0.0808444496896445,0,0,0,0,0,0,0,0,0,0,1,0,0,0,0
1,0.405061128062467,-0.0183579702883224,-0.348450480624838,-0.23055324508439,-0.0198430045427171,-0.228479394616531,0.0163069197306881,0.127115763862193,-0.0743378392358795,-0.0294047673027367,-0.0472429722880457,-0.0309197153592081,-0.0921770720557229,0,0,0,0,0,1,0,0,0,0,0,0,0,0,0
3,-0.17282349641157,-0.0002091591616768,-0.358437674237453,-0.465477125643243,-0.0223679585414834,0.0659296614344186,0.0432354564401028,-0.156721477769727,0.0276952211268608,-0.0218915507007615,0.0278995502505042,-0.34182952934463,-0.367932328396497,0,1,0,0,0,0,0,0,0,0,0,0,0,0,0
4,0.0444045039371411,0.0378394364348474,-0.742507542561045,-0.406289298156866,0.0981958833403228,0.0052141790901842,0.0145562259848792,-0.256236993455421,0.0984568824089188,0.119884995743812,0.147689331829562,-0.257418430460143,0.139849554758825,0,0,1,0,0,0,0,0,0,0,0,0,0,0,0
2,-0.215374155793833,-0.0738658023017452,0.271886266356764,0.907351733253013,0.134713049726026,0.334717372225809,-0.0007478377595238,-0.143156036295928,-0.0986146642585192,0.0326797517092228,0.175594306373445,0.217329207841221,0.0169430463466831,0,0,0,0,0,0,0,0,0,0,0,0,0,0,0
0,-0.432081333287302,0.10986074107406,-0.362160821258204,-0.364211275201528,-0.0450128187423686,-0.0079683243672283,0.100544486355558,-0.104324443033359,0.0742496501876316,0.133551463678118,0.191735439746975,-0.0195284282829128,0.580163890702533,0,0,0,0,1,0,0,0,0,0,0,0,0,0,0
8,0.0624032648125585,-0.021841442188316,0.352764640244461,0.268015896514763,0.108806146399542,0.051932352505446,-0.0704881054709459,0.292873721573185,-0.121355499127392,-0.0006084951291339,0.0875243251691926,0.231493525587426,0.579395491374953,0,0,0,0,0,0,0,0,0,0,0,0,1,0,0
4,0.337454607800067,0.0323327038191361,-0.494659816930431,-0.698158301193565,-0.124565908617129,-0.071127579475078,-0.0091561623639756,0.0295132052133622,-0.284010272436197,-0.15103903816094,-0.0630514302904593,-0.151574369810243,-0.627830650023246,0,0,0,0,0,1,0,0,0,0,0,0,0,0,0
1,-0.209514736761103,-0.0899200941997255,0.462016648913024,1.23542102654868,0.0715835356387996,0.0549173468943404,0.0084624149294014,-0.392308617317698,-0.227502730013638,0.160450419557847,0.142308471479992,0.263131539481606,0.764780511441442,0,0,0,0,0,0,0,0,1,0,0,0,0,0,0
0,0.567591793330505,0.0926880411891669,0.522746671819161,0.217639417992503,-0.0770067867796903,0.0211524531712205,0.0577929575108269,0.327921410516005,0.0023611471019724,-0.0633492508491682,-0.185169099063856,0.197717932778165,0.0765588194625377,0,0,0,0,0,0,0,1,0,0,0,0,0,0,0
1,-0.617968819045558,-0.0048583187423126,0.329803340843076,0.947070612422073,0.119206309589114,0.0634472595688068,0.0415020345290773,-0.324311985666792,0.0063246475394881,0.167328280498595,0.0703757196999327,0.375380362780084,0.900123686113256,0,0,0,0,0,0,0,0,0,0,0,0,0,0,1
6,0.158663476294075,-0.0267497204260588,0.232807005844508,-0.261677761914033,-0.0573759910871455,-0.0991087735260883,0.0333831065999997,0.284400807504589,0.232898184072409,0.0839978996440137,0.149926798882177,0.280983590074502,-0.0935057802415797,0,0,0,0,0,0,0,0,0,0,1,0,0,0,0
4,0.49712901332232,0.0438059325294374,-0.981360386184631,-0.946235135101793,-0.10396690957001,-0.14677191724169,-0.0299211952858466,0.0344733831825544,0.0378473561250197,-0.190267538759435,0.0050298084592169,-0.204645673198348,-0.891908680545067,0,1,0,0,0,0,0,0,0,0,0,0,0,0,0
9,0.216189285399669,0.0188703160601115,-0.0480103152971659,-1.13806556972247,-0.162032262471403,-0.289765602725134,-0.0460463617485819,-0.0070214397379448,0.2478062454845,-0.0322380133395196,-0.0856592405023548,0.0168405459140727,-0.704057574249236,0,0,0,0,0,0,0,0,0,0,0,0,0,0,1
2,-0.0633343220679597,-0.0607614461544092,-0.197163068041429,-0.108292394213794,0.0710186492263798,-0.0603185024692004,0.0183742604264119,-0.0615618368012367,0.198635980676272,0.0821687166275737,0.0142311045810724,-0.461029869068388,-0.402636939957356,1,0,0,0,0,0,0,0,0,0,0,0,0,0,0
4,-0.378940617294202,0.144306221625972,0.308558257242997,0.592829708381411,0.0770169560397737,0.257523661032854,0.0332323574891214,0.18514765938856,-0.0295298546013562,0.0585681172282787,0.0786512634326809,0.0273962428916162,0.841536164814482,1,0,0,0,0,0,0,0,0,0,0,0,0,0,0
7,-0.0944001924003181,0.0605458074300191,-0.0381731090517187,-0.171649949125373,-0.0302189197414119,0.0083800445117118,-0.0534663438431754,-0.145229542779621,-0.0986137424894966,-0.192039159770067,-0.159872811205287,-0.181766302896155,-0.0728943794685034,0,0,0,0,0,0,1,0,0,0,0,0,0,0,0
7,0.275783115355214,0.0892174271368804,-0.446478471954464,-0.761116423214707,0.0157473433416633,-0.238705941495543,-0.0035900477545677,0.0320141436397756,0.154293318795899,-0.100999525354054,-0.074341807365008,0.0259481875413494,-0.515743314661577,0,0,0,0,0,0,0,0,0,0,1,0,0,0,0
6,-0.153322366071009,-0.0900297177151774,0.53307217829673,0.158060225480326,-0.0326004059103198,0.187522331341406,-0.0407249278724743,-0.0937531639191112,0.0304145423496245,0.0463061434461487,0.0685626517109915,-0.0002401395460057,0.0084649399421959,0,0,0,0,0,0,0,0,0,0,0,1,0,0,0
1,-0.0507230892232956,-0.0894981144927546,-0.107853845665207,0.433013858590783,0.134340087522078,0.345083017072933,0.0207699257697593,-0.0414463995685642,0.0560779081784542,0.175282058492696,0.0265761083232848,0.148523447477283,0.227562288112318,0,0,0,0,0,1,0,0,0,0,0,0,0,0,0
4,-0.0706564040159365,0.0926618538113285,0.673895726791934,0.181442179809056,-0.0236365310903913,-0.0893498919131291,0.0132724869295277,-0.188203926495164,-0.0863026915788381,-0.0281765092924228,0.0086653008530666,0.454336688736364,0.411535921723477,0,0,0,0,0,0,0,0,0,0,0,0,0,0,1
7,-0.187955258713485,0.0291512328438375,0.466208690529286,-0.0174119373545471,-0.104280806565938,0.0981809661564893,-0.0285546789493916,-0.0114556825435258,-0.0858638142984083,-0.058907424132422,-0.102932590587973,-0.0070328590107612,-0.228143927981248,0,0,0,0,0,0,0,0,0,0,0,0,1,0,0
6,-0.369799751984292,-0.0938179745419797,0.414586847144864,0.333304623847848,-0.113350541603591,0.0503623755926603,-0.0211252462267639,0.202091830993857,-0.367079375958814,-0.0459610816704023,0.0155774681914857,0.0358953843782267,-0.160531150563575,0,0,0,0,1,0,0,0,0,0,0,0,0,0,0
1,0.0966451591137373,0.0773391189861846,-0.0933258043854216,0.449855380133157,0.0749713578443605,-0.0334650329394235,0.0422040998643627,-0.0446659933605239,-0.0752603235282794,0.005637630452182,0.0354580243020952,-0.257952048334107,0.277897538195871,1,0,0,0,0,0,0,0,0,0,0,0,0,0,0
2,0.400793975363405,0.172047437927888,-0.181719267507329,-0.0616814561512217,0.110601370432604,0.135096752589653,-0.0169676938513189,0.0934470177609915,-0.0455391032401064,-0.0700186120475252,0.108759004536959,0.0759450346601438,0.274885651951717,0,0,0,0,0,0,0,0,0,0,1,0,0,0,0
1,-0.1338752770119,0.017281744933667,-0.594934913924267,-0.413023293984407,-0.0548197071242828,0.09012400874817,0.0096299360655713,0.0173178974074411,-0.0447374749960085,0.143991161133002,0.060225519021685,-0.0074109404850484,0.393462294485626,0,0,0,1,0,0,0,0,0,0,0,0,0,0,0
5,-0.0221234934410859,-0.0380604676995027,0.455455489580852,0.202349497088214,0.0999126845646146,-0.0554408443295834,0.0088872528351133,0.13980798946955,-0.0429002758358897,0.134634442656113,0.238742966062982,-0.0699762344389376,0.157086157971164,0,0,0,0,0,0,0,0,0,0,0,0,0,0,0
8,-0.362878860248261,-0.189027342382347,0.727525168025297,0.834413261303631,-0.152805938855203,-0.0201551162214246,-0.0311909769061117,-0.21281487619202,0.228936618253206,-0.0028657285467406,-0.0369813360720066,0.216193798026381,0.376305320973571,0,0,0,0,0,0,0,1,0,0,0,0,0,0,0
9,0.468593883192182,-0.0368746348507902,-0.481273663736833,-1.00529670828448,-0.0321844891590996,-0.0308105798356634,-0.0305966923625147,0.539757087473553,0.0687602029276692,0.003783621720402,0.0390275357616613,0.0205126809366758,-0.144972948500199,0,0,0,0,0,0,0,0,0,0,1,0,0,0,0
2,-0.170625326500451,-0.0304350276466006,0.62103015647547,0.0724159365817244,0.135738223971166,0.0577758304479358,0.0272868469929949,-0.0290678001042821,-0.0424464041269691,0.0361228509843604,-0.0298978307231816,0.334744062372971,0.108991780953517,0,0,0,0,0,0,0,0,1,0,0,0,0,0,0
1,-0.162763633616569,0.076737728228142,-0.179697002960038,0.112366467707085,0.084915347724911,0.150501159298385,0.0455998184543255,-0.190525189763959,-0.0100655731165732,0.0040154984236571,-0.0296860961857668,-0.212444004592027,-0.0771216183387567,0,0,0,0,1,0,0,0,0,0,0,0,0,0,0
7,0.850245759207924,0.0614160844734384,-0.253158740596716,-1.030985899627,0.107933323477343,-0.245712254627644,-0.0541322107517122,0.399266177288281,0.0771443220423371,-0.135721033842353,-0.0919180733279746,-0.286418545933556,-0.771375284730936,0,0,0,0,1,0,0,0,0,0,0,0,0,0,0
0,-0.18254511828925,-0.0706873849423616,0.333515537480296,0.259935638321457,0.0064956008769114,-0.175816365107082,0.0161107510501088,0.0319248706513857,-0.0333617511691145,-0.0450700700898388,-0.0545894554549348,0.191599837343043,0.0884480299421183,0,0,0,0,0,0,0,0,0,0,0,0,0,0,0
8,0.0618643192877794,-0.0617177692731659,-0.257612551049681,0.102152355401072,-0.0778259278900792,0.0694976201090243,-0.043565593185622,0.341223603774831,0.0669902297555806,-0.0087306906693903,-0.0173892179737899,-0.270978879530209,-0.174841324370757,0,0,0,1,0,0,0,0,0,0,0,0,0,0,0
9,-0.402092559257512,-0.0901384564322752,0.375130710596263,0.322725545146796,0.0082302899660955,0.330882023564721,-0.0206217287203401,-0.269712322702446,0.223728028074163,0.112725224587555,0.191483973095707,-0.240719508907289,0.293297141476863,0,1,0,0,0,0,0,0,0,0,0,0,0,0,0
1,0.251671431094599,0.088666720089409,-0.335357181683408,-0.931900123468037,0.002323355858174,-0.0684224163609991,0.0387976624449701,0.0160183940473797,-0.143007028873269,0.0367317672983339,-0.100858487504688,-0.0272551208016357,-0.757636003348594,0,0,0,0,0,1,0,0,0,0,0,0,0,0,0
4,-0.297755503151,-0.0918128882667014,0.255974348201932,0.525269590400783,-0.0393395636831689,0.112121453833249,0.0112186103034362,-0.127479639235315,0.157958974077095,-0.0363175415905126,0.0319036607357962,-0.212166930000142,-0.0303645510028795,0,0,0,1,0,0,0,0,0,0,0,0,0,0,0
3,-0.278878162620934,-0.0364479903472781,0.393444652679581,0.802234770525894,0.0169818297621573,0.0681408833076712,-0.0121362810858271,-0.263818674690461,-0.142342128659714,0.116167298807747,0.117103137482181,-0.0583903415174538,0.54836203543891,0,0,0,1,0,0,0,0,0,0,0,0,0,0,0
4,0.109796776285083,0.0882278231412436,0.227134104847102,-0.388735761099511,-0.230323176841738,0.0921255435019461,-0.0063720950247596,0.398764958691474,0.100646710312043,-0.015947237558578,-0.103104889780019,0.221100723164311,-0.570831232138028,0,0,0,0,0,0,0,0,0,0,0,0,0,1,0
6,0.897789283109139,0.0526707463681888,-0.675314723502396,-1.42709161476157,-0.0804075705585861,-0.459885842496091,-0.0266324446424476,0.158972074299476,-0.076752513770759,-0.224255574406279,-0.260750264125674,-0.105128574170399,-1.28448165417694,0,0,0,0,0,0,0,0,0,0,1,0,0,0,0
9,0.0389794272254616,-0.152541272832456,0.145515614015834,-0.227713535876923,-0.0856214484475971,-0.0085722547958879,-0.049100364163251,0.370997644439492,0.0718265924871919,0.0424469126006597,0.137518944118882,0.161389061473246,0.331150238844444,0,0,0,0,0,0,0,1,0,0,0,0,0,0,0
1,0.316927989235487,-0.0191758737495502,-0.769480950721576,-0.429805542552561,-0.0405272583608385,-0.0317857410748305,0.0654215701122153,0.175432535006415,0.402681633919287,-0.0417056195032004,-0.181204249837864,0.0137045841973329,-0.267359359382274,0,0,0,0,0,0,0,0,0,1,0,0,0,0,0
8,-0.0239988310035209,0.006875839348957,-0.0762209474881538,-0.550987975176842,-0.0373386367322177,0.14791282835538,-0.0194160379750975,0.261917836436511,-0.0948536063051741,-0.0975815186370899,-0.164511908359307,-0.0781199803286931,-0.288727940069354,0,0,0,0,0,0,0,0,0,1,0,0,0,0,0
6,0.451111847947534,-0.0084399197477992,-0.293387246968696,-0.705051197740575,-0.160548456703164,0.0423774068250671,-0.0285250262118517,0.537429513311094,-0.0800023445017832,0.0137437702469448,-0.0395062130114593,-0.0955229547041992,-0.023441949035322,0,0,0,0,0,0,0,0,0,0,0,0,0,0,0
5,-0.61099371729903,-0.110021875107242,-0.18670789072982,0.102112064994502,0.114621526572867,-0.0316473683156365,0.0248867238240133,-0.289040484609614,-0.132784728429276,0.0592224385262512,0.16881734047838,0.124920091650433,0.390781963035,0,0,0,0,0,0,0,0,0,1,0,0,0,0,0
3,0.250472415016891,0.0945211953540682,-0.207174170745951,-0.189451785267868,-0.123613705631301,-0.0339726488070935,-0.0080578628982785,0.322771279737316,0.0547821895934278,-0.002430140976622,-0.177729667285661,0.114842750597109,-0.562834834079072,0,0,0,0,0,0,0,0,0,0,0,0,0,0,1
9,-0.0358611409981224,-0.179461894736119,0.364408421131515,-0.0008449032509959,0.0127304256349362,0.0150541214796577,-0.0405024559656841,-0.143847403983686,0.232688638490001,0.138416412383546,0.0672372182908365,0.295098559947748,0.115402907554496,0,0,0,0,0,0,0,1,0,0,0,0,0,0,0
9,0.533703274826513,0.028603659290501,-0.132797113552944,-0.458833300980129,-0.0228980242121713,-0.0830652132034156,-0.0540361965292693,0.521288846500447,-0.160975086658775,-0.0381163412513655,-0.0723416613390537,-0.155893037216061,-0.660501972558189,0,0,0,0,0,0,0,0,0,1,0,0,0,0,0
5,-0.0476632536018404,0.0846096799809335,0.041219685234218,0.857031083704736,0.0564135338557457,0.0912497610918854,0.0293509470007248,0.231008732875686,-0.419897597560345,0.10927083462439,0.0954742999548139,-0.0832754551269832,0.815859652245589,0,0,0,0,1,0,0,0,0,0,0,0,0,0,0
9,-0.155338074093685,-0.0486171827166671,-0.384955340552586,-0.315388524907604,0.0217138444430573,0.0403063724308856,-0.0821565857142427,-0.0458760641012993,-0.101077558979756,-0.0929062706268141,-0.0033782530375565,-0.112770352742286,-0.302697038133495,0,0,0,0,0,0,0,0,0,1,0,0,0,0,0
9,0.406913799150253,-0.0679928539471525,0.349645148162769,0.266876881406612,-0.121428186559182,0.114581710164715,-0.0627347954828085,0.225180403529286,0.310294045365381,-0.0737255938282443,-0.124865670741155,0.0188810347277466,-0.0916518800457885,0,0,0,0,0,0,0,0,0,1,0,0,0,0,0
1,-0.630591902681697,-0.0116551105495487,-0.37125545411127,-0.0099880439639254,-0.15195443866059,0.0999636922094063,0.045633033571895,-0.556248574121452,0.110700324128974,0.104503206482819,0.0197189433557969,-0.116040143312345,0.0642153145453404,0,0,0,0,1,0,0,0,0,0,0,0,0,0,0
7,-0.378163356177587,-0.121351937332014,0.0802242608907756,0.269438697464386,-0.100721267651449,-0.147295553294477,-0.0462117620496195,-0.311552425203153,0.0608404823811744,-0.0789544356663447,-0.0655594129311893,-0.003697872117575,0.202481777519905,0,0,0,0,0,0,0,0,0,1,0,0,0,0,0
3,-0.172214350852659,-0.0241760126452189,-0.0919780604293951,-0.149619871257561,-0.0107402950518395,-0.138422442010488,-0.0058177016907316,0.0963389788892529,-0.164665444428692,0.046586571361245,0.0451697374222661,0.0328400010185685,0.186492526225624,0,0,0,0,0,0,0,0,0,0,0,0,0,0,1
2,-0.201611538182569,0.0001922176996088,0.206309320004531,0.719906130340671,0.0680471341276975,-0.0174373387541555,0.0394143055373351,-0.0915134614557448,0.059658421031843,0.0766698384968896,0.191539516374576,-0.0076082673025726,0.731190695339803,0,0,0,0,0,0,0,0,0,0,0,0,1,0,0
2,-0.549923741495978,-0.0082349622323127,-0.198003379929975,0.507149283369954,0.089357914524066,0.239185870343493,-0.0045928486166728,-0.402735414637215,-0.05192543703335,0.176120938622725,0.216653180401557,0.0447197805415442,1.01617163051107,0,0,0,0,0,0,0,0,0,0,0,0,0,1,0
4,0.0252827604973173,-0.0630182067088963,-0.19410479455431,-0.512512994750591,-0.0836243900897297,0.115300028978605,-0.0140365095301284,-0.248569385991759,-0.0433880560007347,-0.0918371978673561,0.006084372761589,-0.154583290814875,-0.203560897992901,0,0,0,0,0,0,0,0,0,1,0,0,0,0,0
5,0.651504778676373,0.0690710254038468,-0.494217469141617,-0.907663809178031,-0.020478757797723,-0.218597057366063,-0.012606999936935,0.453896725895056,0.251890921613922,-0.0391116823826258,-0.195952684225326,-0.285582637167619,-0.659694871430487,0,0,0,0,0,0,0,0,0,0,1,0,0,0,0
9,-0.431127089743645,-0.0795403851836303,-0.156869888713704,-0.112359057144259,-0.217631634940492,0.0341583510029275,-0.0419344028925237,-0.233033715449347,0.1458356769881,0.0018106415335334,-0.0079644816612458,-0.140273691253235,0.0133903031395921,0,0,0,0,0,0,0,0,0,0,0,0,1,0,0
8,-0.738035256115109,-0.172271071655938,-0.461038987273812,0.17534711614642,-0.177600613105277,-0.0996917511072273,-0.0659787431263691,-0.418869985148535,-0.144346270723153,-0.0877072930042528,0.0213112380145286,-0.234542230071388,0.118181884584669,0,0,0,1,0,0,0,0,0,0,0,0,0,0,0
6,-0.04985728470304,0.0244521824967841,-0.404623225969264,-0.0275366948481568,0.0535565012303707,0.0365267865226521,-0.029680358394624,-0.332723373760503,-0.21412800512945,-0.0444385125520024,-0.0072280183792733,-0.191149153650329,0.120486533076458,0,0,0,1,0,0,0,0,0,0,0,0,0,0,0
7,0.0814212399617903,-0.0397772688478443,0.144442744167211,0.113656000525029,0.0754398797991058,-0.227166126922904,-0.0144616948098383,-0.237710014409144,0.173617039060789,-0.0392349746805064,0.044891052649838,0.272508487970795,0.421141281727229,0,0,0,0,0,0,0,0,0,0,0,0,0,0,1
1,0.375490293726457,-0.0142627129633681,-0.212573326636972,-0.544983993918958,-0.0989028959069984,-0.0084873631452602,-0.0049649278886482,-0.0047799625047273,0.0070758519862216,-0.16182577931174,-0.125843845814561,-0.239048674702706,-0.422553052412598,0,1,0,0,0,0,0,0,0,0,0,0,0,0,0
6,0.673827264903939,0.088518552811342,-0.437314935272479,-0.772908605367626,-0.17658990165032,-0.033808195500555,-0.0029733766998018,0.402418976734583,0.190408901795363,-0.130644407430805,-0.162473505773764,-0.245008493352882,-0.686887405702676,0,0,0,0,0,0,1,0,0,0,0,0,0,0,0
3,0.422729528666095,-0.0104344713244855,1.30156692909211,0.995179814054612,0.0344638833620972,-0.0125934210141514,-0.0192944808272744,0.204506520274905,-0.209777000413865,0.112569582589875,-0.105293927838397,0.322785795596067,0.441116347810067,0,0,0,0,0,0,0,0,1,0,0,0,0,0,0
3,-0.108169843846146,0.0430601158873909,0.170183253009624,0.235501050577965,0.109559063979894,-0.0970012143152641,0.0155209394132345,-0.146305811853705,-0.04170484740991,0.0456278675405826,0.0159593751122763,0.425860948881324,0.505121252374557,0,0,0,0,0,0,0,0,0,0,0,0,0,0,1
8,-0.0932919938342216,-0.0678176717545796,-0.125922521533812,-0.269431902076808,-0.118913846442924,0.0423220805191346,-0.0600267744550999,-0.0950532689339753,-0.0037261100595626,0.0714248884473091,0.0714793673496823,-0.134417612043692,0.386198944904781,0,1,0,0,0,0,0,0,0,0,0,0,0,0,0
2,0.392202745260865,0.160987544565838,0.321044148680567,-0.634540876397242,-0.0882894355788146,-0.0414935198104678,0.0429447427795324,0.268269843415133,-0.0097682034199827,0.0036137126921892,0.0715195694041102,0.401212624780724,0.0387150895999377,0,0,0,0,0,0,0,0,0,0,0,0,1,0,0
4,-0.312980089012378,-0.0994049510242543,-0.211816549973717,0.420345683263424,-0.0184938031292895,-0.0589088867475601,0.0066822569956218,-0.434939807094113,0.0069097217278308,0.16906271849443,0.0586969022753887,-0.0563682060844205,0.0399998736998768,0,0,0,0,0,0,0,0,0,1,0,0,0,0,0
2,0.198584999193145,-0.0294822215807338,-0.181886788861902,0.108845853660588,-0.0505680177592877,-0.136229608823961,-0.0291638092718835,-0.143556452403404,-0.198749198665417,-0.0047393389183522,-0.0881246953655552,-0.0974242907481336,-0.209743254735531,0,0,0,1,0,0,0,0,0,0,0,0,0,0,0
8,0.311340427069041,-0.0085255487097259,0.256626322171064,-0.482663527210404,-0.0133291116782147,-0.0255039810599268,-0.021638890094358,0.246943559429041,-0.105652026426761,-0.0260749309007892,0.0334702763878649,-0.07482675044758,0.171119634704674,1,0,0,0,0,0,0,0,0,0,0,0,0,0,0
1,0.096742753233503,0.0160960302398939,0.39173052160409,0.597947475267592,0.137537248099476,0.278271979783164,-0.0105279459396577,-0.018122951657644,-0.322394605682608,0.0063120862660491,0.0599363224021777,-0.0919553122361813,0.103843019660121,0,0,1,0,0,0,0,0,0,0,0,0,0,0,0
9,0.710851220717517,0.0645591217166199,0.195881942213034,-0.864023545501383,-0.177306279084656,-0.0404772984731512,-0.0687971059061071,0.68063615781653,-0.0287330367022872,-0.316325136732407,-0.0622458570518241,-0.0807803727538362,-0.766145270575049,0,0,0,0,0,0,0,0,0,0,0,0,1,0,0
3,0.254867653795477,0.0859954533470938,-0.246953907281121,-0.431973773300907,0.0362805517493165,-0.258209315144273,0.0158309718751323,-0.15215400830439,-0.0809737466413753,-0.193259800366191,-0.146220998381808,0.0771053325837906,-0.753705877390182,0,0,0,0,0,0,0,0,0,0,0,1,0,0,0
3,0.214291941192819,0.0593818187349653,-0.122536891315933,-0.186466649342733,0.0270403480180852,0.112131779848452,0.0120556536855126,0.112909228032345,0.134246794799664,-0.0027958344629407,0.0393992897464728,0.310013902534554,0.083757246151091,0,0,0,0,0,0,0,0,0,0,0,0,0,0,1
8,-0.146279615494611,0.101053715388347,0.425966822148638,0.115790049096288,0.0436002174617535,-0.0025234364309852,-0.0667182838973535,-0.150541107923735,-0.288543647233241,-0.206901567061455,-0.217282966165187,-0.143037101227252,-0.702238001115843,0,0,0,0,1,0,0,0,0,0,0,0,0,0,0
5,0.345784008526886,0.156017458312934,0.183013194606116,0.341974219773563,0.0178769122496551,0.0831647467032581,0.006895165429022,0.361071056484327,-0.051540731307909,0.0086319012907529,0.0701538133875017,0.116100244806011,0.3274600598499,0,0,0,0,0,0,0,0,0,0,0,0,0,1,0
0,0.193862406688534,0.0199846554728028,0.859244239275583,0.78376222725442,-0.0288802725419516,-0.0103565427886534,0.0768660105551872,0.141761475888232,0.121056298015737,0.159638282575525,0.0706098834752238,0.133830214783624,0.52053430102519,0,0,0,0,1,0,0,0,0,0,0,0,0,0,0
1,0.428181054555475,0.0338467014243195,-0.257787559200506,-0.283217188438995,0.120878963544505,0.20569970379078,0.0171301517560717,0.152106214983484,-0.0220044229332666,0.144666831768493,0.18862559758854,-0.138922253444352,0.475126927522988,0,0,0,0,0,1,0,0,0,0,0,0,0,0,0
9,0.12262365610874,-0.0381897321040597,0.205674632293258,-0.22906629134618,0.0033636334529834,-0.050413401496978,-0.0392514011511985,0.45722817025079,0.120298944846924,-0.219350766788821,-0.122175694818626,-0.253578460840264,-0.558723169470491,0,0,0,0,0,0,0,0,0,1,0,0,0,0,0
0,-0.16835973091552,-0.0962277776255752,-0.490048249768958,0.471158884404048,-0.143519646102778,-0.0093847481391929,-0.0144298421972453,-0.150801949862903,-0.0670000146070233,-0.0750349610354181,-0.017547818936741,-0.0222896746186361,0.141102478588453,0,0,0,0,0,0,0,0,0,1,0,0,0,0,0
1,0.319709404103838,0.133428848269385,-0.310763208197649,-0.641371307952416,-0.0309737762150552,0.116068598208074,0.0669658628140694,0.0740181648317574,0.365500891976521,0.030034449500355,0.107115319040826,-0.0837031676307569,0.0280017781022555,0,0,0,0,0,0,0,0,0,0,0,0,0,0,1
8,0.10797602807033,-0.0129452974834908,-0.190607404449442,-0.0747472945205994,-0.130142936859436,-0.0321591627430207,-0.0387497608087693,0.0416378564978139,-0.143383864619707,-0.119114077309139,-0.115539294926564,-0.106415940957901,0.174717981750408,0,0,0,0,0,0,0,0,0,1,0,0,0,0,0
0,-0.0576297973304975,0.0587582625330531,-0.423215355578524,0.0698338862612983,0.148089125795273,0.210164888587619,0.0887689890607156,-0.141353732652104,0.0892815696085942,0.2010215237778,0.0920614441090737,0.135483536951028,0.64763215194416,0,0,0,0,0,1,0,0,0,0,0,0,0,0,0
4,-0.0004400980826112,-0.0602569125751393,0.274983670742142,0.0516735693722091,0.0792363405576887,0.0080850391741494,-0.026686320987378,-0.153086580164735,-0.12296643103728,-0.0572549594695742,-0.0483665718270169,-0.133831945683884,-0.238062495502389,0,0,0,0,1,0,0,0,0,0,0,0,0,0,0
3,-0.507213304333113,-0.0906149489485196,-0.269546408892549,0.365593066406792,0.129242300417476,-0.0501093153066601,0.0261961463618439,-0.305898032691854,0.0993703310363413,0.140682411694714,0.0568343630695704,-0.129406230910624,0.565196830819946,1,0,0,0,0,0,0,0,0,0,0,0,0,0,0
4,0.196564904362113,-0.0958027467783531,-0.548367705468317,-0.166074501583899,0.0462303442495437,0.263561605939361,-0.0085305657748168,0.0700479101211942,0.0645336310966581,-0.0026161913494432,0.0822012313707558,-0.0296673315278445,0.216218093570924,0,0,0,0,0,1,0,0,0,0,0,0,0,0,0
8,-0.198056619809963,-0.0916654130536671,-0.0287142903032921,0.398338742402695,-0.111977386743472,-0.148736895544192,-0.025930266413825,0.141809364333493,0.047462266487112,-0.0870334881845642,0.172432324642386,-0.077536490827805,-0.14776360144871,0,0,0,0,0,0,0,1,0,0,0,0,0,0,0
0,0.027107359022076,0.0653013885091006,-0.45991508489332,0.064817135259477,0.295837478398727,0.349332686437102,0.0875009157021429,0.109040579399347,0.431109252284834,0.276092478864583,0.242196675972623,-0.139506146613592,0.953997159459699,0,0,0,0,1,0,0,0,0,0,0,0,0,0,0
5,0.505765084198413,0.0133661398857726,0.0513689826537164,0.0475007768785111,0.206000399620265,0.19574329587697,-0.0329943560839429,0.310633920014324,0.0437991591632757,-0.0379705442886741,-0.0173408700369186,0.0590937535703144,0.007137444466113,0,0,0,0,0,0,0,0,0,1,0,0,0,0,0
1,0.423194071962538,0.102062224135592,-0.492980816989506,-0.991800212742337,-0.0413872395289784,0.0596301795921936,0.017451227122717,0.493540296326987,-0.0326518973153823,-0.210656242102987,-0.0216443784672421,-0.130247728196688,-0.468183420770954,0,0,0,0,0,0,1,0,0,0,0,0,0,0,0
4,0.528755246535669,0.0825365187781356,-1.00427160093162,-0.890885555052691,-0.0523036536825738,-0.0819968102974006,0.0163201230475752,0.177257405144438,0.194009870134467,-0.0216290352081723,-0.0774879041714028,-0.273574808067242,-0.179577536351323,0,0,1,0,0,0,0,0,0,0,0,0,0,0,0
6,0.242988034280868,0.0037239740151145,-0.0432772652609663,0.032764685215967,-0.21097816054835,-0.0608541563012043,-0.0143118762588481,-0.0380871815178828,0.115383441701817,-0.199131413433553,-0.168617169331357,-0.0579813873980389,-0.378675751692457,0,0,0,0,0,0,0,0,0,0,1,0,0,0,0
5,0.384034942298352,-0.030442546230171,0.592810662791259,-0.396438095473699,-0.154596718615335,-0.0665472972308765,-0.0207243771682729,0.0941273785940124,-0.0383260106429275,-0.0508067741922091,-0.221259101067307,-0.10831602747705,-0.906782970471876,0,0,0,0,0,0,0,1,0,0,0,0,0,0,0
2,-0.272025644270802,-0.0597425112113208,0.759169842703109,0.975994768466754,0.176662824817785,0.0715343130195625,0.0331313980872834,-0.290741092119448,-0.0226017589668205,0.088019554781007,0.0399467799538138,0.0467753882260784,0.201223596962853,0,0,0,1,0,0,0,0,0,0,0,0,0,0,0
3,-0.259782327602549,-0.0217448435831494,0.115112685292374,0.243833035922478,-2.59738143601335e-05,-0.0497671426553062,0.0283180787356907,0.107517510807909,0.092601953409339,0.12550455229499,0.091692886793191,-0.062590414853964,0.296168785470447,0,0,0,0,0,0,0,0,0,0,0,0,0,0,0
4,-0.134921606858883,-0.0339603713737398,0.0688503354822609,0.186053313760073,0.0514443810581426,-0.203114263842538,-0.0132212256138563,-0.108310804915829,-0.229506285490364,-0.0626010434539439,-0.144743874837512,-0.0137365934512161,-0.108871853216927,0,0,0,0,0,0,0,1,0,0,0,0,0,0,0
6,0.210253309275358,-0.0035820489139946,0.0199924542696167,-0.265812462448886,0.0765884125514217,0.0330244076479721,-0.0242574133820518,0.0176520214527647,0.130094769577405,0.0546425124188523,0.0095634954399577,-0.14829429546183,-0.345192167131626,0,1,0,0,0,0,0,0,0,0,0,0,0,0,0
3,-0.22578329674728,-0.017809976194927,0.916127075293043,0.979155678440798,0.07504132127468,0.0839712659561999,0.0275147986070767,0.304864932048202,0.0922548447170782,0.105165531020662,0.282665378504318,0.280003318000445,0.289661703717647,0,0,0,0,0,0,0,0,0,0,0,0,0,1,0
8,-0.0980791205711967,0.0409636620062478,0.352398912738944,-0.317038081063595,-0.113757321179354,0.0101180778197136,-0.0655245602323209,-0.0159387356124543,-0.377880620249903,-0.0793735666809258,-0.160407404728744,-0.388605331285221,-0.114134983712646,1,0,0,0,0,0,0,0,0,0,0,0,0,0,0
9,0.513396607919878,0.0737485354262671,0.317404269299844,0.135834025879373,-0.0555105272411841,0.0026902217838442,-0.0654007491604903,0.401717573097744,-0.0380636681751166,-0.0520316391876241,-0.0296083538740372,0.0358811526358876,0.0557760812310661,0,0,0,0,0,0,0,0,1,0,0,0,0,0,0
9,-0.472887815219455,-0.170091340174723,-0.100838402378933,0.219621037440024,-0.142596371090306,-0.186484780862459,-0.0959989713500519,-0.256038998633807,-0.255253373464858,-0.121703883028998,-0.185167471921445,-0.03812388890327,-0.123970934287743,0,0,0,0,0,0,0,0,0,0,0,1,0,0,0
6,0.340232500198915,0.0908552947605931,0.949934812434736,0.400723912805212,-0.114430040650537,-0.150233416746634,-0.0096626520238124,-0.0247588072349512,-0.137966002463244,-0.0134845369451519,-0.0437550677286062,0.0864160180351689,-0.0293278137632536,0,0,0,0,0,0,0,0,0,0,0,0,1,0,0
1,0.210073907664249,0.0195150527983253,-0.408444307283262,0.0287313636140315,0.104366397645172,0.0364694787336257,0.0342755219119375,0.264437903437877,0.0218263558826596,0.0827505516031165,0.236720460305018,0.21705591408491,1.05058343457974,0,0,0,0,0,0,0,0,0,1,0,0,0,0,0
6,0.226607731171475,-0.0297173916203179,0.263397307353789,0.433482071310526,0.0954584471544001,-0.0693391184381287,-0.0195464079694365,-0.074419042688409,-0.0978188381626054,0.0895489866936438,0.115487939179041,-0.062716490863167,0.174802007388596,0,0,0,0,0,0,1,0,0,0,0,0,0,0,0
2,-0.233178323682062,-0.110547879569734,0.201426739875754,0.154353992397869,-0.0453383754455257,0.301642473031117,0.0197117946036722,0.0852607106994916,0.0913683890447584,0.249142966365221,0.189784661588319,0.122517525004521,0.351343434528146,0,0,0,0,0,0,0,0,0,0,0,0,0,0,0
0,0.379844615744009,0.109217594132527,-0.634390705742452,-0.445164983445473,0.11287421091675,0.0382227700929327,0.0626356446057481,0.316518137079577,0.14508576038103,0.019643292634876,-0.0581462493848337,0.103508768739817,-0.0340785937837638,0,0,0,0,0,0,1,0,0,0,0,0,0,0,0
2,-0.150435465653055,-0.0582979198691642,-0.0731458618922786,0.4946948710932,-0.0815091254483248,0.258004635480483,0.0048728359556011,0.003662547872772,0.0261647341393073,0.0334511609106752,0.0477243776231382,0.0957556157337111,-0.0867364298493515,1,0,0,0,0,0,0,0,0,0,0,0,0,0,0
9,0.785449291147354,0.0998255472264077,-0.260822156384429,-0.493530223537888,-0.0550829512568248,-0.156104048814856,-0.0815503596585507,0.626689057035091,-0.0616249483073755,-0.0798946086094998,-0.0365161766066752,-0.207033434794452,-0.794528350510003,1,0,0,0,0,0,0,0,0,0,0,0,0,0,0
3,0.0214295909165496,0.0057142334173508,-0.398203357104742,-0.313871434668488,0.0425894501083155,0.146260107759752,0.016691761319126,0.117730037003409,0.20194098662724,0.0690442654259519,0.113037492964396,-0.0613908017497437,0.163915132649667,0,0,0,0,0,0,0,1,0,0,0,0,0,0,0
3,-0.216825773862889,0.0317096819641019,-0.0833291720440441,-0.0164776928355031,-0.0667192078928154,0.0056344656395875,0.0165638889298335,-0.0340561584753691,0.198728825141847,0.0886867641626063,-0.0039804578363313,0.230176305400694,0.913490258751159,0,0,0,0,0,0,0,0,0,0,0,0,0,1,0
5,0.441415108832106,0.03561788513186,-0.24061296436069,-0.541244374266232,-0.0687318589975701,-0.167537877633635,0.0088355561438831,0.0805012585301666,0.328827240857603,-0.0112319958276449,0.0125916926402723,-0.138743345456186,-0.400853009945767,0,0,0,0,0,0,1,0,0,0,0,0,0,0,0
1,0.41582982724062,0.0172582959269494,-0.104579680195449,0.0170840031065617,0.111201737971403,0.0986737184983054,0.0289257446447001,0.105397054957766,0.02595659991734,0.113478571305531,0.288501137739506,0.227909404667967,0.291273234615523,0,0,0,0,0,0,0,0,0,1,0,0,0,0,0
7,-0.209521957744199,-0.0971965677406215,-0.186837615898624,0.469933934817093,-0.0075633032057127,0.186068598882856,-0.0119623419688305,-0.140642204198372,0.119269635151856,-0.0483497399146564,0.139122139644311,-0.229513406513953,0.569751020378363,0,0,0,1,0,0,0,0,0,0,0,0,0,0,0
6,0.558525829539822,0.216916787100166,-0.14033861731392,-0.375716393425276,0.0003795219278067,-0.0788388736232393,-0.0209261227606409,0.482293473788936,-0.209917804362869,-0.198382431785038,-0.187681731620101,0.0754803943460178,-0.691936785819518,0,0,0,0,0,0,0,0,0,0,0,0,0,0,1
1,-0.500838065002533,-0.0775894612970902,0.30523146440465,1.11420902006315,0.132595649141877,0.2666642557781,0.0325946623835417,0.0612843658750509,-0.237513857186695,0.227831375072213,0.259354141186702,0.263418393303955,1.0849468993166,0,0,0,0,0,0,0,0,0,0,0,1,0,0,0
0,0.0890632550485482,-0.0058358591170169,-0.151784943686445,0.459712171860442,0.0739314035648813,-0.0426282383029083,0.0337189274720009,-0.0649947003061975,0.0212473435438375,0.0234014514147565,-0.0296888693121593,0.117549286426188,0.356943175667602,0,0,0,0,0,0,0,0,0,0,1,0,0,0,0
7,0.102405502072317,-0.0186181222612932,-0.696931387344126,-0.0825844072236472,-0.0290987045675856,0.0320525133344805,-0.018598749087542,0.0217212043926433,0.0194907782285396,0.095743869459218,0.129606112644172,-0.135462729936127,0.260042025039754,0,1,0,0,0,0,0,0,0,0,0,0,0,0,0
2,-0.0106480810994046,0.0336398629124051,-0.562953548912613,-0.341052446728374,0.15845424775198,0.0148949058844143,0.005802229178614,-0.115984107049477,-0.117157969361019,-0.203936099952953,-0.120865322793789,-0.220571284008823,-0.342390174023015,0,0,0,0,1,0,0,0,0,0,0,0,0,0,0
8,-0.204662692481432,-0.101087956946423,0.122343204139112,0.656188200216206,0.0762496835434267,-0.0685794247247327,-0.0443752017345468,0.02275692981843,0.201357065978637,-0.0344903177347811,0.0744329344382927,-0.215735817257901,-0.143095676212518,0,0,0,1,0,0,0,0,0,0,0,0,0,0,0
6,0.396237914602355,0.0614035969055835,-0.238827502575111,0.238293361893556,0.130760399810584,0.0862886146152802,-0.0005899222977687,0.364796433332468,0.190330491910954,-0.0729316179246391,0.0373426173284387,-0.18418073710182,0.426783795080302,0,0,0,0,1,0,0,0,0,0,0,0,0,0,0
4,-0.276020798162046,-0.0909936720418256,0.226314278659537,0.27102903040568,0.236690440970864,0.0386813243882786,0.0576059431806362,-0.285538959249241,0.10372436368669,0.100227427251332,0.130071234363611,0.516402849455843,0.79070650288301,0,0,0,0,0,0,0,0,0,1,0,0,0,0,0
4,0.451826942615104,0.0014796027907631,0.192295083945208,-0.297682015148843,-0.159133137557398,-0.13410783722415,-0.0301792578160384,0.197929345171677,-0.187894485816807,0.163998612044891,0.0999352695756263,0.0101976530478764,0.314132832038777,0,0,0,1,0,0,0,0,0,0,0,0,0,0,0
6,0.0862432449482487,0.0661350115068016,-0.566693881242071,-0.499498036617145,-0.0219802346910387,-0.0064371579685061,-0.021294809087292,0.339429369955761,0.149154880439206,-0.150924599119752,-0.155688843989359,0.115828210966105,0.175382500850727,0,0,0,0,0,0,0,0,1,0,0,0,0,0,0
2,0.411319320699583,0.0764203236965598,-0.936916504023439,-1.52134980295237,0.0119170323343023,-0.237979917845194,0.0326556905965895,0.0657679293354163,-0.0328615255549532,-0.01969346778229,-0.0312982185308064,0.001205875214586,-0.448532261067822,0,0,0,0,0,0,0,0,0,1,0,0,0,0,0
0,0.385313376510484,0.158154806442267,-0.317650513359827,-0.420142106291946,0.161741555177963,-0.204382149341616,0.0615317967523846,-0.0192790192173138,0.0345730874089075,0.0820932728926374,0.0842829301622591,-0.100352555488482,0.0434319918630704,0,0,0,0,0,0,1,0,0,0,0,0,0,0,0
4,0.63002161647948,-0.0362222066357708,-0.387785626311858,-0.684040290544173,-0.035417303740796,-0.14652154264716,-0.0446050108734346,0.0909022900232707,0.0435643054329442,-0.0811793832415591,-0.1009775586138,-0.005985379605391,-0.564568273779064,0,0,0,0,0,0,0,0,0,0,0,0,0,1,0
3,-0.528359198325003,0.0555145842992362,-0.193929733615883,0.215038561284872,-0.139373415226262,0.0401198790843542,0.0479044535039813,-0.237527425899491,0.0685922161539778,-0.0794120881841822,-0.0406735584420716,-0.273345107636273,0.605055686032536,1,0,0,0,0,0,0,0,0,0,0,0,0,0,0
1,-0.361405242064919,-0.0108825053903409,-0.4584558654815,-0.0412497728198744,0.0044924846542025,0.042024219487058,0.0176790483546456,-0.169244432062454,0.027941830024941,-0.0601576252827219,-0.0525047417335412,-0.0337444796152072,-0.158123765532649,1,0,0,0,0,0,0,0,0,0,0,0,0,0,0
6,0.352111953384987,-0.068794553838877,-0.0535560204194676,0.434845232159676,-0.0009633385660658,0.246328072983398,-0.0436138577608198,0.193356636872834,-0.0900132177350561,-0.0632523487492945,-0.0456660125408677,0.19059745351583,-0.170351783033687,0,0,0,0,0,0,0,0,0,1,0,0,0,0,0
3,0.510457977425695,0.140616849529242,0.0207656266168385,-0.138602727544048,0.0463014548090965,-0.0253607889383829,0.0563354402079155,0.293978674397359,0.0065746492084294,-0.0695171767479391,-0.0270705206093799,0.215108198461361,-0.261677798768873,0,0,0,0,0,0,0,0,0,1,0,0,0,0,0
9,-0.368164595940434,-0.147723430338932,-0.288448148759702,-0.0603025342065369,-0.0713325827918235,-0.184429413254669,-0.0896736582719393,-0.405242571622531,-0.216714336196493,-0.0515985946531092,-0.137910987396209,-0.42280743942949,-0.322971230244161,0,0,0,1,0,0,0,0,0,0,0,0,0,0,0
1,0.253206206663781,-0.0270859406741629,-0.564059331121014,-0.59445239296066,0.0208530889395709,0.0188206670070759,0.014655207618136,0.143868796923604,0.358680189017796,-0.0531643163341633,-0.0728104362977801,-0.0597231925443223,-0.50643725631612,0,0,0,0,0,0,0,0,0,0,0,0,0,1,0
1,-0.293459121059951,0.0686488059420828,-0.459760966682606,-0.0291511798925426,0.215129439777915,0.176293611761089,0.0594720910769401,-0.103137886797988,0.0475955422687807,0.108341735805885,0.138846734029537,-0.161591272823624,0.643325670586842,0,0,1,0,0,0,0,0,0,0,0,0,0,0,0
4,0.904080471268203,0.0303368868278181,0.311421559478831,-0.511982823296853,-0.184469188894606,-0.257721160414841,0.0085954675939837,0.504828783967775,-0.0145709944608734,-0.121174075587935,-0.136757014842437,0.105924642500357,-0.635518033104948,0,0,0,0,0,0,0,1,0,0,0,0,0,0,0
6,-0.0221307746280362,-0.0316679400255181,-0.0968634928009103,-0.291961460070856,0.106769969963122,0.0774880854947815,0.0119040226442582,-0.148275847337399,0.13069469062747,0.087658986591492,0.25556528634657,0.0518546696451162,0.514765972959271,0,0,0,0,0,0,0,0,0,1,0,0,0,0,0
2,0.57275661266184,0.174295411240191,-0.103651171553038,-0.314465714452815,0.106892088954009,-0.0112155526555088,0.0801239494946553,0.273722599184395,-0.023568785207381,0.0267114533352864,0.214346506625145,-0.0912475885115531,0.0187732939692185,0,0,0,0,0,0,0,0,0,0,0,0,1,0,0
9,-0.114850624896913,-0.0817507415671671,-0.60446021011982,0.201477172911328,-0.0145095763889312,0.194865871394207,-0.0358083320771445,0.140223485171033,0.143418087847574,0.0416717695542335,0.0267833890749411,-0.206737479538773,0.307639147493778,0,0,0,0,0,0,0,0,0,1,0,0,0,0,0
9,-0.322353766233976,-0.0626157668593694,-0.362846275646177,-0.66296751815817,-0.182409489894934,-0.0360001037890795,-0.0841562602818132,-0.0674639351204799,-0.196356670500803,-0.141739916534497,-0.0522250988069499,-0.349715783601004,-0.279058261066496,0,0,0,0,0,1,0,0,0,0,0,0,0,0,0
3,-0.144059732876286,-0.0927286861778592,-0.0851192632190384,0.656900224491896,0.0859494771971731,0.0187096954746785,-0.005795448268583,0.0801512983222846,0.142309599438464,0.106526270535139,0.0786620623262689,0.0090361808515784,0.536292935870523,0,0,0,1,0,0,0,0,0,0,0,0,0,0,0
1,0.118867668114494,0.0852403938875986,-0.0152420967648453,-0.65433962658114,0.0367125913644583,-0.0298011781998786,0.0297427437238641,0.01969712715602,-0.104058950976181,-0.123449356281186,-0.0587384957458737,0.008651280191044,-0.287161258064524,0,0,0,0,0,0,0,0,0,0,0,0,1,0,0
7,-0.2773805322652,-0.0081362612133603,-0.236788769026154,-0.190311529150843,0.0365251611166868,0.126826344513027,-0.0080771107674451,-0.170147839667404,-0.069437634168935,-0.0381870863070286,0.0063591589164008,0.211225806793143,0.393210046744942,0,0,0,0,0,0,0,0,1,0,0,0,0,0,0
3,0.230699736438462,-0.0457637192962656,-0.163981579335666,0.448706172200214,0.103999712260486,0.0179650780577226,0.0132263925239122,0.0149606870682319,0.0630571693227274,0.0709544520208907,0.139341350343474,0.220731302160952,0.726829012694526,0,0,0,0,0,0,0,0,0,0,1,0,0,0,0
4,0.0476394220477074,-0.0453020188444262,-0.106304819519144,-0.822343812537891,-0.120663838741501,0.0018603681678233,0.0212144918644314,0.0899750294812141,-0.085270026762419,0.0701044195235985,0.150052092742309,-0.110450751860691,-0.0910022656475944,0,0,0,0,0,1,0,0,0,0,0,0,0,0,0
9,-0.207677778521414,-0.0068139011874849,0.539069521706074,0.948522255590437,0.138664099840517,0.0329120511125958,-0.0487925073920089,-0.169430197294691,-0.152369425180857,0.0806463999058739,0.27432484400445,-0.266074086098614,0.68690204505976,1,0,0,0,0,0,0,0,0,0,0,0,0,0,0
9,0.375929524210459,-0.0024501970879238,-0.392085572973608,-0.264277678905288,-0.161303908774864,-0.130352295286615,-0.0651998334280755,0.120348533830135,0.170873598539685,0.0100195679695451,-0.18229599946239,-0.288859977561576,-0.467402665394608,1,0,0,0,0,0,0,0,0,0,0,0,0,0,0
6,0.817535092357993,0.0623067779731267,-0.62775054751118,-0.490936577832924,0.0110746118237617,-0.224125949778444,-0.0546360851198938,0.125671901789576,-0.185835665770433,-0.0733759066219576,-0.062642390593932,-0.403308049653998,-0.731089123538604,0,1,0,0,0,0,0,0,0,0,0,0,0,0,0
9,0.25451494379136,0.109016894187985,0.749730179686544,-0.175637610722149,0.0057556414859562,-0.196792783931548,-0.0399208216176499,0.283175268740281,-0.134018461759424,-0.195334971612442,-0.285681838802613,-0.221618582934736,-1.00943088760984,0,0,0,0,0,0,0,0,1,0,0,0,0,0,0
1,0.764313639014484,0.142829880175412,-0.638869931418046,-0.503407329657249,0.0168168819223024,0.188160543123983,0.0579549815523422,0.135386169539776,0.184109984968533,-0.0886786177319564,0.0276408355639993,0.249727120023265,-0.399657063865119,0,0,0,0,0,0,0,0,0,0,0,0,0,0,1
2,0.198387786320707,0.0617470556065965,-0.349565589615657,-0.569951432279,0.0542569044726772,-0.0113890286466345,0.0268263882873655,-0.200773820895981,-0.0190805740701573,-0.0442454894386399,-0.0289296884268496,0.0409053026477444,-0.175648955416343,0,0,0,0,0,0,0,0,0,0,0,0,0,0,1
0,0.177142007798327,0.164337687621723,-0.301004876183312,-0.211135893318355,0.0007299477250449,0.189049899780622,0.0618661593669764,0.179552607906866,-0.106928447292789,-0.0070269698933461,0.0351240874551823,0.37855241898442,0.730055950444722,0,0,0,0,0,0,0,0,0,0,0,0,0,0,1
1,0.0966779691144489,0.0827037170435614,0.243946143738811,-0.15499235166325,0.280534055524858,0.0221732491923897,0.0226398099074992,-0.113092252447764,-0.143422220526881,-0.0319644138302226,-0.0489545837841583,0.125382877875047,-0.274767066316541,0,0,0,0,0,0,0,0,0,0,1,0,0,0,0
3,-0.507589649756955,-0.004931059222399,0.285139194691342,0.539655808431836,0.128107904022274,0.234266657109746,0.0307454703165227,-0.470717817419619,-0.0526294216118546,0.214017532235814,0.166978951478344,0.478785118632618,0.961732121733986,0,0,0,0,0,0,0,0,0,0,1,0,0,0,0
6,-0.0675644298147522,-0.069542282998767,-0.0054717916284932,0.346694720605464,0.0463892911600588,0.204849646600855,-0.0330335631428121,-0.294730066749639,-0.0549688875862464,0.0247765147325953,-0.0450497284956895,0.0521544344351008,0.078213849062476,0,0,0,0,0,0,0,0,0,0,1,0,0,0,0
4,0.472739860611478,0.0294181912539077,-0.182141897608676,-0.112232502723572,-0.0500906627429554,0.280713469120429,0.0120367517133599,0.357272640820386,0.090482941860036,-0.139983605348346,-0.100244059149714,-0.0805143635290454,-0.246920141330444,0,0,0,0,0,0,0,0,0,0,0,1,0,0,0
6,0.0633829192441558,-0.0838320825882809,-0.151574760581167,0.0914830959960176,-0.0805262471843196,-0.0775553373043871,-0.0454819273515497,0.12176385131476,0.0514817245909537,-0.0195215811751944,-0.0481144161657574,-0.0522891866113774,-0.381865312815967,0,0,0,0,0,0,1,0,0,0,0,0,0,0,0
4,-0.769446450168717,-0.0840652041236528,1.27036441752302,1.2840549356188,-0.0038362608567811,0.234462681312449,0.0192203736482245,-0.0108424122079182,-0.261705919482544,0.0393590131850499,-0.0374213569805179,0.333927964952356,0.422509543280587,0,0,0,0,0,0,0,0,0,0,0,0,1,0,0
4,-0.0020822850079866,0.032678444051019,-0.517546570790061,-0.190289888391635,0.0889000534318383,-0.0336682113723495,0.0293612565970345,0.0458179845548122,0.0430864031673886,0.0335256499195725,-0.0978651435808115,0.0952498581833056,-0.237909257618205,0,0,0,0,0,0,0,0,0,0,1,0,0,0,0
2,-0.67405394986055,0.0757604585934731,0.222613860211389,0.0555704727730935,0.101664361947636,0.0932824720866972,0.0205299803103207,-0.381614470817449,-0.205098047465574,-0.120954046818842,0.125263939743167,0.0283090462212269,0.201538942992063,0,0,0,0,0,0,0,0,1,0,0,0,0,0,0
4,0.519566509180354,0.128221861558547,0.10517740579151,-0.0459253121252921,0.0623169186536013,-0.129726523519324,0.0434964376669119,0.123969331051052,0.105297888154062,-0.014900503781353,-0.0924630494589074,0.0416723726230618,-0.209568544879576,0,0,0,0,1,0,0,0,0,0,0,0,0,0,0
4,-0.591624091868239,-0.151532093463775,0.0169498136739942,0.161667225644237,0.102581396761353,-0.0221254510069474,-0.0242832373555837,-0.512151540569248,-0.0692290174205124,0.0282442899755483,-0.0790730540859595,0.308733976801587,0.390152143009195,0,0,0,0,0,0,0,0,0,1,0,0,0,0,0
9,0.0865293883023329,-0.0386139375757598,0.695622946905887,0.612719228678455,-0.0300768034228719,-0.0548770520470644,-0.0684524345958758,0.0849320467200598,-0.180470081880963,-0.126882199906118,-0.0726359862590542,0.0262350504421622,-0.0079521686938322,0,0,0,0,0,0,0,0,0,0,0,0,0,0,0
7,-0.060365014005499,-0.001159046247409,0.840044797059149,0.855524934481667,-0.109940266656633,-0.102678439173632,-0.0282621109131928,-0.125240684982503,-0.136545682020928,-0.125481132937792,-0.190101199030316,0.169883867883972,-0.466803882391128,0,0,0,0,0,0,0,0,1,0,0,0,0,0,0
0,-0.172206375792021,0.0864650139619977,0.045475145341737,0.322161231657829,-0.04905782047815,-0.002858150917711,0.0956308084595195,0.0451979153278919,0.0731389245008352,0.123765545492107,0.0118778146930592,0.148898951941281,0.84024236028173,0,0,1,0,0,0,0,0,0,0,0,0,0,0,0
6,-0.104276472054744,-0.0928944684112786,0.130003763153942,-0.204360493596362,-0.0747551498363482,0.141084149228321,0.0105228127978859,0.0294003020319929,0.184226311708441,0.0879236575969147,0.0208823282559071,-0.219344227322722,0.160396723419999,0,0,0,0,0,0,0,0,0,0,0,0,0,0,0
7,0.129004554407064,0.032400725410283,-0.173725228009442,-0.360873052138672,-0.0442913792537553,-0.157940590900314,-0.0180786048385129,0.197614416396436,0.116220512082303,-0.0503686088648952,0.0090793718260779,-0.596229448786193,-0.353858004608347,1,0,0,0,0,0,0,0,0,0,0,0,0,0,0
5,-0.116113734275457,-0.0013392553449559,0.725771034430314,0.658814679051296,0.147741535072017,0.0934873767979502,0.0154214088587068,-0.30864250336038,0.0584589678308047,0.143614655371709,0.167941256287043,0.382553341517369,0.2581359129977,0,0,0,0,0,0,0,0,1,0,0,0,0,0,0
6,0.538146896419232,0.080541500432796,0.0280153545658429,-0.287661081109851,-0.1296993805752,-0.154549428188617,-0.0377852286228996,0.525476112063282,-0.0786110582938297,0.0009365940982656,0.0141160021454833,0.07626914256395,-0.62586478447726,0,0,0,0,0,0,0,0,0,0,1,0,0,0,0
6,-0.565476095923091,0.0730181940996632,-0.329029678557774,0.518140157599587,0.131207169450625,0.141163668935068,0.0235003741079066,-0.114674477834658,-0.0180498292782227,0.0349368824787412,0.127590805717648,0.0592576777571923,0.343660218883383,0,0,0,0,0,0,0,0,0,0,0,0,0,0,1
9,-0.0552576127025396,0.014937709038827,0.077446231530617,-0.124389669367746,0.0745813292144768,-0.187012421928612,-0.0651011945603682,-0.101218992830359,-0.0833309475864148,-0.0761422028505229,-0.0339212317538464,-0.269116416474866,-0.672718033421153,1,0,0,0,0,0,0,0,0,0,0,0,0,0,0
4,0.205790947865946,0.0821140166822454,0.233938239882224,0.0673813943848562,-0.0293645345897684,-0.006727060323838,0.0225079455880757,0.117581815996529,-0.0867898256830882,0.0072280737326748,-0.0172753232774477,-0.0054943533023087,-0.176776037085877,0,0,0,0,0,0,0,0,0,0,0,1,0,0,0
3,-0.234280545070866,-0.0744043891898612,0.330890003441278,0.67882969533792,0.0946313236280937,0.0741116408088043,0.0112241730602885,-0.298269620452298,0.0466241284245691,0.145109948259289,-0.0029102284310419,0.0854617194165773,0.0481623493054412,0,1,0,0,0,0,0,0,0,0,0,0,0,0,0
5,-0.448464030665176,-0.107472961841809,0.318851922374221,0.98645140200386,0.0757423853268504,0.324982375253472,-0.0301900645180734,-0.149013312973958,0.0208519233181799,0.183016830187543,0.0225313047066267,0.098146894848319,0.482384245248113,0,0,0,0,0,0,0,0,0,0,0,0,0,0,0
0,-0.155951836647231,-0.0053466628334583,0.531795369206269,0.954459760666863,0.079408175286383,0.205587665492144,0.0468912228631626,-0.0809313914048875,0.17860952726879,0.126363023462349,0.31603704229617,0.280331133835501,0.692157951382283,0,0,0,0,0,0,0,0,1,0,0,0,0,0,0
2,-0.496231001259457,0.0338342066918478,0.0547635948277262,0.15720196608505,0.278456377566617,-0.0150045483259119,0.0073981146438305,-0.512667928843239,0.201138625275615,0.0060372421555532,0.0271680288568796,-0.261310857416864,0.411961455710552,0,0,1,0,0,0,0,0,0,0,0,0,0,0,0
1,-0.904960888755451,-0.117333033957062,0.153397581688057,1.37670228440279,0.122882242533233,0.270574311957222,0.0561500144849712,-0.511778104745558,0.131691034066375,0.273494772644918,0.275428572351482,0.0782073811129176,1.17348563457196,0,0,0,0,0,0,0,0,0,0,0,0,0,0,1
3,-0.170294134690674,-0.0208857059592853,-0.178515491089275,-0.370116548086271,0.111149246802584,-0.0239238397034215,0.0416013022590606,-0.157603395724488,0.076786785700095,0.171724029982417,0.0868843672371005,-0.252046867919967,0.191443176475656,1,0,0,0,0,0,0,0,0,0,0,0,0,0,0
8,-0.392014844372353,-0.155999306314325,0.580350191677809,0.100105132404136,-0.0166635684717341,0.257370846690373,-0.0409155411778937,0.0926600844861313,-0.0719324416003743,-0.112917891210989,-0.166323321629623,0.294473108843637,-0.005450958210535,0,0,0,0,0,0,0,0,0,0,0,0,1,0,0
7,0.614137599452819,-0.0202998516670929,-0.0186957623246402,-0.794779286724713,-0.121005098866638,-0.0496021698756244,-0.0320584503799114,0.472873418212375,0.0058414164682927,-0.0327555865936203,-0.0293847595704442,-0.170218757425987,-0.427452243928557,0,0,0,0,0,0,0,0,0,0,0,0,0,0,0
5,-0.03372076586869,-0.0591960858469742,0.24419153547755,0.200513519473212,-0.117439708562279,0.0883908114141707,-0.0197244880883693,-0.0138195139971602,-0.0530118836058631,-0.0701518230316423,-0.0797524347324622,0.0214719485611787,-0.443205773673063,0,0,0,0,0,0,0,0,0,0,0,1,0,0,0
8,0.587737579390461,0.145508740308575,0.550736087386035,-0.173483889523787,-0.028313564938904,-0.315785358783783,-0.0170519824009259,0.358463692986717,0.0328512047830815,0.0326150447245285,-0.15738347611802,0.173172264766107,-0.255715551873171,0,0,0,0,0,0,0,0,1,0,0,0,0,0,0
6,-0.718719450896634,-0.0785519608130789,0.984694891515491,0.946979731828171,0.0388563350032892,-0.138845555301495,-0.0125616963323763,-0.130231533261588,-0.159899751924102,0.142271416662574,0.137324909556908,0.271929957250367,0.710048031905479,0,0,0,0,0,0,0,0,1,0,0,0,0,0,0
2,-0.412407792100963,0.161533928908134,0.346954838837876,-0.0696064256081477,-0.0783397461549601,0.0750608440551134,0.0379426076261553,-0.262295705968094,-0.152341870919953,-0.0667667890908197,-0.0947335411472853,0.10041263275014,-0.0397809909733807,0,0,0,0,1,0,0,0,0,0,0,0,0,0,0
1,-0.176191336044417,-0.0093703058391205,0.625389414881701,0.831795547581711,-0.0065173822802111,1.7562925586169e-05,0.0484516270899903,0.0429154238237211,-0.116256216656489,-0.044063492960815,0.0613748859371856,0.246016378409837,0.174913054775978,0,0,0,0,0,0,0,0,0,0,0,0,0,0,1
5,0.743312320446658,0.0112706338546035,-0.44965619754994,-0.945005787524748,-0.183324155134237,-0.238609987028324,-0.0379414879233303,0.507397604426842,-0.0883309845685606,-0.0654954717769236,-0.0479576880153698,-0.257356240135818,-0.62237728510563,0,0,0,1,0,0,0,0,0,0,0,0,0,0,0
0,-0.850419119823454,-0.219552939056805,0.714075803961811,1.33433850344457,0.0151752180125052,0.345978089962346,0.0966623674773073,-0.319020737716086,-0.0311964896658822,0.212073172698678,0.194423692216861,0.423599935772065,1.29025852828213,0,0,0,0,0,0,0,1,0,0,0,0,0,0,0
2,-0.0837048287867453,-0.0319233650163868,0.419406470566395,0.573397694621964,0.0322155149313972,0.0834407109727903,0.0073078449574949,0.0390602869487663,0.0475542438844971,0.0162215248335839,0.0447484709360422,0.191502200102124,0.0342115269559472,0,0,0,0,0,0,0,0,0,0,1,0,0,0,0
6,-0.766007871909971,-0.11813186934108,0.536425916383723,1.21516227117487,-0.0998966272160009,0.0353760738181038,-0.0367846595255862,-0.334883836761947,-0.0700635607210644,0.0273578340410937,0.131841788140042,0.180385065074248,0.47440352241751,0,0,0,0,0,0,0,0,0,1,0,0,0,0,0
9,0.272405037620214,0.0451786258122724,-0.214014104863936,-0.75770488988972,-0.0800725042918858,-0.113499548812834,-0.0692374559240471,0.18959215002164,-0.11165856999706,-0.211701249356037,-0.257896685167828,-0.181970156414941,-1.35295831380283,0,0,0,0,1,0,0,0,0,0,0,0,0,0,0
3,-0.0337464763870202,0.124874748731863,-0.226520179110223,-0.672003779243232,-0.110472395952769,-0.0539457423750787,0.0339493521483387,0.0558654552343394,0.229344920263669,-0.0736217424116681,-0.0282746036106256,0.0222004407510949,-0.427086113067662,0,0,0,0,0,0,0,0,0,0,0,0,1,0,0
1,-1.24935171405265,-0.24487408404987,-0.359067773754073,1.16540092851755,0.144061303837,0.257970518520402,0.0080964740781565,-0.658279039366055,-0.193224609119013,0.285962306849472,0.260399635814086,0.200722378150664,1.18404892973137,0,0,0,0,0,1,0,0,0,0,0,0,0,0,0
2,-0.43941991338821,-0.0279331709597257,-0.380456976329981,-0.402416164227018,-0.0180984301310542,0.119851942052615,0.0370106187169391,-0.204242539887418,0.0192309235149234,0.160356025156608,0.131748178274517,0.167039780611479,0.687879315058717,0,0,0,0,0,0,0,0,0,0,0,0,0,1,0
6,-0.228628024872192,0.0896395974338413,-0.112487670390807,0.137322170559484,-0.0459609643922645,0.366493366852542,3.21977426413315e-05,0.202071558778112,-0.0428200035440733,0.0190818542008445,-0.0179424293028155,-0.283401750706618,-0.0089405665304532,0,1,0,0,0,0,0,0,0,0,0,0,0,0,0
4,0.406959474235923,0.0383286798778803,-0.495768561571366,-1.15254287748549,-0.096918027203988,-0.245483214894331,-0.0293497400371392,0.290706074387043,-0.30026655022947,-0.0530467339376941,-0.193772259372592,-0.226148479577453,-0.743805980460074,0,0,0,0,0,0,0,0,0,0,1,0,0,0,0
6,0.594362923276589,0.0522282627463566,-0.494829584198304,-0.430157082574829,0.0423294952535391,-0.0828578430449763,0.0076017449094146,0.555981812942625,0.215351718546664,-0.0242479511342487,-0.138866674966619,-0.0274080053436334,-0.0654388923827261,1,0,0,0,0,0,0,0,0,0,0,0,0,0,0
2,0.370385264477599,0.0249015772491311,-0.528117312899679,-0.730353120164516,-0.200584209595893,0.0447190986250762,-0.0329016695019048,0.342514253581788,-0.130939682254366,-0.109687315967486,-0.100053533158362,-0.163954308347329,-0.65021858770585,0,0,0,0,0,0,0,0,0,0,1,0,0,0,0
4,-0.06035828293496,-0.02977780170448,-0.236008680356263,-0.45701441676593,-0.153422971997603,-0.0001685134992344,-0.0070140392747603,0.0440712163054149,-0.0231663598461268,-0.138726051653024,-0.0749681816466718,0.0973420581968024,0.0397466165369019,0,0,0,0,0,0,0,0,0,1,0,0,0,0,0
8,0.316839794033801,-0.0896611928411044,0.10835192909169,-0.42959606690965,0.0462981730754475,0.126863631830942,-0.0543629932876844,0.1031667039803,0.0336594739492944,-0.0675449564544505,0.132930712068088,0.159412947069741,-0.577978946702107,0,0,0,0,0,0,0,0,0,0,0,0,0,1,0
2,-0.150188895863189,-0.0178450309615608,-0.479185860025734,-0.345179519531091,-0.0353937561538378,0.049809471521388,0.0542310142263343,0.149186632260217,0.11927573907092,0.155901171631402,0.0935382451991934,0.0457543551618338,0.282982121043909,0,0,1,0,0,0,0,0,0,0,0,0,0,0,0
4,-0.859592205143593,-0.0250860234841679,0.483426330152585,0.706750988024868,0.0893137412748096,0.280618126609511,0.0157595088647241,-0.282779829823869,-0.0726989181606037,0.134909216372747,0.117209521451482,0.427647906939662,0.628217352043234,0,0,0,0,0,0,0,0,0,0,1,0,0,0,0
3,-0.10691882598117,0.076112629660911,-0.359414709787708,-0.27761107851402,0.0321966721369633,-0.0250455091832464,0.0501152800222066,0.248911675123236,0.313791969449267,-0.0830710515832833,-0.120431754155703,-0.280192606473786,-0.290848269404517,1,0,0,0,0,0,0,0,0,0,0,0,0,0,0
8,-0.223367709628251,-0.0003270200344934,0.539228705789982,0.34210410555848,-0.0229653381002486,0.0173380823070915,-0.0194149584735053,-0.0171063386398345,0.0126929918087418,-0.0390547077787211,0.0568755569881287,0.212243844313389,-0.135496597343114,0,0,0,0,0,0,0,0,0,0,0,0,1,0,0
4,0.109035515226592,-0.0501780332367401,-0.517472513799966,-1.26769769303569,-0.145711868510774,-0.198803914186467,-0.0090543948258967,0.0287153091324613,-0.0099081153213619,-0.103863707417165,-0.083756861713449,-0.131780052403564,-0.321802662993502,0,0,0,0,0,0,0,0,0,0,0,0,0,0,0
5,-0.366101085896674,-0.076898465718475,-0.364561197842512,-0.565839096595447,0.0291900502897357,-0.0442745238949631,-0.0054361984516449,0.043268493481797,-0.111943507922543,-0.0705915300217947,-0.0944673618815067,-0.0008932973268656,-0.191603429318306,0,0,0,0,0,0,0,0,0,0,0,0,0,1,0
8,0.0839344142028745,-0.0954893066762561,0.3386369081208,-0.0078665550384839,-0.151633554402229,-0.0929876840343647,0.0045379560451173,0.259136973367151,0.135933618091182,0.0132129380275304,0.0928501427130084,-0.241093706963102,-0.271159057843508,0,1,0,0,0,0,0,0,0,0,0,0,0,0,0
3,0.540692810202398,0.185276733732353,-0.278040228151995,-0.545585469646906,-0.0673884317657706,-0.0315342728664653,0.0680190872270996,0.547464479426986,-0.0650286488103349,-0.0983593349846915,-0.083552124153365,-0.103311212588097,0.0499701513888153,0,0,0,0,0,0,0,0,0,0,0,0,1,0,0
8,-0.619718221914081,-0.222148646595,0.0774511486053201,-0.205322285521388,0.0079825653664056,-0.186712073182981,-0.0559663848589909,-0.20506888500823,-0.0963992182964675,-0.0029657037153301,-0.185945965290196,0.134062995699343,-0.520003413864878,0,0,0,0,0,0,0,1,0,0,0,0,0,0,0
5,-0.482705138141262,-0.0420523024104322,-0.188677434334572,-0.0901275584881083,0.0893443499272869,-0.0494705247380582,-0.0220907081476743,-0.437281315549364,-0.117283317289349,-0.017077621052429,0.016465159679553,0.0751037007144471,0.16648376746381,0,0,1,0,0,0,0,0,0,0,0,0,0,0,0
5,0.856321414980662,-0.0365646546659156,-0.573275344763401,-0.414943310391765,-0.115728961728854,-0.143171018213155,-0.0366493375626416,0.553788511222317,0.081431943261348,-0.195639264081431,-0.0704096832012941,-0.328291909466395,-0.713871933645184,0,0,0,0,0,0,0,0,0,0,0,0,0,0,0
0,-0.391162422149209,0.0605053924718153,-0.601672485825792,0.0886716015057719,0.11681523501444,0.171779821199255,0.0829578499194881,-0.532698915971929,0.0094501279650728,0.154633127235121,0.303949596254384,0.0722691888656381,0.610721025153655,0,0,0,0,0,0,1,0,0,0,0,0,0,0,0
6,-0.404932511331979,-0.0449132294327701,-0.70058368960872,-0.0812454277906672,-0.0722533831460356,0.143081115944672,-0.0297744864272897,0.11429835066024,-0.0749414004571149,0.0512704373531141,-0.0875240821137884,0.192178017379826,-0.248809445555976,0,0,0,0,0,0,0,0,0,1,0,0,0,0,0
1,-0.649004958067786,-0.144606024171496,0.544517039260969,1.61297022248267,0.23407692994576,0.182805138651135,0.0473626287834968,-0.546858522457717,0.199584823181214,0.154166213940683,0.347763233591741,0.31262085492159,1.31870100859645,0,0,0,0,0,0,0,0,0,0,0,1,0,0,0
2,0.599011622198485,0.13567102383686,-0.230967139848355,-0.476530890091868,-0.035565727851128,-0.0902860922318716,0.049750530424167,0.424450538988411,0.267989853382938,-0.0021173844890631,-0.266774196915954,0.282841684337849,-0.15127864734331,0,0,0,0,0,0,0,0,0,0,0,0,0,0,1
2,0.155387850659204,0.0483446536073653,-0.46366160508299,-0.769591805809068,-0.0517725597864278,-0.0152216630259877,0.0400142010746274,0.0015097815411299,0.443870335754936,-0.0070898622399074,-0.207410020367398,-0.0291630409904265,-0.484559150156997,0,1,0,0,0,0,0,0,0,0,0,0,0,0,0
6,-0.40155815871836,0.0761906698601474,0.199392468561307,0.220966894438429,-0.032642737401835,-0.0851937017825693,0.0230491255030179,-0.09528907050748,0.0422064315756304,-0.0489847390442566,-0.0738574602595061,-0.128363854456755,-0.477333982404211,0,0,0,0,1,0,0,0,0,0,0,0,0,0,0
6,0.083460392740427,0.0185876877455971,-0.46247138009399,-0.711088070288933,-0.132748763479159,-0.0103968513450033,-0.0041463747765909,0.137033037867982,-0.036867033810444,0.133939885568973,0.0379674171063442,-0.0359384265481968,0.154603781756743,0,0,1,0,0,0,0,0,0,0,0,0,0,0,0
8,0.41666001134765,-0.0644430004468054,-0.414982826183485,-0.425564884383796,-0.0781341448253377,0.131125058932615,-0.0693959503609546,0.391577762108966,0.263360381801392,-0.0172463015485008,-0.0200519485844935,-0.360915996931698,-0.174360008375178,0,0,0,0,0,1,0,0,0,0,0,0,0,0,0
5,0.377811438437737,0.0789916723097004,-0.37815782234793,-0.533689090259859,-0.1006006549361,0.0150734656780217,0.0014361080380718,-0.0577650074557313,0.0796560945834183,-0.125485649742291,0.0153520783599359,-0.264747354328691,-0.196058959853535,0,0,0,0,0,1,0,0,0,0,0,0,0,0,0
2,-0.308986809763877,-0.0407846406119291,0.278216892096596,0.20181953851869,0.0668266463702141,-0.161547943366457,0.0663140448802762,-0.161463606724513,0.101419402381629,0.175143327530274,0.0444288062963168,0.506575326877039,0.0945039588854336,0,0,0,0,0,0,0,0,0,0,0,0,0,1,0
2,-0.234607080350201,-0.0935269274643374,0.436727704929297,1.03437246610803,0.180315453061503,0.0233164939468282,0.0067267822901717,-0.419649049005609,-0.0476958140808682,0.0077538002115377,0.122437165692302,0.259915400807996,0.467319524641141,0,0,0,0,0,0,0,0,0,0,0,0,1,0,0
3,-0.232777316170514,-0.0246335019071358,0.123426546206948,-0.0263801356422033,-0.0832619203453064,-0.104951296076362,-0.0259201546736099,-0.101364332551205,-0.134261884189193,0.0118371432699277,0.0605910548997049,0.276394699008337,0.0670395086378567,0,0,0,0,0,0,0,0,0,0,0,0,1,0,0
9,0.112256847106403,0.0556614098849494,0.323901817840907,0.212001081334152,-0.0342285285944716,0.0022811573213528,-0.0831832987483366,0.1047996959894,-0.287191270917544,-0.171270317095094,-0.137413296039529,-0.107579417170624,-0.334771345407299,0,0,1,0,0,0,0,0,0,0,0,0,0,0,0
2,-0.33500062081414,-0.0462014120575919,-0.159225064985363,0.594561992735224,0.0221518679401558,0.0258423737409014,0.0151011812819438,-0.118678860205097,0.116624603116356,0.0246402945573819,0.145415048009094,0.051257831933455,0.493123237892143,0,0,0,0,0,1,0,0,0,0,0,0,0,0,0
4,-0.306140514127077,0.0174048068306308,0.054362097196674,0.238774582485242,0.0792313626864256,0.015612104817702,0.0199911297445954,-0.363481995253259,0.0957798713147693,0.208652011463804,0.152910317109643,0.363695298004805,0.423595677404962,0,0,0,0,0,0,0,0,0,0,0,0,0,1,0
4,-0.367192589554366,-0.0851467199626618,-0.281492115594378,0.332202406419571,0.0748645031220283,0.118475236228646,-0.03963989421421,-0.205653891965237,-0.252011610680492,-0.14249678594137,0.13745177167995,-0.139044188952248,0.414863233025844,0,0,0,0,0,0,0,1,0,0,0,0,0,0,0
4,-0.0983096009448191,0.0378237836927273,-0.285469482498538,-0.360617058248317,-0.0875455548373046,-0.156270117836862,-0.0042222843986697,0.0268659759875925,-0.0717361982783057,-0.174554478377158,-0.0981341125228384,-0.229195964731569,-0.136626615274913,0,0,0,0,0,0,0,0,1,0,0,0,0,0,0
2,0.401335987082747,0.001321427822508,-0.352300724186616,-0.229237681231058,0.0079979834100586,-0.0137195699350963,0.0305785109854798,0.150758676719319,-0.0748533083572929,-0.126842824398815,-0.0864974857390253,-0.0411443338537172,0.336362423087717,0,0,0,0,0,0,0,0,0,0,0,0,0,1,0
4,0.0249963800775721,0.0843106299477174,0.57889496413951,0.693626498535898,0.106266205022899,-0.0120827271538909,0.0016052230288499,-0.0557349297603368,-0.194515130629549,-0.0912339371434522,-0.167201034376599,0.104784559877303,-0.363189995278803,0,0,0,0,0,0,0,0,0,0,1,0,0,0,0
7,-0.557943656397956,-0.121972561651488,-0.21611177370335,-0.150458248187951,0.0155407269893692,-0.0681782983313329,-0.0685256000608344,-0.456623438318002,-0.339359523184116,0.0287627539856192,0.107343473365913,-0.242929419941007,0.366482614679123,0,1,0,0,0,0,0,0,0,0,0,0,0,0,0
4,0.320128473610133,0.144567699003818,-0.340988031849388,-0.273917150178038,0.0524473135721177,-0.0646941435357686,0.0403920001389246,0.42453953220155,-0.11876862763423,0.0530692446458927,0.0843531897381383,0.22078464331835,0.92110241518907,0,0,0,0,0,0,0,0,0,0,0,0,0,0,1
3,-0.173874077202524,-0.0145868993587731,0.533692008106118,0.947140406106937,-0.0280372866501407,0.105166260169392,0.0212371062217841,-0.0358852252182805,0.0616929832295566,-0.008746111294195,0.0216146621978664,0.166630129313733,0.376012739125243,0,0,0,0,0,0,0,0,1,0,0,0,0,0,0
4,-0.100577441276559,0.0586435231653916,0.128119335852024,0.572331629340614,0.0747154179834052,0.158055878535059,0.0253709740029868,0.0318224152311051,-0.258369601989892,0.182049975002929,0.18483709881284,0.247775823629439,0.343613916508014,0,0,0,0,0,0,0,0,0,0,0,0,0,1,0
7,0.236558923359565,0.120996690067109,0.189635691841639,-0.398281647333351,-0.24645941287827,-0.134464818461873,-0.0441971588452727,0.626873367325291,-0.131693316974819,-0.0714186566175717,-0.191090716257487,-0.254894882462952,-0.624330239604796,0,0,0,0,0,0,1,0,0,0,0,0,0,0,0
3,-0.801788513140351,-0.199035854173104,0.662495025663483,1.29463742573071,0.120377563787863,0.0932605848575708,-0.0017533935465229,-0.364560478395908,-0.0770467389623349,0.0282458328355709,0.0815927598623642,0.139981016544253,0.651612183686729,0,0,0,0,0,0,0,1,0,0,0,0,0,0,0
3,0.20201758926697,0.038413225405306,-0.422235522771084,-0.261312397707753,-0.0435924392267151,-0.0830345249823445,-0.0133991512182961,-0.0996561147238884,-0.20768658184297,-0.0574648256944832,-0.151649058551248,-0.331814458951455,-0.330312775076987,0,0,0,0,0,1,0,0,0,0,0,0,0,0,0
4,0.297882192496406,0.215240379699165,-0.350852760376503,-1.42934019338155,-0.110062473131278,-0.0515541436382498,0.0199420037126307,0.314852145110517,-0.118586743054087,-0.0990195773783987,-0.028154130463499,-0.208846842234759,-0.495091719018328,0,0,0,0,1,0,0,0,0,0,0,0,0,0,0
5,0.240198244642862,0.0169115854965028,-0.15527013392416,-0.746117611556571,-0.234597121261748,-0.277152239796082,-0.057423627512665,0.0111318862111009,-0.178181968053321,-0.177287962452851,-0.361943148834232,-0.265665207090648,-0.717716796941985,0,0,0,0,0,1,0,0,0,0,0,0,0,0,0
2,-0.443851202010049,0.0209764147529679,0.200665916918001,0.120286844324815,0.182338128576513,0.133726912723652,0.0420960814770133,-0.241372657472808,-0.0233020777466451,0.168642876754977,0.157160720840522,0.448257525285355,0.406002646185045,0,0,0,0,0,0,0,0,0,0,1,0,0,0,0
9,0.512193199825884,0.0226420575490532,-0.299057205798885,0.316012480500102,0.168334208777997,-0.265647445207016,-0.060373850608997,-0.011414453357438,0.15309571267408,-0.0416464569172583,0.0068630042385685,-0.367199368003005,0.0221690878763346,0,1,0,0,0,0,0,0,0,0,0,0,0,0,0
4,0.768808045876099,0.0196373730960129,-0.513674063007713,-0.467465819753386,-0.109447269863595,-0.295056351287576,0.0082385538881512,0.340452213053637,0.0419552452203075,-0.0302291859406298,0.0450654922151345,-0.375395848670535,-0.299004914583445,0,0,0,1,0,0,0,0,0,0,0,0,0,0,0
0,-0.240329909790878,-0.0764795343978628,0.276136519751106,0.602333031690151,0.0140508379272041,0.0924506672590402,0.0621396797201202,-0.211264953669451,-0.0587966241359913,0.111049294047634,0.207807875198592,0.261261840665529,0.127401915575777,0,0,0,0,0,0,0,0,0,0,0,1,0,0,0
8,0.656115471306325,0.112043156395479,0.0620343013699667,-0.622459905093649,-0.0059712355063301,-0.267140463659682,-0.0469222662571696,0.175008927010659,0.105228561877513,-0.23006464403798,-0.229392113582221,-0.530665976701729,-1.0190557829852,0,0,1,0,0,0,0,0,0,0,0,0,0,0,0
2,-0.368067171424106,-0.115907195860174,-0.195793611357038,-0.0546289020718588,-0.0833054041664653,-0.304185911972243,0.0291780408148108,-0.428428637176196,0.154755057510908,0.0044783387506292,-0.0059310154008842,-0.281539704384291,-0.0493603010814497,0,1,0,0,0,0,0,0,0,0,0,0,0,0,0
3,0.239241632852817,0.108869633265359,-0.16036281063688,0.0002960964345003,-0.0668254473744775,0.0339154745432889,-0.0152767950620014,0.0345196501388998,-0.203613062053865,-0.0158049541036835,-0.0460414037821198,0.0793112245784307,-0.15593836993647,0,0,0,0,0,0,0,0,0,0,1,0,0,0,0
9,-0.546404248732129,-0.0545873426166208,1.19458873360921,0.614850183550711,0.0697644355411337,0.31599979870081,-0.0751561704494133,-0.307032355184683,-0.112282820411161,-0.0172916880842525,0.0526761823903311,0.302345770827028,-0.0270131654722374,0,0,0,0,0,0,0,0,0,0,0,0,1,0,0
5,-0.320501896299246,-0.0426897411024218,1.11376558843355,0.518121969931389,-0.0001678138785713,0.0441658288625349,0.0029424408571443,-0.120748463349077,-0.0904870769519784,-0.0510212132965986,-0.13969902577732,0.0473851839326701,-0.181809303273733,0,0,0,0,0,0,0,1,0,0,0,0,0,0,0
1,-0.273489543958626,-0.0232804345621403,0.50375543380756,0.946737188312527,-0.0242355829420816,0.184865904917904,0.0032690616021398,-0.126697464475998,-0.0518474491848225,0.0693308556853012,-0.0405531237458298,0.396364659775549,0.505155517370016,0,0,0,0,0,0,0,0,1,0,0,0,0,0,0
6,0.109104310209705,-0.0118943313277934,0.496435296463093,0.261017193467576,-0.0409103871137821,0.121289775523366,-0.012087931140127,0.0803003834578936,-0.0974744662403602,0.0037672429044444,0.0948818189070345,-0.181380904963757,0.486072595634273,1,0,0,0,0,0,0,0,0,0,0,0,0,0,0
7,0.632865561025424,0.190334253043489,0.229473098209638,-0.696228851001561,-0.142638947959832,-0.186359776312105,0.014141674906624,0.407542516109628,0.17177021672019,-0.0670613931395878,-0.296285259638884,-0.216813616386473,-0.603315972885028,0,0,0,0,1,0,0,0,0,0,0,0,0,0,0
6,0.133404617259516,-0.0636265938248667,-0.106388801371627,-0.236765110273314,-0.0072394459805026,0.0920931222448002,-0.0072930050414194,0.156027977588101,0.102912088793157,-0.0064015966992253,0.171819673515584,0.0199070957586007,0.259277760567014,0,0,0,0,0,0,0,0,0,0,0,0,0,1,0
6,0.918358930911222,0.282923046902131,0.0799160099063346,-0.994498413778738,-0.101358818906351,-0.123188832893556,0.0253251436501603,0.806283862250327,0.101369596147607,-0.140904872811315,-0.351541984259859,-0.138872828026252,-1.21604891509487,0,0,0,0,0,0,0,1,0,0,0,0,0,0,0
4,-0.356330833468964,0.0450441884825477,0.729764723351491,0.578500350595736,0.0075345958898557,0.0226658483718536,0.0262616240477166,-0.254740424059235,0.153041737304929,0.0088496410376648,0.066833635033577,0.361517188997499,0.385493171287425,0,0,0,0,0,0,0,0,1,0,0,0,0,0,0
3,-0.831412295305727,0.012409437514797,0.172470504151643,1.45516119711134,0.149294615044123,0.332589651422463,0.034794540362588,-0.0686524805601873,-0.137646765969873,0.194649013306707,0.216118279243346,-0.0912770526006472,1.26549626734297,0,0,0,0,0,0,1,0,0,0,0,0,0,0,0
7,-0.0099498643604434,-0.0031615208704475,-0.840379505348731,-0.766917494547339,-0.00249210249163,-0.0400904376301565,-0.0294006851069657,-0.114625905796653,-0.107296003102948,-0.0620552008622968,-0.0406661979771009,-0.328315582710668,-0.176889531623832,0,1,0,0,0,0,0,0,0,0,0,0,0,0,0
4,0.273592103734579,0.0950856475551807,0.0607526621416936,0.167484090187848,-0.0560792812879013,-0.284689059822766,0.0518227262829523,0.446665358146677,0.165750012988138,0.0576691599881088,-0.0178051338011649,0.107780245462171,-0.240888682720746,0,0,0,0,0,0,0,0,0,0,0,0,0,0,1
1,0.155333706841199,0.0945613837086827,0.382114654314517,0.0283290056825753,-0.0328592904477132,0.0692991674297791,0.0569156735434943,-0.139118131020813,-0.106394654287719,0.0745436510780879,-0.0325938605207991,-0.0459322381367487,-0.10550595291589,0,0,0,0,0,0,1,0,0,0,0,0,0,0,0
9,0.302793740071753,-0.0443311283481832,-0.0672563646192767,-0.35441253283909,-0.133922237664806,-0.0717235325540201,-0.0758920296044357,0.514586962573589,0.0615578672796408,-0.0028473958332238,-0.15295352875121,0.24318936465609,-0.107530612449634,0,0,0,0,0,0,0,0,1,0,0,0,0,0,0
5,-0.225627608959366,-0.0683053522083334,-0.465868413506985,0.474496645234254,0.0943654894912134,0.162771831383021,-0.0293894033237746,-0.0282193832062675,-0.0876055018019334,0.0822722207569156,0.141257976614068,0.0218255571882846,0.51278972187645,1,0,0,0,0,0,0,0,0,0,0,0,0,0,0
8,0.158345570957709,-0.0043193318898175,-0.317633137705964,-0.748781049771518,0.0441704191518662,-0.0524080844142634,-0.0406505584776569,0.100494018387837,-0.0003432945311595,-0.176106756379601,-0.142304692336249,-0.475699757972741,-0.83718514062049,1,0,0,0,0,0,0,0,0,0,0,0,0,0,0
0,-0.358381163938659,0.054588528803691,0.404850217159492,0.0794170075621019,0.0184617409866624,0.230471466167709,0.0612126994704164,-0.288728158595433,-0.322742592785624,0.0010328743894583,-0.0586076529869043,-0.117021960833353,0.0239486037011176,0,0,0,0,1,0,0,0,0,0,0,0,0,0,0
3,-0.0180556146335375,-0.0608288057684596,0.0552482616763254,0.54083713260138,-0.0220178955683673,0.0193061563035751,-0.0044455662674963,-0.0340314336978155,0.0413876280573013,0.0246400416177157,0.104634706604818,-0.0092354682422762,-0.0172613156789222,0,0,0,0,0,0,0,0,0,0,0,0,1,0,0
4,-0.282762777496976,-0.042715940447182,-0.526456691512272,-0.464356093817523,0.0616032708134629,-0.0925247628740577,-0.0122600070355268,-0.578682972968973,-0.0708674537117351,0.0019565611262582,-0.086904696329445,-0.122853529086204,-0.263749805206904,0,0,0,0,0,0,1,0,0,0,0,0,0,0,0
9,-0.800085986281066,-0.153903251028789,0.640954946965158,1.0712710331785,0.0078936858164544,-0.0704270505605102,-0.104037276201942,-0.452528131507425,-0.245335789165988,-0.0909623544050825,0.0219819976319502,0.0888919931013608,-0.1735239534352,0,0,0,0,0,0,0,0,0,0,0,1,0,0,0
9,0.192123473092589,-0.120537188591642,-0.111670168044303,-0.0007139093601727,0.0599425990797493,0.15068418815135,-0.0634338603713454,0.315497497055152,-0.0134686506302081,0.0493320895448087,0.090558788946984,0.145725438682463,0.19409486386139,0,0,0,0,0,0,0,0,0,0,0,0,0,1,0
4,-0.0534317880366656,-0.0460959067940852,0.0069572511543281,0.143429871416045,-0.231922787124258,0.0273503959593737,0.0011804362673163,0.0535570806810875,0.074273215821969,0.0269724131567845,-0.119966247067091,-0.172110868592202,-0.39922467798223,0,1,0,0,0,0,0,0,0,0,0,0,0,0,0
0,-0.0523550016749797,-0.0540102459410829,0.248054936120226,0.900229441811562,0.0605152480600726,0.0782279725802915,0.0621798740816773,-0.310857921252782,0.221774027483196,0.0458026891227365,0.107158632848133,0.140011644094432,0.518826823153529,0,0,0,0,0,0,0,0,1,0,0,0,0,0,0
9,0.2628518984513,0.0862522988876518,0.238783222850948,0.038148927409746,0.0501900845111891,-0.130299430572106,-0.0858269491493035,0.0364339948123964,-0.143342912983347,-0.002628734360993,-0.0124997153712609,-0.0213657946951502,0.032564377160094,0,0,0,1,0,0,0,0,0,0,0,0,0,0,0
4,-0.230264799163363,-0.0162590791470172,0.160260470934477,0.0528269381963373,-0.113071541622637,0.0500645036099178,0.0115936917264902,-0.0207211823208991,-0.178214330393146,-0.209763108651577,-0.0740328465494575,-0.0823861402229695,0.0986358285557352,0,0,0,0,0,0,0,0,1,0,0,0,0,0,0
4,0.0720994895098838,-0.0796060094291766,0.361011445259234,0.261788338790601,0.066157876655491,-0.170139015225664,-0.0017232884248463,0.138111984833722,-0.099419110447099,0.0576311751400358,0.112253510345771,0.191119808976048,0.513172107818764,0,0,0,0,0,0,0,1,0,0,0,0,0,0,0
9,0.20410407157653,-0.0627246613507677,0.657058352431224,-0.266312250933069,-0.0301291970026001,-0.109131427865086,-0.0790679574911592,0.121990940164153,-0.0036231584344552,0.0149251520255789,-0.023127105650768,0.155673371544421,-0.0804078246199747,0,0,0,1,0,0,0,0,0,0,0,0,0,0,0
0,-1.0982551118416,-0.268489568903449,0.254542919689803,1.34963508679166,0.274587506285529,0.0441832877361947,0.0704592190140555,-0.820593205720804,-0.101261377964314,0.301018224163591,0.379731703658443,0.231860635192351,1.21853672636386,0,0,0,1,0,0,0,0,0,0,0,0,0,0,0
4,0.135081896929597,0.12073794478079,-0.0620159140130694,-0.134811528324077,-0.157054352033774,-0.0936480431359321,-0.012216681072627,0.059956920871758,-0.0089849857661852,-0.185276133774936,-0.0554950261021781,-0.260394875933968,-0.147557998914253,1,0,0,0,0,0,0,0,0,0,0,0,0,0,0
5,-0.131900870757456,-0.127334091070872,0.0863735908705059,0.300718604051603,0.123245374786478,0.195706455546804,-0.0169705693311032,-0.151519411850019,0.0622789436790519,0.0938014815077977,-0.0112827154023641,0.301610177304894,0.587476522976123,0,0,0,0,0,0,0,0,1,0,0,0,0,0,0
4,0.388197043334807,-0.0367296064489537,-0.468409355842533,-0.402122505145669,-0.172821702141323,-0.162050412053435,0.0122502940802737,0.0290465009143213,0.0572000043846589,-0.0917322454175287,0.0202503874101057,-0.0673149044427412,-0.340698377782266,0,0,0,0,0,1,0,0,0,0,0,0,0,0,0
3,0.399976155657206,0.178327316071948,0.326721804880846,-0.57970540871559,0.0138052131994135,-0.122616066819845,0.0308454300278562,0.32876186134529,0.0247527441512523,0.153705488562229,-0.0042284965405822,-0.0080177369849164,-0.47986123652075,0,0,0,0,0,0,1,0,0,0,0,0,0,0,0
6,0.0790458345588122,0.0464847771600642,-0.131232735316181,-0.690671566818232,-0.0499169504677531,0.095136411587639,0.022508152156631,0.0658027815501186,-0.0154524558346917,-0.178100126923322,-0.0411924464885421,0.0194866681170334,-0.207322621129324,0,0,0,0,0,0,0,0,0,0,0,1,0,0,0
6,-0.178072099556545,-0.158108529431442,0.543554557866107,0.0943257739453835,-0.116882463063583,-0.0021166094032161,-0.0455554687752602,-0.265905939102479,-0.142884745815039,-0.0316147475451201,-0.0339771760422924,0.116289760690997,0.0554816133770813,0,0,0,0,0,0,0,1,0,0,0,0,0,0,0
1,-0.0937960540964344,-0.0011038770881219,-0.62464269008953,-0.322613337775253,0.0166861631646079,0.0797753389507778,0.0138677623550497,-0.12631082140125,-0.0915881400199606,-0.0849920816479652,-0.001850995532333,-0.0526359187899526,0.158767915222208,0,0,1,0,0,0,0,0,0,0,0,0,0,0,0
0,-0.340923862600519,0.0910686864379859,0.0995855231559042,0.0839192528240003,0.016638990162258,0.119089652108969,0.0899408311489693,-0.158977242454704,-0.0741299328605555,0.119843055217291,0.0417301585391831,-0.134306409291977,0.324718578859941,0,0,0,0,1,0,0,0,0,0,0,0,0,0,0
0,-0.0252749247205236,0.116530404594941,-0.376603750683372,-0.676219597693556,-0.0031067639924874,0.0631230866015921,0.0869073384514264,-0.0216013530401366,0.201853238269104,0.0164144478236445,-0.0890398047081651,0.0182278262083743,-0.269834009858532,0,0,0,0,0,0,1,0,0,0,0,0,0,0,0
0,-0.425862010609192,-0.00664303584037,-0.388003732617479,-0.236093427121849,0.0076457134118606,0.134420456181998,0.103983128230112,-0.185262987306506,0.148596637589937,0.14368619655061,0.167711805281291,0.0040033267503195,0.467913175423313,0,0,1,0,0,0,0,0,0,0,0,0,0,0,0
9,0.67619216822342,0.11043594857312,-0.467786839909203,-1.39867343734616,-0.0671079260757273,-0.235443356585351,-0.0527499281734663,0.593594006757321,0.0843056190434525,-0.201926190532166,-0.159488913500263,-0.5191594277516,-1.08987875140842,0,0,0,1,0,0,0,0,0,0,0,0,0,0,0
1,0.326526429252692,0.0894391337221453,-0.160000019919965,-0.738869726531747,0.0479173605480212,-0.140003189585959,0.0609564950398779,0.0914258498337281,-0.226155841595687,-0.0233609032986377,0.0015469844593438,0.29994982418767,-0.2689991533414,0,0,0,0,0,0,0,0,0,0,0,0,0,0,1
4,0.0122500208643518,0.130271103403117,0.545032760383369,0.411379390133111,-0.004995510541345,-0.0010316868007704,-0.0032114045097812,-0.102835674486084,0.0601375690413058,0.0541288196597994,0.164588998479265,0.149380217043702,0.359878215807452,0,0,0,0,0,0,0,0,0,0,0,0,1,0,0
4,-0.234797407579818,-0.0743004655055354,0.434185853706305,-0.0212151974191634,-0.0070503671001314,0.144832527001221,0.0576887183646005,-0.277002282846416,0.179984899320116,0.0433263126242849,0.191126483881818,0.306371951449716,0.94344914683586,0,0,0,0,0,0,0,0,1,0,0,0,0,0,0
6,-0.54475520211598,-0.0801559703803097,0.228775456413431,0.826074305932699,0.0753525322300397,0.145956022838102,-0.0198816534399765,-0.168568569153616,-0.18434865110122,0.0390943586228043,0.117576547601032,0.0890457821368059,0.3669385784193,0,0,0,0,0,0,0,1,0,0,0,0,0,0,0
3,0.568220527435609,0.0438761873340298,0.173637963701748,-0.152535985222765,-0.0751650285442161,-0.102934864158163,0.009208029046475,0.425286633297703,-0.02584628376894,-0.0779871216209043,-0.119434726853315,-0.236694475703371,-0.572558916619117,0,1,0,0,0,0,0,0,0,0,0,0,0,0,0
8,-0.165302985088675,-0.010913281560325,-0.139154357254658,-0.400778038058812,-0.0572668894006355,-0.0244346314333704,-0.0602609220072306,-0.0163566505315961,-0.034180702083883,-0.0365242110736002,0.0147070478177392,-0.0159725907820441,-0.178251189415189,0,0,0,0,0,0,0,0,0,0,1,0,0,0,0
5,0.301345625990296,0.0560449966973798,-0.228841516204096,-0.607521121776874,-0.0485354010685128,-0.250348368853871,-0.0125791422284402,0.0332611068740261,0.0146044118518078,-0.116388346915738,-0.177890628005078,-0.111488237439723,-0.618634416732229,0,0,1,0,0,0,0,0,0,0,0,0,0,0,0
0,-0.136730344683095,0.0587146700505877,0.164465495484501,0.611211604006228,0.127745830742832,0.135773952946902,0.0617233706275346,-0.013725815761894,0.0241781348427127,0.215117438379839,0.273760284210787,0.0924129832402893,0.701583591876738,0,0,0,0,1,0,0,0,0,0,0,0,0,0,0
8,0.188891508661557,0.133578176951067,-0.0103703159172984,-0.732406867249358,-0.094717850882628,-0.212041622779636,-0.0069490694237133,0.24618701066374,0.24558235067498,-0.122571247905098,-0.178565025721953,0.181316859065076,-0.421277568384344,0,0,0,0,0,0,0,0,1,0,0,0,0,0,0
9,0.34504044420449,0.0603179161615628,0.0412391446977729,-1.03163209633135,-0.254252672674386,-0.289570003050411,-0.0965591802732838,0.347666593806661,-0.0750142511594371,-0.204342835807549,-0.230885233285093,-0.408248517168299,-0.543718286451962,1,0,0,0,0,0,0,0,0,0,0,0,0,0,0
5,-0.222888837371222,0.0014552125052229,-0.52920270178367,-0.180878413448863,-0.0150679478352166,-0.0138609099281003,-0.0127340419238237,-0.10046288457656,0.101502305278307,-0.103046094796847,-0.104288212438612,0.0982029773822169,-0.0527864958104061,0,0,1,0,0,0,0,0,0,0,0,0,0,0,0
9,0.293595954705083,0.204212233268677,-0.335124810935307,-1.20983417738793,-0.206799857699765,-0.327219305162242,-0.0313402985750332,0.404986024442019,-0.0733127142313277,-0.316805894040296,-0.215594030891251,-0.332842698515654,-0.53155076907038,0,0,0,0,1,0,0,0,0,0,0,0,0,0,0
0,-0.15788359798603,-0.0428409190474133,-0.0905725755797514,0.708466969706578,0.216204557319771,0.180800767353202,0.0666057945742408,-0.026030579848873,0.0570240445992315,0.0990440157860039,0.339785256197323,0.157310815767194,0.778931961924895,0,0,0,0,0,0,0,0,0,0,0,1,0,0,0
4,-0.0044749131736647,0.0171911773085703,-0.134983243552904,-0.556769876178757,-0.23230861842672,-0.317292290530224,-0.0285657119382324,-0.260775563784693,-0.218352594627025,-0.212032262547601,-0.318116138809051,-0.270676844135154,-0.832359779085358,0,1,0,0,0,0,0,0,0,0,0,0,0,0,0
7,0.321123074868373,-0.0203751480201378,-0.290665027109905,0.141665477296878,0.022797512889857,0.0188590689629804,-0.0342224057514739,0.189112638449637,0.209954800325251,-0.131311272786105,-0.0177333734751786,-0.188316915590087,-0.14849705312273,0,0,0,0,0,0,0,1,0,0,0,0,0,0,0
3,-0.262653883333676,0.0709382205506796,-0.549359813144923,-0.992463134672372,-0.105354747290721,-0.0181847152445269,0.0438550237677228,0.201233103390727,0.153665813543801,0.0774359266060737,-0.064933192982532,0.118405815104278,-0.385409494075696,0,0,0,0,0,0,0,0,0,0,1,0,0,0,0
1,0.0612887630799401,0.0062573254008654,0.100665886687345,0.657613800097818,0.261372417840078,0.0337246504252893,0.0292262931920737,0.0502072935749229,0.229971094892777,0.314861645387547,0.233401404723371,-0.0244357676705881,0.650344770658765,0,0,0,0,1,0,0,0,0,0,0,0,0,0,0
2,-0.397050131480772,-0.0319585808794313,0.257233254475232,0.693092690958534,0.0933557205664335,0.116769076080837,0.0322430130569185,-0.32568966574675,0.0150552160224473,0.0200066019058661,0.190416936028042,0.0277790390834496,0.585495258332373,0,0,0,0,0,0,0,0,0,0,0,0,0,1,0
2,-0.223875999843527,-0.104689656228491,0.0087742642543018,0.540015172546707,0.167782267766839,0.242109631162419,0.0248742171700093,-0.254362924854941,0.224888989522018,0.150066311708225,0.103020608492583,-0.0496984574636651,0.698892154461579,0,0,0,0,0,0,0,0,0,0,0,0,0,0,0
5,-0.0876906054591717,-0.0115832436823563,-0.0746536087005379,0.0115446994082145,-0.100458650182206,-0.0847984766840266,0.0108066239061709,-0.039938633870154,0.0945244750828155,-0.0947290614171197,-0.177812677775049,0.0634650130322163,-0.459082959857526,0,0,0,0,0,0,0,0,0,0,1,0,0,0,0
1,0.701385965538751,0.0346860725581712,-0.666721147591034,-0.362598272197637,0.0607681702199646,0.192054604282863,0.0789868761166498,0.526527212166594,0.12831446432414,0.145621330862693,0.187968978087668,0.157208747399554,0.393321401530619,0,0,0,0,0,0,0,0,0,0,1,0,0,0,0
4,-0.102934266563494,0.0317120198687223,0.831539914337587,0.681885423153136,0.0841730575368728,0.108711042147115,0.0039675676879287,-0.0697776533450798,-0.309688900985663,0.142862369356626,0.076478955109303,0.25549264611376,0.490975941741249,0,0,1,0,0,0,0,0,0,0,0,0,0,0,0
4,0.0866832645607613,0.0579755139531411,-0.0883969683538056,-0.0631290452409025,0.143075207339942,-0.0195251099696567,0.0128211260930072,-0.07608704642521,0.0603424103107767,0.11676630182923,0.267004091989049,-0.139094398008246,0.239005492283587,1,0,0,0,0,0,0,0,0,0,0,0,0,0,0
2,0.554816212072162,0.0034755315936103,-0.401464335578165,-0.665310541575749,0.0554930936524596,-0.22674560193726,-0.0321700633142807,-0.126199917236771,-0.137143271021671,-0.152569024979136,-0.161455056016718,-0.0425174827810783,-0.902928691228831,0,0,0,0,0,0,0,0,0,0,0,0,0,0,1
5,0.260943912212759,0.0833349220825778,-0.0734504008119991,-0.228264530417289,-0.0267813175031541,-0.0687058205451939,0.0177771860723634,0.161504064046613,-0.0061899585383701,0.107948177566582,-0.0277915342299118,0.23352419134386,0.0225624424573458,1,0,0,0,0,0,0,0,0,0,0,0,0,0,0
1,0.819141046156177,0.0424919819211438,0.0956851277177949,-0.705849289757926,0.015477108403946,-0.0383368113195595,0.0193369290598852,0.289396760663864,-0.0055917094370916,-0.0288239393743658,-0.127830481138542,0.0183079121783548,-0.444553204411621,0,0,0,0,0,0,0,0,0,0,0,0,0,1,0
1,-0.365711499877437,0.0707122387174771,0.475844266603285,0.240223344312198,0.0318561299606981,0.12129660747313,0.0279080105802352,-0.0551206499812886,-0.0745352599056626,0.0721452084018424,0.21586403426385,0.149962656133275,0.796716170081309,0,0,0,0,0,0,1,0,0,0,0,0,0,0,0
0,0.319541691666726,0.049651793240603,0.098016103061989,-0.24588333456867,0.0163678445736409,0.11059684866092,0.0405367105610291,-0.0567997806241401,0.164628354438935,-0.0408972494368608,-0.0814723783868257,0.0080193125534032,-0.108493302399535,0,0,0,0,0,0,0,0,0,0,0,1,0,0,0
4,-0.146897548224957,0.115383172075462,-0.702249642282024,-1.26332362522542,-0.0825294104885409,-0.0264134454552858,0.0247659932032168,-0.27065907001416,-0.011919186690859,0.00656783574985,0.0298354516692464,-0.134522935386021,-0.241440293332697,0,0,0,0,0,0,0,0,0,0,0,0,0,0,1
2,-0.378507490382833,0.0217983353043196,-0.205114793674167,0.188752826580473,0.0608880608631789,0.0085020425899455,0.0310824247957091,-0.0936847510517358,-0.0706204812092281,0.0937080018534837,0.05866957157197,-0.0670778635342223,0.616417445159762,0,0,1,0,0,0,0,0,0,0,0,0,0,0,0
7,0.205798108885705,0.0850470538142921,-0.0473254624913506,-0.448612284848238,-0.137728844623359,-0.235058996871865,0.0005232514321368,0.332404099344508,0.0068568130445191,-0.253771581345266,-0.277498030432499,-0.138064363258202,-0.959290468171274,0,0,0,0,0,0,0,0,0,0,0,0,0,0,1
2,-0.326148721363262,-0.0319431121394225,-0.767356235788058,-0.464312379618269,0.0364523181235306,-0.0465198169052101,0.0021249997253742,-0.177190868957472,-0.171401339981008,-0.014977960234748,0.0659730761687191,-0.374433159953323,0.255432073577118,0,0,0,1,0,0,0,0,0,0,0,0,0,0,0
9,0.0281125142977965,-0.107177009161067,-0.1902885510728,-0.186532384994778,0.0178862869632786,-0.0145551669225509,-0.0833101246151085,0.113630903591127,-0.0595706152297882,-0.120245237989899,-0.0170236477736395,-0.11031446224422,-0.714932128531691,0,0,0,0,0,0,0,0,1,0,0,0,0,0,0
4,0.279323853462369,0.310536312910033,-0.235025954814391,-0.338562337392434,-0.0633090947055624,0.185084819198799,0.0185386383512314,0.338901813418974,-0.151486044009237,-0.0783367926769362,0.138547305976898,-0.474381600599633,0.079288648471398,0,0,0,0,1,0,0,0,0,0,0,0,0,0,0
8,0.0280506598313864,0.0396453645346753,0.0062420161309778,-0.975378243836864,-0.155707391306646,-0.163744306103151,-0.0301476114651655,0.042288246345496,0.0357720405739636,-0.157399942871793,-0.123873808354063,-0.152741940397394,-0.712846375975942,0,0,0,0,0,0,0,0,0,0,0,0,1,0,0
1,-0.368652731148315,-0.0494021325427839,0.0365278770472181,-0.0232809499197757,-0.0664479679181294,0.234754825979479,0.0565783780323219,0.0043475287306124,0.343729762431644,0.261194741991093,0.153056195309792,0.186243375495501,0.62297985212076,1,0,0,0,0,0,0,0,0,0,0,0,0,0,0
0,-0.0876817739501901,0.0002897405553735,0.0544045302232766,0.840503381743624,0.0266013442600129,-0.0489903525889444,0.0541344943955016,-0.138396272770703,-0.225504575293063,-0.0810750996727069,-0.0377673938802919,-0.292962479521441,0.011601733267211,1,0,0,0,0,0,0,0,0,0,0,0,0,0,0
4,-0.169928984634253,0.0172404148035501,0.809757457788913,0.870005948726952,-0.0310559938692903,0.0305452300189376,-0.0120957571621781,0.154039636885893,-0.134707020797475,0.0486304547738085,0.0194145846220387,0.206133963183384,0.286821038275256,0,0,0,0,0,0,0,0,0,0,0,0,0,0,1
5,0.415132431741708,0.157277113074124,-0.613640829219339,-1.05519065025946,-0.182670964554903,-0.05920164341505,-0.0034634851259349,0.170799557042933,-0.0805772194205785,-0.116367306235157,-0.267970971467987,0.0052615805807036,-0.400878935734319,0,0,0,0,0,0,1,0,0,0,0,0,0,0,0
5,0.101587483978128,0.198390397495012,-0.16784294062767,-0.922931389782632,0.0137893478380154,-0.0444657544783502,0.0130981277288133,0.0468720695140006,0.0330797296450253,0.0367088392630495,0.0585617686803821,-0.0908429362857807,0.163944614826246,0,0,0,0,1,0,0,0,0,0,0,0,0,0,0
2,0.0851436956558044,-0.0275419664794958,-0.0664536479034356,0.351183231034778,0.158325379409666,0.141112543497115,0.0212407853806068,0.109306455105258,0.11700692205544,-0.0543163206341358,0.109608912713789,0.1187211625502,0.346472078889351,0,0,0,0,0,0,0,0,0,0,0,0,0,1,0
3,-0.266671201573628,0.143168812081485,0.397058019318434,0.74705734717797,-0.0062623075723054,0.243037868747986,0.0566371334558485,-0.0774131670709447,0.198260610575012,0.0844573714611493,0.191306750354075,0.400469036457612,0.421160372597108,0,0,0,0,0,0,0,0,1,0,0,0,0,0,0
4,0.0922665703675912,-0.074823848003255,-0.0291049626641375,0.700272740207911,-0.03955328639954,0.0465907070693396,-0.0182254818781521,-0.0473400089526093,-0.0846665769791716,-0.0797551692954666,-0.0274813950136289,-0.418283795542488,-0.146869972393738,0,0,0,0,1,0,0,0,0,0,0,0,0,0,0
1,0.60476309762597,0.159364512932286,-0.086629272438084,0.118713051512145,-0.0124399966163131,-0.0075417741279897,0.0670731853377236,0.475317216937936,0.157573741244469,-0.0225716974198013,0.0017053774671247,0.0046960747331939,0.0181640975360782,0,0,0,0,0,0,0,0,0,0,0,0,0,1,0
2,-0.393630111711685,0.000244097035348,0.132531719914146,0.397848138906124,0.0244995734292324,-0.0473754645152014,0.0233051553503274,-0.0933920534687086,0.0573163990517498,0.0362108380438371,0.0561955288752992,0.149795364920135,0.320611756098534,0,0,0,0,0,0,0,0,0,0,0,0,0,0,1
0,0.417841068494701,0.0786811196924897,0.0929153381076393,-0.813054159515297,-0.0644568434509413,-0.0918675769840741,0.111466972619811,0.284541052712538,0.0910302787994267,-0.0032953656917396,-0.0828751416435732,0.115246517842456,-0.0945492730754739,0,0,0,0,0,0,0,0,0,0,0,0,0,0,1
5,-0.37285544717199,-0.0194983488247289,0.78546299467684,0.923177677621998,0.169360859483638,-0.0330881783870037,0.026110218427517,0.0010245097303882,0.001435969918067,0.097603442856623,0.0543339193030015,0.293641831580697,0.7521057739842,0,0,0,0,0,0,0,1,0,0,0,0,0,0,0
6,0.590956007834971,0.136274978463798,0.18500990735973,-0.297616359056941,0.0098854912771309,-0.165292878658458,0.0116451551115632,0.206699850512392,0.373834931147722,-0.112704945124872,-0.15792313529448,-0.0419696613434411,-0.94728964967943,0,0,0,0,0,0,0,0,0,0,0,0,1,0,0
1,0.0398103044713319,-0.036754077214578,-0.782843201461665,-0.180725652139439,0.203088760215978,0.117808874614146,-0.0017987393042307,-0.212614478805722,0.0104906025564998,-0.0382896770901546,0.0991971888255305,0.13432386672093,0.0326589630372174,0,0,0,0,0,0,0,0,0,0,1,0,0,0,0
7,-0.249910533115667,0.0002617399311868,0.106247637670782,0.326034150217809,-0.172636694519261,-0.0987123464308896,-0.003303234339059,0.0751822095476029,-0.0711321648945031,0.0470375643330797,-0.0126858855385414,0.0338935312280345,0.0745440858276323,0,0,0,0,0,0,0,0,0,0,0,0,0,1,0
6,0.614948570372018,0.110398991227846,-0.70216009083716,-1.31200358126712,0.0413273016241609,0.0263184648552936,0.0390689022160943,0.389042071240872,0.0085440257086556,-0.0110942372466606,-0.0552849642395604,-0.0558744945688597,-0.635960274992972,0,0,1,0,0,0,0,0,0,0,0,0,0,0,0
0,-0.043036510812668,0.0539883473445934,-0.516857077952021,-0.648533581475079,-0.0937859778140807,0.0728871520050933,0.0417135058874176,0.0198860095723023,-0.0892373514994638,0.104849640380519,0.0644553437482314,0.0309417607796462,0.342494005919953,0,0,1,0,0,0,0,0,0,0,0,0,0,0,0
8,0.335977607112573,6.6986262042365e-05,-1.09371302065979,-1.38489267394752,-0.140992363011879,-0.0775899463149423,-0.0504061531452652,0.365330002810999,-0.244878446751765,-0.165645712661058,-0.0487363692540951,-0.459382793304693,-0.761623366353411,0,0,0,0,0,1,0,0,0,0,0,0,0,0,0
9,-0.0929403734919589,0.0237358852370518,0.471725455380692,0.0378427200023782,-0.0926796480603443,0.0307143716955877,-0.0808333315841591,0.369781550838601,-0.134486006689899,-0.175152644516489,-0.0518191703949707,0.177813736115115,-0.0452703209463815,0,0,0,0,0,0,0,0,1,0,0,0,0,0,0
6,0.179538702285088,0.0522062859648413,-0.14285527835799,0.0490230742853218,-0.0427321118894413,-0.090430050689988,-0.0121927072460226,0.21832541513572,-0.0670731315089826,-0.0549294741793232,0.0544787880971309,0.0823690358564928,0.0820123692309894,0,0,0,0,0,0,0,0,0,0,0,0,0,0,1
4,0.334537648040304,-0.0056485657910324,0.45495193014752,-0.0537013870362354,0.134485379510799,0.171884750517566,-0.03288290507214,-0.065520439133981,0.0540119589230683,-0.0291398151587105,0.0741565357936625,0.0448942502312884,-0.170671385477373,0,0,0,0,0,0,0,0,0,0,0,1,0,0,0
2,-0.407243717590301,-0.010650074275791,0.0356156682678364,0.621328017589884,0.0962579659533002,0.140632777776665,0.0066489208764345,-0.165255328865545,0.22502093049363,0.042810466305812,0.0851634670450228,-0.21722348650143,0.87442050465121,1,0,0,0,0,0,0,0,0,0,0,0,0,0,0
0,0.332618852438704,-0.0527329770590759,-0.131299559863427,-0.3417082449314,-0.0850220173914312,-0.0965326767480297,0.0249607157524561,0.138192313504328,-0.0624802212195394,-0.0693121668539599,-0.0967154661049753,-0.0662741719645045,-0.337939912025636,0,1,0,0,0,0,0,0,0,0,0,0,0,0,0
7,0.354271301225014,-0.0558840849423183,0.615687613782814,0.775998888582731,0.0145314461242174,-0.0041974678093147,-0.0645005787806684,0.307554321246079,-0.329564803168863,-0.104391498423153,0.0152296675032896,0.021019354008791,-0.458871899177902,0,0,0,0,0,0,0,0,0,0,0,0,0,0,0
1,0.405544281411772,-0.0135197678983157,-0.774749220240389,-0.662410499385607,-0.0517019134770449,-0.102134801756285,-0.0023016460305421,0.421354979256593,0.0763214932579653,-0.0967662616866278,0.0122767708635627,-0.463233520704009,-0.101046799800594,0,0,1,0,0,0,0,0,0,0,0,0,0,0,0
3,0.235163378481212,0.0463918295754465,0.0556532476257235,0.172644324400343,0.0120143215033887,0.16028447263269,0.0127546463642555,-0.0776022844579065,0.0067211431716534,-0.100162723453471,-0.022170398060929,-0.0056023526865132,0.109329641622944,0,0,0,0,0,0,0,0,0,0,0,0,1,0,0
3,0.0415880574568384,-0.0182252451973034,0.207932098162061,0.535023527968368,0.089177652828395,0.108398418560923,-0.0166659254477709,-0.0887604860850936,-0.150160657803238,0.0218809467592082,0.15556342953719,0.331925205100674,0.765939794041121,0,0,0,0,0,0,0,0,0,0,0,1,0,0,0
8,0.29258549917045,-0.0393755018853903,-0.122522535816351,-0.424331619000737,-0.195675094617351,0.18920829905288,-0.0702181533076134,0.355129373446597,0.0957885306348613,-0.268424889943869,-0.185887662248793,-0.303246139966742,-0.503537218756407,0,0,0,0,0,0,0,1,0,0,0,0,0,0,0
3,-0.179352667359772,-0.0174930515960678,0.165468561321562,0.346083020265156,0.0786773102314159,0.0452075751725023,0.0495664142183971,-0.0391083727845923,0.289746087693745,0.11010945652596,0.19664706275247,0.228071675028811,0.521151136577985,0,0,0,0,0,0,0,0,0,0,1,0,0,0,0
1,0.210151515907047,0.144770110460422,-0.131830196434995,-0.744587727243634,-0.113472479687584,-0.127197622623204,0.0372436642955572,0.229070094413834,-0.177207599181497,-0.122474433282495,-0.0216406691344767,0.165356923723488,-0.154056786624686,0,0,0,0,0,0,0,0,0,0,0,0,0,0,1
4,0.29702920513384,0.132958804901118,-0.850656024495481,-1.51967208714227,-0.133702097404523,-0.168400191526072,-0.0027902292282587,0.143017788959917,-0.176093577749545,-0.155502986705713,-0.348941830367579,-0.21582379756626,-0.746880607647088,0,0,0,0,0,0,0,0,0,0,1,0,0,0,0
5,-0.107225845133931,-0.0175954274450683,0.676923957932777,0.608738487840539,0.0081708171993133,0.0773058248323917,-0.0005917089182667,0.0054644060564359,-0.0527950066249384,-0.105447823715383,-0.106541580788235,0.0733887667984049,0.211975780647968,0,0,0,0,0,0,0,0,0,0,0,0,1,0,0
3,-0.289922133340614,0.0931304053987687,0.417148939628775,0.524879544769785,0.0520603341367804,0.123587123732874,0.0407518918168947,-0.0866211959616346,-0.0820762125391102,0.0506126833978174,0.126076947648564,0.117784668600152,0.189030600411878,0,0,0,0,0,0,0,0,0,0,0,0,1,0,0
0,-0.0241246084560434,0.0285897952195477,-0.750761442543584,-0.330510240392769,0.135736597745896,0.176017352290559,0.0656846588078604,-0.0702996218656273,0.194940252318088,0.119759433376535,0.0922043699064914,-0.238790508294308,-0.0569785906217693,0,0,1,0,0,0,0,0,0,0,0,0,0,0,0
1,-0.364177026981979,-0.0229297367819533,0.235861547773312,0.613889668228246,0.120103699655626,0.205907427588071,0.049880000391244,0.103807584852932,-0.036122906821649,0.0460739098343195,0.158338665024222,-0.228244668557553,-0.284844117138772,1,0,0,0,0,0,0,0,0,0,0,0,0,0,0
7,-0.676583939489867,-0.117494815877951,0.363410312373121,0.974300591785207,-0.152889650749318,-0.0198908715394429,-0.0320834810214832,-0.395459457395941,-0.427477604683416,-0.0467039521888382,0.0010290775019346,0.174879360282121,0.352440687983873,0,0,0,0,0,0,0,0,0,0,0,0,1,0,0
0,-0.291586073558024,-0.111922865602283,0.224874115062355,0.237229917674442,0.274820657510604,0.0233371548666054,0.0148806712214088,-0.714684586457911,-0.0036636037412592,0.190573980992664,0.241260401849738,0.116228140548334,0.343534110914921,0,0,0,0,0,1,0,0,0,0,0,0,0,0,0
1,-0.40763199942168,-0.0278333945665726,0.121393416758487,0.726796199256616,0.0705913464985121,0.0245838713185006,0.016024214055827,-0.0793306631526891,0.0375089891037881,0.0693263702652985,0.0680510423915341,0.0713843677794474,0.723882424979443,0,0,0,0,0,0,0,0,0,0,0,0,0,1,0
9,-0.295665232920628,-0.0278136204769427,0.33162123615102,-0.0278502626754833,-0.0267466239580707,-0.0791352240164043,-0.0848087299503564,-0.0077913286433767,-0.336949163168124,-0.148654602146478,-0.140914373350814,-0.0032250228425792,-0.446554920979938,0,0,0,0,0,0,0,0,1,0,0,0,0,0,0
3,0.0944347909177557,0.0169386397375441,-0.260199641873474,-0.509610413735392,-0.0556003479547801,0.0464756631406805,-0.0032522178071365,-0.148512307030515,-0.261349280861402,-0.0373531941715865,-0.218207915080097,0.105647294583877,-0.355189736519651,0,0,0,0,0,0,0,0,0,0,1,0,0,0,0
3,-0.601822010343255,-0.0373079491572214,-0.549580730474622,-0.257755036136336,-0.048793786685231,-0.181168434212219,-0.0055370320533522,-0.454950124464395,0.0925690197577261,0.0970879112838276,0.0846540953875925,-0.207045389743101,0.520299281267277,0,0,1,0,0,0,0,0,0,0,0,0,0,0,0
3,-0.167644313415791,0.0023686664191119,-0.407246179715069,0.110180674519526,0.0888738238971257,0.0926412698577515,0.0215775216736058,0.126435484694479,-0.0474030327004883,0.0553984294021839,0.184582032921746,-0.277621786638747,0.150243284631119,0,0,0,0,0,0,0,0,0,0,0,0,0,0,0
4,-0.100176629936679,0.0838639691134938,-0.0928760228151146,0.0953148056028965,0.0993173286121427,0.143281027606423,0.0068996752934139,-0.194789583953752,0.0991219599462665,0.0798402908821717,0.142294162974189,-0.0785540739698579,0.261512326838509,1,0,0,0,0,0,0,0,0,0,0,0,0,0,0
3,0.439303139385345,0.104403510278061,-0.451472386523386,-0.882746530736065,-0.119133670181863,0.0824314884055513,0.0212634720212314,0.14737040161336,0.232001433886792,-0.0310972105848252,-0.0817895067176816,0.0271285245677589,-0.622445756374571,0,0,0,0,0,0,0,0,0,0,0,1,0,0,0
7,0.241054476744623,-0.0232847232369405,0.264106003919648,-0.0003397966318252,-0.0931041950989674,-0.0635538036228983,-0.023294391121419,0.0741064424615856,0.111895153120146,0.0612166987120681,0.0866411624423745,0.265729580617829,0.097190062940544,0,0,0,0,0,0,0,0,0,1,0,0,0,0,0
6,-0.557940766872474,-0.148108117142249,-0.26271588453006,0.553195371444881,0.0595695138847426,-0.0518939738354801,-0.0614214318263514,-0.557165021399568,0.0603719826456553,-0.023310158006258,-0.0937105874090303,-0.13275299918571,-0.373102575911312,0,0,0,0,0,1,0,0,0,0,0,0,0,0,0
0,-0.818585695984116,-0.008813221796619,-0.218519435023524,0.333637247024897,0.0352314714114488,0.0331508310158575,0.0833899884161283,-0.51803295659198,0.081901396511128,0.0211086255908021,0.0659281446030356,-0.0098090834764046,-0.0116782118072981,0,0,1,0,0,0,0,0,0,0,0,0,0,0,0
3,0.176603472522419,-0.0355619206803138,-0.382058971338584,-0.40345261997018,-0.0339860957146607,0.0257480431142596,0.0039099957828819,0.0568881685907673,0.0109205954717574,-0.116387806829032,-0.0075594509389704,-0.130384761860734,-0.178198130882151,0,0,0,0,0,0,0,0,0,1,0,0,0,0,0
8,-0.200106766414031,-0.082178007756841,-0.167454032109278,-0.207958537718509,-0.0507748046910995,0.0083128328387565,-0.0272004915096092,-0.173453958250178,0.327180017714889,-0.159415698038297,0.0116560388860499,-0.102738999528183,0.124427944927772,0,0,0,0,0,0,0,0,0,0,0,0,0,0,0
8,0.21928800939539,-0.0076934054574535,-0.500491770682225,-0.29073303302038,0.105832393750118,-0.0174326987271299,-0.0399374934636524,-0.211024505926337,0.14032388420543,-0.147767381950038,-0.285446560379123,-0.463309291356962,-0.739433767890051,0,1,0,0,0,0,0,0,0,0,0,0,0,0,0
7,-0.0171093308779632,-0.0042023493482812,0.836644021483826,0.46092088019922,-0.0053650366850069,0.0597970237148476,-0.0184007763044936,0.0354429340722259,-0.114033441139574,0.01872076067395,0.0649753449106351,0.204812961466755,0.160844236246738,0,0,0,0,0,0,0,1,0,0,0,0,0,0,0
1,-0.376492388555658,0.0164039314279134,0.35206405179567,0.436368755668533,-0.060482362405111,0.0655795384483893,0.0760943360399779,-0.0056169954884451,0.159799696489574,0.0215046085909291,-0.0452528338349229,0.358427370169494,0.129698447777188,0,0,0,0,0,0,0,0,0,0,1,0,0,0,0
2,-0.634023740703522,0.0212199999608677,0.248988386095014,0.585055308984297,0.0486475234177169,0.238367058005938,0.0082968859663962,-0.38455725849767,-0.0119704090907261,-0.0617876440142884,0.207308279183595,0.0988651368651855,0.697258531887805,0,0,0,0,0,0,0,0,0,0,0,0,0,1,0
7,0.283108840267973,0.0051502738414644,-0.168341491542526,0.365407281991369,0.065868038565294,-0.0471723798647391,-0.0227966143600622,0.445994743781612,0.0695737002066785,-0.0033411935167406,-0.0505275117903093,-0.0434436936161955,0.271310496896392,0,0,0,0,0,0,1,0,0,0,0,0,0,0,0
6,-0.0264991879205319,0.067332866308431,0.352473260367005,0.0022273324942794,-0.0383863208032134,-0.0242365275113444,0.026736799821277,-0.169716478154125,0.0096940361678031,0.0500196099547008,-0.0947519381363967,0.232892189774645,0.0625861135078858,0,0,0,0,0,0,0,0,0,0,0,0,1,0,0
0,0.329132578662251,0.070773874940435,-0.312593416675715,-0.272317738997689,-0.0273754814412776,-0.0628217417379506,0.0741238508428151,0.292389576125267,0.241819537590488,0.0138984318495865,-0.016237583511443,0.294675517325479,-0.250537779447769,0,0,0,0,0,0,0,0,0,0,0,0,0,0,1
5,0.557015629966017,0.0552728617195512,0.229890941258418,-0.0421637785165624,0.0715145924461378,-0.0618510358067984,-0.0002258644127419,0.202083224843091,-0.014470518705419,-0.0111944196641772,0.036967397706488,0.176541345427539,0.561835631008739,0,0,0,0,0,0,0,0,0,0,0,0,0,0,1
2,-0.31574878701055,0.0510071190117031,-0.7870458211774,-0.749388522450822,0.145980898584618,-0.265204920054484,0.0214435043711906,-0.63731581386645,-0.0721657330405752,-0.0322672549846375,-0.0194943764965424,0.020234915429259,-0.0097632445932715,0,0,0,0,0,0,0,0,0,0,1,0,0,0,0
8,0.250936106685016,-0.0287298290595091,0.0368159847455766,-0.0932723412688761,0.0617357916999598,0.0253128694782515,-0.0445156630300214,0.139048985972264,0.115011938055236,-0.133801798251671,-0.107019120759201,0.0839428803029997,-0.574997542846241,0,0,0,0,0,0,0,0,0,0,0,1,0,0,0
3,-0.893690866513016,-0.0675745636686324,0.540689062660884,1.29456250346563,0.158819017089529,0.147641272242097,0.0157573370261603,-0.605719869004616,-0.350346188869204,0.0605399328687523,0.132118582741159,0.386599327813373,0.759143723170151,0,0,0,0,0,0,0,0,0,0,0,0,0,1,0
2,-0.0935278506561834,0.0350152723502304,0.484075678468562,0.658741385829803,0.106035689536114,0.0410690150716254,0.0454650661817328,0.074074874458492,-0.106642331897045,0.0929385207056259,0.0855280213848926,0.176487694348692,0.488556622682738,0,0,0,1,0,0,0,0,0,0,0,0,0,0,0
2,0.420839132405779,0.0467295079257078,0.278903466316148,-0.0034074872272177,-0.0396721393777253,-0.0624048400897824,0.0127878850485356,0.161232424490659,-0.0522746696104728,0.156112465489972,0.0090621288398321,0.206309979224884,0.0060110962887658,0,0,1,0,0,0,0,0,0,0,0,0,0,0,0
8,-0.436072695945069,-0.0882407914396462,0.442936960391097,0.652235352830315,0.130362013338208,0.062272976996393,-0.0269234826020469,-0.320924485166907,-0.0671747198162157,0.0496096272665689,0.104657542345564,-0.152310751714312,0.628540471170272,0,0,0,1,0,0,0,0,0,0,0,0,0,0,0
0,0.387963624358405,0.102819399337959,0.107890002681421,0.066431324714741,-0.111777196469128,0.0539880745694859,0.0524410744439556,0.176183449233753,-0.12513987343131,0.092389141169762,0.0009022142645947,0.0101375604645039,-0.169419548407057,0,0,0,0,1,0,0,0,0,0,0,0,0,0,0
7,-0.146742723618143,0.134189893220732,0.568099245466708,-0.116898184660187,-0.0414966102837231,0.104869011152188,-0.0170568759251323,0.113046333071515,-0.152341639671398,-0.0312739453604735,-0.0404050630450924,0.104045504436265,-0.143200077261143,0,0,0,0,1,0,0,0,0,0,0,0,0,0,0
3,-0.46561755793833,0.078956811189855,0.396688017298278,0.39835089788475,0.141301637157974,0.0685378808002315,0.0163674418783798,-0.239271466615074,0.0015563387891535,0.161443266296805,0.0437007491534277,0.414205951898572,0.111582488676041,0,0,0,0,0,0,0,0,1,0,0,0,0,0,0
5,-0.323211946485324,-0.0613800022315228,0.165570606945078,-0.378008475030124,0.0961811604003746,-0.092016033810605,-0.0104164513838403,-0.0105294431991008,-0.321595821406124,-0.123732640377983,-0.101588253536504,0.235757171811804,-0.10019746204061,0,0,0,0,0,0,0,0,0,0,0,1,0,0,0
7,0.0205797236270525,-0.104755640188434,0.361822842430197,-0.083665727418535,-0.0730859608596458,-0.075711640887763,-0.0493334300657528,-0.0484689829328028,-0.313546501535974,0.0032710813709271,0.0863345252660617,-0.236388131255452,-0.0773514568072955,0,0,0,1,0,0,0,0,0,0,0,0,0,0,0
6,0.434456366737814,0.0592808332976948,0.351807081608828,0.364287252862056,0.0678629797784725,-0.0903714264443986,-0.0191821002189689,0.0511175039742204,-0.0125491143926532,0.039799626607074,-0.153442278424059,0.0269409402626065,-0.729288016777719,1,0,0,0,0,0,0,0,0,0,0,0,0,0,0
5,-0.0887953815618466,-0.0504045643089315,0.125178721792363,0.365144124203456,0.144543740844782,-0.149147357170556,-0.0398442523258394,-0.0505274959797445,-0.259539538314367,-0.0189773033440755,-0.109484881536276,0.100107870809741,0.0308338862697515,0,0,0,0,0,0,0,1,0,0,0,0,0,0,0
1,-0.485035214977766,-0.0268581763572967,0.0104265578039948,0.633976653548151,0.0386508261871146,0.0921885877555189,0.035600715978976,-0.465987404557883,-0.0144703509163471,0.0129724491038785,0.0042688835124066,-0.047566828512915,0.341286379802018,1,0,0,0,0,0,0,0,0,0,0,0,0,0,0
0,-0.179280701788209,-0.0467048113510164,0.404601906719452,0.797126360501749,-0.0052347299996368,0.0211350486345702,0.0848883571718951,-0.347674915252076,0.140737997347684,0.0662398701403615,0.0828133249698815,0.297798906093709,0.444807788003869,0,0,0,0,0,0,0,0,1,0,0,0,0,0,0
3,-0.546256554723399,-0.0086086367523038,0.372152363606161,1.2036039908182,0.223147623745173,0.139427828107263,0.0067175666475375,-0.449520112512611,0.021398692800432,0.131287059185433,0.0643346286799644,0.070856801644825,0.281541924039242,1,0,0,0,0,0,0,0,0,0,0,0,0,0,0
3,0.103300723296901,-0.00979301555326,-0.257646677755524,-0.209547433442015,0.0032951431560851,0.0163239896974476,-0.0065550870973674,0.133772981702569,-0.135919276073304,-0.0630610547968663,-0.156523416663282,0.0076501645589318,-0.390403848150537,0,0,1,0,0,0,0,0,0,0,0,0,0,0,0
5,-0.0559784586681531,0.147126066797178,-0.240973198358916,-0.636639154074036,-0.17259201788731,-0.19496222165099,0.0102067785647565,0.262549259310505,-0.0666259653721559,-0.162844124659524,-0.355167808910005,-0.476643993403641,-0.541251579909644,0,0,0,0,0,0,0,0,0,0,0,0,1,0,0
7,-0.296501835787495,-0.0201258773027323,0.0986071756303029,0.443846936602527,0.0425221093541941,-0.0673902836662815,-0.0439312868908237,-0.193208441646776,-0.159647302676227,0.0304479367605028,-0.111533122402724,0.103085179486775,0.136271751441119,0,0,0,0,0,0,0,0,0,1,0,0,0,0,0
3,0.322633893009996,0.0156901203398387,-0.749418909501168,-0.777387956176411,-0.0943371385832256,0.0162517844551745,0.0090092347990585,0.508875029497613,-0.0337736487363443,0.0160006630791387,-0.106294438570997,0.22704721141952,-0.146074443922582,0,0,0,0,0,0,0,0,0,0,0,0,0,1,0
8,0.408682546140917,-0.0584472903109906,-0.596096677590455,-0.65811923602869,0.163689763984467,-0.100923729421908,-0.026994859411871,0.0393002318945951,0.262780994815792,0.120456073972227,0.118178900485426,-0.0699166719553536,-0.555438907249676,0,0,0,0,0,1,0,0,0,0,0,0,0,0,0
4,-0.218508048521808,-0.0385855578527425,0.0114537620228047,-0.307326081364464,0.105212961914957,0.154432660850097,0.0294913679333377,-0.234620396530175,0.0444807088491572,0.0910511386295809,0.158373100506683,-0.0362936558916994,0.133582730097045,0,0,0,0,0,0,0,0,0,0,0,0,0,1,0
2,-0.686667660149765,0.0735093372970093,0.242335812262354,-0.0877224578701574,0.0689801930161433,-0.0445025748940799,0.0666213281009971,-0.313566672601537,-0.0480268625775692,0.236920307165625,0.100858865557227,0.530524831084047,0.517793267158629,0,0,0,0,0,0,0,0,0,0,0,0,0,0,1
2,0.519935045679399,0.125043469242723,-0.636308893327067,-0.673045431129545,0.0346973549911181,-0.18752195744777,0.0211413140320879,0.062997292282365,-0.21280997285236,-0.110981171413123,-0.11979282656862,-0.0988838207331334,-0.740845335132461,0,0,0,0,0,0,0,0,0,0,1,0,0,0,0
2,-0.0013444201283463,0.0628408686399452,0.122821346845361,0.534904272739854,0.0808790759872165,-0.0323934083118656,0.0371605224404332,0.0658101011894621,-0.0087626126549126,0.0316265501730117,0.02891145163585,-0.0370378909363458,0.402046907467594,0,0,0,0,1,0,0,0,0,0,0,0,0,0,0
7,-0.0236858208898831,-0.0702327340096892,-0.0775100090624271,0.680847381373399,-0.248071650236046,0.0199463233482721,-0.0463685333139413,-0.0711604956601752,0.218539844107011,0.0058808447463458,-0.0394175297051563,-0.0885908088807335,0.187438512316689,0,0,1,0,0,0,0,0,0,0,0,0,0,0,0
0,0.290519000765173,-0.0358260008769378,0.170243349006036,0.374859177577689,0.258771482788037,-0.0075451481696518,0.0461629179632942,-0.195209573531126,0.110579640062857,-0.0089725518994328,0.0869222594945475,-0.065105819833474,0.436499441520427,0,0,0,0,0,1,0,0,0,0,0,0,0,0,0
4,-0.0030961475796396,-0.182867661902293,0.0921989953023071,0.93885981035046,-0.0214587428182339,-0.0600359894049906,-0.046617273777329,0.0022838381156823,0.0686985149328441,-0.08790233706697,0.0155063864849755,-0.273292023416499,0.0076293104988246,0,0,0,0,0,0,0,1,0,0,0,0,0,0,0
6,0.175538557017638,0.0287112398653457,-0.496471612389332,-0.0473925952589825,-0.149517537659684,-0.122739351193321,-0.0106360139150911,0.296355281853013,-0.138392309182494,-0.15835804569201,-0.134925887817357,-0.131689478916573,-0.411213468112364,0,0,0,0,0,0,0,0,0,1,0,0,0,0,0
2,0.0124681933391924,-0.0226791443628926,0.321354192099234,0.388839641505598,0.0826292512618277,0.0152311331069431,0.0209852767792424,0.294211754590185,-0.157695520595112,0.102066690304165,0.0179078525051527,0.231515669382775,0.823699211840361,0,0,0,0,0,0,0,0,0,0,0,0,0,0,1
2,-0.143079687158461,-0.105145076828393,0.356317023184985,0.729305684011357,-0.0590598940058118,0.0412781406341558,0.039168406878456,-0.140362336603525,0.275462012903143,0.195594968051532,0.148378553944934,-0.0313249248778235,0.334950245719129,0,0,0,0,0,0,0,0,0,0,0,0,0,0,0
7,0.156168869622537,-0.0025026089992191,0.644057437616643,-0.632198537179235,0.0404155787946368,-0.132535477771599,-0.0015633773389512,0.21709872632976,-0.0461823904809895,0.0579062826120086,-0.0716692633621173,0.40493741233635,-0.380702068806697,0,0,0,0,0,0,0,0,0,0,0,0,0,0,1
1,-0.229534655684798,-0.0420377348592483,0.0521358701114111,0.748980419907211,-0.0605534009424725,-0.15653827012557,0.0194917193423522,-0.102003398373322,-0.0671813748948542,-0.0269748720958013,0.0372843687547242,0.230940369078974,0.128264665875431,0,0,0,0,0,0,0,0,1,0,0,0,0,0,0
6,-0.257624347473545,-0.181336461842166,0.332290508128175,0.669023705026881,-0.0611581520956777,-0.147951324690844,-0.0612318873420325,-0.270151638887977,0.0505895531163651,-0.0620890714321295,-0.115578954153419,0.0531782706984556,-0.579686428489852,0,0,0,0,0,0,0,0,0,0,0,1,0,0,0
3,-0.149916317570846,-0.0680071683477897,0.226406324732293,0.387121974804667,0.0447561533521388,0.120465297306915,-0.0140421029746525,-0.230748709429529,-0.0463113357643701,0.0846832233248353,-0.0103234932807511,0.0792291697748063,0.568236640102906,0,0,0,1,0,0,0,0,0,0,0,0,0,0,0
7,0.441518493667527,0.0824735960161895,0.51365920951428,0.321895762402534,0.052414969687886,-0.0679145876926972,-0.032564636663206,-0.0029319624413237,-0.0137770640420508,0.0965094870679145,0.0640144077416663,0.0652477540437698,0.372051891383103,0,0,1,0,0,0,0,0,0,0,0,0,0,0,0
1,0.533410045869334,-0.0107574695537055,-0.494506120531321,-0.36957942910787,-0.0928993281642757,-0.132083440798067,0.0211335509263802,0.134493122286316,0.0434745675254635,0.0764625980110026,0.0164867741062395,0.122475113792918,-0.0686890878286236,0,0,0,0,0,0,0,0,0,0,1,0,0,0,0
8,0.783127709739974,-0.0359853879969519,0.0534681636762386,-0.790174635260581,-0.144759400412346,-0.467130192793209,-0.0583813039898352,0.352007555801553,0.288001685342967,-0.113619071567221,-0.18599578722217,0.345719845057914,-0.687851875679045,0,0,0,0,0,0,0,0,1,0,0,0,0,0,0
4,0.489381401268157,-0.009973044442359,-0.0228911467458864,0.174835933283326,0.105525651325013,0.0101509109995927,0.0211018289191545,0.256677169313669,0.0739683011315454,-0.0654299865496402,0.21230374682828,-0.237150694556529,0.0331836559823995,0,0,0,0,0,0,0,0,0,0,0,0,0,0,0
4,-0.0326424324383996,0.0367619605522679,-0.111903847428222,-0.616409634243125,0.10270153763813,-0.0714075171944662,0.0204432514032692,-0.0938710547777227,0.0008186306603757,0.0948976117314934,0.0360218309263997,-0.029342022673605,-0.174532498576316,1,0,0,0,0,0,0,0,0,0,0,0,0,0,0
2,0.063437547124075,-0.0258236532834892,-0.638821797453475,-0.513930329607898,-0.0128007384432607,-0.134889823318879,-0.0078569585071144,-0.239588240693921,-0.0318849808488125,-0.0190480766277317,-0.0022214283120577,-0.321309480368526,-0.140326098495448,0,1,0,0,0,0,0,0,0,0,0,0,0,0,0
7,0.167916420062383,-0.0473949956782305,-0.0523157975480555,0.229071115189776,-0.021998451236381,0.0453901724396977,-0.0187536335863453,0.357562529502732,0.0277270776300432,0.0034893174511713,0.064041459402972,-0.0795610748038027,0.057831055428434,0,0,0,1,0,0,0,0,0,0,0,0,0,0,0
9,0.20643643563035,0.0825769060994965,-0.164439167834553,-0.650938441671357,-0.167096341977448,-0.142218675294688,-0.023546406059986,0.122820353138654,-0.12749896477467,-0.218368036434679,-0.176834517007693,-0.347224345479169,-0.825052459625816,0,0,0,0,1,0,0,0,0,0,0,0,0,0,0
5,-0.0598189919865185,0.0361722272023054,-0.559037387428081,-0.833544222130514,0.0070111870960371,-0.162745814995101,-0.010262356365578,-0.0047921808591428,0.0222339190830659,-0.144525449582819,-0.110541442588783,-0.333055489170619,-0.625398607766314,0,1,0,0,0,0,0,0,0,0,0,0,0,0,0
0,-0.100083876034809,0.037128987034364,-0.156329131705978,0.898831507337062,0.0605830062091408,0.161543638664445,0.0876178332123984,-0.134402191143563,-0.0529218167258977,0.0756088536636796,0.191603306830598,0.164500182078948,0.79647020841006,0,0,0,0,0,0,0,0,0,0,1,0,0,0,0
2,-0.477893511368101,0.0488314824927623,0.757161724001184,1.27126961370731,0.102737466701851,-0.0277416640685797,0.0579044341971454,0.110294075555088,0.0242615204282369,0.0613536610645893,0.014752634761256,0.409078462515696,0.433129751578334,0,0,0,0,0,0,0,0,0,0,0,0,0,0,1
3,-0.155601100463442,-0.0666821305073142,0.131046160072768,0.491180449384121,0.142285689316319,0.23466262875607,-0.0177340567345288,0.112537710436177,-0.183672349420704,-0.0387392202784065,-0.0332593332805119,-0.151408897329908,-0.0079942757419892,0,0,0,1,0,0,0,0,0,0,0,0,0,0,0
8,0.0175937293831622,-0.104700494779549,0.48218369688464,0.439560903418547,0.0530577972718961,-0.19965820071714,-0.0886625807379003,0.0900594327389411,-0.0864394922846191,-0.0907904632295243,-0.180412586577884,0.128184291105366,-0.637073011703861,0,0,0,0,0,0,0,1,0,0,0,0,0,0,0
9,0.526383210730737,-0.0836914892484135,0.0569949438325347,-0.121954862697159,0.0436016280079126,-0.373324216874651,-0.123126488696301,0.147808914484326,-0.0723969596548164,-0.0423925392729349,-0.100432512998135,-0.0439940059437669,-0.776542654222492,0,0,0,0,0,0,0,1,0,0,0,0,0,0,0
1,-0.0719820076228441,-0.0443110227845192,-0.152228516037254,-0.476791339665391,0.0629678296927838,-0.0592207741642781,0.0284872455867876,-0.281684093664634,0.0403518533398436,0.07694256434366,-0.117688654849479,0.0838345349732841,-0.136298178018338,0,0,0,0,0,1,0,0,0,0,0,0,0,0,0
8,-0.494129987240888,0.0790904830768284,0.56827659343071,0.501410914741708,-0.0791239378481036,-0.0455304077984758,-0.0146584704151949,0.184247431398946,-0.246296833165894,0.084600654921615,-0.0070157959164267,-0.151936630402615,0.143468320502963,0,0,1,0,0,0,0,0,0,0,0,0,0,0,0
3,-0.346446164346666,-0.0042259908847343,0.0037080210965107,0.919564945053278,0.0195747973700007,0.144250563951081,0.0069468800578367,-0.295780068491137,0.0459305251768689,0.139132583885915,0.157132813696458,-0.0143902997966553,0.597847753661593,0,0,0,0,1,0,0,0,0,0,0,0,0,0,0
3,-0.180411494994386,0.010875002758566,0.658075533418883,0.476231299051841,-0.0108092754834414,-0.192031162891622,0.0064246790907636,-0.112974799504753,-0.0965600553544118,0.0034248550574088,-0.025708719657718,0.311824015997962,-0.291443471127849,0,0,0,0,0,0,0,0,0,0,1,0,0,0,0
8,0.110960010299272,0.0540123157744129,-0.159123326685533,-0.121700125682658,0.0597340143925307,-0.117858838473541,-0.0193002814926316,0.074030626017684,-0.0311255439710291,-0.057605767835866,-0.0191277368024298,0.163389510690368,0.111145981202212,0,0,0,1,0,0,0,0,0,0,0,0,0,0,0
1,0.416941799842417,0.0940637710330099,-0.298477193643667,-0.854077352874041,-0.0566251857957594,-0.0801061453049072,0.0254230059878187,0.0105024015374773,-0.019883959337829,-0.092574176058489,0.0346025904112065,-0.0549918837294878,-0.461813596817035,0,0,1,0,0,0,0,0,0,0,0,0,0,0,0
4,-0.156919921617183,-0.0330398427255626,-0.0429705866420112,0.03826705268382,-0.171194695127201,-0.0035155390848598,0.0038553885529583,-0.151969340259263,0.240351374367417,-0.10872684367993,-0.260592901237365,-0.184213842919191,-0.540924610865359,0,0,0,0,0,0,0,0,0,1,0,0,0,0,0
6,-0.118300202830558,-0.182661093019666,-0.305716671818152,0.0286670754484248,-0.0006018145209349,0.102749339789554,-0.0197089133102174,-0.296148300746156,0.100279365686697,0.0138025791058839,-0.0376772760052112,-0.102049845731602,0.253082510096818,0,1,0,0,0,0,0,0,0,0,0,0,0,0,0
7,0.326892734391469,-0.014050225789885,0.0104703534789831,0.302978684383637,-0.188422213936348,-0.0226914448336863,-0.0284264769246026,0.259957903749659,0.0165662102330863,-0.0247430533735753,-0.153991487518166,-0.265756261275307,-0.205403279052147,1,0,0,0,0,0,0,0,0,0,0,0,0,0,0
3,-0.0010750664473062,-0.0621157361362256,0.151917921775944,0.255128029181863,-0.0591045017462827,-0.0300518494679953,0.0164488468650591,0.0689023296185745,0.114566266128996,-0.042795037348327,-0.0280026546127487,-0.235530839238889,-0.343725469708672,0,0,0,0,0,0,0,0,0,0,0,0,0,0,0
2,-0.649251656099107,-0.10803779909367,-0.0777072030458904,0.74026547501634,0.0276237870448042,-0.0175893699608514,-0.0188300286455127,-0.507158172619839,-0.0402997108293405,0.0781971744042782,-0.002399310508492,0.0116284243189024,0.290667622271541,0,0,0,0,0,1,0,0,0,0,0,0,0,0,0
5,0.372210774747285,-0.046982339047599,-0.497165480485549,0.215971046200146,-0.0939906283995456,0.0552650331246113,-0.0130204531751182,0.149621255973216,0.164954603677952,0.0129553483725238,0.0875751975631881,0.0693026698183193,0.745717645208114,0,0,0,0,0,0,0,0,0,1,0,0,0,0,0
2,-0.131608625863414,0.094612788973748,0.320493761805094,0.319849201132011,0.0548990150597984,-0.0057484767928594,0.0225177343748956,-0.0697363264017729,-0.0440466487694545,0.0013890840154274,0.0353685618652117,-0.0437036310089608,0.208022321588033,1,0,0,0,0,0,0,0,0,0,0,0,0,0,0
3,0.348070885041932,0.142359453780406,-0.276328383216515,-0.502395634727023,0.0379799615699019,0.155989339734775,0.0227134559368522,0.0978259698000953,0.0951852441607603,-0.186946430265959,-0.115979650333044,-0.123315825994179,-0.211107510898411,0,0,0,0,0,0,1,0,0,0,0,0,0,0,0
3,-0.648502805136344,-0.169648604708533,0.635230694243047,0.867479088977123,0.100300502705785,0.130143690161656,0.0021266735748036,-0.554184205059732,0.0134304431021521,0.165405927127313,0.278518852502671,0.245103204968288,0.13514651774376,0,0,0,0,0,0,0,0,0,0,0,1,0,0,0
8,0.0553997713423366,0.0474860190444721,-0.312172555675609,-0.238598785570005,-0.092958728618288,-0.128135951874897,-0.0337713011388755,0.214874699274047,-0.181321813489435,-0.082558765957241,-0.142934527619399,-0.136428517786723,-0.113226434821045,0,0,0,1,0,0,0,0,0,0,0,0,0,0,0
