target,aceB,asnA,atpD,atpG,b1191,b1583,b1963,cchB,cspA,cspG,dnaG,dnaJ,dnaK,eutG,fixC,flgD,folK,ftsJ,gltA,hupB,ibpB,icdA,lacY,lacZ,lpdA,mopB,nmpC,nuoM,pspA,pspB,sucA,sucD,tnaA,yaeM,yceP,ycgX,yecO,yedE,yfaD,yfiA,ygbD,ygcE,yhdM,yheI,yjbO
6,-1.68822370086511,2.09283502861833,-1.63792768471652,-1.83573355590941,0.469726529315968,2.5343258195897,1.12573555949906,1.7671227494181,1.2313143123949,2.91701262603715,-0.331535863211227,0.336628818290243,0.115136053586557,1.68514320711306,0.9688445024538,0.66086787835941,0.122287560830881,1.11643255912336,-1.51374940066567,0.362369989522459,1.94916852578598,-1.8190839288993,1.33587900474067,3.53505869533043,-2.50214363719932,0.710624931953673,-2.17553557325825,-1.58111095205352,2.94869912810266,3.52168126019968,-0.310393559126241,-1.17617972572465,-1.43514635615199,6.42807946362288,1.3985686599912,-0.180759735185645,2.65038822826292,-2.46525371825697,0.824919089556532,0.576380836625187,2.1259560757988,2.05883041963441,-0.341229609023381,-0.286165188972708,2.38085319242355
2,-2.01691479512976,3.26402975333882,-3.19665830803532,-1.82833739340019,2.27736127885942,1.14283419234908,3.89662605947107,2.48454979500326,0.382464469617928,2.36506656772795,2.30582132872451,2.38094431187348,2.84353762065208,1.65980530701097,1.22939342399291,-2.62149542992383,2.87950328290739,3.49173083819451,-2.130066484268,-2.9426640433065,1.71557628377828,-2.61843252681489,-0.18340054677505,-0.211675902283273,-1.1605436360536,2.97049668497064,-1.37268552406538,-2.40053953442144,1.13663252387068,1.99986211194356,-2.389902449606,-4.16173161588527,-2.14984754679266,3.88585913719993,1.65710528273571,2.58822321809199,2.86402536129962,-1.1596298502814,1.15212656469132,-1.76943490219834,1.87003785141684,3.11597254399894,2.59321772124089,2.66595859309882,2.94294753514363
3,-1.50422317866305,2.47648147010618,-2.66442237814779,-3.17447147039584,0.901790477513573,1.61935583264197,1.52829063254927,2.5054342429553,1.59985027091754,3.36141022044565,0.572593325071858,3.00127759473653,1.15701714675569,0.786467451562554,1.79397639732009,-1.12187794186515,1.85157835011863,1.3027272965094,-1.84592511219212,1.85560958387383,1.34777374228172,-1.72626541231411,-0.320444492443483,1.09596359102262,-2.72845382101854,0.8111947747251,-2.91260990995467,-0.424886373564699,3.38311723016254,2.37007732111187,-2.00347022865773,-1.9868014267876,-1.81181129857755,5.24490971187286,0.302971142175129,1.57048372583993,2.84859345448584,-1.81392716373585,1.19960156106344,1.69075976837598,2.21497938674065,1.95098163582303,1.62691035036151,1.11684988170164,-0.948205803898431
6,-1.5242681449082,2.26459727966125,-2.77355574773363,-1.80278559321477,2.09703169098078,1.59247390319196,4.35926607702849,4.02256028592676,-1.47441340904995,-0.240651773307707,2.18368387970284,0.592219708530818,3.31955706974966,0.837962527230416,1.43450708654965,-1.40926569551445,2.60095316100382,2.93909659617871,-1.95029220063615,-1.96298417924568,1.04200842658672,-1.67758922443943,2.08579477750624,2.8996493110689,0.372805397966553,2.09051591910205,-1.25244683607178,0.458742085543898,-0.483551952424808,-1.40378875055405,-1.656309793873,-1.52989828368417,-2.16036738758613,0.442435683289065,0.428102834430836,3.16325166337165,0.121187446415673,0.699124712303947,1.12743243335647,-1.75037287547321,2.05509633023369,2.66357278313631,2.09234650074852,3.07096662271622,-0.178007300739215
2,-0.826549297165699,1.83559251213108,-1.73137707506393,-3.0911503928962,1.31848813869901,2.05302899804706,0.55591725553853,2.99603642163279,-0.512590869923957,1.56741906624867,0.918974502032938,3.63723173440888,0.886987585917266,2.47389518220726,1.0339168946163,-2.00779284382336,1.86586484927168,1.83573582552371,-2.64515838486832,-2.76244192911288,4.19769709076768,-0.899671957400876,0.130222196964685,0.425403842677999,-2.25190356298152,1.16146096333878,-0.732421348589281,-1.53346563425806,1.23266321320984,2.62364403730188,-3.12017604688977,-1.39383290518003,-1.91537145456932,2.79209636799328,2.6347350887174,0.866144221989421,2.10531241514613,-1.99953268943387,2.7348979395765,-1.90526247796625,3.58268368453858,1.83173653571309,3.17355169834537,0.602288386280636,2.74339634688439
1,-1.74151913644138,2.56801583661478,-1.38810892108007,0.700438269044871,1.15212541755143,1.30363693871015,2.33172473412829,1.67584370737805,0.83834885204878,2.86981763073355,1.21380865963334,-1.16119588637631,1.24905137599483,0.0250675705154839,0.758758653758985,1.05555907581031,1.70804431055402,1.2453719632727,-0.466318073140361,0.736154963345736,-0.163434745200498,-2.10870330072822,-1.44106691462814,0.15556700970013,-1.72700437584641,0.588906090729877,-1.4366533607881,-2.79328817424024,1.67661361327962,1.90035945798256,1.32561677721067,-0.0051630863347909,-1.17706003339454,4.69607221913491,-0.000903751417729,1.21028021043833,2.40387708750618,-1.96718500023583,-0.558126844831228,0.971789715014501,1.14858615838586,2.31259218026019,-0.807281671205725,1.02179418210226,-0.300092660410968
2,1.08363532290654,-0.765548234091538,-0.0282538184128716,-3.27738012976989,0.599301238072527,2.18887971744453,0.501600537540194,1.96783220717058,-0.75144463342432,2.77997407450897,-2.27936529089848,2.65415593126837,-0.639022347026143,2.37701799916716,1.93814843260917,-3.41525202325322,0.0115330545303973,-0.0009656354078874,-0.464259939008605,-2.82458365377281,3.93745692616717,1.12272819152306,0.0453807716874966,0.749063947792937,-1.93790737375357,-0.527116585511354,-1.00704170243588,-2.14298257251729,1.97999167048468,2.23164023308193,-3.00354436847674,-1.87488380275493,-1.15802813654331,5.62181214418728,2.0006966249395,-2.61050549730049,2.09736083252932,-1.73943594553206,2.05809808695004,-1.89038123256079,2.84504693464539,-1.33221809850971,1.85272015917186,-0.900785900264262,1.73331423261109
9,-1.55297220049388,2.43059021835024,-1.12202272103455,-0.23351152168849,0.58161079323888,1.60933409938557,2.59593747854986,0.842247599795197,-1.296548706486,1.23151055343128,1.19024120308232,-2.36305308834916,0.0357536665417116,-0.0656163201328213,1.39606610629573,0.0687501709150047,1.18860181819585,0.505383087418339,-0.770159303282113,-1.50635500870732,-1.11098477377497,-1.73564062314287,4.46597714385689,4.8299288776968,-1.102179268668,-0.358519310661546,-0.984393981714841,-0.376459292539381,0.982857372413284,1.20433739429351,0.812307656061082,0.0753757874252927,-0.954516984467327,1.26619725415726,-0.57589109762352,0.507967078874081,0.655260273096553,-1.21031641565938,-0.360365420288299,-1.61900496172333,2.41046774909363,2.72507825653265,0.377670196953238,0.58130624210962,1.23430577541623
9,-2.61192394956441,3.07634495320141,-2.42383130631684,-2.58892444547963,1.84061235388061,1.78896056222337,2.13136908354181,1.77641891538978,0.939533711086744,4.29712106297081,1.32769611376266,1.05964410950381,1.34079058060048,1.43082741132085,1.75924957731586,-1.66926772759498,2.69095832011665,2.36436927167835,-1.16490016701109,-0.174679595166975,2.20308941528225,-2.67846170223683,2.95223819154294,3.04955697239095,-2.82157785874094,2.2390385375677,-1.6475560917351,-0.51318283733584,2.37491413798625,4.08639427288572,-2.11524125148552,-2.10271794255982,-2.17326936900211,5.1882925813741,-0.452439211355424,1.63186706436964,4.197889598982,-3.03048050327958,0.869591573090871,-0.255342045192573,3.51627388374683,2.89034867517159,2.31091646017275,1.57750766241964,0.419181606834652
6,-3.80814298189958,3.53266161125669,-3.06827916181111,0.282598715178577,1.57995992462746,1.75823234053782,3.29566681539802,1.55011541719011,-0.364368157413488,0.790386822404934,2.55767492128651,-2.60584319736066,2.51178216618792,-0.616771410224527,0.564269889170924,1.33720531295671,2.77046107884324,2.61323879596906,1.48350934992363,-1.48479922404586,-1.27000665122529,-3.66121524668636,1.15326254778968,3.17652544647057,-0.49640663573821,2.20641724232287,-0.229879075829476,-2.12608723755668,1.75267487424331,0.915541116028657,2.20454159575793,1.33755996086576,-1.58021752802748,2.96770706392037,-0.877624201405524,2.10955292926697,1.0601663548774,-0.980571685865636,0.0585727991052952,-1.0855424023076,2.89748519854396,4.2483136704683,-1.61015895059749,2.34157194143696,0.960058663964771
4,-1.28201909034434,1.67151405559476,-2.03579170715059,-0.750338563547268,0.936990351884435,2.70138704447698,2.04726890063951,1.40886005754366,0.803435309217697,0.768080691360848,1.46669825660569,0.750046344133511,0.608067584911386,1.25418124704761,1.47890375057223,-0.474999771179235,0.521887841678597,1.4669683838366,0.0729561848985805,-1.80596655677537,0.47247148449704,-1.07466504242652,0.560538011172789,1.41645444729592,-0.99188383403757,0.315055438679338,-0.420481921104013,-1.38603847819258,0.703488828182935,1.08588205157671,-0.540995064192707,-0.704944136457447,-1.69548114086889,1.74299421373608,0.364641511501602,1.6368334931259,1.59495159178354,-0.76845009365842,1.05264383691601,-0.896210713792821,2.50622451517984,1.81565336058043,0.770085434676312,0.888814863386807,2.3279171762139
1,-1.30646031021223,3.59835548947778,-1.54131754804861,-1.7235738651168,1.76697962909388,-1.13103392376605,2.04712399027679,1.04388017291932,0.346108067388739,2.95705803053601,-0.0025915245730482,1.51550495815265,-0.10137643133553,0.933058093860067,2.75392520144322,-0.432934425886195,1.76401090131715,0.716933382150602,-1.33740624234417,-0.70419229837881,-0.0071986844054621,-2.15208715886092,-1.21979659704378,-0.315403731190906,-1.54082377991714,0.155241171203398,-1.26392322731018,-2.11714558975183,2.06498190104837,2.57074379070353,-0.231440891888918,-0.250000821664362,-2.34254632747824,5.68257142259677,-0.201708266071434,0.598485220364944,2.53689979433555,-1.63756533701858,0.6484526293956,-0.340210539689179,2.68016906782832,3.47317919390128,1.19768300911437,0.912048145180146,0.617834992322528
3,-1.87191124693855,2.46852033145543,-1.42570806591446,-0.564762949391661,0.994452207816229,2.8854128634809,3.14077548323773,1.3718815378633,1.36003959419371,2.41929906087673,0.835945101183728,0.612101889896356,1.08406273023247,0.265988615841751,0.314175133938802,-0.28113161849428,1.84337542615539,2.06870354578414,-1.48537015757422,-1.26961819144357,0.392158739530402,-1.71927819474337,0.267610748690884,1.86443876088391,-2.91291361791907,1.38048614081709,-0.0301262039833035,0.749116092945307,1.57410065756359,1.44162788849763,0.0406107568870455,0.157743193174463,-0.264582225293983,4.425138861319,-0.131268715208684,1.47738403670754,2.04091195102074,-1.75737213918854,0.170677708383181,-0.406405906944812,2.44355939282496,2.38306203561333,0.778224069455898,1.04820790599058,1.78656310213995
0,-1.15247691991963,2.10942651115587,-1.94029763661612,-2.57560444857076,1.66069212865748,2.64940746556033,3.17302000068515,0.752768391846595,2.1970069938051,0.742533333846177,1.21483146634986,1.99780335611141,0.704795932271192,1.76052006874491,1.79696868820984,-1.86279704625819,1.95002065229193,1.31276284045264,-0.543874685419137,-1.45310437120411,1.46559140622278,-1.6709993958117,-3.42538711186526,-1.95099717734368,-0.772910702870172,1.39249814183664,0.220957836578313,-2.8876102503926,0.66464048039649,0.26066510801126,-2.10235557614338,-2.16885815541518,-2.28072509238336,2.57873302129033,1.58247048386088,1.09055917982199,0.628255720924717,-0.668640021985953,1.80152313247537,0.276084225685415,1.91650228764695,2.42921360565357,1.32429689972621,1.69920354044271,0.920040071590129
7,-1.36504732712402,1.97484011507505,-3.09286401367674,-1.12249023745687,0.884310286969168,2.4128508676924,3.23879615463214,1.68017881640603,-2.7204483688865,1.39769135426113,2.73979773936444,3.22080196956663,3.12905242901907,1.81513486651985,1.02319943913331,-2.40150910410983,2.13478809122439,2.9170877068076,-1.92428156710605,-4.19372743831583,2.99137204787129,-1.61014193153305,3.33824269553661,2.3120816293054,-1.01822692913693,2.45286558688002,0.172281557769232,0.689472553772815,0.181389531294948,1.1519713918426,-2.72139263921255,-1.67748114721192,-1.35613317521466,1.29858025787612,2.21472501610708,2.91644109751725,0.915123373072724,-0.932466878677668,2.35605595070423,-4.0645994011401,0.969163685128872,1.78327813542108,-0.149488492851071,2.3232751209687,2.08781034354675
7,-0.728550670797709,1.54091478907125,-1.32579518037605,-1.26794952913151,0.606818524755009,2.78088928684451,2.12984863190848,4.05163513528976,0.724160317125316,2.93923675069811,-1.19190508624686,0.0959061910582633,0.0874808762224712,-0.0542604794783335,4.62756281834663,-0.50872099441917,0.383995960557405,-0.0295881990697601,-1.56592143457755,-0.526784005995669,-1.7622324234148,-0.810324703868214,1.91442655357544,2.97673694080206,-3.23561004606165,-0.882010468761715,-1.5650555278244,-1.91536014196986,2.58962044814612,3.24355277309991,-0.238499752598963,-1.2793412625435,-2.13768854843873,3.41557493694921,-0.763254869856787,-1.66291741127904,1.8183862604273,-2.55429667286479,-0.0813447749883617,-0.117334398376635,3.9585809212232,1.52835872506044,-1.61226894808553,0.475175002242368,0.324150797078753
3,0.202610302217539,0.700638318315001,-2.09440624290468,-2.60857873582277,1.13383804772087,2.20514862023343,3.27078208115803,2.68540322737897,0.660161088683395,0.942645233927794,0.507853428903646,0.0007948266236033,-0.394103491820266,2.0326234107849,1.88693174932079,-2.78922381725971,1.10872318450317,1.35709734523891,-2.2395505214563,-0.620905115845141,2.63607678108924,-0.0747008921116123,1.31035926257303,1.02405518930958,-0.662978916593684,0.0076933630189687,0.086938035684324,-2.99299814315998,0.573870902796663,0.101790083652363,-2.08832210495171,-2.59513802990963,-1.89189592470889,0.755894829373283,1.70664176989632,0.560976533891077,0.721907284595596,-0.290460108075915,1.80136076713274,-0.52996508783299,2.81549699554239,0.551452125221495,2.23893033593808,1.37441814166573,0.911567100908533
5,-1.67906389922406,2.68573309562277,-3.58180964748555,-2.54067164001912,1.75808794372279,3.24052082300293,3.28133059169344,2.80503756835326,3.13419309866188,1.37945030979392,1.47718046851626,-0.0647729674357823,2.47222496020157,1.27823205720881,3.4766288975863,-1.74927115718728,2.44175620758645,2.02545666652124,-1.82925430075517,1.30274080323742,1.5282469794731,-1.82984273411221,1.5044907311113,2.75467296540545,-0.870225214485864,1.98644573005943,0.520863759885915,-1.94710006920366,0.733307238555523,0.976768533330849,-1.19849238337326,-0.0745414204317596,-2.392233618759,3.72376936929185,0.978361249194558,1.92868013280552,1.02967636972075,-0.790172141635322,1.42377572511013,1.77535430392351,3.59148416949895,3.37081700931784,1.90298370920364,2.57665833111828,-0.695329246770144
2,0.336612611659162,1.78267495024237,-1.75335881484667,-1.49471918315808,1.54410770808277,1.26557521638631,1.7869438513834,3.05965342701258,1.80214512212259,4.2109220606577,0.226060264961937,0.221694318311922,0.286698094483438,1.46211741364268,1.80769126170279,-0.707298349596784,1.48796764930392,0.514870369052833,-0.0108638505211227,0.772882299742547,1.63374014968228,-0.276643081430254,-0.824151684204995,1.34411335641452,-2.00482339189027,-0.494689484607947,-1.4322055286525,-0.510525168810463,2.44270120355973,3.08084466669213,-0.543570623295927,-0.726278744191478,-2.13666977261828,7.52545289976665,-0.0317189710709153,0.899201812865748,3.71303996614353,-2.60729567695974,0.996160424280812,1.1428838190864,1.82834193801337,1.53116333534019,0.640166817108374,0.813869462212213,3.05581334518308
0,-1.31310902379753,2.75523950339015,-1.23274595431016,-2.73018939134815,2.25410565465291,0.348085661411786,2.40836320031954,0.141865936467293,-1.04415447419013,1.86375593648041,1.23321408058603,0.32603526960748,0.934018537909241,1.02691870281255,1.01318459609681,-0.750517280935054,1.15387668407561,2.45196337091783,-1.58026304298127,-3.25040046577799,1.36275396621402,-1.33886136606407,-1.63093645556019,0.143292997695447,-0.427049838247201,1.66018506845581,1.13017944097083,-2.09580863922655,0.598315139286151,0.732731907205432,-1.39581189226767,-2.21719490526446,-1.64388195049078,5.08512582278797,0.861245353043915,0.85959712723089,2.07127137813663,-0.431895158870643,1.22898617083462,-2.60297692986443,2.43907506176464,3.10065981578111,0.207536112516098,1.31127198880408,2.08857913655416
0,-2.22858483655663,4.21790676803261,-4.32477215137392,-2.55435333525879,2.76326929260522,-0.0518712470810487,5.80069853076264,4.42409774474502,-1.13463984690127,-0.0397918066635636,2.84430234623171,-0.522120301407468,3.75679154886709,2.53907248981397,3.53787004884336,-1.26164098843126,4.08919012906199,5.19019116039331,-2.61441955206049,-2.06984671104608,3.70752013060115,-1.77840548797474,-1.24467535258259,0.0609107110921107,-1.55197623517338,4.33701843987997,-0.734447126566219,-1.76765639652063,1.02352206314423,1.60441428841128,-1.84750272352472,-2.22651683292458,-3.68052324873557,0.441886436277532,0.76498336576727,3.92286338692423,0.57893249802067,-1.06056893158222,0.697594341212271,-1.39650159487028,4.2396314526825,3.92628004877483,0.660728033275098,3.93766140366513,1.28533265667636
6,-4.49841998424422,4.83847920031138,-3.65607902891967,-0.325804533845022,2.51649380589012,1.41972309559358,4.36391949053373,1.3558796817652,-0.603541527462481,0.56491362578177,3.25562694222221,0.43035673174999,3.49493374615706,1.14332702100508,1.55429718216162,-0.777478327289435,2.90000457095469,4.00380086364181,-0.243013404242111,-1.91161414678903,0.676934357421927,-4.19338245285062,1.7258667324529,1.68012356714086,-0.0231449547978604,3.52864035011888,-0.231265890025731,-1.28841588927927,-0.454799469291021,-1.11740995234183,0.484009324467495,-1.03506495503089,-1.70212856416651,1.39705240411386,0.857234745935444,4.01857964662146,-0.341006915695413,0.385932056380473,0.701518524983968,-1.85530231070495,2.17001872327785,5.63152022119359,-0.759305916009802,3.26038494843557,1.20424997982941
2,-2.86691338499759,2.6314627510412,-2.73943859998693,-0.92334143610744,1.57378762775652,1.81551897015526,4.07681223940279,3.31406982516598,0.585494221222925,4.17411578844154,1.72521226720753,-0.774344291607973,2.52040056925314,1.85622378006415,1.66267291998919,-1.69013607075885,1.82768877170345,3.14307762111531,-1.62108250224578,0.474800953458601,1.73866310435094,-2.93141692781245,-1.36145042170405,1.26456391762205,-2.00301734812055,2.70838898786949,-0.862609181943619,-1.52277634733528,2.66687453835059,2.77492964044989,-0.727535063500409,-1.13163079074104,-1.83502211560197,8.14405976612125,2.10989732879343,1.91223437576155,3.4313685631804,-2.51405973488982,1.98485081490272,0.408493032983421,2.56568614921761,2.83042131240221,0.0595808703706673,2.01612231145445,1.20069391074352
8,-4.01845653230272,4.3734887651565,-3.75447367448723,-1.0351701146319,2.63782133483267,2.29220417742655,3.30510440940101,2.65153955712474,-0.135374154389256,1.88826256291842,2.89229242011042,2.29540893627516,1.8518366836593,-0.722710873736481,3.73354821199108,-0.436309070320089,2.35335774249915,1.76901900914422,-1.18030076409462,-2.40100914177644,-2.25374485824118,-3.46075691410929,1.5202676240596,4.18356070959061,-1.32964196631702,0.805643960846769,-1.71045163051108,-1.05074666151468,1.41699793190745,1.82009594581374,0.0163489875530834,-0.459117127870704,-2.57714170913772,3.68739723756727,-2.80896212414875,3.75138877542699,0.63854590483836,-1.52197602947138,-1.38870769027589,-1.6207295990147,5.81956216950721,5.46367014098877,0.578116366973256,2.50325758308523,2.13726138078646
3,-0.691101830498676,0.605226894786799,-1.78405202172105,-2.34739485512993,1.11682971264637,2.8750096062457,0.71727393611177,1.43276535400317,1.54367194004954,3.63293366290337,0.4862051945423,2.10797703620503,0.154096482755311,1.2408299607837,1.06041632841807,-2.21494103409525,1.33922267664602,1.41362403598467,-2.85014818738448,-0.691436542431511,1.08758643555101,-0.514122352660413,0.28877960116507,0.519904952620233,-2.54983392050323,0.561055447821467,-0.833860188174891,-1.765057868876,2.06538832938313,2.6133924508344,-2.52904024186713,-2.39993727365259,-1.82188912868566,6.04990812670194,0.768431260057464,0.027846448973293,2.63062271274683,-2.02589759310741,2.18151006169808,-0.289325031300552,0.709354256622044,0.161358795124598,3.47488453120291,0.506341831863924,1.48911790052978
0,-2.85989945325671,3.44600528962276,-4.05213849332505,-2.44259094218446,1.93384291903362,3.58322028381004,5.28185136383033,2.9652479203333,-0.990626492203374,0.575163320089525,3.47586302377634,2.40524901332611,4.41415481401615,1.95037933886243,2.208939717928,-1.93844198729128,3.43941115931802,4.61607444816257,-1.75800365613609,-1.26050052132589,2.02561213307769,-2.77081992251754,-1.6271521533032,-1.94128688131941,0.147505630383618,4.38547812094514,-0.940195589731683,-1.62918724005366,0.152493878703923,-0.477534225893226,-2.27849283334638,-1.73189665569852,-2.56421007736823,-0.0918157181261021,1.82356798239579,4.3541733911844,0.611621208233326,-0.236740831392116,2.54712262816741,-1.25963956672753,3.43412593091961,3.52383145000045,0.297302465106255,3.73555995113308,0.0189453513449341
0,-0.589173127314025,2.69521460222189,-2.21499277250829,-2.3411649536761,1.6705289035296,1.63125736920306,3.69978575771102,1.7418580660636,-1.05110021925259,1.18873102122477,0.503509582148444,0.974471600187868,1.27501696186735,2.13760206503785,3.3604714927167,-2.10703891471832,2.33990025678393,2.3885018172724,-2.19491256927616,-3.56722231922334,1.82731157028482,-1.05035701720531,-2.41509234151661,-2.48715270105681,-1.41121426692164,1.44198696754742,0.0012059467498482,-3.87573032735214,-0.0891919386198147,0.509893041301555,-1.46152721827211,-1.35719475439919,-2.45701329000499,2.25944092776349,1.38235114907867,1.2644977156853,1.21021033944305,-1.1646141794789,1.50930080639845,-2.7488061310175,2.3382443737725,2.97719764224848,2.01439012484607,1.52066889488753,1.53047604104037
4,-1.11420455935682,2.14413231089206,-1.31775353920016,-1.09061685682385,0.938944444729108,3.68084582234158,0.527722560446999,2.05227406325442,-0.565780991702459,1.15822241662802,0.312877455122707,1.25505540845028,0.360645663631915,1.20678682062853,2.49523531728514,-1.1435515326477,0.647321081502372,0.725202051979878,-0.87970860200881,-2.66966647341639,0.704890988581487,-1.15052284469706,0.935936510313152,1.57984189834206,-1.90300672201919,0.444574811423793,-1.57347686132518,-1.77702799020522,2.32122846409751,1.56435545143566,-0.736749369940791,-0.912862709547506,-1.80536947887899,1.59220812647912,0.0441930754051912,0.187182675504338,0.754884740494608,-2.01352082992473,0.162187544344946,-1.81462440544595,1.94635528982991,1.7965718937418,1.87176344662289,0.0626519075467076,2.95769330119312
3,-3.24988777278664,2.27534695351645,-2.33453961702806,-2.1844427810591,2.33525576689419,2.08247264044441,1.73207790482051,2.77756255352784,-0.0591889290911816,3.62942563434728,0.231182874011342,-0.122596969664087,0.679615733442679,1.3245741783498,2.07182772757423,-2.19816279301195,1.01755037842019,2.41602859641976,-0.302537806207204,-2.3126334191654,0.678878512382851,-3.22429330088007,-0.0135432163284457,1.66643914720842,-1.56655979339365,1.1975714683632,-1.12522613815594,-0.785276399202288,1.45832262728987,2.23480006112623,-1.99090305313057,-1.82416982727496,-2.39571310280257,6.95346426657203,0.736362704432852,1.01152464168772,2.42533356368924,-1.30320144454835,1.91291920399948,-1.6772116137286,3.21028905583156,2.61331124018343,1.68230168688736,1.1398603396868,0.108239776229064
8,-2.07509952552636,3.5607117351915,-2.55487019663267,-1.17820274453592,1.85279284626227,0.969141197875828,2.89433121190202,2.27231102083064,1.95923421557473,2.93605898605164,2.58456611106329,1.33966397579061,2.36787714726282,1.03700660331101,-0.309785165292571,-1.43849005020431,2.51166462673746,2.403714817504,-0.437924407958421,0.242669129795132,0.730812643367825,-2.78980349178834,2.41003454333907,3.57577966809136,-3.09096457403012,1.46531260362848,-2.22946406190377,-2.0078853269561,2.59816173173237,2.99303442890746,-1.29977979804172,-1.428033993984,-1.30434068928698,5.89841509614578,0.903779512284858,3.25097668922952,2.69910257762081,-3.18374813625207,0.854754665226538,0.508747113430126,1.01902872224278,3.66435344844005,0.136880749555209,2.05323803920043,0.793648412832725
7,-2.98279452457683,3.6015645610025,-4.28319846435274,-2.52709144755657,2.24452292811734,2.22046098711523,4.54183144004787,3.83774894384471,2.05380377746829,1.45291778499955,4.09710650018077,1.83878036013365,4.57621351622282,0.873910295531217,1.74651001452449,-1.09770349092557,3.91521050232582,4.68093044201981,-0.633648643607987,-1.68837980188799,1.38592262705847,-2.72109035472767,2.42627861372188,3.28125718943482,-0.353249557812667,4.13428797702798,0.0780752472128304,-0.65660467968502,1.05553327304003,1.06453004408139,-1.46128384735287,-1.55807245096019,-2.43703063286525,2.72987050332647,0.709906126210907,5.10975167193775,1.88880355994737,-0.676401164583324,0.945439456097812,-0.167051296940055,2.98840240457852,4.10870507907191,0.0121035904395339,4.16172796803146,0.376050050892853
1,-0.858557027876781,1.80612318885759,-2.55666287577999,-0.446839412981115,0.826266771704793,1.35203724049639,3.17877843059045,1.67838016159704,-0.660967693998711,0.499048800424048,1.00712654701456,0.987726619681101,1.39555659250296,0.510992794051119,0.442512520954471,-2.55961932950576,2.21136677934827,2.90742815842618,-1.31967094567907,-2.32631558899663,-0.364667254591306,-1.33812044356847,-0.446817567151743,0.551821623282727,-1.20459809829778,2.02026891213021,-0.941799702860214,-2.10004719729511,1.07013920522192,0.742490711209406,-1.18754076608522,-0.467573612209822,-1.05053768330245,0.414025850931329,0.784970840548284,0.993268140974038,0.849447078193476,-1.0724960750726,1.06942401032454,-1.7157478404772,0.61137668246984,1.8967970173582,2.17083289018377,1.40601797996615,0.712285383308038
4,-2.83825308904703,2.61869156126916,-1.69862060049164,-0.97645163032987,0.990877404969362,2.39876964167061,0.328799026097608,1.98610903785194,0.149956254718472,3.38592106248942,0.504417981998427,-1.25388249591728,0.24506700353502,-0.74841397543524,0.630862184039984,-0.412951028794043,-0.219441362575683,1.18651812026554,0.901604842937078,-2.29499470231227,-1.88814392914226,-2.98995379052823,-0.917207986062191,2.37087487116333,-2.12270854121094,0.862949519233542,-1.66205246571886,-4.6554679594779,1.9714665920329,2.54820779184996,1.02724018853292,-0.344341663560909,-1.2899182156853,6.33722437513269,-0.856676702355511,0.0802038517949808,2.60956249393638,-2.11577849646954,-0.519580930057443,-1.26794198305854,1.7238429273102,3.11632915434594,-0.212064742157503,0.134880523692774,4.53786890465763
2,-2.31934964732641,2.24627465359202,-3.30936201189015,-1.19887879720241,1.54148799101431,1.19780592027295,3.76589220331245,0.703159901901673,0.368251602369342,2.5446596699636,1.47283244530217,1.97347932005418,2.39498914193837,1.05292908938822,0.831903355825309,-1.6800002526487,2.73713458045949,2.83255644033666,-1.38859254144069,-1.56709386041476,2.07303027464827,-2.68249029911022,-0.109457733781371,-0.742379632757546,-1.05504171454967,2.38156409477226,-0.17740409572474,-1.28333011619364,0.883148387717085,1.76474255949172,-1.4058079356566,-1.56860593550595,-1.55011588281741,3.880342551807,0.556091875920021,1.88624217571664,1.35388401632134,-1.53299915124035,0.381370594846891,-0.788368181147098,1.26961298057443,3.12950341809695,0.756020624552691,2.16065948202697,1.23840100309818
4,-0.794619252541097,0.751641189110536,-1.8355995348352,-2.52719604481759,0.566821840950721,0.944355138100227,2.85825669342384,2.17684860297774,-0.965035945855452,2.05159449383315,0.543656534128455,1.38974138721858,1.48825386138573,1.96285789810591,2.48169450554247,-2.42382080413354,1.41261193870282,1.12441659046573,-2.54422105317285,-0.918602358898922,2.38850419369054,-1.02664593945224,1.38430554724201,1.91055776554755,-1.05282110667767,1.00767843079138,-0.667441834180072,-1.04354499176539,1.41982765776428,1.61449287520952,-2.23860627452912,-3.34530578323844,-1.73814945791925,4.97437195459445,1.93733158575175,0.835611431542409,0.953582845336948,-1.3340586037948,1.53898513503432,-0.809318879483739,3.89907193296013,1.02247867970124,1.15139494725555,1.25888756919697,2.48284707979997
4,-2.31098425009722,2.61827606424411,-2.57574388565444,-1.43605644093016,1.25336530534178,-0.0708279182614928,1.87432415804164,3.86434340264506,0.428550929261752,2.45311413281047,1.75343317710227,0.548107872991096,2.11523512811982,0.750526505792574,3.03126732231002,-0.545593244506601,2.33709436666652,2.58965111158304,-0.648485348178567,-3.43113779335546,1.42168146454642,-2.46768345967618,0.413608174489539,2.07556799466089,-1.01677401419688,2.25241004056612,-1.75575422394205,-1.09652963322267,1.44675806877163,1.49275938665046,0.113194127745432,-0.530815394977264,-1.80126653999512,4.5752625544774,-0.206127523293981,2.13340602549057,2.04031141567379,-1.45952383452258,0.925229190468054,-1.77845447472606,3.52348172769468,2.7123969347962,1.93072725152416,1.93644251665318,0.658611570795689
0,-1.41970249311514,0.288996404678918,-1.30538664040911,-2.82651465229327,0.656637618469869,1.89007576057937,0.386076570658968,0.917741321973372,-1.77728755545288,2.29598660781535,0.739923149197415,1.95542797361169,0.822955697618871,2.02947709792427,0.232141464318273,-1.90712557528147,0.736473850900942,0.476945165427175,-1.73091258947745,-3.88706048533398,2.34884058706905,-1.05866007870494,-1.85675676584114,-1.8535106006226,-2.80251957904772,0.109387689361168,-1.35518896998119,-2.91865270675266,2.01527678226066,1.70243114294739,-2.58934917815896,-3.01973433287148,-1.30659063083203,3.89915190831895,1.91978945614115,0.557931597878861,2.32583510298534,-2.24258701382299,2.21599237739003,-3.33138360345138,1.32987821347389,0.147585811156536,1.57311145971694,0.392524632426394,-0.0296366001062937
9,-1.92444641682799,0.819511859202255,-0.697224393358417,-1.06673554328743,0.866315097305878,1.04615514276031,1.42553157543148,2.2759416728026,-2.51442030811829,4.11706950684337,0.424312838561214,0.129812275332173,-1.21876249297314,0.816082768434462,1.00009061754556,-1.19511626899971,0.172212937697812,-1.37940583058623,-0.703771982226927,-4.08107282183382,0.825999908944655,-1.715162310613,3.47126103620736,3.90435260553362,-1.82034120652646,-1.49932020895703,-3.03768796637971,-0.0195226749699198,2.68662702687152,3.47051879883122,-1.03461273270896,-1.69993097473334,-1.2422609321384,6.19629677706813,0.494683606961312,-0.449239064719736,3.77774545428931,-2.56693793930103,0.716005457626524,-3.45699846014582,2.64272346342584,1.15363536150007,1.15574314366502,-0.282172991622489,2.29041911564464
8,0.836116061453689,-0.927023060733677,1.53962514517657,-2.08496768404113,-0.6097813342904,3.45610712786999,-0.924018580713372,0.220151438348845,0.610501795306721,2.75424644733588,-1.41489492294742,0.9345856607064,-1.60888756007083,1.58262822521268,0.0745088570489973,0.47501721969062,-0.638754600901546,-1.12982806856739,-1.47977920976199,-1.05539048727232,1.52432306251924,0.892582335367766,2.93585580189221,3.66779834219344,-1.61366992723557,-1.7800710706228,-1.77656349992447,-2.15931661515767,1.98004247094432,1.83898088590027,-1.9523539708598,-1.52345336130485,-0.453915028552398,3.36276935399048,0.945580665841972,-0.944941010053962,3.38043056380539,-2.29859556739159,0.82807347976089,-0.804427535182086,0.498414283622107,-2.1682955521118,1.87048017248025,-1.49481170154095,3.56662663929144
5,-1.97715939699153,2.58612155609243,-1.29392849764889,-0.583542550155548,1.00829508714661,1.40976365006514,1.43179398844692,1.79123461918288,0.832813924554591,1.72955214428475,-0.313175547611605,0.19832932264622,0.578231942787748,1.18693612211546,0.950903608015096,-0.810655987799645,0.761169467875597,1.21184954225736,-1.78668254554084,-2.51174002266656,1.10026777771824,-2.41317871585997,1.20172031949828,1.39240029194947,-0.842458598101586,-0.0754748926682604,-0.351581892312247,-0.293584320577529,1.61536256530035,1.59658712910133,-0.238102076286954,-0.312133851538972,-1.37360140235182,2.94223545400566,0.95428439046768,-0.409291985487799,2.07518860208627,-1.33081530851903,0.887367602601982,-1.32698596285676,3.26016416732854,2.3436346001338,1.81140556132088,0.369252499634293,-2.03234864200423
8,-3.13763414067652,3.12586161957753,-2.27436589479777,-0.390558014303813,1.90721999128522,3.1107693083103,2.95419025136863,2.56235022859412,0.0656663601369051,2.63747105822475,0.472771125965705,1.87237115396094,1.47123544122661,1.17129046078796,2.41300505341188,-1.29450648903536,0.863274064865044,2.424612606179,-1.02574259458229,-2.4105369973398,1.63604274758254,-3.46772995931081,2.64103241403145,4.65771656507427,-1.82601273524136,1.79315655488029,-1.80607949330352,-1.84342817760149,2.36617769907644,1.94831693379736,-0.710398971634719,-0.841476049191053,-2.26662825680016,4.48962805945623,0.110198450898886,1.21618155396784,3.27092602321187,-2.51478813307836,0.594046711026366,-1.32402172787562,1.11850704980036,3.79606351299123,-0.0542553703072256,1.7929390088409,1.50323368466684
7,-0.58996945019436,0.83105064555684,-1.13950914439874,-3.16360509948698,0.798222420298304,2.30693668341111,0.823380142149976,3.18663937763519,-1.69061189390742,2.19613075288234,-0.512230792299404,3.32179843756639,0.279687344300093,1.25450718617501,2.11538870984413,-2.64990029717129,0.880233352375602,1.52866253752804,-2.10354433104127,-3.39978355165162,1.30737081019884,-1.17201336960414,2.10804013397603,3.48098438696252,-0.725766447474694,0.380712355425117,-0.848068421724435,-0.701521197396739,0.829900944792888,1.40647357265327,-2.68059347370892,-2.69153749477797,-1.38563201102559,4.03509984630643,0.060319651029866,-0.275901280249111,2.65660433650091,-0.702692397142234,1.52998925906047,-2.66520564107068,3.66907206468565,0.317198976754901,1.67720334404539,-0.0367267131863641,2.16030692408683
9,0.958578367878086,-0.497778021152743,-0.0910444985544973,-4.16787661524794,0.343180467115791,2.75029440992981,0.727697911864603,0.892778468153852,1.7068379927708,2.8884896833938,0.123839506829972,3.7769632341047,0.119894100544647,3.20943063583245,0.236254364650188,-3.25135662624688,0.118079685969039,0.741947637702189,-2.4704657372179,-0.687188146886731,3.96000653427173,1.03913961895375,5.22302929990376,3.89531762230044,-3.09250555916977,-0.571613830787417,-1.72605683298321,0.521563648183906,2.54360476974815,2.29208872650765,-4.14923623246651,-3.94277080126502,-1.06906634656103,5.0237287838371,3.04626155889962,-0.220554843820806,2.70565944148452,-2.27248200724299,2.68665069951978,-0.0548893666407806,2.14473816825796,-0.989403776594012,3.5780050468765,-0.448911620718582,2.34317752765743
3,-2.87021486684762,2.8003158021404,-1.13041181754265,-1.01826753851873,1.41966670148385,1.14307824211086,2.23895300164696,2.39740032903571,-0.147792586197613,0.824082202280362,0.550524480104037,0.878635836862513,0.602322520853131,-0.424008130332967,1.30102991248862,-0.363362143163296,1.29078386883762,1.21828764390805,-1.54067295093895,-2.16760592274412,-0.428415347811496,-3.44716323320531,0.175590703771508,0.284863601217516,-1.35873236324673,0.766669645007391,-2.06861607837456,-2.34327826603893,1.37931355500665,1.09210976803148,-0.0478561842431974,-1.16770029998469,-1.3352386461972,2.14506912646633,-1.09765777114178,0.467470302826322,0.784533500578017,-1.08004751806934,-0.0339082946404983,-1.24213514519216,1.23904406488139,3.2564445897689,0.475945247517286,0.717290310170943,2.10472523031558
7,-1.8731204524499,1.4649253589137,-1.67506003142541,-1.96448199760174,1.33424553028042,2.24371124159894,2.08407368621534,3.76917220192424,0.687971704484305,0.468610815616418,0.984171572425792,1.20187117929341,2.03797761976541,1.88853740998896,3.34989834335401,-1.54439305772181,2.17221218341365,3.56394349533494,-1.39651998661768,-1.97974951396194,2.57248988099935,-1.9825709089074,3.17959699175358,3.41339740600223,0.108094533003609,2.58353500141291,1.03103646078442,0.381321216821337,-0.278306312915103,0.791726043273735,-1.02301675767084,-0.844737284127088,-2.47123983912346,0.725553276900856,0.568421514019818,1.00936008371662,0.476963463605895,-0.185450916661451,1.13813032339616,-1.31592821061931,3.8060075237246,2.17657543175367,0.788965033127133,1.43237207006592,0.884891381337276
1,-2.97442811640811,5.26890685320592,-4.39023506193786,-1.54273020433347,2.66866266628483,1.91667467618262,3.4077021268905,1.88265365964225,-1.87557744799642,1.05655472994668,2.18801406618476,-0.70469583403563,2.97946660445948,0.932606510043242,0.996182489072563,-1.12152163315927,3.16064636719838,3.37987125458994,-0.120163041366218,-4.6666447867357,1.21661437305842,-2.92488485811359,-1.4600931608894,-0.151131304338361,-1.40813221989677,2.48113596608411,-1.48586445506338,-1.51447543089255,1.37606609227907,1.20057697730956,-1.40285761761771,-1.52821300114652,-2.20845153502676,2.43958893988492,0.696705724210233,3.41910434375095,0.483229253392005,-1.04878086984045,0.821260803901912,-3.6275155900721,1.99227410108563,5.64318819695262,0.908183492065247,3.18103839338782,2.11422962040467
3,-0.487080523743926,0.341612924223537,-1.60056067149256,-2.42997325882813,1.10329899526842,2.5415207901206,0.766484423440987,1.73118827202302,1.43365876757846,2.65903136269709,1.14666753366391,0.783124606416838,0.921243375436089,2.2738910988921,0.796910823341371,-1.51636530584215,1.21955581344728,1.68452456826752,-0.685632363851325,-0.559528730516015,3.05945704164491,-0.473835343023626,1.18207545974717,1.46018960279375,-2.01075180373907,1.20334301249301,-1.91204525557932,-2.27873396844565,2.30770509559679,2.20574972340415,-2.3851027066331,-1.20484327705542,-1.34595836522851,5.39439647575054,2.7874972466366,0.429553639834813,3.1347062268661,-1.9109752264561,2.83976687471373,0.219752392806461,0.935642742336846,0.580910440446665,2.10038718954244,0.479434720831363,0.342729277080958
6,-2.94979830308453,2.88836646487971,-3.57905573636909,-1.03669955356716,1.61915217782487,1.56203979585912,4.00688782127141,1.23052819461474,0.676339312964791,1.84483096296667,3.00489206590313,-0.884616628121638,2.94677675033201,0.62477862288793,1.01806078983885,-0.897180197244907,2.58105903370839,2.24151733038186,-0.695579568564993,-0.804821454822067,0.42767961788159,-2.50974198431672,1.44845244710674,2.46689608445026,-1.87214892968495,1.99941011342634,-0.344439671025153,-0.283829700690405,1.23294083723708,3.0102006915785,0.137014021628645,-1.84579980800916,-1.76961232859006,4.07705752553928,-0.524282976589343,4.04899687802924,2.35498277104079,-1.86189613069317,0.0108539423828801,-0.431866655334766,2.89228754713163,3.3874980385131,0.570547301562862,2.65588618468863,-0.966561358127134
7,-1.30959257431841,2.44804222187408,-1.95092705209102,-2.07102457659131,1.52187144089688,2.85658690148574,2.28552276632886,1.43431785464379,0.649804215180097,0.441194105615804,2.02315758159603,1.75668418067449,0.677834241160165,0.777221340407535,2.71337146118324,-0.257048353722025,3.15649782746565,1.16524676743589,-1.76040897352873,-1.1047599738207,1.00970176755481,-1.45345990870267,2.48012907971827,2.87149455303981,-0.0144495922068578,0.0625190741245455,0.041546223395477,-0.890360044703769,-0.0666256119431978,0.519350121944231,-0.551674565153619,-1.02259759799521,-2.27778850644472,1.152013396105,0.133118400976757,1.81293276060388,0.802543948215611,-0.024147536008618,0.668557798330288,-0.498604102806973,3.67806312785143,2.59775059720432,1.49791813525742,2.17173008640572,1.53805026739485
7,1.03593203886408,0.231011568604728,-0.498688487565725,-3.0662370765165,0.432190275999658,2.04049695752565,-0.735598579878549,0.959106516987978,1.24649983584093,2.54468849725033,-0.815951947981581,2.61636047339244,-0.703364861852138,1.57439403813517,0.734551060282025,-1.59275053247518,-0.310845720728527,-0.49428184672183,-1.48598913777856,0.248858671136979,1.87412310155355,0.764752084663419,2.70715172441463,3.86696546625314,-2.73861088455515,-0.873145141899353,-1.6217166871555,-1.4350406924596,2.82201612531157,2.70787517693201,-3.15021109559283,-2.505996964532,-1.24659538384745,4.42754491001989,0.907290035786225,-0.8522462711948,1.67321200070769,-2.79444900566043,1.27750141425958,0.29168928728852,0.343008231579372,-0.472896848327711,3.19594411563407,-0.811519171365306,1.25257288740164
6,-2.66432700748785,4.58827507616485,-2.95028832435555,-0.31418382857212,2.15965127334652,0.639974093457534,3.64145381839814,2.30414110491855,1.83825815907959,1.94150121037716,2.48783840786282,-0.340148176982588,1.52530564263412,-0.0580199050533496,2.63080504756351,0.497180399214556,3.09832023444685,2.45057720475856,-0.6184163661307,-1.02741489324158,-1.06193589158866,-2.5948384048967,1.01950901291388,2.81594847281664,-0.360524631022858,1.42375196735214,-1.56066020497205,0.522861592581224,1.80197658758433,1.91237008149007,0.360512309262507,0.413590256049537,-2.28412234760089,4.39990762839434,-0.705692682203304,2.76730315161445,2.40576020088151,-0.880215270696019,-0.212187058828013,-0.379136914322487,3.25376677094183,5.11266335896316,-1.169977324051,2.19446689158576,1.14470198180011
8,0.0180135773773365,1.30435368903702,-1.63950702734815,-2.70822421506885,1.02875785671784,2.56787887521041,2.3904146918978,3.32747977486092,-2.85010772862832,1.53011568966086,0.200987404131182,2.39608261706357,0.679750294113308,1.49811298126544,1.98368906652376,-3.56259096768878,1.14680218882349,1.66552000119362,-1.92481600729835,-3.5978614092653,1.0121172043323,-0.185325460407637,2.91513110824054,3.3120932525603,-1.16094256134747,0.849612932003524,-0.330175426956157,-0.707773574028022,1.0938779683102,1.07411332052259,-2.95139869349812,-1.57298425276839,-1.76491267293162,2.72534019439964,1.19435981632576,0.160294834446784,1.5018777628581,-1.20123034507506,1.72361733394986,-2.6823307719866,3.53691163080557,0.857552730288762,1.95354425707419,0.774972195005634,2.6806144831983
6,-3.36868609745451,2.67805781112478,-2.09729813641566,-1.70047899506762,1.5182466907552,1.06011532446678,2.09779752196451,1.8823838664073,-0.298902097788862,1.33699971089401,0.650324225504564,0.176044949782189,0.164321204235179,0.974848702231372,1.84948739001607,-1.06195873642866,0.695375722182417,1.32414383048753,-1.06529254765169,-1.71497852450024,1.26454102359926,-2.93948791917866,1.53800344979813,3.47174746042914,-2.64307045181375,0.654225142652029,-0.821354131325469,-0.943198246812018,1.48490922432857,2.12790651218003,-0.45513119684778,-0.745153209080038,-1.83554080179455,2.94297329147274,0.180248479816752,1.20140191337033,1.86829770633831,-1.92646045126782,0.222902811797814,-1.2609707230409,1.57300855085702,2.52696271426666,1.60441082875784,0.89959759567176,0.965175602090445
1,-1.90319045590413,3.01394666282201,-2.79412374671318,-0.447593126459119,1.5435160842074,3.06191201892256,3.31586696782762,1.98531419468308,-0.369529631297743,1.94590696686286,2.35927997006023,2.18388608438569,1.95143819955289,2.1419746737975,1.94366998584009,-1.98576621985323,2.13362146666844,2.2628950305945,-1.91160245911922,-0.728173036865043,1.5271465910513,-1.92606754407025,-0.886759458868577,0.286600345670341,-1.24935747540945,1.62504197479196,-0.749935301560549,-0.830417584876776,0.91585778481085,1.38943319581583,-1.64497795586371,-2.25818899735557,-1.63858400326799,3.10562072558476,1.89252310171409,2.52773962172757,1.60148581000319,-0.820821973269635,2.03907307428702,-0.731378358684303,3.29322082173461,2.9741914760657,1.43250960137547,1.79418367289214,2.92409211151486
2,-1.47867479973818,2.09740118443218,-2.23842671867562,-0.312714888720653,1.13524097712572,2.37804830193545,2.69516124512013,2.4158722131848,-0.335622160067138,1.13585205514403,1.84541188294443,-0.226387263607832,1.64081578931813,1.31980563158647,1.55224504713548,-1.23148816837958,2.73953626702939,1.68955555908179,-1.90115294723122,-3.17270735606309,1.94443760495813,-1.70238202755784,-0.0048101018820021,1.28197146441525,-1.84587733107537,0.922868108733076,-0.642388637787619,-0.845976066807629,1.23615288247047,1.78150689005972,-0.570456458945397,-0.407584581127978,-1.33054886204869,1.438935738455,1.04994327932202,1.67489058941685,1.6964492594178,-1.55262167275776,0.784766544376085,-1.91542171408676,2.64882541166832,2.12560499207873,0.474687786535046,1.7450483813201,2.38392734751861
4,-2.05927621973496,2.06440081600001,-1.15494513661393,-1.10084063851455,1.15535828353546,3.68361711629802,1.00261957501602,1.97529320339585,1.23651184307712,3.07568422458502,0.476022661937532,0.2388625366215,0.181152815671961,1.58597680048595,0.0629012041204864,-0.999528816995085,0.598614872324495,0.845492481363291,-1.98743556269583,0.0474627102518183,1.55332591527039,-1.43530414671329,0.360315462648273,1.88079967442224,-1.66816762632141,0.20148072689956,-2.11919498159541,-3.1106801522203,2.31796881892283,3.43519919476951,-0.829718239532487,-1.72905239594999,-1.18318804661867,5.12669077006897,1.35332297460542,0.888397220849796,2.58125722722732,-2.27238601240235,1.50174618909028,-0.133848713981005,1.78709949644056,1.73079504473195,0.759700109746999,0.371461730304001,1.36820621018782
0,-0.449158369283291,-0.439181569050327,0.246658901071196,-1.39700193056208,-0.521269652158419,0.919768846897786,1.42379935065932,0.818077610027688,0.681901443723933,1.77817589541204,-0.84750167906045,-0.265000406371002,0.116643166885533,0.25531747246155,-0.0935671598906155,-1.78401267789633,0.54447744745954,1.87639587479318,-1.59411917775921,-0.748791058366119,-1.89533634559585,-0.392298546778555,-1.46517549556948,-0.992610715354573,-0.976068392036889,1.40329887973975,-0.247580607194525,-1.9654468315,0.246860877509413,0.967731155995847,-0.605424453088525,-1.15539008317648,-0.279922453183632,3.74583656645028,0.534609167367078,-0.531751637397557,2.34454381676064,-0.887092023467956,-0.0295474799274745,-0.555824199181908,0.485050691418482,-0.64038831502326,0.893701142766488,-0.143520192417038,3.84333656272372
1,-3.94936930291254,3.02451409916214,-1.80577653697119,-2.45360006000068,1.71888073055906,1.06183340577369,1.77869861371315,0.289303317977731,0.287423114885562,0.389286491728778,1.35880841185425,1.31914086694301,0.496209837287081,2.24063203164512,0.521152826514383,-0.89388380022189,1.80949329745763,2.20991129725588,-1.01632596919215,-0.706131163053271,1.90749689586939,-3.58819559711139,-0.481882283773848,-1.30117821973558,-0.470299882562574,1.88581847293805,0.349136972153489,-1.56799016904905,0.315344103031307,0.3633027815633,-0.935427064832247,-2.36241708710486,-1.57901275670958,0.626397624812739,2.23249099670126,1.96124086514119,0.57793398818744,-0.12892897454398,2.40024206628508,-0.562046421339424,1.46809898446274,3.25454942442589,0.94554292417974,1.21830851819495,-0.518203906005985
0,-2.21449473674813,3.35097632862289,-1.25424926935838,-1.76777925822133,1.27814880383611,1.24512509949215,2.38123530879587,2.02240722639958,2.90312860066338,1.90385981549427,2.5840375434469,2.16563154402269,0.358838830927031,2.02884246440059,0.335885181628615,-1.24898518075075,1.70692610270577,1.86878262706215,-1.91592062110715,0.185127826657828,2.93225571631486,-2.17565155559982,-1.07503442513495,0.414818487264255,-1.82710175397138,0.444941381621865,-0.308214067448504,-2.24436248111962,-0.213487886073989,0.916838043177865,-1.17586915453655,-1.19230948926359,-1.72513051263567,3.99003755086827,2.63716118610367,1.80259617713366,1.86406224022369,-0.992273872306721,2.12849959262495,0.840643282970396,0.409460178358704,3.34875862619376,3.22966509779029,0.921036422612782,2.49294876635915
7,-0.846340664089642,2.94500013226436,-0.818499625888249,-2.26982996459927,1.87687406904064,3.2807972330675,0.8579977995106,2.67335227717037,-1.21655789593298,2.55986016201083,-0.192379031889818,1.93653687745725,-0.0362142672130823,1.51845149455063,2.14062684349225,-1.78277007523869,0.618866563141205,1.06403016828329,-0.682937308406608,-3.73629942407593,2.49510209198048,-0.954501879714803,2.61952446191766,2.5619960946593,-1.82279734157617,0.196003195327256,-1.03064145212189,-1.98916967904222,2.15316063596545,1.70145114943612,-1.77331831716554,-0.804832270663449,-2.10897542929656,5.76643042719691,1.11643148481418,-0.400164018511466,2.75509127267277,-1.78949489283606,1.46440702533975,-2.77229846886167,1.71644639281251,3.07037705911507,1.40465511963519,-0.136442366196696,3.38363490758744
5,-2.20083727513565,2.77274773179043,-1.76352029954853,-0.64887313633292,1.05301830660109,1.94479929493488,2.25292989604597,3.38563349408584,1.37730358518741,3.10600471647469,1.15415545504623,-0.0600486152827369,1.31606481048896,0.573912781321542,2.63613393526228,0.138277244044788,1.78431500539152,1.4250376681217,-1.15382025152231,-0.58105257287272,0.680236414965433,-2.46298622165037,0.465196745286811,2.60325348518105,-1.47204356811239,1.82599509484983,-1.38238775827723,-2.04482926230392,1.69893171840379,2.24256384255202,0.30174930381888,0.320110223497682,-1.2896844949891,4.68702531667937,-0.546799233246232,0.609916878227787,2.29741631992662,-1.85686514608423,0.616137158267765,0.184184671555526,2.77907301314396,2.38167847569646,0.480455835322311,1.3615453900131,1.49989350817346
6,-0.521396378037659,0.199495687198307,-1.79487468972641,-1.4761864555832,0.196938770378245,1.99819226573187,1.2791001303879,3.32453438784098,0.231997269568033,2.15329328560056,-0.0149010883104348,1.9039662533678,0.379900723553338,1.70600724176735,2.44487701026098,-2.9870742933542,0.463405224394051,1.76186712889051,-2.72482997190171,-1.08267839509,1.39697687922281,-0.211884833777116,1.80357763943765,2.2149316091311,-2.21568583052795,1.00593894078553,-0.744561029446891,-1.4548686539257,1.85911668118702,2.43102836912331,-2.16513843075361,-1.62219302798059,-1.41073471272812,3.06257690615938,1.16058910085711,-0.423249320724076,1.74942528982944,-2.10315694943928,1.57493611673235,-0.686491292241476,2.73157601523517,-0.201017999837455,3.29592765458191,0.176424756503271,2.66753640889376
8,-3.44518401367527,4.00025492978007,-3.53524717609172,-1.0457759510305,1.92472624240528,2.30295623799462,5.0093100331639,4.80754000465785,0.304932769814425,3.29344368938294,3.40638617821698,-0.733107739027927,3.09067229424176,0.484678462157949,4.18937053656636,-0.765380560597817,2.9876002531816,2.97612428935735,-2.31820036031925,-1.01757920421478,0.676021807806538,-3.23303645452874,2.10487828825539,3.17103845836928,-2.16836350648858,2.71260991312921,-1.36326988691883,-0.506258047134192,1.39922682811284,2.53119929900097,-0.265900230775828,-0.0126861033919126,-2.39139103858142,5.16638420063075,-0.905441333697686,3.63535002230623,2.3083759479496,-1.75752054292004,-0.320051695325394,-0.70237345809174,2.99289402460054,5.01460144608872,0.919476630420355,3.06439003367424,1.34422210512939
7,-0.596799728822269,1.58003321674365,-2.14721346113631,-1.16566901896928,0.815659910742915,2.57252824068619,1.80800013444117,0.561910747951513,2.21889610905314,2.17276867713437,0.761990011631928,0.982172469852156,1.03766605183258,1.1873546388393,0.982938830044159,-0.596590826357506,1.31977651223514,1.7327716081536,-2.67338731776822,0.234697834759499,1.09198279195675,-0.714304868310776,2.41003017008725,3.68006559397016,-0.991166974192185,1.0881298795037,-0.652345785879698,-1.68206443621235,1.31134462632982,1.04425758166172,-0.948722745934143,-2.71186764139356,-1.69233405403798,4.61078610997526,1.51740306846868,0.975904418641829,1.80798401603822,-0.883819088657519,1.31156433592278,0.876137534890859,2.5573245796189,1.60103564039161,2.06705753762227,0.948248012031232,3.10829600070825
3,-1.10186371732807,1.06173825848263,-0.21425925960947,-3.29632010270937,0.996000252667859,2.85539886878197,0.974635173067482,1.22218170075138,-0.616152783184151,1.42965549936724,-0.384640936822355,3.66667863162557,-0.331837638890707,2.36314002885084,1.43432565131194,-2.55938325476145,0.346281042048495,-0.423414346368285,-2.65109837181692,-1.96280673102338,3.60115477947625,-1.27234444594618,1.10024828554551,0.621088584865197,-1.65491844593252,-0.75476279340526,-0.0989621419914046,-1.6157211504353,1.4052481084807,2.17609161825385,-3.50245110568233,-2.76390829567812,-1.69483071331445,3.62321513486017,2.57502741541121,0.207127985630573,0.275134633630125,-1.0840697828585,2.43859905963857,-1.31977805100858,2.73207245832666,0.781698295293128,3.30631423305992,0.016191544035826,1.17547212832086
7,-0.923255723781393,0.618741972952742,-0.65095392624897,-2.17711632691071,0.396692215685696,2.38542556444582,2.38075653726483,2.72606659916492,0.79040251413331,0.248296303822217,1.02985586339853,1.89566690729262,0.960620649667624,2.09280134794955,2.30709721521496,-2.79727721311596,0.914864350897608,1.21003721169191,-2.5871162950613,-0.778824622549333,2.39577828099329,-1.36892700651346,2.99555587511858,1.94681211033799,0.283302097336442,0.617734731050687,-0.751072556379655,0.372702163499106,0.379068408134715,-0.886994775530071,-2.13299214256261,-2.27245328853947,-1.50081726033194,-0.344262610009919,1.39121683774938,0.558726169565947,0.225493516616246,0.275271687121082,1.45495610854529,-0.365191510172419,2.53384109380027,0.298711822610853,0.0211139917354766,0.784215538622734,1.79505702372049
8,-3.21557152179084,2.95106428115931,-2.05872439451977,-1.81300107480998,1.90244815232272,2.18233170807681,1.06334978810806,1.38292408423527,0.283730471346895,3.28698196277351,1.76948565715626,1.16700333482468,-0.572084478848893,1.24274077208153,0.59098409067559,-0.616551446897424,0.904962521593425,-0.832554486103379,-0.861758690198221,-1.03306552829968,1.08622393099599,-2.80645381688101,2.53557635784116,4.37383097932001,-2.83636287748265,-1.38252978361311,-2.00664040997771,-2.59561365182726,3.5047463176458,4.52226289540064,-0.891914034064111,-1.73156689639969,-1.97630125718445,5.85368880654074,0.828801014435213,1.16649199721059,3.07688697605183,-2.66242499521077,0.976803533767697,-0.535121019268893,1.00783311661692,3.12607450248597,0.988093934088136,0.697818793072062,2.29540517763817
0,-0.696446409219255,1.44838263546757,-2.01917390851192,-2.44137767451193,1.42993497693615,2.02041471487636,2.76994083831744,3.06136344822809,0.532248707307525,0.936670030084078,0.90475019638741,1.44371745316488,1.08133668604801,0.384634783316303,2.03030822967419,-1.16011323810762,2.41721629384696,2.23903401394989,-1.26606460781536,-0.759724463534876,-2.09903721607484,-1.11217369267129,-1.67595119451329,-0.364479975007091,-0.672088506229726,0.77904671468238,-0.728251026867689,-1.83989025033345,0.800341746395582,1.49948264476938,-1.96351343009595,-3.03527965038282,-1.53812489933553,1.92639150357121,-0.920649157577068,0.91208884029597,0.989083078899391,-0.662935439259715,0.44654908943908,-0.172079837044792,3.07539584671555,1.63474139259028,0.625168129196103,1.40885545895415,1.09023712117576
3,-0.924741815708103,1.35399156342648,-1.21833447894075,-1.34210620485187,0.766229749336376,3.89550403962496,1.97481648686953,0.911453934125023,-0.543829583508481,-0.321756976365146,1.10815855608071,0.0431388226883385,1.29376962374675,1.34986868613489,-0.775040454842356,-0.570043608712328,0.71530884218086,1.54545996206925,-0.549739170538038,-1.36760221789067,1.72044795122495,-1.23960636813567,1.47759798433154,0.77568306476909,-0.548161837353348,1.27197395557686,2.16074039556463,-1.84313354446857,-1.33355867313914,-1.26616441492884,-0.906001150753549,-0.587554298683111,-0.887610910809553,1.50383341140432,1.37827268188586,1.27222889360326,0.446684195812464,0.372835334099205,0.888339668498745,-0.681588005077758,1.23872097659674,1.29557855476284,0.126718423542238,0.552949704917496,1.24455896604681
1,-1.046395217894,1.584885861307,-1.84365622323419,-3.40285651708589,1.25486110099362,0.280425224239175,2.36064361886447,0.364298210551569,-1.3716401640377,0.621765567410355,1.90462937823968,3.12528679775982,0.846404271266313,1.07721502521831,1.03659918485535,-1.77453981928981,1.88619379640903,1.93201704680902,-2.65921335626792,-3.13483711195965,0.440384674179474,-1.01110813554726,-0.916908295363287,0.0675357227793637,-0.563989861157466,0.985678702112461,-0.279677104192363,-2.51284692136645,0.510005891537763,0.627723578291169,-2.37784737893197,-1.73600354887778,-1.66074696792549,0.0002416584679757,1.43527769136524,2.21027192259519,0.781725585094042,-0.326577819152035,1.37720343851115,-2.62120918537691,2.4818661273339,1.80742474880784,1.56102569317817,1.57181728954475,0.850343721426595
6,-3.06574750511808,3.95279801072931,-3.47409971541162,-1.56630553853783,1.82752261944158,2.70154814064492,3.70017405389863,2.58883093480654,-0.875456956573676,0.728874409546936,3.09690275132313,-0.0918084717988936,3.14522735974014,0.816607252505691,2.24124569672848,-0.684981902215386,3.42497330934119,2.91707767285791,-1.18218680584687,-2.91541289390873,0.422886180115161,-3.16937861476277,1.80318682216394,3.07229451834066,-1.37116252034681,2.31960551564057,-0.079865327497734,0.311788846534685,0.503971711128209,1.6256957135931,0.151049188369748,-0.627215689835308,-1.1913530963966,2.8092386989803,0.0817619402789896,3.81801931013195,1.89490313424163,-0.934531338483165,0.219779483257063,-1.97278735234948,3.02893277219615,4.60316552108664,-0.190150656179406,2.91938389595096,0.696443892476702
3,-0.147011406343091,1.09854058457292,-1.27596445755612,-1.89717572052874,0.886910392869689,2.42519988003889,1.06500472659203,2.67206943035575,1.5338944172343,2.06279770813522,0.247061975642416,1.21886487070877,-0.38927503303161,1.65313651411799,2.49632537095742,-1.36191357951638,1.28287048760403,0.689181447144864,-2.97032521833129,-1.19667143152949,2.64284354893137,-0.230676577493963,0.438664258156386,1.98790611513226,-1.69241978029755,0.132829868108386,-1.09292454553634,-0.87266115811131,1.48667903953227,1.43657225141527,-1.63129082642347,-1.44034905204923,-1.74693142053028,4.2651648715334,1.02475086873079,-0.0179274133241722,0.870224166914257,-1.91076650256151,1.3877876829756,0.406902748925916,4.34971722060279,1.18172497772236,1.51013004784454,0.224286659012035,2.09599209402343
0,-0.0756146188112402,1.77256570042789,-0.72478034828442,-3.2590126480243,1.19834442519428,3.0382037083333,2.65013044122113,2.32302307137942,-1.42858908233842,0.484840220981695,-0.302905030628891,1.7967168041464,1.09939356895516,1.73389661059186,1.75348934254597,-1.52657996797299,1.03763944977952,2.26045116125704,-0.287974841451085,-2.18436241063451,3.34231263676776,-0.394976104088206,-2.30469428241603,-1.26311967236408,0.381483161026229,1.66764990875199,0.19779888025251,-4.29178129555992,-0.409357726539286,-0.816121371001326,-1.90160551006809,-1.38398926940653,-1.63112441149567,1.33523183033717,1.065607086261,0.231506057216475,1.09927752640904,0.218337845135644,1.25395112004557,-1.69705015625072,1.88578072193687,1.16055674907833,2.42532905193185,0.644333539814668,1.32598856981505
3,1.10137228218973,1.07490872238591,-1.12496900708869,-2.32802747212066,0.878073638582798,2.61749497902739,2.33482062276502,2.31286274960813,0.412352363991009,1.49401083193108,0.56787863125948,2.28637341826576,0.390001704016753,2.2422222516579,0.35026749057295,-2.97285795432507,1.09398429479787,0.71231840332554,-1.06047301718938,-1.3160432524421,2.33353629121905,0.758373153768544,0.949707926395381,1.51945315302616,-1.09991627982538,0.485398154850165,-1.48206317900427,-1.98400293545599,2.2095098946243,1.84959127313264,-3.07869920871762,-3.71371619612726,-1.05973464455714,2.70505456818668,2.44816762286479,1.08664383835768,1.43467025703877,-1.67503261720871,2.1283968907365,-0.827829427330195,1.10948423174449,-0.0904416490175544,2.54188817354835,0.728116110426667,0.834853073077774
4,-3.21597564759848,4.34296716743725,-2.73963790768935,-0.254918598194515,1.20843872859569,-0.695438384851459,1.7462334610584,1.02528678208194,2.44437129704304,1.96744507305479,0.640899783329583,-0.54207414760696,0.963633959849721,-0.0234017287743529,-0.123543628428446,0.385637683430819,1.50057658189482,2.22644210281906,-1.67560136389367,1.82599750475051,-0.568450982914224,-3.26632564693421,0.0434448023471505,2.28330688503754,-1.81221800856552,1.29154871801698,-0.969865148192069,-1.68452434846229,2.59566791187475,2.31335411037499,1.00396743713574,1.02339746682404,-0.63211242580453,3.0305100970428,-0.256990664316698,2.11269391271325,1.29966498748722,-2.02362510689497,0.575874714004308,1.65863806347009,-0.0647909526629814,4.52151792831922,-0.799253757283419,1.05284972323373,0.771330689052673
8,-2.06122132518238,2.97602848769371,-3.41109203075257,-1.99713266848529,2.00189060438714,3.67938205828763,3.36454595746392,2.35397458251424,1.24678498111762,3.53121456802895,1.33586018131539,0.641719846988119,1.48280148651952,0.0550155268345822,2.60659544001777,-0.822219832689626,2.0098435291757,0.395676188287652,-1.76709837384575,-0.291683746855391,-0.411627113349603,-1.85785554343771,2.22714019043055,3.1768370825666,-3.00159686206355,0.373303849986479,-1.97306111417385,-1.25476096304141,3.03604103869531,4.24166260220018,-0.938742184633966,-0.904782310527594,-2.21337255333619,6.5506999863012,-0.732723441467104,1.98680881475304,2.05524304610703,-3.10057343916554,0.734361567084711,0.42226407374881,4.61646637032654,3.79458010598165,0.624815535719539,2.2461089410281,2.38619182159749
3,-2.34619457037759,2.19462781828735,-1.33278679984937,-2.63582096624594,1.3718830607525,0.990388152842683,1.42613689704636,2.44479290598369,-0.635996495988863,3.22565095904027,0.383588658881444,2.82670998535381,0.258828825138469,2.30356476149072,2.42564541836,-2.55566479004433,0.231982584571522,0.92133731770299,-2.9816268765587,-3.09731978654809,2.39954815160976,-2.68380943923797,0.656407769412865,0.54816455486841,-1.70524012317551,0.670838048588654,-1.5354810009353,-1.70786151790887,1.15191659473601,1.9761634147475,-3.08975365539499,-2.27194767174335,-1.82686170079137,6.39939038036987,2.85493170837348,-0.0493761172193429,3.24722069356128,-1.45664584706046,2.94779906749881,-1.70835254536874,4.81159965179291,2.07143350003998,1.34271747996493,0.72471000076145,-0.454168257762675
2,-0.265661917412413,2.19531870511695,-0.979030905587765,-2.04958256527966,1.39976265312309,1.50316009215117,0.793811337182941,2.5389528091527,-2.25241688216447,1.87998948612209,-1.43012351338472,1.12631971398729,-0.365566265493389,1.41276092935772,2.47963926929981,-1.92243442187389,-0.522475384959291,0.566630953720531,-0.815695815982474,-4.21776481108561,1.09178779940885,-0.0278293157552469,-0.747567301044632,0.268065087318188,-0.446533576801376,-0.717934326992637,-0.0480481283570962,-2.98908201311351,-0.106671357043162,1.58202039807656,-1.77018546016553,-2.39197196306696,-1.70726213944614,4.06855197319197,0.607867487974619,-1.30066274975747,2.00249719266819,-0.646808144332986,1.6794618461486,-3.35491352630668,2.80439038885483,1.14668780066673,2.09607329410841,-0.451638660682309,-0.819200578044069
7,-2.43031805429561,1.59181170799221,-0.770510288051796,-0.230286191418974,1.17193666988579,2.34056127157111,1.97584954753897,2.59266581142701,-1.00773657077139,2.27784133593992,0.176371572027167,2.22599508260596,0.399025858505235,1.5691029069798,1.67240736438736,-1.44438721428521,0.797640888673662,1.0000342707908,-1.16071381144577,-3.36140041164418,2.84274613897367,-2.35141869731614,2.31583832854791,2.36136509512604,-1.86962373724852,0.539025117203146,-1.09293066711898,-2.85543433690978,2.21018744410405,2.19586785633908,-0.88553629027341,-1.59525132692012,-2.26145711923976,2.915190223232,0.62316761869291,-0.582226865026876,2.66170377434824,-2.01109579339875,1.76868706749631,-2.52516172117577,3.1335050512717,1.76797189895856,1.20098510247328,0.436008531542704,2.50553019988672
1,-2.72760004889302,3.69187896204139,-3.18943368208521,-0.902175085651624,1.64168227834014,2.65167806235633,3.47509613201754,2.0097264091357,-0.339022927876829,2.53240511599936,1.27751989793822,1.03641895915312,2.55366290071968,1.36001061759528,1.68816945216103,-2.46806002010691,2.32738874531038,2.76881145294588,-0.348534066638036,-1.37220264766751,1.17538844752938,-2.99532723436421,-1.49051092899485,-0.407935708288249,-2.46925081601404,2.29276137261937,-2.59585540818598,-2.63901949901655,2.06602223373213,2.69195557134516,-1.38635792675327,-1.68900114600015,-2.40988637943941,3.48295021985837,0.178760237738024,2.23707911040113,3.13909699307147,-2.52431706279392,1.37402329629079,-1.18249658090408,2.15854993987465,3.78535421846699,1.0699820683255,2.08655925423374,3.24300299531281
5,-0.557834933201724,1.72478491743503,-1.18430815429931,-1.79295826420327,1.24604001861042,3.06820321480023,1.91711212440247,2.9047099593648,-0.0106346376533677,1.89427569152353,-0.738548950474615,1.05226617018467,-0.466967859123816,1.98311596922236,2.57062280979693,-2.62049993090106,1.4463614363179,1.01820772681668,-2.64435872406271,-2.46892077487853,2.40978168064101,-0.196139442853977,1.53890320304766,2.45417493216628,-0.833039537857556,-0.598111839774526,-0.315471428311878,-1.10854125035676,0.272849650976745,0.160062095982375,-1.91459199395104,-2.75173328646147,-1.57556865750413,2.72589744688345,2.09254434773949,-0.0209456769626885,1.60569012936276,-0.345942175036401,1.9447200987981,-1.65258172454314,3.91134552756993,1.32922265394883,2.11770957249452,0.532909478984446,0.90031573315189
9,-2.65872921191766,2.64011013237653,-3.02718593698051,-2.40182404035432,1.97118237708677,1.87776266888656,3.46115142651368,2.76463530337945,-0.503096796668554,2.12617238437855,2.15290622185883,3.00129616864027,3.18799865594518,3.19935626625535,2.28131612951703,-2.47199405667042,1.91747997373004,4.37531368705282,-3.80339654837682,-3.05548062702733,3.95310693960498,-2.23405794088422,6.73004368110865,7.01883319678226,-2.8137019498284,3.3543397901835,-0.894617070177594,-0.0363853240990015,2.05492729880803,2.52819627433819,-3.64091916172321,-3.58168056100843,-2.57896775759489,2.77779185113212,3.52274452902421,2.56012953357263,1.5665207352721,-2.66387565887355,3.24149289486411,-2.01781350455458,3.03802621502846,2.75794956071727,2.99198063993596,2.60396892623251,1.74311521124051
4,-1.34207169723551,2.10829508256266,-2.09809789719622,-2.33292333683139,1.31965840353899,1.88548588848793,2.62726998735168,1.79305154611336,0.439952922561676,0.473385000792134,0.864325313461991,2.57916398492873,0.619098309295542,1.1650137300406,1.10759613834308,-1.23328182950698,1.36362710473402,1.04475407586533,-1.07662757559157,-0.581163639544711,0.670333491916299,-1.37661692552576,1.32400598193617,1.75768194301204,-0.97093248064111,-0.0560485704281457,-1.60588022417149,-1.79475847083998,1.56585729146471,0.856881962424268,-1.81905195273788,-1.5158057574023,-2.11757384719552,0.213818030201349,0.813839970479863,1.40594681425692,0.0096641540772826,-1.34720850472739,1.41919543561279,-0.538671829819473,-0.333967317897145,1.9756847329782,0.716075594588285,1.00633471003985,3.81987403928986
7,-0.402767728215799,0.575784444143681,-0.366674974537219,-0.994868613852606,0.140249618740504,2.01284483690341,-0.247208467358778,2.06533675876777,-2.89473260765907,2.07565793647938,-0.150161353947004,-0.643400259030806,0.539549336784902,0.654103994954705,1.66436017886416,-1.88376404499487,0.67946349988803,1.41837506424048,-0.317106119296029,-4.50614316848671,0.697824806447967,-0.554431765723083,2.55941819205787,2.79491200690058,-2.89571544809351,0.782635901051291,-1.39581812555664,-0.602516802085442,1.89615664362088,2.0755397270806,-0.35539701727609,-1.97198533097193,-0.906391348566951,2.97731349455456,-0.433103485826702,-0.729371472972362,0.647310690276987,-2.26101529139231,0.747580224011828,-3.80657423171329,2.38058498850031,0.309673068681097,-0.112175654011516,-0.601622371817607,0.686649355739027
3,-0.4908286795944,0.786033446372718,-1.3349102914454,-3.20896317495691,0.758928808032682,1.82573699614479,1.51619754294325,0.399727292765933,-1.11347451671386,2.56359782532261,1.195558587788,2.0885235911247,0.956005036819826,1.35702724275261,1.91226581300931,-1.82864819085046,1.48820187319802,2.60771518927548,-0.318005849517659,-4.66874221865964,1.29071135567923,-0.259679292305632,0.692278460636122,0.779827063380031,-1.82003609577622,1.6757910163001,0.0863725883356976,-2.91614980150269,1.47162113922444,2.26944441604609,-1.87046704488534,-1.83519405743599,-0.950113778318419,4.03533271505587,0.872303334060589,0.473788757472962,2.85293835684678,-1.84465264812504,0.937458160897714,-3.60718381502955,1.84171562954812,0.286974313732157,0.102457113422469,0.527567563068278,1.4506567681076
8,-3.56803291652908,4.0973557113532,-3.64280885227932,-1.91978562714444,1.99152964574532,0.755160384257398,5.20058385814044,2.37171193045127,-0.454530887829848,1.58924043453428,3.84585883714877,0.844409746355817,2.22794814712701,-0.704456336717088,2.59351901829386,-0.155335653094578,2.77709913127027,2.78278645936529,-1.56183026643583,-2.91091099420075,-2.47663530627062,-3.13447915574345,1.82718395164365,3.19803792657056,-0.73563788020928,2.09736847327933,-0.983176349811478,-1.0386265825877,1.21867399191193,0.833722358906875,-0.346960066817372,-1.74445895286448,-2.1020028827966,1.18956601758508,-1.97698915264158,3.86645708618089,1.40020112310296,-1.25386646133621,-0.664841555392661,-1.68837155755601,2.79683752257686,4.76612355445247,0.770251935035221,2.72437502593345,1.08250491093043
2,0.495897359188361,0.116335079509279,0.115133655334385,-3.16101039771162,0.760111403604981,2.59838755245506,0.303511343400828,2.98975787066121,0.776848485307225,1.87846186491975,-0.0020122334316376,2.13219109842705,-1.59624874661925,1.66255274443137,1.12115706809283,-1.69355778861664,0.0554078902519251,0.493925550564733,-1.31221667139108,-0.723800645234844,2.30220533113796,0.0646284433997131,1.13304393363713,0.79718296849622,-0.791074341940739,-1.03116470955,0.0005229821921778,-1.64469511325178,0.998620302653343,1.02449733485448,-2.27874568816984,-2.98911269091708,-1.47402404110707,4.18671814019261,1.38164945186465,-0.279348130039541,1.73513959743177,-1.34730096147844,1.36657657344169,-0.0739748523419629,1.48697736973624,-0.528172550214911,1.53399103588271,-0.516183149499692,2.45222547016158
8,1.41369859215222,-0.254042042756121,0.246214589273076,-2.3931785244568,0.468380592942648,2.96113299856811,-0.47597392858157,2.96686959904423,0.50952573105865,2.49158101282103,-1.04206087530273,1.43696755827105,-2.27942625095539,1.5055610742008,2.63602535332796,-2.84315257585259,-0.398983419422943,-0.093894544017322,-1.96876808410802,-0.836264783879463,1.95185398385821,1.12545009573109,2.95650003001483,3.68161263258458,-0.721342732357111,-1.83210269356991,0.620229688435862,-0.898527335890479,-0.168403873011864,0.514554722448112,-2.5460548152908,-3.08670313835542,-1.88747412181371,5.2073731387429,0.503462235829034,-1.97413881356905,2.38449339087593,-0.639479761931653,1.23763776609991,-0.639974407171607,3.28365955142996,-0.674612906321562,3.11745836972522,-1.31668250601936,1.5614357929378
0,-1.52320103733061,1.33725054441211,-1.21508741524254,-1.26227765883893,0.443963060006515,1.8988575935808,1.32397114332796,1.26310266210226,0.850287299750189,1.84372447664566,0.206877784709432,0.436926059665234,-0.0761007672247133,0.513589692850998,0.693417800214255,0.974477056481664,0.956599069631335,0.178644182531136,-0.980233996865839,-1.78537228347337,-0.619424475659442,-1.23642034521011,-1.79431776452748,-1.105748020842,-0.646877850582194,-0.243210786415439,-1.28627976074094,-4.1071276163278,0.406530865034614,0.668893913686855,0.0217463814275435,-1.37952979485357,-0.457655244781749,2.94014460632099,0.0942366299311571,0.226800266332798,1.84514425450286,-0.502873003353779,0.408511557074232,-0.880115238262484,1.03302542317014,1.54755990915873,0.775698039023067,0.465091342064647,1.56098539234279
6,-0.956693465451325,0.921651006717415,0.594596243026423,-0.782571032687229,0.445468009748571,2.00513908287732,-0.870944737702182,2.18854623506768,-1.72263814510149,3.20311763179124,-1.50749690696949,1.01935803176703,-1.96208072555561,0.52201556801288,0.672123199808321,-0.72973157200793,-1.12212112291967,0.410008874377954,-0.487164924552431,-3.11193836359019,0.939881986466406,-0.86177038866536,1.75749111357979,1.14311538573202,-3.8374567395321,-1.37089760808315,-1.62120021538717,-0.487512452585148,3.67342832681138,3.69990814390289,-0.342879195654367,-0.527579196016204,-0.872953008978928,2.35326029345135,0.377857730605552,-2.95768804825091,3.11590624037832,-3.36611739825652,0.419019653487043,-2.26395180386506,3.25153008976765,0.306697836343108,-0.620577346396686,-2.14656706302565,-0.410216169849197
3,-2.23083284386981,2.25098498104025,-1.05981667675619,-0.265405901680479,0.883389698697257,1.7831861694914,1.57200831719656,0.653114777152166,1.88485537222235,2.2483871544048,0.975003928278879,0.992458993368966,0.794197713572837,-0.458786825992706,0.0889839090061301,0.489097202830212,1.64935842551241,1.65159779454807,0.586771822849353,0.0805920338739704,-1.12418537477735,-2.10977965567548,-0.0512738644371111,1.83905337948805,-2.05040763843013,0.623830058748434,-1.54140397641793,-3.5582598321025,1.62922906803144,2.35086161125114,0.377535641449245,-1.3621476098043,-0.688560855739748,3.76458522653774,0.0875345466379782,0.855486629474541,2.31737100626937,-1.99538023834011,0.141622042883616,0.46049667461167,1.85676092766437,1.82056738006879,1.07687269680784,0.577682577979691,1.90686003742987
3,-0.877356421831739,1.58599640113365,-0.66890901087305,-1.26676489790227,1.17264752323806,-1.1389103618294,0.815891413420762,1.07973153066255,-1.15619686435252,1.23394379995855,0.47785815661046,1.58023041160037,0.353969495421324,-0.218933076710589,0.932977285582549,-0.735568713292322,0.927699353984123,1.57292108110969,-1.40610161386846,-4.14983720452661,-0.813364350017015,-1.00530040684338,-0.200434372104514,0.603323118362365,-1.30194222850851,1.30497322664998,-0.60753270171304,-2.79780961828797,1.01286432403527,1.38826535802663,-0.728001569772036,-0.409015396684996,-1.10287466022049,2.10486152324504,-0.393177472209728,0.631994955404364,1.85833157656589,-1.0304867809656,-0.242300315775174,-2.9959182227488,2.41253968068423,1.26919952950679,1.9494774063631,0.366998139856423,0.890602010959226
9,-1.44755359077001,1.16892871854431,-2.51929649631661,-3.10739581438561,1.31609153079936,2.25370818997981,3.27127027829306,1.57075601973414,0.470346413896196,4.17956497482543,1.02863346644286,2.18429406653224,1.29292648318463,1.52030296934176,1.42535786608272,-2.65782382390288,0.839054483223016,2.5265054936341,-1.87456157347907,-1.58945964076521,1.49327037863399,-1.26921968881193,4.70244623317313,4.61729104675001,-1.68091736528584,1.3043981467415,-1.21161064624316,-0.373833750084332,2.07141194875047,2.63089148661208,-2.85776374715064,-1.77081349993576,-2.34051376038712,6.75820300691709,1.71242696332303,1.98379661141658,3.59371621232581,-1.91849927315902,1.49801549578502,-0.68923170865068,3.50513697670991,1.44561857582176,3.46473005245001,1.35366819660478,2.78154262569628
6,-2.60637738360572,2.5749083727004,-2.29740247184531,-2.00761421325127,2.02569677779274,1.81509266231409,3.36484192077803,3.15383184491655,-0.0116679831399347,2.16809061280528,1.75442059197944,0.576710108016279,2.01763940525349,2.10622439220103,3.72421530997947,-3.15389084480775,2.33821848595754,2.55781085627902,-1.40219128372607,-1.731988377759,2.9101511899274,-2.57718027558244,1.84456580494995,1.85442533987444,-1.47399679694883,1.67856750575588,0.993273107014384,-0.555210466019441,0.325626837542765,1.36468733110525,-1.94415560424722,-2.57649110336086,-2.65622637487483,2.70400346309307,1.07724465270032,2.0859859651344,2.48900022107429,-0.884928582150071,1.56678251155369,-1.11435473273922,2.51413370312451,2.72499139026617,1.65467622083246,2.04304557873697,1.14908166242955
0,-1.62271946473306,1.64998395329563,-1.93960662563066,-1.31352120420245,1.60251368796478,2.30464750010384,3.80068148366781,3.31502837180032,0.0097790617062125,1.4532231702187,1.58242332834974,1.42842232676689,1.71892004117763,1.54008090201994,3.1376693281194,-1.83398091261385,1.54139999027349,2.57522311384893,-2.14262399648514,-1.39026919012374,1.90181201238692,-1.71468899069575,-1.39988984706547,-1.19208030476148,-1.71938214155363,1.82116531301273,-1.97361230742281,-2.77049436060236,1.4881127614531,1.1786361577454,-1.86197615462203,-2.61184965943092,-2.09419073135062,1.63452949833402,0.190471796478411,0.734600554599868,2.49960222545485,-1.37052118485916,1.01812444955545,-1.09069419930271,4.65450537281414,2.18059872733644,2.02949974878959,1.62521076951972,4.6789455630912
1,-1.26989496161808,2.77663069002155,-2.76634367135539,0.34754202580404,1.3376093518034,0.44292019489638,3.30259739854386,2.93385048296807,0.586440084553445,1.60574890128339,2.54920474152033,-0.201216954818279,2.09280461560493,1.14955614522243,0.956692396334653,-0.147207842174688,2.19824772820944,1.5602947141895,-0.6276586214113,-0.19504352222264,0.800487916185651,-1.81163094993189,-0.624933366451823,-0.494860807254635,-1.00220562238148,0.830989390543114,-1.336151481644,-3.22166779395908,1.17500771368063,1.1119719892081,0.0571657951379865,0.112438524384553,-1.98633278060523,1.41224229409714,0.329514182301953,2.76224399965523,1.6359006031041,-1.30714315587853,0.461727839807609,0.175569036063206,2.12395662069959,2.96355752548032,-0.990528285864688,2.36458755864129,-1.63506743954037
0,-1.26338640638675,1.03925492623232,-1.90863528420533,-1.77623159029835,1.27743507214877,1.32144739691556,3.75187539004582,2.14990488534191,-1.09969354174359,3.99386965975525,-0.042829070390758,1.68602014638837,0.66006224602104,1.06196636269228,3.36396517492456,-1.74377975862186,1.94094244107401,0.916118831102001,-1.67915473158482,-2.20267842321826,1.46872013966029,-1.50283956951716,-2.99693206290453,-0.537398122567684,-3.73100530150237,-0.187627944569833,-2.82639165880617,-3.71476191226914,3.15151388713452,3.75874621047963,-1.68097607862157,-2.20399709667412,-1.71595786422976,7.87905322378235,-0.713205467762397,-0.225224447652733,2.74606334474728,-3.19382982323548,0.634196936028636,-1.73607134578941,3.78074558823577,1.37974462372158,1.24498600331477,0.810883748822964,2.40157402296511
3,-1.75572746080263,1.78454914831951,-1.47212076805122,-3.76737662033845,1.96479362824298,1.84245522589946,2.14133045248254,3.69700714088346,1.01410006064582,2.53949466170191,0.010712996882803,4.48943047823852,0.359768730447783,1.65114339344375,2.53680343395702,-3.51083167332664,0.955718148433926,0.859855675317936,-1.84579886517981,-0.394442777059528,0.607064041510432,-1.27850468415851,0.664469921563523,1.08624456146883,-1.82020233743219,-0.0576161854886903,-0.205432665017813,-2.13167559527762,1.31773517650755,1.34475756000871,-3.70763103580947,-3.58040818699644,-2.33643325611294,4.76417049824858,0.746382546347296,-0.796404862321593,2.37441837252535,-1.26599961306413,1.78031742774169,0.215204004963623,3.2482315552127,1.64927152114681,3.71156679288228,0.485405401564908,1.03538715182976
0,-1.97076830708878,1.37615879437784,-1.44830027387817,-3.03583396721862,1.5990326255458,0.930314535278178,2.63930004383711,1.90801013153512,0.936792520885781,0.921462119097805,1.48858579992791,2.83128024841195,0.462224513004517,2.19989576538388,2.27782001154258,-2.42681329284521,1.24528112236472,1.30989227031609,-1.97041157607566,-1.88302919839922,3.63953557432506,-1.82776021892131,-2.70995157636817,-2.2901032033776,0.322621795148153,0.34367649062913,0.838428743667134,-3.72419728503276,-0.457830504234519,0.376901751177569,-3.3269566161858,-3.40748209018117,-2.25409723712954,1.2619556584932,2.04805053735207,1.02282586819674,0.950517994811246,0.30122023206554,2.28383924273733,-0.82490316500829,4.19913804886441,1.47050547827249,3.61994174819453,1.08978042912642,-0.503688786204725
4,-1.75233778371226,3.57575379233871,-2.36640887871777,-1.32652335263403,1.99594351442043,0.0005424118266383,4.11677172525275,2.46630626295176,2.12443809713101,1.76757296088972,1.24346068062513,0.113742722761362,2.1951493788857,-0.604263353338292,3.03653344185486,-0.335509858316139,2.38582551960663,2.65125983241968,-1.76568997378482,0.0475108545245685,-1.84477465249123,-1.77818657812697,-0.0226013116159824,2.215626399188,-2.33916410642124,2.30911249509178,-1.58746385107137,-1.63434031531954,2.00396188314812,2.10675001573628,-0.525696952123636,-2.25263437447842,-1.87449990791463,3.00476674853087,-1.87298245979826,1.13753588352165,1.7131590068787,-2.0681336650999,-0.68641397036291,0.711398781270516,3.95724954449618,3.82761222828666,0.948363051152341,1.93761137149882,1.50577430809736
5,-1.85351179272303,2.67876376561078,-2.04471372786489,-0.375494106013129,1.52303058215525,2.63836426793279,2.56023190918448,1.89246989534454,1.37282297163842,2.98230065142279,1.02956577366446,1.14361217855807,1.48839034138155,0.376450550990459,-0.835048284234739,-0.865847109859694,1.41249076168066,1.59806504258491,-2.0196312453892,-1.35677195134767,-0.508115351418889,-1.86179487859945,0.920023620245554,1.91775158177964,-2.35890430779651,1.3289468960789,-1.17639181842184,-2.78929426084937,2.92404861563978,3.08832755153094,0.409267138129875,0.494910178360579,-0.878035718179237,4.85867630422464,0.592751078019417,0.876141242296113,2.70414182846247,-2.62872547573823,1.00917599456643,-0.647157616760698,0.675391648559654,2.96851289198816,-0.034997876172494,1.10387512472173,1.358096400142
2,-0.516154039667168,2.26737151889305,-1.46469391225929,-1.7607995264502,1.20134278330142,0.926354563818331,1.49686974352707,2.85577182452248,-1.16234410782085,2.93858545892666,-0.183628160525805,0.733648694695962,-0.778705470351103,0.454403783290416,2.68390860751161,0.081489415156542,0.30591692653288,-0.0077162955318887,-1.09778660041247,-2.755077174336,-0.798829327800011,-0.977131368234942,-0.706732068887251,1.31673028156484,-1.92878778838046,-0.860512953357981,-0.918191915131735,-2.82287526815435,1.83512830452692,1.86300390957268,-0.975576650974981,-1.05908890662651,-1.67630658060905,4.21805931579191,-0.112510975315743,-0.586359069014577,2.66916010639632,-1.99542133035199,-0.0657632146954645,-2.07641634860288,4.06274420023402,2.16958302600091,1.0341384436647,-0.045645776213788,2.3346626143029
3,-5.67953033005762,5.73727832929915,-5.55469743202144,-0.460400649064512,3.1597096892342,1.21116689936961,6.41552525746999,3.62202200538809,0.487276013619586,2.20792497956049,3.74214122274759,0.92966987153436,4.38562456842338,0.526418665153217,3.01691101591545,-0.683250942194767,4.4111873464627,4.32306834735216,-1.68195443981056,-1.46749591166505,0.319553744515348,-5.60558237005183,-0.877525813472237,1.23692444868218,-1.80334162980983,4.48470161800087,-1.85041406538179,-1.9653743600912,1.82581646971023,2.09953713524704,0.411554916552174,0.350034250466382,-3.34420813341229,3.25705444740797,0.45925859954123,4.63314121011298,2.61038229917055,-2.10223942689035,0.332949241931492,-0.704822812870051,4.59445593946735,7.25478229619184,0.663923356015372,4.42704015381603,1.2835948565775
9,-2.08208929527221,2.49497325289436,-1.60452056218923,-2.30223535471064,1.23274469089036,3.19986749441311,1.65238607739759,1.89513243799266,0.150457182513819,0.996045196718768,0.464784724469725,1.16151263561903,0.57393273714378,1.20167975199992,1.80014881438309,-0.907813052772282,0.959015563159589,-0.506291980254469,-0.736603937250758,-2.13983747070619,1.22890056097977,-2.13448551149442,3.78785190176225,4.02796026721013,-0.587129720624855,0.0831749570865376,-0.0452252635160243,-1.28499339805728,0.698736953573268,1.02515989099694,-1.92165164569193,-1.99416326862449,-1.66791429954138,0.293266217524768,0.407076430359899,0.275080342641102,1.00572021459081,-0.3609853506344,1.60432674969705,-1.04571961044401,1.31767255576668,2.52657246877608,1.5892799491401,1.03208329453475,1.7802383998871
7,-0.260949860350734,1.81789053406205,-2.41695604687171,-2.57309026432025,0.991888599376794,1.02400891271161,2.42036991566314,1.68040228708246,0.348363198758986,1.83526265142455,1.54633222110434,1.23280255365385,0.643296153928959,0.196587416586503,1.08075997171194,-1.73116476235467,1.65864638366997,1.45777027368977,-2.07648409558961,-0.914068157943473,-0.370242524055252,-0.990609534173733,1.91017257010986,3.31051140816737,-1.28024978106416,0.963708690494338,-1.70975292768644,-1.69097821406987,1.27724039135052,1.93623684814464,-1.28470670162225,-2.02234834728953,-1.0397938393347,4.5370778858785,-0.709595759810342,2.39861459211836,1.42178939044346,-1.4928097992876,-0.275126428447098,-0.208957081513305,2.74246225225398,1.6241902223135,2.26477818433655,1.36772435421213,0.409293939129597
5,-0.962608626096882,2.34066897078997,-1.63432778355991,-0.0005564281657112,0.971620773282197,1.10357647311446,1.55552921470166,2.43871041851158,-0.0749165160425734,0.429945389023468,1.07587955623128,-0.201756715505311,0.949445533462129,-0.397305823880691,0.62797917261432,0.406956778781633,1.50458125221151,1.56501979488998,0.629158928319024,-2.73959933948728,-1.11525263776052,-1.41010820912952,1.16017193304583,1.66415860561504,-1.04108064154639,1.32693962675117,-0.827139585158395,-1.94892320562245,0.209951219625692,0.777141633440243,1.08011169155894,-0.857642720206753,-0.938196337784694,-1.33227365499935,-0.352733091819132,1.09379042343661,-0.158566281055867,-0.912836714537595,-0.922836060607512,-2.008156648068,1.83438097410364,2.46680968046878,0.0624821884197132,1.14893318656467,2.22729452013978
0,-2.25023804565372,2.04378395470994,-1.2984751210743,-1.49780873251869,1.38401967184359,2.12687898848199,1.80673918040703,2.11519942517265,1.17111459922442,-0.556698200634143,1.92197285772989,1.52219262235833,2.19237590625747,0.360894562588648,0.828892084817927,-0.523959709106889,1.63647258669739,2.86817994626804,-1.89894395191396,0.480656064434749,0.245855887879911,-2.25013332322011,-2.27588854861772,-1.82169370284436,0.477152719613598,2.79913243370509,2.0220483475195,-3.94368714613505,-1.92493401748143,-0.757143497751652,-0.94101434108918,-1.28894669685715,-1.36536905859366,-1.20924007529315,0.662147874527478,1.47544963115996,0.259638389393667,0.542335429393997,0.524006952665608,0.625009887181883,2.74043347385045,1.99616062382202,-0.445019797400795,1.33480671660494,2.15902516121899
0,-3.00587214678557,3.11816975418993,-2.54365126446702,-1.51098618192253,1.49597437949072,3.78743411177789,3.95730242828887,3.05191873868802,1.18911314677158,1.66114212717475,0.857934603537297,-0.282119644634595,1.73885574171021,0.337543995479334,2.75763452746952,-1.33948735648464,1.52470829902736,3.6260918962927,-0.694294021536224,-1.44664506031231,-0.0557805470332955,-2.89942168751328,-1.93220312408642,0.267887330998218,-0.314765032585438,2.56011072440755,-0.191222037200138,-3.24127291554359,0.403634160901108,1.34663346849559,-0.206092796460205,-2.29991022831063,-1.85214489449581,4.45138626588255,-0.476916908783394,0.908005713967301,2.47461415753883,-0.421040530800274,0.379095173622559,-1.00732893059795,2.9124810154771,3.22790575257018,-0.817176118749357,1.55698154975314,0.936888951174017
1,-1.71903204035963,2.16656401275259,-1.59386243594034,-2.66199694866148,2.34630819914392,0.58757379553182,3.00237662009224,2.16459162404396,-2.33012957706282,1.3908858542217,0.310505824161067,4.70084529777094,0.975205057361561,3.35422067702818,3.32241744575427,-4.13715882379418,1.13870440953965,0.972383228058135,-1.66720068506626,-4.6944748942763,4.04085162249754,-1.15915229835507,-0.223825111095382,-0.583276612081976,-1.18817967582317,0.475223461858024,-0.0628424745019048,-1.35144808554619,1.17629938068864,1.43269719276042,-4.70755897518408,-3.98370118832603,-2.93569702253306,2.48856283199206,2.45200328265364,0.862378624791898,1.41759412911643,-1.23206347625308,2.74254008667314,-3.37582941903876,3.45925240163362,2.0437307669204,4.57465916581045,0.651111455667233,0.18563606669823
7,-2.55588810514221,2.65034330604675,-2.18380576650972,-3.09306721158285,1.93320494886271,1.89331837819009,3.37955082387467,3.86255743403232,-1.14582281784599,2.93045720131686,2.07953444002274,1.95667753422683,2.6620496509972,2.76276351702319,3.44797356239399,-2.52028894228439,2.61915622990656,4.43989767902314,-2.36081702251946,-3.36422222090764,3.9786191929208,-2.47418600936975,2.65821475706308,2.40908979410273,-1.42009142120664,3.93228247756335,-0.87794035357935,-0.481809395593885,1.67576522579528,3.30657463248967,-2.73820773990718,-1.23947383982345,-2.92354297766987,5.83602407561173,1.88385043573119,2.0198031195845,2.11312912209792,-1.59932232469373,2.09788010052595,-2.8045969335356,4.04193936702488,2.52010297801003,3.66881620042366,2.5605989950404,0.595041624064257
4,-3.11678982094268,2.63488608427167,-1.36857784056631,-0.0437049730346548,0.986830059073829,0.656608317027716,2.10749985182166,1.61355607363167,0.593347144351053,2.88663486518752,-0.886585485732411,-2.30102341369198,-0.114046020640334,0.670414711794672,2.43560915188438,-0.0821690357419887,0.743749692604019,0.290317854182713,1.11799456302062,-0.811767379894234,0.839797657223091,-3.12425185124712,0.123290795755497,1.04730450094796,-1.83905308791364,0.0300704634683582,-3.81457601074719,-2.1406543425096,3.5808627273886,3.19980387101448,1.39347477119867,0.190007257069421,-1.12768282953722,4.63666924004375,-0.270499462750822,-0.536427797647546,2.25599032616069,-2.52054713814128,-0.38278630690224,-0.671201543938252,3.60190904053564,2.79357405023773,-1.16436379455252,0.43650821106366,2.184922320561
7,0.710114084332611,0.115915397486663,-1.1338061259277,-2.27524069206967,0.347025080840783,2.51415688361641,1.94405934369634,-0.75587896093426,-0.523752476184592,3.2879788324465,1.43832029070413,1.99787871838999,0.958200396189951,1.61009450180149,-1.36939541877855,-1.98089750737952,1.27108647285105,1.82867742876431,-1.62151271716177,-3.96851707167823,3.07826135297001,0.487817752643996,2.68047785644924,3.1334202117973,-2.28047490297024,0.927772588448109,-0.563282842412321,0.545027425194064,1.43867648861699,3.20776336554567,-1.4907550531119,-2.1172472309057,-1.0423640126455,6.17441339355844,1.9107850513894,0.865415268750911,3.10284056882735,-2.40755194084145,1.31720041570228,-2.84153813344537,0.556054718958633,-0.312253499990015,0.267964631924062,0.376527501091311,0.96004763189591
0,-0.995994429386323,2.64922050334706,-2.68170440667942,-2.78358239532111,1.59244402174618,1.27613295573916,5.00315655239033,2.20673668163391,-1.59170869192483,0.363994289422463,1.79839004086914,1.37590526342025,2.55409312183723,2.63016207113287,2.70771505238741,-2.13707175571192,2.71197860385659,3.65533414331923,-2.90343015071556,-3.19021204148628,2.60629619678641,-1.872515395779,-2.18742165771336,-2.42015532774293,-0.250793502499452,2.53252230065255,-0.315435622040381,-2.72568780883743,0.873245544262567,1.13807622100766,-3.25007085313513,-2.93994519405611,-2.47843430076119,1.83494679304217,1.9307440784562,1.96994181679818,1.33015287396627,-0.779410762876422,2.62106166769517,-2.87606343760259,2.81811646636948,2.70301009837675,3.94619377647031,2.05337060007447,2.12519606365836
3,-1.38555311887029,3.09186202663765,-2.21001322532097,-1.65026504907089,1.70843416448739,1.83454006445779,2.90572228295068,2.08611959780737,-0.224152957710421,1.23101114611988,2.59313093893015,1.63014545724885,2.03654782903582,1.41186215884735,1.13213987108771,-1.12555179220685,2.93529613374136,2.92014683904638,-2.28467952489783,-1.81269153647723,0.844955502121436,-1.5552238406493,0.34902757510165,1.01269774129048,-1.11402335932616,2.4049567823758,0.550393946570137,-2.24854758925129,0.775385818925059,0.863402228037124,-2.20712106198646,-2.70059551968177,-2.14448612761641,1.1294416614793,1.13252289837627,2.56562170074321,1.66869168960553,-1.45593927666803,1.39727905518568,-1.00622458778029,2.23562008032129,3.27339204977748,2.67832241924316,2.05809620559143,2.80826036232919
1,-1.90575722134997,2.02364231693054,-1.29468919922956,-1.4979724035717,1.51777638330838,2.99425065687904,2.03963907784545,0.753100248596677,0.377620476166017,3.14380148394619,0.795496010767164,1.41634836959556,0.0104679218516395,1.68983747286744,0.880439968357082,-2.45721860871962,0.930026878613001,-0.277605788447422,-0.800565492910774,-1.42407781509123,1.95251389428645,-2.0985255235358,-0.769770783498952,0.686080846911678,-1.75399913038248,-0.506584953758642,0.105392594985926,-0.805865608995334,1.36848650813712,0.828379712678125,-1.40737164357338,-1.28952935728981,-2.00323793404815,4.94252625588505,1.60301090210027,0.963076877288158,2.7577502934478,-1.51088415239251,1.9348839829249,-0.634681415560685,2.21130567710964,2.48732045437686,0.517551464120424,0.813605558517598,1.20913992389296
5,-4.00572715473344,4.5136176282696,-4.09681347353607,-1.01286315236471,2.23109211651265,2.61767622480649,4.66991650512162,1.52066235436523,0.297382760212047,3.18807203920932,3.52371198927929,-0.142231827423114,3.11054612674168,1.22719398082921,1.46738230807737,-1.77171523725127,2.97049987203278,3.16354149029665,-2.93071638568515,-1.5727148618663,1.42058176843523,-3.98020414076013,0.319879124397397,1.76322750754486,-2.08370775692819,2.96697321522673,-0.748212276809803,-2.52872873556016,1.9461827554713,3.42675687066058,-0.404267968700268,-0.0384442271805355,-1.72451509461759,5.63755117902648,1.03944792775057,4.34019255188606,2.5408029195031,-2.04801783035644,0.727342227212034,-0.985722456293218,2.14670927174893,5.09404908852476,-0.0858758214781201,3.19407020105712,0.935628854568607
4,-1.74845853057988,2.08701434433027,-2.42523391923354,-1.27583311600193,1.60416228965393,2.24333556963293,2.38743521825722,2.89031857132769,0.0483546792675024,1.84923785081474,1.95320697115351,0.123515170165059,1.86334227220444,-0.0792824684525062,1.85329761217154,-0.436182840425322,2.04407836167069,2.04553845566259,-1.63257796983981,-2.51124876757436,0.569062049972917,-1.8429356960655,0.288766931496976,1.7514958530543,-1.81504676624857,1.74892502918066,-1.48772670941283,-2.92738125769092,1.90790004951638,2.44178926143293,-0.0021893767570562,-0.592974010862986,-1.61369705894223,3.94628144451921,-0.673232129663511,1.74457379026404,1.54061132068851,-1.65052763493572,-0.264924736681323,-1.72564541534849,3.585395909486,2.76650899880604,0.465001251464606,1.67284802099571,2.21345794499016
6,-2.35214667655431,2.40106800172191,-2.4113472140331,-0.283191589293598,1.25509971632929,0.576270133750318,1.46990589997289,3.75219776709332,2.61352012706765,4.97519253443832,1.06619155713364,0.464742448289302,0.62377886591525,0.292451663577089,1.40585942190461,-1.73518054761604,0.83016898921898,1.41369408688646,-1.3837965973838,1.29750836901481,0.298523327162861,-2.18008642693956,0.801413665524009,2.54903176905688,-4.37796380471811,-0.0262630798991683,-3.02214151223002,-1.28714088039642,4.13265112577509,6.43751389847746,-0.0905034585140505,0.112126303813717,-1.64924034090361,8.16526144046472,-0.543699957479845,1.29766925747496,4.40483952631629,-4.35858821872847,-0.329319110794302,1.41078183872753,1.57007704470144,2.57465395360316,0.0403787901649813,0.56020754847789,1.98716159204712
1,-0.185812552082565,0.226582787812097,-0.793043085852794,-1.99779073066933,0.196456135867297,2.46001919510111,1.72458538395248,1.41298255130897,-0.624178715574608,1.33416246348182,-0.202894922735304,0.0475435738399375,-0.408027761913943,1.18091406205002,0.974633208983984,-2.718134497872,0.717776342870168,-0.0985869763782911,-1.22987300903373,-2.24999571848652,1.25471622927344,-0.565060574851155,-0.0162954647877029,0.0308441634690033,0.751105525884811,-0.462406931283858,0.494896786512621,-1.66472634931605,-0.106441031305871,-0.0559587086040028,-1.51745264987442,-2.77189320710011,-0.489901936718132,4.09968865347689,1.24880131918261,-0.600478558614757,0.79422844558703,0.519231962997343,1.06383526937317,-1.32263113578578,1.75361009216579,0.337964605340079,1.96691345947468,0.27610050593326,0.694473971248371
6,-4.02346484812077,2.1088202566338,-2.94542888690953,-2.86518577141794,2.32321573461631,2.95636142505096,2.80580791110918,3.36314896965434,-2.42469420730178,3.01591073617627,1.56276923789576,4.47139883931842,1.23894211458519,2.22207237637348,3.25109550577941,-2.63065993208777,2.10740215595309,1.25361049506975,-2.2594967238906,-3.45102706744834,3.29394222964545,-4.11169241889438,2.35475884817996,1.90431735660283,-1.90693537505471,1.28618033360622,-1.68298895970617,-1.44918052991713,2.2385174939377,2.25956014032268,-3.0968545820853,-2.24323635565877,-2.70387874364874,4.3515766300426,1.012875683094,1.54219781551512,2.40297999511139,-1.90097536557995,1.49235112891942,-2.77961179099565,3.81589366736885,3.10798245725592,2.66270213979488,2.20497741338925,-1.61854457784296
8,-0.0663230652270149,0.627234526743384,-1.64081876336598,-3.26180433319031,1.27510920635828,3.53131436940862,2.46115047603635,1.81613703712692,1.13006547105781,1.65345160098159,0.819439666596629,4.19139839473517,1.38814248376971,2.33607735983729,1.29349991321677,-2.92223462107927,1.4227045053668,1.37946793380042,-3.4132937896064,-1.1824454585925,2.72863073964087,0.0743297227275885,3.54071289939318,3.28253217090761,-0.739302945687563,0.864101164857055,-1.43336645171327,-0.691589091802403,0.997246991838372,1.77033148855029,-4.02022806734292,-3.66686302827162,-1.4033494685335,2.2507269040332,2.05739137863868,0.864728395617244,1.07765614692196,-0.723360002763273,2.75546662188054,-0.769896253293553,2.63569442700525,0.742943018676653,2.62581217212415,1.4625108996608,0.386248771998223
7,0.408426846400553,1.07772850785268,-1.22957486789644,-2.57386199820421,0.867612088344941,1.54515380674462,0.355259148326971,1.53407286067887,1.04193086196374,2.50576613427941,0.535959124115609,2.11922284915056,-0.210713057203164,1.4185230024256,0.800792148647317,-1.76140653669127,0.494154251445869,0.338029678110642,-1.40112115295147,-1.38942382278225,0.862610933753537,-0.155741189736278,2.02931904511834,3.84291778469953,-2.54033013443324,-0.168036765595392,-0.801249115911703,-0.0483732693196735,1.81245338938343,3.25066967313424,-2.72400963781614,-1.50133121896352,-1.31255463405975,3.15888655278859,0.209562405266618,0.162138572532811,2.36406594419386,-2.42642465151539,1.47077466587265,-0.29714440218392,1.21133664237881,-0.229469465742064,3.17385160536101,0.0160609635439193,4.71244506401832
0,-1.97161732885502,2.71773848785842,-1.89168606349742,-1.95534991179351,1.31204276875789,0.499266256627903,2.54692326995727,1.03224339106335,-0.513289989026432,1.53299890699597,1.53847110708086,0.950884496499343,0.980512175175999,1.09673711484185,0.226396850496489,0.0506497774363361,1.22158500682779,0.431075313054197,0.149617419718876,-2.6452376674958,1.29471012816872,-2.09251205606302,-3.16648013308748,-0.900723360992058,-0.864691277899722,-0.0436684323459725,-0.638203145838812,-4.13155165926638,1.80346381544828,1.65693771784691,-0.184483955105222,0.243485458009114,-1.41452134113123,5.23696205193058,0.683237096277268,2.17493277053611,1.39165062542825,-1.09428097916908,0.277440254569611,-1.93748622470807,2.64992001737011,2.86154865440225,0.222888156216004,1.1769970166587,0.549681048285547
6,-1.99225678631039,1.52457925175218,-2.95723968797859,-1.76658407310058,0.971560086965544,2.39998721663567,3.20368224806329,2.61365458610402,1.06596038185529,1.83856485819729,1.98717297166652,3.11233416105878,2.64513365609448,1.83862978752509,2.98778905818231,-1.79886369338283,2.44376747918318,1.63763865219925,-2.68999222740916,-0.173711541624283,2.56183837415536,-1.68739279054034,2.06793676793383,3.2978385801682,-1.07890808348787,1.31171282412048,-0.738456827545098,-2.0818833862335,1.44087973417627,1.31396802886373,-2.71785453917737,-2.71249381520271,-2.26804534426019,4.13304933737271,1.04318951599635,2.04258673387597,1.85205240916051,-1.17069039743817,1.6005173495459,-0.162802770087728,2.80598505524518,1.58944630269876,3.61558924890556,2.5331989926146,1.78373337986653
4,-4.12796713615233,4.03156972197952,-3.32086859545935,-2.18251422846378,2.07890968556903,3.81504031906291,3.47590168581317,0.46565920870889,0.918777021770089,3.59263382399915,2.0151361797438,-0.100979841191014,1.68694674109716,1.42764859846597,0.907271637993892,-1.13845507122933,2.4217082750077,2.01629672481693,-2.3031819228604,-0.701806147355215,2.45087827648924,-4.05145768394364,0.165390284600921,2.30175950559075,-2.5272886727476,1.08885503861889,-0.806214049865367,-0.97239277176352,2.5943492914352,3.72646942539585,-1.3332037501661,-2.19532854484875,-1.71267895248559,5.85307561745803,1.02858458900043,2.56303523798867,2.73329225781628,-2.45569536176625,0.628012150942109,-0.155964047567988,2.54282696347119,4.64885587492202,3.33367533212946,2.23357315548494,2.52854488327272
8,-4.03880262116082,3.20713264989865,-4.19001071382953,0.282646200853998,2.67147094942021,0.35760704479633,4.39809053857501,1.96919518576214,1.89434099255446,3.90879135910963,3.61752997073573,0.127132227415498,2.59487395809911,1.09799438595654,2.08261253963552,-1.71858333796994,3.21013734230802,2.96950817792372,-2.16922259118423,0.919253682160682,1.78605325711187,-3.55880252575544,2.14093438997977,2.93554400047931,-2.11171691100602,2.37893597301774,-1.24076671057746,-1.5203776918126,2.11070137496467,2.88396979613515,-0.517423237638186,-1.02385661107978,-2.25209098894798,6.43143254494442,0.60917773667223,3.96839663292371,3.44014872681042,-2.32539112839204,1.11810988139588,1.37629553726828,4.43392632580248,4.48663457370433,0.787902123621715,2.8626732350046,1.70670504137429
3,-3.69592537072021,2.28235070041309,-2.02382928510353,-0.149046390958097,1.93889886765013,2.6515096952174,1.43980753633499,1.65372397577571,-0.257281713766733,1.17298803750605,0.991564953839644,1.60962609977086,-0.266070656100823,0.88943378514756,1.9947905050683,-1.79653939139329,0.498086136469299,0.63075444546477,-2.37016107694945,-0.324779803236305,0.333627785099303,-3.26411193219056,0.398357997660299,2.12880766599874,-0.655035329773643,-0.0941796306400313,-0.351564262309356,-2.8522017018857,0.942526980554423,0.887033862503751,-1.16540116999547,-1.16912699550859,-1.87419456473809,3.50027538347377,-0.0966963330784226,0.585051366619378,1.19182209666556,-0.862348171327762,0.30821677881846,-0.0280531629667785,3.77722342083755,3.10649024353653,-0.112590975922467,0.511211548078366,2.32007570461013
6,-0.138966495058845,0.826053591249798,-0.570107766739633,-3.25184812122425,1.20251652602406,0.439002047828542,0.295837163668348,0.690745645159632,0.256839912594376,1.47123019266183,0.164101162850002,1.63262981203326,0.0403554867749438,0.554465955930164,0.596451770735187,-2.88583051323154,0.70570616873293,1.1270086553779,-2.98382064893011,-1.91681546248395,1.84726612531282,-0.368078526845794,1.59714724439096,2.34000001874784,-1.97159029923981,0.363190984149482,-1.01102625144628,-0.851356713961078,1.36735702245954,1.87682677292127,-3.11974935019992,-3.71288914558246,-1.81511347210012,3.4992482271157,1.13325956816714,0.50632990020091,1.25799588075205,-1.32047840256393,2.11663991275743,-1.10106049895272,2.26267342603931,0.939989721206054,2.50963490630862,0.255521666419924,-0.435224772850201
0,0.442966431388289,-0.613688322219882,0.167790871605006,-1.47374362706927,0.612062985363905,0.866140352540425,-0.666887207976275,0.199116344467886,0.0884896799537237,1.89662778368783,-1.45875459130112,1.04995981223693,-0.889198666738308,2.31291177800979,-0.476172108922534,-2.33397283158857,0.363877263121663,-0.316724334997073,-1.98083353956623,-1.72129519304743,3.11856600701444,0.777563514679232,-1.15487847288579,-0.205651047289868,-0.730331092871685,-0.600278296679244,0.205435944589653,-3.1395392990953,-0.227172272009406,0.978809309185586,-2.3925574743814,-3.37877822993998,-0.912192972087692,4.84587643016265,3.07804377362377,-1.88518467863855,1.56802381316349,-0.700879160565674,2.29548092538085,-1.23904318476366,1.10957521562658,-0.656248673161652,3.27718380813307,-1.00753461778469,2.37791489306067
2,-3.34323056141709,3.72029938995512,-3.51947550844073,-0.651593027730063,1.82579521210825,0.827282564608256,2.96962879885503,3.89030164696962,0.681603907778451,2.15845196170305,2.18223172839897,0.56932029862553,2.55528265977403,0.720104023997993,3.72767550078527,-0.286926291868397,2.26649645285835,1.6489273223336,-1.03271691050224,-1.65350966140325,-0.133155501711166,-2.6031779229472,-0.829676551198761,1.18979173594763,-2.35786018138156,1.23448487153502,-1.46279035602232,-2.34517239311755,3.1322689416312,2.29673440860706,0.306909721034687,-1.23288644954879,-1.8630307076228,3.80843335705918,0.130288097933207,2.1591206411152,2.54819874128699,-2.23343958624384,0.0943581035560351,-0.224993890548587,3.51050245537423,4.09574657986112,0.230090782028384,2.21342218697974,1.72141299674276
8,-1.36000660018974,1.22751055661553,-0.88909097701098,-1.99464980392511,0.999850354269841,1.95456258904414,1.0938827294697,1.76218262407661,1.17330169307748,2.67849870896698,-0.647814974151519,0.853909393246113,1.02587768315438,1.84573201163952,1.30189582449394,-1.57353390704258,0.0701187584687032,2.06491555053281,-1.28329090869422,-1.39225371960182,2.97828452492834,-1.81242200546762,3.00169974087404,3.44866577655333,-1.15933469335083,1.39277644178129,-2.23695298534687,-1.61508121492606,1.81995928409445,2.30277426371875,-1.95147093008605,-1.45116836820657,-1.74437023160535,5.22796764550126,2.08707921846002,-0.548046886454454,2.93047676726488,-1.4576550980267,2.41151465854921,-0.627041291919339,1.64049076045272,1.5783567500581,0.557280727824091,-0.212500254643585,-1.09574839577278
5,-3.04777673237756,3.28626665599045,-3.60966356569691,-1.30220182044499,1.32156632885338,1.75980594730362,4.28588731100949,1.66524356542404,-0.571256195480703,0.750882847989286,2.24344743668768,-0.0400976360924603,2.98594960363745,0.464150684211945,1.92051902195844,-1.43026113633016,2.23505371505474,3.17012430955943,-0.707405957731115,-2.15728459586983,0.872127365786209,-2.74327664820106,0.858305876692127,2.55167886282346,-0.148301533915294,2.54039820496657,0.609220018534958,-2.94846106597711,-0.154954911437464,0.285293031891857,-0.578679664214847,-0.841790892773839,-1.63840252847172,3.0483349844273,-0.510870295482268,3.03699144623763,1.50193434609116,0.0797413726698442,-0.0717758839159718,-1.62053808102394,2.78232982931077,3.44728708269568,0.460585314019835,3.13197039795998,-1.54407149481846
7,-1.68937807608949,2.30549762313261,-1.57805725879246,-1.31940041990335,1.38398716337565,2.015414810035,2.45356779959963,2.23498577289128,0.430299836733391,1.81364122878218,0.980340996780425,1.23205298041369,0.850238693742911,0.61722999579703,0.666288750628948,-0.794065604442951,1.48987631062772,3.38993287005824,-0.0888718693293621,-0.231287704036208,1.16990893776605,-1.69382904213449,1.6765288462307,3.35569770381813,-0.192336760691151,1.80155265161184,0.550476039510158,-2.59895057041474,-0.899152282397741,0.196190042316629,-0.434613719695488,-2.51295456848344,-2.19554178886072,3.63495152002169,-0.0330840980840029,1.70757313477759,1.13223654904042,-0.290332970468589,1.04252084940803,-0.163394045120632,1.83231397965164,2.94831176835052,1.21314278503744,1.25703313873987,0.658596394206405
1,-0.64474649846621,1.36410611231081,-0.36014602028122,-0.835476219880282,0.264864203305774,2.18962505535866,0.330914300662947,2.57579874257513,0.529896344715542,1.98946424718383,-0.0449721689782886,1.55901956097282,-0.209855673086559,-0.21412938492797,0.77731292528357,-0.580462742170167,0.529153799893161,1.21164774369522,0.727872802473216,-1.46507017496957,-1.14114532039976,-1.1674314948142,-0.973928059029048,0.547162384788007,-1.21562384599732,-0.0781406402725415,-1.03586211059537,-1.74248254779892,1.29960960058539,1.69178013755342,0.163181243159388,-0.0764639108329516,-0.939040974104212,3.70546604477631,-0.9448914440578,0.331280206454676,2.79636375138993,-1.94964484125614,0.274891520157136,-0.77850249598805,0.961461114617,0.570072737844686,0.734259069850904,-0.27031847583953,1.23157220502779
7,-1.7226642716309,1.50363734881668,-0.240851027750709,-1.41553887749371,0.822157310583537,1.97400218581465,-0.449034120434394,3.3899243669299,-0.093427523173065,2.00067404013599,-0.452631050656646,-0.401596339262696,-0.876106307151088,0.297083828398137,3.04830508297227,0.0029729039311947,0.367020959506777,0.534481591852473,-0.18439210177693,-0.48319405979075,0.0469682955462749,-1.77366470077956,2.37384458687815,3.51607943557318,-1.72579563330024,-0.716346115977738,-0.361815675722985,-2.24447776694927,1.74964605085494,2.20779880654715,0.707379673595806,-0.397601409878276,-1.65505992218932,3.18615426772259,-0.659369136094148,-0.884885680614886,2.54424225754009,-1.47707284078756,0.456340279590342,-0.145627361211857,5.11750313798405,1.11520949742627,0.830552429282306,-0.812917697032741,1.63511058053373
7,-4.99838684170752,4.41925063292438,-4.10691886952069,-1.18275507423368,1.81055529455193,4.12712985512201,4.01440971491314,1.63259460935424,2.08761835127975,1.96556169333076,3.33264910630742,-0.714727926826262,3.8133368489334,1.15019117930602,2.33095636710244,-0.534695911629822,3.11443864571066,4.43851550897737,-1.35857517661991,0.790147303089407,2.01010317001434,-4.66483458537296,2.05562859650207,4.26537740704906,-0.974494003778436,3.94187787532899,-1.73157552056782,-0.552627864829593,1.09832003943262,0.833966026974191,0.151245496889974,0.509038236760278,-1.50241695250438,3.51122485405336,0.228442616949124,4.19157435419029,2.84771276503804,-0.877477136107176,0.899840443764503,0.880897778092703,3.06914339771925,5.124239437038,0.919752974740194,3.48421438641872,1.07477092059799
2,-2.56542125481832,2.32438393733079,-3.47683019537836,-1.84186131254964,2.03279847593987,1.98510307803312,3.603835226245,2.29649375403256,0.567766169298513,1.26272079504479,1.71096519216886,1.75799332570779,1.94050068003796,2.06038432404791,2.93856671089338,-1.95127559640008,2.64875024269567,1.55341686589495,-0.931328523108502,-0.647418332943957,2.82691654558812,-2.30281824663434,0.154196447836231,0.0751961068449426,-1.43664890084881,1.45352615366355,-1.09549010220046,-2.54813052978907,1.29000056523659,0.598215352340919,-1.97698239910439,-1.20621440212822,-2.71355027713736,1.60587670014439,1.25109416879041,2.8006723497321,0.943271556575068,-1.40154785989068,1.80953214468436,-0.266020943186914,3.59415137423197,2.63702764179901,0.676115418417954,2.68132548055367,2.6703030366706
3,-3.6015436281671,4.41189124576898,-5.21299022751771,-0.675358620278787,2.86787460794675,2.50055447188002,6.43539454896788,3.81919808361934,-0.0534156143691712,1.67627098884322,4.57851981095699,0.909590825132571,4.54637731625068,0.819889548985957,3.82921844992159,-1.18455030202667,4.26498721607329,4.94951342366477,-1.21214940998843,-2.85717598390043,2.2231780811569,-3.62434624821955,-0.393895693788195,0.547474323827566,-1.65880522122386,4.36693361631118,-1.48916900065415,-2.82462736046929,2.0942740933967,2.1625721223902,-1.00791296056169,-1.16460554748917,-2.94016183854488,4.14739221180509,-1.08972477584354,5.49236593603066,1.53319621803503,-1.72812707005184,-0.309413368376326,-1.90936037495934,4.42477246974198,5.42930048213238,1.05964962062336,4.82761843631513,2.84178232595778
7,-1.53011138066943,2.35221604857594,-2.60010058606384,-1.00517421311215,1.58195341094334,1.78087479634975,3.60235850909716,3.43550876647956,0.73009899206848,1.41388789019973,2.18077326488107,-0.441223951766449,2.68504833628741,0.19984226093965,2.61343074453421,-0.118990346573715,2.41927147697428,2.46645349897852,1.12559047770613,-0.39332305112381,-0.745167912889695,-1.04063889295407,2.53958098844188,3.55220310800034,-1.10330974240492,2.69034630853302,0.0740353128402669,-0.128051985421531,1.61327294901164,1.29861170210977,-0.219913511375738,-0.228915014531622,-2.09993195120794,2.66935051001818,-0.565094354677182,2.27801177315312,2.20378193082895,-1.37263624586252,-0.896268213360498,-0.134090695016609,2.81154752609696,2.82190852533251,0.610178337965212,1.90508086764923,-0.490336957464325
1,0.633007638690563,0.0954058929240852,0.400938048375751,-1.72606569811535,-0.0207874803375345,2.78915657034756,0.110659366100794,0.48012493910675,-0.638152243331567,1.91919371270594,-0.195473127204709,-0.1572498588736,-1.32056661846118,1.61340637651548,-0.234671814854005,-1.4080803232075,-0.453323980603821,-0.514790061113948,-0.799467570226638,-1.48969051662425,1.90637216002822,0.500526341175292,-1.04151002466063,-0.178168597494034,0.508578997086293,-1.00871126316171,-1.21939841387537,-1.95853031158602,-0.0285029026455247,0.747869482555416,-1.10576446742612,-0.294287135570116,-0.641807703051289,4.18125015016213,1.80470402553177,-0.38466802303321,1.28091840433189,-0.253540160876117,0.322967381829469,-0.881112733120227,1.71513368148172,-0.681048460724929,1.3792252562003,-0.987892550663067,3.12404076325724
1,-1.02488798529658,2.55431063015531,-2.72591618495881,-2.25855385474627,1.6404637134386,-0.1913383273803,3.95433021622967,2.13930363420352,0.744627326908389,1.88709770971428,2.29580691797992,2.82280255553623,2.40631751009818,0.994538668334495,2.60929692946057,-2.50963030780282,2.10926217639206,2.56658752023286,-4.04399402477842,-0.957814087102485,1.13910068474759,-0.662551295009826,-1.1400567925241,0.79521972241555,-0.924546234581337,2.14945009843367,-0.893430713134586,-2.24069560976801,1.01040895331015,0.531001841369988,-2.93364357627894,-1.99019601680572,-2.71896995283454,4.21353880735743,0.0547675356825232,2.27564356459932,0.932235575467261,-0.909648255914513,1.39316656750407,-0.565419242358675,3.51868328740968,2.4566121777424,1.88912915606123,2.18552537153004,2.50677005585777
0,-0.516078752817694,1.79911865120086,-3.09832158897634,-3.23351546689922,1.36958773670705,1.25563824648266,3.21535185357361,2.21575530944859,-0.854606938615337,2.42868404466403,1.87725430386768,1.65334764469079,2.10389353952951,1.34191893000982,2.28446528701267,-1.29084977157296,2.69391994149831,2.37144868343994,-2.00624256353553,-4.3382972487552,1.56094867022892,-0.421923426267087,-2.13191681451848,-0.656268407517445,-2.67375523712588,1.87155296789065,-1.98678860624578,-1.8682849744327,2.50018894981712,2.3832307975083,-2.30746246203099,-2.67296156654265,-1.87599090749617,3.57043377348174,0.511890814762952,2.83384109898833,1.49323668738731,-2.33477535122814,0.825494556350763,-3.15490496173285,2.00360055900559,1.66077620320794,1.1696195852757,2.57931247147128,1.43758092971228
3,-2.84858555831635,2.68779315519591,-2.26726381817194,-0.857406432850691,1.18509134981731,0.986507903589737,3.0281713140118,2.09649817628568,-2.99293281936167,0.843976778657942,0.251965838515087,0.833486259337798,1.75453699814783,1.76673584336553,2.3296211756743,-1.49989774784418,1.2248992081989,2.8527928684654,-1.77532822183799,-5.50519499927623,1.18386970102075,-2.6677463271823,0.870832201159899,1.74099295114233,-1.0590051637274,1.97266166475998,0.201773697953617,-1.71369402192592,1.50967796401753,1.39755500642685,-1.1598684218824,-1.60000701948818,-2.07094144460944,2.3125860573754,1.58823056742598,0.379292042509689,1.34041292425615,-1.40221032786444,1.416812227757,-4.46211886876929,3.61571436710105,2.861442364458,2.67864907404891,1.25839882367474,1.5432040777809
1,-1.23093446119877,2.67243249254374,-1.3562675734801,-1.37627370890968,0.822824054057008,1.38142985089891,0.644996092373265,0.5266075225983,2.09899887886653,1.40233727731416,2.17503815509356,0.0111580310925612,0.0660857773792534,1.50525005589677,0.253946641738093,-0.290723228381931,0.660484036971527,1.02251526278956,0.274345676374894,1.11536923602535,2.49069473945548,-1.81816671579171,-0.35780659632145,0.145498858782509,-1.40830702668487,1.05485686071441,-1.13870984835291,-2.36121905718734,1.10653050378233,1.75718684399089,0.334846322120111,-0.195242045929096,-0.849735742919605,2.6375459477612,1.54637620758502,0.820914416492032,2.15479438316489,-1.80978845447358,1.20335728303452,1.24034175820532,2.24011254868087,3.16968270771927,-0.687463743830131,0.498323127874416,1.70989753903478
2,0.530110026661444,1.11588676248682,-0.483848816383526,-0.592980511369982,0.581498938166271,1.5138564413974,0.338786223655632,0.586821321728283,-1.35108107665994,1.52608299246043,0.953203839759694,2.83865500895369,0.440657773747702,0.346495925629564,-0.809150856166442,-0.544778312243746,0.753225124581473,1.00504523378668,-1.23783989044205,-3.19936191474192,-0.697378383231198,-0.283991516805985,-0.283228261546438,0.292774729696703,-2.73026113752458,0.0044301968233276,-1.6301671337652,-1.56683365196489,2.06563892345132,2.74034249132329,-0.44083177203642,-0.431801457429774,-0.243095989234504,2.83309300194821,0.469300348263751,0.323167549142996,1.50004263682257,-2.04476831942884,0.0165363460511653,-2.4512092497457,1.04386652031826,0.722781197174114,0.178529826135327,-0.169908889419582,2.71932203675757
8,-2.17870536040087,2.23547386032155,-1.62025411658049,-2.58746359149239,2.06451300861644,3.47642958863681,1.01757653579135,2.72133172742679,1.01013455081429,2.88361148868751,1.13596369459101,2.46829010199091,0.063036158203394,1.38066265381437,2.07596195930287,-1.3551698627633,0.592836651010312,0.0673848417119173,-2.91527139295343,-0.802583442576791,1.43399518074437,-2.43062950989646,2.34850987162092,4.1131962222684,-2.95853090311496,-0.243932625844393,-1.94299048115259,-1.00821716797208,2.56707219688982,3.23408257299057,-1.94007500727419,-1.81563030075116,-2.60308261775579,6.01982478518227,1.28255390901107,0.285099002132523,2.88588576272661,-2.38301355802586,0.983501059716984,-0.243239774224783,2.66560495183909,2.15114498247158,2.71097220284232,0.512703676842948,1.31135607159682
9,-0.897483289933445,1.87904850446653,-1.39838374173916,-1.25676699975438,0.716891754004779,1.30604664844595,1.49942640135781,1.36375073624381,0.730599690780102,4.0114325134912,0.391590441859423,2.31535148620581,0.463910715402525,1.57136220323203,0.274982204481553,-1.59136341925936,0.873417101887598,-1.12727524849658,-1.19090694925998,-0.99196583832608,0.890384485324159,-0.618843359753239,2.86513959747654,4.51828760192123,-1.82894609432889,-1.1516273464655,-0.779457678360897,-2.5897465742654,1.60271344147358,3.58197219786931,-1.28535759734744,-0.944190316083184,-0.490478002432098,6.86542781559005,1.87004094796898,0.86901741809942,3.91764878943854,-1.82636442761535,0.985050070439789,-0.586730997455337,1.61200707974694,1.90332110466156,2.0264357157347,0.463474677227658,4.3174517187943
3,-1.43673071702602,2.00427622259166,-1.13298609932166,-2.44608401504605,0.850428883975641,1.05508564389908,1.31850526514148,2.36355078430902,-0.0674196930130221,0.99733172498142,0.890616377043806,0.700673920621995,0.50089886984169,1.17596955572499,1.48349509675636,-0.685206656796893,2.16066752634103,1.61160783734368,-3.27580117054825,-2.79214943867743,0.812768444958548,-1.50385128575798,0.718142262969756,1.20092805920419,-0.743269164297846,1.31625044323063,0.797191590289658,-2.34533407972926,-0.206475384733097,0.427798639595125,-1.11527495207539,-2.09946060358907,-1.78598388148025,1.9874521937788,0.443572878739112,1.87246505360651,0.584144944470548,-0.488759007767608,1.14890950633017,-2.05129326922258,2.46323611470122,1.93383818721626,0.614207174637819,0.907143918708068,2.16527569082905
9,-0.17244117681417,1.33162954877319,-1.29305101500826,-2.4347854173447,1.34598891643741,2.86845766210201,1.75799318995053,1.5455881959611,0.996470367766415,1.34709298296286,-0.057788574892396,2.76499660285701,-0.425152182561353,1.25634028720715,1.48772301185067,-2.45216840475992,1.57346288816072,-0.245644796908165,-3.15779076490427,0.144403948164055,1.29091202059113,-0.69977728399726,5.39009259508012,4.39701869168474,-1.28678718454952,-1.2699520077684,-0.842349192110574,-0.194368540777712,0.273987656134736,1.67005572874822,-3.09777697636685,-3.43173814723919,-1.92560615296124,3.70104711558731,0.551569029433444,-0.251282200424559,1.95711901247878,-0.942493991859942,1.20717551630725,0.1916793392741,2.37920183561953,0.916087085693541,2.78006807432805,0.180339348836256,2.21234997085993
1,-1.57622016039166,0.128010265838339,-0.775959237122027,-2.24397050718135,0.279912010405774,2.51791454194107,0.184003090487302,2.94835116366849,2.32347848977808,1.99100641983434,-0.0159129903165815,0.848146154164782,0.309980390159714,1.28320965227797,2.91091221175827,-1.14673746836267,0.96984713255716,0.300752961314175,-0.866188474030434,1.03938370456804,1.59248117019022,-1.49327934815732,-1.22600163505839,-0.302785360465895,-2.30691634896338,-0.346167282816818,-0.378643011062041,-2.59232702843921,1.18097162279348,1.48885153805143,-1.73643328065403,-3.05924859761367,-1.42225525235091,3.98159264063973,1.11017132499448,-0.387045761383106,2.41967911843534,-1.54347323597368,0.987771986049824,1.26503248697425,2.56310202980217,-0.015064597927539,1.25364976918525,0.041571248708362,0.512571830924804
5,-0.953883195453195,2.05577429880406,-1.3910913832113,-2.38318775429686,1.41696430271467,2.43702467532542,1.07553592290389,2.84501746605564,0.790292508273069,1.77659991934722,-0.0898498893036094,2.06719094760215,0.943499223239813,1.27424458133228,3.50289039753027,-0.137525773124732,1.1092199930919,1.32113102668507,0.25477446538261,-1.29122813963821,0.685143654357202,-1.0818880035175,0.860760002916317,1.57005744701002,-1.635323611885,0.450615560598568,-0.812603756588192,-1.11294295161472,1.69796382532404,1.53644960366082,-1.48069587665076,-2.31510297830021,-1.81071155129533,3.63587684970934,0.895858687216917,-0.584608984009053,0.860563383305646,-1.44520374450481,0.476785474844025,-0.680087529787461,3.76315286656541,1.92498285289853,1.38768527601698,0.743550748819896,2.30945333354531
1,-0.744625895516456,1.02274323631897,-2.26434291529652,-1.02108359064468,1.17722777878496,2.03191244235718,2.78459481365944,3.2182152244215,0.81961503553414,2.7659737613172,0.870011045454296,1.54080229856475,1.69139497603784,1.70394818000079,2.08630174275576,-1.40494622660435,0.813711106413513,3.20195838780345,-1.58374262933329,-2.70694922006152,2.69653137438859,-0.846286945510399,-0.720381547142204,-0.332566511493401,-2.69255347568138,2.30356511880186,-1.75428607407168,-1.10912205703161,2.4198912612863,2.98625123145022,-1.77695913295567,-1.53378404790824,-1.65675716996522,4.11182652162224,1.0631644044234,0.841797801317363,2.00368857648876,-2.26402570565318,1.01666511267943,-1.53553439327877,2.52213257744465,1.10750430134097,1.04681319928866,1.21615656437269,2.97968674936755
3,-1.10831194119841,0.877809617449325,-1.89601485572857,-2.49969762488297,0.674754633105412,3.47364598764582,3.18327885515898,-0.196848788322935,1.60645953798133,1.80433038486759,0.320632136737928,1.76101790833479,0.190842038222542,1.99291897662921,0.450001638298722,-2.48519182540331,1.49605842875675,0.613090144751263,-1.17914358768266,0.530682692984537,2.48033687569343,-1.85108555063642,0.419603762769646,1.5530617124953,-1.4909274836813,-0.488986466739025,-0.171481761105936,-2.88058859781939,1.17575764996061,1.40110171941112,-1.88255214368184,-3.64250279850064,-1.33603618206948,4.01667005785852,2.40563153992507,0.317598996019725,1.86127986766743,-1.35405845984657,1.89316630078083,0.625305619438879,1.44497222051774,1.30385112175232,2.49618458597254,1.05927356570683,1.76711671115759
8,-4.24749887594476,2.96105408156028,-4.20876758846346,-3.79361124228826,2.49934285744494,1.82530433620664,5.15618121830082,4.86171040245449,1.48168162602856,1.58960635366879,3.35333550646242,2.25468241464446,4.71826373563848,2.07741840912266,4.15701039273527,-1.5631084105738,3.47916197110627,3.41382404932416,-0.97852905156017,-1.31845934282804,3.69964701002516,-3.70674525902032,3.11972456361784,3.44801715439943,-1.4418719872043,3.33276706280715,-1.01692127374651,-1.74727987486927,1.20229705587956,0.870188739449613,-2.41226083168717,-2.0120960176765,-3.23189897186915,3.80652009305943,1.74089995566728,3.60681768715899,1.09247394218731,-1.40753375295897,1.66112561830441,-0.132578267676792,4.11800628995661,4.13403896486722,3.19512970327888,3.55415654792613,2.41761490797508
9,-2.40592090696167,2.24252271933498,-2.75934046910723,-1.32708772484439,1.67082633969593,2.77064363509154,1.87485181316973,2.86852396132115,1.1637278391387,2.86113399555567,0.607772268461973,1.25240884914081,1.80500650673929,0.677520983342152,2.51932802584235,-1.34149603796167,2.47985635976436,1.26593553584907,-0.719003054512231,-1.90497040092302,0.733870424941129,-2.53633823926273,3.88878417008924,5.71480341494424,-1.50291524028172,1.41634297110827,-0.646675958983476,0.206253851406754,2.37960209700513,2.79890079446961,-1.56599941757535,-1.951558577908,-2.75238260084933,4.97277688705606,0.2512638677619,1.14327637335285,2.37738239270719,-2.17927908360113,0.8366489729403,-0.63617193295663,2.43594663431718,2.98110124875047,0.674368877820887,1.20751494969334,1.52255284507052
6,-2.82049911242332,2.3749450142713,-1.34187883916747,0.215778537832089,1.19488844215693,2.61860566720146,-0.46175344901754,0.85299323145654,-1.04151275086069,2.20958178176464,0.438010934203619,0.327239246836549,-0.937959244966295,1.2106571762283,-0.638989258325075,-0.256721008158421,0.596938705293072,-0.720859429967284,-0.190960176920876,-2.40665693668184,0.879015360966857,-2.23919480217682,1.61602750769362,2.29699077980627,-2.52478282260232,-1.45755009181913,-1.41196347514162,-1.71782501277798,2.59785485601899,2.02937499553902,-0.17864930366349,-1.25176228052557,-0.802436076496743,3.50895793862755,1.80039760678835,0.394257532325014,2.36466841263453,-2.454138071692,0.615940374424543,-2.11933825266282,-0.143337367608515,2.75864013142415,0.555710216563322,-0.220497612116108,1.50544844409698
6,-1.4402144629038,0.797239671151489,-1.97459867229511,-2.09717828294598,0.939503444471499,2.41000004925951,2.10476118437037,1.26122196208426,1.02969090552909,1.33388594521032,1.93415671031896,2.13280058364561,3.09037682704511,0.66491002155632,0.288288264821273,-2.12612007100057,1.97845705504758,3.16165820316365,-1.91875942692111,-0.955244301379979,0.254003436797995,-1.37598596331434,1.44304211302811,2.34883880914499,-0.968894637507787,2.64958797227677,-0.275362273653983,-3.19445796694839,-0.247822573312839,-0.327639897213721,-2.20917094515114,-2.02397441977645,-1.56975230568874,1.6878964368257,0.163767653881682,2.09045180438097,1.44125154607658,-0.379628962457482,0.500017663013197,-0.0837459410928038,0.662906432847986,0.956903056616631,1.68112094746441,1.80790430773664,-0.15135039855807
7,-1.18042943675322,2.84504724422545,-2.92051579837811,-0.366941172527069,1.02400029690464,3.398484919858,2.90235376137777,2.68956709285641,1.79171210928687,2.18037864938554,1.30301778515209,-0.2812785831932,2.59791853423384,1.10089572918306,1.98299650905025,-0.0836010840986223,2.4231083381262,1.6034813848623,-0.5556782843815,0.186061762897721,2.11714449955651,-1.38482846092203,1.87972019222495,3.48097534428353,-1.74307837127907,1.17589805941883,-1.34828581323081,-1.11361449530783,1.67155649425912,2.74274428171156,0.520819860722552,-0.322674627394339,-1.54334984988916,4.83190228353078,0.495159450447866,2.41903820227277,2.36235366437965,-1.65410032471117,0.365032450834974,0.64532347139634,4.16232264990442,2.91195009300958,-0.765492420805125,2.09043707077786,2.59913567594648
6,-3.1413453805551,3.18502294727826,-3.61915812839042,-1.67703799651724,2.20078881284794,1.60866935235171,5.48705523866764,3.50843952298359,-0.614887592972277,1.27292008795638,3.12141108819578,1.85675827079659,2.71994508103641,1.75953902176298,2.75847367599147,-0.578930777041628,2.74052623815513,3.81292745056778,-1.63012959273344,-0.715282718721557,1.80686348324568,-3.00721019020603,1.75801836631796,2.7312551210955,-0.123811894185491,3.19069808094638,-0.825857895191886,-2.65825973202151,0.955514617047896,0.409458290925493,-1.09637399405745,-1.46524051043722,-1.84896460006026,3.43478805278065,1.10637103663595,3.38817855769301,1.26885283395729,-0.72756501238755,0.621483013970174,-0.730712742340552,3.30529695292703,4.19108777662205,1.02555190591477,3.00313760589811,4.78874975601996
6,-2.80085961544057,1.26873352609918,-1.83145825015701,-0.451350384961198,1.00576026087084,2.03674438869542,2.24233863232438,2.02224197840881,-1.5054610438488,1.16889061909662,0.957797023588732,0.829395565460573,1.37853928420225,1.6525419238029,1.59146371815777,-0.421287527688179,1.95982030341175,1.94495100750879,-1.83748000387856,-2.16330848506739,1.84551741153398,-2.27330377450965,1.75049600490583,2.73461929422555,-0.088028685349007,1.46522445498019,0.419693495959736,-2.77014987708714,-0.0001856201264072,0.169192395356043,-1.0370300926917,-1.73052365022701,-1.9052096372126,2.27126488656563,1.04343014970579,1.7940695017996,0.668285257972844,-0.468031111469065,1.33820421927138,-1.81101718994659,0.350085111205152,1.20787059108909,0.859521432391129,1.9606315185533,1.66994869937594
6,-0.499491362171748,1.14924480469533,-0.720717661546121,-0.504495166525849,0.288367835286235,1.0507318931622,2.57030666042827,2.45812489027042,0.355642784098914,1.45468624794177,0.510483887495873,1.32230979648866,0.630522475160338,0.64921267800635,2.08889425976077,-1.27653572405704,1.58692269976074,0.999612995515389,-1.26148602509925,0.189018410409839,1.1510009641893,-0.48763033069253,1.70939731775804,1.53720913314763,-0.775690106921922,0.0605428295680785,0.0306338240896568,-0.92924212521441,0.257990923394229,0.413110268635642,-1.05254692300696,-0.849695555057632,-0.964727276688169,0.393889267318704,-0.333471093448091,1.41621609747587,1.16458027742477,-0.597432018821414,0.546955638016687,0.352886154125854,2.34658853966383,0.643124573403912,1.24991432567357,0.629530185422393,-0.0081279820366679
0,-0.964914717227294,2.1635437225119,-1.61256124824105,-3.64272781861916,2.23093309467048,-1.82513657720745,2.08821617111379,2.53436714418748,1.93036737298814,2.96296860729334,1.26820097821512,3.05981521995247,0.691617766214279,2.21255153402189,1.82096824683421,-2.91479905875201,1.88133895358736,2.04510919880692,-0.642432022644547,1.8607259640345,4.33097608640326,-1.10283846600731,-2.39924994482783,-3.34603959194457,-2.11649745362124,0.784835706995031,-0.897087604712038,-1.84345497277177,1.90109958789256,2.65251406943376,-3.25579757072147,-3.99505652820115,-1.91950515874118,5.1956284630767,1.45179464378959,0.992844764192323,3.19889267516147,-2.32260934058951,1.96182388365501,1.62549063381377,2.57177559850692,2.52848819312448,3.40157434372459,0.999006965302122,0.276029003778125
7,1.78953812281279,-0.938279997375639,1.57168026544859,-1.72163568226748,-1.09392341672128,3.56616262186407,-1.19860461079805,0.52626675897951,0.545120888354739,1.30175227333539,-2.71996728354265,0.360002610849747,-4.16500285794344,1.47473311603155,0.265585308240604,-1.67331960817411,-1.46707710473177,-2.39445675759447,-1.3569983512408,-0.602212850725897,1.23801511930107,1.21530518541984,2.72658854679992,2.27065039435781,-1.71520677372268,-3.24323157485312,-0.542181808193084,-1.47510019602175,1.92539606946034,2.47390181309917,-0.387638378798213,-0.918478803350165,0.216249742590423,3.78310211740663,2.01689324472313,-3.74105239022894,1.06481693895744,-1.92358178022549,0.915466842566651,-0.351738681711499,2.01695131153414,-1.94939241783741,0.672585262437136,-2.64817384806335,2.12212141012142
5,-1.17685362856368,1.12830231710874,-1.21420616474055,-0.111944723457153,-0.107188358958804,1.53655589608837,-0.822345523466653,0.2163093182392,-0.794841112893531,2.36627351166471,-0.30159383885465,0.653649757500699,-0.524557263470916,0.49887099648238,-0.271381894247446,0.185975366613797,0.0864790529516353,0.889939906510131,-1.24612591378071,-1.91689997241413,1.49896424973198,-1.16833167279402,1.34002246787976,3.31699349963632,-1.74376936106542,-0.108210072169431,-2.95235949927609,-1.37151481211415,2.0403900140624,2.76080035823263,0.0592547573528701,-2.09495133313246,-0.47249484845585,5.90460934350074,0.436256804054985,-0.319442949705386,2.21279891517861,-2.12133546412741,-0.177438249735494,-1.41392261317613,1.78764337973693,0.464984184897152,-0.26904177438663,-0.23021802969317,-0.724886543067293
5,-1.17940431397713,0.456486571463144,0.582042376581567,0.0148203633439575,-0.266683412822968,1.28212850108863,0.176060447467156,0.640461993129608,1.33516341879146,2.0626958122094,-0.272549776213313,-0.333224574482581,-1.55849927482333,-1.32166292558893,-1.03786571837834,-0.0632857701741813,-0.228810458636534,0.684694590520245,-1.54130116153084,-0.975561946292546,-2.37344984687462,-0.979543463726716,0.510093274685622,1.12662448042327,-0.852042665379205,-0.638980182877477,0.132192478400781,-2.63857709658504,0.813054407058665,0.969474465225725,0.22541142599109,-0.730408927458727,-0.0306574204954907,1.55545773918219,-0.422511323944181,0.835990899670045,2.02177494869563,-0.58946396778536,-0.527562083764238,-0.325787721086191,1.14183111972055,-0.166752769764214,-0.632978133270669,-0.841489516982469,2.77301831816438
8,-3.84508784998362,4.75143308686797,-5.09594521680587,0.379943890673925,2.13396085964266,2.14663169936399,4.34079643335999,1.09545460241053,-1.54151218775077,3.00770187958119,3.02679514100599,0.194957563188998,4.68509152520444,-0.969513349881137,2.21736038799736,1.57854774862783,3.86773871023318,4.94014395555195,0.332900115562793,-4.21096014933364,-2.26651824156778,-3.79950849275331,1.77835816120929,3.8575779228934,-2.25584797672639,4.53585759546045,-1.78335849411687,-0.754817421602339,2.42013506210914,2.53777558042989,1.68477995899474,0.22286311708612,-1.70966935756642,5.58016884968,-2.03781503353527,3.88063594742784,2.64217435137197,-2.05954267671256,-1.68354997103619,-3.54138837194218,3.89598670479737,5.223387908808,0.341084504956624,3.85525664507429,1.1314929513171
3,-1.84975748286377,1.21615435832334,-0.842794137112164,-1.15589515648068,-0.0146412627788235,2.06655542269675,0.365659795125328,1.17409051940346,1.30656101992913,2.948403447548,-0.344822746038067,2.29744751450184,-0.88090147207296,1.40108145645184,-0.232524951582913,0.0942010771871604,-0.882732048899396,-0.343271591406225,-1.73591716639356,-2.12981137037127,0.989793172684743,-1.81556891087702,0.304116694587523,1.95945150718102,-1.63569986270357,-1.06355097654824,-1.16491303821416,-0.195115975192506,1.50400911443742,1.87815256276519,-0.46700522337467,-1.73516715350406,-0.404157957559311,7.12811880880963,1.44748554487669,-0.119782940459311,3.68497545984072,-1.61593297297359,1.35304427053053,-0.923338162098137,0.230127755918395,0.876070294490507,0.881243507695647,-0.585091216093919,1.15661152209727
3,-3.41714601872691,3.69715034281896,-2.91907427362416,-1.03782414224131,1.27794643244629,0.517740067957853,4.42200376273988,1.04570138160174,2.91167866160474,2.23286431841895,2.49635441393931,1.00207167020502,3.34535630516113,0.499224917677841,1.34653262849865,0.0880524149292347,3.4083914419825,3.75059757492609,-1.94125272748785,0.625127842838524,-0.828013978676029,-3.49885624859886,-0.604586919936343,0.61358727646141,-0.936554426006784,2.96725130310115,-0.149056350410749,-3.15642055942976,0.535136023453634,1.13834349944371,-0.096848482743121,-1.42953024274443,-1.77270540749893,3.4837543799871,-0.573502975039148,3.36281485225764,1.98962339303184,-0.843725123999643,-0.548568342693396,0.795860359974115,2.49826212878085,4.09379245512788,-0.459448176487659,3.09511118849567,-0.714838865412772
6,-1.17287001714707,1.58862280094819,-2.23228374396042,-3.07736429837884,1.53873213367221,3.23506187271869,2.47054288819441,2.79974454883431,0.485720358129703,1.8802129141522,1.06388449874405,2.96233312051539,1.04570303830078,3.05354202984922,0.717021283583527,-2.58238745003438,2.18067680848486,0.124769289906244,-2.96518053793297,-0.956661927395459,5.51867634424717,-0.850588414924723,2.55829498039063,1.95494130254413,-1.45452818474705,0.0735982853401203,-0.922970494641238,-1.64811277794348,1.59502908183978,2.23680893861519,-2.51383601454157,-3.98079611193795,-1.63603710447761,2.56363761456871,2.89950914418502,1.29128231775179,2.06112307979979,-1.2029957092472,2.24646429906932,-0.702199274050538,2.34034070345593,1.63617380389386,1.73007684824446,1.36159435333611,0.71017027291338
2,-1.43140210491703,2.20150419808908,-2.42776273123391,-1.41372844493038,0.793290356659748,1.95507016532832,3.29020127010991,2.49594180551403,0.670507290121462,1.33783315525255,1.64302614159145,0.936493908434606,1.85061396245995,1.83547428287752,1.60647265907667,-2.44781611240037,1.92549687069907,1.44909594795359,-0.763023648186724,-1.35319986297532,3.14657153755739,-2.02516495350811,0.141048148211029,0.409965876950951,-0.460189500843574,0.239210884970826,0.596230652265572,-1.39547988298786,0.334027592016527,1.25835123040977,-1.56859773921416,-2.48096847438675,-2.0822635553405,3.14301891490305,1.43751969473984,2.68074602388731,1.1165150821742,-0.938687139723091,1.97039874208104,-1.06688206957783,1.40505144433147,2.11356417743122,1.58323125273944,2.34450999837333,0.840267071781456
7,-2.20372925493157,1.90510102902168,-0.926331114427254,-2.22459669019642,0.719719104049861,1.58946325560608,1.79331325449176,2.29997066463962,-0.922925324717689,3.76353670732632,0.399034905643836,0.475853472659049,-0.125525902402469,0.644186360792034,1.77004042515981,-1.04972436462997,1.14733550877376,1.36745359651952,-1.18973876064356,-3.10539226919189,1.1026918187328,-2.35469803493532,2.03921263744879,2.26020858918902,-1.83784477002438,-0.0810886400076745,-1.87679535831874,-1.37824844843316,2.64879133319482,3.52564518407563,-0.869792357851662,-0.875315154529878,-0.357030479928159,4.02100547923531,-0.352248688254997,-0.384375872295504,2.47084734246253,-2.40780778781935,0.367446098121181,-2.43141978784728,1.61840657556731,2.18825704267754,-0.250774158489969,0.533069262214784,2.78145503294705
6,-2.30511315761402,2.97887760011776,-3.50121593855489,-2.88382630977543,2.49198463768038,3.5289153718537,3.75358345412534,3.43971692562028,-0.719429573464344,2.62472863937059,2.87677027517091,1.99122634171233,2.34746408264342,2.97523405338135,2.18824873835295,-1.4699236681034,2.43856718527105,2.59987951670855,-3.00039714157404,-1.95891936855467,4.73157396826732,-2.4937518426521,1.52617591484763,2.43376189680392,-0.581980083751685,2.35839489533744,-1.77386840212948,-2.63743959198016,1.53161412912907,2.15967006348134,-2.38346972738972,-1.36711495885666,-2.81284803423109,5.72578821802466,2.64361118420233,3.21270089162644,2.0719630607418,-1.61363837303792,2.07593902968725,-1.44469255866802,2.63619718556517,3.67747355339321,2.71800680369143,2.61181786919076,0.700817022544575
7,-1.03477069931524,0.681578741805831,-1.80489683680788,-1.29459571973482,0.311945834552474,1.38115099858372,2.81432330997916,1.77200831054226,0.512442654324948,1.87655272219092,0.747899955663836,0.73901624056504,1.16214883868099,-0.132423285137807,2.71483369182174,-1.69371984067817,1.97134629158364,2.25066641817394,-2.14690889387279,-1.32590127377823,-0.538140921357702,-0.640109192697189,2.03329852447747,2.99589697072872,-0.948587246330132,1.41226536944407,0.197217902497398,-0.706681959747962,0.790193282820425,1.14509838652083,-0.527849948992692,-0.804075129263042,-1.07661495235124,3.68141508372669,-1.16882039828161,0.812212094094148,0.910906958645742,-0.949010263291622,-0.350974682835694,-1.17749716211272,2.8690641900705,1.38459739728776,0.735172338649286,1.68348277248278,-0.0591286129286921
0,-0.402594031786602,1.27475587314344,-1.22646941512593,-1.04884203796476,1.32400331746448,1.22782543352972,0.946686711238402,0.752395158259705,-1.51382022437627,2.97445640937933,0.490867652060715,0.286741554765151,0.0358737600693936,0.696738702672123,0.759975457213734,-0.322626983895137,1.05679595662547,0.882499728032436,-1.646525894793,-2.67379040081328,-0.482798594206376,-0.566149423121285,-2.52662281886942,-1.90863430591618,-1.81096271008278,-0.517345468003893,-1.23454159753835,-2.97468562978578,2.41337293606035,2.41081416520686,-0.326450096160866,-0.139039488003873,-1.31313495776787,4.83171861579724,-0.258306273365433,0.598169659013501,2.46894798286776,-2.08191035265712,0.449797810202031,-2.23293789423135,1.61374218117677,1.98552718611372,1.08127108528444,0.171316572828606,2.11041959152823
5,-1.1754813374572,2.1068584124677,-1.7792988230556,0.0577278640815965,0.775736752256973,-0.396287817551185,3.49882277409944,2.35201985710914,0.664278353368527,1.40260030284206,1.21107160248559,-0.178201925832516,0.327377116893794,-0.0425830434026078,1.7645486236645,-0.238682824983273,2.24786715683846,0.98053026115173,-0.807661850302888,-0.747001247310322,-0.305738218126244,-1.05274475066102,0.674749305977942,2.2452225363398,-0.996686525874406,0.436981003855422,-0.443838352969932,-0.132355303500414,0.0366696110652364,0.639623821135435,-0.288921474516325,-1.18925426703773,-1.68503559313282,3.64917507844131,-0.860499194268839,1.58302510710893,1.59524147025581,-0.805238647478177,-0.179309977259012,-0.699687119109701,2.39514579970694,1.80057970100021,0.683625749345405,1.48354032752557,1.53694664309577
8,-2.81986660830146,3.05251050219495,-2.96335348830673,-2.13448397784755,1.82131668376231,2.893608055776,3.18580939802531,2.46275273351068,-1.40590575300738,1.39674579371926,2.37064127455717,0.913817456288417,3.12852640806795,2.20329685383838,0.599471300308456,-2.28338151741246,2.61642065800219,3.34276383582844,-0.939943817997369,-4.41158762986652,2.76543303207343,-2.54617769343785,2.81286222323722,3.39306955029765,-1.39467449213132,2.79940661195867,0.447250257467842,0.293477249138384,0.748285301136242,0.974318188739315,-2.0221873579852,-3.41894239918658,-1.48002760651409,2.13036117845081,1.79543055181169,3.08565143110006,1.4486837203884,-1.00955186811482,2.24874670383297,-3.21927807170398,2.19401551233875,3.29283956513113,2.51342715525841,2.47679024696617,1.17745738036831
7,-1.37478299738574,2.44152749231169,-1.27741787571926,-1.94980716448108,1.23608577212173,3.74158906153141,3.02372745882175,0.952184403045229,1.08079854309982,1.54709173203643,1.25432614615473,1.41945218150145,1.74829172018985,2.83910142310486,0.625133074585854,-1.7144211202849,1.56495599613181,1.31295566134646,-0.0858173700069047,0.185129287020591,4.26067049556387,-1.83231086038372,3.12361365768058,3.916887900183,-1.02933481986093,0.786122845755461,-0.477144532833514,0.369399883847242,0.405045270339654,0.876122509744029,-1.55910034439212,-2.09540761356659,-1.72582207361754,4.79053179454776,2.06529570374571,0.841624465701404,2.05665127917182,-0.915751097711575,2.19010088135775,0.91260424928789,1.94332314799203,2.56022288913294,-0.210397754057182,1.4392913585089,2.32249149213363
5,0.0653171990109302,-0.762363766293597,-0.789649474513144,-2.62329875968599,0.122675667779874,1.72103542465134,1.72826942198614,0.992634854740632,-0.696070439010377,1.20425121128819,1.09895614251679,1.35792836860259,0.710068735334358,1.56876261938981,-0.315494685159754,-2.57640096908418,1.27340707468087,2.02990134826612,-2.72336904949764,-2.64287346258003,1.91660659282104,0.261506058978341,1.5617648234497,1.29158139664334,-0.790528365606959,1.92210222029341,-0.856818031819793,-1.4162491504898,0.323984018546057,1.33227194175052,-2.04910163886602,-2.79853357064881,-0.634064294550875,1.13822678183192,2.15138230683412,1.0862362956193,1.25141260160567,-0.546776495730313,2.24770335682881,-1.5851664961567,0.958131835163437,-1.09936593947501,1.11181639521942,0.735791468456971,0.581617364509636
7,-1.01754345696158,0.619964915661825,-1.32042239095868,-2.21233227020062,0.618575715148783,2.58754343803666,2.10877290618087,-0.363025984259384,-1.55523605438713,2.13349084859442,1.09202015414158,2.15753935046702,0.187413879777899,0.449486586672553,-0.0171051560930493,-1.63463999239702,1.22442085364646,1.31293233413144,-2.1797738427364,-3.82925834330686,0.868860881489578,-0.82612900046409,2.42139437782169,1.78392774578541,-1.1899962085902,1.02155066261534,-1.39582369045791,-0.683549968603219,0.927754934732527,1.50853262227588,-1.99253136360993,-1.96464115499642,-1.09126211660259,3.581170669495,0.644209899798049,1.32591477255186,2.19908673168476,-1.01751801556789,0.531507872003295,-2.79622068238989,1.04582746453775,0.41173823121791,2.72731741951145,0.597826918564603,4.82382865885572
6,-0.0336518474560105,0.517148355417395,0.395492574765894,-2.97038521364292,0.634093655131498,1.76516975197222,-1.10797767752997,0.481797070850909,-1.93376656612905,3.54905468753578,-1.6446732933945,2.08709366316721,-2.07733943241482,1.48964072015759,-0.499940874554952,-1.8922770005673,-0.842920019391538,-0.967414115231909,-1.75411874346241,-3.97359183739645,1.00056475434321,-0.281639776276102,1.74998288592897,2.90596585342442,-2.40144250656395,-1.632006566511,-1.30647179566213,-2.77921233551233,2.48761867829073,2.90765165034206,-2.01846343743076,-3.3632615140557,-1.32776969091688,6.09127659506557,0.567601132028427,-2.13612379289848,3.28000961250069,-2.59230267068187,0.945698942684338,-3.07592899967938,2.67718068690034,-0.532158311944059,2.53749823500777,-2.03633901527004,-0.848580790005337
3,0.191287306384453,0.823232960165215,-1.87071253185394,-0.200249462111563,0.440266450354392,1.07101785806616,3.22451929988359,3.63076840417062,-1.44722329649198,1.91339743161223,0.146298892156719,-0.0932088350538574,0.017883927607604,0.896310112962481,2.56870501249714,0.59255909397816,1.32482669976506,0.766454047500777,-1.04145877864705,-3.29638408407293,1.80154320745108,0.0118156146058727,0.339156865601347,1.44437945310925,-1.22407997765148,-0.673638476308391,-1.41044538312983,-3.40732076346828,1.8339838941732,2.22299195006665,0.0636247982391936,0.0511037396815312,-1.90536833576881,3.87677063014307,0.482700922323927,-0.138320833060472,2.55772996912311,-1.30114834319842,0.703861063481653,-2.89989129386532,5.2258625002418,0.801060406633781,1.25439478150513,0.643225808222285,1.04931474252735
9,-1.60132039973778,1.00621356134013,-1.29201929861244,-1.7625690845882,0.663351472761674,0.973930067009779,2.29677241271035,1.13970976094462,-1.52849417125682,1.74521037729988,2.16511905976042,0.184724251646105,0.0152767001598817,1.85154035400372,-0.226956402761325,-0.483318666412836,1.96517659174963,-0.11669945909229,-1.45396251561858,-2.96088403370983,2.39768332199867,-1.92136053853099,4.41757880081837,4.74122246388179,-0.869088417729923,-0.591725698639687,-0.532750019330244,0.548832177893881,0.109326835206373,1.11085490615622,-1.69664116982975,-1.38898440681833,-0.740480742239402,3.71488728569894,1.8678763127992,2.56357439049605,1.30501369270665,-0.400999592141892,1.51138341821194,-1.88578268962985,1.6284378633193,1.03842630630311,0.634558636567967,1.00010715356412,-0.840971754981037
0,1.71793794841862,-2.1838358503879,1.0626604756914,-2.23751301140385,-0.637970080034818,0.857254750568998,-2.32905427772345,0.118373731446563,-0.455780869945434,4.78593503453976,-1.44542469286217,0.698848693003098,-2.69796170805838,1.8658993859803,-0.843388798529463,-1.84586195478995,-1.33892680981808,-0.964306305879143,-3.14295873342028,-1.52303227512201,2.57381993154616,1.42907508416746,-0.997480876530052,-1.79584887826252,-4.48586572188413,-1.69125868923695,-3.12096927055232,-2.55857558443273,3.85893591965887,4.18435651601727,-1.83120400591563,-0.565850378711612,-0.0893397505347252,6.96112709134208,2.73153620412406,-3.05697124917586,4.78555144041848,-3.59141221858054,2.48386008215191,-1.06256651845152,1.64067613670118,-2.73709949010262,2.40721767291754,-2.28490627199649,4.58194356997137
6,-2.44621937695111,1.97869744570305,-0.470165368047746,0.747828292597545,0.708615056968497,0.978289664689476,0.699142440675535,2.06286865252818,-2.28332383874681,1.20263194162771,-0.113798481331256,-0.271365631536184,-1.10169900950639,-0.597030712670821,1.24450427661003,-0.0835574763582263,0.0645249572989328,-0.745854106797994,-0.108758516710913,-4.85035226803342,-1.83030172312809,-2.52075455486982,1.40634925566017,2.90629570721417,-2.21575097606703,-1.38039278388466,-1.10606220604608,-1.06781736166772,1.9884973676733,2.24199824750126,2.26490204540662,0.971819669867501,-0.442978488885057,1.29513617769188,-1.08087211459634,-0.832143501889586,0.619802982705355,-2.11212850511426,-0.261413864130168,-4.1012724484166,2.45594182040778,2.98440989767667,-1.89746386578513,-0.936871119220889,-0.563013162623425
9,-1.6544104050753,3.8864195384844,-4.61256115556842,-3.53450994868982,1.96025138684803,1.48601865600414,5.91219924541684,4.00999153233743,-0.1997625726745,1.32260691994539,3.44735673740338,2.67236350517045,3.99742376341636,1.487187747312,2.74711124474904,-2.08655687933742,4.8910122536931,3.51939876263233,-0.127945730032207,-2.3045367083616,3.51978990864747,-2.3836868330697,3.57295953496434,4.17946543851047,-0.807208450342549,2.47239471657932,-0.630388293865987,-0.128230576784809,0.981136007569319,-0.0151192245196725,-1.8382156736683,-1.50061990411605,-3.12485970282267,3.52561678000136,0.0227040716787226,4.40269172537195,1.70083750083594,-0.16460896080782,1.22033956108098,-1.9373707776336,3.5428293607646,4.17001369836543,1.22171537722806,4.2913046158913,-1.02122000952323
4,-0.952808727439561,1.68730472321598,-1.52291432037981,-0.469210584966374,0.772092746855827,0.484401773474507,1.04311766948367,1.94340416050797,1.13741152077351,0.671690129646194,0.0140350877902561,-2.18535923564286,0.160322242179099,-0.343800910153088,1.84258832634323,0.974851117199871,0.776700925098886,1.63323235390202,-0.615056645008852,-1.27671275499732,-0.697522219054283,-1.65508414375528,0.851652238756007,1.4727641666231,-0.941526852244615,0.339840329353426,0.891841259884697,-2.7899737605561,1.41941370878862,0.224128567135235,1.0149398343433,0.348997507835316,-1.01924750883856,1.35924188765749,-0.506366728279447,0.195556422258745,0.460350383213132,-1.16097012006268,0.255132632025363,-0.583061564751687,3.36470228218863,2.06446367885492,-0.441476830808419,0.410634931878581,0.826171275660146
4,-2.5755982641483,3.30402597496826,-1.50851173662717,-2.20961076311427,2.19423164135475,1.9831911007927,1.20822183121944,2.26811916029996,-0.630511214288238,1.67978526706954,1.16403293993274,1.64485280315132,1.14197735151889,1.58326399219229,2.47882004387031,-0.94391285815599,1.02789933539761,0.444025602815727,-1.31813895290073,-2.37995226006941,2.95078734297267,-2.02639782188747,0.603528759772999,1.5436835709155,-1.54493327558799,0.104424363656944,-1.0459202118675,-1.20883192835806,0.453561717217005,1.10087753392199,-1.88547889064187,-1.80966559400643,-2.6499501111638,3.04189948988151,0.405638069524526,1.23703963310209,2.71225603745126,-1.05481749980927,1.3736534690164,-1.11228494523145,1.8619183206881,3.44867583400096,1.57432497352312,0.921258004904676,0.276448552932873
9,-2.52919695773,2.42214783489713,-1.73832388438253,-1.12724512325463,1.92538644495883,0.66757625807238,0.944268553346624,2.08568460051754,1.50488010606258,1.83748042763598,0.844274686564103,1.53876640907401,1.45448681499359,0.484829089139912,2.07783062194459,0.0823060466757707,1.39783034319769,1.74071210722754,-1.25991131886465,1.043439158563,-0.0520538742175866,-2.51820376813713,3.35330862526199,4.11409522336329,-0.606274278805216,0.702077778468124,-0.943898584778552,0.0759897690404188,1.67196636890484,1.47318915282455,-0.835057654847491,-1.3813247279919,-2.39891288342152,4.54838081893131,-0.57276282136092,1.73492910551277,1.69436998916566,-0.845601317289104,0.518483601712696,0.79436245879845,2.42948539764211,2.92469678330262,1.91182094116694,1.21927292365527,4.11769860912035
7,-1.63036751843829,1.27454140878407,-0.697604766907302,-0.654492997079289,1.24429054096566,1.00265823345636,1.24251814849192,3.35749225333695,1.75492802667555,2.72840766020038,0.40446956341107,1.0585512551641,-0.210095818132277,1.47246134665802,3.37923396335083,-0.554093722115755,0.489537419705914,-0.763910579315299,-1.2932673996077,0.844453278626742,3.22514802771058,-1.81958827536794,2.42384880068759,3.39697282059247,-1.50413986225274,-1.34347011891471,-0.859483875808682,0.321616446052516,1.05132608756352,1.78221360106022,-1.21990328876233,-1.84825676293369,-1.51761977396842,5.9129256537882,-0.0544152809933678,-0.256879605487023,2.95603562773261,-1.51847356381377,1.10283642553019,1.20200849816918,3.18723113016565,1.66576923452312,1.24567806099856,-0.0158552431187532,0.587058487730197
0,-2.06819008265412,2.28293604803083,-0.77700961285378,-2.40550546145777,0.941601797429947,0.744234190336923,1.06569150158227,1.86969058757147,-0.693594524310496,1.66106928266732,-0.48419867851971,1.50145856084609,-0.94360486021873,0.909655356679591,2.45238063905075,-1.62740958189972,0.475281690159375,-0.965418001273757,-1.74016036239161,-1.70993890647065,1.04079218516536,-1.93689780486877,-2.52701010020946,-0.896753608778879,-2.01544603019864,-1.38899600766865,-1.28687399292995,-4.10276294515815,1.78137394667728,2.69424823163819,-1.2937198804759,-0.827148115387053,-1.52132311360137,4.14809018676358,0.142080658246534,-0.625822468879047,1.36009727599687,-1.85111134626109,0.424049155112008,-0.868734068377375,3.77562348626802,1.979800735145,1.35439236056307,0.143237771056386,4.59279564492381
6,-2.08712821896455,3.24181660178072,-2.30262373093122,-2.3966538628252,2.13554610549328,1.76914483685338,2.75552698793878,4.35342462598779,2.40946688968412,4.08294572295458,1.1482197395125,-0.723172614475904,1.79345027607322,2.4304206091728,3.68802303330092,-1.1956131920577,1.20970914250015,2.92272727692872,-1.88181100164146,1.05264594813699,3.33458900786015,-2.00388181798803,1.36176886918992,2.4098849214626,-2.15621162612644,1.73800652568286,-0.571585306531582,-1.04338403040966,2.34018352625053,2.016535614946,-1.54997290140413,-1.97105403910813,-2.95747710839524,6.61341872451323,2.22242991688093,0.950103795919154,3.82980697839315,-2.09782760245164,2.00131241315531,1.39469072085297,4.78203710519638,3.36694435862854,1.07474117722092,1.27636019639775,-0.463190367910104
3,-2.15182052912833,1.91607008359069,-1.64691652037205,-2.11983428258065,1.13052856348402,3.71647167772564,1.98297927538546,2.23450783921405,1.49844320009042,0.786096293631451,1.32755700449086,1.10259218520595,1.88849940030144,1.25344100357434,2.38470272578575,-0.771706296437761,1.69544175107228,2.0579565923089,-1.07130536591255,0.338234407072227,1.00504929711585,-2.17320414294933,0.472450121218097,1.82529483013539,-0.895797157026258,2.2304254086025,-0.967466881981063,-1.85903579311261,0.855228699297827,0.635463059255357,-0.435008014076841,-1.15469755817446,-1.39052060381889,4.15036350947862,0.535211704806041,1.38065491573247,1.02185062962795,-0.8462864344744,0.760586436444384,0.443167569265723,3.35403313248764,2.56998056394379,0.140323781651894,0.887028911896554,0.315404399342283
8,-1.66014495372142,2.29407268227653,-1.18555191549703,-2.47774437000629,1.30787140247203,2.83457334946751,2.18712097624491,1.5294085831567,1.26418151887951,2.30081378951201,0.947366784098362,0.681680585553157,0.0894314052004987,1.26419845007257,0.163489774964295,-1.4872057550538,1.15975406506025,0.406992627043967,-1.52192227966819,-1.67021581619019,0.370426874589716,-2.10703455255785,2.47392659785675,3.62866943465602,-1.98908516054097,-0.14403677838288,-1.52472547932003,-0.583139683619521,2.16810769965699,2.17386877787553,-0.620482430975464,-0.535759582907703,-1.16758853168917,4.26717045755474,0.81986809070407,1.22978217201847,1.68505713227154,-2.17290995841704,1.12495374489227,-0.46861590154927,2.69477288501153,2.95194276710205,1.1070087373587,0.448408804279004,1.17793533257165
3,-0.701004119007305,1.31517387304494,-1.66722945512804,-2.17655248303139,0.827893131625119,1.16674916834014,3.51477205628611,1.71811401183259,0.160033306950446,1.95946876820398,0.546636850511877,1.40355477338248,1.56185997968676,1.57158540735373,2.03784176495203,-1.08034105319829,2.30210014645056,3.49915794929221,-4.41881458510601,-1.53203462234415,1.80117016974854,-1.12285364385628,0.921409646602334,0.509833902432594,-0.272083931830845,1.8176208549779,-1.11317788845407,-2.22776430755988,1.03449201610148,0.995767219468305,-2.57604679341325,-1.77872129367717,-1.55910675902358,4.58194603906474,1.62301709195096,1.53273965042998,1.95421448503739,-0.639217678899489,2.25033777440147,-0.952016757492382,3.19542961750715,1.5449736829941,1.98753212175095,1.30908383810465,1.56619579905999
5,-1.08575458850862,1.75865230435898,-0.631258233565884,0.131237024794104,1.64476438059851,1.05118147099729,-0.337290167477357,1.53162316067281,2.4419886120244,2.40398892194036,-0.482535313252321,0.315024682962463,-0.540234248427024,0.595603070703198,1.12376955913523,-0.788290404969328,0.776113849684747,0.565084387160708,-1.31870283271198,1.13077925397635,-0.169422754651691,-1.61313012428453,0.892103582080121,2.61560994309922,-1.96525304577456,-0.332098808264779,-1.87095957016023,-3.4098408597466,1.96338624542635,2.46571027464789,-0.762124146178978,-0.93941277324402,-2.68813403873501,4.93712769021254,0.140044127251474,-1.18359080838963,2.47252764012407,-1.46415467879681,0.471151134180232,1.52202624507433,2.04778141853955,2.42091448989651,1.37991124000744,-0.564058095667132,1.19844706219915
9,-2.98796338101601,3.47559708315562,-3.94881519777519,-1.40964026525942,1.74771493394315,1.79262584375499,3.76560574060528,1.77361846770115,0.261735081768797,2.06230074734999,2.16024324080177,1.1920781395762,2.3781636426547,1.49761257420816,1.76398449774866,-1.60536118812735,2.15490782144139,2.02671581418273,-2.62419220454933,-0.638613761775003,2.14204362139234,-3.24883155255433,4.57031145700868,4.19180619198383,-2.18295505398504,1.38880746354127,-1.67730267919522,0.949646380969837,2.68899603278183,3.20995975354771,-1.80293511907742,-2.07349997910302,-2.01060721464498,0.821789553515929,0.282976999018003,2.54351059427977,1.08975787068528,-2.45131578665196,1.07758627365632,-0.357027369630844,2.51841337486814,3.58758858830947,1.53587881217561,2.29727782333734,1.59416419839646
4,-0.799286873739449,0.687713844110654,-1.65985401646,-1.83594684470895,0.395358011547335,0.292012157045899,1.74195937509742,1.30959104761073,2.36467023909425,3.03464647679383,0.120206041033462,0.556168159149801,-0.587074980099741,1.28458993052116,0.170615672754573,-0.55031658883568,0.857174771283216,-0.213344050453704,-0.305717192035463,-0.252058529574933,0.794021790770207,-0.744371553167928,1.35370587503553,1.1358926524808,-2.1018245023988,-0.0722795504038652,-2.20349343827821,-1.37907075345315,2.36260054633739,3.50932903686554,-0.640408918946863,-0.44256800073928,-0.716117358522423,4.01262833220987,1.50831040398491,-0.114303527357233,2.80795132303682,-2.49004395103737,1.58674527985689,0.584397182695794,1.15442354067395,0.701266725637978,-0.119762824473973,0.423344188090063,0.116694678153705
3,-1.39747776481099,1.54194258470428,-1.2279343152202,-0.601798469889145,0.810520863206882,2.74659380467193,2.05676955990143,2.28723732933316,-0.185111422742474,2.02390919206789,0.191569985299723,0.484143154768567,0.799169208479065,0.882020753628281,2.03353062085877,0.12632934004102,1.22499654229885,1.96895422521512,-0.697136006072148,-1.49174803676694,1.36192281378451,-1.78724404192903,0.297737715716418,1.70587270812759,-1.3724809149628,1.49037526882151,-1.74515121345456,-0.846553733629787,1.80218054792079,0.998430789417649,0.070085334122982,-1.32021153792922,-1.24168942794404,3.54248207279237,0.424759341878272,0.601205431810302,1.91576286333727,-1.456701634402,-0.141407452809573,-0.747112940106811,2.18272538673972,2.13490058488031,1.45627970363956,1.18523066420812,2.33315264321852
5,-3.18446583353297,4.80794463602202,-3.12741782839398,0.766976843582543,1.94224783517715,1.72892031743028,3.71254708141691,0.767767028762466,-2.35073401252358,1.13663569718657,2.12000030922602,-0.348255207550989,2.67341114451168,-0.783835087342975,0.571721673286758,1.08572677353015,1.78684246204903,3.35848457637911,-1.39825433564439,-2.87405725207129,-2.39422038568583,-2.97712512600588,-0.114341072394608,2.25100672472607,-1.10415928676493,3.13016966807023,-1.02679997435794,-2.28010476740499,0.996665309928902,-0.0476794781399957,1.51825865864257,-0.0594000674788775,-1.48496577206517,2.09973972112837,-1.34266578107789,2.62482981688601,1.14211242595942,-0.890023297033997,-0.471057196793685,-2.67729446578585,1.95215933098388,5.44792089643035,-1.20546066603925,2.19546076675865,1.37585671274429
4,-1.24094173202462,3.78878326039611,-2.10522730517062,-1.29512916141891,2.25631180484661,2.78247975075792,2.2295195053104,1.08893021734125,0.699076469850629,1.23682442908277,1.22893699245224,0.699853120567325,1.5216824353584,2.46156635774979,-0.300555940361911,-1.80052230361338,1.63727119840847,2.34883679669504,-2.28291429329258,-0.905274332442014,3.49807564811148,-1.41505973356698,0.994110500572479,1.50267582121879,-1.4388272448877,1.39504506783412,-0.761360919852761,-1.91607986466071,0.874487772444276,2.69134702116737,-1.46560843194234,-2.73811943934203,-2.48784278710409,1.75579292595476,2.70305735354078,1.15577225791217,1.97260033903102,-1.14373986357172,2.11958146567097,-0.633659311915047,0.718873932535993,3.44309979540033,2.13023772077699,0.945220716801156,1.105325409669
5,-3.72147976103786,4.35968285682402,-3.47150820495089,0.164631627394841,1.88650777288703,0.909578192873807,3.06360636835972,2.52817944457201,-0.662245747340232,1.3057193549944,1.61272815637144,-0.311231117686432,2.15024747382125,0.750439299138194,1.7447627366135,0.693753507701772,2.57701109699759,2.36847338272748,-1.66939269758722,-1.43000193310465,1.12885493097591,-3.7949847167591,1.33342361051398,2.29877691852346,-1.75041235440336,1.74850247256964,-0.685687610644766,-2.82535014343662,0.934701510753034,0.783942128785037,0.328763828463985,-0.637478466909163,-2.32527231263613,3.23712812828253,-0.747484184478658,2.24185467525684,0.998236057201552,-1.48102515911589,0.062042907325529,-1.28066547662075,1.97014430700403,4.63187310404274,0.378250500721521,2.01098706122828,1.32243291063816
8,-3.24981055157866,3.08988757739405,-2.88503539637427,-1.28239822274322,1.81444599968529,3.30377604559098,3.50388245205229,2.42048979067754,0.728962855721875,2.16210798767193,1.9666603864151,0.335580977434056,3.34065338089162,1.48704592920358,2.43051062586743,-1.50763183406673,2.3698952899637,2.12667898095963,-1.51943347440702,-1.75583525773441,0.851423447446392,-3.37722369789885,2.62036179940861,3.96009827245584,-1.43969914509821,1.61305132479773,-0.966549674704531,-1.55356469870227,0.577861407701653,1.20297619305328,-0.804985844474657,-1.40344123748159,-1.97828434538838,4.940329725789,0.883014217567318,2.30293535845493,2.39769791048525,-1.41524126883429,0.44967728663807,-0.435875299681285,3.4602135591624,3.44893086439114,-0.0091701804707564,2.42367030352716,2.16024475356263
6,-1.46224956377937,0.816612979083613,-0.555192131096347,-2.38463749989743,0.207460144894408,0.515724091941091,1.11426628100124,1.57646134650754,0.793400829438532,1.57477603057489,0.909662456747308,1.50857802589226,0.769004901931014,1.62768029732815,1.00533902209496,-2.77406914290466,1.08134756299617,2.22074158708315,-1.13781133527,-2.96589475726389,2.25501075364775,-1.8144419043649,2.33570476029011,1.88126312808085,-0.797450676314427,0.816294887834244,-0.0966656807093227,-1.75897623511793,1.54821165543274,1.39767588039721,-2.06022696196476,-1.85958046126478,-1.37686696873641,2.07723189366394,0.262402994744533,1.4119209640954,1.61460775365339,-0.730503925712153,1.27406381387111,-1.09694251919517,1.56535425054974,0.669262842263885,2.94140670624372,0.456410604962373,3.25000087079711
0,1.83931064797079,-0.564139922351718,0.180312120937039,-3.60453702192054,0.0376662301868413,1.72409553201282,0.372597226220478,1.47176126069342,-1.02053058452915,1.61674132911335,-0.793948742168277,2.00785141576314,-1.40602368446074,1.79552251394166,-1.28689619182424,-1.92707417807066,0.111598043432808,-0.655920903342378,-2.17914520721864,-2.57350993312112,2.71211835038116,1.59479242333147,-1.65978158026479,-1.9261416927296,-1.51051930335242,-1.05937721182033,-0.83226102223554,-2.62050429918737,1.47778712727942,1.57454359374188,-3.10709388585267,-2.47617555651044,-0.152018666066468,2.90147849673177,2.68190578672397,-1.23874166121821,0.930975330240522,-1.50507042887868,1.9491763521751,-2.15339903987959,-0.560346940429937,-2.0435939903656,2.57452317280436,-0.407838252967592,2.81057984548181
8,-1.83832670161529,2.78555720594325,-1.78501126223614,-1.50316026361386,0.965214984162319,0.639430491366301,2.26497918360181,1.60144969227761,-1.15865084584618,2.27913783364188,2.3569745245292,0.533573104354067,2.0537568368508,0.781199887234781,1.03675245733779,-1.42170140021077,2.09246626828258,1.14851871989145,-2.0008220988892,-2.48533042719254,2.17061820126163,-1.74213891980415,2.44426683019386,3.79255287581819,-1.80595323396064,1.36550535247545,-1.47717492838043,-1.71525323107144,1.77126094600952,1.96706489064157,-1.07241154482573,-2.00490114483585,-1.69731544224295,4.37500228095137,0.700563943153918,2.53290090504566,1.80306401206965,-1.19864221857231,0.293124629773371,-1.66083926488328,-0.117586326309276,2.72110057656029,0.971852341846747,1.61023895412051,1.32798511368331
8,-3.23176082080937,3.50337980789523,-3.52359361403569,-2.14657416318185,2.27614030615602,3.45992436621057,4.19753974248894,2.22770821357957,-0.153991444897575,0.178432609091611,3.47987522691895,1.32677804730343,2.81513125029532,1.32173761066758,2.68172849391974,-2.7571576962291,3.16534834169602,3.80595897486566,-1.38938118593264,-0.483228733383411,1.83822227808157,-2.70090238969361,2.91839315318045,3.52224736706756,0.99758317811722,2.19271315804554,1.35626710925651,-1.05418992065292,-0.787063921656361,-0.89788148976264,-2.19277935540542,-1.91604469308126,-2.61442398144908,2.05180735597656,0.312736807550684,3.9793439269128,0.801177957160519,0.603074294458787,0.951412382495172,-0.0554302764692736,2.66820726687726,4.23885511692325,0.188899518533964,3.1161247463629,0.901456054274918
3,0.0703336838777782,1.49012922671947,-1.73042634667088,-1.56009225150919,1.7480900006603,1.90077888516564,1.65749953551836,0.139823322373268,0.536504911308205,2.0738957790661,1.41191360568505,1.52499334084096,0.396956900153468,1.46285827095274,0.359973120417513,-2.05519708213103,1.13326678293561,0.374745655384095,-1.64976578358215,-1.96861962080534,1.61560474086945,-0.347295874371529,0.727623079233586,1.84436830799178,-1.76248910894827,0.0778057565441942,-0.419915794086212,-1.06285923778333,1.32184081166935,2.78232823721011,-2.29014749996251,-3.28082438842959,-2.05471184581188,5.20270375789726,2.08191665142616,1.64009500658886,1.89182115383062,-1.57546845601463,1.41420224998441,-1.32979416662677,3.76864181330189,1.47280466358775,1.49909040424635,0.90992092239707,0.896157910433959
7,-2.03217377003479,3.0074112870977,-3.16474783506396,-2.11119435498879,2.31568997791349,1.62100181956131,3.15896472182856,3.93885745246371,1.71822804694636,2.6023056151264,1.61827235962541,1.56509200058086,1.80789559195879,0.797991613850972,4.06693525320046,-1.62943631599306,2.25609520118872,2.91461775934313,-2.77596615826815,-0.0783527499266289,0.941826839686142,-2.29587656575177,2.20481217912709,2.730972109892,-2.50878162401901,1.59656193542048,-1.27206302689864,-1.60014771519868,1.4386060218369,2.58560983551642,-1.96144267648539,-1.92931359011238,-2.79126760119403,5.63840021292856,-0.305675856784052,1.06902792152679,2.20785568742504,-2.33829465350984,0.894874066703013,0.593308373228087,4.42985800400409,3.13843399262153,0.956309771809571,2.05735878052968,0.900077269957295
6,-2.17907657718105,2.04289834961669,-1.64562050496338,-1.29836120971735,0.565085296130679,0.473869225668186,1.75998322927522,0.49504344239832,0.602131453577775,1.3554458169164,-0.552764080652888,2.03629114744532,0.510869451353629,0.171979507700494,1.47232899181549,-1.94160659716356,1.20049215803962,1.10217044438095,-1.71069165583708,-1.27861402927741,-1.06353022971694,-2.50146102981831,0.862080824398711,2.22363425206041,-2.01461392903463,0.60236376517911,-0.610370945566777,-1.12986511874681,0.691214767118045,0.356831776021839,-0.552879939649429,-1.61331906700025,-1.58360698998661,2.73054525878729,-0.291580621983987,0.0296343143044318,1.41518610130253,-1.56215490643266,0.255092940925569,-0.590222612435314,1.56945970038716,2.08441948054398,1.00570257093586,0.729781066267335,1.94494037208814
9,-1.93451119976754,2.31261466949425,-2.54871883541535,-2.11599207461509,1.25956281564105,3.39542360844541,1.01440607409068,0.177967834149969,0.817116183775605,4.7618755747745,1.2755329811874,1.02509989531104,1.19858218480242,2.17188724451557,-0.424914886598494,-2.60687424075647,1.0054668277656,1.62460731873854,-0.846995936811601,-1.80895004469924,2.99854728706051,-1.64546664026895,4.16089647657469,5.14764435232765,-3.82923078489,0.71339021941656,-3.62020645282002,-2.08898788433539,4.46061725563399,4.61336202087199,-1.14286920900082,-1.66559960492387,-0.71607303334867,6.14132675211402,2.01650555047069,1.08129372805516,3.43286433656968,-4.12836418747159,1.45077352308857,-0.920734054374182,0.474730314571258,2.74218361713235,1.54669408629931,0.620380714858159,1.56917764190268
0,-1.7930656341477,0.476596685321842,-0.228399292276862,-2.40124372954815,0.419629020079913,3.01319492892276,1.52037325504261,2.11837985986562,-1.54719320367506,-1.45826827803379,0.566137448400194,1.15855579717267,0.84728062752987,2.66494352773344,0.180269462699494,-1.43569035802728,1.80496170168612,2.40553454529633,-2.74942268419534,-3.03020005699682,4.23514273745898,-1.23533036818028,0.360186064428325,-1.37695235290911,0.234127818236476,1.98976017168177,0.731698147263976,-1.57267295062281,-0.978950581870232,-1.54159376059663,-2.34048027638404,-2.41497114810561,-1.31233179737143,-2.96913391420365,2.34039866917029,1.39013936786995,-0.648273245756199,0.696697949902224,1.98209792671177,-2.09174924525688,3.21211708161361,0.308303505546378,2.68629390038138,0.917773515294138,1.22546451041201
9,-0.0369078239717915,1.80862237476833,-2.13835169919411,-1.35151382770324,0.966054338025501,2.21544119869111,2.34546429857557,2.7427174096681,-1.50153357367508,2.35324867213841,0.588000413778156,2.02281510248028,0.778628551286068,2.01735053825652,2.1848615058517,-2.06150982467598,1.32929939925441,1.18725837264899,-2.75688063760722,-3.09257985769908,2.60027890079348,-0.396305344095168,3.77454232496697,3.49221752948493,-2.38522341558276,-0.17160285977482,-1.67764419644243,-1.27899163433875,1.95956094077603,2.78609926679218,-1.98283239940681,-1.09376565272651,-1.91589368747405,3.09282778063201,1.63545308333969,1.04013676405549,1.08963211303652,-2.34903962656664,1.55099600925966,-2.79110206488078,2.23401080121684,1.46892676823081,0.656334123758306,0.535914019157411,-0.197885740364476
5,-1.33669938051333,1.39985780011043,-1.43041095515743,-2.5172840220494,1.03133050064868,3.50915692794154,2.59021128382182,0.712285624750135,-0.0536639202958464,2.87671202410102,1.72472033357664,1.08271731866685,0.978664572331984,0.756079232452279,0.429441255257093,-1.73444023478548,1.49394029202936,1.76400159649208,-1.58608342962097,-2.01933406030663,1.16598748190422,-1.29126704383968,1.32967045900579,2.15302045709365,-1.56803377344961,0.816097073326776,-0.601125603998053,-0.933935394122912,2.14777012699646,3.49978471355771,-0.886998416200077,-0.0607646340312625,-1.03301934317196,5.60137366350035,0.938582515135675,0.909252512817021,2.34828277053632,-2.2053445611463,0.907024641873334,-1.01316855259559,1.29844672705424,1.49772791924177,1.03650416940201,0.773284712463686,2.91963072642214
7,-0.438176753071966,2.38479664747285,-2.22107100628043,-1.84573583786926,1.85493349229358,2.70956124281837,1.91764667182107,3.48136212128065,0.183990254813107,1.08631569603701,0.945299978300976,1.82820523344866,1.47324665683945,2.10033091160873,1.33479036414473,-0.174171583557078,1.38026459664199,2.40194079544788,-1.3236678471408,-1.55569757348778,2.59245868424159,-0.799712848233129,3.29623448976399,2.22718764605019,-0.581167083011534,2.18969438990339,1.4747434333412,-0.701369279819449,-0.433083562905104,-0.292271826750881,-1.24677247538022,-1.01895032758992,-1.86283896082446,0.557077834674883,2.10837324279951,1.69039092833291,1.59760663165993,-0.0230336815426612,2.6299695850508,-0.824008838711022,2.06556431230809,2.58638530250984,2.65483820113809,1.00273590277255,2.72175103352069
0,-0.183873297167143,-0.208786679812949,0.432255235153222,-1.36514528116451,-0.0294642450706291,2.507717915652,-0.874883748122484,1.15126555516328,-0.969280601038953,3.34920604105083,-0.878549422788686,0.706708006474656,-1.63130629428234,0.811818610775167,-0.173535335303696,-0.742805603737692,-0.94489462075261,-0.99765795105651,-0.449090913471602,-1.98201225882532,0.940043760119384,-0.0999666203358365,-2.50675669490137,-1.11795090057039,-3.13411570416531,-1.61814473181395,-1.90678212838819,-2.42285185388331,2.29563336114586,3.32581115477807,-0.758552920002783,-2.25509417512245,-0.606868309013196,5.72221958107033,0.559969016281909,-1.44742174959884,3.47669897949873,-2.57977544327267,0.714731515117845,-1.14665377377469,1.60676083935183,-0.607587694178338,-0.251857678623352,-1.26863037124563,3.30651561023396
1,-3.43156460168166,4.99808549019772,-3.19994004142868,1.22969976190799,1.74908636975048,2.80876734046427,3.5398322346218,1.22954061789186,-1.1682241016033,1.47929829023418,2.61005892312348,-2.66357182174674,2.53790962790872,-0.24510595973056,0.915628735276379,1.24953831469383,1.83910177696461,2.53516966186964,0.0949598719428661,-1.88472958257651,-1.16342208708527,-3.45477124449304,-2.05784844935662,-0.22104623914945,-1.34757900056428,2.35785329424665,-0.305109431322082,-2.21271089816409,0.803969474091569,1.11672778290522,2.71739757034197,1.47827827445764,-1.26585910981045,2.65870024043037,-0.271957864743693,2.41221817617452,1.26626117456853,-1.21742972374337,0.207803797010266,-1.52371154632288,1.99197195869595,5.65176171053773,-0.0184272339757574,2.15269833379057,0.832895167568934
9,-0.129553298112296,0.298922209126486,-0.26656452843997,-1.04233267161573,0.140552965939337,3.74343774085005,1.5148890586899,2.12062099158976,1.5934053357683,2.4970947350206,-0.14972119492231,1.37293323581595,0.223321493579444,1.70114508010508,1.08450821278942,-0.0246448869874283,0.28465885683176,0.991623812106421,-2.00925200111813,-0.0282607267840895,2.37352346620579,-0.780858419446135,4.41164078768078,3.8416370085791,-2.08557312240347,-0.10872945996695,-1.99807344224973,0.585183036786937,2.51316639502754,2.02007645162978,-1.33804758252211,-2.59351029178636,-0.848193935612827,4.09141510077332,1.14267079223788,-0.530356999065095,2.3098757282957,-2.12479247494998,1.39925584149599,0.524001971146827,2.77680251198165,-0.304060107136608,1.565329982378,0.0884352285548499,0.281190921234436
2,0.886197938571774,-0.614070945871278,-0.653768599336279,-2.72281749974353,0.195989603850858,2.2812957299187,-0.479971672033638,2.45867714842651,2.67166402130575,3.83389067877643,-0.565659820722254,1.66422919127376,-0.359001018039062,2.1251080613615,0.269069339455234,-1.32745190736591,-0.470484916425981,0.819035162459941,-2.8434712745441,-0.338106293091836,3.06008279097261,0.5449380618263,-0.155264243419839,0.25391634252155,-2.71554768877834,-0.221776515430572,-2.02380801315516,-2.73446437149567,2.50699232735789,2.95573018904891,-2.2342532440294,-1.79259394021605,-1.09761241004162,6.74026005013714,2.43698248148422,-1.03643427695208,3.23146438657573,-2.56552134008617,2.07554966103752,0.177357944155121,2.94563218500053,-0.771975339505475,-0.0002864792111714,-0.503416218664129,2.3867814767396
0,-3.32162834982394,3.40933289231096,-2.46659634079621,-3.14292609113582,2.86557794257227,2.24419143964351,2.35641376126606,2.50054380434677,-0.363218288800729,1.50271704120749,-0.241944164769765,1.78777326569225,1.56882780672595,1.82630767210759,3.47742971452676,-2.851884533399,2.34306002453314,2.66879287002801,-2.48127675382813,-1.84899564644584,2.15794974565283,-2.73208382823227,-2.28736699784713,0.253520739456308,-2.72425012214045,2.24314746293417,-0.252828142892286,-2.25712018913468,2.07641051502492,2.38879847319513,-2.25598755325356,-2.78691766849349,-3.72804899779361,3.02602265292947,0.676458497395857,0.266330550427108,1.69137685092454,-2.37647103722594,1.2016647740038,-1.00053058014784,2.97936205876703,3.15514549765691,1.72672839439313,1.46265376439623,-0.14991680549014
1,-1.25005633683152,2.13800559728707,-2.46107794746602,-2.37937341243871,1.34254612530012,1.80633391975729,2.67519407263702,0.857422303425333,0.419631360083068,1.59884063991402,1.97385841923625,1.41138343769985,1.35080735373498,2.312750031424,1.46968737961391,-2.13045563759151,2.47561993351297,1.33648005737141,-1.56968216883405,-2.52158215366159,3.91154123991447,-1.05860192136146,-0.559493938973978,0.338745680926743,-1.07690086741574,1.27698174180327,0.183715248697651,-2.57861963510836,0.8601896541604,0.198002431340667,-2.72872940404875,-2.85247129937134,-2.04194047550949,4.08298618819493,1.28549788902795,2.65486745494334,1.66074875222064,-0.452678794336568,1.94102474348192,-1.49061113085113,2.09238209630611,2.04108173133347,3.47134361115607,2.08670262860517,0.735417481953841
2,-1.4834356408969,1.62821850750743,-0.988006560071034,-0.543673632292854,0.627575360673596,2.89934238417549,0.590807450404217,1.70377873067381,0.652627649850114,4.55694573572401,0.731501774313237,1.02660885954678,-0.614608304563395,1.57121301216082,0.212171469909662,-0.0369338828238327,0.682497404019472,-0.1917355764044,-1.45510683670491,-0.911333823272601,0.718253927909099,-1.35702650794114,-0.47824417899795,2.02829103179731,-2.49395147856857,-0.928013286475705,-1.5727273918465,-3.06888925363598,3.67397186610318,4.92866649267118,-0.319757479677024,0.257019476889053,-0.880016755828784,8.1305750718642,1.27526881084131,0.816402998644662,3.90388715087726,-3.66200908804624,1.17612816882882,0.0359700339445965,3.58399236777909,1.18738002258355,-0.860774816914907,0.0452566517073438,0.885231061188759
1,-0.0386064656021805,1.362125411642,-0.0355815014757408,0.48257345461461,0.601194419612162,1.37821289325864,-0.815179158655353,1.31503997918135,0.866316689937107,0.594243027336126,0.279634005570718,-0.0816888891840267,-0.126313278389034,-0.932456988999671,0.198704740381151,0.497486858590309,0.779026285403111,1.0017024653556,-3.33839637632635,-2.20910348888085,-0.91350805444653,0.0248932926576044,-0.964592829729588,-0.194268726945321,-1.00464137529498,-0.334116082378307,-0.170369760699442,-3.23877590967638,0.156073601207538,0.560426373496868,0.842841231773778,0.769327992933611,-0.577927642870367,0.875046303506263,-1.47607270413708,-0.422958436947387,0.14663588472321,-0.529536280956647,-0.632670262322817,-0.7141839889218,2.37886636065489,1.07731548417768,0.148367123630451,-0.216459229035929,0.840765407202485
0,-1.60904070670692,1.77804779337081,-2.55747496486637,-3.10698005451301,1.439182090092,-0.0371158161336453,5.17005460012325,1.69117889678025,-0.667788746449338,1.48049841877943,2.69756334614224,1.6110101726405,2.96709104928828,1.87972304411821,0.996288061190039,-1.07010813666315,2.51813658143909,2.17464259898614,-1.15151209408895,-2.65969595093764,2.26507006375713,-1.84482412857731,-2.08666846893335,-1.59912532049509,-0.228461090187866,2.79403432734168,-0.198467134835293,-3.21741690066485,1.38450021542365,0.694934919774449,-1.70411141967308,-2.07701610218787,-1.21342266709233,1.7799383052209,0.8388566548449,2.14215472545798,1.96464848174655,-0.885585573419929,1.27896871995469,-1.76566944959626,1.29072669065602,2.30757643833748,2.36368783165152,2.43123292703236,0.766167519508951
5,-2.53916773562009,3.33974123404962,-3.11930465680986,-1.97168441497602,2.30976509200209,2.66330215383834,3.03850308305321,3.37271093595837,-1.76363332683509,0.90753688241467,1.57802857252317,1.58729061712534,2.38103799160321,1.31136386099271,3.60318429667153,-2.10736087617105,2.44551855297735,2.58329725402274,-0.850335393957693,-4.34411140126473,1.7072512810946,-2.69663866848307,0.944301331832585,2.82407148720388,-1.25775092894176,1.62455900465345,-0.618158840606685,0.161835662349975,0.983613549951609,1.27185901580946,-2.20069534484454,-2.05415386628897,-2.59402528719107,2.07023817830779,0.3997844548878,2.61155206368883,1.79381886418994,-0.759494842651903,1.50710603929229,-3.4479267659098,3.26950386502067,3.92773222093461,0.914668311315003,2.46841167151118,1.97924573387107
6,-0.169805456717977,1.65402882822218,-0.968873511512341,-2.21758135915182,0.72270259708065,3.41141919570226,0.664062924584789,2.95932471344776,2.51428128984423,2.25230403175174,-0.0676854561645545,0.300659801687221,0.846285791814041,0.547883398248818,1.17342841761285,-2.05595964172258,1.2303092513369,1.06075586860242,-1.38921642825174,-0.158750676912568,0.885832616069401,-0.396264039451683,1.52101646004848,3.62794461023627,-2.31782253046753,0.0533471893174909,-1.99160733761367,-1.19886348410932,2.27206984932656,1.96997780215472,-1.16211008805129,-1.53574984604041,-1.92195608933154,5.17774210088017,-0.336751958900005,-0.334452673064169,2.05158381860752,-2.32116222633518,1.13647710133542,0.847210649644587,2.46110499742627,1.33919566018587,0.123787090339828,0.344928606670729,0.596949350322743
8,-1.48319975434385,2.31998235517381,-3.02205388407357,-0.715181328734015,1.04934297663603,1.81569445289012,2.76261450505073,1.02156770394649,-1.30825568724988,0.688448415255033,1.68842031647338,-0.0388054920195997,2.69443641696095,0.351185998132795,0.586024051999991,-1.81023846141024,2.08428546603422,3.74250562726054,-0.404162544516085,-2.70547763183424,-0.67817493981712,-1.33780762111594,3.13936026381296,3.80685134073989,-0.935983501054074,2.69657174945298,-1.23357350426295,-2.06032478980211,1.08253205387953,0.637074418725374,-0.574667707559033,-0.493945783303256,-1.01238189703394,2.44515832193398,0.153728619283368,2.06882674730834,0.785661144132369,-0.826474476461424,0.30071285311053,-1.8608654013056,-0.437303339583787,2.43268536786365,0.711440935215826,2.18347847619067,1.65057586083468
5,-2.29184004859604,3.11006481739896,-2.90569065316741,-3.56787832298532,1.87641339117294,0.739427738096809,3.38200388026974,3.19980777808293,-2.06682063663208,2.28845555161275,1.58903453526673,2.16935606701544,2.05185906661103,1.24532671848549,3.17254635278312,-2.21161260047957,2.84301901831024,3.50090275012094,-2.44122087183217,-3.64405292045641,1.29162064679498,-2.22139459212798,0.49261288966083,1.73938195433639,-1.89147151770367,2.93045621989889,-0.670501677401856,-2.18966290866513,1.2127549833031,2.83555573464118,-2.32239645474003,-1.15844344164302,-2.40522958142219,2.13577457365221,0.34080315848211,2.42703216645175,2.42259028104977,-1.58645719824735,1.00729697185168,-2.73558167345692,3.7015633037363,2.85437357625772,2.24289714972712,2.58632842574638,0.995662688638777
6,-1.53589465808701,2.83920024368689,-3.33186641988682,-2.8519166987705,1.1889246073177,3.00896574606623,4.78237890286398,1.11938997576553,-2.11667945836651,1.44311387297016,2.75290199892072,1.68782214996248,2.74674698649813,1.53547152412755,1.05665019610231,-2.01086933009293,3.19008242333976,2.77817742665581,-1.03794252312317,-4.12403505975641,2.14267630649676,-1.41113671784573,1.61385035609283,1.97811185227206,-0.578222826039163,2.07356597305816,-1.49953960386002,-1.84853581072491,1.11568437455691,1.37183166767462,-1.72033212388712,-0.538165254135956,-1.41324663291058,2.57468808483013,1.70143681241764,3.65053320081019,1.7153889170832,-1.27956542530625,0.978271401675136,-3.34348842616621,0.996407733125771,2.70304979541627,-0.241068488473207,2.99160620662813,0.252428637537917
5,-3.82041182728076,5.14623034847456,-4.58991298695163,-0.537213644276676,2.36420482596966,0.717800007685561,5.07873391165463,2.38278324916231,1.2532174148474,1.71294106286127,2.5135117494789,0.847509798018242,3.2181057846358,0.932080006756648,1.80686958315162,-0.108633581742429,3.51583766897543,2.95945793920692,-1.019829812612,-0.729672404748454,1.49732725420865,-3.78085532509515,0.363070029638503,1.86633047027987,-1.82466467465474,2.78261523086974,-3.22865235210046,-2.04661051147185,2.7001948180359,2.01490972163641,0.42540814055855,-0.142802451299905,-2.67081892309161,2.48913699986793,-0.0430653045989213,4.0049084125222,2.21969812829247,-2.09326923395717,1.32922738630149,-0.0427931107196107,2.71879732579697,5.49479316046572,-0.349569100125922,3.68268579563922,0.586959006542164
6,-2.31705735542606,1.95223648952314,-0.916401159498213,-1.98630879438574,1.7993206707505,2.14106295874672,0.80644804366179,2.22893421823679,0.422697099012984,3.20410402538601,0.251057952533982,1.29503056145052,-0.0222719236741927,1.55303858048385,3.11232520751486,-1.67438762955207,0.888910077286774,0.76611852388524,-4.13620520424667,-1.46973046918251,1.85625956518664,-2.53323628840591,1.4868246355264,2.47897549315163,-1.94129568002983,-0.0168125075986937,-1.51927668921967,-0.847685562447869,2.00554372342193,1.16424623875275,-1.75316925433664,-1.48862500650705,-2.64853508279666,4.97598628189169,1.5390684662473,-0.670808306661282,3.04931251246105,-1.93792519834086,1.38658663553534,-1.06101653805242,2.50558609213167,2.44979146707281,2.1744817914465,0.0526761173127457,-0.190504748425463
3,-3.13713036807526,2.86544464683041,-1.84020241688897,-1.90862147003817,1.382803779027,3.03664824311218,1.78947143314385,1.90337786628332,0.0777508331987235,1.40730869137851,2.32404988363762,1.16254074553962,1.15040755535618,1.53528807082839,1.18316172665117,-0.700552416163338,1.63008004347782,2.03365864455633,-0.713703818853864,-2.33365623753239,1.00456989448803,-3.07568001533443,0.62740325020174,0.884846010154309,-0.857197326510128,2.16097075443839,-0.617348096335137,-0.545227730126564,0.785408593665809,2.46557179187412,-0.918894439175026,-1.81474952932593,-1.7767778498146,2.76609196153229,1.08654373777307,2.35634232054148,1.72146352792514,-1.03441228568862,1.2714010129852,-1.24716973314132,1.88459652259871,2.96598672382268,1.42448844747858,1.81076363644243,1.72644239183675
1,-0.644921886702997,1.14603952325569,-0.0247971172549101,-1.09139079851658,0.517915754651724,1.11502133513229,1.21594315021786,2.81216710462677,0.598659117306786,2.03753028681879,-0.150734593753729,1.91954350213932,0.0098688872750469,0.923113767570298,2.85878892753274,-0.519811434602313,0.431862836951275,0.855297579160836,-0.17074240754468,-1.30751580448565,0.618458513961117,-0.702601526685695,-0.458967570486477,0.195755395133426,-0.753600277275757,0.219216111748779,-0.060598175391634,-2.39414900429994,0.267945654409201,0.835532444521626,-0.481572426099852,-0.0994900998919837,-1.98051009543714,2.11849081867874,0.103110519239074,-0.662158980216405,1.60275109182806,-0.554018316109102,0.023355231702794,-0.929083191711341,3.98307766845149,0.551852923351091,1.5504035752287,0.223511880275036,0.978266506353936
6,-3.3635495932517,4.08538923011358,-4.76288212107675,-3.82260028500454,3.25995242282485,3.78515402306456,4.79729092988376,1.74213964931914,-1.00264569368468,2.62786989659114,2.85977988020572,3.59132273958639,3.57499802312724,3.07022157664323,1.22239217616604,-2.98189374324369,3.51607330092482,3.46756947753079,-2.57665638929621,-2.26330962825437,4.64106017515336,-3.29082048512788,1.90871144964667,3.35017493493039,-2.32490382130745,3.37033721032714,-0.0760893805623497,-1.42709754221378,2.3732288766236,1.99787507843227,-3.56254277384807,-2.95401282378631,-3.00370335593506,3.94583908599765,2.8934512848877,3.94004636211549,1.92100284217617,-2.21213792030176,2.86719629745094,-1.87649579589755,3.68945672568295,4.50141111710745,3.7725798199007,3.57359954199232,1.02956255437049
9,-2.92076539242244,3.88477243757192,-3.11722523000934,0.712647917528533,1.26328563188911,3.271991060892,3.12647722368214,1.05176525455334,-1.33379709694326,2.10199769120684,2.11541485678877,-0.351400888864248,2.04287986516161,-0.137304243079297,1.44931109363355,-0.520749522148492,3.19452865188627,2.20307467693822,-1.21995449774692,-3.02797452569293,-0.857322713347374,-2.66789005640178,3.98876679822394,5.70462454310294,-1.49207161798709,2.13253639679404,-0.561015496910832,-2.01934447027998,1.3198410239574,1.44124084886139,0.729450419938878,0.119508221763545,-1.21034114992516,3.13725518202486,-0.98933832432191,2.43825823657801,1.41590285388129,-1.37897517519622,0.171105664810437,-2.22592377124534,2.29556275662755,4.17848482431457,-0.335289425057092,2.51617969785508,2.1539538762709
2,0.59694940570509,0.108948776773285,-0.424682591313058,-3.56404952759467,1.30533571532342,3.34250952108738,0.908369700627345,1.5834289178356,-0.676674478864872,2.86162583650713,-1.37255805029,3.65077282850331,-0.896732034160668,1.59403054598426,0.626943788655981,-3.44025693096484,-0.0496566151472457,-0.603202813297392,-2.66751542355458,-1.56479794378219,2.22404807811268,0.358683050524236,-0.232383177580907,1.29136611340306,-2.62171068600372,-0.853673246077284,-2.6940725978685,-1.43111382264243,3.46234348094829,3.35241752342269,-3.79616362552731,-2.44793134403997,-1.94210037504094,5.53019801352655,1.29121413372896,-1.09437880332334,2.96512207927331,-3.10416611246054,2.25010824819201,-1.19267067362938,2.82852524979445,0.0628100046026283,2.24152257408865,-0.598523947939097,1.72482383548729
2,-1.27665653841765,2.12694590329111,-3.0901762376532,-2.8627295425788,2.2493750695945,2.37029025413502,3.19242813664908,1.38849235088395,1.94693932208882,1.36610207295325,1.23387261230213,2.08030822580585,2.05937347976403,1.73318794106079,3.30464730128952,-3.12293633518761,1.22044885850473,3.14042071883445,-2.63420015987742,-0.616615514170038,1.8106853041487,-1.24794653744503,0.111561850511939,1.20932546999754,-1.52349067774178,2.54105402516994,-1.49157421634521,-1.33730087428342,0.587352327038184,0.807038503784733,-2.74552070188011,-3.75000316116354,-2.49814802226586,5.09455848130306,2.22549382728526,1.7772801654874,0.802845122637291,-0.706430044730066,2.68280571946438,0.156143052803111,3.42788248280691,2.52154673985075,2.03656771280517,1.87404755980402,-0.786247630958687
3,0.129754434396997,-0.778736059345213,0.633604661519137,-2.45273829411005,0.368144148331498,2.40047794967942,-0.680176066521337,2.87613357340547,0.775032927963266,2.15825041687208,-0.769390148537089,1.17511691007633,-0.881462294994221,1.0753098924231,0.206142635581907,-1.52809980625082,-0.243500747501014,0.0483879971291934,-0.479136131366656,-0.466281227532646,0.96391578243378,-0.0854891887193074,0.69041924216154,0.543098953142212,-2.04739974881091,-1.32168450461732,-1.80966648360909,-0.754929317738324,1.69099770053215,2.69949142459225,-2.0214893164923,-2.45250715953767,-0.597010191977938,3.20147398849378,0.636326923419308,-0.687631305981083,1.43858121199321,-2.14264330353728,1.03981018706003,-0.333348750191122,1.72024155834377,-1.017872530348,2.62025020681202,-1.03009484127862,0.0159716094448071
1,-1.11945558952678,0.887571967432677,-0.400606220752111,-0.240307936789542,0.43058972030275,2.55072823764579,-0.410962023147184,1.87222606795072,-1.40239338615518,3.03742763457359,-1.81198707547946,0.313822637473413,-0.517856311266569,-0.0447701545306363,0.863406604199663,-0.408871120250878,-0.254393663111577,-0.2891705886382,-1.61588186409194,-4.16571631698257,0.132820376002333,-1.00395819753223,-1.95556179447394,-0.267908603049524,-3.45834595243618,-1.18657799136549,-1.90254865760473,-4.43604524448789,2.93667320241219,3.30995312463228,0.437125010536714,0.451684294904761,-0.898269592093298,4.75268124340509,-0.494100559335378,-1.78371857425625,2.38718924596517,-2.97829330427261,-0.0939006843359459,-3.10864036192569,0.595009229089947,1.03112402875809,1.0343756430187,-1.20455403343896,0.469665355522128
0,0.116397196457974,-0.31821225008429,0.985689388579259,-3.63178463674856,0.953350136825985,3.08591065119442,-1.83267618597552,1.77183670240599,1.11953040931007,2.23868131431773,-2.14749130975238,2.39909166781964,-3.41729394677682,2.28974986552104,1.55832294856334,-2.88727275436487,-0.822976683800927,-2.01580951365662,-2.16597013485543,-0.47537145973655,3.43615720956021,-0.0492630558673175,-0.60923084921287,0.393744897442378,-2.19799544682165,-2.85559714097675,-1.09920505984439,-1.47182850280335,2.25835059095535,2.2113540769452,-2.78127447575176,-2.04918608483662,-1.64264887882184,4.30436499179251,2.16571123202213,-2.91117711916862,2.49172993803402,-2.31196051860922,1.45239407532184,-0.195163458322843,2.08735519281006,-0.915209750859019,3.1214773019277,-2.14865468587532,0.394195528519174
5,-1.51650689768995,1.76042161195277,-1.9023717754786,-1.83540518625865,1.30610517389864,1.25261257849499,1.03382500362806,2.35567980221015,-1.50762884285294,2.97595897596188,0.102417972205212,-0.567927882298785,-0.311409306374269,0.210654992899598,2.70821322906485,-0.52812463128458,0.86750955944571,0.709155532130452,-2.86604737035416,-3.35778773317603,-0.650877971935973,-1.94212057450618,0.65322548004389,1.74250469388324,-2.29975024368625,-0.130455644798496,-2.28051588757245,-0.919112899731293,2.74669702467908,2.88078911669228,0.264752663756741,-1.52717096972134,-1.69047451605179,4.58058982636475,-1.32609898446351,-0.292340497524487,3.38832279637974,-2.43573513557383,-0.77957559767862,-2.89173518302173,3.06028361430939,2.13331994103557,0.66462249848119,0.435170817565508,0.482165257690995
3,-1.37162057925026,1.6811909490063,-1.39315730822617,-1.18650996093727,0.977933417755203,2.7083717782901,3.04780769134617,0.707718019084755,-0.415642292341164,2.3754990885432,1.9051248805203,0.0493263026385498,0.396815669387166,0.776695749387345,0.601859750377646,-2.10032077644054,1.08281396303426,1.4084438152063,-2.43423325965179,-2.72820398766269,0.131219197660937,-1.41013947280817,0.286897940976988,1.52243091892653,-1.21652618543747,0.323821488152294,-2.24232879018303,-2.24285725112587,2.05162204481696,1.54575346755445,-1.47472286238156,-1.26095495073213,-1.2189426533567,5.45588463486841,0.81299762629686,1.58251659263383,2.84866781035189,-1.43551461108184,1.39859402643951,-2.04724207286661,2.17301955592096,1.40647391189,1.5718950713526,1.09196044895645,1.29828872895747
7,-0.732876398094867,1.2525137587156,-1.02301448839293,-2.55335338022178,1.51704820817669,1.35098667620937,1.52230856862394,2.92720699978721,1.83051961627686,2.30965112747375,-0.0786259442535039,2.18406883705037,0.426061785598383,2.51101651707847,2.79685464467795,-3.33829979760086,0.920794814575944,0.492804706520701,-1.218356530961,-1.13121033286928,3.9465595160768,-0.593392913636683,2.92204270171804,2.0254711208436,-1.93129892389831,-0.276158202677917,-0.310612095035329,-1.57832659451856,1.27257386693954,2.12789407234119,-3.34670089947819,-4.4038110853361,-2.02134095762873,3.14624859563007,1.16349871962814,-0.0757832243203823,2.34180421076684,-2.19859751045056,1.4766787469557,-0.15910596484729,2.6209136840427,0.87323924687091,3.52852089043152,0.650191502542013,5.92139801678674
8,-1.97169594845982,3.0606937219128,-2.35663802971211,-0.713833415619235,1.21094109260858,1.7012258789269,3.54204295569907,2.65786228401813,-0.0855487650704376,2.81198779762005,1.41456062497319,0.0811907388434598,1.57666047221838,1.25085740493802,1.48243462590941,-1.01339796519393,1.46910619549937,1.51562265834052,-0.420113810919138,-2.11566299703665,2.22349970498356,-1.81953759856018,2.61683331615394,4.30254805309501,-1.7919905598304,1.01363416033441,-0.953427286570481,-1.36312625975401,1.39565702035891,2.34280988448023,-0.511283154335541,-1.02968380026153,-1.3953666576052,6.14618699897266,0.406273839769062,1.42470464097314,1.95274459595817,-1.2301458846312,0.742087522545995,-1.22861357756546,3.1302679693518,3.28673169217452,0.455172643161609,1.99880564588461,3.03744693267779
1,-1.07830177958159,1.34161329090277,-1.4445422277449,-1.11006278061336,0.558068567106363,2.44007861227063,2.06743749147649,1.26420929248723,2.86954637676209,1.79825772911758,0.567370717363462,1.11053672307604,0.432253420464891,1.40830545199147,0.421645095913268,-1.39529646557652,-0.256796074889179,1.512713976125,-1.16038440720948,0.492687276671995,2.40136964057705,-0.955587643988232,-0.435409096371001,0.0686126124630157,-2.13495843233959,0.975086163454128,0.0470674774516766,-2.50310512963639,1.0410891220411,1.76618175791784,-1.25506096944528,-2.135885805764,-0.783978622365146,3.31293463966449,1.46657398736607,0.122094241432751,1.49678152253822,-1.38236818520753,1.33100488198616,1.4311759321258,1.14966710641105,1.4139132826277,1.19089014720496,0.356147802182616,-1.26523919808847
3,-2.83760437043221,3.60703361678005,-3.02279026080134,-0.618625549662886,1.55153415629258,3.40195182175758,3.90923357380057,1.56275912318943,0.232557764143374,1.22208020163434,2.75447374043472,-1.23996492269379,2.58179529459166,-0.275094244270654,1.85536031178471,1.21573145631878,2.05759599762586,3.86851964048986,0.0238248912289458,-3.29954043417052,-1.31447330165489,-2.56244931276234,-0.77416863286706,1.64711208050657,-0.581514971887938,2.89339483735512,-0.566067553077346,-2.17751919872799,1.35169457302019,0.982820999001981,1.28373055869917,0.673326602385788,-1.56142596394967,3.76869629033256,-1.12818065668117,3.09289403241253,1.43006560825398,-1.15451935516527,-0.195443021887143,-2.07474947782273,1.64138182775346,3.74894563980233,-0.5535098414166,2.00327303082126,-0.0962670784800283
5,0.490038690590502,1.04648555180848,-0.507137993694062,-1.05607246981612,0.567446724161751,1.9472585796156,0.883240667739452,1.13081116020872,-1.07399936403368,2.15378891469101,-0.811991844710556,1.41675981361839,-2.36750643939693,0.543077764873569,0.835599764540003,-0.997613599538224,0.112197491486756,-0.656761338209559,-0.397718376798234,-2.83752206231559,-1.3538050212224,0.631599275213443,1.75370114385823,1.20578978272082,-2.59680246111986,-2.01460503843796,-1.77085222717146,-1.9994440372476,1.99448176593253,2.05874789139056,-0.904288508403184,-2.6761000109063,-0.505060476406994,3.05000909043363,0.213476050768092,-0.77996718118541,1.676870698089,-2.09539599329303,0.32262358789073,-2.01291560791095,0.646036258154344,0.3788180239653,2.20384739444846,-0.679661263327846,1.39739683845255
5,-1.62518241035928,2.83403883231693,-0.975751679096962,-3.52471477162465,2.0115832808222,0.489696225768193,0.0081600791430265,1.25932418010767,0.612854694740774,3.60673424160072,-0.44171710275076,2.57060243062332,0.209972562769905,1.99317908070551,0.293222326274322,-2.90547294649639,0.825910318126558,0.572633062881093,-2.23430619046975,-1.62904370850185,2.51209243970729,-1.76075877422931,1.06505015381188,2.34886488226538,-2.84497806510955,-0.207358013014627,-1.92722529280727,0.507432043144318,2.90462522036001,4.51810237924204,-2.88547352619048,-2.88798284778353,-2.1411147669107,6.83875493758817,1.71109895992616,-0.875460712047748,2.90047968889928,-3.29535014028359,1.44358956162894,-0.918053139057726,2.35842929208268,2.74245938349507,2.47128993042459,-0.384063652053308,2.43280142897432
1,-3.53000823453642,4.03481462439361,-3.23969156267554,-0.281234607313822,1.74071275911801,0.334088005643346,2.63107470219313,0.370625582029327,0.188239561864554,1.06736441217888,2.31353703894781,-0.321661391938938,1.94136459418583,-0.439466799491955,2.10373238691479,0.050298392062002,2.32479083675253,2.26882754544801,-1.19296674060083,0.439493466522553,-2.10778232689112,-3.59673955514398,-1.9099552332202,0.0031387403345213,-1.36075491395317,1.96181810905793,-1.62107783098801,-3.37986834308693,1.14181671409513,2.00220515225343,0.127561680267598,0.354143705598758,-2.01314550376701,2.86768047491016,-0.629349185397911,2.48137696075447,1.38103886871533,-1.61280586123084,-0.0573016762364019,0.167386401999628,4.29608653126988,5.04942102368722,0.532491331890402,2.21976446229051,-0.254565711321408
1,-1.59736971955683,2.63006554743977,-1.37219185581832,-0.871902346871431,0.864822702725713,1.80252008625327,1.53712828575752,1.78050028869564,-0.684517571910744,2.54615997756584,0.150014121303595,0.267656133000476,-0.518000022571423,0.0249915990180285,1.52556194682682,-0.210221345249382,1.14180804790707,-0.480950780896742,-0.499922660717627,-2.5291053114875,0.109351039880674,-2.15806426695777,-1.38250152966408,2.06064479581758,-2.14246888930986,-0.857747707861171,-0.543752384715168,-1.05064431027456,1.42563578362943,1.59736582755761,0.246585633492858,-0.680456811334939,-1.56521931085423,6.40086186237869,-0.192609315774844,0.282365726557217,1.93828232244093,-1.81050833837309,-0.138303202404623,-1.50686801963645,2.34735330884657,2.71117518317402,-0.563889320856416,0.278046023826382,-1.0904495269842
3,-1.36494709702351,1.62010916912651,-0.848881227201011,-1.47471879728553,0.744306451554189,1.25640937146931,0.924923143267144,2.54452943053416,1.20252644632263,1.30485002330232,-0.0547375548107121,1.8668622061872,0.45807111632567,1.56293065313648,1.39500007761946,-1.9039140760599,1.18700734842376,0.34719299520747,-2.06846323441482,-1.24950150269822,1.21679854134177,-1.04560921433168,0.374517384679643,1.22329728859084,-0.925960324252325,0.496774885286668,0.904094862203639,-2.93005881124006,0.493816203174036,1.31315639083772,-1.91288402227812,-2.0566223180265,-1.13460136344568,3.547111018654,0.74367197369678,-0.512939608314635,2.16281039126422,-0.837738601339942,0.989881219673775,-0.318460351027967,3.3337736182542,1.1800679646661,1.14323297772511,0.25914692107646,0.276273325766654
2,-1.55186509608268,2.24718236346521,-1.80212774893674,-1.81429923187178,1.28395653820658,2.84712762074032,1.36647470790048,1.36032886832166,1.56241059637599,2.0799946561992,0.504927461616965,0.631525014261051,0.831843809522098,0.984648488980523,1.38994699451317,0.442324969212638,0.922996717841952,1.68616652654229,-0.986977919178762,1.31335203180716,1.38298779521751,-1.87848134873523,-0.108634878651238,1.21036103216466,-1.92216802951422,0.753151375169408,-0.713912383371152,-3.04369962605821,2.21143522167552,1.97127785605135,-0.550240550846525,-0.975032453158692,-1.58322815754127,4.47670078643915,0.866652585831072,0.698438223648566,2.06500711873617,-1.98323969943611,0.736787724153122,1.28318141891823,1.79962693284378,2.27753328526257,0.167155746105319,0.611488074655762,1.61029481838469
6,-1.04641700859398,0.984656832270059,-2.03375907489178,-0.292182538330387,0.976918983023328,1.69615723979453,4.16823970875477,2.83530636434904,0.541540429311322,2.34048576116699,1.00113808117724,0.533518733625865,2.33058531296355,0.674652087170966,2.3309941246847,-1.63311423997517,2.76286649975851,2.15569831032875,-1.84329127162811,-2.07089540378186,0.242728685338257,-0.878493018722526,1.63118730731347,1.8700372873245,-1.27336465505748,1.41883984448352,-1.33070786690461,-1.83496781370652,2.04744019164645,2.38150307260616,-1.18501455514791,-1.15244412260428,-2.05141741601146,3.65694172610069,0.197979183015657,1.37305021043036,2.2190584307216,-2.01846115438874,0.826268247727717,-1.1838192225384,3.54050758042879,1.16724984348279,2.36804077282624,1.93826830600794,2.11382567971462
0,-0.825235217457578,1.10322098270824,-2.48741003457842,-2.72303767349938,1.60203618455984,2.13819514551232,3.23383581880434,3.0824000670052,0.534529908376203,2.57697525358676,1.9790719686935,3.3039544358465,1.51549690121931,2.39921743789388,2.29756550607787,-1.80236772760759,1.58703249332196,1.60754053918963,-3.06975636609378,-0.9934083506635,3.4183790638788,-0.939158377211682,-1.05483769685157,-1.06597755031042,-1.59082510866832,1.10438159776391,-1.17741323736078,-2.32016408888964,1.22062299990176,1.75163806312982,-3.35721788723383,-2.89612548848647,-2.07324485753676,5.06457144039849,1.15923376964215,2.25597816500617,2.4636746338381,-1.43071703509798,1.61520664435044,-0.430737075619193,3.56434187359492,0.730243252186501,2.39097957867133,1.55415939612759,1.22481936184847
7,-3.52824965290499,2.96446911154382,-2.53487856802248,-3.27726474916928,2.05094971992266,-0.662710439691566,2.15852182238308,3.93909958058026,-0.817619732000685,3.47332637027353,1.18855858448013,2.73139118320316,0.588983673245987,2.02520909678229,2.20233455199632,-3.66970123267033,2.09458617142313,0.763216066259941,-2.1186047566853,-3.00065569365826,2.31591424676886,-3.45255542398667,2.07399350460074,2.33592380315658,-2.85833036329809,0.496986926800981,-1.52144069200057,-1.56824583044718,2.25960424997192,2.89175681108511,-3.81025459223568,-4.65222318553662,-3.22279574284316,4.97168003354594,1.95399946132424,0.147312401975544,2.27549466973896,-2.59083672707687,2.27124543913506,-2.20096676410108,2.02059036224428,3.17275713066123,2.95620587059372,0.871079834154053,0.63183465666383
9,-2.03536162551041,2.49274664864925,-2.1553790746609,-0.933580575624158,1.17379006373863,1.3156758592037,2.57082454127374,2.25467632468437,2.60719444969734,2.10234888591425,1.12222364903082,-0.627493882419821,1.86331482939907,0.371322033503265,1.78229832051428,-0.52818412234567,1.57063932523027,2.58126391884403,-3.36787311124622,1.49159484364007,0.752437059633274,-2.35472233679012,3.95347739762808,3.32340092811258,-1.96384037914617,1.95387944648161,-0.0166695405264303,-0.620576239666156,1.43165728684324,1.00825424329094,0.0579555489351294,-1.65470843613067,-1.54503307112706,3.87055640875923,-0.859178959344538,1.34541636525116,1.61041971201562,-1.72374343458743,-0.442659294545037,1.4748566882489,1.17864252474914,2.91002661818078,0.72009841954049,1.27846301676644,1.66139506823165
9,-2.00968363486087,3.59704907701473,-1.46071085250632,-1.471332210638,1.73721716784011,0.086975606774388,1.36628275187515,2.08248466124765,-0.039232349926588,2.39875599666557,0.534072635750442,0.395687947946373,0.88353456926896,0.568289472139045,3.18713980741963,0.296257011886612,1.4928805989851,1.19567846426371,-0.4191615287764,-1.14627978282256,0.22536527786853,-2.21614681827199,2.95066358986359,4.36807214621579,-1.76098674007995,0.870484924993129,-0.74919704620855,-0.421390318025907,1.95525382626326,2.69552470622461,0.113398938491713,-1.22827955283942,-1.98723818457669,3.15003853085407,-0.305104947820629,-0.370971995451832,1.54571105453041,-1.92128620732391,0.46987087322371,-0.906611972494813,2.67434798013546,3.73209242426365,0.0107799901539481,0.536861211635185,1.59813139672676
9,-2.27407029340628,3.03493858864746,-4.03577057176097,-1.6534615530511,1.87520134288056,1.11682039949477,3.36613569467931,2.61138307558348,1.66430886162168,2.75696930090751,2.98669529860151,-0.275071270561787,2.46118395307302,1.15760785296863,1.42029006550289,-0.880876450783923,2.25762057249721,2.4562185158828,-0.606549708988401,-0.918751810488797,1.82495544182001,-2.50182892703235,4.91934006267231,6.05786374672938,-1.45040055950271,2.40683424368541,-1.42427707228199,0.397191951375336,1.55971733490091,1.64913862074883,-0.673164153326684,-1.28191195744906,-2.18230684479071,5.3084643451617,0.694008461382967,3.22063460742938,1.83558802651728,-1.77750270164084,1.0393110627806,0.0503650602112693,2.50244058410779,3.9260116544848,1.19840085249451,2.6415762417569,1.5478240852717
8,-0.413431534802435,0.702309091765429,-0.503736058250396,-0.517875677372731,0.801918099011776,2.55198812724068,0.0925974745584955,0.413375634322893,0.218594576798334,2.92324577805927,-0.497610026555671,-0.602538744433066,-1.54174996260193,0.938275926298289,1.08560440274788,-1.58114200082656,-0.513951804714575,-0.788139241804263,-1.20246805284379,-2.05199612475279,1.08675709452296,-0.710824229591098,3.23928016079926,3.65085262751704,-2.4314013403727,-1.05147865693245,-1.16749615884077,0.534488562532671,1.79754730060155,1.98919449955793,-0.0547107877639424,0.394243516114666,-1.30660114242978,4.9376099508399,0.818548741686629,-1.25448932024679,1.87918943216175,-2.07649042398352,1.54280669312401,-1.0464082514328,2.19596892896298,0.728727412941582,0.364992343550829,-0.696854180199536,2.28188082179245
2,-1.06213702190499,1.57408483491334,-2.63272592235067,-2.27203999082763,0.732085093637214,1.43803984890799,2.73178511247795,0.346463173060122,-0.714659741193642,1.19419489065096,2.1339480831095,0.547488649313219,-0.0468244604711465,1.95385323069947,-1.38947283851501,-0.82439777977868,1.67539868017684,-0.167948445637437,-0.392259411100435,-2.10501220172431,1.92441797207227,-0.791730653291674,-0.128436767866393,1.48109461271955,-2.44951383853515,-0.747687244070551,-1.55012386208657,-1.7973789569217,2.18046099970996,2.73240898272019,-1.47655973332937,-1.90456798284952,-1.06669758077068,3.55458572065436,2.45890838671959,2.42609438896884,1.24348508292416,-2.05819947304542,1.90453244518566,-1.65939902579442,0.184720544221137,1.30038133489351,0.69725831829157,1.00553714031759,3.48460551826452
6,-2.26205738965917,2.26929068079672,-2.67388308219488,-2.72338018743553,1.52972014488476,0.962051772424718,2.89100607120624,1.29035166609126,1.07247283233573,3.89072177620233,0.459183521995626,1.5681724461685,1.28926323992085,1.59776540986496,1.79561290759701,-0.331832370767022,1.81735781955197,2.05649943776709,-1.79416504053621,-0.883327410591504,2.25175644466202,-2.47702852351009,1.71997854041479,1.46668606998515,-2.75140370207145,1.6941106291406,-1.53816773818105,-0.988107375508904,2.0392696134973,2.85262366370703,-2.11557020582149,-1.97388438178836,-1.98565948319818,5.91473270176554,1.4107135966955,0.518177534461155,4.16666539588537,-2.83639754090023,1.45629921511483,-0.279204037698114,3.24914471734056,2.33513986220516,1.24695079586133,1.66367338677463,1.11310618364594
9,-2.55586604273054,3.95178516894778,-3.73079236074575,-1.84793065477934,2.26271294673449,2.15944991162802,4.00562868084513,0.917357495130688,-3.03600721224463,-0.0728318245269404,3.3964012787416,1.96246099861726,3.3309737986143,0.895973428751935,1.46173945723685,-1.32088609718171,3.57641722404908,3.55710617749297,-1.4073765076444,-5.04731908390715,0.63252378067861,-2.48257343616017,4.21738515986233,4.12091833940529,-1.17673792265769,2.65760807199237,1.88706344733946,0.0832700294051718,-0.543587131692212,0.498238076212527,-0.98826380655133,-1.38059191015302,-2.7404605617423,2.25476640007891,0.439732039892159,4.48260103478279,0.842728448175439,-0.872163563856226,1.23806846690654,-3.90009148567353,2.48284051105776,4.40480419935455,1.53670292346035,3.13993895175889,4.26447027967117
9,-1.5032739424142,1.13756766933918,-1.16226131541036,-1.34909138822218,0.40456149604484,4.66256726637597,2.5393568899659,2.45074275478784,0.90215634653773,1.50413235010696,1.29509726353418,1.82041991021086,0.988397453324774,1.94633956086829,0.463369217419179,0.559510689932348,0.277322684177152,1.66748866283555,-1.41191923206537,-1.75331380295083,3.7963655548865,-1.4607053568729,5.52242070714131,5.41806189191552,-1.61258971088944,1.07781352235062,-0.0661258830034435,-1.03137985967845,0.0034726069007026,-0.213822153861971,-0.813969660511048,-0.394022627569325,-1.42755377924163,3.81365807051246,2.77924491925074,0.663346799040954,0.994824199117613,-0.906312741864114,1.75580378737951,-0.83998394579638,2.87147666783478,1.61778748247282,2.05454669981124,0.483949643028751,0.808729407999579
2,-1.90299757021045,2.48540932704014,-1.70011711354194,-2.77146492989684,2.61040261916585,-0.203243055709183,3.27756934635402,1.96707820891628,-0.270631431975679,1.65229136448936,1.24461296642087,2.84527440551832,0.788326621753882,1.288106652935,2.30407868625679,-2.34688220896739,1.40956643171947,1.25850964588839,-0.693959996766407,-0.793925640172949,1.11762286437302,-2.08068634531662,-0.469776300215181,0.454507146367298,-1.33755759190942,1.12205628220684,0.246874344536668,-2.30477106382226,0.659106693539235,1.22062791372979,-2.8949075609018,-2.44955442263042,-2.6229461547365,3.06103927328628,-0.232752261102368,1.09979760048579,2.2620956005433,-1.15175085491482,1.32991587011552,-0.680337357075739,3.77633033816287,2.46515775107829,2.54465528441459,0.837521294924124,2.5730971448441
2,-2.20526480553251,2.67631245026787,-1.98830429892401,-1.28717737062338,1.66675467524586,0.921927638786827,1.16191161123182,3.37673957884598,0.915598103486283,0.0308352628223505,1.58586693868012,2.50542256403152,1.6815175422875,2.0644748836563,2.96317833629751,-1.65161814841325,1.54130964451855,1.17846170619393,-2.1522439837589,-0.550187501596741,2.00944147617089,-2.15977881937847,0.635882106219827,-1.12863785029194,1.2760909508586,1.15118236342751,0.425318237849788,-1.23623179913893,-0.13991401456009,-1.07118597255863,-1.98797119743614,-2.77761779999198,-2.43019726494036,-0.541549502515607,1.15183019819129,1.69584354115722,1.58645683019925,0.840425479734094,1.20264553255259,-0.120918404341841,2.82415838756163,2.87943337065348,0.640838908309851,1.66636651623225,0.128507060401222
4,-2.96302188268211,4.2110568218094,-3.63994770484261,-0.0342878368007788,1.62569630828703,-0.660781162394567,3.12156740997774,2.00258193564437,0.0497778716906468,2.57637859857764,2.84795836903004,-1.34875094108831,3.54633593189775,-0.298785980794419,0.855084843783811,0.282812306850007,2.79401514499297,1.94440124033342,-1.7989350801394,-0.675213984958471,-1.56914860305718,-3.1593056051874,-0.598468446906746,2.47975676086256,-2.19089529931634,2.14197829980197,-2.66660999922566,-2.3153976605747,3.04656857202301,2.4301995272367,1.24990784960886,-0.111692366236349,-1.44854523232871,4.2782208823411,-1.30531114153556,4.0120527852163,2.59175682179183,-2.11915513590658,-0.436627680131088,-0.241788069614632,2.8920327095783,4.74878998168039,-1.87660236980676,2.91369364584486,-1.39447880830774
4,1.17142535211605,1.01587904695804,0.364105519244259,-1.23583709150374,0.838198699544444,3.17329551111728,-1.23323561788517,3.22899185069594,-0.181773674807463,1.51544440588838,-1.49671297173354,1.84884220400482,-1.64038703483398,1.79624157645132,-0.260155641752297,-1.60162393415677,-0.309081357246049,-0.40751774101337,-1.01904179263906,-1.89250594667183,2.91264735832,0.493223291657611,1.66524801720344,1.46332205644558,-2.2441419023788,-1.26310309649132,-1.98975856925996,-1.40769125740453,1.49669634737282,2.57091974909672,-1.39727635808371,-1.63161384306102,-1.46984082411595,2.84152271408983,1.86735125652828,-1.79935761742172,1.81524731850186,-1.76234026438618,1.32794749397666,-1.44849475230819,2.13986290887228,0.331068618798003,0.842327355303919,-1.4302571083872,-0.790291755865497
9,-2.36767104007321,3.49640903439382,-3.33723287705759,-2.22403601230361,2.00601322819449,0.908306751433223,4.03730522676298,2.38016461528466,-0.110994562161131,2.81527841636488,2.85598882434209,3.22658379804973,1.89307478904669,2.28454602906796,2.26948372351346,-1.34783098766124,2.48477409909365,1.61542190938473,-2.65083116978398,0.146048372101139,2.99015004485734,-2.41714264866798,3.70292913109988,3.62738008993955,-1.47181993264108,1.04035748799222,-0.686380156853198,-1.83532155235592,0.795995088744639,1.43101134915206,-2.65008882048056,-3.0380039199826,-2.6280139714468,4.7065386856765,1.50723426278749,3.4908443795979,2.55536273200713,-0.977647990180762,1.80647029905255,-0.35635770514856,5.32638803033339,3.17436478871452,1.86273660108671,2.45029891214529,0.954577530485
1,-0.551532386230868,0.631714244460754,-1.22296640358231,-1.90724666971124,1.10462305621251,0.179977521441054,0.631533535581098,1.21644178285117,1.26704871218158,3.05988324169242,0.80107837989542,1.48681034528982,1.3330486284356,1.87914337778773,1.44399623387028,-1.60904447021592,0.678300662330021,1.4648367435581,-0.616461526426276,-1.06386925432398,2.3889857119216,-1.08705965145171,-0.70839719986461,-0.368569536082167,-1.70040256842397,1.17053633417562,-1.83016566169788,-1.94425904843298,2.68578639587978,3.12619193804516,-2.38561623073606,-1.92210963188986,-1.8526328049161,4.11157812822795,1.55426566219419,1.2679824493928,2.55316998456988,-2.51550283076153,0.991058788748454,-0.179551728617856,3.19453841304013,0.630820242197268,2.60143163928517,0.317324453614927,1.43407419279137
1,-1.00346438980994,0.554749796755185,-1.0878320061656,-0.644544502585927,-0.0089914432026867,-0.549140016449631,0.845722091124016,1.44836004064295,-1.60501859349988,1.6651863746438,0.939283175250743,-1.23199567928392,-0.913385228800917,1.17954646858935,0.0718672191657687,1.03742784297613,0.61569718092118,-0.807529794884727,-0.610058960749019,-1.96771957977561,1.7477136995943,-0.83012566191231,-0.692484197319731,-0.873706149496072,-0.741320136636549,-1.75204411182341,-1.21727865753639,-2.36339122334593,1.51227573341586,1.22934484494993,0.412592831337675,-0.826522363400103,-0.599427506135388,1.58451659069449,1.09020704471459,0.502528845863942,0.77033704195077,-0.976407218770613,1.27684287065731,-1.86302683446908,2.06314745194471,0.479141411819549,-0.0782490185695527,0.0390852078291769,1.30598812787683
9,0.471201071337061,1.82377394972845,-2.09878087088581,-2.53521148675001,1.10622658179383,1.12750566832711,2.46106600976103,0.500927703910171,-0.328489987639618,1.19274276256391,0.646535709515504,2.26253936571033,0.549710541420536,1.30000215671531,0.616737438802501,-2.54523595144819,1.30216316479823,0.893543224869591,-2.01448091173608,-1.43035537493983,1.3575765397141,0.0337329005361215,4.26822195657133,4.5711899405573,-0.961307820675789,0.745315988314856,-1.56827396773941,-0.871225396978858,1.1540027338881,0.620971328884549,-1.83482747112536,-2.93071387751291,-1.22847330969186,2.71143417936924,1.50232673703929,0.727484355918527,1.42908067061796,-1.25994736999313,1.57473321356889,-1.21741554747874,1.4842272308843,0.916371631597445,1.83225993904553,1.26680749125078,0.606558962546991
2,-0.0735417733890104,1.42007905449059,-1.05039916155676,-1.65548833874674,1.20309817951931,1.01130151230076,2.31406667877703,0.275734774469435,-0.918103815692815,0.401560675549901,1.23454598590278,0.959945904932449,0.933748171308967,1.75221813987505,0.402334614699607,-0.991498998451854,0.535757475331444,1.81685410345977,-3.19494007471915,-3.14267604333494,3.34220963521074,-0.353701232182133,0.0837221503608616,0.590901297476589,0.111237920067378,1.07396702057938,1.44656388803181,-2.30607548299897,0.0156552892083764,-0.515591514034477,-1.99215265766485,-2.1888845529976,-0.799625950162603,1.34126625439637,0.833247265045891,1.19756490154424,0.851355119004759,0.142408724669054,1.51832231182786,-2.21691052535098,1.83859604681779,1.16317076488094,1.12821310962062,0.64674667965574,0.575125172710216
5,-2.51412381335588,3.75634722002385,-2.32359024682675,-0.864505060893285,1.39814159860725,0.469059109166218,3.04753534734394,-0.295714866826208,-1.21749833806697,0.557776936608285,3.09573765337163,-1.06627766686139,2.47183859131302,-0.573374533951885,-1.28441181440845,-0.221770719661011,2.39194268904415,1.64060497892508,0.524319952702448,-3.14364076994434,-0.667771317897209,-2.36864773803851,0.170025695553682,2.6033031303282,-1.54704911343385,1.74191547875759,-1.94560990434911,-1.0433716560976,1.1689140846521,1.31480639557063,0.823049381715033,0.158670558426254,-0.56715145122472,1.28300287640723,-0.933619173621078,3.57051409006881,1.0220817670165,-1.10207379488107,-0.497677760872801,-2.44013687681038,0.363771884299333,4.02790395373618,-0.212240922844984,1.86150845782654,0.760283973959919
4,0.29660374290406,1.0262443893173,-1.99919345782684,-1.45047078408515,0.591855741473531,0.194540190137072,2.33691824909372,2.50059850236282,-1.2112041923648,2.14265516162054,1.83795559398419,1.82001634694859,0.738159099366111,1.63739164990441,0.368386429468082,-2.84632718173044,1.62029539216293,2.15867291721937,-1.56139466025067,-2.37202928205375,1.16929402937969,-0.282732659952041,1.38124871494476,1.49435322471617,-1.52569780206885,1.35297143886216,-0.703706041359522,-0.70624622433011,0.713779761447052,1.07311809738856,-2.5047820024581,-2.85066109051205,-0.93242852830629,3.76762021064636,1.39691685763167,1.92228880705512,2.1474338465789,-1.4822775542127,1.11253550970558,-1.73409372226226,1.88018126298857,0.764322134447049,3.07446582097094,1.13587989122397,1.77858065165543
1,-1.16059101164582,2.01190135193008,-1.80665771251264,-2.26267513685746,0.929365628342056,0.0275829227149708,3.30352440772142,2.34423182016787,-2.07061595639238,2.38920271187206,1.33466441855476,1.93032805297905,1.29443412443779,1.63792919257707,0.523725738543243,-0.96576680090744,1.58025438107662,0.23301636066074,-0.477872192467034,-3.24801398626072,2.24532818506164,-1.32621854863842,-0.70537660099113,-0.427977712925047,-1.87424502348992,-0.232404852171613,-0.430251181772304,-2.64019146183716,1.6783916484427,1.13781395581781,-1.88308377013983,-2.3011384389502,-1.5418784216302,4.27716439705786,1.08836699294336,1.825346127662,2.2942004238502,-0.912113156754922,1.15258853769513,-2.73801870232899,1.83291896068057,2.04298361154242,0.770823084356162,1.7053235633605,0.230299028888282
4,-1.67293105550313,2.4971391599858,-1.26091486535633,-0.494885377239681,1.8268251120223,2.01674628020355,0.982903989343734,0.386039797182911,0.452777006859742,1.64307365251498,1.20908380970684,0.240323324331375,-0.239010046189066,1.28506211988546,0.563678090705523,-1.65213862350282,0.937206168058829,-0.145798251889881,-1.39180629256523,-1.42195672691379,1.96451187308325,-1.2652465663664,0.891542911053308,2.1073616127551,-2.08970315412708,-0.852731533939356,0.0014595832360552,-1.46357574000263,1.08424696809095,1.42035289898001,-0.843709736655115,-1.54027492950463,-1.64517438164253,3.35471374131731,0.772166237614036,1.27574072644523,1.6448561637624,-1.63801695687035,1.09447772720622,-0.983298110527559,1.0248793658191,2.63008437522518,1.73904610877787,0.671847007350706,4.32639193533137
0,-3.06546049695011,3.85145688260732,-2.25313512059056,-0.402165770054334,1.74154180677006,1.81879815158422,2.68396273261681,1.70110360072373,0.0445110913204483,1.66027101468553,2.33140326546148,-0.169440653312072,1.14652244421866,0.605678010560981,1.6328431300075,1.51587660056582,1.95825263961238,0.596635502545136,-0.937356679505829,-2.24383686181395,0.958884270103698,-3.08648639567589,-2.37182392133296,-0.222371492699902,-1.51753933787921,0.343445069536781,-0.112653858729444,-2.57221329419029,0.885272042875601,0.566849940205916,1.16503442391106,-0.15908772983119,-1.69924187724842,3.51300207268675,-0.268085756344174,2.43286818781674,2.48938599547464,-1.38690030313221,-0.0463179531469131,-1.03892902505256,1.56985196891035,4.60121051985216,-1.74171229616065,1.64586641899002,3.26163832980356
1,-1.68630861597034,2.13301027608197,-1.43968033117737,-2.69649053437739,1.21715898050279,2.8803434002399,0.550976607722652,1.70440513093198,2.35731214621899,0.542603776965183,0.490656384851303,0.831550012594331,0.249422202754144,1.75427816431322,0.220866759090282,-2.29135239715296,1.39679837820167,0.797674554084373,-1.54793550548586,0.0244225205057084,2.52997314139097,-1.2097114093881,0.0920169137081069,0.863119919874863,-0.0376788434026719,-0.0482579158311914,-0.0707725534162677,-2.94088236948164,0.372053941034229,0.203548450148377,-2.02383218703513,-3.25274800320646,-1.95990791509405,2.89702914031572,1.10539899741564,0.786056810406048,0.416361966060166,-0.247666030135441,1.51610119756762,0.684930296282046,1.34707970577456,1.6042111564521,2.17948481123624,0.626096542493526,2.78502913517364
2,-1.00142835869524,1.94486710054266,-1.95972224952399,-1.379485303286,0.523235010772112,2.02583278537882,1.24374631899728,3.5194183388846,2.48455223980134,2.67109091509956,1.11961783874992,1.77142484651798,0.675989983999004,1.12431724815286,2.66856522802838,-1.50915749855949,1.61334950934063,1.39148406315608,-2.05223047960796,0.516372578417104,0.6585799388232,-1.26482035982783,-0.803545742422477,-0.289238014407152,-1.75647185789749,0.561879299647846,-2.53281463056072,-2.35853562218907,1.93719014743948,1.64737177018605,-0.634441966469461,-2.86896526469389,-0.90084434136997,3.75582823960163,-0.0297570559217654,1.366539180042,2.19431208282426,-2.02640462849814,0.833780639956398,1.11931869572926,2.81787531552016,1.90021965699696,0.845666447999192,1.23256771867562,1.41792262258331
3,0.958054129255273,0.0240076093989126,-0.58870167407754,-2.20745567477417,0.0275677644261942,1.98001838605674,1.31637248745308,1.59921616615039,2.33464008175143,1.41721847535319,0.146960121385643,3.69841224369836,-0.119221483292129,1.64055470734429,3.24498544846176,-1.79773143830127,0.860442148214701,-1.0302768039284,-0.898507722425609,-0.763452286949844,2.18504129470232,0.338592899198349,0.991492240164376,2.59088829233237,-1.00507210586722,-2.21071330210606,-0.0116358671999918,-0.962866158469523,0.656335573398879,1.25757684583727,-2.34123119043403,-2.74074998490615,-1.14942921024846,4.77577009246182,-0.133095732751503,-0.306371569986953,1.40526806888844,-1.1251863748226,0.911727801918646,0.0701358100215042,4.31191750452913,-0.865760969105381,0.752508381789495,0.306973090320494,-0.197840583732966
7,-1.75907113709098,2.46242012405625,-3.54265793875217,-2.56137117333551,2.12043131551091,1.24740141671799,3.64782304242216,4.49504569907743,-0.813108438759275,2.44082539659657,0.473392038509374,2.95334757472915,1.45988885384136,3.0737618767076,4.06277859105823,-1.26835385286489,2.31673254908098,2.01790980150827,-3.95408139124563,-2.76624806251503,5.26473997736273,-1.88366257096969,2.33493751683784,2.3106071540553,-2.03448689683598,1.35922173511567,-2.16412365418033,-1.73491157263934,2.27051605722485,2.48497818700305,-2.73196600240519,-2.88544754755473,-2.6928240373904,3.06199448447884,2.33279676241476,0.939552056448399,1.42293859910067,-2.15966918907752,2.77715838861426,-2.26846928954344,3.77208286346917,3.07172246883678,4.04890259818598,2.18970796428556,1.36206118932734
8,0.848909470301705,-0.440652048986334,0.228106467905275,-1.45890839476205,0.462386335596127,0.908686858226458,0.689547486760788,0.786000222655545,-0.976335979558213,1.31556038352427,-0.205439686604883,1.44673052314103,-1.69642633410869,1.54590898370882,-0.144133336036908,-1.63375456787545,0.181309444925254,-1.21618658044155,-0.034575187560359,-1.78333284356013,1.07602105174501,0.543845892207593,3.4284369623155,2.14134290101256,-1.0254648045474,-1.96730749611643,0.244828198319845,-0.39034052989224,-0.446751971225467,-0.0210899865726054,-2.18382591775533,-2.2790471336598,-1.05000670702231,2.11637271360038,0.818183341004754,-0.81577273762646,1.4374380243452,-0.0146421719827629,1.46891689944005,-1.30220666675201,1.17393258563387,-0.74838211237598,1.9791108987971,-0.424395225185893,0.619105914530068
0,-4.21810623914917,3.78550597481467,-3.95346347507631,-2.60762870922805,3.12192652238412,2.12828372213996,3.73432527858449,3.33777306659677,1.04998445963343,2.26276170461468,2.42773068263556,2.93853406912024,2.7847860396454,2.30250651177694,3.70190408959983,-1.69022732602816,2.71521247961268,2.91967904414045,-1.82221136613958,-0.700116781960288,3.13269928876943,-3.88073876243528,-1.74905449135473,0.687508902992795,-1.04623582267713,2.94168778923192,-1.43740881672058,-1.6113563845294,1.5454673005946,2.51664964866258,-2.0816708977903,-2.93640946130665,-3.3140185293332,5.69527193560683,1.03681834757165,2.57336575539654,1.33167562188617,-1.37107947668928,2.20349255157767,-0.310681928829329,4.44333977961205,5.09672861157646,1.62253867358517,2.80099996096064,0.245566403287214
4,-3.61586871622208,3.76083950064764,-2.30840281954812,-1.10855571425061,2.40981111949744,1.06632780999224,1.23909582624296,2.27991589798612,0.775469439128497,2.73629572625538,1.46393872315149,1.60277050185559,1.30647666703162,0.589422671926481,1.91855735424584,-0.342859421393175,0.900190208497909,1.86350154352774,-1.26918985643568,0.102284309666396,0.114192298056844,-3.63950515451355,0.261718692945792,1.90231683053881,-2.20985460827342,1.09768735434888,-1.16700093976797,-1.95215786446169,2.12350349725032,1.80506091876468,-0.115022083943356,-0.647050400155383,-2.67810800657422,4.60807015091762,-0.856030334157539,1.67596683247325,1.94368937974031,-2.04477834088746,0.818382146753913,0.588911887349161,3.2252405714641,4.85346506035599,0.394005631364319,1.14359275234386,2.52480769341091
4,-1.44367587142391,1.75786324951352,-2.51299421627028,-1.93985822644217,0.864203231736758,2.68823148097421,2.54749618201588,1.4938308247978,0.610700323561014,0.919916569950495,2.09299901075442,1.18353902546659,1.18477870890917,1.51923881991156,0.503828095772705,-2.24919437446983,1.67105958692642,1.12029434672988,-2.20120327819895,-1.83531312402373,1.16607820661043,-1.71707605894397,0.917697402016145,1.05761345142761,-0.107502749118226,0.598093370633387,-0.130690785078511,-0.0677351687792913,0.581065966917105,0.820849094503861,-1.5687288070458,-2.06633221491919,-0.701181979423673,2.4596370892069,2.44998851722387,1.90413049686946,1.19841682166445,-0.284661461269796,2.4139368209421,-0.981184092088669,2.02510190333376,2.21702638883145,1.54453308637086,1.49114645280039,3.41642621159458
7,-1.61285596747244,1.45685993972313,-3.08421349896493,-2.6204234503729,1.29410007710061,1.39040604345136,3.82988591299497,1.80381903495087,0.175655727330389,0.404717394507793,1.76387136049213,0.501563249373519,2.7027212409123,1.40653477189824,3.13895142119372,-2.18159593687629,2.88887994828106,3.14637511033976,-1.87372317272008,-0.879737568997284,1.41820652508904,-1.65320400815089,2.82235530912566,2.72651832175918,-0.364209122268598,2.80475743946098,0.696015463042419,-1.85894766817235,-0.707650465774399,0.980605380392811,-1.77320556864333,-1.52801690482309,-2.33777804364503,0.910308402941638,1.61709248029622,1.79039700671456,0.982140699237353,-0.373288856006711,1.12512217182163,-0.322780690663969,3.1314735035137,1.53131397748876,1.57560886428429,2.16470721783675,0.512631898172743
1,-2.99500784155291,3.27400371936531,-3.69182361430983,-2.84080043254881,2.57203693174636,0.553543602858523,3.48827063281476,3.43236643494983,-0.0349074956512629,1.80473445860558,1.24421498789964,1.77376935644395,2.45521616801146,1.4859636698809,4.81667718417312,-1.42777596708726,2.33561691476917,2.40063679124594,-1.01231375466039,-1.07642592850681,2.1125914824016,-2.62094748251558,-1.06532768264,-0.143561845834034,-0.846484179468432,2.19484782958291,-0.804411478644092,-2.00640487503897,-0.110310246356272,0.299667494264064,-1.84499574889979,-2.7682629710052,-3.16407688740483,3.07744809309727,0.155509625129405,1.31471256627656,0.359209268711645,-0.712231077787424,1.24594011173134,-0.702251468993553,4.48221169447649,3.87928190852098,0.710672704863693,2.52172033401386,-0.27985542271162
7,-0.140454638643281,0.0262556748021833,-0.29320134271451,-1.31256968765318,0.361916360342676,1.7704683441008,1.01822189296203,1.49554057315229,-1.66830790206608,1.59623992617706,0.406828704736495,0.461046576903701,1.07772295931343,0.975085160965878,1.2634498039013,-1.53250442954412,1.00812401121508,0.931882416561401,-1.84041114387318,-4.46222889661591,1.04161602562941,-0.50959860840483,3.41792956918348,2.86369556492712,-2.09731914523373,0.24701904484842,0.108445100370388,-0.395436136481722,1.36036558796862,2.06538244266577,-2.0874328818746,-2.38754798658338,-1.18998529880618,4.08993945427361,0.388193130186938,-0.356906381668426,1.92102420137382,-1.50942954042799,1.097104752307,-3.25665820324508,2.47872476074584,-0.128210934346594,2.62181310370286,0.397993834011326,-0.019874305516927
6,-2.68155869411205,2.95414954249737,-2.89023920721064,-2.34543760886998,1.43478237937421,1.54339586953258,3.16496683880936,1.88405501017847,1.40222843691429,2.7903571620199,1.35571116037576,0.108897057248429,3.35225589456624,1.62150051825397,0.652600640968516,-1.09425175395217,2.1499868919035,4.25255985777677,-1.57526376618031,-1.00433902594731,1.57177806464961,-2.75645451405399,1.09504008778906,2.28642074229805,-2.19484052033826,3.65561005205953,-0.237317798032659,-2.97810141151606,1.21497882939061,0.909790740124362,0.566484594067813,-0.888711816065761,-1.02991390984006,4.14013021124707,1.46499539446226,2.38773241628209,1.89755216448316,-1.30741650769757,0.6831917237254,-0.489402542321915,1.01016444534911,3.82481054598403,-0.115176014794694,1.87408403489386,1.20497030960418
3,-2.55339598152253,2.46414366612422,-1.67727289276089,-0.902819833666028,1.43041183570774,1.21118058991913,2.29089111648573,2.41369976585478,0.322146249897554,0.79767875500958,1.34260282496848,-0.289026802784182,1.360786981816,0.985737245347136,0.985176288963421,-1.0954565807312,1.6147605334166,0.57664178939522,-1.85581490206505,-2.49695071821727,0.227181534051665,-2.40734190200673,0.323974044779165,2.12720322698911,-1.25434073175668,0.108774768887592,-0.8378338537258,-1.27823237239024,-0.352022342058534,-0.25760140073321,-0.418607721424927,-0.557328028659166,-1.37813653834818,3.73515247886497,0.316247989111323,0.363300457065988,1.11597456442907,-0.747368883256259,0.239803191788882,-1.35488475564262,1.63237790993647,3.19507489511296,0.11585437863612,1.45880924984342,2.7187390970654
6,-0.792422290116867,2.77214678470472,-1.45567755262008,-1.02430978109615,1.22337263749171,1.68103477360179,1.71982272559093,2.63811469981749,-0.0304588961579287,2.61125857404259,-0.740896907555896,1.2220738565594,0.456176808480343,1.42873690678564,2.00028265499993,-1.03837062726566,0.650758758227977,0.259370107215957,-1.63930944412087,-1.15883993980293,2.34976782813599,-1.1057336542226,1.36941129028095,2.08541866796356,-1.43052600491615,-0.190600902258414,-0.490647027005619,-1.8350360991021,1.78774795332146,2.39514137616696,-1.02566239899891,-1.81018918072994,-1.72512648802268,6.45051877940139,0.58221971162586,0.0314199726764024,1.7655538191422,-2.08976310071706,1.34047663392294,-0.419092728131451,3.02739632434825,2.24255060734619,1.51100178999429,0.358743678085342,0.865969991410226
3,0.517987874946671,0.0698674991178783,-1.28672379921618,-3.82811756325377,0.685030330915153,1.8037107344522,1.18534018166004,1.722943718315,1.02739229095831,1.0119365670062,-0.234207477308079,3.61340721011274,-0.0647988168000029,2.54238837632634,0.962171890866964,-3.20064148583116,1.36531063690969,0.0686289210748542,-2.51104705229059,-0.287697431742443,2.20751437648472,0.417569664535902,1.85664414029009,-0.250789981034628,-1.23846210235308,-0.0683667467119081,0.42843733793644,-0.230912186787914,0.204061206686973,0.758581782889939,-4.47865712638504,-3.58424563289379,-1.75437982851796,2.22752143970226,2.36831188993058,-0.631348422269904,0.700911686937049,-0.57195826083635,3.34687311677898,0.219054836440402,-0.150853160820854,-0.677120689442005,2.11152826005452,0.342836773980793,1.37568658441461
7,-1.16906819900958,2.99011506547843,-2.9307685959407,-2.56495507061882,1.98150378209628,2.03911308649623,3.71336235901636,1.25896966352546,1.72292522657006,3.91607287215937,1.65818524496381,1.30834233271285,1.37742023380669,2.22011047514986,1.85774070903386,-1.82617330394053,2.78237275322396,2.71709930252487,-2.59115483541145,-0.678079890639022,3.14686944626769,-1.16925884697306,1.47369340838646,2.78578063711942,-2.46637109366809,2.17838429793596,-3.73302159654205,-0.817203005631422,3.04943182861167,3.71154496547616,-1.70560092823279,-1.84216942135293,-2.13980154419424,6.25314111826455,1.84600952118937,2.55613914973091,2.95866448905442,-2.72967710253507,1.15939293705453,0.0458500747816892,2.28140564868123,2.80215754623018,1.18647394381705,2.14018460635923,2.52486962245556
2,-1.34285142515454,2.74598794538701,-2.76463317384664,-3.41345839713273,1.76190479309907,1.7950360161904,2.40169412190405,1.88732285840777,0.555041010644175,3.51561645562674,1.07790768436503,2.71987997026053,2.25309318902971,2.03276181832279,1.44143351113536,-2.81147455746986,0.966368830686271,3.06838050152322,-2.13020221175708,-1.95558972973554,3.48689618544631,-1.3034350947097,0.0980751860294811,0.816921970887854,-2.60744660527558,2.07451148995225,-1.60242484219933,-2.18770341400839,2.85131241083201,2.80772069073562,-2.69743910804447,-3.10416273322559,-1.60103269338163,5.68885648436888,1.60747632813163,1.38241548332674,3.62501235382695,-2.73508591675505,0.764491337289354,-1.21770984032911,1.56324378956699,2.36844154403617,2.22738578925624,1.22228360328213,1.48723286767908
9,-1.42089772381344,2.64047620926996,-1.39137991400574,-0.334208937985892,1.17808146524552,1.38802214083095,-0.135497537202761,2.47472527588611,0.0297592803692088,3.7536380432432,0.454158637287274,-0.293363305067066,-0.388022200278633,0.0085985417417116,1.34067058816382,-0.0526805462822727,0.914505223073873,-0.4082104010864,-0.457898658268417,-0.402423161115565,-1.77826801903176,-1.56455667735885,5.15876727201681,7.68860487179248,-1.59601015323731,-0.813124751176092,-0.139230729250643,-0.577327806948885,1.72443591643464,2.59913783899081,0.048407948890564,0.836497713851788,-1.29778003146848,7.66564745046182,-0.588139371590602,0.003326965268637,3.45615346205087,-1.84303170598863,-0.689262950113396,-0.329405674048741,1.86030344386452,2.20782333137217,-2.99495972648296,0.0330528268927767,3.3308313236778
9,-2.9672826373603,3.94377094377654,-2.8825332626378,-0.285624314492396,1.9958258580575,1.73621368891276,2.51227255456842,2.30476440463759,0.919268365783597,1.88396278753193,1.8578461860378,1.7445759925954,2.35498889514104,1.13352072477688,2.53248875903029,-0.225327032649203,2.37086076527031,1.79675921236608,-1.68751533398417,1.10882878759585,0.75541232412617,-2.93029589769792,3.39251630327679,4.53670352052077,-1.82467952003876,1.46225753431459,-0.365343744954728,0.180765765064452,1.26368483341336,0.77486799778799,0.245715112935516,0.489731053366962,-1.99803792626646,4.17360022737959,0.155620366631113,2.52362158858471,2.1591840952009,-1.09151167605888,-0.137064248824491,1.40402222263319,1.72673330933577,4.17495818898178,-0.642308835650935,1.9719108807428,-1.01680316069212
5,2.14994972982546,-1.99812948870066,1.35762168574163,-2.29658301930892,-0.90865727908244,1.24709532041158,-2.76635029244391,2.01197445968684,1.28389533620236,2.39460165038969,-2.59900712632276,2.05104656568814,-3.05482111703173,1.71820095273505,0.252694038268077,-1.10314843604121,-1.24190300420888,-2.32838190313546,-1.78957275250525,0.335003752883947,2.99970798328784,2.02892126571269,2.52361251525098,1.0645935151315,-2.63619732367398,-3.72989554686308,-2.06183729430401,-2.58844991707323,2.64541587826484,3.48910286295583,-1.35515833468615,-1.73055779560875,0.0362252085710841,3.34433708497919,2.65758033760408,-4.57970812617649,1.0666699753747,-2.54217478886284,2.182068456901,0.434528416714755,1.76054865737673,-2.45751326053884,1.79980006250068,-3.02860487696602,3.64095595265884
4,-1.86809204504898,1.59681134167661,-2.25744102252552,-2.87967350078022,1.80712062331565,0.593929374444771,3.2915346284193,0.0622528054797521,-1.09756457470031,2.22578797220421,2.82585997819334,1.16079404054981,1.26487644245488,0.789914659544754,0.246984827999741,-2.13893797552413,2.13569784292045,2.22301234447607,-1.1663921832281,-1.96865566522672,1.08056458929692,-2.10251318309861,0.507642833606898,1.4253810169072,-1.49648123134256,0.928955078086968,-0.910262775124073,-2.26572326386308,0.467288569797199,1.33437406808957,-2.97586465171571,-3.73962487914877,-1.76167068623394,2.62836818254791,0.248978702006414,3.60778025800641,2.01320098743722,-0.874838574479633,1.13995545149565,-1.80463552758924,3.18876442323355,1.70079573970444,2.25548809327026,2.3049369716447,1.98317988590368
6,1.34013789661933,-1.14563869393003,-0.57098972077197,-3.06203144735843,0.0569762318867471,2.15572155705899,1.73106768448991,4.16583513678208,-1.63931684766981,1.57607381042316,0.472990664900271,3.30770955463039,-0.44868677057151,2.9269992741611,3.70114367787221,-2.65719390245366,0.963888399402438,-0.046933655069943,-2.90695117575363,-3.64468524015937,4.13998469443653,0.795575323880213,3.57465965934417,0.966109970844742,-2.53593096037268,-0.137033313441734,-0.140093043605267,0.446192157960121,0.667361948819955,1.03026639417916,-3.3954049819351,-2.78559037167361,-1.27690602254921,2.33514171021034,1.61196347051714,-0.110963013524632,1.79508194615578,-1.64616981282902,2.68558000721029,-2.91806086252691,3.34840737852951,-1.20373357488088,4.85960391532063,-0.158089114131748,-0.570318737208218
5,-1.40589761998269,1.74700726669515,-1.69263310480608,-1.88450217124109,0.917401166225823,1.24474675897834,1.94826097688275,1.32397467680005,-0.527989661471129,2.39732433795281,1.2709676217689,1.12525027380426,1.50345391247968,1.21620667059114,1.7494848004392,-0.479046321687378,1.02950070578731,1.26140134152941,-1.7466385717286,-5.01573247718882,1.58694776040425,-1.40615838513998,1.2188901370753,1.81914740566414,-2.89607815692927,0.886680125451389,-2.8712106821328,-2.8469686676502,3.20348181132448,3.41028405931575,-1.24533575317367,-2.20268264249385,-0.982768789301239,4.83759505320652,0.294146257440702,0.574286310895543,2.87129357339986,-2.51828461259873,0.879438639517127,-3.33763980665623,3.4559091724106,1.68226064477914,1.36953325982798,0.909144585897366,0.995041058800114
8,-1.61098851292603,0.719065389786964,0.297343759561937,-0.128107489290962,-0.153383691615848,0.271422156111086,1.1393143004613,0.818180686042641,-1.46837639109864,-0.25650830747427,-0.600008957210295,0.919261235765488,-0.999564641499386,0.467225374932285,2.07114767397381,-1.46595908745945,0.28730891435506,-1.74492155492895,0.10431800741699,-3.07266851642632,0.462455347871173,-1.76424774172666,3.58635540855328,3.00641408590227,-0.0173049564957461,-2.00852399259559,0.511298715574218,0.899344509619257,-0.0228119928659161,0.0983280610889685,-0.363636894374051,-0.871775497618931,-0.459007733631517,-0.384208380561285,-0.566602366532152,0.178362435244814,-0.415879223519081,0.204964001872508,0.132389359652707,-2.27273032257717,2.09527198242735,0.221070269648831,-0.396620495392062,-0.177211682303537,-1.03477830084188
4,-0.320353035819816,0.115555892419325,-0.54081884034703,-1.65365827405348,0.357081665636514,3.63143849672253,0.998378938134932,-1.36458357598467,0.242393183834366,2.68918538841568,-0.265651009985559,0.372219078198478,0.617516079685566,0.888612580001916,-0.450554695617008,-0.809037810372677,0.574871238063982,1.14318713329495,-1.10954401770468,-0.194015994140453,0.919210820010308,0.134377720688621,1.20142380399662,1.68150863516338,-0.905528875433768,0.309780233136909,-1.1630027502215,-1.48223843382774,1.90004265883342,1.54773637002786,-0.867276852318259,-1.45916355681556,-0.607723043873528,4.27365292707656,0.789622134321988,-0.601857838847001,1.65596431039436,-1.51763449289072,0.804442429279768,0.0144271955660249,2.03994163635721,0.174480028549999,1.24280660106208,-0.406848073087627,1.87531755337441
7,-1.5260415478141,2.70627431166345,-3.42013244558417,-2.14783437228906,2.43777194938596,0.510802042251728,4.35756723534491,1.73599615248454,-1.20000862574093,0.829077303345892,2.80934468523178,1.7119926109638,3.30471598474214,1.5215447178559,2.17035997797518,-1.98667029365918,3.11626192514347,3.45867576892172,-1.18398001010938,-3.52947449887362,1.44549776770952,-1.80626480814073,2.25697899810847,2.36537046479788,-1.25222940667917,3.01626899138676,0.597467186209748,-0.583474923317261,-0.276909587899379,1.00116744852579,-1.9404426606169,-1.56421292070802,-2.65170701902933,0.946102015059254,0.004547668625744,3.20423237519853,1.3055426450941,-0.812414640960816,0.633122543352324,-2.35387830634372,4.04489662363263,3.15731796738594,1.6679165008156,3.04441733422228,1.09396243168936
9,-1.9317584538592,2.16015728724395,-3.40092551984887,-0.816237790800725,2.07864115182525,2.93993894906975,4.47075334066243,3.78080175959316,0.32100976405708,3.57969320665993,2.12330742216013,1.55782977715561,3.48428590895136,1.4581921761063,2.14304813892937,-1.56931012553309,2.61923280607269,3.11520710436776,-1.5196839562567,-2.96651395131158,1.07225735261672,-2.03392242387479,4.15476343407985,6.78118823948466,-1.62944012166739,3.1012931585732,-2.35953050369314,-1.25078745704425,2.55943420642542,2.01424906351507,-2.19001154577108,-1.82586297205951,-2.63847332171045,6.27229071507806,0.529237419492212,3.46613137513919,3.89828139677198,-2.21225074760402,1.11538833032722,-2.21045839696395,1.66612754360507,2.81899488722767,3.23085508479191,2.62020924883288,0.204627430713176
4,1.28535503651619,-0.345548976409754,-0.0879777165511175,-2.46487506141748,-0.207262264367464,2.05608021305609,0.265666786945776,0.62727890858357,0.69937681273674,3.91651542338197,-0.253798785296206,2.34653898690759,-0.923535315832499,1.88446486495102,-1.4026554723416,-1.71879621900539,0.517591758261557,1.33187919370436,-1.2391384866419,-1.12297951599237,2.82290448004748,0.445030133518834,0.9105141004497,1.40585396299787,-1.66533695432981,0.187296243393302,-0.338347248464008,-2.20052832758833,1.7175780956899,2.61171287633279,-2.51613997899152,-1.59881462566422,0.382781685553258,6.12887176217216,2.40389341699135,-0.149255672759776,3.94719387326729,-1.85542120370998,2.02904803434561,-0.529850547342211,1.40106098109599,-1.20258889082971,2.43776718373396,-0.48806508156137,1.88937309419285
3,-1.41716946605461,1.54983323447449,-1.50784483289608,-1.90024840228409,1.26228476157132,0.746821084616866,1.55771891784256,1.49990973823864,-1.30895259689284,3.53491474994938,1.09965053060827,1.89815643509903,0.890823423834331,2.10167000829073,2.08774203765848,-2.97587857022994,0.744666250497388,1.9587354355584,-2.79034181985305,-2.39260579827637,3.98563374874587,-1.58715135882814,0.341911714366647,0.774862004811517,-1.81803990832659,1.31520554119509,-2.76821327597511,-1.50413386387398,2.21570379280736,3.11708339208702,-1.45889892718975,-2.30603116159969,-1.68069891619322,5.27214724737916,1.76860060677669,0.851047656634414,2.07405490211642,-2.14398078912408,1.35165746804612,-1.81528009419551,2.55072894104895,2.34545582995149,1.67373453150724,1.0462651435018,1.15530131122304
0,-0.418204140780193,0.824649748624227,-2.26327437440474,-1.83970501048594,0.979724293507758,0.572304549150311,3.56117105542468,1.03442641374414,-1.33294196603109,1.16222555719278,1.09547367550997,1.93911976601499,1.26591686940571,2.64291618064122,1.67534637948546,-1.80046173804962,1.65566466080359,1.75056544035496,-1.82887684296862,-2.00598121146003,3.87350443820851,-0.319148334839035,-0.967365612043144,-1.2292512891892,-1.2253447732256,0.809366668536437,-0.551355340639769,-2.63354764489525,0.773686918877161,0.973969448542678,-2.55336965269863,-2.80198589240358,-2.04836032682367,1.3327037682604,2.37920708750482,1.3969323120908,1.5696493616284,-1.10122908147532,2.7232325196781,-1.75600265121914,1.34047044259289,0.741086003954064,2.99514611725507,1.46812728800476,2.48010220220813
3,-0.704665658025578,0.550114232521802,-1.09143178488537,-3.14632577040863,0.0657477487234466,0.948639974827799,0.41556440591678,-0.0489398287935475,1.48324411921077,2.5620629705796,-0.540821706762443,1.25311580824432,-1.66387527635795,1.85854890719429,-1.29828608689889,-1.15240126264005,0.370496582753349,-2.02326135705092,-0.9245904981543,-0.242277608437987,2.68861646046838,-1.28055833863477,0.986887903177747,-0.0512124510503655,-2.84118412011334,-2.17601895232755,-2.77319784317382,-1.23046566391437,1.97493362235537,3.33884266031857,-2.76614746055526,-3.40902064561517,-0.486775719571794,4.43414608061025,2.25650703602659,-0.734237761318161,2.33648955673837,-2.62507379390711,2.5629388061233,0.404111449641042,0.93527124313066,0.141539581406191,1.14675642117711,-0.572625665914143,-0.48109554928306
2,0.116316456595564,1.31396150917541,-1.33818725656117,-2.98353509255241,0.359988492985383,1.57094200009035,1.58047016334873,0.0533822150236374,0.685071647164648,3.12097595511054,0.47845685927605,1.9392072163755,0.110094702365619,1.6561861736335,-0.819656162996348,-2.31983390667712,0.342134271258774,0.237126963040116,-0.0996809071583323,-0.575030871891039,2.11756026316986,-0.325038225835826,0.116814125793335,1.38478636782282,-2.22738765774513,-0.11108876858666,-1.26916954746612,-2.92233470753846,1.86667652588173,2.15735873522153,-1.69655701002186,-0.844946164808179,-0.905230242381785,6.2391949213159,2.00770754915608,0.68635902845272,3.61336966399499,-1.85683499039684,1.49467512512312,0.142584884547221,-0.759093091728357,0.966934730461072,1.42746807219238,0.413357907881439,1.27896419678177
4,-1.73295395319548,2.6963384190536,-1.12489764798694,-1.13154939277277,1.28470026561324,0.988773177569577,2.50730038824183,1.76262718933868,0.373914552646782,1.83734076578519,0.158694832500445,2.01738660189014,0.354596903601066,0.426188604191099,2.06588676612653,-2.54674584638223,0.715685382143843,0.324164952116966,-1.91732180262977,-0.608733444053061,1.06618531120328,-1.30743076472407,0.333792726493505,0.731069908777534,-1.92773716088025,0.382716659749306,-2.29642449409965,-1.47726390112464,2.00534609665542,1.1121237012979,-1.56567083591811,-1.4483792164862,-2.15174167239595,2.92541293515115,-0.607212504179919,0.338607370208246,1.50282868512236,-1.77716110560731,0.279294473646531,-0.234550449075775,2.0426482065219,2.6549950796394,1.52910802962118,0.795437745080466,-1.32959465253952
3,-0.644966239493424,1.61621038827488,-0.58214092725248,-2.04882497896568,1.83056847880251,0.643260848242429,1.92865791529459,1.70841819535242,2.06621996818755,2.20409940734738,-0.895242383576434,1.90494069863635,-0.869934386475252,0.802380468433209,3.68852844551109,-0.764650948120315,0.437330281548232,-0.653525541576004,-1.02360426390185,0.747101065176217,-0.637671710739986,-0.655682882545392,-0.306941883183779,1.02046927651863,-0.49501034601644,-0.355594282439194,0.287761874569417,-2.75282666690587,-0.0130288914226065,1.06584706001203,-1.32547076443993,-2.15477945661311,-2.611271451025,3.0221659292272,-0.427971501377121,-1.20168535321161,2.02137288463632,-0.272194251271906,0.430517166861771,1.37560669512946,3.78965756215357,1.61721347619645,1.50148432401575,-0.0998207168967216,1.14683061228422
2,-2.32242818380897,1.32832706115427,-1.20386448723968,-2.22755410638547,1.71027371610924,2.07982235302026,0.0392174993619239,0.129789358597822,-2.26185490614513,1.0318782583355,0.39954989261346,2.41521118955393,0.259661151385779,1.77736630711116,0.908650745101283,-2.79748790387612,1.06626726011087,0.44821819400656,-1.45649457205323,-3.60065790955795,2.35578200186893,-2.48579424292974,0.412595880788103,0.238898519976214,0.596298574797812,-0.0909474006075194,1.51856032975664,-2.40470242614528,-0.449274670442051,-0.425576538411554,-3.03468151384187,-2.46044432543839,-2.1191758090062,1.17889520797427,2.38280696457998,-0.399996181186721,1.72207954248421,0.446431969543537,2.08257683426207,-2.99076114252767,0.841805481652999,1.94954970009634,4.08744743619344,0.624190085389137,0.879503510207628
4,-1.30092345749257,2.15194403296052,-1.65385858862577,-1.98565022064085,1.49334176065019,2.98916647553694,1.52882766240726,1.58558700558755,-0.43647882079711,2.56585254232201,0.149792900007376,2.0373152203995,0.0805548890057602,0.778222419171196,2.57068787256283,-1.29636648759052,1.2838286902787,0.0825517015417242,-1.40431000166969,-1.36849529890253,1.04591242044745,-1.95977376050072,0.879525800201659,1.6237843378509,-1.10466758661143,-0.633773082037632,-3.18028120278161,-1.43621166974248,2.29126461422404,2.99811626121216,-1.45241952915077,-2.77963413848617,-2.40720989224389,4.15266150936077,0.171209541694813,0.238379657253992,2.35898019374824,-1.82929869707542,0.888770985001794,-0.795295384722842,3.05542486779134,2.30822332803917,0.619050632827193,0.222590662158942,1.46683148070942
6,-0.826639673406014,1.60798158010308,-0.839567806371451,-0.61576296151007,0.206400313986854,1.55477881816219,0.729535290232634,1.43716831720627,-1.50732003736731,2.13169176842776,0.0632990374286406,-1.96954451086229,-0.246529746062828,0.0832012180977768,1.381648837718,-0.915091720497013,1.54560842776684,1.16076310487424,-0.762934076465789,-2.3855213624626,-0.850291036657486,-0.787835770981093,1.80745125432174,3.34246888283058,-2.42856428917619,0.170369408961318,-2.52705504213154,-1.17958056393111,3.08400386272958,2.9105292277952,0.253779025106475,0.932336661150307,-0.188856693103768,3.97134459841918,-0.362630038348839,-0.0835044194615145,1.52914410910819,-2.03756418924149,0.259535199471751,-1.81939628475016,2.77393098467285,1.28035207858562,0.172718296325275,0.358135110154246,1.4024392137002
3,0.860142221188369,0.262482756953036,0.0746019528937187,-0.469326883728414,-1.05205150741544,-0.22523949314659,0.295084203997822,1.05744532440073,-0.944851814274564,2.25527529798569,-0.93134392825207,-0.730262224846113,-1.06260750419694,0.870174905674155,0.194696648879772,-0.136041637239533,0.773308360987275,-0.139928818090399,-1.5527337451632,-2.46047315842117,1.70144145855529,0.613069737953152,0.7961624452147,0.810221551100153,-1.22433081595963,-1.5540944974308,-1.77405422573076,-1.44284967790856,1.70983918176137,2.11657138318183,0.294769204646357,0.135420265858534,0.139820684730927,3.91948456791562,1.019590712785,-0.941879253336753,1.94443819274624,-1.34332807301844,0.784236165285591,-2.24456005258906,2.10553921312558,-0.531329459576451,0.466361743993017,-0.389827093993395,1.56449086193513
0,-2.41689429442094,2.66398473574685,-2.80091160845009,-2.67006446663774,1.90834364502315,1.98995717348612,2.36800289989522,2.78815326777296,3.05676101739659,3.13824258919744,1.19265936931997,1.26177533670019,1.07663725453629,1.02643368426229,2.03280369259807,-1.45437983388613,1.66426217285938,2.18054366080292,-2.23688016824837,1.66987927091935,1.95811489040857,-1.87035047253169,-2.71632830114937,0.465969537032246,-3.09847180592792,1.67968434846726,-0.823086992535418,-3.53032476463701,2.22381452514369,2.30058479020586,-2.54881254708744,-1.53444401372259,-2.36995546088942,6.01074928141259,1.2166861046427,1.01576918008394,3.00469394597751,-2.66401467875962,1.8251133375217,1.46870939793144,3.60022631323407,2.89857134130407,1.77124396911428,1.2797183740412,2.00340676736964
7,-2.68509814171966,2.87837239536547,-1.78425990576721,-1.44430514290879,1.48634473952333,2.02735308304533,2.85726369924166,2.08898419818029,-0.345909922272429,0.376523840020907,1.95877292241158,1.7563772457914,0.933549851111221,2.60925725796964,1.54675686705963,-2.83359624311382,1.07442838396235,1.73497515194812,-3.57180932493492,-2.41893721816729,3.49275148447839,-2.54438308598568,3.13575211047206,3.00993335240161,-0.494034636223705,1.46806280319336,0.506113841687048,-0.724612568186906,-0.225295746377548,0.520267139483433,-2.12553535816327,-1.5113554252374,-1.88130223336591,0.727899055560912,2.0000531884615,1.93954419231492,-0.95132886239939,-0.0855300874425294,1.57791257458041,-1.60470033702193,2.29063870287486,3.35407109567763,1.77915699117379,0.935609250729428,0.837493480844997
2,-1.80141567320259,2.33712761492666,-2.49478296683734,-1.99063662326844,1.48468409877878,2.45585326877315,4.38975600650698,0.946637147930351,0.279619503055293,1.03158583088383,2.58953906408109,0.836784059662533,1.66896477503593,1.18733964288148,1.40449104423052,-2.66132438170087,3.42935845934811,2.09872331573759,-1.51376067240212,-2.53740353997006,2.24806331493351,-1.96423936762497,0.22038150132397,0.900504150815179,0.0359100452293112,1.7179766815905,0.872872209085185,-1.45430963881931,0.195007089727915,0.145610354269857,-2.45061119437665,-3.34211728968295,-1.91573007780674,1.95359531051589,0.411442528828606,3.75133490037895,1.38125548541634,-0.220093514280211,1.16381448879345,-1.53486595925763,1.65191256573564,2.42576509982429,1.59761070414789,3.03777367453057,1.62544147951895
8,-0.300640304302496,2.60681455632449,-2.79571670868862,-1.35031704543336,1.98428007687676,0.842744791808083,1.39963729925742,1.75461411511486,1.03627647502184,1.40605992798034,1.98250026530272,1.94649105332572,1.72038733413301,1.71483237683254,1.63289620764216,-2.42142718906571,2.05819235121488,2.36526379089088,-1.59290178747163,-1.05360736424344,1.72675271462988,-0.674740642705501,3.82705460986716,1.81067825958008,-1.62559006234666,1.5625180395303,-1.52048009503684,-0.532337462894578,1.19740566339802,1.1962700181583,-1.91202100553711,-2.5638705306752,-1.42633363101853,1.68892839310433,1.17165682015169,1.77792910052755,1.7961880751957,-1.84832290292819,0.454724639626394,0.0443030310528814,2.90848684814724,2.35594963743167,1.22587067775666,1.83232151096316,0.821594850393796
1,-0.0524382016014023,1.0631052982821,-1.24449437392837,-1.18261282918805,0.830988289054831,0.994422248754153,1.36015479657517,1.24492401275315,2.63687574944067,1.80595440171122,0.974714707763364,1.65235714594154,0.0377180719974858,1.50000547558961,1.07647867901035,-2.29804013969462,1.56705313024217,0.832577755882256,-2.21255373548707,-0.341467051009436,2.34176382829433,-0.425349005259913,0.228439019932076,1.42809444400797,-1.41392814626938,0.563942612284744,-2.0332630191482,-1.93296011008742,1.21831439902502,2.0115099541556,-1.42307294901317,-2.4360619540866,-1.10254620699407,3.5329587026203,1.42776475601696,0.867637953939155,2.46715554178344,-1.09491793159371,1.94994896753433,0.602051478503802,2.99969819326549,1.07642015630292,0.51094097863921,0.888981068576035,3.02312756780671
1,-0.549058307471051,0.677939071856647,-0.580450132499129,-1.82181195414529,0.576617437432839,1.56559740559083,1.65519150054417,0.670699116189219,2.4435874531756,3.35554855529195,-0.847220296605635,0.953764988404034,-0.437721057876519,0.909447375374526,0.0136740325219304,-1.2063969847861,0.681160569044507,1.08726489368983,-2.3703698428243,1.20887946097106,1.42365851201437,-1.25896069564933,-1.36311623529699,0.0928231147289792,-2.93155931530374,-0.0762330754002298,-2.16277254179407,-2.44974131426974,2.73043191618913,4.07640151709606,-1.15369630017112,-1.40607229013073,-1.35186756166015,6.06978914469619,0.80297806223155,-0.421057529192386,2.9067614005866,-3.05502378329785,1.37674239426695,1.25221338246519,1.73039364798507,0.894882008522129,-0.0664027744302992,-0.424690066948643,3.60643726832179
9,-2.44608963097201,4.11543595130252,-2.49560194442617,-2.02246950418418,2.6781274687859,4.63501956199026,2.93894996372787,2.3511752980821,-1.86644903255052,0.303220223745515,0.949891575517748,1.30539818320868,0.480931996016862,0.938932622957816,3.36987231027704,-1.59774919390193,1.30376836294177,1.16810092379069,-0.191708247447575,-3.76306552762019,1.02205064661882,-2.80608935886959,5.54451611649144,7.15913035731477,-0.658142974093645,0.204060521890134,-0.295741346342797,0.571078952497918,0.0349000442835417,-0.256257152642769,-0.721185579221745,-1.75075510347888,-2.46666151225008,-0.0397830967105213,-0.407524185888417,0.740313399614377,0.317446341494621,-0.734556425675626,0.32717594420328,-3.15010389495374,3.27606650272588,4.37332573878193,1.20437707912154,1.1087768751963,0.456772460992327
2,-1.85061211223805,1.75837103577496,-2.5763605142508,-0.641517689399857,1.28803841986041,2.65375976232596,2.36129491942086,0.823476498141023,1.31278236661983,3.18881813552117,1.49346461076113,0.330463006357829,0.0467486707077343,0.505350287026249,-0.249291033452094,0.338593335974371,1.61133261826281,-0.300241479050849,-0.534561097721735,-1.83387463169334,0.624665861549481,-1.67617987934454,-0.212874740014337,1.62673551008942,-2.05426907517023,-0.443612914036438,-1.46267548556809,-2.13596708651622,1.87277641137777,3.39288015880561,-0.572339386468645,-0.0602827372791351,-1.0543966963728,7.73681031965496,0.350242939629399,1.75888928719137,3.0936591146753,-2.15279814958476,-0.143685646033627,-1.01390450846991,2.18445289656258,1.7107737665194,0.89501790445642,1.3222366479993,3.46084935277258
5,-1.49160023120589,2.58722243494528,-1.87533734552741,-2.00386067938178,1.69410713055727,4.36329065353494,2.17122831490639,3.10679691133482,-0.147771483388504,2.35266108109783,1.02922506288298,1.15333256333916,1.24429217930879,2.01292049728689,2.54995816511463,-1.15061693539176,1.66593215451107,1.75455745282527,-2.54729331169501,-0.337425534611601,2.67766157470115,-2.0926622757474,1.36072345276898,1.3551952169318,-2.30929582235053,0.983323417582862,-1.14354325564224,0.0739958223023301,1.20334895735588,1.75793649074032,-1.37985208192668,-1.6128843535566,-1.60544086929225,4.04208171512064,0.821561982308836,-0.0983223089377794,1.94372353141434,-1.75679206302809,1.2034042291405,-0.792955083827229,3.93694895956094,2.880006706523,1.96324576627429,0.936319035791025,1.62977379780849
5,-1.45161750074963,2.53065116959341,-1.78644317001495,-1.00101510977198,1.17798214431389,0.6316487237656,2.238251610581,0.784823999612666,-1.60626042474547,3.24238336094336,1.19300677867,1.25454407741177,1.06669228134003,-0.238289800826002,1.32604509706376,-0.77579902785702,1.50085823396102,1.57713246543064,-0.937705215240134,-3.03090718802055,-0.57805799320838,-1.17351599840231,0.193325706832122,3.10924098973814,-0.339991210918261,0.636559359593334,-1.12248486438343,-2.53642554538953,1.35987409749969,1.60950209310662,-0.68854338436893,-0.279481574366734,-1.83993581671283,5.78655797302392,-0.746691111949899,1.72441420659834,3.14240147530533,-1.02487821818271,-0.708889641746065,-2.50483543465977,2.71872596494021,2.42261225827049,1.87419088142977,1.36236035579615,1.87428389756595
3,0.316279302912396,-0.431564260080607,0.595973495139451,-1.77621785141446,0.298500766993709,1.86987079706704,-0.498956887044751,1.06601032319678,-1.6015155432467,-0.10663197596252,-0.101254113904947,1.82895496505941,-1.32118710353097,1.40267171981904,0.525332480485969,-2.14037870772772,-0.718620295778888,-0.38393920733947,-1.91024808567679,-2.65298114619308,2.17886049499829,0.0429073386070797,1.42051448793302,1.20320616322596,0.370466415011196,-1.14979614965705,0.757774331322462,-3.21811176466838,-0.322361713777216,-0.510522688328153,-2.7406367619537,-2.66027448365356,-1.16199039343873,0.456647952967546,1.08487263733947,-0.559217132009196,0.316565323881652,0.174698233814327,1.18843636898806,-1.86176543102739,1.56976148714199,-0.728216471767767,2.2097633264628,-1.02942733769483,3.24750446743582
9,-3.51274717174562,4.66451211438027,-3.24269798104189,-2.00201989175357,3.09285430739552,1.52960451990775,4.65935318361341,2.50331317328068,0.525009767254521,0.924953426622467,2.16652110946314,1.32293050433716,1.36653546747737,1.98796397367652,2.48152481606889,-1.39059566397589,2.75408700804345,1.4470338226137,-1.8002470014092,-2.07872941794214,3.41720149263114,-3.51044298043011,3.98362262871927,4.21765161345641,-1.89180913326797,1.01387857823333,-0.460794213951074,-0.710219056034475,1.09921004014598,0.546504659611428,-0.884853331887607,-2.421331237627,-2.97398650552648,2.59054476345618,1.15394684874947,2.34612140322873,0.17634266158962,-1.01705991534698,2.20483661533839,-0.797901152198976,3.19668349433926,5.4805117280994,1.40640539419375,2.82691225633273,0.206682987519192
7,-1.61500506834005,2.68683866396241,-2.61042947879475,-0.929290524587191,0.586285343597703,5.06783010519537,3.42804832604061,4.55573585542858,-0.48434746432477,2.6737450286961,1.0349238143736,0.614648905653513,1.61406643009182,0.764566635866544,2.63535686620873,0.522517806364269,2.52606457836384,2.01632216121188,-0.974290419087702,-0.903399170883209,1.82496511309575,-1.61068875429462,1.92957820304361,3.14927350827525,-1.64097645498989,1.08684951872908,-1.992952149052,-1.45382922288744,2.39547380043542,2.3287402541324,0.0057509559052849,-0.298349624137068,-1.63568489840114,3.41120152869997,0.0305071668540988,1.30394859062657,1.97412321740369,-2.02626164040447,0.305073489108986,-0.822192874076381,2.42378450489041,2.82202302984267,-0.462481719591084,1.87123746304461,1.51726712421777
7,-1.41411324195734,1.54041820174945,-1.44703718394831,-0.414097385155558,0.989761737069572,0.950647374535475,0.952551142420478,0.751306890554183,-1.08433258826665,2.38643278258217,0.24944958369949,-1.26275288794446,0.253267062427941,1.10157291592628,0.445160384185627,0.0217351530823862,1.00365247528921,2.6869074724091,0.0373240898900312,-3.26600534278555,2.64161480304845,-1.38511898465262,2.42967776743228,3.65166311126747,-1.6346339469048,1.34348546292436,-1.54217016898031,-0.515486037647169,2.16844008462613,2.59149233809368,0.245396429187386,0.946095227215631,-1.24566739425738,4.99401610536531,0.80647950807809,0.179268463933251,2.571772730452,-1.8628106252263,0.424409892820382,-2.30675994971837,1.81143955421252,2.09366311452654,-0.936344309849114,-0.15053222056569,0.630424904447261
6,-0.340640235906343,0.262950283054692,-0.244637873600594,-2.28633837356363,0.683540895104491,1.5625279479047,-0.494579266082939,3.03250710458861,-0.922440189185122,0.989852840826057,-0.485997184820715,0.105469195382688,-1.05112893628877,1.97199695966781,0.565525257115263,-2.50065939400116,0.314095698822867,-0.897056491291242,-1.84301312857483,-1.25197968619692,2.83276596785259,-0.383305936060621,2.63530264144029,2.52911841508191,-1.56327697585604,-1.19601035414646,-1.15509956218528,-2.39952821240915,0.565398376043901,2.25544750872704,-2.35302937331444,-2.7389493545835,-0.92394919254036,1.40792879188849,1.36496249885498,-0.343681766647026,1.04332465224776,-0.979860853322432,2.36108178083029,-1.55660352209106,2.13315046053473,0.169966574197415,2.97275595978736,-0.608288964540803,-0.746680136118387
8,-2.83130020478417,3.34458335972298,-2.9419438509862,-1.97341006657102,2.42938522781981,0.775065084560428,3.33492385240428,4.23815416158951,0.694806058991245,0.0754148261016685,2.67842795799432,0.654913992177542,2.36745904440697,1.34604251820365,3.40664938227209,-1.30225104213323,2.11733423114552,1.95344393644567,-1.18663479881097,-1.90135805327031,0.525451189819425,-3.24424134047219,3.25411905807024,3.15915572503581,-0.337432205503552,2.42023079717926,-0.367768535289291,-0.332966605431357,0.458920033243372,0.893390664698319,-1.40591299879038,-1.43140436500244,-3.07258847575842,1.54477375578023,-0.311273335274865,2.79670466325513,0.531318971451909,-0.688826468726739,0.922755232307987,-1.08311313545836,4.0529224559846,3.80891362456587,1.53412209254091,2.2579464158115,1.70710326543334
4,-0.201213313811957,0.73133178467342,-0.576337398868371,-1.78605894644685,0.853806197267705,2.16120090971212,1.03651635913684,1.75292385314628,0.21918360960414,3.89177556911672,0.357908073931756,1.82079360661651,-1.16366660353219,2.18954368229307,1.56755973373918,-2.6478682367323,-0.686665121696782,-0.25719130965019,-2.49864332884262,-1.28306164129633,2.46013675139495,-0.204647535523742,0.673983613720254,2.0038395519452,-2.93480002039966,-1.05106490442236,-1.72074572416779,-2.79415662792693,2.66315261711295,4.89037594334845,-2.78737414261936,-2.56146955863031,-1.47108629363687,5.99430507423772,1.93006698038046,-0.32264385080269,3.04524241729463,-3.11096760544002,2.58469390210477,-1.1677168065749,1.88751556869467,0.548987797138217,1.88886777645524,-0.692586560450505,1.39082676319215
6,0.65347222274869,0.0129585058037281,0.621903248723097,-2.33174684043346,-0.0056260641836272,0.330369862683123,0.0926192760767961,1.97801035405016,0.272533100180413,2.35697776346238,-1.43755541855157,1.12837472962028,-1.08138784305336,1.43278296466237,1.23933850930977,-0.871934648834393,-0.28356195466763,-0.606478869598631,-0.840434093142188,-0.372443399740994,2.654037729857,0.839502828923802,2.35023785811553,1.5033351906206,-1.74752932618686,-1.61888822993268,-1.66379525246128,-0.471983796082787,1.49724908145034,1.52601066506484,-1.39827615539586,-2.1264325448122,-0.894603855717502,3.36204145930347,1.0063369405731,-1.81239015766334,1.6787788519043,-1.06343427910325,1.48946207760886,-0.402937240690364,1.93324915836174,-0.57999152328908,0.548336767829057,-1.04485331130151,0.232074187500586
4,0.71087685211432,0.458763700193038,-2.19173716252233,-3.25282773785689,0.772064568709623,3.53344225469443,2.5094818691436,1.04866361037438,-0.406602007146753,0.549256236321623,1.30320888755618,3.9322443385475,1.32990417213472,2.17925697332684,0.398773143373712,-2.92866927176647,1.56457380697961,0.14067479435377,-1.50604038273221,-2.26004801874537,3.39634450969842,0.705608826329234,1.79441263136481,1.81157946392592,-1.20815445716964,0.0339732741956523,-1.29417591146647,1.52699861760134,1.3869077516336,1.04194613856462,-3.39752913451501,-2.24966577896514,-1.43609646111149,2.4811649715308,2.68597576747563,1.6959966676518,0.593842473663074,-1.62878151546857,2.3730643307281,-1.78735125659406,1.94873799312945,0.254978736118986,2.6085539646008,1.41364764249355,0.404696141042107
9,-1.65020999584012,2.50975438939437,-2.25214812143322,-0.0182299375369001,0.557425678298475,0.24145420604596,3.42885397544087,1.60863843915817,2.00390043090252,2.46241247092442,1.15182645188422,-2.15940964021126,0.0028151424939455,-0.466208340499077,0.387075594016627,0.631185988103956,1.55776398516769,-0.163048751071501,0.498525633532979,0.210867806550108,-0.0253038508917678,-1.92200235312113,4.45544085791979,5.47748399358096,-1.52372242185826,-0.805249951496354,-1.38411091281035,-1.04866327427103,1.97924037268393,2.88487056537082,1.20249726653169,-1.68678928527333,-0.942197121597993,4.58922319908582,-0.202515338755066,1.70506397480488,2.48156286360236,-2.11927545991307,0.725631823822336,0.601155275338993,2.50802277504228,2.78199887619252,0.376765119132017,0.898899453771395,1.87787417072077
3,0.0912238496833947,0.795493654507691,-0.331960861951395,-0.762746321723967,0.626015310739028,1.87604657941559,0.868526947232033,3.47429619484791,-2.8931658075934,3.34987288823576,-0.478539647425934,1.43489981771783,-0.585178286061916,0.50515600667357,1.37298002211744,-2.17298659319129,0.374688991605248,0.149206159788259,-1.92938044473793,-4.64627870081832,0.893990454461936,-0.610992252108942,-0.0976648363155349,1.31947226744413,-1.12895302762663,-0.792959946678453,-2.28652365480384,-3.14999275669008,2.58708728027072,2.24850794351188,-1.20164125077043,-1.56638127164914,-1.6767548551734,6.10870770598115,0.414666377942005,-0.336689950069197,2.95902863308934,-1.35271377780915,1.44526718431446,-3.81695874284071,2.05818169933653,0.722693495767544,0.830317508179367,-0.196375674125977,1.49342468626262
0,-1.32557872071899,1.50918329878381,-2.18604097409907,-0.44874756964214,0.398464176613872,-0.396644490463993,2.98760108924937,1.80084403090143,-1.03313193286102,1.6558035831764,1.05309063163058,0.419193580063659,1.46961857763327,0.0928231352766979,0.949255456164451,-0.874130519081199,1.43906958474214,1.71678543360784,-0.750776773452345,-3.19745742339617,0.197535580082785,-1.09308057089778,-2.13291778302954,-1.58049378835038,-2.75164351027095,0.816589406714114,-1.49717209463062,-3.1499192866982,2.09271587573167,1.78330318506981,-0.401527982824717,-0.940505949103849,-0.851616850651147,1.9591718884002,0.0961033756425951,0.744756710011606,1.4512799010161,-2.08921574467518,-0.607934256593567,-2.31850263356012,1.48585337735874,1.15281112627882,0.264874988900901,1.12650185309376,-0.10348476394003
2,0.311119512285957,-0.897109356355371,0.493662652220277,-2.11349202677293,-0.267756807543297,1.75151899021258,-1.15602832029244,1.8018441768905,-2.1586172731828,0.700587304038602,-0.618274076127863,1.43753411329058,-1.26073480943909,1.85153183908671,1.30587882882084,-0.595114914163913,-0.299984574751113,-0.341185174854614,-1.88016807721831,-4.67747530444275,2.9121622391508,0.533603756888772,0.980849704396057,0.652336978040103,-1.36489706251745,-0.784601411162085,-1.07840308496177,-0.788431116762817,1.30476971399533,0.598927025819117,-1.73438061554936,-1.62217695292041,-0.6743725994781,0.198675910995137,1.66785281053818,-1.16681290359546,0.622824337239076,-0.956737170006246,1.83561345637085,-3.57738385312992,2.50596223902809,-1.07297971624791,1.05296277356545,-0.625789406330473,0.825473714562911
4,-2.28714501538753,2.07635796467253,-2.64158294215652,-2.93491128930673,1.68507206121986,0.1634596077468,2.85280047354051,3.13178045486018,1.74273219007954,0.988953115327862,2.61412684270816,2.30122679229906,1.63950257981758,1.47967992409732,2.3321906205595,-1.28496131509868,1.64169668218014,2.0585623375173,-2.61875380239985,-0.541183525873205,2.92037992730347,-1.98620681159724,0.785764024916863,1.50614031140345,-0.0387765378728258,1.4303990526218,1.61706601610967,-1.45241460738301,0.213754429993118,0.59887681383412,-2.16517010943185,-2.64224781976135,-2.28001590161187,1.65687433862061,1.07333715545961,2.76845306500362,0.621608679620595,-0.276276346888093,1.23944218353209,0.168918786495027,2.38008859394148,2.6395682220734,2.27162362471971,2.11541795692419,3.22122171766984
5,-1.22883894983723,1.70857208122045,-1.76006407768995,-1.61555274603206,0.578465278322844,-0.498948366686238,2.64019557289298,0.812708082161051,1.59301162945486,0.574916672096834,1.62649672397468,1.03138330572034,2.02028296949964,0.335513935474496,2.25765765024052,-0.966186372355657,1.42024448449745,2.31857817645197,-1.22436380837049,-0.16147438012466,-0.285865811402924,-1.33584788472203,0.817294712458937,1.75970300531323,0.276059055576941,2.08723656341436,-0.646518895209485,-0.599409754290656,0.715480606715764,0.358353062403873,-1.0761221703814,-0.944110996924918,-1.04356072484203,0.501820852686165,-0.259004542628051,1.19774691729179,0.627295805845736,-0.442343053835117,0.760991305541567,0.39002607300724,2.68463198772702,1.13676513443202,1.01920235188347,1.31031082030592,2.77056846563967
3,-1.62360787160956,1.54508335991193,-1.28046668808003,-1.7550164159311,0.221575972507491,0.712479512445363,1.47384697608597,0.195540577043882,0.922779972605796,1.09603145607218,1.39771532152425,0.514525055798691,0.0514825719671146,0.657370912422217,1.42148792866718,-1.53884798538721,0.937904343325662,1.08282381355207,0.168047851762432,-1.40383348002754,0.353824163685317,-1.64899981050757,0.528892509748855,1.22644815353372,-0.889614140477897,-0.21775034005973,-0.142908464476625,0.24449715750949,0.566228472873647,0.543980357923732,-1.25779231031241,-2.09676451620324,-0.936791926705066,1.95020083984303,0.87566651237739,1.65313695007963,0.919016105633504,-0.285251924519031,0.634178163090143,-0.596735799641091,2.69077899500657,1.24997188579654,0.0117624255767766,0.799401792166688,0.400951988763445
5,-2.44547048821086,2.22822571399849,-2.56144447281095,-2.03092453711545,1.77123129178669,1.49701558086099,3.60310499679147,4.8199410784242,0.83037228568571,2.64020512916113,1.03252057756803,0.926224905029083,1.53312892225486,1.41700227928139,4.37697240132074,-2.73530080336719,2.74778826136624,1.53637270121258,-1.53355338854635,-0.852173518689057,2.0373256744842,-2.21508174336112,0.93099508073973,1.41649373140684,-1.69968834063451,1.40423928662354,-1.34171631718917,-2.52200670195435,2.09215678272077,2.62207352681137,-1.8723360432817,-2.2731235507942,-2.40194764083222,4.69404820413255,-0.132091242951554,0.882914886257846,1.99432034897479,-1.69331162732048,0.935225306215163,-0.690748501329561,4.59666599373344,2.82979277190854,1.4005016202786,2.14814948100864,0.958373838407918
6,-1.97275884714055,3.02234934604409,-1.79717789017007,-0.192259574530632,1.4339961372402,0.767725996682218,1.51775905153765,2.57250413119677,0.128299411253478,1.83946616616501,0.88821625630181,0.478433883815029,1.93103754156237,-0.0728958940806006,2.6380397262543,1.06301592942075,2.49038116015565,2.20743781084633,-0.415552219182486,-1.25450888847399,-1.01578176172349,-1.93559673118336,1.34700599636026,3.33346516454157,-1.69059474848038,1.43572143478415,-2.75182633984787,-0.73713534902698,1.57550876524258,1.58650739218824,0.776508032440206,0.277012185968551,-1.61666294364215,4.50551872855604,-1.01756556915683,1.27690198324144,1.9794783419735,-1.32248861884353,-0.120822413122395,-0.310771077709251,2.63096452549805,3.22329511752221,0.209644950027157,1.6150746654958,-1.11031728713081
7,-2.06043839375493,2.78892377678838,-2.3580213953356,-0.304797966824657,0.819910361163931,1.52747353761127,2.68028080766937,1.19295251620864,-1.0523294401829,1.03375392070805,1.81742141849651,-1.87377560465992,1.80537530032289,0.564641690465631,0.560405775100289,-0.0519955539816218,1.57219131046949,1.79332350415947,0.122593147873993,-4.38054396738667,0.220774839454145,-2.11189430084021,1.87349582270602,3.05157676253909,-0.984851433760374,1.15583341443693,-0.939077276886998,-1.4210979952361,1.18541491132466,0.774761940873436,0.910434075395604,0.452517824074882,-0.154107635559642,1.83308169507687,0.176974236000291,2.60428148772648,0.826606398253682,-1.02001747695845,-0.246070453232375,-2.74195213831753,1.7257589967187,3.29421394689017,-0.823404143528856,1.69200793009509,0.0667462210826441
0,-2.10324302873811,2.41708535302656,-1.80547684674536,-1.2844050794229,1.44806695887425,-0.120101760081522,2.58536055730242,0.21439013776564,-0.147511898559724,1.7539906740417,1.09310040849463,-0.249339985614227,1.59979439946337,0.0102500575436166,1.29949187226173,-0.304328965458001,2.07191860339969,2.6518580485677,-1.39072469283293,-2.8322049213914,-0.19358201388943,-1.97871479687029,-3.8943732414056,-2.87446066576575,-2.03175355384537,1.88873745739748,0.222513567463079,-2.17510045752228,0.609663047488094,1.67827605222957,0.177049651259763,-1.59455485425858,-1.75028135624571,3.00977411851508,-1.15127740879777,1.24698266503016,1.38970925430469,-1.22742742525052,0.0610069413329328,-1.63899943025291,0.157084541646948,2.88894143725431,0.154198483992925,1.6401944982424,2.62611920763502
4,-1.03789565763212,0.914841849857596,0.737241433217546,-0.683749018735002,0.48582958168701,1.63878333775005,-0.0279806673320127,0.793314981623227,-1.77492260680908,2.19213219159334,-2.23098097389259,1.32912519374828,-2.40998987340066,1.03666056729008,0.0234886229618071,-2.43238422965949,-1.0158107959498,-0.866222883469471,-1.64220420907713,-3.25768472057769,2.08801395910536,-0.75483536476809,0.604741109228873,2.27020724306713,-1.53893826683536,-1.86357962496402,-0.637436419685655,-1.6353445197124,1.79585581918993,1.80215193734862,-1.74371027623297,-2.46431451141165,-0.526607217588164,5.55575827268739,0.646798791430521,-2.04720629589736,1.47995176680149,-1.77666688467358,1.67958607830081,-2.38518830487437,1.11445248073441,0.667016944335357,1.68028615448717,-1.82079305337108,2.14203049610863
5,-1.60390039704844,2.01673180192305,-1.69547191414506,-2.30124974078351,1.61303933683876,1.54076976404778,2.64629387838748,3.27954656441243,1.834422689169,1.70088555519374,0.204519319373773,1.31634854813711,2.09123454253452,0.678781323383362,2.73231435166406,-1.4406456808037,1.49847468646487,2.97101177440905,-0.209332580376708,-0.0294441020205706,-0.320591135011307,-1.82500094512513,0.843282184491334,1.86674828374253,-1.06918835168626,2.08248135337798,-1.75733254421744,-1.82502678266647,1.61688141252232,2.3714389281934,-1.94200982976194,-2.5960557767173,-2.4973012511359,3.85696562932369,0.169693750971433,-0.253793349088765,2.12656403609075,-0.945985957601405,0.389982181675075,0.410333079171793,3.95688535134708,1.71552056960778,0.965359449371296,1.24381313824423,2.44650673795687
3,-1.72370177830358,0.751050078051824,-0.761292314996563,-2.35658626524323,0.569918034010902,1.37486436296389,0.661936282267905,3.07402201272808,2.02354908981123,3.07957722579179,-0.472736286753375,3.15757731941443,-0.970724849648119,1.0398203712604,1.79092939626277,-1.05431808846743,0.955532051382378,0.27332753118327,-2.62376580215381,-0.391532834373704,1.26871030807221,-1.55082233894497,0.37380938845696,1.64151918792572,-3.02786580543837,-0.213449084112244,-1.5083634406828,-1.59389731352646,1.92992163800903,3.31530553258477,-2.78022840188712,-1.93551361917648,-1.6867940067289,4.56812872001348,-0.404484387397803,-0.990973727125358,2.505564755986,-2.70083232471887,1.35273495954982,0.308033927912435,3.02461772089996,0.295096263740327,2.3696871116962,-0.300523453025041,3.00278789907093
5,-0.707657180958468,2.26635739511726,-1.73825687688243,-2.10183012664166,0.950240605814332,2.19593732292169,1.69794575552627,1.39421688151683,-0.20476586776315,1.09689672408306,0.313159484321468,0.845933839521773,1.49796371037201,1.13900100761152,1.86928141227799,-1.04163654753773,0.972037251440737,2.18298084813508,-1.35589334218255,-3.09837666333541,0.969824218293386,-0.893837281068787,1.09378110162652,1.38902541172726,-0.0925793344805778,1.58489302279647,-0.0634948092152424,-1.52592379299751,0.152408199831715,-0.285500084541851,-0.721876279729736,-1.37920151889701,-1.11998360472177,1.04742466547802,0.779765396609117,1.08927183194825,0.401695084428119,-0.322162970652923,1.01572642215862,-2.02380770267967,1.74265672201394,2.23050919875202,0.501620841570528,1.09484265095417,0.483656304402436
3,-1.32506657024966,3.15743323401874,-2.94270854931218,-1.97555543489059,2.33522803677515,1.0016280497482,2.74482514752645,2.05078260585306,-0.403227187244208,3.51300427043901,0.145931910748298,1.94350782000469,0.791623794883775,1.62709787118989,1.59585515953029,-3.45073439063761,1.28963537619882,1.80519497794931,-1.29435560387295,-1.90839907230305,2.54979753783022,-1.72555043820135,0.140801067710723,1.49616928211499,-2.73091545326293,0.926377776784084,-1.67688293823659,-2.38572848597079,2.22528537888956,3.01248906951141,-2.80302995464609,-1.52240004532454,-2.83063745874963,5.15972085938167,1.44951885749531,0.606156426806218,2.91812485454412,-2.71478756886542,1.38075665751512,-1.12103010472626,0.285877372315805,3.32546416205699,2.81564799028797,1.2746217411071,3.25707173707623
3,-3.42700753439623,2.58553811764237,-3.4297725422287,-1.48922738300715,1.94005216564568,-0.950252810294108,2.78453624643224,3.39966511383184,-0.770457371574237,1.88506858868988,1.50588989696315,2.49680447028363,2.92580882345691,1.1316030527372,3.99386571923991,-2.74773757989198,2.75438131880151,3.09640728267871,-0.150782710597166,-3.12942454465968,0.658243172428151,-2.93448839853404,0.600194084772664,0.952770575121699,-0.552590990694534,2.56403225371946,-0.989746649037476,-2.53686271983332,1.37999114094024,2.48529557832355,-1.52177216313217,-1.03418938126495,-2.75437980194655,1.84263990005341,-0.272281101516911,0.98132494285969,1.34148248100403,-1.32888629301993,0.389642409472779,-2.2110112573675,2.8889986994947,3.06226411295783,0.128670767153553,2.08061882345606,1.9533107463391
7,-3.48949307204715,4.04098790626223,-3.13436407637017,-2.18294315669386,2.53065392543638,2.36980152776056,4.01555707365549,2.82999152488027,1.45602676076588,0.966556781626408,2.10561284393604,0.599326607787911,2.7362114109811,0.157028047663088,4.05827159331457,-0.678622781012711,2.35192638205225,2.43764339969225,-0.93886292993577,-1.32487950899863,-1.01249397292433,-3.27271201318687,1.52202553138175,1.73163609585967,-1.71758326450401,2.39372529988766,-0.688668200632275,-0.469102113291176,0.57465540960068,1.04310477787117,-0.0224202403200852,0.839248931943911,-3.03776949550084,1.64744074047227,-1.82431219607373,2.42561088907161,0.636360707451424,-1.20996733140031,-1.14521570177216,-0.532739088433297,3.25283124831214,4.95282605935712,1.59311596429006,2.64645074087218,-1.46742998599652
5,-4.32774761357226,5.35881966125149,-3.99105829450673,-1.90325606560052,2.8559990173144,2.85258352550957,4.48737812890726,2.65293182904524,-0.276888051222103,2.4368094122959,2.82761301119271,0.259943220689335,2.9743753559049,0.398067492502869,2.68072509252322,0.588853923978283,2.60414754706764,1.70757997859862,-3.81378570592506,-2.26361667550049,-0.558662471979572,-4.21328547988234,0.0490876755416381,3.74532071508735,-1.44358569068972,2.04740405390576,-2.11675795496805,-1.28707781294506,2.19550765370828,1.83544438378711,-0.458595814822176,-0.0653862993981348,-2.23575376130937,5.9633718575303,-1.22815782406384,3.01544080460553,2.69439188364148,-1.75189334252092,-0.615771874207509,-1.85291947329695,4.22131007418308,6.21640080875671,-0.107452039290981,2.92486923817586,3.76608424225651
7,0.0769412310501932,0.980143400740287,-0.0261246973634635,-2.32040185515745,0.261606885099584,-0.0058329359021447,0.500389623020157,1.06564006781116,-1.63809984372554,0.263474940572105,0.237493218950677,1.228071745994,-0.61079388017515,1.65919575458234,-0.135110540620354,-1.06845431821268,0.805641103863009,-0.596164312295058,-2.06120806512368,-3.08507787892201,1.4494345743133,-0.0860961517760876,3.13076426543466,3.15522888682021,-0.687388727034967,-1.1395018896796,-0.0601476577027024,-0.352619372167111,0.0986467993552225,-0.193687027499362,-1.07810787713357,-2.1795225227947,-0.568136142006094,0.408536658066041,1.56346601831142,-0.234462786086311,0.105864607598125,-0.769745939509062,0.280605168055353,-2.5429926107473,0.933102632112581,0.759483969468623,2.38170023933006,-0.2908879192695,3.15569382417945
5,-1.78208033313765,3.15683662754625,-3.5907666787924,-1.80767025580491,1.95243822742317,2.39987708682271,2.74650693029108,1.38674693412917,0.593067222081726,2.15591758790385,1.75236858124345,0.733036549810586,2.72696863579247,1.73213009949181,-0.145005565961767,-2.14718027914997,1.87999814672652,3.08959344717868,-1.80811590967975,-1.29313812025619,2.58540184953859,-1.94485316260347,0.899633773761199,1.65784945979126,-1.74329836092725,2.89425268326953,-0.829977234635896,-3.44947231086454,2.21404930472606,2.13492672171176,-1.41664602242165,-2.94446758241871,-1.89743389365202,4.76631165986448,1.90321061236085,2.29973790490846,1.79192130583364,-2.13120076747742,3.11820434080304,-0.745469829325557,0.437941239489244,3.34171439209517,1.54888680286719,2.09236824743777,0.732454154426523
3,-2.9415676701347,2.04257693041976,-3.19577391461929,-2.47026999345452,2.32013216820814,0.933270807600951,2.23657219095697,3.08660934123286,0.938419235365926,4.07473340279081,3.05125825487705,2.48773732207131,2.52964563063267,1.79364066109781,2.12592748308677,-1.82661206646317,2.15503969843118,1.5239121887259,-1.63688726159877,-1.90283316061611,1.38451773249041,-3.0283063834074,0.526239898079461,1.20424361112505,-3.24870015738847,1.29494338137448,-2.15489964201658,-1.41832676015764,2.7147170793631,4.26638091947817,-2.74636432683712,-2.4266431033333,-2.51068636826865,7.5055345829092,1.38650154192526,3.03990775266132,3.13856948478043,-3.04641353999672,1.4545732168336,-1.08501287396646,3.43523666429643,3.19343606841242,2.69316055145095,2.32111016820461,1.88254824014074
5,-2.44511655664901,3.73200692021877,-3.355782985145,-3.90205531565376,2.55952607431153,3.48901973337111,2.86781520348534,3.41646080433599,1.34585099308445,3.73698599472698,0.973328447690081,2.47566540988758,1.97951924267728,1.17041428810723,2.64664006634596,-1.48736923406921,2.09926810262528,1.46497013184866,-1.2384017849743,-1.13843868459026,1.59496354583605,-2.45623483273552,0.795714361578217,1.59988418540423,-2.49759706151535,0.27307419037622,-1.06541444097237,-1.35268789068081,2.07255808808578,2.90982694689596,-2.31317453086123,-1.51370638621198,-2.53625590633112,5.43006740942479,0.51826594855331,0.968095597714647,4.20313028846977,-2.47956645089346,0.834157186072536,-0.130281258417467,2.86148272739498,4.2050149746741,1.93115774848302,1.85074964604537,3.51356637173781
7,0.598850698889231,0.699052388664767,-0.129494231792954,-1.06913135422597,-0.0173344894680723,0.602284452229773,1.5758493411332,-0.817108408723031,0.838715545966282,0.982906310380794,-0.240244250981269,-1.07212916965753,-0.261681062896056,-0.264790595605097,0.0201341802114011,-0.455515741989646,1.03446022632393,1.21072176383433,-0.798437603000033,-0.869102827224885,-0.970661105254242,-0.0063076421140277,2.30439933409555,3.76185879859911,-0.685419541796817,0.0874990696566284,-0.469462981448721,-1.37837320502832,0.557204443228108,1.02774613458109,0.0534018678875861,-0.26162143381699,-0.38074788219893,3.4408047124855,0.231338024984863,-0.804488275469054,-0.320073668646889,-1.03629244535415,0.293625477317424,-0.267631489070607,1.13209445970321,0.566779389558056,-0.787563654509714,-0.191893823891896,1.77288374444318
7,-0.131427091973852,0.865199705084017,-1.13897795495605,-3.78889817536182,1.51546975836405,2.73594098684197,1.84705081947357,1.48629013584128,-0.103674703573926,1.80359356038669,-1.51014875266857,2.12366003845578,0.369776760204539,2.10590160912517,1.51545989372628,-2.89183287208895,0.468158139382652,1.53885957788656,-2.86908553740215,-1.4157061395522,2.78702485203388,-0.17384940252695,3.36002970874528,1.17893092897767,-1.57581289026945,0.576478225024638,-0.974146805892218,-0.4565743682528,1.90338892022885,2.1067759410318,-3.53307616803343,-2.83484591779744,-2.32128288883125,2.53555535769471,2.1655283278571,-1.63400100791266,1.71895105224042,-1.72810986227196,3.24323090658519,-1.25021811556169,2.68918069386862,0.740603525870252,3.52653233593252,0.0120436564271862,1.45474422672921
6,-2.94838661640607,3.56704444009412,-1.94164038903662,-0.224320100667557,0.797884364036197,2.50653204069534,1.39159047561748,2.48357378105034,-0.0838521616373032,0.34561317280485,0.489047018238325,0.124041068412884,0.20983018836847,0.358981049148237,0.871809915114815,0.702665898633223,1.50135963354949,1.51253718745866,-1.36321555820475,-2.64518162283894,-0.78119074311441,-2.84344632630083,1.2627172162331,2.39752998724495,-1.46714245193983,0.557909102785737,0.428780917321951,-1.51691861158525,0.103149981089903,1.40117254833207,0.908769779992149,1.54002367433675,-0.911759275924944,1.46586810367811,0.263560497284405,0.0663881067022138,1.15572652693029,-1.34657723500683,0.753500539622015,-1.62551059016023,2.74794772433522,3.46325404178051,0.451104440010702,0.34811886723936,1.80594206323173
7,0.0482765555634539,-0.385629838998986,0.293441074675017,-3.23345598220945,1.2581955651632,1.61359740488291,-1.05406173489235,0.769595958739814,-0.597938898626705,2.73185890376845,-0.353465744338951,2.39046335141388,-1.32701944387291,2.27453414522838,0.419451782208575,-2.72751202713885,-0.60255558460381,0.0258612886391233,-1.41045593882877,-2.56476193710364,1.18165024011191,-0.0136917553763956,3.29516017087501,1.74489414104044,-2.23822059501839,-0.571334467559943,-1.0300999570194,-0.310527668347221,1.48215941678896,3.22064715468397,-3.41010562506806,-2.95966081123244,-1.36331682356729,3.43217289106429,1.39898898201413,-0.773629757735093,2.99148959885582,-2.18975066143972,2.24638296229907,-1.67174099696017,0.851039596400398,-1.19166409450538,1.74017119155924,-1.35961567959671,2.92827354494727
7,-1.1291217782835,1.17211438307113,-0.869326586034329,-1.19850124936291,-0.019499181671528,0.0933359918136937,0.815068610219109,0.435617398285979,1.47544093744499,1.99322680400371,-0.129683924766661,0.379364485432463,-0.875160705241664,1.66740512687342,0.120846590849996,-0.382164896979453,0.11482948716044,0.321827556179874,-1.43214801556668,-0.959818514006485,2.62749876780101,-0.788980449576425,2.77283566328904,2.45064584840351,-1.56890218438071,-0.713751457160748,-0.607519051173923,-2.82752898288929,1.09761551681827,0.71129823739395,-0.560936784953007,-2.14530027235896,-0.583401024325719,3.385409332195,1.74669044763456,0.107784317984702,2.98295112945865,-1.20851899474251,2.10295917679889,-0.419292728757584,1.24003182877287,0.669195960857255,0.62647742676029,-0.215535320803817,1.99610172320614
9,-0.802722498898658,-0.605572185032254,0.656230075870083,-0.282974369594612,0.148595341685142,1.63338874614646,-0.903670832966573,-1.33238517778139,0.188088155442943,3.21279350648246,-1.48844874790096,-0.908088805673852,-0.736351782481887,1.38626231290987,-0.946132016921954,0.356312847816967,-0.255733494666229,-0.966295061949282,-2.82641845432143,-0.514737259529226,2.12410398091242,-0.859591399568575,3.45709461639309,3.76860394466365,-2.75773192264645,-1.30491264086392,-1.79907925466176,-0.920177329092147,2.39037687911293,2.89504915571247,0.0554575734851861,-1.16354524259858,-0.279462100185026,5.2841618544882,2.30027016424667,-1.46119312037455,2.72709952409262,-2.1610978053101,1.2041934190205,-0.431120740428114,2.18133693979104,-0.664779810233631,0.378489689010893,-1.2551675534244,1.08410903892607
0,-0.0825171311179238,0.922205026090545,0.144187688587848,-1.22904623310863,0.992357154605083,1.83933752521858,-1.40809359354272,1.98204747698706,-0.37482382124435,2.20155572693578,-1.62536278760466,-0.527110245570143,-1.00918526824517,1.55673362216132,1.94794610003477,-1.79070755136285,-0.284885843952886,-0.792838788239011,-0.520184784795467,-1.36047900070457,1.96134639385172,-0.288925737128486,-1.34233860724506,-1.72362191579687,-1.92478274561656,-1.24001014653908,-0.34152400634784,0.493189958445825,0.620236547209255,1.86610480321426,-1.2691299660136,-0.679708387185729,-1.62875380345802,3.65753546105381,1.39424350337587,-2.11426476867841,2.33448196171166,-1.52628145088269,1.21661706490745,-0.806676978321723,2.46166833710269,0.283541545016332,0.393184856857195,-0.905636272100912,1.94952994757122
4,-5.84630477351473,4.87617185552635,-5.25847229584706,-0.46436568428141,2.10404514005144,1.90964217879487,6.53136492731255,2.61433951056501,0.981362749257399,0.813642362334827,4.24628049852163,-1.62696791299319,4.48889017904324,0.252931946382118,2.76886077653062,0.0438547775448223,4.04388928103937,4.33269863313876,-1.370910027885,-2.01010281315538,0.290533583205985,-5.56033058538194,0.291902340713884,1.74352392978324,-1.00830719839794,3.8611967348311,-0.203403712287577,-2.6082278038693,0.955744995767077,0.705043843382475,0.24589175475583,-0.946226667928722,-2.20661052867261,2.50801201168035,-0.904489265812443,5.12232182910473,1.42940453803697,-0.511699553569006,0.220799136896909,-0.575942749919434,2.82962349716734,6.30968499171898,0.437390826685984,4.73606953153321,3.24245633834028
9,-4.4150812388849,5.05687818495359,-4.59579576291166,-0.316543551907629,2.45587249172225,2.09751469884669,5.10837953257702,0.838934896064844,2.32087821199007,0.49443533278129,3.50504398210422,0.140732233651511,4.22368620570272,0.214076867609324,0.659741578396849,0.257506816240193,3.70668429249142,2.42732108772098,-1.09315210485971,-0.88756376396811,0.0881888858458422,-4.01056588157261,3.5234836152239,4.49009184304346,-0.229359337810341,2.56931253333816,-1.22845295026347,-1.56089551446795,0.994574188189985,0.680607571412537,-0.0359554249381535,-0.671994764273138,-2.19376368142896,0.116563538921851,-0.539784569355791,4.91883929010174,0.93889572683609,-0.870469904117462,0.0459744905362754,0.320878829380774,2.12104162931921,5.65991399543634,0.430172386038513,3.73518617223344,1.63661660993637
9,-1.73542653082962,3.01695880874926,-3.32275802090072,-2.66993135014021,2.02488547615437,0.551137774016305,3.40398650819265,3.39781622431487,-0.493166084691629,1.82101859508516,1.71944951658419,-0.564001521406613,1.59345035046716,1.067547401426,1.63784340395569,-1.73769989756866,2.5738339001749,2.00212428852286,-1.03168834860137,-1.95206001604692,0.715208082345751,-1.74062116986274,4.18458355235006,5.12128816462814,-1.79480507938394,0.819724345604721,-0.145224455458448,-0.847117555891229,1.33515506839772,1.11007220246281,-1.1382738062133,-1.16722040823644,-2.60159404691277,2.95374084061358,0.558739913370304,2.85668057517484,0.997794385113525,-1.24227170281674,1.10310114810663,-1.85922743255276,0.59506603450925,3.16103933559507,1.51086823646433,2.2784128072605,1.36601676148302
5,-1.22518452745511,2.55970806027919,-2.72740631173478,-1.73605129842856,1.6258778520778,-0.0282729277666892,1.79882624305234,2.51567159650062,-1.29641941713174,1.82882911971324,0.730461678497862,0.944344938741498,1.80347513404527,1.92542648650198,1.13532258486411,-1.20447797731921,1.11418191628861,1.52108656667979,-0.680504460838243,-3.10366445037765,1.81635246190576,-1.3686202368987,1.56317510715341,2.77610367835574,-0.643653183524436,1.53932528211006,-0.817696946729078,-0.62835918324374,0.761223426671518,0.461210881408564,-2.18953407238346,-2.41645701116034,-1.03898130704592,3.03734096063128,2.19516471007452,1.23124568384479,0.957808880995307,-0.706939670278176,2.16481257971047,-2.21894046331144,4.76575019713761,2.65821192774377,2.90897953452872,1.38592111117881,1.15763605685301
4,-3.71273762016957,4.13167149812966,-5.73126884974661,-4.37924677990953,3.49269389040611,2.73554395683805,5.09575150955535,4.4852236424932,2.46763770215386,2.31255209502618,3.00464130895214,4.05545133268001,4.217913129068,2.09619990863186,4.44211515757905,-3.52773580705031,4.06108956698916,2.54442465161425,-1.97312032249554,-0.496807919786173,2.06546258075239,-3.58123189696899,0.729129649974236,2.24993069047247,-3.5306276344596,2.69513295928783,-0.978331927206022,-3.49960972635038,1.98979692610195,3.70459759945396,-3.77557675583352,-2.69815017621428,-3.65537048441786,4.70881010904146,0.831419216102761,4.04323807812399,1.84784939686444,-2.99008469571389,2.52204567852278,0.499061300170723,3.03289718522517,4.83272731785584,4.15913903131649,3.98624356182847,1.5990887200687
7,-3.35314247719912,4.20110223462378,-3.31504740116245,-0.593592481867711,2.32325561064978,2.69186967147648,1.57484462499583,3.32856082500938,0.0619308260550801,1.51191749631892,1.38368693161164,-0.168661642052034,1.74568598557258,0.531381551353238,4.05287644867216,-0.888919883381535,1.94205141782835,2.54801727642064,-1.97640660455962,-2.61651405542126,-0.830001477785909,-3.09965763315847,1.84275097055793,3.14893131076343,-1.40516749297349,1.63617767679181,-1.349339458113,-3.11149570681858,1.78087352153471,1.2893185386049,-0.0376381559184752,-1.36336582471339,-2.53220654534697,2.90885194201525,-1.32800344303211,2.05456628238309,1.8285520666789,-1.82905478276942,0.170784601564398,-1.60958903260094,3.61790125773266,4.81596898025415,0.856862576851445,1.84563665782599,1.66774015377196
5,-3.22717852982613,3.40348946616508,-2.84964521747799,-0.988451101254308,2.33160721470671,0.733720786623608,3.99240562637066,2.62073013139973,0.878383997596945,2.10201075563571,2.27161196045515,-0.2159850453621,2.76355843532477,1.0008026589141,1.87163883275734,-1.72602936230302,2.47799358831963,2.51294001120596,-2.48434883492051,-1.35414230531015,0.623027401590658,-3.23746360343373,0.642193396712221,2.19319753475089,-1.59199538460103,1.76711071571183,-1.24464845010499,-1.9775077208136,1.07093549567132,0.885853636207041,-1.21962400390927,-1.40166138120194,-2.3990277937278,5.06188807310685,-0.201222962974876,3.67182235044676,1.41634875972175,-1.04957283941595,1.51061935947627,-0.458408200868311,1.76315788509195,3.89099033696391,0.442370821987778,2.54347023050064,2.06357834633899
2,2.10337201170023,-1.01255414963922,0.715301548895158,-3.64870523160945,0.0494077770507295,1.15754266790199,-0.272595054829389,0.118219836425366,-1.53784835648135,2.50954297219468,-0.269083486948907,2.49727329862127,-1.04903477290019,1.21777049030147,-1.82565755800612,-2.43619651590243,-0.120200938359726,-0.103020694702527,-1.92299943085416,-3.6661570229869,0.924518118754839,1.52276662184064,0.605670478126159,0.607982649170099,-1.36612303979067,-0.586116187025436,-0.489607900671095,-1.81796307629249,0.984150099998588,1.46986098460254,-3.02075018053421,-2.20417304556457,-0.167906642931,3.49126800137043,1.64087364488809,-0.0990580530575966,2.51077293561844,-1.51624611202003,1.52091175166165,-2.30741096167481,1.33660809000029,-1.83620619591032,1.51964879590713,-1.14546062232079,2.30319214079278
4,-2.31952015853399,1.76515755465927,-1.44728546675883,-3.17593996921585,1.10887077108369,1.88650178441771,1.91660222297339,2.19933509119846,0.828774332429825,-0.280662954524057,1.32214743526497,-0.0981078261892641,1.81244372543507,0.674232424222867,1.07758594233037,-0.676779006719083,1.42551504458513,2.07411123485769,-3.26931269483187,-1.82702818119283,0.9977191384914,-2.3782454427144,1.01823338685832,1.23345356308757,-1.02364078883885,1.62424051808943,0.677491076873399,-2.16708122327258,-0.233029386089043,-0.0504355170543599,-1.11472199045295,-1.40435157845038,-1.52772065377624,-0.606834290112924,-0.127713912476812,1.1126899694832,-0.255289122346261,-0.50233414500962,0.671307102716051,-0.630009442107728,1.31051738905921,1.64311688140634,2.00687886464292,1.21114506319743,2.07015693034431
4,-0.321651298439337,0.0065629664055369,-0.931271944365843,-2.03062555919388,0.155039602794648,-0.12648400829594,1.54126066672122,1.03959689195801,-0.692829582718739,0.738767450949862,1.1291653724342,0.202194723557586,-0.721138437431841,0.760904321132403,0.406276694521519,-0.204817212686894,1.08400713416408,-0.318585251331254,-0.867604199975743,-1.72777622680324,2.40821268201811,-0.553294485059222,1.4088538043548,1.82814566911282,-1.52604532808812,-1.33075779085066,0.0917502921598553,-0.543550981884793,0.694683292838022,1.64017025579478,-0.176763758142785,-0.488303221706616,-0.865476875359733,2.4974130720895,0.471794105004437,0.810453738237715,0.270998358944746,-1.17780015918094,0.40818262696423,-1.19247689973626,2.50347097169415,-0.0969014813869402,0.0357192959849865,0.14402274083719,0.76873269459168
0,-0.0483792201223639,1.5962257913925,-1.39353533885049,-2.0221721577998,0.461759134170689,-0.5279958334374,1.65368549468411,1.76156945786815,0.202443188091798,2.22048056757388,0.614353060293176,1.09466011915421,0.57284263613776,1.66478445330659,0.794712769985727,-1.73001374370108,0.525795223028939,1.74872587622143,-1.83197709745662,-0.0784789074853046,2.28546626534908,-0.192421781835444,-2.70124676202627,-1.87129225422579,-2.16890016318025,1.45046131023393,0.265085626715362,-3.7095138253463,1.60223427719465,2.61256363908952,-0.711157501743367,-1.05440312358754,-0.765678267152542,5.02555328322439,1.06502425440003,0.265797831512621,2.33655532017592,-1.40065404315121,1.37099071433144,-0.252797796955109,0.669914349506343,1.44135734424176,0.893209094585666,0.0128413619331784,2.48057518145258
7,0.872727396078863,1.23122531870042,-1.8539064737311,-2.61765104861916,0.742538319328043,0.344927083507114,3.17263529526627,3.27365153480575,0.987117856815222,2.14809370059687,2.38781715341873,2.4571760734485,2.19794196110533,2.01826442714309,0.475245188184545,-1.68682358479642,2.15248333472317,2.07475931019776,-2.52340202977121,-0.981645012961816,3.71926537985631,0.453472327402262,2.71110270152609,2.27094593380789,-0.518726794361473,0.910997207449997,-0.373497204394515,-1.03419702176876,0.558211801132702,1.6067914527281,-2.42475634118435,-1.63099017348489,-1.29103289796293,2.31223454750097,2.40149807631346,2.66497197078159,1.68059768193235,-1.12363898815741,1.47155778876215,-0.0721925240976495,1.21446594558581,0.854686445393455,1.23165730637734,1.66985054599908,3.2225266272552
9,-2.52471716311599,3.31283045010265,-1.56626824597641,-0.993766912776145,1.79210476109114,4.86250144814873,3.14072658131869,4.56272817390725,-1.79716653784762,2.40952572242811,1.22350960132948,-0.757353997130772,1.69798186239293,-1.63621950173595,3.31142261725525,-0.42971841834624,2.32925081720085,2.00860277687239,-1.37106340582412,-2.4929324048972,-2.47369435447706,-2.17595220202395,2.21294042708151,4.89572026159548,-1.36889376224027,1.0912412065305,-1.50331140603618,0.539123805321105,1.33772059970083,1.68412423700292,0.181405447611583,-0.372360858949886,-2.4199984237388,5.13132033779076,-3.12143281462901,1.18467621526462,1.16767623906496,-1.34334484349747,-2.02267383686603,-1.92492079965231,3.56157671786012,3.55927867506482,1.29867871383893,1.69625966997129,4.09918664531688
3,-2.17285520125132,2.11710818457181,-0.859828802268404,-1.71989997675208,1.16741924663464,1.93782086498382,0.654892364084473,1.11061666297149,1.43894008873193,3.11550984583023,-0.958723365576241,0.88222322944436,-1.49023302759375,0.0805051007862065,0.322430711295085,-2.04784027532151,-0.642682662057536,0.604873697972476,-1.80629187929898,-0.420586952109191,-0.0535865526077045,-2.05692452564761,-0.680299527183012,1.01337540451881,-2.55606505457089,-0.735512555312223,-1.31733154631609,-1.55144033809831,2.38054799801468,3.32342279982399,-0.911814535134145,-1.20179858436696,-1.18480439604162,6.2754233802342,-0.303188437396454,-0.956763946632057,2.99123879524481,-2.77386599089475,0.422146108713881,-0.309569485527115,1.76756202523862,2.43736360324664,2.28897505484877,-0.747089057603757,0.377431491146218
9,-2.84145975424298,3.20506160779717,-2.56631197672072,-1.76598340178453,2.19235668493712,1.3724936665212,2.13876092990725,2.85529175863769,0.327808497280857,2.82453543827689,0.819390417423174,1.2550861751757,0.45358114006863,1.59321504552686,1.90765569413509,-2.20497720518931,1.26107731284667,0.479997669736156,-0.353198389911323,-1.61264006820025,1.74343598755763,-3.22652478098429,3.09031782585523,3.72841915035291,-1.15777947395313,-0.0918337373841289,-0.186024453732696,-1.99977123709559,1.64124757563303,2.00054810530483,-1.09126716532106,-1.69177875758699,-2.48740463593281,4.9773690437476,0.898104359444375,0.255740616850142,2.12902801564828,-1.38336278600238,0.331664868344894,-1.11828011443639,1.39910157159174,3.83631913614188,1.84084018925782,1.23457926327033,1.90006437737282
8,-1.30795042571141,2.98292664533378,-2.37915408262377,-1.81123533816226,1.16033797429013,0.355796265122541,2.93666592097494,2.42318339478669,1.56238371162713,2.85724960394423,1.7926288713996,1.59992905214715,1.90332132055568,1.46568405015179,0.113120893884938,-1.94652108448991,1.60911377674372,1.94738942630557,-2.37322095561108,-0.994758199821885,2.03788623373829,-1.58441575723223,2.64928615130048,2.76115524835872,-2.34502316655526,2.1508355242275,-1.78777582625357,-0.183091214729951,2.39983151608367,3.42252222279315,-1.66055942594387,-2.84090548501562,-1.90352192278055,4.85627157240562,1.22028341879151,1.79185377590193,2.41875042687195,-2.63698028326181,1.00196043114625,-0.33710787617698,2.15339894523247,2.72730814421037,1.99674690260792,1.42946839853219,0.53991720484317
5,0.341238252495529,-0.658253501523985,-1.09033888215215,-0.535489470988296,-0.0201058620558134,2.95454498033697,0.0769758659518385,1.5251686876791,-0.421741744005511,1.80252601578809,-0.226473170279281,1.5759618494508,-0.380799339215628,0.963095705968606,-0.0729203300974549,0.202106314108697,0.724654911382015,0.446809802528379,-2.05892633574232,-2.51565293038346,1.56406244439083,0.13932034767396,2.16220233940403,0.91852570704077,-2.98397907503053,0.0522482394108046,-1.5822429664921,-1.68577076094997,2.15936379270724,2.26641810934458,-1.71970147463575,-0.955432434089813,-0.844218576543128,2.06455765785516,0.464904506062192,-0.435786804767474,1.44893765709302,-2.4199525115213,0.744423251323369,-1.76333718369707,0.563832529908689,-1.09937079840217,0.679546813485755,-0.480830313853321,-2.06467629834319
0,1.29617122317445,-0.847776627894314,0.0141642108432156,-3.02173726354446,0.139137318559359,3.21149746518038,-0.111067101925372,0.788131722878803,2.23330680493044,2.72025799810253,-0.467019284125867,1.72504458644276,-1.14108108051799,1.79600948352717,1.05200282147236,-3.32773680222679,-0.400707903384579,0.347231436776314,-1.92237614561296,1.21829812956161,3.58781103637852,1.0397141454532,-2.83038768389391,-2.20332393220336,-2.26744580533209,-0.266353238204333,-2.08185587187635,-2.08501825688779,2.29454721334932,2.50170093565736,-3.23825310032098,-2.30401700897757,-0.838122605498467,4.60834760332163,1.62508707683834,-1.14924269872409,2.60658565728452,-1.92051624474311,2.30008031784109,1.25899113119939,0.92741592068471,-2.02804765667927,1.65121009027902,-0.837120417531125,3.5699287207992
3,-3.12688854666588,3.26238110660702,-3.21773298137074,-0.728928164285196,2.2762817414738,2.44152333223853,2.58442395730013,1.81976437611392,-0.198161783161592,1.92768055861917,2.37840352542198,0.466099253707086,2.90064612195688,1.61422691035624,2.10154234324586,0.478417927188448,2.55453880840545,2.6013715823742,-0.597010285179572,-2.49073488951482,2.18296811674062,-3.1800390390746,-0.0345026415139467,1.59220477557057,-1.41938075181914,2.32383564000817,-1.00540681940293,-2.07486893597367,1.21505553225123,1.68866198882789,-0.639647431166941,-0.715360208754496,-1.88206037728564,4.30200482411148,0.862223548147471,2.00392840159228,1.38994554310932,-1.39454683389932,1.64920041811697,-2.01547999467338,3.85067320491826,3.97013325307321,-0.469176524790734,2.58930555875265,2.67971833307086
9,-2.61839128628742,2.61494930366066,-0.147187086369085,-1.99087406192369,1.33488929642497,2.04750875426992,-0.552387295763055,3.44207406968281,-0.991035644387885,2.47053368813211,-0.45544518901129,0.837820142773597,-1.34633925737419,0.789906965563068,1.79251340395847,-1.05263677107525,0.313938615255275,-0.831784260928094,-0.616455975433998,-2.45948167508056,0.80697096997813,-2.6847105120126,3.72782131402731,5.05214371260882,-2.18343575009559,-1.55962237380894,-1.49386302365556,-1.15828487004146,1.38973049997478,2.24828935301617,-0.485867275244701,-0.464117996419925,-1.52500929992812,3.48055837619122,-0.0954899544503711,-0.871470234513344,2.51261851032105,-1.84085719739497,0.637407510251177,-1.94725475754507,2.5518634029911,2.73840835604131,0.953204504102886,-0.770983729297763,2.3082206243293
2,1.6587702260137,-0.170405087188089,-0.868542777510211,-2.9882944685828,1.06631866084055,1.04010854990185,2.1311022315318,0.510423853403319,-1.90507608900594,0.730502322491222,1.39639672349316,2.95284130382884,0.525235184949011,2.17411727876183,1.30413071709084,-2.38062161168028,1.33424880469908,0.619211695737658,-1.48542322563732,-3.3844094530059,3.39716328645215,1.12875269139822,0.43458694056924,-0.458479413559513,-0.978696668421757,-0.422013740143552,-0.568862962185911,-0.806530589563147,-0.0107159318728418,0.621383334854751,-3.95308041333452,-3.3023719944431,-1.92281954626444,0.859249598017068,2.19861023427624,0.879050228475552,1.19386238774501,-0.736630141331025,2.12675622229503,-2.85301347113796,2.643347282024,-0.960557469026861,2.8732158515136,0.465548375549412,0.393240353129601
2,0.172022240738586,0.73795312437569,1.43276719332836,-1.17966551586316,0.104864701900165,-0.49949926114446,-2.25514244933794,0.778336866434277,0.986753727212779,2.55158284907407,-3.2600521852346,0.539569502353623,-3.96531989352123,0.186076323817667,1.2407101955574,-0.478305522688868,-1.62729378471382,-2.68146637595159,-0.466951508609813,-1.9902129421207,0.541607480152786,-0.0175291492086492,-0.794424662326972,0.533890481791972,-1.67855238172493,-3.4502656324838,-0.466023601341914,-2.55194692482399,1.394414883613,1.86496390300829,0.271938233001309,0.216301994902051,-0.975717538671636,4.53704383817866,-0.528044361272106,-4.13191957816237,1.83007429104063,-1.53792280303209,-0.447465927735449,-1.11229602265063,1.41430257033208,0.433153805796818,0.0097840726265502,-2.86680363578295,7.18154619888064
4,1.61954156648427,-2.08208838866325,2.36439970930867,-1.6258145900284,-0.711152791698074,2.26394245374608,-1.10201226147869,2.23585594294153,-1.75535106096908,1.45100694620437,-2.80017620406198,2.85186415557898,-2.29296622491307,2.74631681377664,1.33323576401762,-0.935039113707152,-1.27675926213082,-1.4138479529654,-3.28421118769995,-3.64614971638332,3.49221940591042,1.63420235024629,2.21169788851243,1.03330614072353,-1.37097828933565,-2.40841034781576,-0.528613209530724,-1.93686970452404,0.473950939958666,1.02983776097714,-2.96624929187068,-2.60036343818906,-0.626915147019318,3.59641709810166,2.35119417157582,-3.3020202315835,2.066029650813,-0.541477577243444,2.46275963333091,-2.49585690517168,3.76048003285873,-2.7354116092413,2.19438550225976,-2.21224627413105,0.533061080226678
9,-2.55023067525921,2.35978059798841,-2.44899088490794,-1.9026015984725,1.81302192744938,1.35377608990931,2.35466035916901,2.84864423732681,0.982958809169616,1.42406742848886,1.75638929782644,2.46105787754841,1.49004071197009,1.71589901271434,2.43387411136064,-2.38348126279937,2.30834361090771,1.78427416932795,-0.745168068236673,-1.09205002001061,2.35724228085557,-2.50178258924827,4.38799434273354,4.72494861986562,-0.720327734921352,1.2074020272418,-0.681053117729564,0.548911087264423,0.492811660310406,1.05080264219687,-2.20583932787932,-2.86076986414746,-2.68516423013822,3.57017248693484,0.272102811143666,1.39020947292908,0.971332263386742,-0.723389127241183,1.60159848344525,-0.587414123238435,3.42857927701726,2.30003593671114,1.10855867945947,1.93354591128487,0.403174361388327
7,-1.47368358910941,3.1447113156875,-3.85885165774759,-2.54643759968024,2.25155570716456,1.80404524821123,3.69643995677141,1.57817318416529,1.03835953668577,1.26524075219855,2.56318046235399,1.95038011609311,2.89076642456095,2.78496727882865,2.63599557371946,-2.21038007708619,3.10979562889622,1.80109620144362,-1.86277123490809,-0.160849458280709,4.20514740612137,-2.16957546096727,2.12132240064878,2.75347885614481,-1.06597881629897,1.98746141551649,0.258501942031745,-0.59073029944953,-0.376580257765798,0.470885094925395,-3.06653763602588,-2.1218401314334,-2.74939211385148,2.64003566241533,2.19755574494139,2.92680385620253,0.845097730265136,-0.556339601318986,2.2788723270015,-0.153622563482487,1.87814082002595,3.39359585697316,1.77418456723492,3.20911768150771,-0.126227250610847
2,0.360892212070235,0.0988389946813208,-0.130211582503054,-1.95283630190076,0.752196999618509,2.26198314419223,0.753290980102041,2.18418606718324,-1.22257537525135,1.8830559600829,-0.59410915782883,0.345057645688398,-0.232586393102518,1.80238726669516,1.13424810045612,-1.50292996287769,0.530248268933647,-0.230802959790643,-3.34897949175438,-3.52150129122858,2.80353916749057,0.332862729705145,0.431346703653528,1.76138371602998,-0.408941056048438,-1.15637817527365,-0.178947989348184,-0.130107808366656,0.467195223963483,0.359762550946048,-1.85993934209479,-1.1304021836879,-1.23058858732896,2.45955761082146,1.89732493069917,-0.669512067028353,0.986423671904402,-0.694522691879012,1.47024044631678,-2.75768611693616,2.25903819894177,-0.716305313883215,1.90710424406511,-0.533815468361982,4.36461152606762
1,-2.11091366895259,3.64284737618058,-2.42834037455282,-1.03142857380917,1.54655369180402,0.959666380738428,2.59833110694086,3.30163660472323,0.100805082113249,-0.000940275399619,1.98764735444282,-1.89327206719076,2.12065100955347,1.09503382597141,4.07174136433445,-1.04203029661941,2.4005702891269,2.10504997263674,0.87623028208439,0.161569428125123,1.49992314267593,-2.41832975719514,-1.18705525154267,0.344167157428922,-0.0247270398684664,1.16768501878351,-0.531649296070297,-3.53527424786026,0.124319579634806,-0.871334145733931,-0.0174142315114723,-0.676557790862282,-2.24726191199775,0.593635845358349,-0.679081934424315,1.90248953519692,0.594668878135108,0.165206791146208,-0.104878325941358,-0.0921807576822168,4.32245392405467,3.88946936168349,1.44686420125189,1.81683350283844,0.525736897110049
6,-0.403641939022503,0.382447583318301,-1.00262878444732,-2.25965283362778,0.858925198145447,3.4669631160067,0.817751864308542,1.4122047763125,-0.484153665631465,1.70679312568636,-0.158948652997565,0.860891625763858,-0.656768056985569,1.67862661325935,1.63806457228521,-1.95289734868231,0.677896262500826,1.55945722375942,-3.37438722292995,-0.98837385842425,1.71665006546376,-0.143186398408712,2.3306286302101,3.01335548965242,-1.39495463197522,0.213080683774483,-0.415404068580606,-0.499631260748857,0.841610814377007,1.15225061035704,-3.00918720687034,-1.3953085623171,-1.93606132108064,3.01740104194326,1.47647637123837,-0.154724155201839,1.74916073808448,-1.02380057840509,2.30077157179939,-0.932998044800963,2.58935442272432,-0.203086517661579,2.38931328253699,-0.0411144063602105,0.800280493887981
1,-2.45821470369489,2.75266111570291,-1.56604845919757,-1.36045330397624,1.1608729455557,1.11270817663366,2.17766532132037,1.98111596313541,0.0041632540426256,1.53779956692611,0.759245155088231,-0.914726073637693,1.90427112954612,-0.0654005998292977,1.82344741193847,0.569441483603032,1.82188925991908,2.57301797679412,0.526447958229515,-4.19160718214991,-0.788774877787956,-2.72539582669829,-1.72523028270563,-0.0179430666493248,-0.260518668061041,1.57456231360933,0.722491609666725,-1.69732685701416,0.397792899716625,0.522257819798982,-0.100850027640606,-1.55739849080858,-2.21962349501634,2.84916132118371,-0.783623498286501,1.03441972158362,1.32441952834781,-0.5828905348416,0.522069722936232,-2.57228941451353,3.68272163840465,2.95939997741285,0.728839027997013,1.23371881967268,1.74803161380827
8,-1.16656052578982,2.36203606884766,-1.93698438926491,-2.4859081963061,1.99356872186153,2.46910765754107,1.85443792633995,1.68268609358363,-0.220083149657398,1.9412648100952,1.70378056373562,2.84395194252706,0.0657146889590003,2.21190759621875,0.275222423871353,-2.97192443788566,2.35155399028955,0.965474517813251,-1.60150948315558,-1.94767773631427,2.95573017229156,-1.4946355509586,3.48232770764297,2.4541870899268,-2.0407118370789,0.51381895536736,-1.32827248673573,-0.548438272637624,2.08032067108174,1.98200388196174,-2.91760649591453,-2.37851164801538,-1.94668045305965,1.9459848778961,1.94923798261638,2.33560445494095,1.51960375550454,-1.95112289814862,2.83458453771794,-1.22942572447423,1.35821191868444,2.08094440289438,2.94348083950526,1.19622902440652,2.92519728856547
5,-1.8231249466674,2.6189167808995,-1.93548719436829,-2.47483600027749,1.17549483286761,3.13973915946724,1.15685881835342,2.01224889237553,-1.42752085217014,1.98148610468807,-0.364056142243986,-0.229733179859149,-0.271676310511692,0.461067290113345,1.6245238023619,-1.46186854017479,0.798825493999384,0.356626403043988,-0.610328679400158,-3.22778058686953,0.619124476720124,-1.72735722357829,0.677075342709544,1.84734703079131,-1.70169689268243,-0.541721004120123,0.109516063074182,-1.53955988146702,1.1540648346291,1.36019436522969,-0.502578148975445,0.0039955539571141,-1.61298306753885,4.25359294288139,-0.300164764284554,0.21614960164651,0.804789134504322,-1.39441313504066,0.787689151409741,-2.63438719411636,3.60438882781399,2.5541245773088,0.546023619770322,0.332714906643575,1.47175279122411
6,-0.567170064575495,1.13059452048618,-0.0552521624321071,-1.17324038525231,0.522173262535738,2.88916702511393,-1.64464419588902,3.47157669621204,0.485316182962605,1.0223868687614,-1.65579829134737,1.14075279566502,-2.97168136575416,0.933218530858656,1.63400407579429,-0.263450196893414,-0.784916049013067,-2.64110491497588,-1.23147038906432,-1.5401613939322,0.501746759481838,-0.702800607615452,2.41176907340112,2.54086772006544,-0.877993699916315,-2.98342643964212,0.478674405746811,-1.82288225229245,0.590119378493045,0.246657054967172,-0.545795530665381,-1.22533279987728,-1.16046902234436,1.55860793103256,1.07333564339383,-2.45397113144561,1.26877941729183,-0.857665875348365,0.741377594459654,-0.837643128433245,3.33199730406672,1.09760400591717,1.80521316739727,-1.56990540845533,1.3294032923925
9,-1.43381260555734,1.51947348224847,-3.01475716872732,-0.959541949740904,1.43839186628715,1.39650981924092,2.6680694850838,3.38771044118543,2.52965793249119,3.19247014236894,1.82341981838809,2.05760110880819,2.54521211189981,1.5572949556566,1.75569835748227,-2.44623724943533,2.14063068106753,3.43772040713831,-2.30734002134216,-0.163037588134661,2.62651438966148,-1.84794024320437,4.56628703128988,5.85126188063473,-3.03853635968675,2.75288855408011,-1.50120640537277,-0.121088981744317,2.96098419190934,3.53391162844899,-2.10736642496055,-2.35675342445758,-1.55915670296401,5.5588527706465,1.42256994789077,2.44290125654535,3.69496059785286,-2.76464329435661,1.28955877911705,0.0562184868856002,1.78399085317267,1.57141028182353,2.17317755402788,1.93896493504519,1.75850566216939
5,-0.687159197129353,-0.159209601673537,1.20678318508882,-1.80361638420393,0.462221571516799,1.65585303014962,0.356042769614575,1.51939018324305,-3.52309797927462,1.51394465759389,-1.12589130801514,0.262968875618138,-0.789897530645849,1.68148952942583,1.25046071263909,-0.818568808341098,-0.853628720289723,-0.632151125724153,-1.59834200290327,-4.44455354195271,1.99798945377898,-0.888355943046937,1.37475824383289,0.996946090520533,-0.932078063904389,-1.4926473970053,-0.0938535207790634,-2.02901295850266,1.99404053091638,0.757235355012957,-1.12951615999502,-0.291673228762961,-1.29271040761087,2.95752947781345,1.78911354873233,-1.78502784172296,2.02706274105989,-1.19056432285772,1.7669353958112,-4.12497739998746,1.07381999976832,-0.313247769185534,0.487909724838217,-1.33370285389371,2.05368593835115
3,0.32618459106513,0.208290838675474,-1.35439587132018,-3.84360455322367,0.298803946640037,2.99447411951701,1.53714424281084,2.1749140632957,-0.870222621264048,1.86505890182913,1.69963754886593,1.40347903126223,-0.412118243452162,1.950855441614,1.30244891440295,-2.74722062999741,0.857433937397014,0.0655840436258661,-3.65583185096941,-3.4219050620002,3.37810367905464,0.133272408310912,0.677092926352972,0.787864079227639,-1.0428339030977,-1.00544343254662,-1.13210425065187,-1.40787615200171,1.38562501316415,1.66970735228275,-3.83610297955165,-3.37192608934007,-1.15189059813173,3.17973110727004,1.42904139461996,2.17068643665422,2.20470750825173,-1.36629986551774,1.6136646124724,-1.97946299430284,2.99681689209123,-0.549004465156434,3.23875906608862,0.346314581224183,1.35831461047321
5,-3.06793379520232,4.6611693862259,-3.90842307057005,0.243529789183778,2.22168231320533,0.495449947358103,4.10507703077855,3.09544695651882,1.30016946004463,1.96393696034669,2.4996531169904,0.412273682239809,3.16473642342013,-0.510660230502436,2.98265184234578,-0.622892114234497,2.93369827339246,1.70522231085596,-1.28675485499702,0.1850883994107,-1.83667806433791,-3.15716856647259,0.238007011446369,3.3632652259039,-1.28578135808055,1.49397205179668,-0.924132438129958,-2.46849363131228,1.65660348729231,1.02632590338644,0.282505117589199,-1.02073486604037,-2.48131380730527,4.30991704600961,-2.02489996544994,2.96830860294593,2.22249112114149,-1.46075964492243,-1.55846329491695,0.468648513243001,2.8853894315974,5.08666610849747,-0.683039579832096,2.8102073249929,1.3500311116106
6,-0.673016392641471,2.68529064792649,-3.01513138184018,0.227797600651679,1.42824459555233,2.36959245981805,2.85309409687641,1.58523068406225,1.47930892517604,4.28430030390103,1.42980113310521,0.258636610216841,0.5228706962248,2.17470365222363,0.543387489470445,-0.527244217331283,1.33822058580643,1.37673004119161,-1.07409828952827,0.419552249238714,3.72230401056474,-0.481409747606157,1.52474139609321,1.4929839024655,-2.70669819327621,0.306747651701908,-3.00582289035039,-1.58255771612208,3.85354938528569,4.22748962028833,-0.538803310119899,-1.06941563682725,-1.44466424841906,5.60994477429886,2.46900742233511,1.44033353193116,3.1757773502377,-3.28974226325701,2.11424222722379,0.897781948156705,1.23757551148793,2.92023926268407,0.374923876578805,0.832000135732949,1.10184228954518
9,0.13596339420151,1.26023566741333,-0.696544828611589,0.117991081642298,0.449989043493246,1.37384954768204,1.93370667151661,1.72893971320366,0.069820076884669,1.7366384809327,0.0729637954309484,1.02610713695955,0.843384634082749,0.802573615547067,1.36283109809819,-0.953167312944344,0.987928203547846,1.24488652535191,-1.75059501255624,-2.46809848400977,1.22078745287556,0.333560918419275,4.07279323938265,5.64507654321663,-0.624350072214363,0.687128088808594,-0.838256875969216,-0.892861630253945,0.987072240638939,1.74552322288116,-0.68863577929637,-1.825490001766,-0.817588374873579,4.83696491516615,0.0303908328185594,-0.0444127949866284,1.96783896504474,-0.739218958535893,-0.0456602628792113,-1.9264260358082,2.7270948100292,0.636359311359057,-0.108453675100452,0.850504232874305,3.63125888251317
7,-1.45372093518311,1.39245337804111,0.319193951792833,-2.29372524400002,0.962382077278201,1.7577409624685,0.527815687264625,0.818389665600269,-2.2764211785149,1.69470501292842,-0.703426249710426,0.724691136828735,-1.51006367643196,1.5547278119008,0.89362130391974,-1.92767364983349,0.162137733087975,-0.417785188459452,-2.12328303941602,-4.23461472801135,2.29219231762176,-1.64570817238238,2.50641820218887,3.6658998282852,-0.702567850479043,-1.17079707152915,0.0336453069305768,-1.72370990911058,0.460669009718442,1.65392175119133,-1.22594547825927,-1.32626964675286,-0.342725272146009,4.24461545217576,1.23326655639063,-1.95930207171508,1.09086666082897,-0.746765680993268,1.13015070153081,-3.36164840259911,2.8649881228077,1.12961906629733,1.37399841985682,-0.827604689966416,2.03320161716327
4,-2.57129379595279,3.92030312116653,-1.69945830734205,-0.963946149836235,2.19449628568068,3.16806434262083,0.502398048145067,3.10027946193498,1.34533845141091,1.77510609007012,0.0504892134802942,-0.910513636959321,0.623150816367972,0.29632390664627,3.24499392278874,0.918993582427165,1.35366875071686,2.56904603543025,-0.506871650384142,-0.395469251970515,-0.876344361337376,-2.54551507588516,0.0065186629206346,2.59819840967897,-1.13267321116673,1.75238817924053,-0.880805745862533,-1.3679865673661,1.61882536411924,1.1164229637197,0.95337302577064,-0.89121773348916,-2.77907167626388,3.61368799271847,-1.23710269607148,0.399758382497678,1.48778266544024,-1.40938590712714,-0.549457919519349,-0.0299741254831007,4.85996469213203,4.61262002930958,-0.767721028543196,0.561642559898131,2.10221403237868
2,-1.10491168865208,1.17545315491961,-0.934260214217751,-1.62000040263403,1.36177014893507,1.79922690646532,0.879178238124106,2.40023192076039,1.00810041368173,2.18806973067663,0.331882642473023,1.16529486394978,-0.979323966432008,1.7187554402221,0.58334757747104,-0.741114962227424,0.551528005161716,-1.09612128583022,-3.21771524232272,-0.0224336638685765,2.79118234967027,-0.960575531133271,-0.167235399398566,-0.155950048765535,-1.50635543413789,-1.15387547638736,-1.09248062325241,-1.69892012291682,2.68045304236903,1.35122799944342,-2.2234359170099,-2.68636924450223,-1.38464092053817,3.88475140407535,1.26071805825261,0.581722463109258,1.31419853842674,-1.77123442583083,1.84224604003363,0.189471769236087,0.151008029026236,0.728685539722815,2.18737196110269,-0.0280477904685997,0.910535356368818
6,-0.200761655689911,0.219877043403677,-0.272304372617829,-1.63795297282151,0.455924770948897,2.99486241947438,-0.0263953320667291,-0.0760404878617501,2.55483027927756,2.46453473904136,-0.390229407577081,1.10227713400878,-2.3442133115645,1.48991321332039,-0.679097127715176,-2.01471827031155,0.292682032011583,-0.773344051287906,-1.04429974640666,0.465832553158029,2.61868147563329,-0.0121428361706579,2.66055128381015,2.19757293207941,-1.34373545820899,-1.17834307429265,-0.673110961350604,-0.807031877532001,0.776755670761029,1.85341075794011,-2.0227862827119,-0.960025322227195,-0.431847163369021,2.94732683171124,1.74789956647405,-0.35920320455295,1.95996657252367,-1.51285655710181,1.59814666865638,0.694632069121361,0.125766511032006,-0.215847968621407,1.26685003680949,-0.987242120219759,3.25287577543202
7,-2.57675651829445,3.86214737176372,-3.03351341315693,-1.69318659671346,1.9521148456862,3.29069305299779,3.90424480742593,0.537518317102061,1.14586720377738,-0.617545545734575,1.97263611447812,-0.536223543176674,1.6002811410796,0.479636550725797,0.704957627748613,-1.02358886000843,2.75135987811528,2.13510322822134,-2.12153832798213,0.578551868047536,0.452818197473706,-2.84294826193014,1.98180200756582,2.19525509054597,0.497371694337771,1.07285537143269,1.05620147067135,-0.889977556912978,-0.498829137575001,-1.02734637543229,0.281945377120909,-0.619966346767003,-2.54476022743187,-0.92586514525865,0.309264496278237,2.54503137726342,-0.136573764703967,0.65268448862102,0.389790262513973,0.698083021295617,2.59536952588998,4.24798714262328,0.294876202841359,2.42156299845013,2.48951949648079
2,-1.04082565765651,2.32282147596723,-2.13656193769964,-2.75355577053812,1.90830670416096,0.235156981612969,2.52377121331478,-0.608349512896687,1.39876114132781,1.42981755756718,2.27603500615269,1.39760277712374,0.248187792823648,2.24457514642937,0.851303967586807,-2.08785771619204,1.65915956478158,0.810947882696782,-1.52665204721241,-1.1504841865414,3.88707758983032,-1.32333905625345,-0.102667632634407,1.23444951877539,-1.39407589867772,0.435869560903473,-0.731573450178889,-2.85515084330097,0.867692824152753,1.36143831554426,-2.51396689999238,-1.77857961452891,-1.9644402624185,3.93865431956871,2.77464829865107,2.40630603740767,1.22554069372103,-1.33965667222636,2.44265750517041,-0.444582507596579,1.42826627575887,2.75240541481837,0.560277330093514,1.67129178413636,2.56713548641526
4,-3.16105028251654,4.47797211123936,-3.41366394315254,-0.271015993570801,1.94557112216168,1.52259040917282,5.18131063052122,0.282374490171295,-0.791852759514582,0.442801118394766,3.53598379133374,0.15221896750813,2.26096066989144,0.931786753381538,1.56392545570055,0.447992050556824,3.46527987366429,2.42498359072995,-1.2248979827518,-2.49067357805917,0.424305307983116,-3.16104367821499,0.506688385522762,1.71533567599294,-0.16340997169596,1.85340829987098,0.65039328593573,-1.30399662451167,-0.78850933582564,-0.0167188741067907,0.38126439002249,0.751753907463366,-1.51569197916243,2.90849585370047,0.468505844877793,3.91537500573641,0.841930823822157,0.014659671120912,0.661231623286884,-1.9662549381088,2.7546654110789,5.43872956850818,-0.0031833274955659,3.30350750185477,0.865638283859398
8,-0.28381661648655,1.03099650174809,-2.22670836377121,-1.38662328267483,0.939874330726629,0.983357202992309,2.36905962424668,0.516582462828234,-0.407347919267981,3.34457452307424,1.26979627616056,-0.175026186652528,0.418258776002565,1.27632220072172,-0.513661343270549,-1.24794860733954,1.46243453246564,1.04672957399159,-1.75718970340506,-3.03186401561455,1.14257844418818,-0.353841078518789,3.55355999973114,3.93245106876085,-2.22047777799174,0.103653846651284,-1.96364445353834,-1.49387284979082,2.04381376985881,3.01451356710719,-0.491601324121611,-1.14060712832216,-0.921191356431884,5.59809878883972,1.74679182964959,2.17746993137443,3.19842386202744,-2.36091123400637,1.23809856750447,-1.86938992485082,1.1658610786662,1.1245804472578,0.775623171226977,0.93049222242442,1.46443062379607
9,-2.42652687151884,2.03269557555932,-2.55948698455021,-1.9455758652987,1.01275319706327,1.90844704220571,3.29872820115514,2.49554356679237,-1.66039467336108,3.36309493227688,1.34585651785806,0.897518206658342,0.85558625547998,0.768830984179362,2.26086105120227,-2.04365280347503,1.33158118905429,0.875484145836049,-1.51457179056916,-3.05209995131712,0.421443476035973,-2.68949358321742,4.86550858930977,4.99893982694232,-2.83185993850558,0.354585703533072,-1.45642119033872,-1.73581459490173,3.09573590572182,3.50330286694324,-1.3918697592975,-0.720603724162304,-1.11228839678056,4.86024987200018,0.430424441494576,1.79419558528131,1.96429385258706,-2.82113276165699,0.419237134641305,-2.43635989327733,3.68221831355639,2.45031730048332,0.468986127023217,1.49201479031892,0.541022791725031
3,-3.36421213366937,3.78888511097857,-4.13566950136343,-1.2814232948165,3.56965882312625,0.991641502404459,5.69349415638964,5.52754601022599,1.83842307026743,0.309360608747523,2.99912281250073,1.15854320039528,4.20179454214637,0.807467740520579,5.06275013717752,-1.54762663761748,3.70396991976947,5.51274306101241,-3.21224529741349,-0.711806178985782,1.24566041915019,-3.575519442675,0.0544369553798504,1.89108006610147,-0.156927182575467,5.27525597453784,-0.0545711430790348,-0.815673613532068,0.329202642767386,-0.0528643159696193,-1.96976887093883,-1.51418381379152,-3.42261962760138,1.19119195479701,-0.831834927806982,3.73699367440803,-0.174096373219707,-0.264932157599846,1.03825782520416,0.193267189829272,3.63826042693186,4.87798408785287,2.62757934553746,3.84797564379785,0.463489404081214
2,-2.85554580186605,3.56563871679137,-3.79197848395386,-1.79476769136659,2.29743171354774,2.73544180939807,3.11394934579634,4.29665126908531,0.712149572707818,3.0414339481165,2.77237328258174,2.24465641308939,2.05305910631312,1.0200108093338,3.6548573266145,-1.86371772608884,3.00581126512005,2.42388754335692,-1.94961755647119,-0.589971172375617,1.28530952248625,-2.54001204463719,-1.14753876862582,0.823925470859566,-2.38638220687332,1.62051878204081,-1.98587133949829,-3.09428696361348,1.923843869762,2.5008774946954,-1.91790191647955,-1.45210984193361,-3.07182023751297,3.39231395373712,-0.0823541807681278,2.67500735196,3.10346447182616,-2.13732229407963,1.43760735584529,-0.12034731325426,4.57484211517866,4.03614391097788,0.728685789811034,2.47700271972769,3.50752908695088
6,-1.82817987843473,2.69455640234332,-1.05209415804163,-0.476696773062006,1.33427814901895,1.29455406719013,0.274053875106765,1.45365429790091,-0.370950583438517,1.57345783979945,-1.26045189933559,0.285672993537737,-0.572415657758069,1.14764989195493,2.81229784142383,0.74179490826795,0.371795853411872,-0.301728973010809,-1.36244410941457,-2.13073646069901,1.07166502850183,-1.93881997912039,1.38431500043769,1.90521208738385,-1.81005803336641,-0.619133188632197,-0.772227751773394,-1.42736238761091,1.36266343162622,1.44236673126855,-0.265351378491295,-1.36951049201588,-1.62117958670081,2.50284771029008,0.0191151847586819,-1.70356400210835,1.12374740379903,-2.19958850262697,0.389851787213785,-1.02349263927763,3.69502727570257,2.60612206194184,0.453573452364573,-0.405275870021597,3.12707988539001
8,0.633818602287154,0.889103392703082,-0.448252579840837,-0.328897739280648,0.79552590848506,1.82320402260621,1.12774752004074,2.84271450587731,1.04999056683139,2.34958003177039,-0.142704294791481,0.401251117642525,-0.991017856539822,1.17076113740047,1.3229546443494,0.432825334359104,0.237678221754071,-0.361712918929117,-2.06091373889568,-0.999139464775654,2.0936208628965,0.199253559725009,2.70872177558951,4.51769857653529,-1.53078846568721,-0.82256989347181,-1.92252390584018,0.423944392315526,1.63405464477084,2.55197610808374,-0.729173967735549,-1.08694803252591,-1.62835744580852,4.43049099686931,1.03537665099337,-0.992549909653027,1.52118264922391,-1.68541580945434,0.849883099443582,-0.52952834665406,1.9700679721906,0.780430154031357,1.69210387429456,-0.43279173655537,2.46481903110774
0,-0.0398577111423583,0.257471488784476,-0.286475183724996,-1.19436122785968,-0.379151664555455,0.0433782686549593,0.04608682949595,1.57907571896278,0.24915013280654,4.03209263560682,-0.409950197636052,0.937061305904645,-1.17775298847892,-0.202048877195168,-0.0396583069213045,-1.66493332657636,-0.332410209006656,0.0764061593316809,-0.509424076794925,-1.52788347575789,-0.648038005847864,-0.40662143369721,-1.69794390284929,-0.505754634570664,-3.58525411152119,-0.780978253294207,-1.93268610820396,-3.90397828608454,3.06931657752583,3.36727142856502,-0.419770635885596,0.297821259904331,-0.19986966843769,5.76833947382877,-0.58305122438061,-0.411116923312689,2.98258652226944,-3.46459028154554,0.555867074157256,-1.02148011283242,1.54867632367253,-0.181366522830274,0.661238753550674,-1.06663526603311,0.709865258448239
4,-2.52536427794259,2.27052864551451,-3.02290152687319,-2.4942092953855,1.28747780029604,3.01717665200416,3.67841329368275,1.50661763689962,-0.0963586057553779,2.60487233866058,1.48824148797251,3.17967137086208,2.23792556283326,1.98836604151728,2.71661812882815,-1.18462456760144,2.22649788225168,2.00604586626056,-1.9891052350143,-1.93151003624056,3.2933371160638,-2.72837111847671,0.746989637117712,1.56762526414505,-2.34074861865448,1.80970534556308,-2.02329394005512,-1.8870072541425,2.28072181874173,1.57486305863989,-2.9005759281127,-2.04350474721771,-2.00705839805952,4.89964914346102,0.823953814419791,1.71014051460717,1.90701279618174,-1.88850113940722,2.0314489774247,-1.30192375431081,1.43790896504592,2.58637663082859,3.01299121328981,1.99568195775065,3.27979519947965
4,-5.41617900409644,6.70276373621742,-5.17173864695402,0.0557725876827144,2.47696024162049,3.23307898432558,4.55188950717989,3.27638065468262,1.11079184257739,2.74638774132776,3.27395541268272,-1.79359795749455,4.03595099043487,-0.784459887854879,2.58880417953946,0.299817940081674,2.96710739811464,3.24659271601981,-0.703293717890525,-0.967330461679095,-2.15429355464876,-4.93436030043211,-0.978702386531893,0.911350094657295,-2.72760893242277,3.60819100577303,-1.64238226288878,-1.83194226819664,2.57915393788042,3.85418540958256,1.73513077753851,1.22732869029753,-2.45342802661014,4.60404405268285,-2.22678280265493,3.62225659523175,1.20319124676642,-3.22642288298734,-0.835058289698161,-0.262288633438487,4.11546034672883,7.35171333058576,-1.63459389188362,3.27470104344752,2.9625197910695
3,-0.105930622488114,2.21427995063829,-0.925722169741618,-1.76874753719526,1.2310191717691,0.884908181280815,1.17334426120551,2.02714397021285,0.794147620874472,0.886614103733901,0.533966490683002,0.891963055998187,-0.283510149067287,0.303883393239596,1.98012528678066,-1.16738009990139,1.35279448056196,0.824975970882164,-1.09098886464052,-0.865450658063368,-0.798289733090558,-0.435531013400718,0.0398258753358907,2.16558700125194,-0.509036065142997,0.242988909485755,0.41601105823166,-1.10435857117749,-0.001770936919858,0.353799522503911,-0.745737538819037,-1.02680377583566,-1.4906159593286,2.07349232414822,0.0753522666497838,0.267156615909574,1.4167515842834,-0.189793897922677,0.455980266597422,-0.182962854920841,2.05783523065363,2.4051418353398,0.887711711479741,0.398642349847324,1.3599203482862
2,-1.99352635763984,2.15457975571075,-2.58680344924785,-0.824106642337519,1.65072999086407,2.20947016502942,3.47190895716243,1.42840021530466,0.0469698451139353,0.426772317380402,1.26133780743262,0.542763764062976,1.82381084245287,0.464977774945103,2.44245928932971,-1.07356768914012,2.1500164123566,2.54153782380653,-1.75618867911766,-2.28039901537593,-0.250852398925976,-2.15456904054332,-0.434686245701062,1.09861940973198,-0.997601315074531,1.8044515989868,-0.846833240785506,-2.12623955967003,0.976865678772875,0.873764898462996,-0.831783814474887,-0.744109618538553,-2.10681203027837,0.349765160147326,-0.208940298645989,1.69108517421406,0.755633904887644,-0.84072452989289,0.725854165678813,-1.75787499363465,3.74344432747168,2.16575169653903,-0.731475562165648,1.98285449705818,0.685069922221134
7,-1.913814812878,3.02518661258138,-3.27863132622998,-1.45485823407998,1.37266944039354,2.02340445662103,3.70278501925595,3.14540674070697,1.4529997859835,1.44192542299598,2.08275926916445,2.21891620333138,1.92771418724956,1.77579360935382,3.45615888896171,-1.46670389595577,2.04785986222741,1.84346872354696,-2.30807224566331,-2.06861836979115,2.07070925649156,-2.47573374332826,2.5654141839596,3.51806191329882,-2.1720890630706,1.33229157213051,-0.264613423707978,-2.56625922142066,1.30239782691298,1.25812354476377,-1.75092328874836,-1.9534178871508,-2.42999664445153,4.07869566073291,1.26541904786501,2.35476769583627,1.11490741874551,-1.61432412162123,1.24925185087928,-1.02364149162329,3.85538968817005,3.51593062514344,2.80245568748747,2.34850187224231,1.58988020037698
6,-1.0261987890289,1.75988897465192,-1.74324336833479,-1.67671873700807,1.26464945148283,1.40336207029852,1.00925243923194,2.0432859550185,-1.71232042429867,1.55858500188364,-0.303163420429461,0.0544989823936024,0.181982368328069,0.217833110075696,2.58898496810045,0.417271061418148,1.00280352165207,1.03646307090805,-2.17598310970826,-1.87031024199852,0.64265238013356,-1.21485385068226,1.1756216944355,2.64375225783968,-2.16933918237279,-0.212507163460848,-1.39684879308336,-3.2901000928307,2.05213889684362,3.31585490050114,-0.432194164831399,-0.574556381401113,-1.91922844017699,5.80995698794563,-0.199149850008364,-0.349769852244444,1.15220162302853,-2.13749618355541,0.165148822697429,-1.78229583021646,3.16785527526406,1.80470536341131,0.030130369627996,0.188486737148572,2.40494646764072
2,-1.01303473178068,2.32898993246514,-1.73757417660193,-4.53846872438624,1.95322569115735,2.43791833697097,2.17554377605131,3.032371297518,-0.497925340596215,2.39525672957556,0.0754322255007033,3.16532764970979,0.242237728250579,2.68409186667581,2.64614494419765,-1.59697121243509,1.60254926571441,1.57776783074265,-2.57479767384672,-1.38019246462546,2.53372150737991,-0.825983504557723,0.248381239575334,0.572115256617344,-1.47603037399411,0.484423186522642,-0.84147368677105,-3.14231146239294,1.16079963260813,1.26839307174809,-3.2960352651356,-2.42028734244931,-2.52446236684955,5.19915704843495,1.81735386817275,0.139980559636407,1.40712583301743,-1.6378485369473,2.11259836188904,-0.889310005032617,1.98941056517663,1.98728143369174,3.07623546536802,0.741184582643403,0.592362765053821
2,-2.3747013682598,2.09095415417132,-1.86666413032253,-1.59664236410119,1.62228026645419,2.03388803012239,1.65175783989938,0.84503600690012,-0.929876526704063,4.42701518445692,0.994858849318622,2.06969071545389,0.130324237205765,2.18716258170639,1.34732749591476,-1.90679528646533,1.66251793611988,0.40521746159744,-2.36512526619823,-2.39238264632254,2.4527639753229,-2.34472175586816,-0.604360528605477,1.78503096090751,-3.80791293409732,-0.124204599333599,-3.43059539085324,-2.51224172336108,4.2134805156499,5.26460392179769,-1.75198359225163,-0.929073851266389,-1.29579943030347,6.88505079002399,2.32430317210465,1.48439355973352,3.51409668421156,-3.62793735594627,1.87727941290988,-1.88544296047156,3.46714597266642,2.28744075520107,1.97438055814302,0.91935754143643,-0.733035280924336
1,-2.05035128413975,0.99470078379883,-1.04081932525874,-0.989364088050736,0.801227533833377,-0.232892394898051,1.41985620822386,1.88983981936974,-0.765860496851429,2.54705901363636,-0.218570705507328,0.635170589039359,0.738002058157957,0.397821160640682,1.48529806265664,-0.903017391494667,0.659402342594435,1.25514016913835,-2.07101177390727,-2.06983108065593,-1.31479585278107,-1.73684464837511,-1.26978041364329,-0.110213268480775,-1.7991112395125,0.0901371815812681,-1.3336732674077,-3.04597847934145,1.84965718657441,2.56678547215804,-0.881037930425681,-0.669754885002472,-1.21045559225646,3.93200186138579,-0.13954979190881,0.329372414985576,1.89017532317721,-2.02960679112736,1.48649705825502,-1.48721155735454,3.34954119027724,1.57532387328655,0.48677146245829,0.244600783390298,-0.787193425435023
9,-2.23715490017625,2.81197487470743,-2.38697677071572,-1.71732911564352,1.49261713064145,2.93714554449699,2.41643356939793,1.33151032727747,2.30467295464346,1.31442283746103,1.30705549465069,-0.350529102727151,0.292258562297108,1.96712567231823,1.78120505432271,-0.611457884243307,2.05452866663347,1.05241809160109,-2.15712376917597,1.70984708007193,2.08217386178536,-2.32037671205194,4.44700657393546,3.14338345789224,-1.65274134501879,0.35796054293168,0.143298780483492,-0.196827936069203,0.838523834317102,1.22068827022182,-0.256347470520886,-0.404479184540104,-1.31950784835449,2.04560481846317,1.53922379803801,1.00833770686549,1.27329943196584,-1.29926172304344,2.08242306112096,1.62399761574935,2.29620305316416,3.57769319083247,-0.237722413332861,1.09636231717994,2.5618745586946
2,0.519437533731838,-1.36021157034248,0.172474807464121,-0.375202060369221,-0.70682933615331,2.85618461034076,-0.866660080480501,-0.840005457303579,0.621921138280273,2.56100385638097,-0.486685169385374,0.909296253337416,-0.826614772506522,1.78451909812522,-0.643783902624977,-1.80743181047927,-0.905828655945743,-0.386348538331469,-1.76212889791601,-0.303817252645002,2.51607743523236,0.613584086189081,0.923365577469383,0.313183703805078,-0.612677895924312,-0.393668607995755,-1.48025201118365,-1.15652155162629,1.35156237842667,1.56129255604839,-1.49881453050595,-1.91577935682818,0.0995811795561704,3.51114871799179,2.21319424316302,-0.867343669915962,2.73727628416315,-1.4034171117594,1.72981868831498,-0.064468059312941,1.68905302143963,-1.49230813437722,1.21404211317795,-1.69359925834333,2.97439161801868
6,-0.470912585022616,2.38008094856816,-1.7948153540738,-0.747061574836048,2.37039738980938,0.298165082597372,3.41454659958847,2.71432262786487,-1.71624968233841,1.39144760962051,0.523029606627812,1.51653806290908,1.70751291178408,1.20592779108741,2.86944998919567,-1.24756094615068,1.45408970454409,2.9828002482541,-0.366553888210289,-3.4198424754122,0.433461019872068,-0.491958686923782,2.20822534843801,1.43665518978214,-1.58945397851996,2.41045627521415,-0.759788854008377,0.326645993050435,1.52105712717654,1.27480341974189,-2.02675226323887,-2.19737197307751,-2.72493394847466,1.42527979416781,0.396099103296975,0.601853251747368,2.62734694121583,-1.45716327642643,0.766696976832184,-2.93129628351491,2.99792676579962,1.94663929721152,2.56718027798778,1.33928566463055,2.2810281711686
9,-1.55383483830479,1.31918312068501,-1.27568799647209,-1.34062449982625,1.08301492769263,2.59921471081571,1.67318559305751,1.54142228459585,-0.0643188266291422,3.16570128153734,0.309304312548352,-0.12924605410382,-0.700915409076359,1.08553835824536,1.0870796391269,-0.626374604423663,0.64705760480135,-0.0268720638542321,-1.25852722384235,-2.92552019632463,0.643461219784717,-1.54946785054236,3.37353702049878,4.21805600020091,-2.99044644849578,-0.661540986220119,-2.85580117105904,-0.162403801124146,3.14975397939212,3.58001790588126,-0.764462396745673,0.141124407356625,-2.13541321701114,4.96959111990981,0.480093220738934,-0.498754585302353,3.03213161667305,-2.71918959723631,1.66061311472736,-1.79564890527915,2.52578358404765,1.69290271096498,0.690232313346886,0.348269060163027,0.75618952360335
6,-3.09320166946159,2.56897317746492,-2.45698251123961,-1.87295144133311,1.79078929683249,2.34720622402892,4.24747245744974,1.88806078283189,0.439513094463039,1.89552118395953,2.14111849765257,2.04223689544677,1.54679402019102,1.05568089471127,0.301203794796811,-0.548444501043984,1.63658790155517,2.37346968251461,-0.90521141574731,-1.5396740225097,1.40059656067111,-3.01831270874803,2.01519144959751,1.48977710627758,-1.53834896592316,1.84017256057121,-0.108407411957598,-1.04100399956163,0.828901098988617,1.4280832980074,-1.61242064052856,-2.09651209981397,-1.79952695136856,3.32569546310494,1.17605181195881,2.50033842874729,1.63704543383513,-0.822797012977016,1.23136724405631,-0.970826059314108,1.56834006274873,3.52824458924191,0.61028299525681,1.40804243853451,0.529944808775944
7,0.68254165728407,-1.01389373997434,0.755578886572795,-1.12492324080378,-0.948616811892247,1.74948348440601,-2.37603979466809,2.80705958463777,2.09745257720096,3.77679672895746,-1.44356831185882,0.443980170497457,-2.98067748108291,0.368379008225036,0.930870815703084,-1.34154039345783,-1.69480170792047,-1.32269240277193,-0.0662658543181939,0.128105761052324,0.223257500515792,0.420804232387694,1.89180686996827,2.41414627613533,-2.29952916122165,-2.03981970764192,-1.66382197319376,-1.17263291652119,3.2464758503447,3.80543386951355,-0.877093970491859,-1.4222627651768,0.26826163706869,6.32254237520207,0.242084592241501,-2.8388938148244,2.94347376939603,-2.56510638110655,1.11186672188808,0.360837347641202,2.16785320409804,-1.98204584284578,1.14552834539757,-2.79856887271644,-0.336050223570317
0,-0.9293509505313,-0.477619874560487,0.124915409826217,-1.49147258810184,-0.0921153841042304,1.89581460582271,0.581365940011375,2.66638911871695,-1.36338360125866,1.22556715802999,-0.262433890610327,0.203299677272136,-1.06320510723549,1.05753428213558,0.668139382587484,-1.45404803531844,0.527234210975936,-0.346370886390039,-0.528895125023717,-3.05575368046043,1.392947270134,-0.968919749362574,-1.62345774275517,-1.16903697014591,-0.114617174655156,-0.831930779409356,0.487974619559862,-1.93576076361245,0.0786730539821806,0.510910321741028,-0.652718718385273,-0.0630656207038959,-1.43928608385706,4.1530337619788,0.944032874442905,-0.719126645651162,0.97058084284328,-0.148635785916246,-0.303273974092151,-2.43277761992181,3.33127804947697,0.0389279606260319,-1.08476671892814,-0.625984096143094,1.56549784046251
0,-0.232230343411262,0.810380201544307,-0.245814993099335,-2.84993399945297,0.995047579225025,0.472284686918176,0.346896376241627,1.83596777847861,0.202249971563514,0.340178684857945,0.348402163924025,1.80137789381419,-1.32272634966402,2.29955947440681,1.52626420138613,-1.69190279509729,0.789016023989895,1.00584846352117,-2.15999027888503,-1.44762550584849,1.94391461371162,-0.66913104575591,-0.295757266240911,-1.339457915494,0.247152711546792,-0.108777867895724,0.543130892717437,-2.35903735105348,-0.4988364252794,-0.329303872096498,-2.90851086857137,-3.72848803514328,-2.31918130903413,0.149414295828736,1.2347953956215,-0.0199771156957435,0.420190914452978,0.0847726377453186,1.87876456890048,-1.03757892314736,1.08859566335191,0.383901700250053,2.29501680842412,-0.406402569017034,2.25572506240853
4,-0.38044392023337,1.10465779103166,-1.020501276096,-1.53330863283799,1.02108030344083,0.481411848693901,2.20759666497174,0.740028827968218,-1.91887968571018,-0.173837058739987,1.23007321927354,2.7225262039491,0.837606965449925,1.81748124877318,0.338158977342355,-1.57120215071013,1.26458900907905,1.3061878750971,-1.20427068932165,-3.53031442000029,1.76202618031522,-0.441078789057928,1.2232988684031,0.622698204951962,0.441483414429042,0.375279306057022,1.27464127541371,-0.855476455996021,-1.23326075466008,-1.39330651425028,-2.16737895584113,-2.32660679361642,-1.48136013289878,-0.693089901796984,1.88781581958672,1.14706246887366,0.311897737532951,1.07784458055343,1.08675483133872,-2.91609616786521,1.62497052929636,0.898450047918481,1.67136148992024,0.979649092780485,0.336189852155183
2,-0.11999739518321,0.910537231129076,-1.2915191684189,-1.69263839602478,0.667994628027299,1.05344094866689,1.53096719601072,1.14055296943183,-2.64213834211957,0.881261974798506,1.43443261655132,0.975191377686023,1.06313908644655,1.24103363445284,0.952504260827328,-0.802705230580256,1.72742989840896,1.84998341073143,-0.988504453196129,-3.50764042139398,0.85628786453087,-0.485460618797737,0.272540693780042,0.63937755630731,0.0898443464807363,1.68736440903186,0.145387310636224,-1.23995107318889,-0.2037171587746,0.807299685577788,-1.1159431095697,-0.430063865116577,-0.861294041906108,1.35207995285801,1.49476862489074,2.25909424892914,0.717143602764548,-0.133191702307163,1.89833602245394,-3.20126791944497,0.0413422814076194,0.483195605489409,1.89656984050732,1.02872890330602,1.43578019149827
0,0.394913675441385,-0.293209441485996,-0.211407657983509,-2.28676536243199,0.73620606091758,0.353152806144173,-0.491184135631752,2.56174314546295,-3.41989212741029,2.68428647019826,-0.249555729553822,2.09225377256023,-2.00698463062008,1.10505046205735,0.62363381074772,-1.76966947437704,-0.20280529819816,-0.480198726235623,-3.88103534888164,-4.34343556423673,1.47996378151592,0.43788616195855,-1.33985040750966,-0.493353328115569,-2.01903651332598,-1.81210493083318,-0.554215718094756,-3.35820427116968,1.92463860202218,2.13905732377912,-2.48064067808829,-2.63332448181926,-1.11745317051202,3.98412301389082,1.28077672080098,-0.314572582056711,1.98695404411342,-2.24936339054997,1.56791286283945,-3.77163696599156,1.94000918096643,-0.643780132251155,3.60358173538548,-1.10320475515498,2.7777353702209
2,-1.37652317036109,2.68882145810201,-0.986509393973358,-0.912602687329098,0.775787817372149,1.67323143590808,0.179191346282059,1.3719375083771,0.459201285095377,2.19102796674601,-0.624444377991889,0.703684254563694,-0.836844141063498,0.0824847877028647,0.594653295481329,-0.424533488056607,0.870560761028805,0.311165682695085,0.637234142519997,-1.23717406560535,-0.965158713427136,-1.6887385912733,-0.958309272235246,1.65933927686122,-2.01408635173254,-0.890235315600045,0.272303225443916,-3.18694042246088,0.74073466602465,1.77874301923072,0.910243811194138,0.0075313397001983,-0.981612387289237,4.94231888747161,-0.284570767450356,-0.37354790996997,1.84078463438442,-2.14037768500525,-0.0275984424177177,-0.340813618176965,2.75657717831376,2.50813530274413,-1.42271381631009,-0.225673774476879,1.43678971578725
9,-0.327852021656918,1.05977632544834,-1.27812916831913,-1.98832201952254,0.436386233781303,3.29023642781734,1.94774211840444,2.49486638178785,-0.823533568382946,0.655064878521344,1.11133170372637,0.837694051108651,1.38192082904031,1.4582263229023,1.43487861706367,-1.38272461635662,1.33100354396807,0.321549275823929,-0.367321111196329,-2.4830003104935,3.39382720868191,-0.943303237967942,4.98843614963987,3.6730674183958,-0.0995610819562486,-0.231957537157801,-0.859650648725909,-0.777598111834126,1.10837189363172,0.622620431042134,-0.506920806492775,-0.384689518432369,-1.32151772211192,-0.533945722231924,0.611638520817967,1.60262959820321,0.600281061665362,-0.572380023846035,1.4066742329391,-2.19028919797167,3.18419760943564,0.966132174080105,0.690983732466444,1.28070557014651,-2.04079146230854
5,0.2677997119758,0.875479507438213,-0.452041577539935,-2.99307598468953,0.373132728226396,2.5800760466089,0.582587693229612,2.93333728774374,-1.12516314864723,2.07843913855921,-0.606736160416756,2.0089518001533,0.460645645594407,1.4682841624298,2.01435639285709,-3.62810812375169,0.650574600083851,0.22056885647784,-2.40235440098311,-2.80184470531129,2.24709846318917,-0.0773928500364345,1.38655677486056,1.93597957263073,-1.59977115400312,0.240063234688789,-2.0998761885264,-1.0071500091659,2.9562978233645,2.72568569073766,-2.26427104720917,-1.88377336345793,-1.28097022359771,2.93803432233917,0.14016048331406,-1.02214218439653,1.41663710028516,-2.19239628438609,1.13142130720053,-1.81461838791967,3.75870638507038,0.58071238545684,2.54824022065063,-0.37135264064976,2.05652011677397
1,-3.90248097073603,4.30307231465628,-3.59573684392294,-1.38340699434487,2.28713625559167,2.91924427678873,4.44060349842552,3.48837099851149,1.44648335840726,2.79873552354677,3.5434573316234,0.135331435129189,2.51743292563212,0.905301778229038,3.52350850263312,-0.450519964352215,3.29752543216155,2.11136428633646,-0.884797922410729,-0.315881962121153,1.27437326999132,-3.71796758455567,-1.76562626388155,1.0798076586184,-2.08673237773864,2.14524697856044,-1.10589618525356,-3.39774203293844,1.38110588619032,1.77367967420703,0.315337041322466,-0.464254301004588,-3.2496410440909,6.32295848923776,0.008003548294398,3.03942888694559,1.73934822069059,-2.03380292569928,-0.0279129731206123,0.416918414292678,1.74127195168482,5.22091177412621,0.216250816837057,2.8870523300344,-0.383021900035135
4,-1.57045405214843,0.769921418724255,-1.32597920302549,-2.93165903237053,1.58411715537629,-0.313011118172021,2.33710069405054,2.28246628678814,-1.15914881481888,1.39965288720573,1.47207108249552,3.36900155656843,-0.243948598034683,1.55155288405679,1.56611319767458,-2.137824864645,1.21193112144655,0.132886037577968,-1.41682697111023,-3.59357713014699,3.33627553336803,-1.07546977729199,1.40754627736209,1.27693879132193,-1.0538609539309,-0.334417717450891,-0.377174609780632,-2.01393915684123,0.566140701663966,1.17621337058812,-3.35362401195406,-2.26707761142217,-1.99485323197967,2.17483079160674,1.63998863032809,1.06001480052494,2.15140689215779,-1.02695038681775,1.92834686786278,-2.6208636502259,0.530346138186978,1.08262359167619,3.47846559728386,0.911337539667628,2.09123791796734
7,-1.37401847241309,1.67946674419382,-1.66727695395623,-1.57869766880227,1.22199577460721,0.91865868399216,1.50310193857518,1.92165474833018,0.332836763355796,3.32621744486577,1.38945337338719,-0.0469173608904925,2.39264207598136,1.13873925547916,0.961367877436084,-1.08500932347657,1.24914370975684,2.9616261217555,-1.23755491426714,-1.35290439142242,1.02926630507327,-1.02787707908104,1.92932429961015,1.55089007460822,-2.8511405881877,2.65001553914247,-2.17135806253953,-1.18963098163427,2.32581900599457,2.19010072216982,-0.43400191655758,-1.14239028597521,-1.45186398324712,4.72095592455177,0.727191784141132,1.21011327818648,3.31215799308767,-2.25944316384592,0.736459693199394,-1.0183451405824,1.62525999744048,1.93421448383592,0.624013108796701,0.891778722621878,0.765285911105006
5,-3.14088633469706,4.34242183058407,-4.3591057702412,0.508815094963246,2.49844114722797,0.534539979332805,4.28108960086098,2.74179785882537,-1.17641151717937,3.00660039512262,2.81817374071066,-0.438100610866163,4.03269153577379,0.385537585315597,3.87175490522461,-0.933791711291359,3.45861230274667,3.32792257620569,-1.58820715993745,-4.11331495424548,0.80230806125797,-3.11114784451345,0.518246522389117,2.72347310700738,-0.531001335717154,2.55260181899678,-1.15669749724576,0.62765289730484,1.36036295685049,0.7801813549728,-0.51951553922402,-1.70235442264411,-3.3137455253703,5.61267881843409,-1.1182144418725,4.12120174437452,2.21668301276992,-0.675796263683068,-0.390740711961098,-2.82841569125198,3.71412064762028,4.73078631898936,0.231133130031529,3.98873537358665,2.82881455537259
8,-4.78377291240321,4.80234467630506,-4.40169347888057,-0.982197839159881,2.82711683785373,1.46889778951642,5.73966632920953,2.13306740875442,0.327420574951788,1.73876941577851,3.87104960001159,1.72152627626075,4.33039146151508,1.38659045801123,3.16512696752355,-1.78176862314866,3.66444140476863,4.24009084457517,-1.22215888973683,-0.494885857175154,2.41623008814556,-4.58181834475372,3.12347738418919,4.72389879563574,-1.18386922428727,3.43096413557077,-0.0023429303962732,-1.00005139555259,1.38631660504813,2.41147544726118,-1.0747254187395,-1.38746870863128,-3.28223012008714,5.5573868735486,1.56157944762999,4.16346477834344,0.835509760514453,-1.43538089944208,1.18933845828031,-0.366183089406286,3.51742801167339,5.96149514114535,1.93828848893455,3.85017453708215,2.34931481792465
4,-3.14882478599469,3.0587791110926,-3.20749678197349,-0.931588115234066,1.78116843796136,4.00687000931121,3.54317800944632,1.92628064672837,0.836198157187672,1.97652499257221,1.53825032134743,0.627113777036142,2.90533090308183,0.590917049212874,2.32064896143583,0.152322751755017,2.798040746441,3.57069719474946,-1.26070957856729,-1.48803357555543,-0.537214677105313,-2.76041577839514,0.479538909613334,1.84344871184917,-1.77973521960479,3.01704764653806,-1.13581814273934,-2.58741440397477,1.9195021664794,1.23820833689726,-0.19209577736887,0.799831580414989,-2.08653312824212,2.89855915521073,0.302274847642994,2.02833088401208,1.73181219823459,-1.80230664400361,0.260342805362752,-0.466637099972028,3.49314921693109,3.86792695514951,0.867798236020038,2.65658905610371,0.967923456085338
4,-2.43737605808122,2.67948682376048,-2.75333944245504,-1.11774563649594,1.88540290074485,0.319754871163389,1.48292746978928,4.30747047745078,-0.944735047548618,2.28389208054395,0.375130794481589,0.88213369726408,1.73805375542406,1.10488406094002,2.45825602981507,-0.32899116625008,1.28682061239706,2.44310946492534,-2.48275764278667,-2.41927145852014,1.45217684422367,-2.35633887871936,0.610332049009832,1.87453932447638,-2.05139652351603,1.868930825309,-1.51393039099846,-0.532806199066211,1.91033093695209,2.22196362319958,-1.21087282147771,-1.46758992191443,-2.98763193531902,3.20205729076899,0.262848561166078,1.12503452434221,1.58272373611869,-1.6132143455071,0.633429497009463,-1.81639102237989,1.58258417498297,3.3580989010583,1.49949702436001,1.14836026431783,2.850451882746
5,-1.58125090209312,1.56975175305473,-1.20616015765018,-1.31879843566345,1.12104591698311,1.5383278604384,1.26390577278065,1.51322982013613,-0.899617913277728,2.13757130781485,0.476613696050001,1.55751214337194,-0.247567856175577,1.10695723862242,2.41424405676663,-2.20129148553395,1.11939137101483,-0.523880373100698,-1.14697541469051,-2.4152046377566,2.02765472784649,-1.99098730807016,0.845537591696269,1.74540862185455,-1.43073901832326,-1.15069096267661,-0.764436107827365,-2.14555075515103,1.28610926860931,1.16759580895214,-1.35976679646041,-2.12803198024704,-1.6714889764684,4.20994982025712,0.309994605101303,-0.333311557360325,1.51491644788769,-1.21370457867865,1.65144423911881,-1.99049997382263,3.45312753774263,1.97106697985122,0.657433435202105,0.623446559641256,0.900429595286479
2,0.393506839546487,0.205194843247511,-0.552219687596788,-0.763992320528355,0.0545042337492796,3.95049429442677,0.868188677614362,2.07791254059189,2.21733968634798,2.75400008251936,-0.458528209774057,0.539574779129709,-0.565512383128826,1.0624942266937,0.406527057966995,-0.286263776706435,0.467914972902067,-0.0094927557962623,-1.581805159682,-0.120468694625077,0.599013200437187,-0.26673328808633,-0.0290333051058401,-1.04742611400794,-2.42414958721503,-0.957197703289837,-2.07468584401819,-1.59038907748003,2.53477943050414,2.51620918634558,-0.58376350974949,-1.20722808258535,-0.417604458052046,3.31937265384028,0.768243886705142,-0.572032909097746,1.65993428555622,-2.15545105808541,1.09143455525247,0.667002154537643,1.242283315012,0.445614482200699,1.6189653536562,-0.419742109319033,2.20744658572499
3,-1.27683903001145,1.12232344095864,-0.851878945014457,-1.33717927283764,0.646092920825974,2.42988751385625,0.686160585375041,0.281457037195653,2.66643052571413,1.43749399341588,0.721086104643169,2.23897500137813,0.0895984684151947,1.44571332971896,-0.25450998039591,-0.800650520061209,0.194864170278089,0.790023956726488,-0.0952380747579713,-0.70088862315889,2.06028542436383,-1.18643757379105,0.981944963892231,0.151363880922421,-1.12409589988115,0.127984176426907,-0.58820512824702,-1.11675659604894,1.11447319460603,0.481403685567732,-1.57462971117478,-1.48827435977588,-0.854248712826723,0.160459564150502,1.61643116804126,1.03753622762205,1.28736686331904,-0.58957900160575,1.05567621409239,0.135587032978931,0.637738231134615,0.343081535375526,-0.0865048464111204,-0.126503968865299,2.64813285341208
1,-3.68944014754334,3.89135152215198,-3.45854822195174,-2.12367528109982,2.15280084959073,3.69641902919855,4.37730941929638,3.21906101712953,2.36245267890327,1.18146627000017,2.87684263044722,0.206260452315524,3.58713874525008,1.50673808593771,3.01525146935395,-0.235257482942319,2.7266313710496,3.29394429290539,-2.17408608773249,0.471893146095239,1.93185370620106,-3.48167572014939,-1.85806227057253,0.711420569485163,-1.5297448024853,3.25150403944478,-0.970391134949036,-2.89348374543632,1.02598524223111,0.627348754899742,-1.46151756623762,-0.777905575169244,-2.25858176209829,1.91498126949205,0.406417050367011,3.64274258858033,1.67453660754514,-0.419121429857744,0.913612713078584,0.845081679286416,4.23894945330242,4.56369854480138,0.0707711075581905,3.39827555302841,-0.746479912013653
0,-0.0682738846855486,2.472084597993,-1.70414365452599,-2.26588157526209,0.896613263549848,1.6506476540573,1.77886257022322,2.69476723712095,0.340738584026252,2.11004556299521,0.69374540942607,0.498157465552796,1.84610565663224,0.263942937557748,2.63811437063962,-0.561138580108342,1.53584024610782,1.89794655160295,-2.0034721768154,-1.66766302858114,1.20116842677367,-0.341158532243842,-2.73512864152715,-1.95040796478681,-1.63266054073553,1.17380697492714,-0.686761858914171,-2.34753633573479,1.68360554974147,1.89321876058261,-0.119501022551112,-0.166510960109683,-2.02674498199952,3.16447473983219,-0.621399583542917,1.1216098795211,1.53992409943124,-1.41578641789944,-0.211885443789008,-1.11839193111742,2.5936828401452,2.38901114787439,-0.298317168086052,1.08502524381891,2.15850555396557
4,-2.76227513760073,2.67426918907677,-1.99976402958257,-3.55843621341121,1.95940165171915,2.81343084853031,2.50218151078324,2.29395328725425,0.710860745177337,2.6864697470908,1.10227041656495,-0.0426632119444592,0.688594181237413,1.66139110762155,2.86724110926497,-3.11186024490972,1.82778444114436,0.206541226198241,-0.402058048302651,-0.791910207540315,1.59776840668318,-2.41806451951644,0.789714602866029,2.44726395435225,-1.32104751961528,0.0822974777862561,-0.465453780180486,-0.519561205111018,1.82535584011177,1.2853383639189,-2.41454412236753,-3.25793519174027,-2.1852391846791,4.07534533535596,0.349467781200279,0.779213221143653,2.28214564620391,-1.76468860365396,1.63204813240615,-0.22763474306941,3.75072867169809,2.98859427881252,1.95592705338989,1.00152046772845,1.38300962369862
1,-1.06100828407098,1.18656859878348,-1.77088873548148,-0.924411734885366,1.00769407683003,0.0619295073233927,3.66908839520469,1.79816005935455,1.14592022456738,2.82496326458047,1.78140871520549,-0.15935018771124,1.7033124163422,0.929636265067153,1.09540624472275,-1.82846927273448,2.17485687673055,1.53113322212362,-0.951599069181032,-0.23846468863981,1.05505007447646,-0.796095064339045,-0.760101161331517,0.197822577563606,-1.15154685510218,1.26564730274799,0.398383770865439,-1.23924115829739,1.42254986585861,2.17061142913107,-1.31242291015262,-2.79719988924697,-1.44693867902528,4.0222318149897,0.673304333629218,1.97629204411297,2.31215483968896,-1.75879959755551,0.815804287138603,0.289430934264767,2.13192177155722,1.21531673031573,0.0651782073431701,1.66876486450882,2.03438094354941
2,-1.77155133055978,1.68822844224996,-1.86527769030312,-1.13643177581541,0.817526841023177,1.41225125886195,2.35898834574716,0.557463788603516,-0.656139111460272,-0.0509597675671718,0.295702616267223,0.609117754443325,0.131543699232474,1.84411514619055,0.457601224016308,-0.452903529156669,1.45335782252573,0.71075204208747,-0.578827791623737,-2.15723434144424,1.97534840089232,-1.69636468380986,0.0960814223598142,0.228683583115797,-0.32365090527846,-0.0678918054690376,1.08667259178185,-2.35209996408024,-0.431801004306114,-0.19870654206856,-0.980370669846604,-2.07827946660325,-1.13157959191954,-0.155798705367599,2.62357472102198,0.945649511530482,0.161020781382259,0.389338084112203,1.75507127286182,-1.66557324587944,2.44499547515841,1.56625867964395,0.79363832440981,0.935432768247877,1.67672622455468
2,2.26545020930916,-1.52282280091898,1.02967603722291,-2.49984820208165,-0.0358520311587125,4.32880521220957,-1.00733211490885,1.53487881801191,2.22460099103254,2.76645609570833,-1.87943023472511,2.52537434585944,-2.37725129237219,3.36402383856926,-0.315895828801732,-2.40860973086558,-1.40575164630956,-1.97529058257556,-3.5688107619811,1.24028212765012,4.97187879895013,1.83687534372198,1.58566105753663,1.32205249810968,-2.53360846182066,-2.76942777045571,-0.959404540623125,-1.41170708968913,1.59146820421201,1.67633707581616,-3.66996159281512,-3.48066810001936,-0.271821419525747,4.99917514134147,4.26390449422494,-2.26309877317037,2.20697098718084,-2.07997365386215,3.53186902595689,1.48162582310492,1.22085015895922,-2.19913207307114,3.03123241533181,-2.03908392162329,1.08216466561472
6,-0.235875516732579,-0.0683167494717785,-0.127278783366107,-3.18641352467148,1.10793671289922,1.57348289272849,0.799521892094024,0.175913691382299,2.12973495320837,2.60208528451865,-0.163961372617158,2.47365970062361,-1.60986825670712,1.96489196636048,-0.597016752007767,-3.05033201999365,-0.249287925369893,-1.33829896346285,-1.97001200391964,-0.482425726748792,2.86420772348024,-0.412190878277676,2.18468143225745,1.72242036693281,-1.21980794988761,-2.09365345596545,-1.29525356679382,-2.7280234841027,2.0988134442761,1.78133753536624,-2.78095525774658,-2.5667372570434,-1.71240367736937,4.87314564467355,2.03839121949969,-0.223902535487555,2.38002032597707,-1.36464217517576,2.11687554418779,0.0841642652776897,1.82815181961014,0.284135907075801,1.65657416681641,-0.487889113413688,0.298025526989006
2,-1.13091111542354,2.24552016072969,-1.97050706259737,-1.32422520524223,1.19575666645819,0.657455246213333,2.35188421506647,1.27179374657373,2.19606410698944,3.11177221822124,0.241203535169433,0.4125033698969,0.449005321853842,0.83294286036529,0.706502269436607,-1.78519787576093,1.95369236167715,1.61248352835264,-1.54389810753022,0.16837485315033,1.84443988217381,-1.52122506289333,-0.365017610770085,1.90603127957682,-2.40081565044361,0.865774240762945,-1.88102733019496,-1.14662419087455,3.18141629686572,3.08165788044149,-0.88729020265072,-1.66228622798838,-1.38584180494668,6.13236528406344,0.0446243173748913,1.41596850356911,3.45473276592092,-3.3703142645691,0.282361355797004,0.579396314161814,2.75937494743374,2.22053932372019,2.07602864434833,1.18257826872757,1.77848469101031
5,-2.87358839482073,3.87293650017821,-2.20318238848266,-0.850517707793791,2.51503100694095,3.08351212104691,2.25542394176214,2.69455923355711,0.296136986577589,2.05568968907628,1.09369622619972,1.60724222439011,1.74117409416632,1.46479788235911,3.51091011154928,-1.5248955033687,1.95082629535083,1.85420159477266,-2.0546317403089,-2.38306138043698,1.85693119893993,-2.7671406035675,0.863237260926468,3.79334321789699,-2.08004870175911,1.36973975956583,-0.976084752175372,0.075819062736774,1.21347700260808,1.78906635582864,-1.25471574469295,-1.39426533821124,-2.6022992677153,5.44166340911996,0.963694678446195,0.818129684893262,2.1737691315928,-1.54355721912567,1.89682455914443,-1.50389438118749,3.3325428154727,3.65843610886785,2.19118875118437,1.46566784748534,2.366257770194
0,-3.3363135686448,3.15974078914195,-3.40046264304089,-2.77415555164262,2.21242032823247,1.02783869157582,3.9396360565109,5.20093364350904,1.52612324222121,0.104716344395771,1.10098833655052,1.47168469832246,2.74637448729385,1.67652758006005,2.90741393023515,-1.41876093289979,2.49451040635125,3.11139071815986,-2.60107711359005,1.78588009879842,1.91054979122139,-3.37746206856267,-1.29703588913435,-1.00003986187923,-0.258351424814502,2.68647131679347,-0.308859534840237,-2.83441403487308,0.617280572557466,0.193170912057067,-2.2588426990596,-2.63616267662851,-2.62995039398685,0.257887850612953,1.000489921133,1.86733493910865,0.687441889239302,-0.814478992927596,2.11261445497277,1.49075960064328,4.04207063225137,3.33916561287123,3.03545035930149,2.63669747321943,1.22115380906443
9,-0.600199304215221,0.429962756155298,-1.21217616980071,-2.48585880544139,0.685285952163981,0.824461006991533,1.07452377760716,0.269922040436829,-0.116677467685422,1.72501007760954,0.822308673384803,0.298641128009273,0.590358846621014,0.899131817520626,1.07105800951229,-0.802576918643759,0.769060847195338,0.379262090939602,-1.07966824567906,-2.69848511191674,0.476493355148218,-0.335260038065861,3.76360579871243,4.79910883475567,-0.648736986272825,0.249374056070141,0.835567809077349,1.99647040031655,-0.173899784923931,1.21384882198783,-1.59422859326996,-1.66586134527164,-0.758980606645006,5.00378144791148,0.179511430050252,0.214168387961278,1.04060559498145,-0.744031514548834,-0.0550433154753852,-1.3935627660357,0.010238596948386,0.709358019092733,1.8820820100622,0.544085852507037,0.438915876800448
1,-1.61741314721667,3.08610054318231,-3.01371189928028,-0.693758412928567,1.34723315392629,2.33454942875805,3.07285629594229,2.14379784573609,1.19556080036635,3.27663144524816,2.28425600757272,-0.423304629210891,2.6564736307003,0.778643087500173,1.51513283073201,-0.944810649123253,2.60767165921425,3.52998786280126,-1.01490922657759,-0.613347427071083,0.892589002345186,-1.91332756492599,-1.23106111016175,-0.135807682895699,-1.9797575370058,2.87538299224178,-2.8211950027707,-2.22732610179172,2.85252474294535,2.55764429903321,-0.428828249118365,-0.933200391278679,-1.68039090793877,4.41722968641264,-0.053090506415754,2.13378752731083,4.01633578929657,-2.3227091076908,0.880878793124673,0.12660228947645,3.76372733933581,3.44162765381787,0.881913205804379,2.2067412953492,2.19344132487083
0,-1.38720383685624,2.29300020844679,-2.02785926780554,-2.63665027405068,1.5370052659697,3.25234264803714,1.94129716766738,1.97173813910615,2.93617501163501,1.88209434058795,0.889371761824046,3.19087316130261,2.15616759015635,1.99640601712315,2.47719277287959,-2.61957850478242,1.94946329694076,2.81657054491008,-0.992446771857359,0.700121396278968,3.03342386969301,-1.66671352002822,-2.56150259546431,-1.08607594836966,-2.23488691586897,1.94621406465807,-1.25853644891478,-3.27996156584922,2.03839781384197,1.46022713803906,-3.45070230525574,-2.79701788123264,-2.76291800827921,3.19183722634578,1.5351609266696,1.22665228030451,2.01611161566011,-1.79345806779566,1.33315024173627,1.37394028824734,3.92010496487575,1.81277878251702,2.43464192321364,1.30079178274865,1.85522096159015
0,-1.53204638711663,2.07674009075193,-2.16821232568319,-2.01930925602945,1.7103295979352,0.568592578200035,3.38906747511035,2.19839914011829,2.26276249313132,2.88255707335285,1.40903759266136,2.18120267409104,1.28717658754896,2.67337973620737,1.26606574307841,-2.97080672338708,1.42588529910632,2.53299190081311,-1.84227496913913,0.876490138851407,4.83374199525625,-1.1686224274665,-1.8320875315286,-1.70742675735992,-2.27135016625735,1.67465078671115,-0.901629778077894,-2.68321783585742,1.71901758077177,3.19529103839202,-2.37073147271515,-2.49233056107136,-2.15263523940217,5.11039678985757,2.44103860510158,1.36024546387311,3.41521673089433,-2.05086495432421,2.46679202337276,1.27815218930431,1.03925924090846,2.1124306861148,0.989569424661346,1.42538196996249,-1.34043594401094
4,-4.27035606073942,4.17344944933386,-2.47089166291484,-0.998881498667663,1.91004290689696,3.69588744776944,3.24514698968637,0.255310914171321,0.738152407919662,1.56739768803601,2.5529857120908,0.118607746438816,2.19984373281676,-0.216132230901754,-1.63249903930171,0.603456220511784,2.65440713330975,2.4471989789768,0.319463137301571,-2.00275769446782,-0.953154702455067,-4.07361770450405,0.455182339539457,3.24963405898686,-0.757513012929034,1.42842059084732,-1.953388421994,-2.49546674750914,1.28734266331403,1.63593879656079,0.0434850182255699,-0.822349319289075,-0.910136454801026,4.32262026909101,-0.272465646481531,3.35149600433527,0.872265690635538,-1.19252894451494,-0.45821412380894,-0.722231269932741,-1.10547875073332,4.72994927578379,-0.149593497032737,2.26891774399813,0.114867969126287
8,-2.0275120896045,2.49541397081597,-3.09083127492049,-0.433781637532346,1.54766338918195,1.75256950221225,4.01660283735434,2.40282447753638,-1.52219977896204,2.31564587480256,2.56173180314665,0.417773161000556,3.36961053222685,1.41604141780107,1.99256256790943,-0.371697731337101,2.50530607263067,3.56329598270829,-0.746754830479191,-3.91105656147969,1.61348898963003,-1.74372613411223,3.20084829084588,2.55170703633719,-1.81629998995069,3.05203441533041,-0.242382222722252,-2.10653880311591,0.660742332398663,1.37976975940235,-0.487918563652806,-1.43506025289296,-1.88453126199854,3.71400825794188,0.710935620158248,3.12817299026914,1.64275718787197,-1.22047886868974,0.462124485917582,-3.12207677233632,1.28164596818343,3.1066945721157,1.92776678837897,2.98513009903376,0.768817148770076
9,0.478899596374099,-0.111905706305177,-0.825452194473673,-3.00791899326626,0.714635503825998,2.00755827355632,0.481821457436896,1.74976188971209,0.931263156400562,3.17682414944296,-0.18665912655909,2.28364727131835,-0.466850046814052,1.71527862267191,3.08649809156443,-2.18985508802147,1.10186402840237,0.505416945449089,-2.52590866686652,-2.13441423520339,2.81861529182344,0.144951929153515,3.70192804905549,3.93577147126423,-2.73214015887639,-0.627913909038681,-2.34631394104078,-0.245235671072078,3.14241118544851,3.14375422822091,-3.35071875270684,-3.40033461226419,-2.17890255698932,4.30894041223485,0.617032569829292,-0.613559131175544,2.89483112764018,-2.5921938713035,1.64142282025297,-1.08224706860275,3.63842310599322,-0.476285560109524,2.94855782027471,-0.0411080097879802,3.1857917603998
9,-1.70233409681105,3.13771622309501,-3.89875174787206,-2.63655986585242,2.21868673543233,2.59741923307767,4.61658353107239,2.78063952896855,1.53432273297432,2.57401381489154,3.44648147745248,3.1892615723721,2.46249846465548,1.2075260340919,3.18569439789986,-1.99845987222806,3.38764657118056,2.46744125232727,-1.54484616981759,-1.60936966657727,1.39969556743245,-1.81355571644349,3.51313765115415,5.05588054426037,-1.97084709155091,1.37145531341843,0.0041922973499597,-1.05126757228241,1.12608171370816,1.37238336727062,-1.93605999262547,-1.58310384315587,-2.74251703340639,3.71051125327479,0.305361291697589,4.18888591956286,2.31012294948678,-1.39759525678528,1.13757975411108,-0.658435727661351,3.57682678186034,3.55946924298723,2.76783833496126,3.51977618262588,0.938927987300527
7,-2.85819768148462,4.65329019922212,-3.70729664329143,-0.866705367081543,2.28160909042189,3.19116203785998,4.37791858737469,3.81774217513289,2.33146759507983,0.94441126109476,2.31475052314833,0.476101560147773,3.03027697963634,1.23973433397801,3.90203460093447,-0.429221209846572,2.87804799095116,3.26010431179846,-0.86292175586605,-0.65202651669397,1.0366340322955,-2.73714653424809,1.95229357510674,3.52842284724598,-1.3366604644057,2.94201599600017,-0.522499721961703,1.06582454354734,1.53874420453551,1.23350570733525,-0.117119600477467,-0.608993095523228,-3.0703581350446,2.76252382604807,0.0866903914539829,2.4099476177859,-0.107549302217329,-1.67044102531142,0.616471187544303,-0.0543016155094109,3.37529456713565,5.66594696819517,0.530035611349343,3.01540253803599,0.142816850937791
5,-0.708491774300065,1.48310981565694,-1.17885035945264,-0.638790933538543,0.65585303659026,1.93500464092167,1.02843754798128,2.6638548825735,0.174015814274242,3.34531537577574,0.172169495304869,-0.610633878113108,-0.0922656650817961,0.0597519437695728,0.903300615915371,-2.02525055046782,0.44418999795009,0.97198281485666,-0.0977024180050454,-2.14235893643931,0.545662931505243,-0.970625162357144,0.805717281906012,2.58785712112556,-3.41835125416568,0.825253843614171,-3.19878550330519,-0.820696795134728,3.28586087051255,4.1339670540731,-0.789573563797771,-1.19344378483474,-0.614493583766773,5.88302338692775,-0.0311884416696865,-0.144317484396543,3.59964440884499,-3.10603666741529,0.122169967100672,-1.53358183386074,2.02071888967209,1.39517157839276,0.370916883698875,0.0925537931768947,-0.139744255646365
0,-0.180124702151946,1.06152520781402,0.474805662320072,-0.789003484438931,0.140262748140646,1.78401047162686,0.136708702878651,3.38765266603331,0.357401033550004,1.28315793265467,-1.78015443939188,1.0145697782735,-1.89538735538706,0.891865373127816,2.86023896583284,-0.212689485634556,-0.560259133034086,0.165637885860065,-0.812117031881074,-1.02875252668203,1.23692976635253,-0.550943757018729,-2.84650041771603,-1.6259682341087,-0.357485475210223,-0.667392427036205,0.0166038561413447,-1.98457485608589,-0.229431232283961,1.06294836255402,-0.167127202234648,-1.51471149011266,-1.50308887756307,2.53327760729172,-0.0032202944130767,-2.98052142414578,1.58485119516796,-0.11127674643205,0.903382369561172,-0.566140570975822,2.62182382839844,0.91567346687404,0.0295318900860309,-1.44421336291926,1.3544576807923
2,-0.907532303335855,0.832461327699773,-1.85404650366759,-2.31010011891676,0.417612384682242,1.62162373220459,2.22525138861878,0.842403606987211,1.59699291288568,2.45136259513246,1.22849992173253,-2.08399162705581,1.22958914408641,0.140969771686572,0.90793138767868,0.872885524109246,1.39168658343203,1.13214141799828,-1.35307397572958,-0.366871212416397,-0.707852388751676,-1.00437528066874,0.191608949207425,1.15243080379885,-2.12276693007253,1.035258026948,-1.54021339890416,-2.40413975904158,2.31054070997818,2.80666562254998,1.08948757984086,0.463414699837168,-1.00075821186673,4.11467208780323,-0.344281676603238,1.23438090550241,3.4809005817807,-2.17651247676797,0.101115533368499,0.443670187254366,0.954605580193757,0.822567474556812,-0.291101283169539,0.838781812882646,3.26874927950858
4,1.04943085658426,-0.155511112523001,-0.575659037512039,-1.47851415529011,0.595351725361771,4.14020778654982,0.82722056938389,1.32865297161153,1.38206074804525,3.11348991547646,0.964493496275503,0.0253914257655425,0.739310402844091,1.69583084213343,-0.0634284051136272,-1.34492344122587,0.0517670267189197,2.36993024830045,-2.31347660310736,-1.55986260170526,2.40113192890018,0.919668303716623,0.813127051694449,-0.0141834275037218,-1.9487471791534,1.6053157631795,-0.780386443811985,-0.702621534955586,1.9490497244107,3.66294391981207,-1.13005948846119,-2.33916815681763,-0.207730840704914,2.47192656006673,2.75786396367456,0.684048475291242,1.54727200238186,-2.18945611465358,2.04555787838661,-0.767985887037999,2.37297036247001,-0.266630142219182,1.52337064234138,-0.109733631586062,4.98170299397583
7,-0.0368873906570927,0.854664211008218,0.193970377869715,-0.479347230151508,0.230752744257014,1.02123069707448,-0.824382944034838,0.116211681912475,-0.636107050596294,1.22085929642755,-0.841890106497979,0.897326205230131,-1.71863692667196,-0.28087887923283,-0.810006635516894,-0.970880084603324,-0.382555098625583,-0.714905791163165,-0.804433944818335,-2.04284838720862,-1.60609610331861,0.0541577656264223,1.90606455461844,2.63518970774206,-1.48821811380683,-2.02893588189467,-0.891957078803526,-0.100751392728504,1.61755569688791,0.335752203024639,-0.124050939781132,-1.41988719878235,0.0016208454305391,1.68148173608509,-0.51713244588136,-1.48136172927823,1.27486677264146,-1.53082846316192,0.897761224266512,-1.14123689871884,0.563363509569248,0.543239043256092,1.25996952441757,-1.23451815306748,-0.5987984978134
0,-0.727204320552269,1.87905111466219,-1.01043182579384,-1.91472661886152,1.05478249372791,3.37083373540602,1.86560626419728,3.68099466511096,0.848397268812941,2.79504951095759,0.674108338298199,0.56552999663863,-1.37035620709728,1.92523500989523,3.07179360858139,-1.02332545411689,1.30796078733417,-0.641520130897931,-0.320679330222279,-1.38162044607569,2.81113144050609,-1.0708599552446,-1.99162145932299,-1.1253830167455,-1.80741671180281,-1.28978592570332,-1.24046725177895,-3.88817461036635,2.08711064329871,1.45121183931255,-1.70521548248138,-2.74192347591208,-2.09694600557693,5.08897692860812,0.763957524381683,0.316005791431633,2.67672958578263,-1.84255617924784,1.31377486888311,-0.432944629202916,4.83137093551014,1.49779635118206,1.70669631977458,0.621326651232843,3.86048065245381
0,-2.54474626685395,2.5597824119721,-2.02887317096719,-2.39800320554039,1.15622609683391,2.73980654301445,3.07993795946249,1.28614278806242,1.92385803181752,2.15927407841802,2.11384998626683,0.328736659780782,1.26204369624725,0.910076127160602,1.68888711742944,-0.365204606388672,2.13280850507299,2.71726386633236,0.0207597770301729,-0.148867383785174,1.53720507340827,-2.10419987240347,-3.2719961515471,-0.433875341548986,-0.331424614499047,1.32238383815272,-0.383570131133433,-2.83645708504472,-0.0521357267957314,0.970560584331746,-0.567413144421531,-1.03961460794381,-1.88156414074346,5.52497662187589,0.793121976367479,2.62005369539781,1.70692562439408,-0.438548396503061,0.160554359208004,0.44225431825778,2.32601202256491,2.63655041183568,1.19112714321448,2.08074124557201,0.834645217554758
6,-1.53195747072083,2.56011381295951,-3.53708951445194,-1.90455945154386,1.56418213356003,1.23145207360567,4.7801940757636,0.549861231337277,1.73613862279658,0.824829620120439,3.34809464129272,1.06435388225297,3.27171778371552,1.66978141011427,1.14992650747272,-0.457404753878545,3.55645468224501,2.89489081064341,-1.30192375287576,-1.54796265202331,2.72087415918158,-1.9995904970613,2.13918477299035,1.8949461129051,-1.41747711481181,2.25691836174634,-0.953412747607595,0.936029887074338,0.554599917726255,0.885039427949196,-0.724940392409609,-0.782388124200764,-1.52503951864751,2.50970926329599,2.10680024394102,4.17968633670166,0.991321254673869,-1.41566824874341,1.6975641897582,-0.53383996800412,3.68354969719965,3.39198436793931,1.17045771514951,3.2916311789283,2.08284137172558
5,-4.28128592097814,3.64496554751469,-2.54408898713821,-1.59436060888392,2.19283094651735,1.22718371625504,3.26945049193994,3.59040991279268,2.51774145233402,4.42546950118799,2.05997367318243,1.6065724888975,0.606383644824725,-0.0708334267481054,2.41490889925681,-1.32619203391395,1.28792481724678,1.40446219142517,-1.2008338186079,-0.258187182340372,-0.80308663279798,-3.77983699761351,-0.620638628566993,3.05409352894053,-3.78945642930653,1.26965150363351,-2.79753506957502,-2.58993329819075,3.21668427032886,4.02731167919122,-0.797393093084515,-0.728087927065292,-2.30140398879881,6.42789465330186,-0.282712181218266,1.29143394644322,4.53770608676487,-3.63617182016841,-0.0459317724388948,0.569795786358577,2.76070619141707,4.30578268434699,1.62442766746427,1.182431560842,-0.606757521734474
1,0.720618397033858,-0.909126441963501,-0.473259586004563,-2.14562601902733,0.233551399520813,1.42391600347101,1.31952204352084,2.12598061117993,-0.385645440192136,2.28048516297121,0.856355414616977,2.71712231063184,1.02456670588549,1.84125166241139,0.413154755030586,-3.03106887201026,1.37430626746834,1.79319392944984,-3.49593613374678,-2.7740860947871,3.04759357331415,0.518316687003688,-0.158122317954361,0.165474330162166,-1.96879814939189,0.92367255785123,-0.716086626778693,-1.52172844583529,1.12720958598442,1.65631188033492,-3.30374117917387,-3.25515339726744,-0.884386680852245,4.02242401437461,1.95320574005629,0.866881616952479,2.61163462580192,-1.13305578121816,2.66837926835558,-1.89042388026265,1.99585981013607,-1.56659012680736,3.06616525224951,0.391247626216771,2.53396617890161
0,-1.20030230393283,2.08743520639549,-2.41053975744298,-1.70558137113448,1.13896525036782,0.451638305050253,3.60861555857219,2.17803285462506,0.478708573964335,3.65885154577166,1.93969002130015,1.88625343254493,1.07553958651659,1.94716578010428,1.96032429085077,-1.21144300002231,2.24823084339948,1.39146402576118,-1.30670512656745,-1.89596882457794,2.12389670189818,-1.50452256929294,-3.18986121132426,-1.81857898642556,-1.92405265559518,0.965610493523794,-1.14597377726211,-2.30440643651525,1.94138602523197,2.79112273480734,-0.642241194796669,-0.695113498608672,-1.79922030736427,5.25718539614127,1.36749022377707,1.94060586277721,3.18821398972886,-1.74348718792095,1.16451670820056,-0.631365387435453,1.82654934182696,2.44820445357731,1.18266555616158,1.93994334432667,0.52262903631728
4,-2.42640719356372,3.25764554640496,-3.52727456115257,-0.512772580509208,1.86050383268311,2.51023024583927,3.69304739765366,2.54577323008125,2.21695574902567,1.71734179203099,2.0423681991309,0.510857041341044,3.02127611281354,1.21419626137449,0.942486488711706,-0.236174174574702,2.24649670542843,3.62401284340581,-0.504770411849741,0.437579130986438,1.58923317790346,-2.50479591846876,0.638804085760762,1.65851859244887,-1.53130288795088,2.90035818572426,-1.76105916452691,-2.95750867335074,1.76524115445505,1.35014555740032,-0.45537766421154,-1.99884173035131,-2.11958114005817,2.02733689143193,0.889574685938355,3.19600210238414,1.27594019368133,-1.52602485161511,0.577224531317535,0.939518366367244,2.46969714895911,3.42654528683927,0.38635637769773,2.31762685800858,1.6126925495411
1,-0.356857399179724,-0.178355463917124,-0.102898024022298,-2.34904031301218,0.3365195370077,1.28714619025329,-1.17746249704632,2.66323698036711,0.332952758530552,3.46266983195654,-1.05183004011158,2.1840030896079,-1.21826702152522,1.73790139188676,1.02243007386418,-1.46897758742756,-1.33547230188249,-0.119829704809242,-0.568605983446558,0.46779102168695,1.88623204541742,-0.447600517740913,-0.474429176309691,0.328273016921023,-2.194689522022,-0.96582936520896,-1.76184204879254,-3.10038445990189,2.28502000521773,2.98609011221263,-2.07241593615567,-1.19930801617385,-1.02888934968704,6.61031445026456,1.86626345026125,-1.99717263821218,3.49309148371856,-2.44022476741196,1.43962499372541,0.465696168910656,1.28060412131025,-1.08717943512394,2.45399553325833,-1.68564708857646,1.56504177143658
2,-3.08339511701278,2.35768188368917,-2.21033875312976,-2.39768377581818,1.84827220048427,3.16671077177957,3.03173328813145,3.32833287432108,0.807254949942238,2.52083354894935,2.26800164394589,1.5997520119372,1.99843078095116,1.23457795846783,0.789800698681077,-1.98367827008003,1.6535554059721,2.20724588140037,-2.67590612964567,-0.619390856805575,1.38375914764383,-2.83570591000734,-0.563028880376178,1.48668018370244,-1.78844592996253,2.02257198526187,-0.797175702951106,-2.49464817292663,1.10038304024079,1.14816076541894,-2.01647974620903,-1.77630699620339,-1.23043436229889,4.7897930340603,0.585070095076819,2.42675346954789,2.84481127495741,-1.63753637747441,1.12419309883588,-0.111633829285951,2.62312163593563,3.43606802708924,1.20784400045284,1.7691377980866,0.841775605490813
6,-2.55676397652927,2.61494466749032,-0.850624298866756,-0.95565912980342,1.11765130350193,2.26911882359648,0.99315357863358,1.96540266532854,0.739139030179389,1.86374495267913,1.10470452760079,0.744299547777016,0.506061541990169,0.650406586466797,0.41917922780386,-1.3002271065241,0.895038654676462,0.78564290776765,-1.20121217494244,0.730501800639827,0.900834936469371,-1.9900984263621,1.08602912101479,3.38942379710389,-1.74009646195872,-0.160043575343458,-0.652439665211576,-1.88989577802196,1.55647971045708,1.60388395354123,-0.0004507452894432,-0.30774735369637,-1.34636040556102,4.22149723404409,0.138848791005108,0.785191735035024,2.62818654314769,-1.86272241130407,0.789185355087548,0.676541117735437,2.25785203581855,2.53039404530855,-0.703771450666,0.317734633246055,2.76628481675143
3,-1.47662974789021,1.5143404543293,-1.55191538846723,-0.65443023026773,1.0447357428341,2.51310029655385,1.3108350428557,3.93415835320317,-0.175309907688859,2.35440181585376,0.630308201616513,0.102962656790845,0.95730163271863,0.384446986298417,3.14254708305327,-0.639265470437067,1.24776779517908,1.15181387036451,-2.51486486286391,-1.56342100389812,1.42088905446952,-1.54290016693822,0.521248800736538,1.9621362605687,-1.93386797207124,0.81074082606884,-2.20333866795211,-0.952420241758436,2.10193994001577,2.11820458360528,-0.472636086655336,-1.75024247972965,-2.2192861545352,3.41771339790638,-0.0723365123827971,-0.24097498911722,2.52703298850971,-1.64188400858951,-0.656547974926205,-1.45515894817603,4.03088878996449,1.36109298844521,0.0358192313745405,0.764162021469623,3.96832890947
3,0.0493566111141912,0.774326104675761,-0.852502969894557,-0.936826420892446,0.29187562918896,1.73103557612303,1.6206702819395,1.23342003007638,-0.106854602457651,0.235940248477767,1.10149155919817,0.978629874997753,0.841581825654592,1.72595984643915,-1.25678029209406,-1.25699338666635,0.487375222680518,1.96897968640573,-0.777825833915925,-0.291965237549997,2.33927446638481,-0.158863492688805,1.28795272707218,0.63014119183267,-0.623432989909728,1.13612870560366,0.52328808075889,-0.869272098745473,0.535846829269228,0.0432570690266362,-1.14526831510818,-1.07347019256989,-0.579873782039759,2.33252553171004,2.97422145362057,0.273123772863108,0.997004101169571,-0.303965781681927,1.90839239396791,-0.631794756361394,-0.146390088397733,0.278649000731981,1.69122712760329,0.546291748619341,1.28830125204216
2,0.175182220121472,0.257792708795342,-0.530321294283133,-3.09445320427062,0.224967968529036,0.935707669325334,0.890742396450502,1.81582163076273,-2.13103695914392,0.637991092497895,-0.56401797712097,1.02576807869787,-0.691717661022654,1.11779677566803,2.15517771443971,-0.802928938281509,-0.118076242254605,-0.441066016624399,-2.86131130075309,-4.85692116572406,1.67156306771315,-0.0509845078154378,0.211610488714405,0.0724594097436823,-1.46706023411169,-1.55065389661554,-0.0784069710713785,-0.122716676203855,0.819968846644067,0.385178220159989,-1.20917022510568,-1.72865223553571,-0.927777270778879,1.48488192916331,0.733844075371008,-0.646103377430239,1.37030261973579,-0.968195207827223,1.03403664389524,-3.92066348671892,1.96705748470836,0.357682586374693,1.59549840595287,-0.538299259420848,1.55106137629386
4,-1.91483033497915,2.17007156207292,-1.62340841563155,-1.01403364159108,0.795947756604691,2.29212571039877,0.507727220047283,2.41848186523373,1.47854029503891,3.96935545578938,0.231095361632054,-0.0677882078302792,-0.494783272683195,2.07877737267799,1.31528177245172,-0.705059050691276,0.634055929347626,-1.28314425956209,0.0859864735217558,0.325322332816317,2.43244822783776,-1.66027413830068,0.959418213363257,1.6434454327837,-2.83480899479905,-1.43765815417977,-2.10351185309333,-1.9978534639713,2.49099639045128,2.33005459598326,-1.08279950262987,-1.85593926369881,-1.27499273676955,4.96256503380054,1.46433370471073,0.61406804798201,2.27620621740867,-2.72035017914852,1.14123359376599,0.613310777903394,3.89392106924764,1.85053865294563,1.04311927493517,0.135532242216519,2.59254637986227
9,-4.05161472818307,3.7072518568568,-3.71000649783164,-1.48975248535681,2.51585320678366,1.04788929413283,3.6335061129381,2.22938767246207,2.3917659632964,2.64252199598864,2.05290621954425,2.40235791693937,2.83093102899904,2.72403723409182,2.59239000505166,-2.13220799197509,3.21586583622669,2.9735882980112,-2.20452318480482,0.922638610050792,2.46839592693152,-3.83220522536378,3.7247464503042,4.21729987177179,-2.29420389166261,2.13495550684109,-0.39533479174208,-1.18888048713524,1.28641110949457,1.92523662312269,-1.92163150071913,0.185149364192047,-2.71490141069367,5.09057649721678,1.98311758162086,2.83665509798233,1.43508322730879,-1.8949062564459,1.9077438599676,1.56833083626362,2.56783101210763,4.23170647528934,1.67087477408123,2.84861016533134,2.64752648065607
4,-3.77679761840974,5.62896415559586,-4.23396332989098,-0.758844537451732,2.63742144550436,0.603418667110229,3.83340594763528,4.34389933372814,0.861465800531967,2.4713439559538,3.4302415803642,-0.119300544150323,3.86298828033009,0.27897065004755,4.06884522310844,1.96563570553076,3.26294919188177,3.67512482238894,-0.3497274675574,-2.10765984963443,-1.26270322460897,-3.15832265158257,-0.675635964416553,2.81462864128763,-1.61394279168729,3.33206241409597,-1.59638727713219,-2.34098830290849,1.67736832401508,2.23467497153081,1.1921520161256,-0.828125185372168,-3.20750315958604,6.64107256285889,-1.60540878406232,3.43653239138615,2.49011828251913,-1.29163323209967,-0.467756763023265,-1.02531600391395,4.17965710567767,6.31012144740345,-2.02963942763733,3.21735514015649,1.8415260650813
2,-3.38159656239525,4.1326895817699,-3.70941139797908,-0.282838338531947,1.86957878173944,4.21026393353693,3.31765772725656,3.12110545109479,0.410653978436736,1.79741578832407,1.60108014769537,-0.169487704301927,2.22586620362029,0.509029624829126,2.15927748108545,0.853351455937055,2.13659822227092,3.00628324544334,-0.497915189484343,-2.10620806178066,-0.265039146035073,-3.23460924306024,-0.890245473849014,1.55645652113992,-1.96998161945461,2.43094215703976,-0.792708848186173,-3.40163137241918,0.906677827473494,1.60496408934486,0.862290990179367,0.0017210374194186,-1.73401170146531,4.89596345403133,-0.325699611853794,2.23806685653698,1.21624923626384,-1.47227232962358,0.0666056149035389,-1.4745278096893,2.82476906815349,4.6311110379398,-1.45415623924,2.25794910743363,0.810454920721976
7,0.0512353545454481,0.424169960993537,-1.46169245887485,-2.35142415322607,0.15846101083113,2.26091160639752,2.14130525702231,0.739132612555779,1.34811200077028,3.09908771614093,0.591238631370902,1.73941912174922,-0.402528742961723,0.403289960055056,-0.209129174461031,-2.86970406693097,0.824139302818542,0.711889933273795,-2.48375988614967,-0.0124382459739502,0.532232211187692,-0.305265183167863,2.57264261163465,3.68965553676116,-2.0090520844218,-0.497038148758905,-1.48374789950505,-0.749917974731705,2.45946626668677,2.16273998214146,-1.60948459704006,-1.50776836039649,-0.239615345402362,3.22532853520905,-0.109845398472784,-0.112342658627732,2.52733208695207,-2.36314599640824,1.30284106834006,0.227784387927239,1.85708839769046,0.336216313596057,1.71078796304976,0.177926175034299,3.01106403916997
5,-0.510789031416038,1.0032640173718,-1.17310188778771,-2.45698197373506,0.898564930836261,0.120818034679851,2.43467885846212,0.661623167754748,-0.464992533968919,1.84078816129343,1.58415033827427,0.822087082583946,0.56442692701725,1.6217468832316,-0.45937505414894,-2.1823622851754,1.93841612155585,0.502282951778809,-2.31315253966736,-2.59048659519964,1.63786341398545,-0.494575065138581,0.976457593260263,0.960720199097064,-1.07981380906089,-0.372863456126942,-1.16072386707581,-2.71938977964909,0.831868303611777,1.09612866022026,-2.2904276007226,-2.12341887127187,-1.54660536224168,3.55375971863885,1.58637706622719,1.72273764425908,1.65820898508788,-0.792498436323443,2.12452590609086,-1.75928042023355,2.50139783182509,0.12887379245705,1.78684407068175,1.08188731271764,1.40204155796142
5,-1.08983865896978,1.00201177866349,-0.430364612611833,-2.28217337666683,0.199904480091896,1.98814605665647,2.11329304629345,1.33082150322722,0.811179970274159,1.04428481292714,0.500063212710426,0.445721338503417,0.175510126700285,1.32374215042998,0.492414804568499,-1.50814006503665,1.12724495087302,0.990162887343567,-1.90044661861321,-1.13328271542441,1.10702544490698,-1.69244707749841,2.11478832007246,1.05703819164523,-0.74193169894363,0.0148326879973598,-0.0428272960597941,-2.07278739993706,0.354080492549658,-0.602516401922709,-0.429731945812046,-1.6863695591175,-0.517718058656464,0.397495659027535,0.689107056012118,0.436673520835285,1.05508282906501,-0.374819499256701,0.615628591916551,-0.843722422011392,1.35072680382158,0.83904828628954,0.950722032956104,0.313489162741888,-0.0420793978911045
7,1.03304778540888,-0.435778269598392,0.663460330430862,-1.26148564413714,-0.356522704780249,1.6636190531253,0.631711733251897,1.83571643330549,3.33418025016014,1.83555593679591,-0.954467426534381,1.10399561856256,-1.75245105225069,1.26271621401972,-0.305483746931802,-1.41835759029008,0.160952336127395,-0.790868012715606,-1.43857838894287,1.24649928861255,1.44696782348606,0.964459135665678,3.09397043037481,3.59212804837202,-1.3590526916118,-1.14793818644179,-0.753349731608473,-0.886456846076688,1.53586595260449,1.14499999843519,-0.539645261821963,-0.201267056970627,0.661296098792771,2.89383477646445,1.84419231334285,-0.847105431646092,2.45367720554082,-1.28601998755519,1.25805603859277,1.9626286320469,0.916163035013524,-0.775867800195456,0.993420738758038,-0.71448505421627,2.22820606964401
5,-0.922181920659215,1.06823222150839,-1.41594305956042,-2.26994895275303,0.666059437277289,0.543661653224706,-0.0301965366712108,0.798298862544872,-2.01353110268903,2.74275981762854,-0.732928310915061,0.267011350286232,0.70000914663748,1.58352884260137,0.57673060112113,-1.7988003226883,0.149599705535765,0.55748009525405,-2.19205496645488,-2.89858234749872,3.18962647945029,-0.734313349099757,1.19203327665042,2.1504709912982,-1.73416436358173,0.245096614350206,-2.07738404926488,-0.982387701581829,2.11912929168096,3.02490584832581,-1.34395936117358,-1.39777979778847,-1.14936101551084,5.53884006379063,1.30471039690514,-1.18513482148964,2.25667548688547,-2.08741182174103,1.23864432426094,-2.76772879086332,1.46758131458799,0.83463332928727,-0.639815419223607,-0.633335477794529,1.60935507359822
6,-1.38429802705135,1.99993662034967,-1.0032854059428,-1.55136809062866,1.47727651160241,1.86337817221413,1.77006956430233,3.56670503406899,-1.51301163070377,1.37856606979873,-1.33865308923717,1.08687035301761,-0.174385963194933,1.7054934745439,1.77213210816558,-0.783838221894572,0.542059492800814,0.770794681909928,-1.88998399643288,-4.02656922832953,1.73812362027189,-1.5465049957203,1.88644341079433,2.65755329728786,-0.907153580594434,-0.459102226226612,0.530398367474685,-1.62511085812199,-0.113800009978315,1.13231658407869,-1.81895371638376,-1.54352521213187,-2.01558073854642,4.28797486313543,1.61251204646382,-1.23293571118215,0.925226029662934,-0.567146297818942,2.1545579070668,-2.52951341643133,2.6318492100672,2.20909051844283,3.28743896652406,-0.0319234368248601,1.56545359768062
2,-0.408785682704557,0.375238954907341,-0.11804607165087,-2.45420712740368,0.617305491036517,0.836647903059719,1.48952047833807,0.344438073511696,0.182444235431388,0.809136465403488,0.203006088593828,2.68542807895165,-0.567309549229421,1.91654156933086,0.212365926147293,-2.56873322073108,0.633608149889699,0.0280982882477712,-1.99087955715608,-1.64424616610867,2.89846385829696,-0.961446823987984,0.327968136574463,1.2300480772609,-1.13834055033074,-1.13874122177371,-0.145479394589703,-2.1695922908487,-0.339824196151102,0.734010087860981,-2.9464452927471,-2.4644793085819,-1.43073224555126,2.14349933588717,2.85434793769956,0.0356178049332765,0.509566956866244,-1.01595956084148,2.95733142138338,-0.773306475439842,1.87685818908047,0.579636409734209,1.84888205453593,0.0049735831576127,2.76893441937403
6,-2.33392202238602,4.2178769158467,-3.67866910987596,-2.23720168271189,2.89013904223118,0.728475310890244,4.23106299381378,3.52274235964809,1.6895671085217,3.04794155935326,1.9646163183365,0.361075744105341,2.88720693758865,0.999806519799078,4.75160611976883,-1.04964391151437,3.03479941472237,3.95285789572391,-1.91964399406737,-1.24654278885903,0.982043334489968,-2.37273970542041,1.23066196544891,2.82069428021809,-2.28794709527097,3.30928233103146,-2.0407871049733,-0.998243327644116,2.11862074338877,2.305305847958,-0.918687649815618,-2.38537584167834,-3.42699164925686,5.18419898294754,0.0166785364089412,1.59637426942315,3.00571805773081,-2.37057881902517,0.694771000765526,-0.219259395135986,3.9427063865963,4.50064229496892,0.729610950134223,2.81093856890684,0.120012435874853
6,0.114060327454975,0.573552056607816,-0.289201496559264,-2.69358250076465,1.23512537780001,1.74242931940843,0.0097418192079346,2.28428075198558,1.0001136735402,3.61011480372657,-1.30647194064757,3.43018546835004,-0.969269150433681,1.44281043681762,2.51866462024619,-2.50252062953504,-0.0337910746056829,0.436796679052439,-1.49709901726465,-0.174939414650289,2.21408932067522,-0.325056626843472,1.95218863287557,2.39104273076047,-2.29119716032699,-0.418556559169913,-2.28423909630667,-1.30440828354377,2.96979206203663,3.50373421590838,-2.40133676576303,-2.5079877812743,-1.63211459878785,5.59152148829368,1.00105686575262,-1.87758957856139,3.66545617804761,-2.5921857298791,1.5363637773884,0.747073454296308,2.34817095166144,0.292531668747085,1.42673511813186,-0.875316075268024,4.32568919586309
4,-3.0221638064267,4.17653009308235,-3.20796549398172,-1.95690600393073,1.86160408677826,1.32108740978767,3.43668009387442,3.21460903230595,0.565913865155018,1.37901611570629,2.11362830476637,0.34463134667519,2.87042255790576,1.39970895707563,1.45441156011156,-0.676040404730982,1.83085406893873,3.91462156381159,-1.57170731128247,-1.73202334974694,3.482412568508,-2.83408934992594,1.09978066989139,2.03069236716809,-0.778086545902855,2.95326745570874,0.122071590462074,-1.06734773141954,0.819930591273185,0.434561780627059,-1.22284100031646,-1.48901933809631,-1.54321306298372,1.10789986331851,0.953735340931641,2.35740295088649,1.80227702723512,-0.633255679101864,1.61016404526659,-1.3160782948282,3.275725498374,3.76432326910568,2.06586919241373,2.419789022917,2.54657512825848
9,-2.93314937352723,3.50826014962078,-2.7909073388754,0.197639760728674,1.70208372994352,0.252461084372019,3.68202886247501,3.52650862476465,0.0021556263043626,2.8207176860372,1.5286281355564,-0.0252413387969266,1.72962090194408,0.257939699928863,3.02911518882343,-0.216963067037226,1.62573187026373,1.51421937652894,-0.459306065970119,-1.27537543491812,0.201153325479328,-2.96546524055353,2.79721324495777,3.66384979909094,-1.34708118701499,0.680856242903576,-1.25971252818728,0.766491460875866,1.91632548937825,2.05688453650233,0.650453894616029,-0.279929624462041,-1.90488643447423,3.70974222738942,-0.528859942345063,1.16600361984919,2.74682934496138,-1.62404079200803,0.386143667019369,-1.1235058623689,3.24499230208599,4.51750861104239,0.506245332663618,1.86052278396888,1.8243444874572
0,-0.719944839672008,0.584690138849341,-0.536948209868407,-1.9598955316289,0.971585799267225,1.64038344250586,1.21004887638566,1.23283371071631,0.937134998637392,0.775675672439858,0.438144826104032,2.85777254723735,0.179923630885245,0.380888225348156,0.559557941174038,-2.45047793644963,-0.0343973521111628,1.58954679031135,-0.357020899863807,-1.07202736696796,0.118874901928723,-0.873261083201794,-4.70190649732245,-2.91374719858095,-1.47430038195633,1.11936930136007,-1.11109244155807,-3.73685341234332,0.723512801597928,1.01004167438032,-2.0110253319663,-1.49115615772228,-1.04582028715722,0.716811181484082,0.139122427186246,0.0934196744975746,0.98916267851355,-0.970834018467925,0.814377702757261,-0.748537009541412,2.84063045418938,0.991120546689278,-0.0063121693083569,0.0856956077892987,2.22670110803381
0,-2.73451827494461,3.25056555377983,-3.78642895614072,-2.1154181713237,2.53330859804948,1.78203762232454,4.22456732886789,0.572368775889857,1.99710471149256,1.96625491415776,3.29970723196979,3.38987540592712,2.60909349146113,1.17125821032267,-0.101297237556946,-1.85865575607097,2.94925682944817,3.46152300888068,-2.22547142038797,-0.0479822088954878,1.4456062567425,-3.0410457922737,-2.23561891419192,-0.916375728566196,-1.85621440006888,2.67111225771796,-1.63771610772814,-3.83341475011614,1.71684083435943,2.75967013720015,-2.09527044053865,-2.07684758419155,-1.91110480438267,3.07806747877926,1.31219766339742,4.28620167980706,2.05531586241972,-1.90191802318928,1.62164613339156,0.661614416459138,2.01496322476745,3.80321341138821,2.11926888157552,2.67390370728834,3.20332339599689
3,-1.84641933214213,2.47028803719173,-2.59426069368528,-1.12593018065672,1.40037163452426,0.119227704267268,1.07022698299774,2.40494100189428,2.73962013306133,4.15443202531766,0.923480823569151,0.324523593336782,1.20455668100633,1.06336915224255,1.51559586352302,-0.236133691854761,0.70700976033292,2.19417054391155,-1.23046996391461,-0.12352890942487,1.33344038474034,-1.81165423397108,-0.296789911035095,1.26731510044675,-2.8256879386126,1.42824837326245,-2.19940176953718,-1.70413178497788,3.046515408271,3.74140397862082,-0.461684909924902,-1.24541089493124,-1.73467384487169,6.7198344946847,0.295287475274658,-0.151098754716144,3.88505589429281,-3.11630125613252,0.901526454861397,0.828669027940666,1.62956322303554,2.32539079944156,0.958534258455704,0.727564276114316,2.84460211098445
1,-1.8750492884118,2.90738994739033,-3.74462676039031,-2.13541386508862,1.65811548970747,1.31485400725589,4.19198167366603,0.077202378405633,3.05533700726509,2.21172267124006,2.90698233729032,1.25296814381253,2.71294754674287,1.44243113278289,1.65954758534503,-0.768527194903687,3.32614211448385,2.23242689905038,-0.0150250389294689,0.148589416091995,2.21030762288289,-1.75226724647981,-0.854176320850623,0.77032873750517,-0.3469330864631,2.95105312153552,-0.705524431718887,-3.66473791195427,1.15586181183787,1.51532508877429,-1.11758127408944,-1.53366692042478,-1.92206953961967,3.73001102311433,1.06711419084725,2.83786836208178,2.55743128851849,-1.25189260132139,1.93105705516568,0.856111584113044,2.76590070163917,3.29310698907312,1.19464873618236,2.69101413467926,2.00623038593998
8,-1.43982245895296,2.68984699107846,-1.85414839924452,-1.76086583742764,1.31608841903104,2.55045916692328,2.91410370365817,0.518717193987205,0.970628152856125,-0.644112298062325,1.32812603269517,0.934825623438044,0.582824952729051,0.822036019603967,0.375043101923079,-1.17570068338031,1.52229794633911,0.350410169048348,-0.883601029030411,0.08940100236801,1.51971443634523,-1.51354725949545,3.58679899076377,2.81199747694768,-0.690786830189633,-0.139793697582366,-1.10509698828878,1.30179604721833,0.634403869390884,-0.363186035185866,-0.672540283466444,-0.330588709141938,-1.74457555820151,0.221198356794553,0.0867980595787838,2.47550591640449,-0.738519828396835,-0.600536321008359,0.130870972295312,0.645128859480826,1.19438829168352,3.15048973128561,0.870035454121133,1.06360137674389,0.442150004474535
8,-0.764477211282743,1.29261614727717,-3.66665643278037,-1.37985152472119,0.948039242731332,2.62755135242215,4.5271829644622,0.965350636022004,0.172847018159776,3.40149944435494,2.99430208020008,2.13419444003926,2.56122796297982,1.90498549210031,2.66482900464242,-2.3656002280059,3.28652395404105,2.81571466984833,-2.67861184469571,-2.18394272551522,2.46249397078112,-0.901431053921852,3.17714015985956,4.38431223966968,-2.83309000512522,2.92105930423836,-1.98339028500665,1.20770848398184,3.30491824987503,4.48487544348027,-1.90512185323961,-1.39141584634147,-1.15409970950011,6.10217523512005,0.323809409645327,3.3895691611902,2.59874308300382,-2.85560573498198,0.439022231154887,-1.80171458092594,3.32658746499279,1.00757561030266,1.39140604901172,2.82841299401059,0.318438264262113
3,0.398271741638027,1.36882985797957,-0.581578033597837,-2.93862473296394,1.41019816552973,1.27800514927425,1.26456185206226,0.66169180707731,0.152386978456101,2.65543484283645,-0.483508554566558,1.98281078257126,-0.262180061484747,1.40542469392932,1.37989756349498,-1.22185365927866,0.451908421049282,0.885554355135145,-1.19805994591972,-2.44730898159483,1.77608501896374,-0.176261759808059,0.241303147298004,0.84213760755831,-1.22707308520928,0.195773868409355,-0.794285988791523,-1.69576137226599,1.55878600987749,2.42130741061041,-1.69461370258287,-1.55193523632278,-1.55066249018348,4.86262360413412,0.797662391851558,-0.500337938054181,2.29946940049395,-1.50403302331869,1.17767958445845,-1.57730088908326,1.4270200392737,1.3069201593419,1.29088163790001,-0.179097628539178,2.69742851870943
5,-2.09871746448332,1.75931320349695,-1.00158029625661,-0.919561408353874,0.799557749332618,2.10525381427982,-0.542671724826369,2.33143138388311,1.02965622092941,2.56858394590588,0.275037684699597,0.813189055934449,-0.301665845225624,1.19535680358965,1.00718763394277,-0.720586774090117,0.963677815000163,-0.0808726543327268,-0.833705256080185,-2.90954145863208,2.11113108281706,-2.13960215607046,1.28072523105486,2.28729961851958,-1.64056137266758,-0.883507229983129,-1.45107371702126,-1.06381402198404,1.57682798227151,2.07728438617616,-0.940431390120881,-1.53986541591834,-0.81013119802527,3.74535015109538,0.648602960948114,0.181202318619539,2.34662326215017,-1.87720034801683,0.389291948709717,-1.61836314469043,1.51042659273868,1.90720341992568,-1.28232729041484,0.197206015396037,0.473581662597612
9,-2.70442421900415,2.01290857046229,-2.21610923262013,-1.01051431292528,1.17354454087045,2.03910634950278,2.2779216630259,3.83822436303167,0.822686384270804,2.51253346047431,1.00175525823569,-0.0831036294686806,1.9120974907304,0.574757757673091,2.32550023096949,-0.720947002393039,1.91711070880073,1.39754822474971,-0.359732219606342,-0.576189669686652,0.383496837605325,-3.08219735879457,4.05048612528514,4.88596932061072,-1.38767321244826,0.500987869367246,-0.36375787373023,-0.3390488767006,1.41431611352925,1.11395281121076,0.38261518216639,-1.04530105023526,-1.8419898012079,5.01452605502863,-0.417816359001349,1.39433645942234,2.12064416109377,-1.22857247179566,-0.0741803872414297,-0.210031729574949,2.22518675946043,2.96252612336124,0.505920449455715,1.27388122771367,1.45209657630663
5,-2.9969698713083,3.71383640322848,-3.2988601319247,-1.96934244098095,2.24003451327501,-0.0530817441005468,3.81138236826006,3.24050071934311,-0.0160607794341253,2.88676590879335,1.90056771222021,1.07001594826014,3.48107739560361,1.10305045887011,3.14384960719743,-1.78685709767225,4.00888773160289,4.09009418490446,-1.08521413621588,-2.52634363836721,-0.0873316530646154,-2.60104585085401,0.461916326674167,1.68415987888446,-2.41351498402509,3.48998995458733,-0.804254385975016,-1.97956773577261,1.26915850925011,2.83528482660321,-1.11882951241262,-1.26972919059616,-2.35528951677133,3.70762751534026,0.168046445586802,2.15048246188729,2.59884308669512,-2.42240293079877,0.776997719412322,-1.13983596120099,4.38436859247673,3.9001249127471,-0.342663073740479,2.87837272189321,-0.0217068840486593
8,-1.24765960902842,1.12110200384049,-0.925151436465002,-1.61748503711216,0.964185039786293,0.899679100085675,1.16318599514642,2.44732746967302,-0.359825627400206,0.763545085191272,0.132424250731875,1.69981385809566,-1.10498485597563,2.38794003775663,1.30819786404835,-1.09437176873103,0.716162461681425,-1.09990488085217,-2.65892286219933,-2.89425751694727,4.8628051882725,-0.965737855024095,4.04813578100847,2.52775212086665,-1.60092295193392,-1.78857800477914,-0.754420021465319,-0.945259359384624,1.03782307414864,0.669583428005382,-1.95146454634223,-1.95718280366364,-1.05159546363565,-0.119455306392923,2.3769866140184,-0.546142221609229,0.38021063075994,-1.05028105105447,1.66178683608661,-1.95674367885286,2.01514728629496,0.916421530815725,1.76907492649033,-0.122326863084632,2.61163256787233
6,-0.304653998500588,0.758314289567512,-1.69827320547001,-2.67865948758968,1.0894969567549,1.13435981890027,1.75023171394346,2.56643279781168,0.894520406748883,2.34483671324281,0.633433435154731,0.969491429765597,0.644686447011199,1.9227900742563,1.46209424916091,-3.46243398481904,1.30693528275355,0.760838178484877,-1.13651647945869,-1.08624435003365,3.36319399776985,-0.587128380132517,1.65190217559506,2.84283523547389,-1.9779345000656,0.25692250419637,-0.327803296940062,0.451934563283074,1.29309511388078,2.22442141425575,-2.37521585812093,-2.03424701513553,-1.34088585959344,4.24121479328711,1.46037564281083,1.48630712680385,2.14335858317197,-1.91904001176689,1.30882766129516,-0.0212029884574481,3.52907091699067,0.268822577755568,2.95262268585177,1.29383651388898,2.61676364108709
9,-3.17201138661289,4.28379201580687,-4.31290504946571,-1.38489254558373,2.47040269656915,2.8330906623044,4.73327691339979,2.7194759874676,1.16631144095336,2.45769694959534,2.83647571820211,0.863247671870252,3.79905677993403,0.870690856944952,2.40985956932752,-0.821128801539853,3.96768586244643,3.26127457923912,-1.71308707247741,-0.287916703213062,0.963234860414173,-3.60347202006328,3.05319320670616,4.82354652290958,-1.554750944692,2.84989664433667,0.183057915491125,-1.30146466035177,0.973847135522326,1.74473497794062,-0.945306475100647,-0.832728155209323,-2.41986917352157,4.54971229316057,0.319908687676784,3.61091383712024,2.92681012200655,-1.47752165905945,-0.024808510773211,-0.27518909090633,1.95891197811432,4.74733457532498,-0.598670414966963,3.66722885656585,-1.46284578286931
3,-0.906963202848855,0.646775294902555,-2.09545410876373,-3.66682006157548,0.974348780303643,2.00470651756893,3.75656911581354,3.25733550440396,1.06935423299913,-0.109581593293501,2.04830449972108,0.882925443796314,1.57131631075148,0.948746035171454,2.48675993718753,-1.19720715300764,1.54046034634135,1.39959427807782,-0.813788289801986,-0.859070026897506,1.10857167626504,-1.31167352917129,0.686408877883018,0.443837795544377,0.0133667633661395,1.43359600994608,0.677970267515092,-1.79238024466361,-0.612846430362198,-0.864261998764742,-1.52968252044986,-0.82248524705232,-1.70748893923792,0.381144719551669,0.43983498464967,1.53611383423783,0.432264840906435,-0.0431061524680293,1.27713714374711,-0.271675438834971,2.87013475950105,1.25080544672799,1.91418893124021,2.00264875358527,3.10620719708868
2,-0.858973782423545,0.114614231569313,-0.409290114100216,-3.25652007354486,-0.169190076491835,1.31248716633263,-0.188632689336454,2.25876297817724,-1.26358593405303,1.9842474935022,0.492938187430124,1.81304922911567,-1.54064320616617,1.12633930684616,1.01207581437037,-1.73085798686288,-0.0031941731562604,-0.25319165311758,-2.13629866336917,-3.17481947486982,1.69768904860342,-0.782810883434429,0.671236322901661,0.0251599488046184,-1.83867437158953,-1.20104314084145,-0.938038377862465,-2.45457739643863,1.54932721413623,1.88320316012539,-1.65585113308709,-2.3310703508712,-0.462054212614162,3.66410301095419,0.457389638524785,0.724568624505659,2.11045169793006,-1.45831861508292,0.969087052200353,-2.39342256106754,2.33555682818718,-0.487086686092386,2.7987209255665,-0.387522849440915,1.90144908849627
0,0.602873344893057,-1.24766676248347,-0.210581079335802,-3.17415159668227,-0.180803598206749,-0.182917277311945,0.312781249938073,-0.667888456535551,-0.334846432394755,0.943413075656357,-0.22715736097297,1.56308353018145,0.581566714059532,3.39114586158247,-0.825450616377847,-2.49896668184252,-0.31289202379029,1.73298504551738,-2.19492922595019,-2.70798043270027,4.78897671466983,0.102476401829839,-1.73177500969438,-2.06956498448905,-1.95234296302565,1.19140585349782,-1.44286215807592,-4.29814163054382,0.977753136502666,1.0709927408332,-3.50669024771518,-2.55422172857786,-0.370651758997481,1.77775030449974,4.92606869398743,0.229288888959357,0.836103202683662,-1.49450935674721,3.70411856464384,-1.83091260388396,0.228891698372771,-1.43159333048359,2.91026677620633,-0.332532198024667,1.06096547028539
5,-2.37954410049177,2.72571684955295,-2.73718272258429,-0.0172605249247941,1.1845464376452,1.59271346297395,1.25888749530586,3.13187647947193,2.05080971848776,4.27098267791236,1.81327635910669,-0.379538658899359,1.74978376073678,0.735410507030175,2.14056356518444,0.126113177473552,1.46716341059264,1.51060038989465,-1.87825911459274,-0.84383055370599,0.866574474262956,-2.08283478570345,0.821001496922781,2.4993350736052,-2.45955722766278,0.849033701455007,-0.872397268157387,-1.63140563729711,2.02465783331363,2.95936857672853,0.229504793111264,-0.599974485475713,-2.01580736649319,7.70399454810189,-0.880801961665796,2.13533835866268,4.05888795233259,-2.39980509866464,0.108994109680688,-0.313808241045139,2.30930274711044,3.1808733744917,-0.703784668194127,1.72505557770743,2.01728770968484
8,-2.62516893063644,2.1418384159592,-1.68494576577415,-1.23341794076747,1.29417908765889,1.79280919399782,1.69199414165136,1.75816136088232,-0.526531415537477,1.91828346286434,0.529133684524947,0.82772010904917,1.02258642033007,1.45969957984558,1.60687277683177,-2.23783771199954,0.515612788214404,1.0590653082411,-1.65733425814609,-2.30442225524042,1.81605389351044,-2.47134728633001,3.64075481623754,2.68713195052696,-1.09262477845824,0.166636342987171,-0.572455644108791,0.0183781348912362,0.600866249611031,0.430652374110169,-1.68527878979524,-3.77939304873862,-1.61211154070207,1.6902657661443,0.87501398611547,0.124063566152988,1.77894442154502,-0.83835897825529,1.34973342661705,-1.83305237288824,2.34375486642447,2.09974826065336,1.77497205386459,1.10940529247744,1.44084427621548
1,-3.09907849763204,4.3249196109099,-3.3535523598974,-0.336944914103655,1.48329540432682,0.290375871527226,3.75224089771779,1.77685672203106,0.578210662314701,2.41046914580276,1.56729558375434,-0.57706443986286,2.25057206600558,0.538464925121652,2.89221536656775,-0.613121942463283,2.7134913034265,2.47942651887527,-0.710697908621152,-3.18933144891393,0.293994078564768,-2.95776049063384,-1.93605789791877,-0.294905361681397,-2.14563137270628,1.80919112756829,-0.0391477971895308,-3.94021611875051,1.1519793959251,2.45705228034595,0.174737798334312,0.758979755052431,-2.14684484332821,5.7469829349592,-0.165543660184686,2.56436875138703,1.93232481990081,-2.0012652523047,0.103416917952534,-1.81320714454903,3.2473132877164,4.1834399566877,-0.225974786358229,2.69460568899748,-0.583842306758003
9,-2.86227045989918,3.02483506017982,-2.13375883231285,-0.586135349697652,1.32359574119879,1.81072704468814,1.84377765273404,1.13445125615555,0.302047210707627,3.51286422883072,0.211752265255913,-1.06738466082908,0.296276408824717,0.55841188071848,0.891285097146825,-0.351870573318634,1.60129392225645,1.34048106782277,-1.34848143661241,-2.23922017136038,0.500780313259817,-2.53086483542798,3.42811180094375,4.39013300105423,-2.9441121237528,0.284750059185458,-1.36927770368011,-0.086460023353357,2.31721684652142,2.73152214510312,0.563046151020738,-0.498251402351342,-0.920155226115743,6.56194579687742,0.0887769034493708,0.422385914243431,3.64582154655234,-2.75713612523581,0.354622049629761,-1.54064990597738,1.47429653722642,3.32629293354499,0.426979350446376,0.971798992785137,1.22581999164981
3,-2.91079101845917,3.97882671493291,-1.66532368989866,-1.47623818618134,1.89582282069974,2.31604179137875,0.912248661594656,2.18293963728698,0.0801587772484611,2.60874967191296,0.354398261505237,-1.74264201123383,0.223026398775814,-0.0341518973327704,2.95111637454824,-1.23608072358889,0.365788146968341,0.299881542401402,-0.801575354610347,-1.68447219427524,-1.03229485634594,-2.90349574603984,-0.700092053582182,0.551917048636671,-2.77455702571899,-0.0720395529611258,-1.13382607260304,-2.86545624286752,1.89846540224661,2.79014835033043,0.344660843842605,-0.74941198738008,-2.18429050056207,5.21754952766173,-0.59067645529326,-0.190635762120166,2.78984429968725,-2.20845023429034,-0.45534209249747,-1.24956786517582,3.0012584664257,4.22162959619297,-0.793689207903867,0.780077657125339,0.268257933903404
7,-2.10941629108411,2.02630722113895,-2.26851913015024,-2.95699884597518,1.94991006079564,2.34652273586285,0.447764706114956,1.27935149862811,0.964551245044033,3.98739381950039,1.28072373808773,1.79845201263739,1.33450333252518,1.93297780066735,0.646234183412806,-2.01785917114708,2.22772723900341,2.09873140565547,-2.43444520389592,0.103006090440765,2.87286299077861,-2.21792974354727,1.78080848169193,2.05809910486036,-1.96165765367942,1.31192116035842,-0.97011702941883,-1.62886975296669,1.60823499168585,3.13158921712271,-1.75768729657453,-1.64269790907247,-1.68728111958011,4.51029747762034,1.49836012205464,1.90506201407865,3.43828752098726,-2.22978084684801,1.31335626702082,0.340571958036601,1.2570959883303,2.48012432876185,0.712222200058558,0.99225858029968,1.54417276468912
3,-1.9393402251538,2.52959112311168,-1.5318057379701,-1.16906365423545,0.783615316572083,1.65252631954909,0.847481265736861,2.49989200733141,-0.666727402634187,1.34194210982771,-0.198747115350191,-1.23989016202998,-1.17380494167586,1.02919333789599,2.07992612672133,-0.830483079317135,0.306070048896285,0.294968042292602,-1.8144242941883,-3.06522507333993,0.856616266521908,-1.77732114360095,-0.007848221098425,0.84002599681757,-1.73248735483173,0.171463233704785,0.0158917778920791,-2.6563070166116,0.934870895647752,0.355868020482694,0.269293162738443,-1.78789580613508,-1.69168116458926,3.21872585759798,0.622259522251098,-0.824849248569592,1.34812909123249,-1.13814352584063,1.36699752147332,-1.79466169158714,0.848935035732975,2.96451146821557,-0.336664130703087,0.0209788142797307,0.548778249031761
7,-1.36298460499795,3.34962827055299,-3.08214336088598,-1.89891750860202,1.86995391317753,2.71339097001759,2.92867459978325,2.20964687958107,2.11120704838626,1.61609978154103,0.972366905724895,2.36490873456622,0.964750831852271,1.60423083321088,2.10312719182237,-1.9132106662583,2.29914421389252,0.338935923551636,-1.8153025992111,-0.51522608506618,1.33126339747001,-1.91735620534028,2.23104010642825,3.16818710984514,-1.6216864792196,0.0117907429971007,-1.7505513307797,-0.74814947720359,1.88909034231882,1.07344416258802,-3.4377729504533,-2.99387861176942,-2.56393624342888,3.48988722740895,1.01643633321927,1.76832900125051,0.977797564030755,-1.6821709157043,1.9972998330188,0.142817386185323,3.76130586094656,3.57332719790001,2.59162425853631,1.75030533676297,1.32877705989742
4,-1.93143262643505,2.79860185922978,-1.77306206563396,-0.0936082837604815,0.203826628988663,-0.0191151195113298,1.94807277290205,0.0855631864866725,0.401150581729857,2.04495373376495,1.04456466670736,-1.86514534547783,-0.795207546305586,0.0980605053064225,-1.08773230135381,0.859669160089881,1.05864229975075,-0.151642761782959,-1.18002206232693,-2.71266029646171,0.244750407260428,-1.56983124313316,0.286496764067312,0.6339536880775,-1.60733118947836,-0.809879671309675,-2.56470773014582,-3.20748653893999,2.18940273859511,1.41373008907245,1.51595909368619,0.38982125236701,-0.0489329186096336,2.60872623974714,0.0294436200377826,1.08827467286091,2.0308394044116,-1.40420492307047,-0.307961715503383,-1.84617516571097,-0.764652938754336,2.85937410544964,-0.652104927399522,0.448948795785427,2.77651456341648
7,-4.43059591063965,5.02302282566869,-3.32296713023278,-0.641623776136559,2.31430913368651,2.40986796376315,3.4619585271836,1.8145610421332,-1.34815486532275,1.25185650306813,1.99164574607514,0.0415438931726203,2.79596919792762,-0.23703119756815,1.17285511410098,-0.333794070871991,2.98705063139765,1.82221654618961,-1.21720106584251,-4.53367101356486,-1.52534860998653,-4.3159385287896,0.832279132576817,3.21701077019291,-0.537751263296938,1.10608580476929,0.373639107552761,-0.730104342759317,1.0539891502361,1.08252715307859,0.536341111981275,0.536057679958799,-1.67879403655142,2.97496688682001,-0.397562940820572,2.08652020104554,1.12761263456968,-0.957512215463778,0.0793431014229999,-3.4323314062623,1.45171642504666,5.68714104698355,-1.13420956257201,2.67606150005959,-0.185946589872727
7,-1.70058220976481,2.17465088196063,-1.93671825157719,-1.02246211924221,1.45277133636197,1.35661975886403,0.912914583375788,2.76826210324375,0.117990964616581,3.00234154295947,-0.51738417899705,-0.0402724701408116,1.47353003179484,-0.0408508169026154,2.33614141295777,-0.553400541438907,1.42509965750647,1.98466369872824,-0.479690936064999,-0.519062701438039,-0.231055023810184,-1.96635519704791,1.81714912364892,3.4312096968774,-2.06434636816081,1.69114239725576,-0.860316238105213,-0.693386783782871,2.23773520939989,2.65257607177469,-0.221764185397114,-0.228647692088945,-1.93589340772283,5.26834722683244,-1.34107097480642,0.0246662445539452,2.47721610605735,-2.27599244326137,0.024486505743159,-0.0119370783560957,4.40742751267957,2.6873508571641,1.12929647204039,1.22814438362228,-0.497090435603084
7,-0.737797116281124,1.93762812017824,-1.04416967807855,-2.28392582652225,0.944118652278107,1.58602216576169,1.91585580651862,1.93941561748588,-2.24120182967288,-0.368821221734343,1.25237425831846,2.25708691748043,0.724186242469475,1.70683739336549,2.06708391018998,-3.08465144856387,1.51476800977167,0.532184636729329,-0.895527293770975,-4.06131520916895,3.09744472557033,-0.677555297499661,2.96864695453175,2.95144360179089,0.304060226656075,0.306056134658348,0.434947853998928,-0.737644158556394,-0.0720001952807754,0.541519327663475,-1.67416780735607,-2.15426773099323,-1.74806269102776,0.243684946362641,0.747357740248777,1.55185837942219,0.519195818421762,0.301581614995543,0.503364218607144,-3.33819371839927,2.56734404285996,1.61318828004198,1.72945312021787,1.17391824178071,2.58353114673428
4,0.977956266144496,0.359764203701759,0.257032213274835,-3.46493810637567,-0.258907558404155,1.38126240618705,0.415580357865884,1.83935947222122,1.49451075632056,2.77346688950272,-0.847180798888928,2.80454415819788,-0.420922288251298,1.52268763741166,0.067919596505211,-1.43136258132505,-0.661257826102095,-0.379594226966709,-3.8040875643892,-1.9993495387125,2.05293085500307,0.793455347808746,1.13525133129292,2.60800597296125,-2.03550610019499,-0.86590293446796,-1.17041661703441,0.257093760211478,2.1206620039142,2.59576469673959,-2.66620715184777,-2.84690262569095,-0.736250794369246,4.95470647440003,1.35420590989246,-0.789089353950883,2.27685004733611,-1.85748741016827,1.46455795698435,-0.358621757612952,1.21013381414691,-0.549679365668602,0.820422989366759,-0.837723676341024,2.2796972396638
4,-3.37572286560103,4.11181341136149,-5.04468547548149,-2.55680976318906,3.04442293238753,3.42180884919943,5.50989244592293,2.498950669235,2.17903078883801,1.67088605811973,3.80434391586952,2.10473232499272,5.45419985816214,2.5028696310359,2.95495670786837,-2.4753559798208,3.66384105231472,4.09229922433564,-1.87344035754578,-1.15350212797064,3.27804532069116,-3.43871476157602,0.44323590924694,1.43240059231985,-1.69996336955173,4.83243535426725,-1.74562722289246,-0.932519288428717,1.5109984342321,2.42309118325654,-2.54432884143288,-2.4377055920526,-3.28497804748259,2.31613004813385,2.12649733204957,4.74554419524173,1.95413078094311,-1.70438558807195,2.02382920616089,-0.606404375648688,3.23890662231892,5.07178918588079,2.8911610089505,4.21011374365917,0.270606901002258
8,-2.17396965265281,1.81989379555443,-1.32738598891583,-1.76897333016358,0.848957808434315,1.93687578084501,0.653880821559686,-0.0005136082808833,-0.87254249727839,4.83924788935574,0.0262185836552787,0.953195892245668,-1.08444845372939,1.75226086555512,1.34043617753987,-1.89936363753168,0.163757435018445,-0.381899360667713,-0.505029743426191,-1.85190991798813,2.77686589012416,-2.15566910521103,2.25645663543818,3.42628307134388,-3.14703833170492,-0.946345817049175,-2.49638195134833,-1.48720905348052,3.37334082703812,4.16146593307235,-0.857385299640698,-2.12365745603612,-1.2825980862785,7.45216898621571,1.79233799758156,-0.004117760884591,4.48185157900617,-3.44258607234862,0.993329141712395,-1.56131139162786,1.97413375177651,1.78058917734203,1.9518310418592,-0.223231324838683,1.74234839119783
4,-0.552131404903222,2.38927855184005,-0.994488634682124,-1.33252630571353,1.41531457713011,1.51590019174157,1.27051060806621,1.92564543956959,0.78999705700117,0.476431818305448,1.54554475117565,0.48151308626736,0.986332579652519,1.50437072816378,1.40419414933877,-1.95069564465695,1.3193847573831,2.11114568034628,-0.4482427692581,-1.43496870519742,2.14618063862804,-0.919054823477214,0.761361377510344,1.95203232614384,0.387379339021853,0.864823455962915,0.761135813507708,-1.61864898192527,-0.532210169873845,-0.639146258994765,-1.63954473892086,-0.085365888261365,-1.63511482473523,1.84577254964371,0.934012444468552,1.36894542637838,0.268752056057379,0.466434043626707,1.76157812463076,-0.404709118817703,1.3992344890433,1.88563771395506,0.872928078828278,1.20605269734781,1.56213473984326
7,-2.64454716910039,3.55105677261241,-4.15679450398067,0.50267640670164,1.92428461507286,1.83570295554532,4.9199516291871,1.34825540431323,-0.693426747641819,2.80218539341186,3.75947254188832,-0.770330096344125,5.41151036228083,0.846763577582055,0.441856358000217,-0.07233630584438,4.35065173472526,4.37750545876981,-0.712478867903595,-2.70241803178399,0.219636048534835,-2.48237750225246,1.19014578990873,3.09719580824626,-1.82215766610219,3.7203582990008,-2.40703439996247,-1.14643938890946,2.22441189007956,3.48722155870591,-0.337692256121049,-0.340401963151532,-1.76310965658086,5.28809598520485,0.511899135697862,4.94749545000043,2.92608564845925,-2.06813463382146,1.30055761382834,-1.81273930923526,1.58150622320937,3.54599761146152,1.17473166792899,4.04077803562363,2.04432603861204
8,-1.81207399175569,1.19002552870155,-1.54401740580552,-0.984839715730234,0.730618892740737,1.8695733129435,2.74883923504646,3.28646771797685,-1.14541863132554,1.1061214556238,-0.129894109609115,-0.0025410812434142,1.88976194747198,0.675287269646012,2.96410499166993,-0.769457187779341,1.50394485322846,0.872066761580583,-1.24064497406068,-2.98251453334014,0.303340113779707,-1.76003881855826,2.99778078868816,3.73167688607964,-1.00222437186617,0.224245039177114,-0.310026852879557,0.597828910115692,1.15773945643339,1.22227223107328,-0.684626254555414,-0.836960427970513,-1.86134409595599,3.25931312038634,-0.185606072477745,-0.510053822703229,1.91475520581653,-1.19703286717572,0.37599418603718,-2.68294966528518,3.95135830710423,1.44357148834394,0.333760262055921,0.91249478200937,2.55802321603331
7,-2.1050072478184,2.60734860871111,-2.21493789446117,-3.3710999084021,1.84717510460634,0.759805726022623,1.51770624441881,2.46934373901891,-0.879532941925157,1.75025834917849,1.5381688050465,1.4502857610859,1.41221307967539,1.47615310047413,2.35329560193414,-2.31945451299671,1.3690327688079,2.81933133545719,-2.18219129262732,-2.41373704493654,1.60603791836849,-2.45026007727447,2.89529104084789,2.64301720271826,-1.6624086107513,1.93774152012117,-0.510853545761599,-2.75953114861375,1.65664321825881,2.0195350409001,-2.15317202680678,-2.5695706388119,-2.3536412345541,1.57200228458979,1.11045226324509,1.07411884811112,1.62814206087819,-1.63102973646768,2.18990006880864,-1.75155987289155,3.37280206311377,2.655032766376,2.35026833301004,1.37857729646941,-0.338861669049882
1,-1.21842559831232,1.62022221642561,-2.32566344016194,-3.37695462233271,2.21730536643135,1.15432907952537,2.72337119369489,2.53451398532894,-0.389428263585144,1.95635236124435,1.38387910365144,2.55433716868943,1.24073117925869,1.22900686226468,1.45185837355467,-3.02073544145493,2.42022069178434,2.74525941762122,-1.86953372990441,-1.52226142303145,2.00164750333856,-0.660983034640328,-0.500530644293833,0.158270922055011,-1.35971468729565,1.84158803005158,-1.71224011510859,-2.94069379590028,2.28112819902929,1.5638910849866,-2.90155836145153,-2.49334832298816,-2.48564528903399,3.39882608489975,0.519492909741793,1.13137708646203,1.83717350654718,-1.7279160820013,1.64856722775804,-1.55844175469468,2.30726503298089,1.67241063932592,3.07814659368063,1.46889939643482,1.31748436125125
3,0.698312809917514,-1.07112620365504,0.0508013047121505,-3.7006698180101,1.09370040898564,2.71509128985353,-0.351993468967206,1.38851057500257,-0.335003987578939,2.38114483406886,-0.350809004072368,4.92566958307185,-0.716424176179122,2.80069469507253,0.193080078560291,-4.16785320531495,-0.428925586411792,0.330689884027991,-4.20327417882843,-2.50437321492764,4.20505642441683,0.490628096665232,1.3013195784799,0.358562667821079,-1.10995149370541,-0.118830574318565,-0.92748879080286,-0.360743793894776,1.14727203337214,2.27615902634619,-5.03973693527086,-3.15166562189141,-0.568984027588844,3.31529225380889,3.23265796890985,-1.0962451329434,1.95482696803174,-1.80828943959402,3.42810927204798,-2.15643558385808,1.27674501057595,-1.48250414043733,5.56209239004608,-0.754281529532113,0.490874655195809
8,-0.154330235172325,0.440116641001469,0.150844626201804,-1.09300851948894,0.359434974054497,2.37351207500013,-0.0211596582883378,0.709319223347025,0.176712963087946,2.76432041202879,-0.796932395737348,1.26984261120192,-1.71954490568958,1.96732645850277,-0.59345556678113,-1.94714940182717,-0.44395535470888,-0.791248030239259,-0.806412013353559,-2.17005064240327,2.553696227587,-0.0643092141190579,3.11459847948355,3.28023062384298,-2.85138419414414,-1.52246011261007,-2.1672889141839,-1.48703142280873,2.87332743257556,2.77129280200379,-0.768788070529077,-0.77245300100443,-0.920823329391171,4.6457194841899,2.05167854637217,-1.21538501129317,1.92347665522368,-2.79355880250189,2.38857447789939,-0.987480887583632,0.538860571577081,0.361418156627795,-0.879293313205064,-1.32504657656036,-0.360766442734297
2,-3.02039556177402,4.78937729484789,-4.84494455808411,-1.57672535245676,2.72525294019894,1.9357759951121,4.9022524947083,3.57970319017927,-0.349370923253951,1.53366253346771,2.42253027586327,1.41212903881705,2.2805192359617,1.0387820907947,2.63767059726906,-2.35085091367885,3.51270302202918,3.2622044701182,-1.64722914934039,-2.43189461757285,1.26792842619012,-3.18613094084015,-0.896781725713992,0.802799070795559,-1.48480429478305,2.66651731256921,-0.0725881092895603,-1.51119186128809,1.30970205421887,2.04984377255036,-1.32722495237261,-1.71454114103211,-3.32358711786376,3.2583295855028,0.3543292687304,3.14413377218461,2.1128117320241,-1.47656774307251,0.827950835578514,-1.34762421211735,1.73941355887354,5.24912303996963,2.03638372168455,3.70883809736974,0.0126762924117503
0,-2.55671147831836,3.32023134920867,-3.89219650118966,-2.83314457080222,2.20502807071622,3.15931866453498,4.38918517284475,1.32531774312943,1.01019925539911,3.67366625960038,2.85138836093388,4.00317507781847,3.32045243913455,2.19828855894292,1.0224717144851,-1.08898016125267,3.50539775594899,2.88726648510577,-0.97610250182954,-0.0236571419029741,3.33616618585123,-2.77201512181595,-2.95992277186947,-0.82058719933524,-1.75717985035019,2.56222178456332,-1.4666503447921,-2.24439642672563,2.0500175052143,2.63308342972463,-2.94242168332217,-2.8078146624822,-2.35551676179802,8.42974474701254,2.0367533730704,4.30230663901074,3.07666102114829,-2.08453336530028,2.26698570745009,0.382950609083393,2.14492727695949,3.63043734145601,2.2745798841888,3.32979604799827,2.26745615213889
2,-0.85294463485486,0.260846651904549,-0.724940903068144,-2.03645631516133,0.776433099686044,2.01196161687178,1.11265883435165,0.679515711846662,0.282594994754262,2.48108843398741,0.137974330238392,0.763834027544317,-0.823300802978069,1.30607214491429,0.372408109484428,-1.68179246356634,0.844399181895793,-0.561100878772445,-0.563706870832683,-2.92741841484416,1.57152646096285,-1.09085888053951,-0.008458961361626,0.589669995139602,-2.016134457515,-1.58719631745617,-2.39461984245522,-0.956804492483573,1.93162192611685,2.35793277877284,-1.22652406568297,-1.95165625025771,-0.665433788512876,4.38707477131344,1.37417382358449,0.261313532626485,2.45988817712263,-1.95138411994211,1.15344685249171,-1.54099168518621,1.61453466112844,0.408015069129984,1.43187097207083,-0.0098454892033148,0.798286025625784
8,0.433298593933102,0.163565545208531,0.0466688757062559,-0.760013290748308,-0.916258922715824,1.52069355819254,0.148529075430994,0.109720696029108,2.52286015600924,4.45335189152389,-1.57091177042895,-0.961434146940861,-2.61102183439653,1.09366569659649,-0.238056735228566,-0.596083007132381,-1.00823130786191,-2.66187692620454,-0.943079506972137,-1.9527506975835,0.13404649409359,0.233182132579292,2.45872398247126,2.38310153247114,-3.22301417488412,-3.43940680564007,-1.52458131020879,0.191640969629338,3.19921123430217,4.05734256421729,0.159931695817309,0.312885785959165,-0.209597774881196,7.14913750672967,1.29767871802746,-1.72181021232104,4.1983737028927,-2.80849377955854,-0.0212361613371449,-0.399851365641494,1.21650796159058,-0.49421350210296,0.418954279960899,-1.53855508225541,0.643303425012264
4,-2.51114262251811,2.99630826364247,-3.14694510646468,-1.77356240276638,1.89875788390653,1.99768302802414,2.1706188395557,2.81480251282532,-1.37887136054622,2.43965325416278,3.02767188652395,2.23645739529481,2.78621816617909,1.57667588875562,3.48627549584874,-0.716938044864071,2.31415092534578,2.84227092819972,-1.54788103482531,-4.33181682139161,2.04649641622331,-2.78427218493072,0.200313058993187,1.49615613202805,-0.878480019887209,2.78491707599335,0.298677142366128,-2.26332765976345,0.675685928123752,0.945004345763568,-1.99267617072212,-0.90361445609658,-2.33244193608118,4.11590410030149,0.74522151047712,3.24376024734587,2.24923446975851,-0.923721861804418,1.47625129754819,-3.02402404347273,2.77545386581003,3.16743546460911,0.977143999953778,2.3768459987638,1.57653414546556
5,-2.69383777216009,2.29396393196633,-1.53230114109097,-1.60037344607453,0.852430633270702,2.9399777652384,2.00310921354926,1.90106699022261,-2.22872264297584,0.742881076101859,1.30665086568561,0.812397857717592,-0.31018024189362,2.71461147253227,1.0423779140107,-1.92495411702889,0.807153702417936,0.0107916501599898,-1.74702060880714,-4.60211325542872,4.21270812450086,-2.50479146995784,2.00927695473345,2.3515059423569,-1.99289808458303,-0.758804148636077,-0.750291144112596,-1.3000571621663,1.28909490281034,0.68928841814801,-1.95165377001978,-2.93699502282742,-1.17417362343413,2.87128143160262,2.24825444817301,0.693295387424266,1.07932994006084,-1.78637063238804,2.31568286552287,-3.65452798153098,3.16199105405567,2.35778964587738,1.33646915999775,0.611517047615722,1.91367603590773
4,-3.18119464301766,4.06131363853058,-3.20655632503466,0.31927976589459,1.64875459192351,1.10860731846764,3.25195331409345,4.18026176481253,0.219930143875671,2.02160617076972,0.376761120931854,0.852591018175156,2.04892607440171,0.663101219298986,2.73138996217825,-0.0638047541337726,2.03729272415023,3.02363188894728,-1.58572935818301,-0.722187448195692,-0.305106451454553,-3.13250360966882,-0.265950741207349,2.0424989155434,-1.10911338772034,2.00336296573972,-0.581169501311711,-4.4941563536308,0.973501038259202,1.15626186707648,0.806466638655393,1.26718110952427,-1.35378747491204,6.32613670131585,0.0859406535702318,1.50177748211659,2.41484414568856,-1.4931785294887,0.113680082247369,-0.296884426498823,3.08573662196402,4.73437515843127,1.36329023694974,1.60173808518614,0.133509949267712
8,1.80728200314043,-0.34956495625111,0.0363276111761179,-0.91863870048597,-0.176118281729324,3.46702732254326,1.68063587910487,0.384194230819847,-1.10102541600386,1.1297222385259,0.435200429808299,0.67636651324761,-0.118791312878113,1.53869187224525,-0.713832122133254,-0.536809091003212,0.372278978161493,0.303700077295911,-2.01216789643786,-2.90138697379426,1.12985592734837,1.40039535002521,3.3615801363298,3.52342916751458,-0.107261353825449,-0.439796875671064,1.07866251204318,0.185215736670029,0.162919726203969,0.782776758649641,-1.4399296412636,-1.90063051200799,-0.347703855374209,2.64471431696453,1.38335557704808,0.0813778252823772,1.49341696480642,-0.466305101217447,1.50043402138785,-2.21813105891976,1.02739551735934,-1.0372719379065,0.334572338168938,-0.0613193897724334,2.49255130616583
8,-1.53300448881252,1.70742984025498,-0.70520091220825,-1.12240797574503,0.802017371129775,0.640193965926266,1.96424209709491,2.82153134640258,2.25132274696594,1.83309380213141,-0.692079540591316,0.81578680395033,-0.41876585571028,-0.0279707113500893,2.55167442092587,-0.507625305162774,0.923235324346718,-0.374371830797592,-1.8453946606839,0.74341374973352,-1.22990695569866,-1.80258271049621,2.35082549297474,3.8593721550928,-1.34014224585708,-1.05480231177089,-0.897694114613496,-1.89754441224697,0.994115642544927,2.19100101726102,-0.962904121054652,-0.766515421384746,-1.60477992535907,2.7272302505529,-1.7014026052778,-0.490248321333554,1.08163187649342,-1.46991459831484,-0.549943596556896,0.899548539480911,2.88271467718437,1.51675410139329,1.54854164379855,-0.213488191125937,1.02134244324771
5,-1.37658882734959,2.16798068200718,-2.58962582803696,-2.40801692978822,1.1051972316713,1.93811763790804,3.0572947756063,0.35616333027191,-0.116731060596798,2.03542035768397,2.07888188822084,1.18678409217048,2.24904287954187,2.0459547805405,1.32072449048705,-1.45873436049781,2.43119712783995,2.47051371416266,-1.4309207914778,-1.98496317267092,3.18040491780895,-1.20402175682577,1.54118007391362,2.750752894227,-2.24387972032942,2.07839486652309,-0.877864382692877,-0.536380471452928,2.05050487102774,2.69660336592934,-2.22537539587651,-1.98164291412642,-1.87727303986779,3.12344365625205,2.05712746995942,2.31087336398073,1.22073312264997,-1.70870931921614,2.5934091195206,-1.08218170698949,2.55330083266562,1.94858371856457,1.34727475122652,1.76305628613895,-1.19642525413561
7,-1.46040261889511,3.94063636126608,-3.47914500224631,-0.596998420258254,2.14015180049222,0.841607374966724,3.70019845800718,2.50386752122465,0.258209108942739,2.48658995537931,1.56741833859655,0.298806448673239,2.29814570753627,0.990024331667898,2.58856643778344,-1.85887389400118,2.00668969376177,2.65055274504646,-0.730636363501338,-0.825184377612218,1.14375072083179,-1.90227850392636,1.27143155126136,2.37555254749514,-1.14206318727642,2.42426277582655,-1.47117145902995,-2.0819061573853,1.91889657026394,1.48971722702998,-1.03136053725693,-1.02419966474731,-3.01756372020193,4.61522823370342,-0.236725900353292,1.64977546342761,2.70457984434608,-1.63266874549909,0.336238420380912,-0.3990241159259,2.17622221808325,3.75024904341249,1.75794729748526,2.25114329984796,2.58532269562055
1,-0.704469436222043,0.972299826868018,-0.300653243627746,-1.65165071425206,0.932500997604806,1.38415604824457,0.404903328315253,1.55148545577592,-0.266607661573766,0.992158633691381,-0.0769343994795291,2.47978145156402,0.682047513505543,0.587615985669803,1.71923965227261,-2.25187669213665,1.24088731006345,1.89373541152073,-2.88016631540134,-2.20024575553746,0.437663558963674,-0.64329697108037,-1.16089938942881,0.0354784647623884,-0.904184556665052,1.20115883461736,0.265347966489011,-1.34755196370707,0.324643234459441,0.661818152678933,-2.16212698960417,-0.698129976575021,-1.21040222405102,3.36678919719638,-0.224077623955534,0.388414566058007,0.737249746048989,-0.707062926796452,1.68594038670758,-1.57235431116505,3.47055506727925,0.219148196119024,1.64387402223021,0.737245125209504,1.92339580545253
0,-2.52119824536476,2.62947141648364,-2.19933333374423,-2.18709353966154,1.7482713967985,2.67306509732496,2.59296258322126,2.53207413842203,-2.53377044296237,1.48265170955929,0.947009596892167,1.33142668820476,2.07652300647353,1.20784874195939,1.3057893574365,-1.26338473710418,2.14028379608582,1.24781882229965,-0.859629642524729,-4.69233674395236,1.27664399807038,-2.05736909711014,-3.64766850924767,-1.83831568880372,-1.81871754684789,1.14054707375311,-1.77995015307536,-4.94690994576399,2.07683942704065,1.9906707615187,-2.17441717424203,-0.617698519146274,-1.98610850414944,2.9735450795804,1.265987203035,1.11805245314535,1.513576394095,-1.60814682520926,1.79748882093696,-4.06621361883466,2.05805688951611,2.42554807521885,1.17842365990495,1.52465034190047,3.11775502251546
5,-3.16832608573148,3.15299740163196,-3.32168523215417,-1.24685634054571,1.65435029451476,1.51244358915816,5.05022921980965,2.58115433375223,0.631945939060047,0.95771795117858,2.5465813406467,1.16084849993052,2.77420885685963,1.37355371822506,1.06640961375899,-1.44079227345184,2.03961404397269,3.12708885951847,-0.370952802539883,-1.1559993203143,1.75637157299631,-3.07431278078945,0.918439851357151,1.23867522833022,-1.18154335769305,2.34168140768489,-0.601557745957985,-1.08103752629901,0.452494512294821,0.398119633933926,-1.0238968987627,-2.27043074818202,-1.87161033423239,2.48095826227651,0.95936306917642,3.00680855462023,1.53261257272423,-0.966322118467346,1.26954639039801,-0.898662081154999,1.89685636758292,3.74124308740592,1.20545851264977,2.13334468823211,1.17976497248357
9,-0.0304688876463269,1.34422375430697,-1.41967175375612,-1.57046675147972,0.870974016460592,2.11650111373312,2.17697896046303,1.79439464602161,-0.508175924801026,1.67019948551444,0.332513865049195,1.01691537512468,1.0232794837623,0.843414273885565,2.03778380024554,-1.77211828992206,1.44074919708606,0.400681507363681,-1.8436738854716,-2.59230646076647,1.15750573541254,-0.556365402834743,4.10281423420401,4.91008963509866,-1.33489679166974,-0.0019558650281252,0.0406469274636093,-0.490040242135608,0.238715815230811,0.317598751022686,-2.00056510639712,-1.61621253426282,-1.19880989267482,2.72193090199032,-0.151457315556102,0.797979874829659,1.46168871976156,-0.917270120319206,0.867620156682927,-1.60731431348314,1.69039913684214,0.987264109311634,1.66832055255181,1.29840640477444,0.397857199131424
0,0.553829231048931,0.149723587549797,-1.10617193642412,-0.797211382436735,-0.162636581329151,1.45849422118244,0.617635084659176,0.976808235113726,0.422541525797794,2.79340093554682,0.642891431568853,1.30245371372291,0.416850159259901,-0.183942523547843,-2.04540260768609,-1.84108807203623,0.381295481778966,0.528823217543959,-2.44981987944734,-0.355981082473679,-0.382217264226225,0.433081704728938,-1.71980302581812,-0.497632810904312,-2.07219808767331,0.0521497862295798,-1.23340913923895,-1.83141067109472,2.30266917298198,1.53896251099111,-1.59601890127093,-2.79148577582598,-0.217885720956577,4.31632366875124,1.22415888861123,0.583229987825264,2.51677510032192,-1.74058795240935,0.902633911660462,0.104725611691278,-0.622543932368081,-0.52085396023138,1.93171706564551,0.364776709866754,0.932331887088724
2,-0.68804398087959,1.01511261083307,-0.0802053760165529,-1.66125304889335,0.702139538134031,4.26514326495028,0.0035174831456757,0.457157005309831,2.51784097219104,2.42597823926998,-0.373397811753821,0.802361449460366,0.138293961457647,0.145755375241333,-0.505473061730265,-0.0849460962980238,0.0767659756289649,0.449370550106051,-1.63907865403148,-0.105999209272279,-0.0971962618457676,-1.06181209243731,-0.656975858526297,1.40218444458385,-2.63510730461987,0.205235304064367,-0.902968729565493,-1.43914226449848,1.76497353972375,3.29563473431713,-0.674847669537897,-2.24405718451074,-1.0615275566564,4.58176442312774,0.775300590664058,-0.0952522522521076,1.92037499772953,-2.04767008756365,0.882021087912349,0.744047508307008,1.12958539403479,0.899345022479814,0.159002643136806,-0.415126385791395,0.925231198009817
7,-3.10012200372247,3.28653091997324,-3.11278051883422,-1.95901489396426,0.985139276453666,0.613351234826338,3.91142165061931,2.81412722804839,3.32375435421781,2.00837383333257,2.08741632021541,0.66295567400222,2.27300418004343,0.434748561422838,3.1265827865981,0.572737118106743,2.27443902473984,2.19253322634008,0.341761135506768,1.52027992821382,0.652377848289589,-3.00638867108401,1.73659695059031,3.4606524568419,-1.68930538980568,1.89256125620192,-0.584997124453877,-0.357792992013271,1.19093729882488,2.6498529534565,0.323669098331769,-0.0291054017164899,-1.56259368467225,3.95100248141888,-0.642940826103036,2.56443001232721,2.92884704151061,-1.12781352387286,-0.512355097262085,2.08306886850748,3.88507116630445,3.50768305692621,-0.0163857815656101,2.54728268323697,2.1748557842845
2,-3.84501248037348,3.8208497478351,-3.00517140882254,-1.8176087714573,1.74998382482156,3.35455256753303,2.77608809085779,2.69657339783579,-2.57551821104827,0.775168145017122,1.42300352266303,1.1984814981596,1.80388527334217,1.18491660418885,2.27763518903933,-1.39433039722448,2.46620219985317,1.45333619899568,-0.886752838342684,-3.26684408478273,1.89851680195589,-3.6896459828999,-0.2304498077136,1.39076477281302,-0.894914276638951,1.47099868262972,0.272905638456676,-0.679014939848234,0.391571819570242,0.275860736946676,-0.655119408563736,-0.943599011336275,-2.31339958435192,1.62454127454179,0.102280490152946,1.53084205381371,1.61980560654795,-0.876257885484135,0.797651178029985,-2.8511723738315,1.42380671316935,4.39871544403704,2.45739450175875,1.82460580809027,3.28846301788406
7,-0.967866015001992,1.49505587559396,-0.560470684054913,-1.90975573369562,0.862182433317656,2.29105983868878,0.348444653972803,1.36132779329139,0.0087942888793347,2.97200279037789,-1.42683560800557,2.11740431907728,-0.77776626027748,1.44158384196265,1.3571206974646,-2.29106570733708,-1.03287330495437,-0.474384960386272,-2.04190935079633,-2.48314234342383,2.1594727450425,-1.26193233963656,1.96042646613352,3.10324191760709,-1.77855174733437,-1.29043859104592,-1.32954354702859,-1.6975243836277,2.85310773886712,2.56960161494682,-2.1095312620019,-2.33179037155524,-1.84104655191656,4.3733420036157,1.04295648551216,-1.52564063117521,2.22250134505067,-2.38301342048995,1.82243538932667,-1.39600789827947,2.45623707695112,1.20884568069385,1.09917476493222,-1.08406662533297,0.139876919056398
2,-2.77564364081106,2.13120416319232,-2.73140658675469,-1.56817631992133,1.0764135767373,0.449816369668438,3.5391280590881,1.45664182735586,-0.688699819433442,-0.347205566616007,1.2908790710267,0.406836081019906,2.58186188880189,0.775174540526842,3.30925259899243,-1.61909293283585,2.48281883202034,3.4568537656644,-1.74929169786396,-2.53821969980284,1.70858381700046,-2.81013516098867,0.155252873678847,0.507584001965173,0.269433606848198,2.59857697506446,-0.370238936309436,-1.92895088428003,-0.231965618281192,-0.786317874627555,-1.04313350654614,-0.724457727771845,-1.92449456621704,0.595163397102419,-0.163620263595896,1.27435765150942,0.525268616932249,-0.0231430307611691,-0.385880125196798,-2.17689937439907,2.47408741506393,2.59679826649274,1.41430302520305,2.09471890350073,0.848143388367753
2,-3.87545323085423,4.08600918295842,-3.00654185977593,-0.393083107117754,2.38516861112124,1.32349081885932,2.95739642802364,0.899741491127106,1.97386263149488,2.66181230428083,1.52770878848482,-0.21278094165659,2.68686792789483,0.309510056132153,1.6466332376531,-1.28507045438148,2.42473811040363,2.6202837456296,-1.51440867706863,-0.325715350761813,0.500168841786244,-3.64498069848785,-1.57614026708803,0.704315155566031,-2.61415326205879,1.9119863925201,-1.8350398443306,-1.93265542086105,2.08978825132089,2.5999263654779,-0.57536506321491,-1.53241408543407,-2.13308209282626,4.47129197123021,-0.024268868794784,2.30683029980365,2.30256412068423,-2.13597651015647,0.604777792554132,0.84935443355754,2.3591293028254,4.51205347156576,0.788247843852483,2.32214984838315,2.6161210605085
8,-1.03199817558169,1.73494977347528,-2.56022762331637,-2.79254442748693,1.33875889122722,4.08555347611369,2.58826539743048,3.81004504227214,0.717261443376635,0.706390900598996,1.39120962997889,3.02700841367582,1.84274484146088,1.82872658000349,2.05658213468971,-1.01346439192749,1.55214723571061,2.46788105728174,-1.44387573061406,-1.47027207874494,2.74390175584504,-0.723759359020039,3.56759977442004,3.799939085846,-0.874988230223424,1.81008829019412,-0.437719759839199,-0.526033505768549,0.64108730411238,0.434730006816059,-2.52859962640401,-2.15457035917909,-1.55010049415362,0.548839772944254,1.5149687571771,1.6501491075393,0.513384245638796,-0.48948930248309,1.24757451556,-0.841919676190414,2.76230615052429,1.699281943406,2.341616397205,1.50820115280126,0.623251805346469
6,-1.62796619763165,2.29136324993559,-2.03561300461325,-2.40003732686089,1.2935363437874,2.53856531000252,2.88660387460478,0.936342099213906,1.61244849853304,0.728428728883984,2.08536907827166,3.17239003126081,1.14411730236658,1.62253523029021,1.14736527879605,-0.956029909471366,1.60685757009344,1.94519156036641,-1.37585157025505,0.263026972630919,2.80849666908872,-1.55073591896921,1.95623963466866,2.60686993022361,-1.71398563614703,0.998634720110464,-0.188317619492888,0.413613126229451,0.779564234155455,1.42091942140623,-1.96778041299419,-2.28926088321502,-2.20634668325586,1.19856548919287,0.780314821752789,2.07439114299991,0.935484470616896,-1.3795199307347,1.4323662160381,0.955147972107039,1.41885218922606,1.80477378746907,1.82925599932599,1.14952148151477,1.86030511706982
8,-2.37839793995418,2.42388560579755,-1.38657003574024,-0.372039177433505,0.683199179192083,2.36995185639342,2.36824700516642,1.99665241524443,0.257975503053249,1.44969864910195,1.31158880318083,-0.0951134515671866,1.09941121312391,0.338040221990113,1.84471278192642,0.0124889456313773,2.10083227795591,1.45428032504731,-2.16696875087446,-1.79038696435104,-0.294027072312981,-2.43890402482751,2.41139834928758,3.00194543874456,-1.32552478470228,0.814049571907402,-0.724948877030135,-0.890339105896611,0.493729225576969,0.60071725280139,0.0981548511613354,-0.827339247214194,-1.22432528738426,1.13154667611586,-1.25336032599211,1.46401466467621,1.3058247995681,-1.05993202423676,-0.1356787188413,-1.13700897315891,3.25311479763944,2.42837108165761,0.322761587013046,1.49800047522378,1.21685487015176
0,-0.928809277332195,1.44965653212526,-1.94098517725595,-2.47496689953009,1.09355805359757,2.41024743358691,1.85086132050904,2.66402367425274,3.44650870374876,1.73438287590952,1.52096072805817,0.122784382014179,1.58216449590818,1.60751348684422,2.39405050550025,0.0232756389975006,1.79230132430819,2.61323787516993,-0.618533620624133,1.7190278821408,2.02174979903027,-1.07520080432184,-1.84874796367316,-2.06806645449863,-1.04641175920228,2.21950548695153,-0.138815941037945,-2.51004815012283,0.613474921253971,0.720091575297153,-1.80531992438304,-2.11486256537172,-1.83812342613939,0.482610300091366,0.887427847101742,0.614537733010917,2.17801471190236,-0.847413904787467,1.69138846060859,2.01744514761216,2.54417431542141,1.8511615553692,2.5653639661891,1.01965008229013,0.835398327955664
2,-1.35756234318923,1.82411838028281,0.355754745836571,-0.550341844563606,1.07734243537117,1.01544743647574,-1.79151058931622,1.82865592327548,-0.0215760963344622,3.06150605984456,-2.34180659829283,-0.156151717679992,-1.20399596253849,0.425316249433282,2.8827052185303,-0.137138928868211,-0.596839894960695,-0.315804099549805,-0.755709651875168,-2.01112770558573,0.493266777263944,-1.10617471731776,-0.938644522118205,0.94806505893819,-1.2059117491072,-1.51969416633748,-0.786691995270908,-4.17562247174877,1.5042625123436,1.28780864263802,1.02218246340816,0.86541026325387,-1.20041618437717,5.40544518908389,-0.140416473772735,-3.20585810712095,3.1451867492214,-1.53219597167515,0.494296862886475,-1.05997677127749,3.93826692946486,1.8939461847752,-1.05196373971162,-1.65350788639067,3.63789107868477
8,-3.49716874380775,2.53823298983618,-1.43060488727566,-1.36305326446618,1.53492226073545,-0.375046902053823,1.98740271913511,2.17116018070164,2.81457083814679,1.81050603001639,1.5437152848914,1.23058757046411,1.93824440050237,-0.237012578877596,0.5393421621748,-0.499190257648844,1.64272571995103,0.674657801977438,0.24169350878311,-0.190683779934571,-2.09491155419168,-2.98583102951677,2.21953764780767,2.85054209369742,-0.0429627437360101,0.890650718745749,-1.05640358021217,-0.655786336742783,0.663901430299861,0.264202833796022,-0.408864402476632,-0.658643464733838,-1.27472798432172,2.7247640320347,-0.716242685447649,1.94338732510393,1.20799219863784,-0.281607393934775,-0.449148882037592,0.529481450810525,1.59305496057976,3.19356907410881,0.809732600232099,1.1266595441336,3.6914210149155
6,-2.32553217919046,2.81301705097381,-3.11100064685631,-2.11621727601155,1.40050058083992,4.68187618146071,2.86088740108877,3.10057880551296,-4.17901168730539,1.36853200717858,2.17259287008033,1.13732364407853,3.1748449058601,1.67730405819366,2.46810918812672,-1.45001194998127,2.33088062393325,3.97386159064976,-2.13690371182162,-4.30923909648048,2.74262819480335,-2.78144515143462,2.05776505939443,2.69980889203113,-0.601185880843723,3.57054272021782,-0.90560839362153,-1.45524959160369,0.953698843766241,0.516833261242799,-0.929914193532663,-1.27378356118684,-2.23657053853497,1.65338735089565,1.69526531469391,2.37032029240973,1.80110339451759,-0.826902964978978,0.988998749417003,-4.00885638179845,3.09623207654958,3.32250548574556,0.189786950092497,2.2346063125898,1.30541308006604
0,-0.898957819442547,1.41343548963061,-1.39606449421643,-1.59919145024106,0.551105077783065,3.26391109990726,2.33219213976257,0.250776799724742,-0.324424101082271,1.06724535866382,1.08253181051815,0.273993034213513,1.06238066969303,0.751364164099651,0.039579357500955,-0.393044559034643,2.06139376789302,2.43726445347174,-0.854495684034533,-4.0984217515458,-0.143539377515905,-1.37896736542221,-0.972511551765475,0.117116412724104,-2.23181820154383,1.93315521960819,0.197809913550412,-2.89897569261355,0.811502360818418,1.03106137909502,-0.438493104701244,-0.926052743046131,-0.560962211641636,2.81430685399144,0.717031699351951,2.01326564267746,0.468257235191527,-1.12880499010091,1.0082548571514,-3.01056613637423,1.7901181274613,1.07916858032296,0.363384598137116,1.49953995698623,0.857612211469995
6,-2.38873950632014,2.52258201746511,-2.75496215305985,0.497288481023014,1.57459586208493,2.00708849744731,1.54586822015966,2.44776479008041,-1.30878372872977,2.86371663765444,1.75195997470144,0.632586555122499,1.31491988755768,0.845962699638879,1.39013973398605,-0.811570889973734,1.40279078464594,2.00403649675201,-3.31673036371281,-3.2242799070129,-0.273317200318243,-2.12832106138637,1.2884446257422,3.27857441750753,-2.59029794550208,1.24038102964791,-2.04830595019559,-2.29826316896651,2.13685750875075,2.1366166169062,-0.140559920235165,-0.222767985264296,-2.20253988131258,5.00005225515698,0.0901008540480155,2.04863592811531,2.28274122543426,-2.34775831567995,0.312639310537719,-1.97063948577615,2.83425567838286,2.98662904433682,-0.786041451023169,1.60522522346571,2.24558094109481
4,-1.12648331061456,3.44172171951513,-2.77672490599837,-2.07387811519997,2.23478917610479,-0.825169578399603,3.10404464455572,4.59676021631236,-0.586653290290426,0.272708802008417,2.20257208726992,1.1191092370466,2.7335016272738,0.287566064000755,3.91812825070469,-0.4071547637244,2.7151508528514,2.48427259846964,-2.92563961183794,-2.20696617956357,-1.44242851584523,-1.70086154839443,0.611220530183623,1.62793621407535,-1.24187818057535,2.26739643029751,-0.210802344773811,-2.30907403551083,0.717180205967011,1.05488216043103,-1.00054069644367,-1.58942106709324,-2.54557750558729,1.65294170071236,-1.69739417769094,2.51586589712287,0.348598307789862,-1.28061409879885,0.290843955164816,-1.62384260160047,4.15968582531751,3.24349347543448,1.21357377432998,2.77106475238626,3.2710994780631
3,-1.43063523337484,0.159889810973387,-0.374503975969675,-1.64220939751268,0.502915039539136,2.13129370556398,0.338843194972808,1.19707589150158,-0.534479286164562,1.06353247745813,-0.336073174566754,2.86924808335706,-0.765913788024377,1.08455393547901,-0.137228598643262,-2.36819235244966,-0.374310426701977,0.242198022445644,-1.21576075968997,-0.885256743514622,0.349409823070548,-1.60235645794542,0.67893280219154,0.274008015813539,-1.68666510511491,-0.687838391678537,-0.804099458440781,-1.59692937538459,1.49892592482835,1.79740602036893,-2.34954827963327,-1.20985398096736,-1.24696160945151,1.76031584056985,0.250744664348736,-1.04011856959281,1.22950461054098,-1.81099721748498,0.118103702269718,-0.431304681825739,-0.399264494801752,0.562525791133972,0.664629222503125,-0.511164152878291,1.48909679856737
0,-1.57025412907949,2.01075653700188,-1.82294350915037,-0.951152014318394,1.82343755484395,0.760671209988753,2.32770260638141,0.714976600005713,0.268167736008703,1.61409041953757,0.84015088794985,-0.202335245772363,1.96289474972733,1.0474684955122,1.46016853596556,-0.653607729042302,1.75644978173896,2.72382901658543,-2.012904387077,-1.68209348313692,0.713398894442356,-1.14226974296067,-1.14174400118326,-1.05375794907686,-0.61794410724509,1.69793630123774,0.21573602899919,-1.0788983598514,1.11647734563287,1.75496859635545,-1.16387551015615,-1.1815739384663,-2.38784955991221,1.13709077954833,0.468320053430163,0.72714938573641,1.28960428145115,-0.321917279811456,0.141229473037306,-0.986159048338555,2.86859611983448,2.26822715984189,2.04293665893336,1.40130804469536,1.04709509708972
4,-3.12064211208235,4.51330503508521,-4.40975776629387,-0.763964126357917,1.62775842713562,2.96440153903209,3.79941259807047,1.02285393564618,2.56914081439127,1.08619771404505,3.42563638857642,-0.258979854624085,4.31537157566994,0.93757877671008,1.11349984781507,0.427058402983831,4.5627330974459,4.00259043462634,1.27539057191319,0.355039818075894,1.22842892207475,-3.18558985607268,0.200457187786486,1.51124524224204,-2.18246868501007,3.66081349546592,-1.46123659719168,-1.69890827355631,1.48733990645647,2.4193932276888,0.872955189723982,-0.345502297442041,-1.0808178543687,0.664316652096934,0.547943965356638,4.5101720686635,1.44169723194304,-1.55826134522099,-0.0091507098754467,0.951838480873838,2.97145281386718,5.00608623869927,-0.897988130282987,4.18971184080801,1.3792389563475
1,-2.54590298116566,2.25846600397739,-1.79554158660457,-0.718794406266137,0.388367771569776,2.05052347385308,0.528058072698869,2.0643390366571,0.953917281367964,1.65447695996996,0.396935374976726,-0.277240246887089,-0.548378409955992,-0.171291553737476,0.81127287335195,0.441382878246368,0.852431055726658,-0.41258406985948,-0.780053018739631,-1.12842404583655,-1.14365435876827,-2.29043966308965,-1.56610778455861,0.0529693302479802,-1.14654821392079,-0.910867296262461,0.0613914308979963,-3.48988455905313,0.629458362821571,0.791631652268495,1.22100245399034,-0.286887259881476,0.0586654353612236,2.78025604650173,-1.13422766826354,0.91622510569784,1.04892701086833,-0.796073714423353,-0.990727383424872,-0.860941720529722,1.77851099930105,2.20316305647164,0.314703297745045,0.448302680946778,-2.51403133374719
2,-1.00775571753576,1.84172064007296,-0.953240956978331,-1.26590492653954,1.3733457268796,0.927587406564066,1.05972687290017,2.48146826195319,-0.554443483807127,2.39745875849977,-0.413414422085644,1.3834075494816,-0.47661895186827,1.57510172947571,0.654688187839458,-1.440504930882,0.426700970512661,-0.687944263794711,-2.16411696656811,-1.52094412060033,2.93101183170896,-1.52621275641371,0.149129532583309,-0.204945833890511,-1.9260434090186,-1.34942832444836,-0.802455011052177,-2.26316509842424,1.16339596622465,1.44292898883091,-2.1262232639475,-0.74161968097205,-1.50657260839704,4.21657041037658,1.13601721567796,-0.947384926028396,2.69056947911116,-1.64074391559802,1.35702196314049,-1.3557241949157,0.594094396189805,1.93328187438108,2.83922123766661,-0.430386392197543,1.93863889679664
0,1.1377473777341,-1.38064224974983,0.797903016711004,-2.40113007966586,0.409222846595953,1.71474726298252,0.765828049412483,2.1415963620211,-1.76747574745597,0.582243753042782,-0.541060999155335,3.19629224484384,-0.628726531507746,2.78342697583317,1.09984490434648,-1.86110982027518,0.248639638995567,0.20217231600204,-2.25263740129562,-3.1947854437677,4.08415451745072,0.879692001098322,-2.927975306673,-3.72181511726854,0.227889577569891,-0.983461928529288,2.41734785994379,-1.70129419614647,-0.74649500279685,-1.67963010312074,-3.1416009205109,-1.58817669290038,-0.785676782336946,-0.0276086196793925,3.04212695339241,-0.809371972462116,0.68535409535049,0.370803727023008,2.75287334547347,-2.150028969904,3.58865726994999,-1.65986855152446,1.42462561818857,-0.530074654861519,1.88621427498343
5,0.0799326448243982,0.771503973512158,-1.1394776080516,-1.1387590447244,0.459642134507508,1.3304546778338,2.06274926784554,2.41227175935846,0.10276737534934,1.48330187802376,0.521796310325067,1.72001118289694,1.00899476988115,0.308527141209104,1.44501385044348,-1.98833892233276,0.992403181389582,0.724014725401334,-0.436327176194348,-2.69423463820988,0.236045500032328,-0.337367692817269,1.11347969188568,1.78540417708167,-0.686472724372086,0.640949321175809,-1.54026263953276,-2.34137414848429,1.3095118995599,1.57756006197373,-0.929505333165169,-1.73530093554696,-1.12892878894057,3.0252994277463,-0.61523567075356,1.05797622220229,2.19198475302893,-1.05548266314235,0.627621119389847,-1.67803349276407,2.05094039047492,0.611196439838084,0.402371867338259,0.669098214009216,2.62617956011745
5,-4.27635386397902,6.25961527083081,-5.99143155887096,-1.44815488753507,3.94059515513213,2.34218094707863,5.51436570698797,3.71886550448536,-0.523221968820131,3.16768411813957,4.75174684560484,0.847627095628752,5.79880744824574,0.2341011513774,3.7019473534262,-0.77230767888955,4.77164262630968,4.12656246791619,-0.881445163959604,-4.09779348577013,0.274358159802841,-4.72108718176883,-0.383824063158789,3.16766485409479,-1.75012502629067,4.35232830811756,-0.953698044557875,-3.38155000039329,2.28173194804938,2.02824011612105,-1.05298225652831,-0.621660878100557,-3.95541219564011,5.21449724789785,-0.943519589756354,6.03599927522471,2.5474055253885,-1.74185736831029,0.782448853732929,-2.65112268012557,3.25873879918952,7.14955398448782,1.59434694722825,5.17713994975423,-2.59511573470324
1,-0.51013660096562,1.88051849331864,-1.70059786901709,-1.98600829896077,0.759656449739671,0.548103357761163,3.01125790774221,2.30119079845612,0.71687700970079,2.76543378725908,1.26633635094764,1.19315074499181,0.815696819355041,1.71826378745469,1.34467230655172,-1.76408042010084,1.28335044217987,1.46285104025386,-2.81686598188545,-0.586987683997252,0.943712389987068,-0.893350675967264,-0.742049413885791,0.503235216945076,-1.57168324961425,0.708091294298565,-1.60609179532453,-1.76183396866441,1.90840243047796,2.56968427876004,-1.41554821050644,-0.711286166483599,-1.3146392835731,4.55100400013804,1.43792900674345,1.0436159926831,2.48592272733778,-1.70633697545475,0.717859610152168,-0.29780439133961,3.80302892780895,1.49146402173302,0.93834279020064,0.955058914479507,2.47980747721245
0,0.944402372700875,0.515872459716381,-0.495396813775538,-0.657678289083629,1.28357791208341,1.20382391528245,0.457452244047575,1.68331385614832,-1.15213598595614,3.07246342793061,-0.446632628386212,2.00028335988402,-1.6911350399594,1.04058190713405,2.75641646034808,-1.77279778921167,-0.0437574547560995,-0.277799976866266,-2.31849053447679,-3.68290353554823,1.6182087741398,0.681718843816863,-1.95237906812366,-0.763700406555413,-1.80497887994641,-1.11789178233792,-1.13675700921976,-2.95413606052711,1.5590657491642,2.2571041432499,-2.21708721110622,-1.51378552263012,-2.21840256240835,4.78923276600109,-0.100150064856932,-0.656362823541545,2.51560484800751,-1.88636217968314,1.72275960765214,-2.72002936798017,2.72973738503024,0.172652413172188,0.529027864602478,-0.839239109892472,1.29477160836057
7,-2.06196361305657,2.8514061474689,-2.10335089804802,-0.739414871752139,1.28401170479287,2.5152981794706,3.08647024375632,2.21611977916486,-2.13021030881521,3.17668856895188,1.22099195656928,-0.561645658211202,1.56768566390225,1.19122451642713,1.39986896847495,0.0668818144176645,2.36242849248536,1.32083896067143,-0.740231271125392,-3.85985329446579,0.780132223029762,-2.0341585302751,1.47678496987692,3.38718607610156,-2.15417852432563,1.01753516714954,-1.38077303434139,-0.125095057172328,1.56958117285373,3.39189896465537,-0.47621834649707,-1.12327489387512,-1.42821728940912,5.70978790081618,0.383808998370904,2.18013813508269,2.19426963204845,-2.17546741747448,1.17278259942953,-3.28232195291303,2.5339006421435,3.1564598303898,0.642439384786134,1.73797733856956,3.78465868241669
2,0.0478730836700957,3.57003463797875,-3.13835025284042,-1.68092309500925,1.70757736477677,0.521167094956789,3.26435383890298,4.20739531037438,0.355546932565725,1.05660565026576,1.83530566560511,0.86891345493432,2.48370985249155,1.04384203770835,3.78823681200755,-1.41858652866063,2.83265629384269,3.13147238003783,-2.50816517985566,-1.67904627346541,1.89515883526637,-0.204021646511319,-0.682995522226604,0.784894755927416,-0.361562205014322,3.35956520913779,-0.593652858358861,-1.18550791242741,0.514251664232114,1.3979999185204,-0.938451594779395,-0.0712125955571368,-2.20728697572326,2.90384470175908,0.0961853644998198,2.410993616298,0.992882019062035,-1.0216759333897,0.593436945482068,-0.871105593982864,2.84653202976368,3.23959982017336,1.38143990456106,2.71528158151934,1.41192014558686
7,-1.02889780607129,1.69505760446894,-2.21272788943532,-1.40334744438584,1.56650549357669,1.70567833936204,1.41485406109,1.55216162972837,-0.567767488547339,1.00267248871989,0.328209843428667,0.676663534391889,1.53014364433861,1.10356539634253,1.74521324170668,-1.19065289956571,2.05388632151,-0.33176605556173,-0.877590869851131,-1.92126718044094,1.53136953541552,-1.41504037356686,2.0252976434393,3.02717915131723,-1.60474890006276,0.0360389397316671,-0.583840969650131,-1.07953545573627,0.848136382218853,1.92415176792448,-1.63878668830449,-2.35573936386486,-1.82496526542017,2.80193943905524,1.51757094225023,0.192331703008791,1.35349475116021,-1.31326307202221,1.50784963122663,-1.55673523571711,1.83289285216376,2.12664079481348,1.21231003761144,1.24305814590612,3.48911710411889
0,-0.823662634849638,0.872068675237543,-0.216390226756602,-2.54914011751376,1.57801098295193,2.09083804045674,0.340298095105696,3.188533531018,-0.0935483740656281,1.9897056165743,-0.875949281770366,0.704313001217939,-0.863662683057508,1.6652607062783,1.888719474678,-1.97632438442423,-0.266271168613868,0.275864470341234,-3.19499185712403,-2.80273859328565,2.3699671234695,-0.832341465598442,-2.6324537282637,-2.34588035958283,-1.46250012585802,-0.666145604548283,-0.289515132430132,-2.80508776927165,0.314517922291441,1.94470880654419,-1.97929899385575,-1.22890247826469,-1.93989936739845,3.53700783800299,1.05228777261664,-2.17283205457119,2.54506720778361,-1.49073087275612,1.41359539031379,-1.69372505876847,4.06692998542544,0.770152953314063,1.9473228129987,-1.05925116587515,1.14724324674653
6,-2.25279973492544,2.28729734726733,-1.8480041749055,-0.141882512683157,1.02416984989532,0.419168662864112,2.48440722873403,3.19488150084344,-0.264573616242527,0.765013675205896,1.89475609454076,-0.70038338021305,1.69664368995551,-0.743529757358679,2.34178781109597,0.153883601977511,2.84233825038049,2.60053568568836,-0.786605895655355,-1.94956089482695,-2.18302264609606,-2.08251373089426,1.28654536428901,2.39663511606882,-1.55702390681603,2.05934456441078,-0.378074150905984,-3.18708018510233,0.61108782525307,0.788559789514152,0.900304656558164,0.721634810172926,-1.68098564091444,1.5937624507444,-1.7031049597176,2.12076920460557,0.922571887466429,-1.47018390119895,-0.931416475371161,-0.754872416943886,3.0256037894069,2.87333517956546,-0.0445321747802737,1.95342938833741,-0.715083728085276
3,-1.52658366076626,1.51994004310739,-2.4862695506163,-1.95145488211927,1.37696151859705,1.03578774595747,3.09216482676964,1.41227868579012,1.11080141430993,2.28472367890039,2.56591223585056,0.447389230951901,2.27852942157896,0.0969162425267054,0.237228133717398,-1.01454473274569,2.72682819841565,3.21574761233894,-1.11611022608568,-1.01646225821628,0.783954915784236,-1.62211895624875,-0.141006838449033,1.21322507271418,-2.10391328281391,2.77851279815616,-1.00879398793344,-1.52320384531515,1.5329897370957,2.0030617891087,-0.334907642585237,-0.74355024671032,-1.2729065674354,4.0543614412073,-0.326654006137715,2.73438538049996,2.47980639973572,-2.03771669625856,0.155148440972738,-0.0611945381600999,1.74314299426627,1.84971924037186,1.39161167632582,2.3863613294808,1.03989445166684
4,-1.58273568651345,1.10290551573675,-0.558544772101835,-2.11909266358515,0.643083256166014,3.42458615122863,0.884366957745264,1.79345241226919,-1.14743539705815,1.61318245550836,0.463767241237365,0.443591332671968,-0.900392429338134,1.25133725720629,0.327190265247458,-1.26866000559639,1.09448552846587,0.180326422042875,-2.08454210737444,-2.91750300788741,1.26317773943726,-1.71568226259417,0.907968749485352,1.27839552081257,-0.769677975689866,-0.623665465670531,-1.19485260335013,-2.89656818255188,1.61578470534595,1.8761041952173,-1.21690646676545,-0.663536650672268,-1.54408399597097,2.09312546332548,0.978890595575257,0.424756058677526,1.59833685717651,-0.931731422933867,1.39434396997178,-2.06123678621905,2.6462200306055,1.07495033840101,1.0353018474598,0.245469625356952,2.72931343766604
0,-0.241468139870702,1.90471746812313,-1.60083976914614,-2.78946277615298,1.27396683417171,2.62401038966307,2.28990220467822,2.63729519273676,-0.316608686454564,1.51374511149414,0.676392811715792,2.37574348467787,1.6381160616139,2.40719623457252,0.946509827732832,-2.74345527763251,1.35374321390207,2.60227359294903,-0.906144581460246,-1.55441320558013,4.01386151600176,-0.182939409975685,-1.74320751266105,-1.92197117620808,-1.38316513432348,1.81348791514895,-0.92590432219281,-2.71697197633457,0.722127950550401,0.726585632803511,-2.34676267510511,-2.86288371921306,-2.05939313075654,2.13422896438255,2.21609131987667,0.580934723642573,1.52761037532567,-0.953483721579102,1.976756315129,-0.671693256375173,0.891525791840161,1.74343420097256,2.06185949235521,1.30779065853156,1.58694161676958
0,-4.87528968971427,4.98640366220571,-5.60594129630729,-1.10370532189815,2.1029708466697,0.620648204595925,6.21647251114674,1.48588279160498,0.633598867554442,0.623666417828158,3.98156725211617,-0.457413139030475,5.61028132865072,-0.0979831249970082,3.21080757493621,-0.942995527483108,4.40140978156911,5.4451926923296,-0.877821807526806,-1.92072702708895,-1.76970773190135,-4.61747688693206,-2.93673370560691,0.403401773755555,-0.657186480947304,5.31691590809161,0.887687564285916,-3.48088416320933,0.215649739254616,0.447071304121546,0.239664381819747,-1.31842506323484,-2.46337740924072,1.75762856576482,-1.52743357270576,4.94142900176658,0.433423178841037,-0.440417486906402,-0.517351463838077,-1.00675287811967,3.90510884850585,5.73020460380366,0.929098559714506,4.9374748212791,1.64800460819421
8,-3.21229226144036,3.97641546694928,-4.50466632308486,-1.30637527750255,2.49586674057524,1.21446851882056,5.86305375970353,3.91133704998202,1.81430847830003,3.29061023645322,2.16387387220461,1.91247278225535,4.01030185891781,2.78077905998179,3.75570699700359,-1.94176217212598,3.90267805957708,4.46836582324947,-1.04422823846293,-0.41786754343979,4.52993716577522,-3.00425247142277,2.70302278125038,2.94611290654788,-1.63754839166562,3.44190756103789,-1.9602630635574,-1.87118149538391,2.20978201731005,3.800937554786,-2.01716023488978,-2.52890560508897,-3.41067073791541,5.81065595318126,1.61441797560434,3.18920860230505,3.87446846914651,-2.43043959979484,1.6152154001317,0.359996085059329,2.62400059079744,4.39452761865111,2.18651480356247,3.86025245465706,1.3703006844015
0,-2.62271091698058,1.51873418344479,-1.34629032400896,-1.3464801989884,0.85271799411244,1.1092323772826,3.02692795981592,1.26938596346021,-0.0364437102961295,2.25870143080238,0.428200345903834,0.728754681641518,0.865560921402844,0.425716882176571,2.40979079816155,-1.56559812302308,1.35474678522768,2.20734025095981,1.50992872271371,-2.20881730275386,0.204256314197545,-2.68954212008378,-1.98602498251337,-0.748409071454745,-2.12580561760017,1.78915167631042,-1.37668809882515,-2.93765693069752,1.25332197809071,1.59298185943387,-0.222325496180646,-0.246618772640402,-1.25936798281376,4.36210836578646,0.184586451717618,0.017381962492375,2.44136084989405,-1.49773366162168,-0.126926660832885,-1.20253110012753,3.49742901704179,2.084797497965,0.0808687828627128,0.96775125062299,1.78239925457255
8,-2.22257527307763,2.06881527866415,-1.40873300663747,-2.08381386342706,1.33901218678889,1.88471495756503,2.27161286241413,1.03381513388229,-1.99042400276353,1.99040095166046,0.724144028383716,1.62682213718083,-0.164222472761869,1.56579944789103,0.278806218618894,-2.83064445548301,1.17378626397107,0.431504335362453,-1.75104346658192,-2.92078577971958,1.40788405540056,-2.24471350112324,2.9198390008222,3.041145900444,-1.58339898234231,-0.194438875399425,-2.31614845992963,-0.0295770386012886,2.02511050004184,2.6083981517882,-1.77406895838941,-1.39825761481258,-1.41453963519109,1.88149201791034,1.59152102564624,0.69191378358935,1.44516183384807,-1.46251595443594,1.52927416856925,-2.42341005925809,2.53028047176818,2.1779119849475,1.18285433369696,0.73711624523071,-2.07204993709798
3,-2.21602491765486,1.56376386276171,-2.17047880849173,-1.91306336468343,0.941832177342418,-0.331912577929363,2.13865069643867,2.7350101215674,-1.28112541713616,2.542800621554,0.716491789019998,-0.870329760704049,1.75921457867542,0.739431287704197,1.14058884664954,-0.442966289762507,1.20613964415054,2.55741453212934,-2.02913093731345,-1.9229977963834,0.281665488211293,-2.50601933942981,-0.509524339972724,0.633566263204457,-2.34121317760531,2.27618056663225,-1.75701774729588,-3.48953219180646,1.30765200184628,1.38856895262921,-0.249958117412612,-0.907617711491821,-1.60420334271478,4.99040895331991,0.230976472670045,1.09924694569668,2.68885555772107,-2.11750327530537,0.486171905667406,-1.5913089989897,2.57494841117234,1.98396086323033,0.433083760849317,1.10552846479721,2.76820082775259
2,0.390066069108776,0.489617215136118,-1.58350120955907,-2.62141921169489,1.22026698854452,2.43390198844719,3.44803982095503,4.61652622323657,1.66239589216466,1.05931245759893,0.940681364012845,1.92094076779837,1.87731604195099,2.38481418839367,3.39520588907232,-1.68638546160766,1.89774289318962,2.34947733284651,-3.01431760849407,-0.786305655940352,3.89862677069918,0.0378387051746303,0.556347862219944,0.32646809801753,-0.157815118322604,1.67593115960569,-0.36197024397093,-2.2128359394663,0.51353131727924,0.109694954673043,-3.45736136036972,-3.47993867320552,-2.65630353660116,1.2701120498595,1.66028173734223,0.0915945534024118,0.937506318559942,-0.412502566773923,2.14557733302144,-0.246066167256733,2.90457322918069,0.472476683050105,3.01903024254358,1.40493447797534,1.22392591174844
8,-3.99634830787405,5.21228687486554,-5.83357701918977,-3.28686520956297,4.04890807352533,1.79756490120721,6.05232032287696,4.56416082556332,-1.21895727741644,1.02919190957095,3.47246562221569,3.73409142746776,5.18166846626266,3.11211665741108,4.71687440984685,-3.3546055248707,4.69751284625634,4.93341109366204,-2.08110960374678,-3.03242372120369,4.41248781508458,-3.91191742060244,3.15650541607458,2.14601725377451,-0.526769284890111,4.44648837224349,-0.103684334667574,-1.06116403528776,1.4345366330265,1.35669549122369,-3.5302795166386,-1.8734995571267,-4.83672478447554,-0.0516702598776713,2.26654029824366,3.9259945468946,1.68668286505875,-0.959767364609829,2.70334906563278,-2.23819797267415,4.32679654199028,5.68388546240346,2.66813335257122,4.88230510979659,1.20954299534045
5,-0.902255363542608,0.894189965384858,-1.44975317662744,-2.19607887076288,0.236590478548816,2.04799926734729,0.631077154607868,0.151955657013117,1.55633533087168,2.49838957355184,1.18457574441439,0.235890813765598,-0.433712294946645,0.640313173089442,-0.893648325772754,-1.02225002696243,1.01990272729649,0.447722657260911,-0.164837214288793,0.26420434725823,1.00431651900731,-1.26728523198325,2.02921175999618,1.31725165844544,-0.791747177930317,-0.36317080480397,-1.71606786281998,-0.442354559813525,2.14344562958493,2.17005365170815,-0.545199292393973,-0.375879982528783,-0.313924880206741,4.47434372565694,0.872546998360038,1.50344122016244,2.28092998564311,-1.36030123232285,0.956133803939976,0.885215168836447,0.476560050669578,1.06186523037942,0.0867373852602464,0.713812584188764,0.12985590573878
1,-0.543098254174898,1.33022802962696,-2.06720327875029,-2.11744793480432,0.800589547717557,1.1386934782406,2.30531635479328,0.501183081473354,-1.1564055210304,2.59261664707933,0.844042014682643,1.26998136993899,-0.895366006271376,1.64339297438562,-0.633601074408957,-2.27312033562134,1.18269726841033,-0.118890167731549,-2.08785541944042,-2.92000647535625,2.03464345503751,-0.838167276958876,-0.418614372129914,0.880743258140644,-1.63221362993627,-0.885972282703544,-1.04836937855028,-1.85946050667635,1.57999720345161,2.38993436777552,-1.7126638445533,-2.77687818111246,-0.533104438753258,3.69676466414747,2.00901105482276,1.03560536548086,2.20206398943335,-1.73333340647727,1.82708022015452,-2.28460323485016,1.7332069693202,1.21436728659108,3.05566030926382,0.867831391774501,2.6629139140001
5,-1.63417464932788,3.49419053351746,-2.71835272105554,0.997181287532471,0.951249841613733,2.9664741586212,2.95798264204399,1.15761171484429,1.04603047934332,2.26400060798387,0.842632159551531,0.0070166958397019,2.08832929606543,-0.0075731225867339,1.64589546082635,-0.0443964464888678,1.92615548917833,3.7057485201093,-1.57710107935893,-0.134195656659371,-0.958993541503119,-1.87083776214036,0.591894424839074,2.62502364243368,-1.96575739905721,2.78369019102568,-1.69176415642458,-2.57915024412336,2.04384379987197,2.21822759889936,1.54687591741764,-0.267223811683652,-0.886515508856319,4.98091159787156,-0.781760166668946,1.37962030170463,2.72660618491583,-1.73358841205554,0.416137623834856,0.107113645765177,3.77844918212426,3.64006699567789,-1.10309580566351,1.44636374552565,0.718753802480442
8,-1.89603655347291,1.84642996037277,-1.48137556724784,-1.39711414498579,1.32920530765254,0.122590104951446,3.28855256987746,0.556208958386412,-0.188228244232439,0.947145313911729,0.408753565024276,0.935169860913596,0.208577862115834,0.412447529827062,1.18792102634282,-0.707915470395439,0.921870088489527,1.13519544615335,-0.359321337582899,-2.29362462496169,0.982157214676764,-1.45794511365527,2.91020753151918,2.83512332323466,-1.7843372877283,0.309365074862765,0.0107618101858094,-1.77199462837201,0.200425751430378,1.39177095102313,0.0423147828248934,-1.63528057075465,-1.43717011634924,2.53001840147682,-0.117587234049491,-0.0040309795225317,0.697473267711019,-0.711158029319365,-0.0708113746767464,-1.59573265003441,2.48143522389969,1.65138951327393,-1.0790397962411,0.957926513335158,2.87040325250363
6,-0.739681434239978,1.67704479966326,-1.79027842229648,-0.983746945233713,1.15023655871953,2.68512203442502,2.07174327424699,1.75611576072352,-1.41837969428074,1.91305928693018,0.991738029709194,1.29865928867549,-0.0079180957867499,1.04418845003414,2.61959167645273,-1.04415643041129,1.5018419839038,-0.664798077699472,-1.32162587802513,-2.4720143123478,2.35570897582814,-0.789333035745116,2.12272605333391,3.14108211268583,-2.52621681678752,-0.626523668880426,-0.546626144041783,-1.33731997158734,1.51948330459452,2.68838156531384,-1.21954399532025,-1.90008395918549,-2.13681595740777,2.65092404322587,-0.0305923468050151,1.0409274874348,1.5751942979013,-2.11968681394426,0.823898759312497,-1.757747849022,2.7862955236873,1.58233970756369,1.1247345289397,1.09704267297364,1.71345853170845
3,-1.778243463474,1.62601004941755,-2.07167956255508,-0.891902038122635,0.990875292831934,2.22521286928952,1.90097977379707,1.38558300387708,2.33763684886804,1.80552695373733,1.34789420962543,0.898517188177653,0.775081986625417,1.80242452030736,1.04574582757103,-1.84167961094675,1.38250922482446,0.769259913363408,-2.01786033179642,-0.883388025430585,3.00156863960206,-2.36824455791283,0.972923787488314,1.11866248493765,-1.58853879556449,0.308390782811812,-1.21753393878135,-1.36914794511843,1.12065890269557,0.901030821695778,-1.45547584383873,-1.76098411382545,-1.07790463040455,3.14444880779772,1.87704146840662,0.629621677335466,1.78191920985951,-1.23119024937917,1.04205535429243,0.124857830266135,1.82490302361344,1.56815825703089,1.06485065482138,1.08239086463954,0.762900552974914
0,-1.1485426074264,-0.776108016540341,-0.292964925925075,-3.64371022428255,0.760227589808471,3.78654028690451,-0.607284458770105,1.80051939506509,0.758781105570613,1.42778260877425,-0.447643313993348,3.46987469454392,-1.46438446152097,2.40082713824127,0.947645653273885,-3.06098384358308,-0.286936253457853,-0.891018382762484,-2.17133910591859,-1.16153717550112,2.88373526903676,-1.01331874216409,-0.513243840594601,-1.23361245062173,-1.73617057028962,-1.4117571938254,-0.638658061239355,-2.38809355535999,1.23228901218027,2.71166816182605,-4.04933178271634,-2.6876231427488,-1.96641058206527,1.77864707759896,2.35893854936923,-0.496359088436267,1.52707927702249,-1.35627246382516,2.46036927699188,-0.605199468679699,3.10738213697312,-1.05897413502435,2.86784561817513,-0.691043686701843,2.68241055006311
9,-3.20148878341758,4.05976387424013,-5.30251025083405,-2.61995500203898,2.46482187500372,4.55440848779855,6.12055864394445,3.03312782594976,-0.580783969514277,4.36483161324042,5.20348120473835,2.5419303731018,5.47244271980026,2.30068295989208,3.0146633835814,-2.58813490085695,4.05826937792006,4.81995380104338,-2.98374799298577,-1.61748912183472,3.6594978279681,-3.13577536974837,4.1396211262848,5.98085234974237,-2.62051797067002,4.47328622533292,-3.2762584925302,-1.38276046404425,2.91866311422894,3.52794507544892,-2.52115389865447,-2.20948592599525,-3.65964213393391,7.68698939466347,1.82628080072143,5.66365867502856,3.02536555179669,-2.44932830597872,1.76849523641149,-1.59935258189976,3.92927472101467,4.3134248477184,2.55255363023521,4.54510336772617,1.87327642052977
4,-1.77504576980944,1.96704109443729,-2.12457050343018,-0.573737301097649,1.11356661927453,1.84978759508542,2.12241515697632,2.13358482909733,1.74384109442497,2.45084355024169,0.378720407146571,0.804249153148416,1.10809823558789,0.34070587318777,2.16961036970486,0.126714018641158,1.8445959132563,1.96217598999345,-1.54900024909643,-0.790182541639296,-0.544704034183258,-2.04095121864348,0.30310847520468,1.53602071125534,-1.98904975519221,1.1811517565755,-1.12105659425271,0.219550476611718,1.02422990016707,2.48409395068664,-0.239205144355672,-0.42976573698689,-0.798364735800272,3.50493144503665,-0.822774155814567,0.812742581885526,2.56658891824215,-1.66032811965821,-0.284326258065185,-0.263154577210114,4.37345871838107,2.28824029441114,0.19001273241436,1.28064321407232,1.73231462894255
1,-1.36485271569765,1.73156267991638,-3.28855392455609,-2.17242468158527,1.52590084894188,1.78484911903702,4.88530516009894,2.89002863577797,-0.838086387218327,1.50370615471265,3.70994558330599,2.39630993847796,1.88362650719701,1.30907261713275,2.31212880898119,-1.78491552314063,3.85059785988622,3.6021674746008,-0.183756454569403,-3.37254551405129,0.902480884995139,-1.02253396213333,-0.673290765252243,-0.781784666058826,-0.519880679163499,2.282491348936,0.542892178560486,-1.91996467456398,-0.806125146663145,-0.694932418883655,-3.02366113614607,-2.20951776654549,-2.69491842694296,1.76973150537388,0.99652455166325,4.25860140701966,0.861823869478306,0.348809234631018,2.43152029300337,-2.65163229410349,4.68336499923886,1.72197032123842,1.3082655101761,3.6257534895697,1.34951767103229
0,0.347070057307997,-0.505792391046917,-2.15899333816383e-05,-1.71638635013634,0.0243990206331424,2.26823529111625,1.10859011218846,-0.857359464213138,-0.453120861772683,0.793473457522952,-1.22573301256421,1.1828665191606,0.0470435938817076,1.73779436670965,-0.673726201826788,-0.923910641926576,0.725420308473386,1.6624053843154,-2.597265696785,-4.18819642590513,0.951067673531207,0.0561860267594906,-0.902558450638375,-0.917973456662603,-1.05034109989983,0.570406195384232,0.346956844972142,-2.49148061495493,0.0683853487506901,1.42995833963596,-1.23363108334873,-0.265147098060626,-0.168165577136936,2.00812595264048,2.51450678214437,-1.1140197149704,0.775845388754412,-0.955545331751477,1.78198213826824,-2.90110346626262,0.738111678748659,-0.818589695626711,-0.378406191787409,-0.278415385153431,0.527317455058957
7,-3.70451173843976,3.38575549127221,-1.76543197235966,-1.33771660166408,1.85871470014309,0.944814697740201,3.29355747965376,2.78706405147636,2.86435390771906,1.81514073986061,0.885576726763759,0.376806885638468,0.85568532145697,1.42544747960838,1.96163673002264,-2.41869055220546,1.65825888917605,1.73774758805143,-1.78132535887312,0.811465905062431,2.81158808670067,-3.84038037833784,2.1049703491216,2.79625307588171,-0.796054780494855,0.651570415541819,-1.1359733270989,-1.30149423246451,1.10495207990796,1.63806719472059,-0.269776244165178,-1.31512247173818,-1.55037815546523,3.49544366959973,0.432104156351975,0.821562850586631,1.28471058394298,-1.20555634155693,0.144639507733438,1.331393909879,4.70514834008408,3.60628581939627,-1.07672024907613,1.23626947906021,2.67125673437846
3,-1.25388409023924,1.82099553845925,-2.07098676416835,-3.76073935783705,1.83882933017892,0.229354250539231,1.32843131481586,4.0767376858222,1.78930606981046,1.05266379128977,1.58914511344493,2.14870116238348,1.31474949522075,2.41894154823637,3.41097798781013,-3.5222170600577,2.00961215906014,1.82626485579528,-1.8355807569924,-0.317462956731213,4.1882653747167,-1.40239866769583,1.17203459627334,-0.534178144294528,-1.18333347888775,1.09723581424198,-1.01690214159256,-2.0890088076442,1.47268725234419,0.433313521718148,-3.26594833333463,-3.03721927478237,-2.40143905203345,1.70616905624473,1.57883165080867,1.31290082498917,0.838391295223178,-0.793587903047104,2.42908004087194,0.466895433243424,2.8059665042058,2.15695889493139,3.37747793518481,1.4519002120652,-0.881236032766058
2,-1.94690680641348,2.39847919010495,-1.238866532135,-0.133046920806396,0.907341780550017,0.818229188516153,1.01797396972339,0.438322695406027,-1.12956191720794,2.848745052459,0.705601313509312,-0.244903986747232,0.632800082699881,0.572348402623401,0.90014652018116,-0.31304788421848,1.25456895057454,1.79771800490491,-0.490845082842468,-3.18350134216366,-0.818999247921433,-1.81272781199874,-0.849457231537524,0.503663690733335,-2.69479440511044,0.767742787987855,-1.38025277364241,-2.29058186095887,1.97816190651007,2.98379476843052,0.470697113280465,-0.0390037707632219,-1.61295906497189,4.24119398614396,0.328600405571709,0.925737267011617,2.12434816222026,-2.55364594897066,-0.0035528660543164,-2.26325316567182,1.81172986638521,2.92054576330028,-0.171098704857929,0.341618533949967,4.25543153675482
6,-1.15187681282513,2.13422575684088,-0.949255596718153,-2.02983402720047,0.71093729662699,1.11384362353357,1.35037400782926,1.37815126926265,-1.38980547641538,0.276169341090752,0.508923502233924,1.32933676250072,-0.0951520178778595,2.65465056798577,-0.833722234227442,-0.458292107693167,1.38003915750823,0.578651033200112,-1.63062150080455,-2.70577392306038,2.54389011166478,-1.42735606389479,2.78401848028079,1.90410740689212,-0.129350107285365,0.0730581935388374,-0.13308982982523,-0.127173769573242,0.12418661182289,-0.201621564969444,-1.90671381488849,-1.81286261942029,-0.364443538823713,0.631688566824465,2.63350942751818,0.811885068526212,1.11623217671441,-0.02230233516886,2.02753352725149,-2.0923650946095,1.36135446940675,1.69741115923497,1.83309143412468,0.27300340012074,0.810744079747688
1,-2.13923509686968,2.24006625058023,-1.23572868880677,-1.33162671445395,0.997286695187919,0.488191309767803,2.19906124883275,2.71480359410792,0.492521241437359,1.8896872353335,0.856525988148554,-0.533565182358007,0.503297068968194,0.492632692639579,1.56626287633296,0.0671557065771556,1.12588772039596,2.14779731676759,-3.27282401821297,-0.778061509905075,1.28552500596289,-2.13344868643913,-1.24677156613229,-0.255287595329163,-0.697989431795855,1.24219839031148,0.510917872631456,-1.83695868563699,0.0024928453438782,0.633298754422284,-0.302172930041978,-1.30176098483728,-1.78797422649713,3.10149737265028,0.749782772142524,0.418461210266814,1.10101951429687,-0.706791629496805,1.34734098490016,-0.385198804729464,2.48549492897852,2.61517448872673,0.0389337822781606,0.936168693603218,1.29711904941741
1,-2.4583879269491,2.00577797020537,-2.46488637098082,-0.961648458372794,0.898625733028838,1.50803141182775,1.59463747441581,2.23718939704716,1.12333408200954,1.88783789654269,1.92830544537841,0.343121458934281,1.78497320000223,0.707929896270539,2.28297851431833,0.886742003748355,1.39191302071394,2.56891968482658,-1.64798727517151,0.711597437308824,0.731133400130242,-2.24998248113227,-1.19143566529724,-0.378320570700549,-1.19044213143118,2.1511101796948,-0.334550286368694,-1.54118139760311,0.998084049275396,-0.301927963839036,0.0004628207864192,0.156061867749083,-1.2004013845816,4.25394491757336,-0.330952135542708,2.29702609832952,0.720851932166171,-0.679773983004538,0.125224930397332,0.73172043194702,1.80963937354439,1.71229749707144,1.68985141686483,1.29747107479311,-0.107005557228125
3,-2.67926239450477,2.68128256716426,-3.13830765529974,-0.405576125911645,1.83951122823157,1.64073226410047,3.1964045648036,2.4451399803979,1.55036782253337,1.33165214259478,1.6627631648082,2.50293328514607,1.71584753496208,1.03587804088508,1.77391190598303,-3.09945976031941,2.58747288484695,3.18813844876242,-3.21432884071479,-1.06999443936544,1.89601930274659,-2.57336542286626,0.466259263071657,1.38730461882369,-0.852653836776524,2.15420927150868,-0.532536757444207,-1.77395662091094,1.14862951551772,1.72456813691956,-2.37861764547533,-0.89609985843206,-2.07317641437595,3.44930905532358,0.991243530807652,2.35072331789529,1.538652773519,-1.09133196890598,1.9639870303325,-0.632646648772535,3.51327182840678,3.08040840328468,3.14386076819474,1.98146606210251,-0.199071870026069
0,-1.77264955484853,2.9926671302875,-3.34159346594399,-1.84888241645847,2.44094342983321,0.565606182361543,3.85792735050975,1.45545156742996,-0.485668829445384,1.36898504015498,2.33440273843958,1.13764558417453,2.54940573325841,1.53639653065064,0.596816470830781,-2.1375050140349,2.29160484358389,3.56210536663509,-1.48884026108965,-1.88416577399156,2.35617570895753,-2.35944548795589,-1.1299344206373,-0.148766751016229,-2.1921258608136,2.87066371795231,-0.653684011895734,-2.1107437462733,2.20413668204135,2.75379497453312,-2.10765843250896,-2.05841848001498,-2.24288626713951,2.80883560559126,1.29510295993423,2.95360176723142,0.724538613620544,-1.79803554192085,1.72325249956894,-1.26947044005873,1.17302191244927,3.67371857708997,2.37929149464497,2.23126940533322,1.10729732542638
8,-3.18260684836868,3.3510781168854,-3.18673676225342,-2.34816838791234,2.68682169723461,1.72147968439727,3.08132833354481,3.97008258371752,0.963432819196376,2.04161507584806,2.78826010050332,1.97437878248378,3.16744066447288,1.52850153977704,1.68963153325012,-2.52833339534168,2.13004662742687,3.09779170426467,-2.46921648292951,-1.16230598135189,1.66618240058657,-2.83175109448533,3.03226730967084,4.536938886614,-1.10783900950464,3.00942133579738,0.0303395654352004,-0.62732729970739,0.845474510579613,1.75649279800305,-2.57233349280642,-2.44755324013169,-2.58248501994234,5.07144434375929,-0.0651842117103725,3.08798693517303,2.19905671538501,-1.1649386480956,1.53671264848552,-0.365763177154135,2.57019262344717,3.98920660549503,2.08389585391607,2.61950361357414,2.09152080244355
0,1.1864744654255,0.377841156422802,0.0980030691651711,-1.35469318411776,0.407637577444497,0.672367297243003,0.511240225542737,1.87089955982269,1.07007343392538,1.80204230833601,-0.568356255118251,0.374829933856794,-0.548370303760869,0.652472210096448,2.05811281173395,-1.06559016507479,0.296916255149309,0.442391420056148,-0.92509179621171,-0.964177459949831,-0.114991321730724,0.995977226515159,-3.78151883095022,-3.02199544549089,-1.43028276264518,-0.660418803533994,-0.729885616143603,-2.82228844893263,1.93748750154588,1.55666240594853,-1.12782439862678,-0.322495316932637,-0.913887409408593,1.27224826136618,-0.119864054992768,-1.7066165986904,2.08420203392055,-1.30531048759248,0.660996523632668,-0.42063857671751,2.76425441972417,-0.511486415681181,1.65760198981758,-0.20049906752736,2.41427738418347
0,-1.29221296193273,2.35172995386938,-2.63211632581473,-3.01048387665599,1.94277625880079,3.46427436247015,1.18260953072212,2.30882329700978,-0.0841125284429074,3.22028934952811,0.267661359451928,3.69114577901149,0.943868448281189,1.71149621310095,1.41792899442906,-4.11186127287807,1.38601513060018,1.54783086507614,-3.1444591653129,-0.829204931548045,1.72706789615865,-1.47764944636235,-2.72054782140763,-0.602182239544962,-2.64308256209119,1.06921495485897,-2.3209889028488,-3.85196122500479,3.14434156087249,3.02638365537033,-3.26753174499717,-3.90475489123677,-1.89058059599724,4.04183769449513,1.94035324128903,-0.402493909384756,1.74644374189192,-2.98062463917843,2.58122802878317,-0.758507841733427,2.50379568851741,2.16022238091242,3.08485917458235,0.755878920905129,0.175194783958343
7,-0.548994584859993,-0.140285422887492,-0.761276480087503,-2.73795517321309,0.533947884333556,1.75250212507786,-0.323211816318064,-0.19509901369468,1.2998272454335,1.4027098454303,0.242431575629766,0.521732886222785,-0.5742297827723,1.81968254478863,0.281080238172397,-2.63231488554641,0.347052615987188,-0.468230815495616,-3.17090216729365,-0.617516244737516,2.08142473219186,-0.292473854823229,2.51107037289648,1.58799085073947,-1.47337919735396,-1.25116239587257,-0.585349061407122,-1.46650426801438,1.6006750167933,1.21971699400608,-1.86867101787457,-1.95970731193147,-1.03020484118186,2.90050399702598,1.33999102382202,-0.527965834235522,1.4056235634717,-1.70991594605445,1.09719998614026,0.160241139387781,0.634168360664081,-0.662106663959046,1.44548671348897,-0.673151854779428,1.12766579760358
7,-3.32399534992555,5.0393713883107,-4.4877032620524,-1.19292169925961,2.70906512766289,3.15558567717029,3.69475155684079,4.46033806582764,0.910909346666803,2.40498686755153,3.14233945950362,0.839315916434223,3.00271487467001,1.18760919905006,3.0164123100141,-1.10158314041122,3.3414800487577,3.56361079175082,-0.347422456733065,-0.050499885743377,1.3218698971865,-2.88137306397498,1.37799243222966,3.09106669626908,-3.3006282666395,2.87102173104588,-1.8809705522243,-2.71479667063837,2.53510212216583,3.21259283450017,-0.705667841443771,-0.940652909063186,-2.32062451041771,4.34529702915975,0.0192652173717723,3.77786971394166,1.9088759726128,-2.83463686202399,0.400015561675705,0.289426609731855,2.23949277785682,5.43513229187256,0.89333414232489,3.1664274061945,2.30123841754259
0,0.922557246424072,-1.18775037046166,0.222244314248934,-2.42690934420303,-1.06922350529888,1.20524457323834,-0.804638119337108,0.564506573771345,-1.93125124882367,1.19709805719209,-1.30701805838072,0.783867842950958,-1.08761244317209,1.15222745035475,-1.01533799171252,-0.893037546421385,-0.59905602780848,1.22781001101436,-1.53394247034216,-3.77778283591844,2.02771988771058,0.475776912233351,-1.18111917740499,-1.36779741776082,-1.28274587277261,0.266802179307197,-0.125006287094575,-2.95241254436597,1.37193016941946,1.03027714313522,-0.928326309160066,-0.90034187606522,-0.237017328174172,2.31393459543963,1.17788520439437,-1.5995706875681,2.33213132179976,-1.19413197578623,0.824568598597863,-3.06984370635295,0.3272251986303,-1.64780124525908,1.20804560944709,-1.57945213732981,-0.537649934487516
2,-1.11007166535582,1.03883328250391,-2.55588562243427,-2.94792002925039,1.34569413313959,-0.155263923014967,4.65426692655906,1.73309647884578,-1.43245959916628,1.98911512896622,2.60208739154291,3.55711254405374,2.97427950940066,1.74026926081058,0.285271279592839,-2.86585634969891,2.78163393523278,2.54133957135848,-2.50646392174216,-3.14367133389638,1.70479944884222,-1.34320038426378,0.468201766085465,0.0004112750141593,-0.707841821801701,2.18359090834227,-0.237713137996944,-2.61021761725835,0.509993692348894,0.588110419453885,-3.98041609398437,-3.0405457516668,-1.87914172710227,3.75059171695782,1.69850294632664,3.95833543324865,1.76383533233511,-0.360071826005988,2.08232543733792,-2.64590828919851,0.512568655482012,1.14560192697032,5.86602781969975,2.83752521560684,3.46872766614453
4,-0.467649388726853,1.53235231748028,-2.17399785974443,-2.98364134380683,1.70425673974579,1.60007519209828,1.9234566738422,2.4224337945602,-0.225457379227197,1.63129468220223,0.136515343924252,3.56067801986765,-0.0658752190764152,2.32833005392773,4.0163419569308,-3.46143231948412,0.541387267028873,0.569167083340745,-3.27837498939637,-2.37599348363752,3.95953714671099,-0.787856071958708,1.15107148720132,2.16944957229751,-2.11400663307503,-0.0060465516258381,-0.799575070629707,-1.90807081588297,1.29923943591681,2.14076492981696,-3.09059579987478,-1.98110304078465,-3.11299101512371,3.81251986777034,1.46815829711722,0.185385793491415,1.38649113527384,-2.11695577399847,2.68174835116875,-1.78686390626821,5.26813197531402,1.35014692824944,1.99959953008384,0.657176133754296,-1.50830232479911
9,-1.65404999811573,2.58384692216527,-2.32466192855536,-1.41609474630372,1.00536903949199,2.41049185715347,3.6457989656091,2.50436477882142,1.99845010442793,1.96092945637485,1.30226324675474,0.598424461799011,1.48083996947582,1.20018922609871,1.47022361928576,-1.76723898810216,1.86254816382143,0.915292391203335,-1.16585372376888,-0.10807097383569,1.25182765395414,-1.64098698459973,4.19013999392584,4.99192547915826,-1.22534958456128,0.827376123077729,-0.300774606062177,-0.401993236345825,1.31360000973839,2.19404931941492,-0.681315145900354,-1.01907440134017,-0.993778892935328,3.70032330735422,1.27165001858895,1.97147788481982,2.02821323556689,-1.26280381734382,1.73357358803718,0.608780082816727,3.85409785066821,2.53667833503056,0.650834527360622,1.72112309698441,2.11028717209944
0,1.70733274840383,-1.69583023592358,1.52480999244536,-3.12712854248994,-0.857505234342725,2.34233331340722,-1.19329587207047,0.431181861581609,0.344933673383079,1.64182224437034,-0.640493491480283,2.44650929688135,-2.08668366958474,2.1173694764689,-0.806497014183925,-2.32635592275981,-0.41050688427288,-2.12401028867686,-1.93838197859922,-0.600902379463416,1.8337840835861,2.0672925779674,-0.78319554251518,-1.0234097101284,-0.472751290660061,-2.49833306669314,0.268384419017521,-1.94868422364748,1.07284112929645,0.680052149322179,-2.60419462745291,-1.15406414411592,0.432015598896626,2.4057810319847,3.47039691839252,-1.62903941948642,1.86501923445045,-0.689842903154102,2.37069293829281,-0.166235647705762,1.21058983955368,-3.15056152070268,2.28507678133122,-1.59886761696801,1.14301813906652
6,-0.720801993343009,3.00596329635231,-1.81463811213129,-0.956320663453819,1.42335437783928,1.76616952332003,2.18211070617272,4.27010792120296,-0.0937444038450347,1.91320900401035,0.622771999355574,0.840164184372707,0.606649591032249,1.72251261167299,3.02915763873208,-1.41988163743939,1.11318832085438,1.11204154568329,0.0645540774077162,-1.76265070031692,0.941270914654079,-0.854227080936061,1.33692342298185,1.48499426075348,-2.30510147278507,0.721031218164105,-1.8909305414346,-0.990124834558606,1.6666634888562,1.80442435112221,-0.862791884929708,-1.9737438388483,-1.50476686963725,2.60165593900777,0.431402185612784,0.424779064939515,1.64578733682801,-1.93379057124198,0.738562295511841,-0.844859154041585,2.71004671764667,2.98865959753283,1.54997039010375,0.68642529388486,0.317615893183838
9,0.114729864656999,0.172452953810478,-0.608027449638631,-2.45515160613026,0.699088372724207,2.3175642176384,0.518126529609123,1.07691288868637,-0.250365672387586,2.55946472032648,0.422014660232767,2.11884870047385,-0.152924500574498,2.24664407146578,1.5366662799566,-0.954319600834534,0.496549943554267,0.551079888325919,-0.81077574816915,-1.67568885554225,2.4248620798765,-0.108803380408165,4.71581072661147,4.17753561470867,0.185785598228658,0.252785223346532,0.579583795338768,-1.67971018622043,0.0398111108724507,0.608991988661965,-1.58275118078425,-0.813786358068565,-1.7290152043401,1.48007956783169,1.41333018752929,-0.0009472226479084,1.65824581727844,-0.571074356617543,1.61469453147063,-1.12326717623161,1.31263297024976,-0.285350748428382,0.586223343270832,0.0922645158574356,2.39955729726389
9,-1.31211872502154,1.57870153475164,-1.1380613284073,-3.06991844336191,1.18174328692924,2.14910028878745,1.84523680043413,2.10005568548697,2.16395832110894,1.46041903627026,0.155050468024474,2.52452737082429,-0.180616708950566,1.72603544029243,1.29137114747125,-2.19707517202493,1.5491971276566,0.180262534488687,-2.01215243613555,-1.48762932764876,2.02056119215261,-1.13405055349219,4.07664405883023,4.62579517308188,-1.60807420282587,-0.471240670226509,-1.92690359134908,-0.689951970484657,1.64061121439845,1.28559431386254,-2.55547967574624,-3.43915982201381,-1.42304285614198,2.52353838645658,2.19645709983382,0.27143886475372,1.37352410893978,-1.67916972504601,1.72169670191784,0.0811167525714074,2.18528715380508,1.27467031969493,3.15758025415741,0.660290184447695,0.422278878613246
0,-1.92506516058258,2.15810084849258,-3.38774092237204,-1.38868101298619,1.66766190585501,2.04614019690247,3.3225161446571,2.38501683647523,-1.73011014603898,1.88294625442345,2.66967194304559,1.54699364130497,2.06277860865509,1.98988523284049,1.98108871311774,-1.87534616752903,3.12877258473935,3.83431808399594,-1.76657816432644,-3.68310493913615,2.19664056303756,-1.45444620855778,-2.76738207183808,-0.938714660562455,-1.15272106111283,3.15177721901295,-1.85667714518962,-4.6420636494164,1.89810220687861,1.85614834826974,-2.16952112080213,-3.10842872585757,-2.68253320868689,3.13793037805445,1.4632039280324,3.16419440881605,1.97809814970819,-1.40556219209149,1.7856312661913,-2.92527510181475,3.14086510488086,2.54045615024034,2.47433814748751,2.7029366502004,0.925440039637143
1,-2.87379696090793,3.02914637010532,-1.42424238729726,-2.25718699164907,2.36849959819391,0.760531428254819,1.5933118379881,2.11259355672807,1.18771625308605,1.582095571559,-0.486600125873486,0.145841799905289,-0.414633401311613,0.935941705948001,2.67617147694109,-2.12942626213581,0.762403638541148,1.03448741199425,-0.812414876817704,-0.451926041668337,0.594290181798567,-2.99351199051251,-1.00769187272361,0.216451321870497,-2.3057187524064,0.0471342447567855,-1.50323989942423,-1.46718220624139,1.54643271828268,1.77838688046554,-0.73497862301126,-0.984071766222728,-3.07318620637262,2.84815236416591,-0.105957647211326,-0.676610558343136,2.14967395561436,-2.18713065642762,0.422053234438577,-0.117958239178697,4.38140010504769,3.83615822352227,1.86323932189778,0.593263118064114,1.15159614102512
7,-0.74523774289686,1.69884992655391,0.199673616826207,-2.72400832887422,1.24431462151118,1.91148975529656,0.255815673838264,1.56034606894741,-0.344030338095087,1.34404909272794,-0.914726893010102,0.278487313690121,-2.1898576498177,0.785570696514243,2.25100351470754,-2.0800782773529,-0.103496637015561,-0.647025895438913,-0.666159957265801,-2.19626039200216,0.022445231829816,-0.27113804905106,2.52062248234277,2.27422768874746,-0.878428409735926,-1.64108715459496,-1.72563542014074,-1.96095730143502,0.838877096659188,0.864770191725963,-2.15037525524164,-2.49542853956659,-1.97911700783107,1.25629423887859,-0.313170371641668,-1.5282407508542,1.43583513506645,-0.873944832427926,0.832748345514637,-1.3263469739076,3.45787433639158,0.860797133827713,1.01848185856302,-0.683429367784417,1.43524262601454
1,-0.333696744369801,0.80677194776916,-0.286507474916728,-1.15665318021842,0.597445047398424,1.0493333617926,0.605743648012949,2.05007101091751,2.14570420230968,0.938734984988451,-0.516857343935478,-0.368001538376222,-0.975749927152789,0.9946880645237,0.60204596031069,-0.620879238346522,0.104232937007569,0.898950723620789,-2.0819535835129,-0.482060203196331,0.438795649304571,-0.198525811899755,-0.393586532609276,0.361947795093097,-1.0625398327307,-0.568389436445101,-1.43699454270872,-1.97668766821281,1.53272357494392,0.99815747410457,-0.595958625007588,-0.995164823170454,-0.709288799577231,1.31934083189641,0.799213775971146,-1.05866664035748,1.43786680055447,-1.39744506804126,1.17458026092874,0.422867595290372,2.30866345317591,0.399841935095032,0.499680512017496,-0.501386842581931,1.49151513262552
6,0.493622852946445,-0.104606782141072,-1.0139989076898,-3.0232343616071,0.822914473259414,1.32449429279958,1.57305328235698,3.20340294653718,0.937348357576512,0.607591835279819,0.632796891619451,1.20744104917116,0.303721568887569,1.65771250684477,1.53896775143148,-2.16555590623792,1.06032795172354,0.933489891417233,-2.36669601092676,-0.307321888702203,1.4096364595927,0.167569633142436,2.81343756023453,3.28315918900565,-0.568829076052838,0.143199566757767,0.233242623370359,-0.117263668293727,0.0266866449062735,1.63292357976383,-2.02394537528963,-0.504238027879119,-1.75662956479425,2.91613716992545,1.08699971121904,0.603326977429573,0.806185736950236,-0.796022073847386,1.36525135292885,-0.0921872775086989,2.82679753796778,-0.262034597803868,3.80065589239721,0.727105509896635,0.936631705515447
7,-2.6195367271608,3.75611395507107,-2.71127294827956,-1.31026041220321,1.58112878415398,0.412891136623551,2.28345546361036,2.42041259308548,0.919651992174753,3.19948166578051,0.650444228106098,-1.28673129410265,1.35831753833495,0.541618799229167,1.48656923949015,-0.997077525671416,2.19924225566995,2.54021666881371,-2.20065878520561,-0.616461436873853,0.352342598108012,-2.54739651816334,1.15102439001801,2.0691208875421,-2.47085939386975,1.43167241358767,-1.13234106221667,-0.666040681676684,2.09824062562358,3.50730619335431,0.101052726668689,-0.594160858343183,-1.8044137069736,6.04489357682063,0.0551377962262219,0.616410794321845,2.48224086210849,-2.95957833882645,0.934728672288884,-0.159441284160888,2.53012323468502,4.2401985027273,-0.210340389217044,1.30106281215673,1.65478455800554
4,-0.558558443628414,1.23763606724725,-2.66089054846664,-0.658353635290412,0.940775633731454,1.44159848392851,2.81422659165343,3.90063056475905,-0.949915565571082,2.29120276347151,0.919579917206714,0.498029218751097,1.75908944849275,1.95617434490176,2.5971252034807,-2.28121846346431,0.975298506121452,2.31662850765993,-0.644362733769248,-1.61884358081173,2.65205474525813,-0.921081705772983,0.940615052342033,1.37043024124278,-1.87925243999244,2.59283949959997,-1.43039677310648,-2.38707530587909,0.906871851059459,1.65090958141434,-1.09005967217,0.190229601942206,-1.63255835405884,2.70248400237943,0.898093464419254,0.226296322597204,2.18889015579949,-1.68919692947166,1.55213945339478,-1.55093367673905,2.57796225901926,1.81326695397242,1.01428216002634,1.29077403760912,-0.387229494400278
5,-2.17318445046585,2.20093125068024,-3.10706678515492,-4.06286807745733,2.50843409442815,3.21019513717152,4.78183393604081,2.92420112170552,-1.48037637575842,2.33177425291354,1.7918014008472,3.39793959784335,2.22825770295895,1.53037135953276,1.7370208172881,-1.82708837615623,2.56757616401281,1.95041065348988,-2.30403537699728,-2.38633839188855,3.17739786200996,-2.46442707638377,1.2340248392552,2.33184732148723,-2.16846990544551,1.84784466333308,-0.490506904326517,-1.99173605945626,1.61071170538659,1.33200868571023,-4.10106495988507,-3.02739153691018,-2.18911298446057,3.97504778350337,1.07356032877455,1.94777451330459,2.62829497504034,-1.96731455149463,2.69462515068838,-1.873249963494,2.44326879732434,2.54871682745404,2.7132107454994,2.37705153290302,2.68744633846793
3,-1.4732416753453,2.39639983218373,-2.17288570498687,-2.58326182563609,1.77853725098516,2.19954096823697,2.79913927578581,1.02665239046415,-0.61018909884138,1.58832923316636,1.1781170563133,0.90335034139061,1.39634760468027,1.65154032430111,0.976834619504493,-1.39501837321806,2.17159999691162,2.91932163921577,-1.36018700288981,-3.07295978144095,1.78847678734184,-1.34339213116662,0.664853531528974,1.63309275455748,-2.1401301875907,2.35387337618215,-0.742868009744141,-1.77653818146373,1.14226852206906,0.804731755442351,-1.88812176214336,-2.28461540308545,-1.62880820551096,3.73620275608863,0.834106217822275,1.56910037179682,1.18751470290554,-1.45552187211618,1.00793755256054,-1.71173694208125,2.31246088064441,2.6155233230798,0.693200640173706,1.49183302193164,-1.03041858161429
1,0.551556797541625,0.693232899299204,-0.657616392176095,-2.11596311692361,0.585239121483694,1.96510286572673,1.19128353357544,0.357400310492082,-0.296133971404409,0.966983050828297,0.541942561436492,1.40664900075606,-0.619469224013546,2.55852327172993,-2.04010771627828,-0.944695780073235,0.244102561082369,-0.811544568350933,-2.36120948741674,-2.63665437265789,4.60612951141731,0.288429535598806,0.710817535185982,0.40427224759979,-1.61228897426559,-1.55171755651576,-3.11389932828524,-2.75215396830538,1.83644467611866,1.83314708288373,-1.92567367033697,-1.36066361608044,-0.787951770982516,3.81766696420367,3.43864365864567,1.49660610987819,0.722628693072906,-1.12891660322373,2.00989984699836,-1.68395121334586,-1.40484773636297,0.0116005599690816,1.07659279824898,0.461032872025894,1.92661630705744
2,-2.08913016019567,2.70373795023941,-2.28565932906161,-1.62710514720148,1.43268316707744,1.7359996175416,2.96128892607113,3.45787488762994,0.647180156151973,1.72454485400374,0.16773948888522,0.756244281984802,1.58360991966056,0.136921900324412,3.57032706118996,0.203472081557254,2.18776075336188,1.88671429180586,-1.8216549406411,-1.14189085407659,0.65772702286915,-2.13886916051466,-0.875342317795778,1.35081516842393,-1.25287935498798,1.57019739071287,-1.42709451257702,-0.89778418091449,1.43234912587023,0.32969802385692,-0.66462214646772,-0.312760704114772,-2.20903593746432,3.85896143247753,-1.1407624768027,1.10661642323415,1.20896666562872,-1.23885603932693,0.0794696438059533,-0.88942487745791,3.39768473900406,3.03353950957555,0.815823352304561,2.00086584871042,2.00459374300467
1,-1.00176352576558,0.51559553647748,-0.355558001470384,-0.977891160240477,-0.0734848503167189,1.43513356690094,2.00295581773595,0.511251668122605,0.378363303313485,3.94160129917652,0.30006019724241,1.7752930949152,-1.05606848550396,1.65332898384118,-0.158518088059835,0.0388593657574847,-0.478898911701776,-0.703656319325162,-0.725856781853299,-3.34424027618055,2.48292566385142,-0.0971489465658905,-1.44159960399291,0.455082286392885,-3.3690112530039,-1.08125718801462,-1.55844423807655,0.438224736173025,2.54290066989715,2.59842393225304,-0.973045829560076,-0.919361475458317,-0.659478253078451,7.74561213714972,1.32756020216777,-0.344953125122477,3.83395429024636,-2.25825233357477,1.23133534999715,-1.86435683355826,1.23401193848985,-0.250345237057977,1.30061338920943,-0.336185029426926,1.95655105100845
7,-1.14245454475332,1.61300131301979,-2.54908942813229,-4.17463703520406,2.3941227580193,0.928135306672894,2.51268475934386,2.9518764599062,0.504565041577189,1.84035667062006,1.25936155654499,4.28139905212823,1.62514363531066,2.45917780010145,2.19197435508959,-3.48966727416777,2.26676957984631,1.17888967717414,-2.00045581239905,-0.830941702133251,1.86974210217027,-1.41369936933573,2.33505238401654,2.64454134546239,-2.31015424124151,1.11595470661282,-0.538136219939941,-0.363847890790032,1.93833196762098,2.43225510458139,-3.94978668297052,-2.32630882310641,-2.84360562411865,2.12914034150441,1.70616495803513,2.08646619575192,2.02621489163709,-2.17712319110865,1.63791568015958,-0.250623829403239,1.92555271995589,1.72645967118174,4.91088550138788,2.10200198005478,0.370218784370102
7,-2.24607371191185,2.07327259350626,-2.07354970809334,-1.82086331603855,1.51459469012166,3.39481103747767,2.5104904207707,2.15238739430524,1.35020094734571,1.46979674610278,1.55648531734454,1.36722118726001,1.03206945719012,1.24361964834722,1.42684274156496,-0.77293095015419,2.12303085493759,2.21946887204315,-0.972949886177204,-0.830571853080842,1.93528331382671,-2.06914352127711,2.56068138322542,1.82754201418736,-1.12784267085849,1.20624768684823,-0.564896905262127,-1.50937720576211,0.712036295300648,1.07039448456552,-1.33805396912411,-1.4290123486644,-2.07608586717079,3.19103694459927,-0.416379152654578,0.922000641037197,1.30785935527233,-0.799275168546116,0.120368659254036,-0.12009639006725,3.8783388815154,2.60823312101162,1.98872584523562,1.24625424170081,1.33062356680882
9,-4.63059672171008,4.4600951954769,-4.05646391468273,-1.05357623357491,2.64674475530687,2.58244284071947,2.56650702952417,3.19308028218503,0.213624786295293,4.95308317344578,1.54536250430456,0.0006849000053101,1.2326676232107,1.07070797335537,2.92942658941961,-0.624782400405504,1.91621342786835,-0.102382323308031,-0.0779650035421043,-1.74396149734004,0.325240764761699,-4.24365027648822,3.7608073347215,5.47581376232072,-3.91641496738983,-0.403425000247476,-1.97982162058527,-0.839700302737351,3.4519107034047,4.61955031426243,-0.821359861560874,-1.72700255963545,-3.13977167043684,7.85788135313052,0.553499980602522,1.43789608475744,4.14736906717659,-3.65942224602442,0.823254832909022,-1.24498084681666,4.16191953365581,5.38330939765365,0.555954781499394,2.0438014522451,2.07485091838397
7,-2.34186321339517,2.02796589002216,-2.281911018433,-1.59110684797205,1.41859985936792,1.05019743827567,3.66048872619452,3.81588955505529,0.320857334137171,2.66823017658177,2.15167703344292,0.614929508106435,1.80686352011609,0.830877352457275,2.45696097275804,-1.36070158950532,2.01188717839228,1.91649366594376,-1.19928567756119,-1.04593904502322,-0.293398593651875,-2.15572492782124,2.41528817010625,2.29172883299312,-1.9567918961428,1.2025583045298,-1.35175610398,-0.785421184058373,1.36037264014641,2.17619127852095,-0.546675124380859,0.0102559088696771,-1.83999582367383,3.35164556861683,-0.0519863044414443,1.72179705019578,2.66787093740839,-1.86219563327897,0.615587389110114,-0.983804924267879,3.35894980384866,2.38011531362839,-0.187090565352499,1.9409810378086,2.08198355380342
9,-1.98965428541768,0.849728755079165,-0.806938208946887,-5.6847889835645,1.96373960320987,3.43726525089526,0.556971434880064,0.864236426235845,-2.35740626597589,2.28704822853018,-0.795468217568561,4.58756002293849,-1.53015570754621,3.56872876904177,0.640716903598289,-4.70332322714049,0.433701158378353,-0.91818400327754,-4.25669842031165,-2.60019536698234,6.56207990689415,-1.90356950973134,4.89191097781103,3.77633896459245,-1.30898052603736,-1.86722653356152,-1.63639332911314,0.0391896134102343,1.24587473709752,2.00750372563386,-5.45977620291332,-3.82105346820907,-2.29509395757531,3.52405954558247,4.47704536283016,-0.183384439062963,2.00475026682725,-1.52256467193249,3.18288593478647,-2.40022385062285,1.22744681199756,0.184723947061028,4.48195903897733,-0.0837899731502655,3.65906173453924
7,-0.496058068469677,0.35552440990643,-0.0302987435432109,-2.51892554770922,0.912076775811446,1.92492408750042,0.308097231046531,0.848243484237823,0.322072644751605,1.4680849112933,0.390039336211863,2.70575066300856,-1.17391087002094,1.76358811921525,-1.05151044202252,-2.46345934538699,0.302891318218042,0.294637858937652,-2.94808764550465,-1.06010033589232,1.98750056376693,-0.544659456357579,2.24981703796066,2.69957061586497,-2.18213756356426,-0.417517348413356,-2.18815235092315,-2.7975548296451,2.61439585755195,1.72770636507243,-3.75159775068127,-2.39626164077628,-0.90123280142663,2.83941544873392,1.41883688438688,-0.550748259004036,1.62480512427872,-1.92077668557676,2.13267813642912,-0.5771715960107,0.725544286095145,0.102658149777398,0.738186385087467,-0.75357275878069,0.275136741146191
9,0.452908759591477,1.63639038620245,-1.19170957624561,-2.28243430870781,0.612509471558826,3.46437042964012,1.79790579268022,1.04189239434934,0.15751056557162,2.27896365459774,0.733768975438206,1.61211423994094,-0.148531005611353,1.73651810019004,0.377969892223775,-1.0215284181468,1.22116414186875,0.138171828749599,-1.07291206613093,-3.06313008155338,2.41532969444148,-0.0039299720688375,4.07496479493266,3.83860671281941,-1.97002272334428,-0.829255027024475,-0.365024805134269,0.204677798937654,1.4623768691732,1.39280760372285,-0.626503763148373,-1.21494599416822,-0.865527382437958,2.73338091435714,2.0234527283636,1.09805033463961,1.34679980979947,-1.90986039563223,1.41283113557846,-1.933250613091,0.846824315973737,1.41963332329561,0.0319213475187141,0.363620162933921,2.89315441733068
2,0.208100100875767,0.398957606659412,-1.2664006594688,-1.78429010322675,1.063586385753,1.83534005011573,2.42629484644683,0.699209884509175,-0.823710259689086,2.16057406416548,0.890948555726273,2.35473210879347,0.206315964919539,2.52972708574524,0.700264060463337,-2.43932430615249,1.22217039956927,0.893845895503273,-1.45891147671303,-2.98290448008676,2.69350758006766,0.158184454928437,0.32785504447934,0.119545003116338,-1.89957082568897,0.229111388887955,-1.56645472043244,-1.490531658166,0.995452611705877,2.00157370185298,-3.18513422465778,-3.02456888202576,-1.47578230031641,3.10645065917636,2.23264940627791,1.00261342231805,2.69292175923011,-1.22766257874092,2.43535190242918,-2.07749005995433,0.66956726951441,-0.198634974673159,2.36718484197687,0.422159818591452,3.04826916563256
4,-0.577458398373378,1.0421325853378,0.103407393492898,-0.895062856912488,0.863202207027928,2.08060580033109,-1.53546691333113,1.72750820817785,-0.474001605053544,2.36501041227747,-1.04938798855544,1.56357150415982,-1.89096643566939,1.92056102106201,0.232549450630619,-1.84201397787579,-0.879717151423392,-1.18754072346737,-0.0409590377515232,-2.01999255988417,2.89285595279993,-0.324889646691317,1.73752091309198,1.83606021576581,-2.05859415115826,-2.11897497378054,-0.956303245491155,-1.42177154661614,1.79892522328723,2.1704055032704,-1.69645868697126,-2.73726614994919,-1.27509163867795,4.70884399677998,1.73692897982862,-1.48252341898162,1.89588432869138,-2.13319600268938,1.67144590245502,-1.43719157678062,2.41670200165497,0.621226840481542,1.89819664154037,-1.46128523015583,1.83034886857415
4,-1.88560280021849,2.28406231524949,-1.91126645711646,-1.68934259169235,1.54100779094671,3.73897355346543,1.69268880062884,2.52846920755615,0.0110608459167134,2.04211434396638,0.965040752897947,3.63031466966684,1.08830486451145,1.90765912819871,2.70556082128428,-2.40065324308294,1.48259879408696,1.17665627937229,-3.93479040115058,-1.366576318441,2.45314797780969,-1.67015916508354,0.871656451831333,2.15855585863652,-1.5488837376814,0.0969380600950089,-2.39623027012084,-0.572186012856501,1.60224697315669,1.48429868861895,-2.48078443834769,-2.37645163986913,-2.38454575022363,3.68446488500599,0.621386926090871,0.947252882540204,2.34289134714746,-1.23562601107716,1.01135352870385,-1.0793313921865,2.45344254587897,2.42148416180177,1.0675270053144,0.665349796805902,2.92241653231982
3,-2.24729776714404,2.85615147982608,-1.80646607665357,0.773896913949923,1.1332282089667,1.42399837899404,2.71259927960088,-1.12418242736284,-0.698174360530273,0.891903930479327,2.27716081118334,-0.547786288342093,2.04328453778674,0.913899488138727,-2.88740731449413,0.146916432717522,1.60466202534019,2.00111024167876,-0.148995264091463,-3.60971003102725,1.25939716388058,-2.38386857181308,0.668563030746772,1.52306170113282,0.0220251526279539,1.54291512547085,0.868324783802906,-0.648180167704659,-0.694911587691157,-0.394003506469104,0.424236905369261,-0.188892072677305,-0.341929275263966,2.53559759199586,1.84644549615638,3.2122322065534,1.15118233310056,0.0004822014760321,0.881271514852656,-1.92657131764939,0.139717408898365,3.2101773969162,-0.0445179811251643,1.32357200436854,3.20510864479487
7,-2.38560332513043,2.68301922734448,-2.94823395447133,-1.49357996836959,1.2269042617364,2.72184987538491,2.85444026104707,-0.444658743463045,2.35731713548917,2.5066857098963,2.33329590559504,1.63272867231266,3.0523068698633,0.764937517863584,1.53910504842609,-1.61508267030278,3.24926616341767,3.08059752730805,-1.4735652812173,-1.64445746383353,0.342035934864284,-2.20365001949154,1.3207271018835,3.75813995064244,-1.74570759976499,2.76448809477379,-0.21314409982727,0.219010208682663,1.81262730690476,1.84631607005622,-0.789854414565578,-1.39750090505085,-1.35593173122355,4.82517542024505,0.739035887772909,3.11787042137768,2.31365068575035,-1.24385093301001,0.0799161508377385,-0.215327201774076,2.49316248335448,2.99338728980202,1.63247063019961,2.54494211340926,0.245705600789194
1,-1.07531210675791,1.03168145962005,-0.912941562248298,-0.65052992931959,0.30121068779925,2.30552233975759,0.539947358679596,1.28524318986059,-1.21599041974246,1.34124576614844,-0.55086137651563,0.0130914835974585,-0.253254863919067,-0.25237809598784,0.542764657802293,-0.609949299482835,0.909681434973351,0.690530976485045,-0.790110715623122,-3.37659510239526,-2.0410067433749,-1.12065354067941,-1.25164812718252,-0.241672931618532,-1.66609466979043,-0.236215978157599,-0.929182439516862,-3.14402031832148,1.40953771072145,1.79493957319025,-0.146977744570568,0.622831264491235,-0.504890319952045,1.46947634950133,-0.648998967182299,0.0957339222941909,1.71614661026367,-1.50654700916372,-0.352130374424463,-2.62807675219317,2.36938097432161,0.776296537086049,1.14005266972398,0.259981491896571,0.665297262257918
3,0.0161668038648648,0.743822831489307,-1.66075766031203,-2.63842798435269,0.944804660014632,4.09161348304698,1.42421896314858,0.50299322719325,1.27947077467207,2.5086905842603,0.38260606144734,1.5427455499046,0.336805752840374,1.90106723130748,0.106640842356563,-1.75513523231503,0.890330090249324,0.706173964316766,-2.21842665527862,0.683304469919322,3.88152515065353,-0.12454698458401,0.823493768614003,2.15354824300663,-2.81483065721304,0.470185753063605,-1.67595814326403,-0.254677969526967,2.57609138914859,3.40960481055516,-2.48554823637205,-1.31859494545942,-1.72688873092756,4.87016211102582,2.53004788392553,0.717248377103916,1.93128088062299,-2.48589521573506,1.48144674686787,0.368438278213573,0.703548666364826,0.988979031216774,2.29290777660269,0.52463667477447,2.61502762335707
1,-1.03875847218012,1.78211092327422,-2.56138338967487,-2.14417301232156,0.962325010556814,1.7613280779121,2.5200229218251,1.37723842565545,1.7456612747526,0.778118403858308,1.43623817314541,1.32536588895468,1.04829862705785,1.62836782500931,2.00769941233839,-2.27728585065523,1.56065039457137,1.24340880690991,-2.40200917686379,0.827499124984773,2.80372018130704,-1.5351955869191,-0.381432216229859,-0.0195552189428786,-0.916670380274394,1.00211238855358,-0.17995144353924,-3.5693391711476,1.22599763392672,1.83109157947021,-1.91945994673215,-1.79198619928957,-1.08226469660577,3.05995707943339,1.42193384997333,1.10352888606703,0.636872772006287,-1.54647146390739,1.42961882203956,0.812460450633197,3.63847762365592,2.01936037448216,2.30767342060989,1.65118284694863,1.13004647773338
1,-0.242903457956331,0.215863712772927,-0.621446028061581,-3.35841555288609,0.472207525226083,3.31309447238483,-0.396118406711734,2.27896737609513,-0.323648828102276,1.49125921705147,-0.278774818562868,0.916011289723549,-0.981614106440523,1.138263202861,0.327978867349425,-1.00729578445771,0.733945991518396,0.816505517368498,-1.78181654438466,-2.85216358554244,1.5648998175562,-0.239896394182626,-0.543224511910189,0.0692084676362519,-1.45675160607627,0.163665104447573,-0.1935216101033,-2.42870345818644,0.214325965370643,1.44222673592035,-1.915054407569,-1.7896039958839,-0.652035992319327,2.0588214073604,1.33072579537732,-0.708364330379873,0.963329301454191,-0.920537275947248,1.25473192044741,-1.98550421031329,2.47222556029436,-0.0278057384173427,0.743105285917459,-0.435542343817021,-0.182143717809521
9,-1.78695268935353,2.85978834706821,-2.85943092090305,-1.26506548325354,1.93274266641107,0.695059152102356,3.34794185411619,3.725004867782,-0.164708633996256,2.03193614085775,1.35981874755471,1.01387965627097,0.399205541614009,0.863813899034502,4.1273205567226,-1.83784317253546,1.86698076847528,0.670435056207457,-0.90826690137994,0.322493132452063,1.77890112300261,-1.86992173767885,5.15003325571556,6.14290423435821,-1.71671888990227,0.332206141240099,-0.291044653853109,1.64630041799762,1.21342344459354,1.77064704321304,-0.856409964524042,-0.606806173716695,-2.8001544019687,2.72791902556334,-1.16742068064745,0.945539908606438,1.75054897610161,-1.37374269331979,0.0525066217586498,0.0518228364131025,2.88974292067393,2.99520486711714,1.23825396190515,1.50488695148259,-1.56455839889592
1,0.41485691180253,0.0890059439530356,-0.685395110562142,-1.52092712916591,0.603634985182952,1.86218435415787,2.54779255502801,1.94809446397553,0.434522794164181,1.31224098564475,0.696169325350461,2.61287202729569,-0.142937583971282,1.19485910389455,0.880372901026412,-1.51206032255924,1.08540125200011,0.0827105290819114,-2.95525297141345,-1.29434642820656,1.98838032731572,0.271142387350529,-0.897379763958467,0.947533579176733,-0.972834088016794,-0.52903895007344,0.498318174862781,-1.53295534944272,0.488441832405793,0.950783408265405,-2.08517729964541,-1.56757591564342,-1.09536187379107,3.00116171571412,0.843751389188678,0.96256942314535,1.19790987166608,-0.40767454718591,1.06989380635112,-0.516774083557904,2.29586025507505,-0.206460210304623,1.08647169201537,0.694928155552799,-1.94283970773528
9,-2.52452547625132,3.58005870228798,-2.53664865698137,-2.35038157419658,2.19006690336873,2.19050217595729,3.00054300717931,1.44197504333344,1.68430558891974,2.75194372593675,1.51966119253666,2.26084076975539,1.29560680598539,0.450943180651099,1.57672844294098,-0.997084250987653,2.14715616214191,2.05141170373592,-1.70590301565038,-0.577387016999488,0.439939923604763,-2.18777795439718,3.05929636198281,4.6548388431585,-1.48597794320104,1.29247113647608,0.277472344744935,-0.913889157132329,1.74816291096764,1.94384677341455,-1.77448821556522,-1.69021232616837,-2.71875395429439,5.83372612285049,-0.251863489989856,1.67389534376856,2.89453801902752,-2.12744913301267,0.596377263806422,-0.171612826026514,1.0242140595924,3.66651793564463,2.65005003018257,1.57521073711971,-0.0158019235981931
2,-1.35775063936282,2.02145175603841,-1.88297645209044,-2.29930735837959,1.0938702806543,2.2010460152846,2.09158419771377,1.29191519872423,1.0887496683683,4.13761637262217,1.44165930736004,0.994518109408157,-0.437966917511667,1.08055326754242,-0.117142600842083,-0.193400629351428,1.14637225506811,1.28629906482883,-1.3253936725967,-2.93933741782664,1.21625200983714,-1.65482682607013,-0.729596281292688,-0.291935259619514,-2.96937166272217,0.855164577923953,-1.95270341205248,-1.54801648178226,2.96573268772507,3.96172461930063,-0.67818875932509,-0.91851286223533,-0.974649556719932,6.05988158904812,1.10483320975126,1.55757494771284,3.86347627017056,-3.16760333540042,1.1017764843885,-1.43507686470828,3.18247730905247,2.26275776974729,1.40230648922548,0.767112533328081,2.34050597619059
9,-1.44587268245624,2.11260709768157,-1.81935246694162,-1.62376233153897,0.777106742157202,-0.24780411525176,0.810346355967945,1.74439069892813,2.2636879388674,2.30636269498674,1.03520219543077,0.760178397218977,0.767922464226493,-0.314753524490622,1.32364135356187,-0.832723395519014,1.34613375899804,0.330837446082734,-1.62735074216595,0.706730499492072,-1.23841949365068,-1.56024457188629,4.5420843287183,5.02366484934687,-2.25047274097216,-0.0519930587018099,-1.71058202362599,-0.973052891620162,1.75282764355732,2.9348974786697,0.419898247846676,0.080204818064287,-0.930358862666128,3.14928113656118,-1.04215535088695,0.356136796255077,1.98091880157323,-1.85510653048944,-0.360286321243298,0.986697929258994,1.64318013352505,2.32524297754507,0.0115905803865274,0.48922526041236,1.7840468696019
2,-4.29490897562768,3.79012654647238,-3.28775218309146,-1.23334309278769,2.75708870578332,2.66351923533087,3.87908105709867,2.68918498907726,-2.09954829462815,0.740016850602611,2.02877215250581,0.701271643684166,1.80631295658638,0.254009895450026,1.76009720671839,-1.82353987619376,2.73596487306256,1.50733330788753,-0.761751343458873,-4.60542051038884,-0.611773262903641,-4.36648162373576,-0.399778966910516,1.07822867474783,-1.22601921965982,1.23641547081434,-1.78521874281796,-0.57026144822201,0.656467430606292,2.18954022548462,-0.835922695829925,-1.11331050699948,-2.21122066986764,1.28037248455986,-0.448117976709206,1.7033780959838,0.961033514478756,-1.12196105283721,0.666636046512557,-3.18402972518001,0.857954697542576,5.01144821466507,0.450575592987959,2.42892872817724,4.50063040347352
0,-1.0807779642093,2.05723133234912,-1.66292677923372,-1.96886182268251,1.05125283606822,2.03132233551563,2.41239708269937,1.39212891816018,-0.781004275055971,2.13898347159575,0.970041539799155,1.47236568750912,0.82354204320594,0.0758534107936519,0.0057053936243028,-0.938505287721759,1.65843502518589,0.936685653553974,-1.63626477029382,-1.88674751209896,-1.20298419364732,-1.2246923031678,-2.49601774584596,-0.572125424087181,-2.83659322776227,0.128545977993865,-0.918854484400375,-4.05930748737451,2.55374273568829,2.9918724269557,-1.2225909255417,-0.884155351790743,-0.777606059363275,3.82864013046568,0.0759164224714479,1.8575111819897,2.55875401830938,-2.24641654418279,0.464456295080518,-1.61933848974525,2.48822437328794,1.95994539066007,1.02807158506174,1.18961726416093,1.89350818624909
8,-1.36041980617582,2.3026124538949,-1.78864290313717,-1.98638314298922,0.733485705769716,2.91892746076705,2.3060125156009,0.856092611596777,1.01627366330836,2.31074660217053,0.170411096694448,1.07194664619341,0.426518169993257,0.964299296258511,1.08282236623253,-2.3656063758583,1.52489681663074,1.30384312653788,-0.326086999037009,0.173089630346358,1.53104529141646,-1.57275364122194,2.70620246385472,2.99550969822863,-1.08891393654008,-0.221467669576338,-1.29234523119441,-1.12961179462021,1.15439716067082,0.913808957353571,-1.00861665737194,0.292975328633763,-1.53234666775739,3.78079970830641,-0.0224954542284868,0.214643022604164,2.77780106430128,-1.38090702955453,0.496711099252225,0.198243996448815,2.58686918309818,1.72528157101118,1.30597510298165,0.827718795664156,0.0151851952023232
8,-3.10866750504272,3.68564393584926,-2.58167608291861,-0.648664198149514,2.00167085053558,1.94260663963376,4.29420281710265,2.37928699848377,-1.26037715640039,1.02563215572926,2.20259351321488,-0.120429644668355,1.91245981448696,1.15738923485746,1.92245774247117,-0.955683399976701,2.53170545024639,2.23168001715196,-0.809543833326653,-3.27654200974981,1.04381336292151,-2.95433415497814,2.81110891109244,3.60387477360568,-1.01460340234548,1.61913297037108,0.0755879921311805,-1.30124903461166,-0.340334452931571,0.804318503354778,-0.309149063151022,-1.35581397468882,-2.16480981987184,2.77373767726337,0.388593969793986,2.36785397657701,1.96166099017962,-0.212784634271664,1.54256667821917,-1.95682309951894,2.28770239138789,4.05006833007996,1.77038404711853,2.02413222646339,3.03204192277296
5,-0.159490733316239,1.77022388758636,-1.58732880042431,-1.49912542676944,1.27801220889852,0.674996914761239,2.89319907093936,3.76946024416864,0.826412126840593,0.802517304664768,0.759696103194353,1.78977538297867,1.7922413009923,1.15319707150056,1.96354692354168,-1.83010077171309,2.02544231553223,1.00926127918437,-1.95968428884066,-0.791648494425356,1.87949751779297,-0.368972808515056,1.75377412826324,1.61474255742126,-0.916343218499486,0.467860822265302,0.0914552283401695,-0.0386249280401024,0.508140232986917,1.288253248438,-1.98393664696808,-1.31191479770319,-1.48386864495308,1.09423641388765,-0.0256479932449389,0.402756455960963,1.13164527900317,-0.724877846060402,0.180041493665523,-0.136051938733292,3.88033729534356,1.30985300595538,1.98595666545267,1.25855036753676,2.48860734897267
6,-0.101353287766323,0.794693948792877,-1.54765165643366,-2.30050216117125,0.910639583773734,2.78903793580701,2.20815008260176,3.69464102906217,-1.17958115690334,1.57133292090777,-0.0452836280813574,-0.53020236514839,0.704393888238791,2.13209069147416,3.44708199448017,-0.642629000385574,0.526963513432654,1.59793858111825,-0.455371371802227,-4.78707950254257,2.83292473185651,-0.097505597845162,2.42458619944648,2.17473244953599,-2.16821080828081,1.01657982256997,-0.482282985585427,-1.65785577523315,0.538014076251015,1.92322455227158,-1.08900156802671,-0.808492420206951,-2.33398022933916,1.86055979923143,1.58314737452029,-0.736352392795027,0.991333606005068,-1.55649616318531,1.66674556610757,-3.65586038185937,2.87329826249343,0.730033609234381,1.1175998748134,0.324752948994452,1.04044550734945
8,-0.393870577384678,1.52009965012969,-0.871642309083807,-1.4184948645767,-0.0794399893891424,2.09610211587508,0.901626791981059,1.16965839218942,1.13265839785713,3.54372412634148,-1.18320414024646,-0.85834446808923,-0.991271096645405,0.401097094642794,0.826039011615268,-1.02122683205839,-0.220264951169834,-0.152091146113406,1.01314574978681,-0.0394954885952283,-0.775783166251384,-0.577041536039242,2.71162581598932,3.34053863888184,-3.55925866310448,-1.22852550786254,-2.48482983910971,-1.66212502391944,3.60979860950504,3.54300919593215,0.282161087433149,-0.104761348249285,-0.751311233345861,5.42100615366299,-0.0142751416762398,-1.60101203400995,3.28626140677228,-3.37211617482993,0.982027215609057,0.397958340745955,1.5591756163501,0.976784864310647,-0.933849774982243,-0.716460993050564,0.0807003044905053
7,-0.702135268226173,1.80217673454785,-2.59550971645147,-3.94374388744003,1.80331238343513,0.785275319855181,2.98288171567916,2.33692709769039,-0.484786845332645,2.09808089463642,1.436732213907,2.26744397439859,2.03842542431295,2.21961337976762,2.82597582770659,-1.92224079070239,1.71831208093201,2.2170240188755,-2.09870789626384,-3.00231035458071,2.60362996565337,-0.965826703522878,2.76926781061465,2.7286374980833,-1.52036193283659,1.50485678872678,-1.65930371119255,-0.306833998290454,1.56486215214791,1.43803746396409,-2.35285255412505,-1.18281764957064,-2.80584993369383,3.67895455503976,1.45688357329253,0.819141814360894,2.61888664229412,-1.76485472154336,1.86308975283376,-2.40030352611433,1.74131285840494,2.0064881233555,1.62956357670115,1.46948390352661,2.02869551366076
7,-2.10640301563047,0.529212400235781,-1.69211470959066,-3.07408225699396,1.22812348967086,2.34173034550371,1.43494135593537,3.08108958189438,0.259390660996202,2.64689764338273,-0.257973536890636,1.00828518294326,0.401311200062379,1.40408357830716,2.68953048416822,-2.25283299149322,1.28438142063626,1.16756991001142,-0.275095604789181,-1.05917090047152,0.761033237991552,-1.74286082733316,2.46572800443735,3.12680151660132,-1.14737290339764,0.46337604285634,-1.50640360912685,-1.88722437498658,1.13553459179455,1.57898759847776,-2.00784547504802,-0.769197520875498,-2.03253337102371,4.52073825643894,0.809833540462818,0.179854684073336,1.87179512943434,-1.43650402298987,1.88608535848071,-0.330542555464727,2.82660388101678,0.547489760278012,2.36822866225257,0.735250151007258,1.02761700093237
0,-2.22936641098604,3.27087056941722,-4.11322547533334,-0.674965922756859,1.11253222521087,1.69460692931055,3.37497707068592,1.12804372846995,1.49888110804342,1.03942441021535,3.19431931933554,-0.251315919910403,2.28604000705537,0.350882873837664,3.19391024247539,-0.723130595291908,3.96516970587243,1.93200828855965,-2.29190502835261,0.525057704673686,-0.0403732691626123,-2.14267889444436,-2.58109484723165,-1.17334367660361,-0.654552040502026,2.00818337433808,-0.948319460232814,-3.65723014417868,0.516114832178856,0.391276373835808,-0.470254815335945,-1.63234473157895,-1.96849168883988,1.38542188044816,-1.09248763259939,3.62376120073874,0.722289190085075,-0.693183427636623,-0.0521823131317526,0.688488367858365,3.67554951923599,3.03340897370821,-0.766378044829193,3.15439726524358,1.71973518272546
5,-0.268969973596711,1.74124833552979,-1.75646654061975,-1.71440221552668,1.27467606106471,1.55907303630262,1.25607632723587,2.92293663929536,0.163429048543194,3.66708678292703,-0.363991127613359,1.34083600422488,0.25947651956232,2.69136559320568,3.55238365614743,-1.90852383898045,0.551189285248681,0.438224389597491,-0.841806683322972,-1.92866619816859,3.62594277041489,-0.097615908253238,0.783396880240639,1.37624507325208,-2.18984925609747,0.155664373259613,-2.27260173318509,-1.33339631254909,2.71536901288115,3.17384557375655,-1.95829973611845,-1.71467402118038,-1.92214958953592,5.98842204498125,0.869467071003687,-0.682710329471323,3.52241930297373,-2.59682882149636,1.57607345270762,-1.53582336568641,3.33385154295646,1.55741443805379,1.80933535963231,0.564265047017417,1.02995175215749
8,-2.37071612223776,2.29372656557141,-3.16616792051074,-1.8593617269722,1.75187633534889,0.62933400141357,3.07172745794332,1.58857715405689,-0.134049498962947,1.63691885964633,2.29589452242903,2.46253165988356,2.48858661070124,1.34014459744208,1.01498389414078,-2.11496516936507,2.44546890363061,2.47851432504621,-1.08496390532524,-2.75183008896059,1.04444755256539,-2.31051989485193,3.09400656636474,3.61556585074809,-2.44881172329745,1.98527566284399,-1.88194057211424,0.564788856053073,1.42673253659505,1.07172473267014,-2.06447209112691,-2.85572245394916,-2.16935014970263,3.97746768082699,0.71726849740421,2.70888446616667,1.76762513146334,-1.71434046485121,1.68656587220587,-1.90204135040405,2.36165165585197,2.20772596772602,2.1098874736976,2.11625807403636,1.3882896783272
8,-0.249026491163197,1.09342846756914,-2.34200318886701,-1.34635507390024,0.958822478657679,1.97370741305933,2.70671375251715,2.81993058498048,1.43714272899171,2.48667035597382,0.759834330717893,0.58609622023054,1.83473172229949,1.00303518424492,1.02512494858926,-1.99016546410957,1.52585824638233,1.84091547730284,-1.89715962574651,0.227277752394706,0.521605391180162,-0.261932962338667,2.40284999547293,3.15683650425398,-2.00007052018664,1.47489575553287,-1.06444281964502,-1.42960027677303,2.13335935320862,2.21790030574792,-1.04664935024032,-1.18262692514098,-1.82433608029442,4.31540620201485,1.11206134268423,1.14800502747414,2.00051299420124,-1.79207995708359,1.57069494181373,0.519495414055322,3.40614099716964,1.40856247319032,1.1411771366444,1.36784649928086,-0.470657497516408
2,-1.20347351381821,2.03600940471741,-2.02265409303688,-1.76771146580509,1.0363329048782,2.74525370030199,2.91781314945794,1.71520489379269,0.0439759793008344,1.60369653890061,1.53232273122096,0.758357423935561,2.13274504643957,1.54831925675886,2.73199303956519,-1.23353269277714,2.72638115335326,3.09192718379735,0.683154325606154,-2.46573855279508,1.36047023624526,-0.826628202043378,0.103482515467171,0.624778802043206,-0.812117513880358,2.77494668649196,-1.24485606010297,-2.06636526459658,0.449201719556489,0.994305522175663,-1.39859802729876,-2.03112721102625,-1.62590872934691,4.05756776748229,1.17990509875533,1.86204128965762,2.18406497093083,-0.980690557140423,1.70644075743361,-1.47902255137864,4.27741464346944,1.94727318276534,2.24226065196539,2.17848190970557,0.746266266208193
1,-3.01241389732239,2.68251881675262,-1.46583751205538,-0.453953119941142,1.7159686783169,2.68739738999638,2.01947885365237,1.59261366626426,-0.701190671464578,0.686867860360069,1.64911624274488,0.947509757179059,1.4113293665285,0.272923186278615,2.76890905834973,-0.718375210879571,2.11969899093762,1.35595311177604,-0.0733207253044216,-2.81930122839166,-1.2030343749011,-2.7887890119456,-1.16238408809892,-0.877922635875783,0.136345294440593,1.40962195499256,0.903071651182841,-2.02414544739473,-0.955511522950032,0.665972026963368,-0.658363234286088,-2.09669296130157,-2.22796404982585,1.21803646943644,0.485077352601132,2.22055551212371,1.0760604437619,0.291806193208624,-0.836641419994809,-2.10338577176425,3.4650805775026,2.79006306486759,1.10257894643537,1.73027796895409,1.01773549204274
5,-2.62509351103428,3.73934540452403,-3.23285509265934,-0.1002798321914,1.77434042795687,0.929571083378527,3.1379379365129,2.88923021079816,1.00074905312728,2.8415120701746,1.73761154392475,-0.105337756680646,1.37972064314707,0.341962519941729,2.16584647763643,0.205655678539001,2.79824908998199,1.77252833008953,-0.13310450958719,-1.17917507480435,0.927623129292126,-2.29032006847114,0.213658218007576,2.89577905259182,-1.60830591370657,1.4008244665205,-1.82046998418793,-0.0986821074689046,2.10795555663895,3.05917215725677,0.759144048643466,-0.498387319079198,-1.91059846106298,5.14361077279548,-0.674308737616422,1.73341042738551,2.04917309814099,-2.24018037380859,-0.28036861624372,-0.339111957379381,4.03752028899354,4.11692205375105,0.311884420845178,2.02376166789356,-0.434606819126011
4,-0.79274445555747,1.02407361612403,-1.40997348215907,-1.16439490908604,0.520460543006034,0.871879087639252,0.81631066785233,1.90977936004194,1.80763122264806,2.41220856150134,1.09988537425351,0.207928922192512,0.542005567649294,0.526319298185361,1.31653679962833,-1.4810334093817,1.28369017453334,1.29123394127522,-0.518949730147186,-0.993416489550619,0.719507385078762,-1.02031014798289,0.329193623635714,1.59385555872842,-2.21439174899076,1.33892951831065,-0.541403426838218,-1.82824463583754,2.09686714239594,1.76401263927435,-0.709949835208984,-0.0768299345395668,-1.39600956229773,4.89905954968601,-0.248899898643193,0.636532873725478,1.38794946324518,-2.08284135282601,0.621857586374713,-0.244913817729849,2.82808086613553,1.08176901822655,0.741002516230648,0.627333950900442,1.65039129629167
7,0.868104745435129,-0.839853630401239,-0.317336545109335,-3.74557239547819,-0.104739515011154,1.90762229408189,1.04626648113163,1.28854374684386,-1.05331534066643,3.89764968110968,-0.269174815193992,2.69335420710243,-0.595992346091774,2.41349573477917,1.48760391975558,-2.53036812666622,0.454224126893058,1.13938151158122,-3.4396851892919,-2.35545024261903,2.80332938798159,0.70132757306069,3.6255138913666,3.94091630284726,-2.27456242018128,0.468770889016468,-0.0657845665797041,-0.673487177788268,0.813279739457988,2.22871246369836,-3.54529031618286,-3.71582470516363,-0.768219993195713,7.00012865340013,2.13824701822842,-1.14517336013578,3.16145372742247,-1.0323392194219,2.66520236965767,-2.09243054476958,2.4102910330642,-1.30052204864395,2.79527273619896,-0.0966764196115335,1.08862094125745
6,-0.0325061443174083,1.20265295204706,-0.73660312343212,-1.9492698790408,1.07615564118846,1.31815481262189,1.12109145408266,1.26784287022319,-1.78699854750347,3.11863996206751,0.221973662259309,1.96882498545748,0.0780999191177411,1.5596685472661,1.76877354142354,-2.33341566319397,1.43544759726078,-0.508515096889261,-1.59993576245847,-4.39327323841504,2.00471775600658,-0.125648643756171,1.27569181647551,2.03577428850362,-1.10575482162941,-0.847269790791263,-0.080293598751777,-1.13160694771117,0.881635857238739,1.80385494568906,-1.90157338986422,-1.42604605645704,-1.67523734852119,4.95583198222825,0.23857499087368,0.931328747925828,2.26971295994514,-0.784484150398396,1.23063623571497,-3.4885298366014,3.8857445987065,0.799328467657601,1.26743010702199,0.778584143180051,2.03522649321642
7,-2.62522520456144,1.17357507335357,-0.115023969933737,-0.125884379932205,0.366688746186377,2.09567107347315,-0.66409748885109,0.536695499149333,1.2219108879512,2.14715652953767,-0.556064929789529,0.409120060461561,-1.6814940556504,0.808260241765827,1.02132760811122,-0.318858773496267,-1.11773773774509,-0.195939857075588,-0.528479719142854,-1.43277039723482,0.113068292054052,-2.50497262874914,2.34957429890639,3.33961958233431,-1.6457729549274,-0.922341262883383,-0.744895274857001,-0.881730690428116,1.7918571903356,2.7684963463985,0.297202532137433,-0.0391589599785112,-1.04370235533813,3.12221915193142,-0.0521277239503807,-0.653866476085625,1.70839159328101,-1.37063158437748,-0.47222489888683,-0.560161386090727,0.846661792432319,1.21948211281337,-0.38808955920558,-0.993978090707718,0.749542976767116
1,-0.96440878880839,0.25863448688109,-0.275013858448361,-1.25655924306731,0.631330233114364,1.56069794427702,1.25474959664575,0.403037583191078,-0.229584264369737,1.70254147399823,0.0386334828544164,1.78361166776331,-0.329346288349659,0.398812129863412,1.54988776786209,-0.966297738580577,0.574625630585518,0.889543069474217,0.891990280598508,-2.1896552798354,0.216907266146777,-1.14628477258759,-1.2206842916817,-0.113713433427013,-0.634456389080332,0.0548544046745121,0.467806280784894,-2.76526092845858,0.410187802904509,0.591520934968088,-1.12403454739698,-0.910627009752162,-1.77689070657953,1.83694973241669,-0.583808574224676,0.352489639741606,2.05170131623622,-0.782911920098838,0.760268131208012,-1.63649903909937,2.6519227519467,0.438827029458844,1.09833781688394,0.247758921267935,0.307391894302846
3,-1.93766088071735,2.68915200783632,-3.01706797448884,-0.399906678291318,1.8785089755765,1.4641198982701,4.18956864569684,1.74792373536718,-2.46658622031358,1.95730954890034,2.63911679251347,1.79066921971524,2.71357655954958,1.94355805558535,1.21949619838739,-2.62122577788955,2.41296080714161,3.6318157928126,-0.962649677232378,-4.32113282928417,3.19159603937887,-1.88897511923583,0.32159797153163,1.34575701673766,-1.35838386562151,2.00894182363044,0.568730456261693,-2.68786605734027,1.41446680755829,1.79707347681548,-1.38529027761964,-1.39836562093863,-1.67984137290241,4.5351177698732,2.25479225594672,2.8420882427174,2.34009545840009,-1.24200522410806,1.75676067682692,-3.50935848228456,2.12978452957848,2.91561580252311,2.75570562759192,2.60630618438806,1.45383936137078
5,-1.71824870049612,2.56581774782729,-2.00595009622694,-0.339199637371337,1.34236945489854,-0.416331394920409,1.60522597486663,1.14622839510352,0.943569902035679,1.90871427321675,1.41296535903377,2.40623022502464,0.78939865460554,0.582847119170722,-0.466786884402491,-1.13433936609999,1.09256075009733,0.817381011253689,-1.30673921532999,0.558250604940483,1.28692869258532,-1.5835312423016,0.78533665017723,1.96125846289135,-1.15845785813498,0.0339401208283471,-0.999483983357143,-1.74887582748293,1.63504961008808,1.01179698474235,-0.587068380468922,-0.918384319813456,-1.38046387216698,2.89516650528149,0.888099150303223,1.0537222197686,1.65968172066139,-0.979111601520355,0.601299134820187,0.562243374234595,-0.708195792706064,2.95867947400992,0.10858651556506,1.0821206543972,2.49928559408785
0,0.965547331590217,-0.403109424235553,0.204841419701227,-0.835848701095768,-0.0020012210889646,3.20022276605861,-0.0800451373854004,1.05929385352738,0.0863084691765459,0.48048723756658,0.48985384524553,-0.743321174789986,-0.0587902719955393,1.19518564299987,-0.570977989082362,0.136602084780099,0.915616191145014,2.35562766754992,-1.21178163223811,-4.50074329344359,1.13332272663177,0.885096819249021,-0.486897981424344,-1.42551627402998,-0.669422949646662,1.1646446469863,0.381679345678811,-2.63554755977968,-0.25934822515567,-0.129588839939232,-1.35756617420444,-1.77278437456352,-0.590478982035748,0.897626184747697,0.926944190907652,-0.418942075280897,1.41473938114459,-0.17938389018345,1.66100997635963,-2.68882828726511,1.24337385751758,-0.868497185774695,0.471421169588455,-0.220155904205053,2.13462518994994
6,-0.457405131134818,1.00395121975453,-1.95653347881331,-2.07496661985751,0.0095512565506037,0.716516440072722,2.56822190457511,2.8164246585681,0.610381945204114,1.80231624375962,1.78804728794884,1.71029771835136,2.17257571339903,1.00556127428339,1.66193125554837,-1.47172177652361,1.56903502897488,3.0204727283902,-0.972644923710817,-3.07544090972959,1.60642310459995,-0.152629270363904,2.4902685068812,2.20897067572468,-0.398422171360691,2.34482915962464,0.426882122572788,-1.28157832302802,0.114879900241229,1.39943401099188,-1.13885722896089,-0.736057928167833,-0.884148385850701,3.01416886642138,0.701368745204389,1.86771483177454,1.52221683811045,-0.752387472518462,1.26889120042185,-1.56676822742973,3.28531771084061,0.740058685041892,0.951074490003144,1.44162912090394,1.96581635852439
9,0.215034763441226,0.81528903024951,-0.0937226694818105,-1.71761001299491,0.386511213358763,3.44898200548774,0.578065337843042,1.90864664116774,1.45408586811047,2.67423649593859,-0.796288566561181,1.30917734354048,-1.32743898573967,0.998704380404083,0.439659997935156,-1.3284705813071,0.469972663149644,-0.582533983041082,-1.49107697851588,-0.324572258461949,1.90427084281652,0.0645605957365259,4.65147630592142,5.30153206989808,-1.24353297838916,-1.27739800219342,-1.49963094407748,-0.0012388409212991,1.78566399057949,1.8934790670251,-1.3135336777174,-2.5567586437129,-1.22141159827785,4.29131519661328,1.3146455953269,-0.549229718104619,2.84687821349638,-1.50555926186693,2.25384994911492,0.337188613458643,2.00320577084288,-0.0078415562129603,2.12682744663815,-0.358646716348128,2.58737499944403
2,-0.156953306190857,0.850927785344264,-0.209483117313164,-0.810900201621029,0.157396714782972,1.72980501038133,1.77116174007621,2.00471485064982,-0.544176190018244,2.79729425747244,0.0121364555275166,-0.240601827956277,0.433431657542786,0.741353923648458,0.78509880090565,-0.785993178582643,0.839519576461343,0.922233983212335,0.151721105594098,-3.33117651179939,-0.271937025673562,-0.099461217499222,-0.225056319137113,1.72678286282818,-1.90738423969448,0.454549959273365,-0.942586554240704,-0.0698310978822579,1.54154364566976,1.90196459545639,0.251481762492438,-0.0552457588957875,-0.722117938950672,5.60842501195906,-0.0082826107962226,-0.339038535484661,1.53044722402243,-1.49811636239066,0.275711729946494,-2.48522895937973,1.0496750297348,0.590597343433112,-1.05230036030085,0.281660123046394,0.149509312572778
0,-2.11282838341229,1.24502419991213,-1.99597370941229,-2.26782639739909,1.42121263183059,2.81735258121078,2.88393382691924,1.80335168110517,-0.0009138837695222,1.43650012818775,1.39243451625073,1.77400267402006,1.9950673543882,1.45595955687541,1.50606600476261,-1.66134607271897,1.74073697940558,2.82562281354685,-1.5801479680252,-3.04264968215744,2.04658755209142,-1.84925799236167,-1.67266950868575,-0.930077296623442,-1.91441882063906,2.25718062313489,0.368730650400207,-3.38798240817844,0.84327129652756,1.46190842851518,-1.64316347967781,-0.752971512712697,-1.79033016251347,3.02566861885753,1.0416488341141,1.08597407806474,1.5034615661544,-1.70447780372938,1.10172355495452,-1.58004333831497,2.30072832309833,1.69127979167926,1.33341962839879,1.90838583392544,0.724691392332481
8,-2.47002674620627,3.92411771747527,-3.74424332081376,-1.24047201076829,2.30864109067447,2.62075535537301,5.08749441814144,2.28264540829945,1.32921362191752,1.62287158265631,3.55512049453859,1.69571099851514,4.82989561010444,1.61521433431702,2.31567878277876,-1.5335324423923,3.92046167544702,4.4852542174668,-0.66513034770493,0.705369253942698,1.89554941415131,-2.38512357551783,2.56812929302724,2.72142997065045,-0.697505315372368,4.21655184254821,0.332290173636512,-1.6868092580946,0.126111974677155,0.825162733561211,-1.16656941678578,-1.02918141423968,-2.11813388392057,2.01954475671926,0.620509675273041,4.19971792044138,1.58897120134741,-0.442220226144307,1.75073278289419,0.885483432952949,3.15035219385811,4.66176761327628,1.76832460650001,4.01904440129849,1.73980429938436
8,-1.53492242732832,2.23817053849509,-1.8957961927267,-2.40507636535933,1.96681173889368,3.86111007203113,2.69813868991085,1.89053765442039,2.11308075308866,3.52632784757768,1.00000613189504,2.29958954765543,1.69703715864865,2.56044920066106,2.34967916983266,-2.77143744363846,1.87009425821255,2.53162879914554,-2.0914360411053,0.194851899057874,3.31854830900254,-1.541776543599,2.84654918350334,2.59169014700022,-1.7428268684991,2.12385722507678,-1.14800186225408,-0.051565461730311,2.72701291513398,2.67283701629034,-1.91347271626439,-1.31559851585821,-2.13017672623729,5.45191300219566,1.81188592368479,1.60220526892736,2.88777962198354,-1.95445958512883,1.63304577120853,0.695612531398533,1.94495557508657,2.1827616751593,0.918641859802511,1.23596828212447,0.554014750039058
1,-2.02404347592872,1.84809280159046,-2.26556675729633,-1.81035977997168,0.940121359373504,1.74284083057832,2.93138398292483,1.2037020534164,-2.15677057985745,2.48161799459846,1.31379772798226,-0.281444318106558,2.754442365688,1.58659630829206,2.52992754997392,-2.07470779015539,1.93465638461389,2.08026509795732,-0.708253953386464,-3.03357384617195,1.79079927770355,-1.75192728068127,-0.343810830529472,1.10445255409803,-1.9667474038494,1.60140846494098,-0.566112153552057,-1.68306634953812,1.94815892344222,3.36291301004588,-0.755307031016906,-0.74708131771262,-1.59246295316567,5.93120232347773,1.0373380334713,1.2295257648613,1.99362897205096,-1.97555856276711,1.37739372332712,-2.76577829420222,2.9718738168006,2.48070373869222,1.34096601329853,1.93964759671592,1.64524409022297
4,-0.306926413594072,0.202971367120897,-1.97903827604167,-2.54578764387467,0.887168287274952,1.96323012850135,3.35238067719188,0.533784703145407,-0.381832103982331,-0.979972093894424,2.44479111974942,1.35977671756756,1.1115472127198,2.24809597846513,-0.040383521294864,-2.40450729139703,1.91268558630251,2.66460171770215,-1.81600469987276,-2.52770890532316,3.1190202171351,-0.234481006801727,2.60228484172634,-0.304952658669226,0.368268544518953,2.26868880339605,1.03269431293053,-2.4100058773535,-1.07798617833774,-0.857863775083179,-2.36122408337447,-2.11678601230998,-0.402200985609954,-1.39719292657104,2.38864531510042,2.6590718167665,-0.351395033968576,0.741342648899303,2.29359359999236,-1.74047042574809,1.29069424837153,0.315825063207584,2.67313934338578,2.2801620248412,1.8666270579945
2,-0.576932121755213,-0.16642135595527,-1.01098841647341,-3.43066612302287,0.787784776837137,3.83279897722747,0.845016768397436,2.5331751847421,-2.01696998953325,3.14352740549224,0.209744117461375,2.52519694577991,-0.0233901888564817,2.46888254696796,1.91525647785168,-2.31524613445411,0.338736491003075,0.843544838517855,-3.25687539236303,-2.81421616401878,2.71863875854313,-1.02208470362296,0.239105383038563,1.25320478938453,-1.93201700839448,-0.579071555858655,-1.23139672537063,-0.375967920874273,1.92435920296608,3.13925212060702,-3.99476274480855,-3.56287650720259,-1.69661435270895,6.05324837520326,2.60442243798175,-0.452173711965115,2.8690500038639,-2.18452838806639,3.0574392895504,-2.34651357719114,3.35876842457683,-0.264277199356809,3.82203444216247,-0.245629444545512,0.476941774698114
8,-2.62203479693606,2.08655347219928,-2.96192879897873,-3.54812194588695,2.27519450817051,1.18818182929673,3.02097651402215,4.06795464118688,1.15498017395034,3.22171118450748,0.774245486917483,2.87387168699252,0.706643799695912,2.14669606340068,2.28217293750175,-2.84325649245432,1.83275108842637,0.441369534656516,-3.25323319363226,-1.31110470843599,3.71996076370159,-2.56199740611005,3.46989876418887,3.58556778644074,-2.00377803169021,-0.282737573621258,-1.84021076088618,-0.197564020600346,1.99487074866356,2.83568969385094,-3.92131218994964,-3.02681827115175,-2.19363353136397,4.50074853020261,1.92897378436523,0.829827756905844,3.51459119229786,-1.72093495543499,2.46208723187267,-0.327152802557177,3.02524621709478,2.32824545886777,1.91658296111196,1.47645856502944,2.00180189600273
5,-2.9768001914455,2.96153561343821,-2.70405887425356,-3.35304962601246,2.25170659839794,2.05742717820022,1.48657710967061,3.80048427291145,-0.945504713311791,1.76403192639533,1.87637409674917,2.28471334331062,1.63972876872157,1.37613741648065,2.92103729785947,-1.33589049449866,1.91634049615009,3.4953655955278,-2.31596396087135,-2.71567610974097,3.2438112604522,-2.83302884684293,1.5470436231791,2.29483623722789,-1.81937790483477,3.07451077966954,-2.18146850974255,-1.66971241214267,1.20261581432956,2.04387277410984,-2.16704865679913,-0.519729324800763,-3.60339194645354,2.53719631508485,1.02612038752294,1.94979480825219,2.34628974493155,-1.62011854142003,1.28767759356432,-2.20105081490738,4.67901564645284,3.33004041226878,1.00920538912585,2.22286020817469,1.39932384596317
8,-2.42801846960418,3.44925380626182,-4.29320321757709,-2.75799784992601,2.03678760056383,1.60699888711056,3.31343419622443,2.26221671977505,1.77656242655778,2.9041276168608,3.21145739196929,1.97989791154446,2.80740757777212,1.87058457911819,2.10170044596957,-2.06612998811711,3.51047120445648,1.99672533672223,-0.760889056978666,-1.27013573387993,1.32511379023076,-2.60299191741556,2.65833410389137,2.31963728816858,-1.61626492880165,1.56671077403504,-0.995715360605942,-0.811193265800701,1.30525863422988,2.47204543436621,-2.08613087055684,-1.21442851032905,-2.22257308932819,4.06513434181261,1.38145889854095,3.45984637130607,2.67021287900641,-1.84254097459041,1.36007581230867,-0.44365245719452,3.75904517688499,4.12258166201408,0.521797639157307,3.26651817285134,-0.748438394134264
4,1.41199360990127,-0.910286912299422,0.046628785118848,-3.83539424776924,0.645375324234171,3.23718868703379,0.239991609819969,2.22514822994081,-0.123149035303991,1.85254620869197,-0.599678068516922,4.31257573720795,0.140260903796265,3.0814975996388,2.37868240588476,-3.2795306839771,-0.226889061748387,-0.681110277587566,-1.29940379689311,-2.20810959153581,4.92394801071644,1.18348916541007,2.39854030259913,1.04439247813102,-1.12926285662617,-0.794289604495789,-1.43854788012145,-2.49879687186336,2.28245442388612,1.35290656443583,-4.67206854820931,-4.29684864260889,-1.56893782488609,2.50096182646594,2.78631872915746,-0.845579054628485,1.13495462573414,-1.6338687578061,3.51707291684398,-1.25562787507717,3.14061669961105,-1.38189628605873,4.9511771465619,-0.168642592524883,3.57614326801491
3,-1.39442067456667,2.38418184566629,-1.89801297041419,-0.780704909846974,1.28791672226293,1.2762008486822,0.782359731621007,2.02516587062396,0.154809419897453,4.11041203066174,0.63303946187839,0.220656724792542,0.192571794438111,1.56133303182971,1.62206318400175,-0.656231015237423,0.828034589183085,0.724681987166299,-1.4854863482345,-1.63211516312635,1.97168469598373,-1.75121890621447,-0.392105870525778,1.72194285066481,-2.57093398822847,-0.333441180818522,-0.990703741634783,-1.53878323032532,2.16857701761528,2.75457827686353,-0.4140501310259,-1.14079024030436,-1.90477227823515,7.38289068001754,-0.0253077210288718,0.289441167453091,3.60878117049237,-2.53083447850962,0.963551760270478,-0.923775095234335,2.52992920810177,2.75858123741671,0.730967343175678,0.675177666238271,2.44792747246159
6,-1.54020708227086,1.64713470010119,-2.25328741318811,-0.611824619509965,0.534666210897273,1.32271891278875,2.12437042551265,0.870875445698814,1.31823816742518,2.59760445623285,1.41698648011137,1.01932790734532,0.9453990262145,0.126677653879816,-0.753656058896272,-0.367904172235051,0.854230968144997,0.813211993033183,-2.13774967317347,-0.686929543965787,-0.454098950959175,-1.39780065951942,0.843823768260648,2.65371540269628,-1.65773127356647,-0.0724169311560937,-0.575183810183169,-3.09940025887816,1.73187178725111,2.63677388837016,-0.311938106190529,-1.03126490331463,-0.820909789765353,4.6309555402376,0.276735533464693,1.04660005786547,2.09957929231751,-1.77785008549368,0.078354758479446,0.0884563809342829,0.186364743479285,1.97578443427598,-0.559789625184093,0.982897928162621,-0.7890508481562
5,-0.0495253090557765,0.859968893896453,-1.3606092445152,0.330930162529548,0.226931215717806,1.68820226040143,1.33197480373839,0.80981328566907,2.58414018079799,1.52270407632459,0.544926255947628,0.494333891005559,0.971401684714186,0.286567985625432,0.432245434810975,-1.1780642691262,1.09052958928001,0.185293770396799,-0.195521782609751,0.196540086141513,0.904917959948851,-0.754535968233698,0.699129970649825,1.85968456159095,-1.21492596099446,0.245252248182969,0.355045804256004,-0.363250385903603,0.633024140582295,0.784170867573871,0.210370473094157,-1.08566057015576,-0.895307945335701,2.26121698141679,-0.645273707939006,0.489290653397562,1.00630076017427,-0.704372831272628,-0.967621676435985,0.643845741841796,2.67405498697858,0.551686909015305,1.18703736224739,0.756356908479965,2.15590527510118
7,-2.11938264680732,2.50651424903613,-2.92923089395427,-2.10212181071515,2.14068597978427,-0.760171652881991,3.28655973499819,3.08593891796525,1.16666387444102,2.42113103734616,1.72111791031208,2.32008723336985,2.76910692055571,1.50565084227303,2.52199075749257,-1.15099490999193,2.1898891158435,2.18904995051698,-1.73162917250903,-0.92942256357023,1.38776998619075,-2.17884173694499,2.5453116661692,2.02259741807906,-1.0204348915964,1.76834564800718,-2.42443821364263,-1.67478629944095,2.10563849331673,2.66719421245678,-1.55042035401285,-3.17931969141673,-2.5298021933141,3.48980233716775,0.536181945062575,2.11073260482176,2.68712154825249,-1.97515351358171,0.535844621556361,-0.334726599081135,3.23669470615915,3.02916851531854,1.27520925279081,2.25634360382104,2.8192481438613
5,-1.74137917854595,1.58260474131914,-1.38990144112763,-1.65081980512725,0.895858778381767,3.42268135247068,2.98620909400825,0.145714075356286,0.048282247718529,-0.120135395755691,1.84682220763133,-0.546460900392975,1.97106397515135,0.929977160421482,-0.245894047740999,-0.571409074593113,2.33376050042015,2.32377518607593,-0.0081798920832774,-0.990429610976833,1.27799934079117,-2.06787488949867,1.61351044372516,1.9646747734241,-0.101668948146441,1.70348512759976,0.961969335255679,-1.8241438049156,-0.902328886026971,-0.599305304138845,-0.28435239803089,-1.36391733505439,-1.18754777528525,1.06750918570038,0.844438951639696,2.05998144508516,-0.0478250957260149,0.483132439419554,1.8917836320655,-0.402334647424552,0.294184303267483,1.75171442993429,0.080513188370811,1.86905719529536,-0.0021064490556707
0,-0.0850604337820066,0.0323335868543704,-0.120304811958519,-1.01215275228243,0.45829374157076,1.85541394315128,-0.07059415683606,0.88425391401925,-2.61000829091584,3.11486604171795,-1.1384043019098,2.75247501568471,-2.12030444261595,0.0979516680367296,-1.11511929223058,-1.62621262782162,-0.954037448163657,-1.27711227616331,-2.64720970453842,-5.54994690176602,0.42316469951076,-0.682232147339811,-1.82200303076567,-0.697405343264489,-3.16706920977591,-0.923817228431966,-1.2184367526884,-3.29060735265758,2.56001566248134,4.29452493505289,-1.47288966260403,-1.28637200613346,-0.277453048470388,5.57067391211933,-0.528842706142072,-1.734773843509,2.45606158491939,-3.05402069977215,0.108457885297508,-4.09501947688863,0.943694683431457,0.0174742050657495,1.38640314608434,-1.8338942183826,1.86142121462
4,-0.144809223981133,1.46352313661856,-1.44072897277422,-1.38399494919211,0.871328094848424,1.4800489692113,1.63735994789871,1.23847063930295,1.10822674625156,1.37834477413447,0.823986863675506,3.28564391155122,-0.0415540324935068,1.71105134420191,-0.190724821776427,-1.75201329409705,0.814592555158814,1.71266909298621,-1.81014676785014,0.895898721255265,3.05911345678473,-0.349509736203707,1.08096385836102,1.79872965683368,-0.305023131219403,0.495026401420547,-0.70508189557975,-0.873342830280729,0.989067536334749,0.608464178662543,-2.25805095906058,-0.584900441417206,-0.960387271031998,1.67851608360943,1.25465437144143,1.90008258559513,0.319180071141161,-0.806714904496948,1.13791886188278,0.922309498206642,0.308514552568669,0.988704426761809,1.02452149122449,0.748527389412306,0.339719153178398
0,-4.44167553092599,5.0326114076889,-5.4508635287439,-0.853601801154677,2.43498583105771,1.40428131868856,6.8200987740502,3.56205108813359,0.650393439065678,0.608181727288886,4.14491678594131,-1.5438953792805,5.67120355591095,0.441508414005828,1.69306608130924,0.543284522710509,3.54097641959041,4.71510638874841,-1.48288039943021,-1.09201356615078,-0.117928146616072,-3.8657567556562,-1.94560685716313,-0.631484616011705,-1.43084277889679,4.44906375365383,-0.845152685110292,-3.31407797542443,0.148720892284525,0.319027533261016,0.432819172261921,-0.714098948448229,-2.10030362801129,0.680397826136156,0.536058281096903,6.03278596229478,0.69308136278834,-0.998362317573437,0.3843636639238,-0.337721944416501,3.14716009951857,5.7097644526144,-0.578768018232752,4.72553695832199,3.76329709574319
8,-0.491155431585213,1.47036824626499,-1.34763125249507,-1.28620607549074,1.09005495179772,3.15901720897521,1.19463792370353,2.88804439744227,-0.501460010874455,2.90101219045571,-0.16250683784167,0.642854620993947,-0.292424408612975,1.38706771749803,2.03673697992743,-1.97627345284264,0.503903021664391,0.630531919545926,-1.90645177828346,-1.28804445563079,0.995055359169593,-0.605840883089292,2.36768517255763,3.58681971419563,-1.61208079911171,-0.353755764242291,-1.53133017702546,-0.556589773604612,2.92733069327777,1.96162057602657,-1.73312088502164,-1.82956522814778,-2.31534424980858,6.07869730514136,0.684030292976089,-0.0877744871244331,2.99796703541765,-2.17758350758664,0.901064290897711,-1.0942178174396,2.69979821732715,1.61709229575238,1.34691694391141,0.107744366663215,0.113276441734778
4,-2.83967118377214,2.92763187059252,-3.4740828579792,-1.72644061687239,1.60377668088714,0.754889637426503,2.52221980305898,2.84456737640739,0.158196686017229,2.02687455139017,2.83594099498949,1.71027791587172,2.44119237071165,1.16878016202717,2.36920607422118,-1.27201645260452,2.2093204944697,4.05056951833606,-1.00561423618938,-1.70222837500981,0.685228694515004,-3.01272526248042,0.492685456686305,1.72316712645284,-1.67450397881448,3.03412841325274,-1.99787715335664,-0.950576264713855,2.29785069666815,3.26769522646411,-0.81967706019455,-1.58561258143485,-2.37525785037133,4.40283937363646,0.706029206059435,2.74857406151549,2.06648677250053,-2.3610293756514,1.16918322869146,-0.954670998086726,2.50635375087777,4.12025540040241,0.735096264844766,2.46080003856406,1.38377475728558
9,-0.357439278836258,0.428110793404053,-1.80625076110529,-2.4836036090762,0.738310823996586,0.56026305209291,2.05991213038546,2.88729164217467,1.91091294166051,2.78252873449583,1.21634719495145,1.96979004895309,1.03996094612581,2.04842021382,1.47829837894994,-1.97622885384261,0.896480163871099,2.03428543438839,-0.581482540978897,0.835084919064852,3.81216725393104,-0.621449111316721,4.08173628310919,4.55537798331034,-1.26135067252635,0.437084433583121,-0.512894113851558,0.105673133723176,1.20819729973027,2.47332884440102,-2.91736643413997,-4.16171302517518,-1.39363866653431,2.90161129827279,1.93125207454869,1.54040694894263,2.24251282412635,-1.4661301190645,2.66725039862101,1.12684316731445,2.40358516909696,0.44746838405123,1.92993026136602,0.957914007099826,1.62919544966107
0,-0.597711355849388,0.906699299081069,-1.29371823129841,-0.960473979034452,0.881375643465409,2.63260012836028,2.16245813601477,1.42741254075628,-0.572167637041562,3.82266922509445,-0.15028803745963,-0.0428565623844688,-0.380414256106101,0.975804558193634,0.53728690282145,-0.785874074367312,-0.101893204990205,1.12899965960217,-0.978792014169504,-3.52748760237417,1.29521629480302,-0.80852568042264,-2.48066645170574,-0.23223493304458,-3.36346921871283,0.750275944410313,-3.32222465117289,-3.88322272912766,3.87335394046176,4.37294632131569,-1.72625956255391,-1.34264955411351,-0.94931559264364,7.3954797826615,0.627091754614474,0.124123709942663,3.20271690146805,-3.69192942716252,1.66249795566702,-2.71144639225766,3.10918158401644,1.15662394503343,1.76686088769286,-0.0372729024726159,3.97750118902874
9,0.460762698527219,0.187709534240278,0.996830721481401,-1.61995127427824,-0.0385933848099564,1.01218690066993,-0.613384623597855,-0.263419380921519,-1.78547721383329,1.02397577375879,-1.17556428440075,0.940724997517336,-2.42660670028055,1.70873875519217,-1.1598132477241,-1.43343293233885,-0.424269227848994,-0.974697274792342,-1.28842949244451,-3.94909921549781,2.9448609990656,0.591483949780069,5.89760106381928,5.1611128289396,-0.82027269252816,-1.96531886509926,1.06245665108828,0.808125841263869,0.293688972824827,0.800037491141942,-1.81307635553539,-0.78526764518879,0.343843412701495,1.26071829051791,1.9456233587845,-1.12282418641208,0.761297893798486,-0.751555196426525,2.40221600844617,-3.04972023204878,2.86304689787378,-0.463851705119297,0.972949342652935,-1.60864121043891,2.64863020675639
4,-1.12586150382484,0.489658231636135,-1.625680087472,-2.33419960709142,0.818795710265703,0.684527133114149,2.53483641003125,0.887242254865715,-0.282839031942137,2.86557171008058,1.15350709767255,2.58180160895305,1.54875506185727,1.18771270039334,0.424746544229934,-2.80463805623565,1.66079955417418,2.02296062918845,-0.770221870700326,-1.57881211372727,1.60625099649282,-1.30945794378788,1.28404491979227,-0.0933249202624333,-1.03677098702421,1.39033128342791,0.0095833234421993,-2.58507871415956,1.25662261075765,0.647928233354707,-1.95539851326733,-1.8018212119932,-1.27639079541733,3.68161485851029,0.831777785236756,0.825605805954317,3.48760485374714,-1.15480876340062,1.02895512693276,-0.811971025178295,2.24588545376744,0.43628824722393,2.58439807891283,0.640897255510873,-1.31461195975874
1,-1.89662715243731,2.39476363335495,-2.40277449329984,-1.14598328485343,1.57817804875894,3.06265357847715,2.45837055734575,3.72678145068639,-0.803990835117335,1.43638063568986,1.18361752846567,-0.0156855650388382,2.29550139080637,-0.0496620459212982,2.73124784407642,-1.34180703797666,1.98022621905938,2.62805744745024,-2.0821112112684,-3.0254885674956,-1.56262505654138,-1.7053727233566,-1.43304199386473,1.14012993609157,-0.738133658090972,1.25242070009732,-0.393930034181542,-3.32084479695322,1.48727173886904,1.41373991069845,-0.663252702740295,-0.619263792168838,-1.60640891407873,1.75011932920806,-0.98143773945693,1.06316392519234,2.10550632963796,-1.2247558532316,0.266935615946607,-2.08220771041623,1.68109818830348,2.54586449737078,0.126226589955349,1.86309876737816,1.1153663600754
2,1.40036443756542,-0.434378580811725,0.268364864057429,-3.67028707877656,0.424120403284135,0.856615424208259,0.605400696769966,3.12797188481299,1.55927927807427,1.43261749959043,-1.00532512682393,3.98750056462129,-0.661751791103178,1.98084114840949,2.44500342421846,-4.11273236178109,0.0737431912691296,1.18722474742841,-3.29613285676147,-0.908092438527194,2.68747744726435,0.826405733015796,0.712735222162233,-0.736451078744268,-1.22670142956205,0.275232876905596,0.239601433915209,-0.3616140150768,0.852101613754545,0.688236389117698,-5.02969599782274,-2.4620917395014,-1.38628207779723,0.95362683169451,1.08952472851572,-1.10864186776203,1.18556630809859,-0.577062740166599,2.76151453197955,-0.349329813009822,2.0262552256065,-1.62164601394703,4.67019563173286,-0.523312815010863,1.58332187732633
9,-2.74550692740849,3.6333826158574,-3.02858253074524,-0.920336075569767,1.53810468073748,2.63990247781599,3.17697437726731,0.572588620747974,0.537436144794114,2.34406435965003,1.99710738989147,-1.45499521074353,0.924771438277511,0.580487888169295,0.99707348380621,0.847200215924553,2.06130140002188,1.5206170497856,0.542006803079332,-1.04180782060598,1.17652740285073,-2.2753415730547,3.41266997699064,4.95747119385531,-2.80459272898152,0.746936685279448,-0.574282812642627,-1.63434432930141,1.65099494213199,2.28720162066734,1.14917090223659,-1.4721797292116,-1.7555150029674,4.28206199485663,0.205440528796754,2.37384609144924,2.37988834255805,-2.43156895475219,0.565453460439954,-0.311241005705363,1.02010645112229,4.10793747927449,-0.928520139897086,1.56490492767663,1.57578367046137
5,-0.704868680967259,0.912267255123743,-2.19115050902012,-1.23276333479119,0.949022236919113,1.77179496873446,3.49199848918506,-0.63172715462065,-0.809711960865942,1.23212343123155,1.78148894513592,0.605258937813121,1.46703459043449,1.48484744834131,0.781352479188635,-1.61023748817825,1.9399002388909,2.764889577784,-0.256716399658122,-3.04338000356623,2.19363826625446,-0.651621527262594,1.46069912211567,1.68903794234787,-0.244587499736113,1.66663864009926,0.671149566369156,-0.673753092276317,-0.884222272849585,0.343666773999429,-1.38843898868472,-1.10240463957083,-1.2833310227157,2.40678181918761,0.817272249479082,1.94127131458632,0.723102810430395,-0.244555607285436,0.46745886938514,-2.20971522240969,1.75251705400964,1.5322950834983,1.09608837539358,2.03113357297042,1.55213832159324
6,-1.55307100255294,2.27348814691185,-1.71637927029838,-1.53392846580233,1.27479025491795,1.21948623370997,2.0768572692554,2.40345171818678,2.33883817288721,1.33809322736852,-0.29886873009235,0.304136400459053,1.01679033420471,0.884601378529351,1.3431460241683,-0.717067155213327,0.967203080969965,2.37166315177533,-2.20256537213131,-0.0756721114379688,2.01707385804369,-1.98740234308047,1.53217439364422,2.2055265101713,-0.0156082143041925,0.864478487556897,-1.45306024608845,-1.31149193430565,0.0686353984665891,0.517843781430151,-1.42036596620388,-1.57928489775745,-1.37520874619335,2.09835717606514,0.468532897519631,-0.656328284399797,1.09190888627471,-0.270446188792488,0.917844117914921,1.0295335620193,3.33702554238493,2.24976280157316,2.36856795129734,0.424677158350737,1.50713267683053
6,-1.42704708642032,1.28817905301528,-1.95890621842722,-3.06473073969874,1.87048455712743,2.05887575478733,1.36682915085712,1.59135262661737,-0.751069953713401,1.94020378263794,1.2048944185759,2.73169958322368,0.186913934050717,1.76511678906345,1.17394549016782,-1.4026859060583,1.35659678625982,0.338928276583501,-1.81445837282928,-2.8330961064627,1.88883699417961,-1.64291473955946,1.90411117397015,2.15886571879918,-0.881723975856414,-0.361320611629816,-0.671533853686491,-2.42612145448466,2.05014531271493,2.6729347988153,-2.91528933494047,-3.45650072424501,-1.95494110936238,3.67561997071614,1.36198038432108,0.343377402123136,2.04550285635255,-1.71456883795249,1.4403281164569,-2.09196090930988,2.45582413819479,1.55830380929541,1.73289694325783,0.597965884519681,1.75107239236568
0,-1.67668447735807,2.74104055740779,-1.80431949625598,-1.83515150311305,1.32059860500626,2.66237213596658,0.998088373413853,0.239399328493726,1.85324382310289,2.29374168121753,0.364289698942176,2.00828078594383,1.16139379425325,2.31394658106881,1.26022841843496,-1.12161564147764,1.7579811093588,1.80331062436624,-2.07626894267759,-3.09707931208565,1.633292389194,-1.40389566652638,-1.45651775839865,-0.851764665148077,-2.24068094296432,1.11900718360126,-1.75006990138652,-1.76437538722493,1.41060618947906,2.3334363715587,-1.90102287064264,-1.12271723146847,-1.93440501654452,4.07981918768903,1.40612208650015,0.445214316924624,2.05688777003641,-2.80226574304935,1.69886686567489,-1.27120965613242,1.38005253066805,2.53752977013253,1.37431734672111,0.91404219152267,5.34436783496106
7,0.228190378875209,0.914081942137162,-0.840201848054349,-2.46450920618109,0.569350995094474,1.09215620932187,1.50845453488773,0.90899979253628,1.39556253119067,2.86828255080577,0.211092014886194,0.70703714833019,-1.04178500967558,2.189346959819,0.609041497762,-1.60776466057553,0.392441854787395,-0.586059709448717,-2.66728489798202,-2.4999607255436,2.66274549062574,0.0590477159598772,2.18560922203526,2.2146855245345,-2.41360842132232,-1.79028344127663,-1.88932039874099,-0.963937508079978,2.3105706529731,2.6998997635696,-2.18366512670703,-1.71762276379792,-1.11884884087311,5.42612461006067,3.28929646709418,-0.0343687042549559,2.80363645233659,-1.9990592016019,2.67267379879493,-1.39459266814817,2.28792207881633,0.265067497000816,1.32361215338027,-0.127022661226915,3.81111024706413
0,-3.71530226171658,3.75287700717989,-3.45566210480525,-2.07275463056908,2.78674176936441,-0.513364757849024,3.52022676341955,1.86790779950102,0.202259161708108,2.30006533964713,3.54684661056129,1.6504387252126,4.05396107792381,2.17507200982701,1.39169321746191,-2.19616641022856,2.21102550139007,3.856910801355,-2.33099308990553,-1.10469374302013,3.38768101854208,-3.77035180768939,-3.02239140559205,-1.55375660014851,-0.660073071328066,4.22391806445669,-1.28679394463727,-3.37572090598981,1.50594510584499,1.51387984810098,-2.71982240779464,-2.8960162373411,-3.14580663674645,3.43543347294238,2.20975945717988,4.24232718012231,1.31762093914943,-1.01765970018776,1.70495004684776,-1.16940502398139,0.527019052355394,4.31715497127411,2.77603879023311,3.11211305569342,1.93598820669724
8,-3.12563065767548,3.15747195700085,-3.90973022949117,-2.7334039686269,2.57816646832923,1.86580780393526,3.54507054127241,2.6899839026821,-0.146687548374876,0.843925250612741,3.28404693700789,1.32616488443341,2.75039170075458,1.22106829419706,2.25681064762522,-1.03285118200689,2.50446329618473,2.40080799527368,-2.77292650821489,-2.65264919896251,1.33185798133591,-3.22664571003581,3.4178284878636,4.66652461270998,-2.0265025877858,2.49348602809868,-0.300480631755323,0.567902962975752,0.723208078422028,1.27596609862818,-1.73291300961473,-2.06585866272935,-2.6268541701599,3.3865109201356,-0.39763485904646,3.11934426448926,0.663950928152989,-1.04565062332369,0.905789104914654,-2.20973861018006,3.80035848094022,4.13089826102421,1.04225503659284,2.9433675837716,1.18560800016112
6,-2.65299588872456,2.34682015293889,-2.23159463917244,-2.19993714699869,1.68748493801078,1.25958963299095,2.14333159562026,0.781525274360662,0.633502190955004,2.84927662174429,0.430398887180386,2.45527738471689,0.548642591620822,1.59907963865552,2.85153783805937,-1.99871671929811,1.484201653335,1.46082369103579,-2.50893145210414,-1.10160507535925,2.17014440759362,-2.22804032088532,1.49292083190647,0.896146381636695,-1.83480887652066,0.553257726282674,-0.862923293476289,-0.280213229756785,1.26015639669029,2.22084997112126,-1.15415124631301,-1.87248980253506,-2.97827270691262,2.93647493934864,0.801280329078872,0.398151577566035,2.84138720185771,-1.88273663159107,1.1764984964332,-0.463890579429435,3.68832998947104,2.51572574035712,1.68264684633597,1.24977004062487,1.29345604286575
5,-2.46400765316148,3.00112208759302,-2.79252260737786,-0.92316243727717,2.07348121360656,1.67438938377544,3.2607586294066,5.05461108658924,0.396813357571224,2.10234936382058,1.79321774735855,0.280085572905696,0.492071303567162,1.01219755490714,4.79044750387196,-1.19465029783759,2.32365928921468,0.477462839939166,-1.84691233788227,-1.94455349915997,-0.113566923531413,-2.57516410407275,0.818802513161486,2.69679450728924,-1.94718138957141,-0.206916628457834,-0.265114697003779,-1.674641830711,1.42519199157677,1.85123156353926,-1.68260794878288,-0.984285469465407,-3.05771839851906,3.35323143221935,-1.14893806093918,0.857339879499507,1.67547037238884,-1.62101691504005,0.224821049788316,-1.30684654727412,4.78955569664919,3.44457487212301,2.0631615946126,1.39562191031048,1.49325575555739
3,-1.80101978319468,1.14143138564684,-0.723139804993358,-0.835654588953901,0.644955741460313,0.695739163267852,0.94951790671353,1.87312842164985,-0.429932452242573,0.918911305731755,0.805184705061523,0.921393985950717,0.215398462782164,1.48329680859421,0.529043899193798,0.240101925489342,0.767130188599794,2.08691583695102,-1.34294301223395,-2.1679282813441,3.51227282938841,-1.30262207869985,1.05767728561149,-0.245323320368457,-0.84103986413752,1.87260260044545,0.259874920932627,-2.31807107583404,0.0724667705342772,0.501039547380151,-0.209443877741442,-1.54708770816899,-0.814266096286358,0.346302851203247,2.08013665814405,0.745482050074062,1.82735087770615,-0.859075692501222,1.17316966279315,-1.25108828765395,3.90734793721161,1.34760752157904,1.86302293161032,0.488781273823641,-0.356480607372675
6,-2.49377154207524,2.83110187900503,-3.34322392415467,-3.30420036192614,2.35287853167735,2.5016257273639,3.01790169352122,0.985905727963134,0.013614519435085,2.26650098678278,3.00108131633887,1.38703000945744,2.01175160452333,2.29219378447837,1.44193588260861,-2.44092066671658,3.07939753499748,2.47182262685246,-1.00318656017439,-2.23413792488435,3.35872140697603,-2.8551248925456,2.23012334271128,2.48978788539262,-1.90422187560628,1.70891061381969,-1.16287098978314,-2.33236230593878,1.77683773882491,2.30489512349552,-1.90304839601767,-2.13672681415364,-2.35031464248928,4.10279668574316,2.81956838014943,3.6979479238597,1.66802183173918,-1.36532013549887,2.55107819738289,-1.48720988705406,2.74103425731379,3.10722969649758,3.11825946540549,2.70675976094109,2.8679167251564
6,-2.24308209788228,1.36577919186649,-0.81144517749469,-1.16189609599171,1.30591984026518,4.19065388764816,-0.880310949989044,2.10724196439045,0.723898560281802,3.96479543123717,-0.47657222377246,2.62545887847134,-1.64319245488708,2.18358242883785,2.69386127605231,-1.92162794511337,-0.669885179198511,0.237166756838141,-1.53884140447741,-1.22802178684061,2.76780038069081,-2.3331657381394,1.56752531522021,1.85437295633182,-2.80582601303628,-0.367499168188835,-3.01134041618184,1.01035007880476,2.96702214196734,3.93986219947285,-2.1228208228675,-2.29469997561471,-1.71009929582789,5.74788938900299,2.28231401390348,-1.18494150148726,3.73517268723475,-3.29604788907092,1.22394076105436,-0.734079644221906,3.39275354171128,1.55895592006448,1.35410373912971,-1.13582046108984,0.804235671062331
7,-2.01142551333626,3.50402147781707,-1.82789805266358,-1.80386655507993,1.65188482498119,2.41951153766147,2.7127876146665,2.02142509617253,-1.40920020750136,2.80767263147596,1.69285982321099,0.643273769633142,1.06876442265469,0.457733709642288,0.995616789822822,-0.561603596838663,1.3484840837762,1.49144223409389,-1.77752947905276,-3.763507847697,-0.0862081459628008,-2.29611949425402,0.788495541176836,3.53368692883845,-1.1565439341426,0.905736520131638,-0.937982867581595,-1.08389917394248,1.62022350391536,2.56343679932484,-0.0157927528536324,0.0321963454766899,-1.39644401546847,3.1837695838602,-0.0562243500083003,1.0420247957045,1.89311375488457,-1.21920008926204,-0.0192812561506817,-2.82240576436801,2.58604167773616,3.64199830996519,-1.27350909653794,1.29550416200267,2.12087547437552
3,0.320144586204789,-0.599091780199639,-0.132567476722287,-2.45712857840942,0.426446146590435,4.41193722847212,0.820013297314266,1.91696419794521,0.396648421918173,1.46699686846775,-0.464826967156418,3.35269626496508,-0.583159192745105,2.9445935549895,2.00176768755358,-1.40918298234952,-0.0830339379486824,0.624104862502551,-2.40644041322411,-0.866350585419885,4.43917556252282,0.748353460861042,1.52714841261756,1.88309964978901,-0.51045693744863,0.901512589983614,-1.29737572903557,-1.1265122158666,0.845163335295368,1.05863535292134,-2.20441427682423,-1.25300108155777,-1.14907996346669,3.6672070571624,2.71462285726855,-1.23397757174578,1.73817406035228,-1.04354644370484,2.66744081522872,-0.357003879892546,3.26367975148824,-1.13429218738072,2.55781194662618,-0.430697478420913,0.543701913351434
2,-1.51487520121442,2.53206623795078,-0.848822466462696,-0.864351811545896,0.896323290163141,2.55605520269141,0.902877400455045,1.87224422149473,-0.577328050515058,1.2629642050566,-0.139742102669454,-0.875951956230592,-0.36229270319039,0.655399274256893,2.10402530890554,-0.273540047706675,0.909115924450079,1.1641705570138,-2.16266219062691,-3.03688565844084,-0.425446719601534,-1.68047499221263,-0.496798164021212,0.798970305099644,-0.313862572938825,-0.257395326530417,-1.88244526364193,-2.02735337007793,1.10925158905283,1.17068254836379,-0.117635145613138,0.412133939527884,-1.28139871844732,1.85221654346021,0.1485238298118,-0.602544790495036,1.45656256627572,-0.872574220454467,0.553577870661854,-1.77893224447439,2.09713264659651,2.73615549535025,1.85052454540778,0.28362675350039,1.10179879015851
5,-0.406518667652456,0.784611611685393,-0.663878361407187,-1.01346092473909,0.865928903039603,-0.201825612926332,0.457414313798204,1.56256697232894,-0.241490965075014,2.45841739543915,-0.556372650849485,1.42516816630434,-0.527489989129026,1.55269181997901,1.37895303701141,-1.9092982736866,0.918001351537435,0.358999551020232,-2.50887024326565,-1.34487263270723,0.765584253493716,-0.777040777621152,1.1678332080844,1.09661316343784,-1.82526513633507,0.0627479808516825,-1.01711768486502,-0.483624264799918,1.6209977863471,2.46127636362335,-1.63165339741668,-1.85980365701045,-1.6490301813763,3.44383620134245,0.953228026767002,-1.04675016140643,2.50107920750689,-1.71324372357029,0.886205926269928,-0.990088128992953,2.35893176537387,0.77655214072496,3.09928839644904,-0.348361608904216,1.31134380175852
5,-1.99859777436822,2.37662220324787,-2.9646552718814,-2.74454282054818,1.85777554085471,0.0921052968652679,2.72142741705991,3.04529967465146,-1.10736637340946,0.755431647716255,1.17645477279409,2.02466084666212,0.710980773471051,2.67201073981361,2.15349587976952,-2.90128256526589,2.05117470810018,0.681092094488122,-2.23889785736776,-3.13055435624792,4.79938880846474,-2.0292546563189,1.86470805715402,0.753690973283151,-1.68547087113412,0.422095564108688,-0.836597275646287,-0.934007758853525,1.37677365651319,2.1549044108309,-2.87030737938018,-3.27654044642381,-2.37259914715512,0.188839942739767,1.8206376717121,0.746040249008122,0.862798703070142,-1.54845041582547,1.94147639041225,-2.53128887847656,2.96816067867737,2.70447531119692,1.78899782773917,1.51610462738342,2.03189868228104
1,-0.408252441291099,0.562930196396449,-0.168561194849366,-1.10420186520218,0.171279314800352,2.81836567901668,0.647914415325429,2.32542001712453,-2.12926822696505,1.3351099063649,-0.0557157086951424,2.24213458764612,0.133440935448228,1.84832907033623,0.460708912993886,-1.37895993584426,-0.219720564266336,0.591967462865781,-1.13981522015136,-3.09772164730991,2.83841789762502,-0.385346902068861,-0.778967107589934,0.806052407829686,-0.767440518422633,-0.443218699145882,0.268324032276953,-1.51428349205105,0.609903696103616,0.304768045036825,-1.74837587729303,-0.510187927821223,-0.626941234821125,4.27116714386717,2.44075537195226,-0.395714642992245,1.77603055148065,-0.318878344981861,1.66681150202629,-2.57335161058256,1.81215139703303,0.260574361732245,0.280280795899082,-0.322842133986021,1.9387331715661
4,0.0001789598538615,0.736714780612569,-1.94962203647235,-2.31611703112805,1.16008912729747,0.61482201303933,2.26232343321867,2.24532897538005,0.875168124392374,1.78110148931801,1.62983580073125,3.8160232875276,1.00586309050346,1.41584848405412,-0.27766213220571,-1.62208420805986,1.10942485079444,0.679203387508593,-2.70089985940378,-0.555220798744748,2.00486193949856,-0.189862990579387,1.30952059698584,2.51421088747818,-1.28116767031304,0.0171634806822562,-0.134537960074175,-1.87740332108919,0.621093898247827,1.27442388019019,-2.71888556186118,-2.61234456628178,-1.44044488463167,3.47984091720846,0.666615558397338,2.1962633344524,1.13827063409943,-1.015008395343,1.57502951727039,-0.396142439712309,1.01279529895873,0.284466070379107,2.17193308858958,0.669759727612035,0.723837521201405
5,-1.44436863414195,1.89279520908868,-1.64602262629071,-2.22842235579495,1.50473614258231,3.04781752862787,1.99246912561359,2.03366468349546,-0.396450426125995,1.81774195758614,0.973295713990353,1.99497071946302,0.670047053552588,0.952685047718844,2.00734186959774,-2.13177564757797,1.82065790386226,2.16662604193432,-3.14748866091795,-2.36479907833661,1.59229110132919,-1.57825350649164,1.25124046931749,2.73341315826535,-1.00043872674288,0.737189493959004,-1.1684456702054,-0.310774223930147,0.970788119771051,1.53345416320924,-1.34792337857276,-1.486179387655,-2.19221579333704,2.82366736584019,0.470618087461839,1.02249092633714,1.84674792642059,-1.13453420489532,1.18661396789591,-1.80323732988927,2.97305675003929,1.80196487753493,-0.816024891485732,1.23914825902565,2.10923203149384
6,1.75814490576356,-1.33055591603952,0.732676246358519,-3.8046840873171,-0.440075754289687,2.07804877771137,-1.02763193450785,1.91625117598806,0.995247126850017,1.93856903324891,-2.06213809536134,0.934375721626056,-2.64786956860592,1.06051808129826,0.244697895834408,-3.47137114549493,-0.348187010908789,-0.753242033410046,-3.14013141025169,-0.570462528266882,1.28401601921327,1.49818908265785,2.49352840314938,1.40711192735388,-2.84175105750336,-2.31759513084055,-1.06024701089762,-1.07869385314424,2.12118042978004,1.46337010090353,-2.53776033851385,-1.6063492981008,-0.0367706891251534,1.3096582307039,1.37749891386744,-2.61824416667283,1.22074628467436,-1.91125691620659,1.52329705834751,0.103663958449198,2.32016319051878,-2.10967873036246,0.902980766982513,-1.61476682691063,1.09353469677821
1,-0.452285800677835,1.78183533020399,-0.932185248449097,-1.03375929559819,1.11639553337243,2.36184390605573,0.451522727771512,1.91289755424302,0.089279996612414,3.46467317737269,0.668065011150589,0.737667206808144,-1.15056476073153,-0.299814317586096,1.64532094623014,-0.766721098874494,0.466025951245263,-0.0249728856678111,-0.982541935612682,-0.683639513760716,-1.05181554293936,-1.10984270234767,-1.55094944436329,0.438720014687681,-2.50028623053075,-1.60954693199352,-1.97933890055045,-2.39563209035506,3.22806424815478,2.68550577880559,-0.252083144915845,-0.965500710931568,-1.17325349991199,4.88140799779514,-0.679867357470616,0.304108012704623,3.03838141043999,-2.65719251813737,0.299701101622345,-0.23706779011965,1.85492458398593,2.15848516402287,-0.0175583999994251,-0.125420207682569,0.406317458072949
8,-2.49742030371889,3.82024587568885,-3.72200387301743,-1.58074468249847,2.31712643209127,3.89402542554927,3.80370876788026,1.61338622776846,2.08074707015284,2.51880200920796,1.97771934817387,3.10832594888506,3.0823108882042,1.71886414732405,3.09516385138547,-2.79811196008643,2.72033840443688,1.57905685353072,-2.45530993250696,0.123312981409184,2.36077489184334,-2.57855528183322,2.79926737561165,4.35128635692047,-1.88145222024937,1.55963430729981,-2.03810416232768,-0.737165702380461,2.12141252894958,2.88632130327864,-3.02301222683972,-3.16140628142816,-2.5723498831742,4.82675709754558,1.02024781144684,2.61479426068934,1.1712479454361,-2.43536135373626,2.03414031126534,0.660736639086773,1.94778328239396,4.17145622487733,3.57186756569833,2.55533101084083,4.83781871887415
6,-2.05610868040614,3.31615364973947,-2.29671991966692,-0.0799716186056431,1.42429546721018,2.81479714681351,2.33051749796219,1.29531290421163,0.400972116924013,3.39097868774402,0.2804329312837,-0.258901890156118,0.761266191008337,0.208291963423418,2.75165850731487,1.09455523390477,1.02613311495554,1.15377962007809,-0.993374214486017,-1.49822998387505,0.49482372702549,-2.28925916646437,0.774374693502773,1.59811230338446,-2.66380658732015,0.292142060866322,-2.65723350477575,-0.728928482663539,3.20921145119875,3.70013378145039,1.15462713274717,-0.845435653671845,-1.50876102398633,3.93901128526772,-1.22305945746021,1.54830527768447,1.76684785264165,-2.67395182661385,-0.595867715740142,-0.684665244402563,3.62732441117475,3.58953568064531,-2.73679406723724,1.45877558390625,2.85115577018513
1,-2.40426215847836,2.47820273096172,-3.17248244732136,-2.18547002071026,2.36947258019288,4.12880783928826,3.49207472900434,3.17125222086992,1.7333934596299,2.57887932555011,2.52253599116914,2.34862127945921,2.49670504491532,1.53970868920144,1.50156462042323,-1.63520786200923,2.36368485149488,3.27951606455467,-0.881515225874504,-0.13644884161067,1.1108509214509,-2.43944306501385,-1.38093260284766,0.0679778302705726,-1.2037300000422,2.69988866956121,-0.581903064139029,-2.77610791316736,1.24627362493631,2.06637451603724,-2.24076734138205,-2.79867441367653,-2.08056269942564,5.19520970777239,0.410271316011812,2.36608666393351,2.45763644165062,-1.32628044701441,0.783228286763858,0.227224518353597,1.68227979745706,3.21902442948416,1.87110117513974,2.65716348914158,0.0783708522656094
8,-0.268010927235066,0.540181801835649,0.751686108732604,-1.53450434649641,0.269479797679493,2.7314816231092,-0.967752962222413,1.15193055444777,-0.206389617958979,3.53470208302868,-1.23158385918438,0.918226395408491,-2.85485171235302,1.98588096359607,0.98021325582152,-2.2177915337893,-0.610135568689387,-1.69376914483316,-0.642737928183562,-2.5989006880377,2.92357027687582,-0.322253282732475,3.89220924891323,2.90515364176783,-1.75493632801745,-3.12220843629479,-1.22709175057442,-0.571737946516681,2.64048916653083,3.35400242298299,-1.06669502179345,-1.680691990495,-1.02219456689503,5.88610330970569,1.56877690879201,-1.98856849604053,3.69469686866578,-2.13312798506199,1.43104120563739,-1.84296981728793,2.50069157159536,0.303567669074348,0.62097027979073,-1.88986704269191,1.9533364315115
9,-2.88261925979938,4.18649886942907,-3.48366180242392,-1.20021779525001,2.2657177301734,2.09103518895957,3.84645437416775,2.7937737859822,2.35749738006613,3.4240030650679,1.18642144729014,-0.0684965569963402,1.56131679185184,0.202913660098371,3.67863565132734,-0.150532941565228,1.70920646610635,2.35643456075804,-0.502568977515091,0.0406886278363272,-0.632120895162575,-3.25633708113405,3.89581930057361,5.72779357709104,-2.04665852984548,1.32863383947189,-1.93835871595813,-2.41285197811547,2.47296050495209,3.07993381760229,0.663954483475162,0.232725692846819,-2.80309579850178,5.12643002184189,-0.211313290703508,1.40991439659324,2.6927065239227,-2.18931826435131,0.139283213402667,0.549854812423708,4.97910114647172,5.21192342220834,-0.60841015143073,2.12784513788058,1.81985662151242
6,-1.17958589435886,1.68117762305658,-0.95837482059656,-2.97121474288832,1.01986898599704,0.775879661553406,1.94608616827561,-0.050769679781189,0.714566775477217,1.83999430736757,0.0335689180618797,2.01517622728625,0.945720079497895,1.91825083633094,1.82365486726611,-1.48305115011431,0.829440701627729,1.38776124881286,-2.40786529830976,-2.56879794915292,4.32203732509654,-1.52785759834041,2.07278139953349,1.93113206983201,-0.673069339491401,0.526152401783973,0.185749006184416,-1.66679046710626,0.198127479544364,1.39146855848022,-2.80035241881384,-2.32991718395423,-2.01174642755082,2.48987940448551,1.92946520729231,0.0164795378080339,2.21649317159797,-0.52907490049417,2.71192189040296,-1.53829059584332,2.39954049770168,1.27872538658312,2.94819756693102,0.689169315291764,1.80081451037377
1,-0.373722776145132,0.785901119133163,-1.8969320722623,-2.15839515408212,0.680774934516666,2.03694746911251,3.02693279008069,2.5389822866681,1.06746384102073,1.40669741384672,0.441727859198537,0.660951519826639,1.23542816063921,2.76694255414583,0.181567918943672,-2.02466262530822,1.48185377320808,1.16249050381366,-1.1324679160756,-0.852811565091325,4.26286983338179,-0.312964615412877,-0.313200571224773,0.240981172522723,-0.808360875162608,1.09115248733724,-0.511688261707739,-2.82954819534249,0.369768652085287,1.35616447609719,-0.683554109440117,-1.06452349583211,-0.701260268670798,4.15252641747743,3.09266977854795,1.56216874216489,2.01529271978511,-0.574292914868552,2.39923359322189,-0.287257351015909,1.76301566469694,0.842752124087881,0.360714302144608,1.38093068599688,1.00020754237373
3,-0.716655607833784,1.85275246238395,-1.84568798460556,-3.50351692119144,1.02794638560354,0.342843225988009,3.53791932550956,1.84704752652751,1.5318917528469,2.54372746892101,1.30588865316847,2.45933510406125,1.38073747451285,1.86749147239009,-0.0674552246680942,-1.77900366385446,1.48324140461062,1.12032513820691,-0.465672104874934,-0.104175737886215,1.88149303217473,-1.12620887193354,0.520152918369264,1.75205160532248,-0.355686193723139,0.974866756126362,-0.833166262770957,0.138227776328576,0.816106620818601,0.573879989405664,-2.37936724375823,-0.907394734685349,-1.68182363581071,4.90713664898275,2.05958051958884,1.56633912337531,2.762145149578,-0.641516426238881,1.46308929843098,0.222997667714101,1.33698774834491,1.92783927742541,3.34589717843558,1.23710903021563,2.7382433885537
0,0.810738055907834,0.276908644493705,0.0822340485501472,-0.818192316818954,0.639080343752357,3.56783788778436,0.533287451149646,-0.352369992390199,0.20129245027611,2.0879111545966,-0.345712315681513,1.07976519377907,-2.28154644548144,1.49262007754984,-0.510058953529336,-2.26224916989603,0.639157280762735,-1.6811005141084,-1.82992468773637,-1.29505411482413,1.6978101208237,0.748311935763132,-1.09873890347588,-0.0017439373926579,-2.42502957940557,-2.3403273652549,-0.22543438273175,-3.51337875502245,1.74710504718843,2.82499922313621,-1.92522904458291,-1.66453033870891,-0.818960477531213,3.99493444723179,1.84345771872145,-0.889728763254553,1.37052440369576,-2.54950581068027,1.22436511932607,-0.578392752884474,0.886156341218915,-1.02137862174192,2.22371653966444,-0.807294916914665,2.88416357186921
1,-0.698839038576047,-0.0521767383396446,0.31333541278056,-1.83691121827163,0.336947538519819,1.48073371493657,-0.462743418486954,1.74591852165507,0.174848495631661,3.7350313101572,-1.53455543587912,2.48386175705495,-0.0885543161920772,0.98690106250033,1.63696885219247,-0.984995611290276,-0.0897498280939552,0.837311934978807,-0.253694348935309,-2.0373066988764,1.28137431053389,-0.593345336994704,-1.22986003635869,0.141304110690936,-2.92934077215015,-0.18428506775118,-1.67641318508931,-1.93616195220102,3.14039130331733,3.54850650337156,-1.79388015926623,-2.05922420279568,-1.15186181898844,6.45591116802772,0.895079366091508,-2.1418817968738,3.36978314756947,-2.69403935910592,0.72108800127001,-1.29567623646491,2.44335641869628,-0.35406648144493,1.81383121022855,-1.30233295106512,2.56408960528616
6,-2.0367268989548,2.09294520099925,-2.08413943382326,-0.620056382958821,1.16045070214376,0.556797928012196,1.8934967267406,1.50712251492493,0.408376528085246,3.81248506117611,1.02873468859315,-0.0601879180549193,1.17941553053278,1.49357478700192,0.703624862586141,-0.770103895483205,1.3419917141242,1.91179433756096,-1.64054472861479,-1.19603656569155,2.56342928806368,-1.87660483425781,1.25004276088406,1.83528228123237,-2.30614210837636,1.43141584168677,-1.81308400485378,-1.03612169225184,2.89298435898352,3.30905553531847,-0.51805060153947,-0.871378416788201,-1.20354145165759,6.44928119772321,2.04552089064911,1.02275763743986,3.68817332749461,-2.78057911583169,0.675006745359795,-0.922286160643111,1.01044292084276,2.46362258579586,0.819019983098497,1.19409850527906,1.57169346679948
6,-1.15828632914648,2.34107993464928,-1.63047411048188,-1.54578699433031,1.74352506177655,0.314598835189871,2.33048776926104,2.14653249780772,-1.32951568802528,1.5339887593143,1.45031687815833,0.967345248826196,1.70702441461873,2.13225519986461,2.53254107547139,-0.768965956223525,2.22863969518141,2.18858412845502,-0.209235012637096,-2.78730735361678,2.71505443874431,-0.994825952727537,1.98446363443379,1.54188398051445,-1.6668988881212,1.74062276579099,-1.0596555750597,-1.62762418073066,1.29354309275852,1.05654810962493,-1.30794263067314,-2.37666856070133,-2.26717534015417,1.69545793348617,1.54627619681875,1.87507743410567,1.81795524189605,-1.23206073827458,1.2187113373469,-1.68321295359937,1.67860875682162,2.2759218433998,-0.814692797070309,1.59788940523406,2.8993567801931
0,-1.61161116275249,1.56306910731417,-1.52007521674771,-3.13840740732056,0.868760001018977,1.45226528039455,1.87108069869587,1.71031163247946,2.54885481674202,1.13328258162863,0.647160827852993,1.67943494251173,0.0982683684319141,1.53110267832828,0.555571916232606,-1.8151960850798,1.29054869460389,2.15664865629438,-1.04076619914382,1.68632573075987,1.19004815941078,-1.49312291529236,-1.6996307363209,-2.28862966499872,-1.43104200575068,1.74054258937274,-0.0575469731750302,-3.83736118635663,0.976216368493714,1.50213760613292,-2.35118079516676,-2.71481361506111,-1.23564492435682,1.84101558310061,1.91731201046487,0.27556474576454,1.42241724360731,-1.35803765431173,1.28701185926655,1.91365208964895,2.06601478670548,1.2327641445942,2.13474094440988,0.597967007885184,1.52542441091581
9,-1.16770576559625,2.01459831150513,-2.5067035426121,-2.91007603883151,0.870978649926668,3.36168269787998,2.94692956192433,1.41781904861949,-2.91861910035757,0.166958132063038,0.755375205955184,1.06534774129561,1.51038621565546,2.13109567787485,1.10374712760028,-1.39134105968505,2.39577726850065,0.491129195119125,-1.67375793837114,-4.76752288882513,1.67705558258714,-0.756053459129155,4.22213525949927,3.6695181985077,-0.430732185580333,0.641389867067827,-0.386545672472738,-0.989470313063076,0.368171153084467,0.271396145802485,-1.75305266500006,-1.38240464768541,-1.52341312658134,-0.422232618527309,1.77057578686867,1.07324702693953,0.783112089696386,-0.451596355464529,2.12151001117172,-4.15873967261176,2.07289046854402,1.40359763170389,2.20492031254553,1.70701938352607,2.39914332679604
8,-2.73252108782832,2.62645554542083,-2.97826519689854,-0.469381294672865,1.69090553783644,3.5462404984124,3.33443098038101,3.10435616512126,2.09649343464171,3.03927975439824,2.36510416946943,0.18247626755029,1.27336988924112,1.1512539541226,2.55726082383668,-0.813006053715551,2.10542715763283,2.39473398805323,-1.02170089432786,0.796919473148403,1.63392165961494,-2.72047770567805,3.27380928336929,3.26058638016358,-2.73887849143055,1.7521732916113,-2.35851983667083,-2.30531948614639,2.85996262388266,3.36420452998615,-1.17117285135015,-2.02147310877056,-1.61264496613974,4.11106611786569,0.0636010970353363,2.66901535414399,2.53539373462343,-2.65902991568515,1.74986063335187,1.45107787243402,3.82349223457869,3.63678151175121,0.652381261689316,2.03157160696389,0.075723478986386
6,-2.57675721440195,3.80036955819298,-4.36897040791615,0.0883183742279135,1.79931415947677,2.60085813850612,3.55116997594993,2.0823471937986,-0.929258338895848,1.65211063150765,3.2575609438834,-0.398983323388535,2.5582524547556,0.0329588503268425,0.0021678518212353,-1.86770830904944,3.19189687023581,3.20510522730397,-0.39757472797346,-2.52236221749992,-0.781468102870582,-2.54049524501785,0.792576627231024,2.26395465617218,-1.65995995584002,2.75055269908284,-1.24839265584376,-2.84230153324674,2.2595712618983,2.91835239586329,0.188928776958459,-1.1753514732746,-1.71069130970359,3.29573200446255,0.478089569355211,4.36397727513168,2.88271311506556,-1.8650251194769,0.419570918608383,-2.10566812973182,-0.397709240432203,4.783763294351,-0.948955441784975,3.50995954523495,1.38475155739121
3,-0.727202974854938,-0.997489728770674,0.478797515425431,-4.07498655324787,0.492766422910217,3.37418147887565,0.0184253714389986,2.77433376296856,-0.533016938462376,2.46676286210745,-1.65261057576791,5.71415105578745,-0.954313790756033,3.42767832657572,1.88214821318147,-3.76258146569813,-0.487052740960042,0.21412384487413,-4.67848732070685,-1.21736577485967,5.62590043788615,-0.805297110718678,1.39369150118368,-0.182486535934024,-1.16376239366471,-0.312006249399139,-0.334433761076882,-2.53571195834821,1.23842576684559,2.75200729433657,-4.94812268662991,-3.30174404157359,-1.74718828920574,1.54035631562932,3.93133148975259,-1.85676459288267,1.83525279946366,-1.34978184383147,3.53921862158065,-0.87087492470357,2.61294830753761,-1.6597427208938,2.65573010929287,-0.760815241214862,0.0769820105040001
5,1.38594908747335,-0.414959288738735,1.18818342071569,-1.46298887276885,0.048464985020177,0.771466662029333,-2.02968071574183,0.307941904943944,-0.623357430087593,2.80866508026851,-2.29131585064868,-1.05513821527135,-3.34679788404943,1.5423404112593,0.386936498076562,-2.1337144065221,-1.67439783095767,-2.12601440732163,-1.41320628342823,-2.72358788616922,1.666273602168,1.2876303279758,1.82295317024686,1.27695794362629,-2.73565507078682,-3.79084685753561,-0.978218849530224,-1.30676314224148,2.67461339744069,3.64657943047512,-0.885319575597597,-1.3323452339828,-1.02990896230697,4.59612483347854,1.29947370635559,-3.81489880713545,2.09356945129262,-2.54733183401178,0.91008738582038,-1.93496851809184,2.59966503909592,-1.37864157416717,1.15772596444631,-3.01061774559785,-0.286007894241316
6,-2.93188357313768,3.0077047954458,-2.10661292671445,-0.364797362069948,2.04110589999456,1.81551547831719,2.61003209613049,2.11861290731936,0.961669020799802,1.73823881517397,1.07717786382533,-0.340121726982168,1.47248491694739,0.994189341237524,3.07289313677002,-0.508758892209221,1.96157064394206,2.29981844469916,-0.349586669525536,0.0026661234934513,0.899370226056313,-2.48068485842515,1.64288865640582,2.35690922401629,-0.319553587811801,1.66888507942507,-0.343566516839454,-0.30461567473532,-0.215694805381687,-0.449666611952551,-0.203061420885182,-0.379945511069755,-2.54348411590265,4.32383129815911,-0.0841120582898778,0.823882238210837,1.72289412910297,-0.566241288500395,0.578262005591192,0.0906920712950089,2.30308507573931,3.20397225601981,1.4658298365793,1.13381194081006,1.55882377773889
0,-0.1499971302641,0.899251567396184,-0.272635343672181,-2.05591510645464,0.311946949596591,1.26852431593895,0.997537826260343,1.33200686156562,1.39341171801243,2.62127124229286,-1.26446031171525,2.53049246590255,-1.64052775061118,0.856867156536377,0.191402697271625,-0.945114669284164,0.157943476936931,-0.735558295449568,-0.61499643925435,-0.914049895788145,1.08242510777552,-0.10263103812753,-2.34903944085846,-0.289930514929378,-2.10182635963341,-1.10961929953002,-1.7661181789603,-3.30469642034562,1.90476573547394,1.55709497412431,-1.52363213745699,-2.38042637266571,-0.478657079126571,2.66047144928181,0.832622561551364,-1.59109912499792,2.05567950186056,-2.17035196620127,0.318892469813338,-0.316790159591213,0.115356135994376,0.52084867897723,1.23423445976563,-1.26515461457311,0.608560383896344
2,-2.02827769883695,1.82791939808263,-0.913319524805473,-0.530626187507391,1.78292757217822,2.44909687907262,0.671043078137487,3.75036223966566,1.37123843897169,2.10080318768665,0.375402908688715,2.2048676183694,0.984430204706829,1.81518732607603,2.85550539006138,-2.46370637502346,0.6492227729484,1.70964003528516,-1.36152104831186,-0.341572838146579,1.3779742718006,-1.69733693281599,0.316945676716586,0.205357865609774,-1.68690339353501,1.54258176279187,-0.640549922727214,-0.388249686442843,0.804966769205691,1.2395036400501,-2.26562033645492,-1.83036631008753,-3.13887649955763,3.73031585687995,1.19105434888201,0.163469859846062,2.36120165675847,-1.32413350275343,0.537167755038304,0.298230584453629,3.33053272779281,1.95533030568782,0.826659543983985,0.711812069430438,-0.604357612398673
7,-2.07053195945396,3.74559118539848,-2.46274554184982,-2.40263704187943,2.16642434184785,3.07732547117066,2.07000454686104,2.35268106543976,0.220052464303524,3.24002521086795,1.11636276164548,1.643400344529,0.994625111798355,1.83205297646866,2.23692483591591,-1.53430734008879,1.56938729280384,1.6186165375656,-2.09151671208872,-0.957448789146198,3.40132312272192,-2.23486308806173,2.12987512837493,2.39570777143678,-2.29650032654762,1.34742228385483,-1.29643825203582,-0.497682653288605,2.04064361843381,2.48854103857387,-2.19013428156385,-2.35328300482742,-1.95756671410842,3.40517048615225,2.00277174022392,0.949661365049782,2.76790472174177,-2.02582977482204,1.85413617542947,-0.11333934794332,3.54738197684786,3.40499180302773,1.41350859923858,1.55389374592427,2.50355088284349
0,-1.55289572460038,1.16464650796565,0.381514809828937,-1.43044004959194,0.0134863944797723,1.66619868845632,-0.630773851612574,-0.300723951502773,1.27248363743931,1.9290883470379,-0.474411138863288,-0.743171668082942,-0.622996314646785,-0.354303312909743,-0.963376128473659,0.881048194238113,-0.769767723677556,1.02895152008031,-0.684283535809919,-0.447284901178191,-1.13267918108683,-0.98380005316898,-1.82971146799226,0.445714767172927,-1.93295489232057,-0.283803037010737,-0.707189061690041,-2.55722160194088,1.10841641073615,0.731709217333886,0.693586522868868,-0.0018619459390696,0.185046071238783,2.8288920691146,-0.442255966742635,-0.520750185822221,1.63184175897203,-1.29613093343647,-0.0557927998737532,0.206827886377178,1.65532376718098,0.657041169760248,1.18821818378781,-0.891637950620808,0.716172996213078
0,0.37490055167178,0.941104764830242,-1.41233500118667,-3.26195469098031,1.09744342638694,2.41759499941073,2.46580061381226,0.810058904976548,-2.19173243127371,1.17596338394648,1.25930955212673,2.80124013101015,0.254400801808341,1.85395048546577,1.08005063645571,-1.36025275923423,1.11442275954419,0.82404085185855,-1.96960906107637,-5.04145702251,3.81518339805596,0.182158767126114,-3.28051896470003,-2.65631651333137,-0.946490799757342,0.303173385700888,1.24783799397655,-4.600268215374,0.393865310149533,0.554744254744929,-2.70157239360894,-1.46006345542069,-1.69239370313826,3.06077858644476,1.88109751639352,0.774594965673795,1.43073969510877,-0.944515553274701,1.28225333509077,-3.78568307528427,0.608330733008348,0.253624267666436,2.2379661798637,1.25451894939444,1.01778547766339
7,-2.75943477536484,3.26158854764643,-3.5408609907767,-2.77888990640241,2.55974889262745,1.91061879040453,3.57784579385768,3.19520026258937,0.513596635244556,2.33327103400343,3.2170415826942,0.815213224915839,1.57285037723431,0.385528428080753,2.31555111993065,-1.69625736172682,2.99174994890446,1.18404372053963,-1.77986100367398,-2.04322837527762,0.266840759635555,-2.87908384655611,1.9656605170849,2.34811484810568,-1.38626913317567,1.01921356837747,-1.73839787732324,-0.847364564562086,1.94883713687522,2.06965685165114,-0.811558934421873,-1.33773435922036,-2.72369494353408,3.93846038258872,-0.3937909469953,3.28713871043879,2.50688134653285,-1.41904759108369,-0.0686051422624558,-1.23930857472952,3.16010515659756,3.76323075747351,0.480703252966543,2.60559575028065,0.797051043440563
0,-1.32459394397225,1.30380213677505,-0.658225478804605,-1.91124327888886,1.00465297490317,0.873397128309386,1.30188769726674,2.19012203508824,0.0158190137376126,3.48187288150103,-0.0764840259274675,0.428733837500064,-0.151663388149168,1.55086476130309,1.01177190777613,-1.584957180736,0.835311740238999,-0.0844657660302482,-1.99612057225562,-1.96757317665305,2.24175856697692,-1.27287399080656,-1.40414235647786,-0.0807574018330505,-2.58905946448787,-0.226151427099553,0.127317751613876,-1.56993170162909,1.89523994193558,2.72325876784188,-1.35753380639313,-1.54873076382998,-1.92762982435261,5.66391736355282,0.827777554097649,-0.82516016939455,3.55699088714062,-2.04283475224257,1.25841730731371,-1.67025601746283,0.854245462014953,1.31678276447666,0.682473207674119,-0.0133810023300582,0.916413173090838
8,-3.36428515062367,3.80558965783438,-3.4435128381665,-0.921998100799734,2.2469350167996,2.27863657809008,3.73483145762245,4.05496156975316,-2.51546403844677,1.7037140832433,2.34027147291471,1.74021105777789,3.31290405223074,1.03488509878387,2.87662956304613,-1.88364645015928,2.84390171232365,3.08948002941336,-1.27543410167455,-4.14033511779517,2.75785005378172,-3.25609233618748,2.27852433496245,4.43346487468045,-1.50139841374425,1.8778663142077,-1.99415539581816,-1.70687064838399,1.06917366610544,2.50402702620808,-1.80619320225472,-2.72679718516411,-2.85176054585108,4.391903802905,0.95302621919816,3.1546021982732,2.14123069821183,-1.19764224472135,0.691654904204603,-3.22306270069618,3.05694517845639,4.45289347174077,1.36994927423308,2.76078951141771,-0.0291555522355392
4,-0.679667837358414,1.52799219826722,-0.838175629270047,-0.820599903586844,0.984960526963939,0.114364537037897,0.354295260828223,2.68262393919808,1.67186638855725,1.55962082471798,-0.398976322847526,0.768355740734435,-0.255780928472535,1.02486957210546,2.88300602108848,-0.880968270399104,1.00994133982201,0.744931283203268,-1.38709594622675,0.0861677356223671,0.16673834845038,-0.916104950128646,0.733873040608413,1.88637630052127,-1.43572324861674,-0.200432519469023,-0.479958142860898,-1.35768701347683,1.66977992739048,1.43398928811532,-0.905718832824225,-1.1793375190301,-1.47377900976861,4.25375394956032,0.0801183694862869,-0.351007342574915,1.77552101037257,-1.32986972185688,0.670383191538606,0.385494054024125,2.65268716857243,1.27253226747935,1.52624269938697,0.283870389894407,2.79271220257813
8,-1.35594164473938,2.15245593466306,-3.18037516043165,-1.88258145365365,1.72642048338802,3.37343928373078,2.989852758358,2.12443587258636,-0.0997875187206239,4.64815057402147,1.7917879479811,1.17003351617748,1.36886105690993,2.47737721642471,3.02912230614311,-1.08026395574527,2.57369275906071,0.640568904259767,-0.625177568878988,-1.18910012554204,4.19879300099919,-1.37087676828515,2.69962038156429,4.09255049588008,-3.06785467638379,0.0748557412896057,-2.78203794603581,0.365333527359042,3.46435465779143,4.51641121771957,-1.52469459277789,-1.09645249606044,-1.89903315386405,9.00683126557882,2.00081133495276,1.44111768433529,4.25843738811034,-3.13579015182761,1.2370602099336,-0.771779478462191,3.26853853488679,2.3415538943247,0.992507947129069,1.64938147500803,2.68958559556941
8,1.22244725329501,-0.710905640350495,0.671092899531094,-2.65202109681183,0.282246852123933,1.24230002680894,-0.996002868381923,0.26167746308509,0.208361409826958,2.035921997947,-1.56501397346984,0.369857029706943,-1.20390419977333,1.93632521944709,-0.362122504372888,-1.10206382141251,-0.366775693551695,-0.368485309352407,-1.91187347776802,-1.09630761508969,2.13932507004446,0.706032642383863,3.58537519353347,2.30993972198175,-2.17966061876406,-0.387760387482425,-3.19123260164979,-0.452528009564084,3.00281161125345,2.21666266122268,-1.86916920330387,-2.3435786912434,-1.40323831182016,2.67361289709397,2.37111416524601,-1.5290726743964,2.11060144873772,-2.3469448503882,1.42956588625613,-0.901669952189398,1.58657132651626,-1.40031938367851,1.76078738798652,-1.56760362610288,0.800364535465594
7,-1.57029800765138,3.46660565137781,-1.10372322414895,0.965327970316332,0.562030280457221,1.17398918413427,1.03071419478112,3.07815688273745,1.31621396904978,2.92359384415557,-0.177909847247382,-1.59835500272212,-0.282181682812196,0.915838112652363,2.75088863479514,0.401033451380506,0.441282444909814,0.798068652051318,0.0414422898504717,-0.70463586486834,0.228531449595192,-1.81982521291343,1.57692611369171,2.9465215750812,-2.64208373516524,-0.134106527023929,-1.24284297659877,-0.537805335994836,1.38809339331334,2.30480272318074,1.56911499705923,0.970026213197699,-1.40470152951676,5.0117276228762,-0.311072002006662,-0.129907850615913,3.1889514556525,-2.14698305497521,0.125468063832543,-0.172904418390834,2.54440649711825,3.19995381185832,-0.979397745470512,0.351850633578547,-0.0239661047526293
7,-1.70599918994472,0.967715994008489,-1.25768465807596,-2.96463254729856,0.948540467744304,2.84512036926901,1.55957878800511,2.65793148655765,-0.4620204687668,1.63092978701681,0.142785880184093,2.987209449946,0.844448476772216,2.13436432682356,1.52205327912394,-3.14748349077451,1.31499972808782,1.22852879366106,-1.49436725208841,-2.50832189068245,4.29555468160553,-1.72075096282249,2.59918843822757,2.25726753858159,-1.0110715596548,-0.0419136422259881,0.370880242556635,-0.911511202077362,0.697473616011295,0.809949721495893,-3.37685435029782,-1.31977346815252,-1.81933848587508,0.262335397324792,1.52391512852556,-0.555097447507372,1.30137775621323,-0.935376994373764,2.34232451149345,-1.59486361989393,1.11675488511373,0.818428031012187,2.97239630072624,0.432929961212106,0.652487666883868
1,-1.60842501747114,1.75183171543186,-2.07389012719701,-2.89008200961699,1.18209611207055,2.45122121431561,2.1602805535189,0.485645306370112,1.31842740516481,2.83653086902477,0.597498870876667,1.36965631428278,1.16915682873705,0.974895236028004,0.239184575940792,-1.01513677657537,1.29119554774831,2.95839194164976,0.110006904050608,0.798349355771642,1.33667438303045,-2.33853959420243,-0.791518587427072,0.342195345332667,-1.96836784915214,1.93458727803892,-0.568925503725566,-3.48787523129526,2.0071696301198,2.34367149042531,-1.26249280447899,-1.75245722346783,-1.50897448390872,4.75489054506936,1.13483302294928,0.635463706565892,2.54258241144449,-2.21915179805463,1.9319280315089,1.02067583049163,2.66354815947997,2.39372429242947,2.22806787215325,0.853167050703147,4.65995625133769
4,-2.27574383930916,3.31280036194334,-3.7369428214354,-1.65041734210498,2.44482193537786,1.44310972106472,3.49316166297944,1.82087439271764,-0.0726381956100476,0.674589725877256,2.2567505185805,2.02817470578881,2.67536783775459,1.94682281543178,1.61483348462711,-1.69197552344432,2.58798782009194,3.15196594926935,-0.913584475933827,-0.370072434754407,2.95512007384655,-2.66597005485485,1.14500438987695,1.56858554126691,0.0184292140574145,2.98650034210632,-0.387976551222236,-2.88756636137606,0.429063099583981,0.534655535419618,-1.64155563783988,-2.12371722375296,-2.33706180939716,1.95245233104804,1.55747667146287,3.17609799386246,1.91131041488739,-0.51527719408693,0.892560694933356,-0.121791001928864,3.34837788812912,3.80939647814428,1.17349060932578,2.5955539550575,1.67331018278443
9,-3.2415939436352,4.48588673244318,-3.15200759400016,-1.18469792604558,1.94650677726267,3.74016060729847,3.61705137673201,2.34463307470056,3.07869975295388,2.31229177802912,0.783662730452018,0.797020221356495,2.65737796911155,0.280813207952458,1.7436381943908,-0.704809446315691,2.28411446259166,1.76769497461754,-2.63043471440572,0.34532745443921,-0.995097550669717,-3.10978111317197,3.53451315828483,4.3461947744723,-2.38911523971686,1.96542440057106,-1.89597001156977,-0.865259396254381,2.56120711136564,3.53099452571848,-0.386191231244391,-0.48573176232588,-2.01875545702921,2.86380698189651,-0.745051793551155,2.09055113251545,1.62419767890923,-2.45232097523517,0.490200442239149,1.00638602821488,2.91363479826045,5.07381661314606,0.0360303102347964,2.40442858407766,3.52993094835416
1,-1.95666832225364,2.06506198700693,-2.98455674384187,-2.29502843597729,1.45880488962373,0.562712654797302,2.99312213989814,1.52628142036487,-1.17668481117203,-1.41297597902585,2.50753865789726,1.60156398949666,4.37137254027,1.08797447287038,2.39304147863033,-1.3674069398579,3.2213479408137,3.84335102168826,-1.040283123937,-1.81159648314976,1.19383604093899,-2.04604668165312,-0.355991885015207,-1.05698747283042,0.429101076649172,4.32501733222656,0.154246791507625,-3.68177957592051,-0.442923952630268,-0.573359693727649,-2.05567474983517,-1.81939603423108,-1.95532501932591,-1.80416819108598,0.227275216244707,3.42538677714038,-0.711694612194205,0.548119029940274,1.3425293047282,-1.62640444092331,3.33258369263186,2.27741485924211,1.36836960518181,3.1484631091221,2.40445136317251
9,-2.39200352744189,2.52227845752123,-3.31982407524079,-1.29280858608911,2.29983583072296,3.46383344366385,3.08430915117683,2.25006645403976,-0.643862724147547,0.76606146350919,2.75240764541111,0.747550172077671,2.26156326883859,0.620048341015079,0.600942452021144,-1.79930079873792,3.49363720623556,1.93866792184032,-1.21876062368905,-2.70447861176045,-0.0917575127970447,-2.28243532999558,4.46735449776052,5.5721434538477,-0.87752939758806,1.88880146425697,0.174218796400883,-1.38108338902463,0.63000572890772,0.455655341406533,-1.71099781355447,-0.952245726926487,-1.62476811195267,2.22662867121963,0.566471975739521,2.73175166267204,0.803565270966417,-0.889303828279289,1.26739517965426,-2.11187770267126,1.88088908360899,2.93016921202926,1.60759198234726,2.63657474256237,0.75749619995486
7,-5.33270564523,6.90267067469446,-5.64110007736804,-0.978446707876838,3.83321730165784,4.38643888378073,5.00274244809159,3.60884924643587,-0.367991833523498,2.11772006880049,3.73226922061045,-0.214208272360798,3.51136563694721,1.46968302770102,2.77720759993539,0.0499855237940893,2.85251472143239,2.56759769555981,-0.0457320924538487,-3.50141451629804,1.68170259078838,-5.52560534235897,1.033397237076,2.98017318093737,-1.6837676892467,1.97928670763401,-0.751652043791172,-1.57991576781652,1.05142572701542,1.09151752181295,0.1736023299102,-1.33199111327003,-3.11255890150276,4.23710745729769,1.06989124578364,4.19191404401573,1.77866983867283,-1.46295655015549,0.6042181567777,-2.22364310341784,3.25683555720016,8.4393001845945,-0.0854440193365417,3.65054732024769,3.36536501185958
1,-0.395094424795578,1.37690612790305,-1.84425833592814,-3.84122566122485,1.29098316998194,2.26835534697721,2.30147550689624,1.58989677758724,0.198717304452229,1.40761095823767,1.65334384826382,1.94185302685612,1.70956917639612,1.64207544023597,1.31909756303188,-1.83801510982707,1.64615863103908,0.26302513723542,-2.08592007113172,-0.20995176517559,2.2505614989193,-0.673398708150531,-0.419597689154661,1.39596813503446,-1.63361781791981,0.578241276738351,0.137750764249114,-1.9791651003809,1.35140576054039,1.67428466545146,-2.6411563445843,-1.80947122576256,-1.88092707823899,2.93089690099291,1.48397694194424,1.64676533046362,1.49591528798142,-1.72336296305179,2.36538200793528,-0.0279206545442393,1.37758260258149,1.09865516553653,1.93460911263973,1.71212647841127,2.29836593762038
6,-1.92004009570555,1.86200438440626,-1.51219905425638,-2.40085934887899,0.971112805730432,1.84426889507455,1.83905251529256,1.6319032052073,1.08126817397936,2.4454405813273,0.466855839975707,0.287487685937387,0.740736998843934,1.86219791715889,2.04970669943701,-0.736878793162947,1.60757467402403,0.804580771315151,-1.42255527714482,0.645013087785547,2.32575150873094,-1.90784537248821,1.74257966371556,2.78511551944409,-2.10369686553913,0.300262142135491,-0.828785694120466,-2.14046758121271,0.809094342476754,2.11749566854045,-1.0951617839822,-1.07961575228723,-1.09427517971275,4.53441948600995,1.14751863087176,0.587555572395684,2.20966559061942,-1.60170766276928,1.3915978480853,0.714048040516151,2.50843690104067,1.90159549674577,1.21707626102601,1.09471904837383,3.05575902976109
6,-2.08137727939313,4.67088839216389,-4.83778469086284,-2.40222237008776,2.84544876949385,1.58860023884616,5.1965260622358,2.3630673159845,1.72830400813629,2.44133367083351,3.02832634309691,1.14589387609312,4.137509741875,1.2834263761282,2.19285732027703,-2.26432633052877,3.21909812788996,4.46418494271837,-1.60703997849845,0.58102347694322,0.615010726684215,-2.27437402619118,1.34877558342817,2.46295197195355,-2.4082327810839,4.54335685860044,-1.5753444233815,-1.40628157694368,1.75460494704495,2.4503145506654,-2.13081551058609,-2.74529213419009,-3.12469616426168,4.01663586184987,0.0865378790795416,4.09750141602084,1.50354747881774,-1.93950471229547,0.721728549027295,0.913868688386348,3.80482969508328,4.80732493651563,1.08621921387381,3.3664606560868,2.36168363670795
8,-2.32469520629105,2.3603676919818,-2.15948447239009,-3.07035792255587,2.15803985151275,3.14194782873436,2.31324906803762,1.75692591555755,0.845486816646897,1.51021203527635,2.59795426920715,1.95756653926183,2.11340948243521,2.84295436135619,0.174588973481112,-2.74577394055243,0.449826551905182,2.33988660435322,-1.71826093657182,-1.28686948480307,4.47735409481072,-2.25199080713321,3.59771838408178,2.60171235919549,-1.74081033740291,1.99516143126941,-1.75949470756071,0.143158218616884,1.64147124740385,2.29332971666001,-2.88456773502475,-2.65031618081452,-2.29883823851927,1.61699985879595,3.03747771372369,2.92536997586981,1.30032801153785,-1.23863227619804,2.6569732428784,-0.384928587553179,1.8340344385775,2.78241372248281,2.53357437784277,1.67141690743049,2.71469710390434
5,-2.88329175843072,3.51726695959105,-3.93386067192051,-1.71363166746805,2.01098267715471,1.01256702036086,3.99530821806766,3.14328519154482,2.42376776263821,1.38923995471604,2.75968289465293,0.513251233261079,3.17027311872336,0.885895492994676,2.41611039511725,-1.6228735015823,3.1511425639921,3.00823659500241,-0.559412087982347,-0.0876655391275806,0.882358423679439,-2.75415514756678,1.04328977605016,1.7633420545407,-1.55895770968931,2.65332967482777,-1.09323680154515,-1.96272842428056,1.1311190160755,2.03840561222273,-0.94833055677326,-0.417822345657831,-1.74755747735288,2.53722044758594,-0.19982556817091,3.64521404503971,1.42944958967128,-1.43221749496235,0.35654041258089,0.698973143869902,2.28980559700211,3.78069291185943,1.02631511429049,3.39982413367135,0.456201171953386
2,-1.86119984918351,3.11556075674667,-3.31594237776132,-2.7829292229273,1.96939187011089,0.100019756313171,3.13272733882074,2.26461189517638,2.11006887231526,2.76891602457177,0.630847527309909,3.0858828818398,2.08841156102106,1.39399059323485,2.68104843727496,-2.84781151664086,1.90771731577484,2.57895556155481,-2.42481384462781,0.602470317875741,1.69349231590695,-2.00168798932456,-0.367791124308044,0.913372782185283,-2.32546261493621,2.51491785492933,-1.74580205805302,-2.8259536623448,2.16210895620632,2.36407857693165,-2.39211008504144,-2.1466419199093,-2.73541887527459,6.16545119372532,0.749774313676624,0.717555859503688,3.12682551873961,-2.42906830549133,1.20200586814811,1.13515095154804,2.18824845541911,3.22932874059819,3.69234783784308,1.72945969902194,2.19031454797179
0,-0.752467132872896,1.45836984436162,-0.457257180397779,-1.47965156437115,0.0309337736535515,3.27298114852029,1.06544883149129,-0.936019045071043,-0.257334146293127,0.86886671963644,0.450350168529597,0.288796764193568,-0.670621188998258,-0.14251152362434,-0.520451860527461,-0.226348566908997,0.390265999837595,0.284495636732223,-1.65686831477143,-1.00383617227966,-0.606791328980109,-1.04384092875674,-2.30392999644664,-0.872210355305171,-1.65196454694368,-0.496077887695871,-1.31290949668609,-1.46955386700059,1.15139029046223,0.156893273901627,-0.129479113136474,0.305993069497355,-0.197404617670307,1.64063310721213,0.455366480846163,-0.377146562381533,0.930314701107091,-0.991269950199307,0.566585888208708,-0.260403268298036,1.09478520049229,1.40856816272967,-1.00695305223271,-0.0957813578948399,1.8946268878743
4,0.182873335508624,0.299330884151224,-1.23948193117562,-1.94932606904258,1.04571064036143,2.9734834939457,2.28968989120532,0.809632756721656,3.17278360697051,1.79963697153234,0.488143973482752,1.2465468720414,1.22253382567031,1.0108238581546,-0.114433848201562,-2.59739320775591,0.95195373424031,0.572671098671817,-0.950015476665901,0.466900761111809,1.61257403892201,0.0006753794797345,1.38927244628676,2.10695554487269,-1.08995646278785,0.631425515282457,0.604463253842289,-2.09511096534171,-0.0369044970562357,0.671355985342452,-1.89289217732861,-2.02478512519929,-1.23131943631395,3.88582040887924,0.813831099605717,1.26255993761531,1.20136371166557,-0.5795271598238,0.76114350767825,1.27180835948126,0.785594086800675,0.402430973837242,1.18098653645111,0.914321225689548,0.135550657916982
4,-2.61730327164794,4.32089538288729,-3.08462776947892,-2.05685925784543,2.26790759605254,1.08999118684986,3.98010570543712,4.49238618744365,0.911865936652295,2.49452134244724,2.86414212797073,1.31131644919995,2.22366594180393,0.637023472708949,3.81387053763591,-0.783260166619353,2.61107730075019,2.20987083047385,-1.53991756739249,-1.55104882943063,0.55866514926378,-2.61198873992488,0.111020684263479,2.53202035626806,-1.87566447454887,1.53622393794364,-2.13176709174196,-4.67470856342441,2.15762237894042,3.21436701155164,-0.676159190075626,-1.4107629381407,-2.70820344363573,5.82412309155122,-0.779998148920538,2.98733740882771,2.38806132056005,-2.16430669814768,-0.0460925751671248,-0.673834126035317,4.26098108425196,4.49011851701375,-0.150010635460499,2.22609243935567,1.87689352070285
1,-0.707376911755757,2.22113849232161,-2.23056012482935,-2.03817427670086,1.94879864729446,1.82641183723672,2.67853026417329,2.25651607980586,-0.931929277934943,-0.512968549192404,1.55132853128325,1.96082313764974,1.61081310484381,1.58280750094639,2.40172450194702,-1.82678173959117,2.28245622507406,2.66929337669998,-1.67862076256894,-1.89739364600365,2.46873457945228,-1.18555836748665,0.0628638051364799,0.202964476828354,-0.160319361003556,2.03575576657108,1.06804717317762,-3.14624850086648,-0.727784444167019,-0.395431689260971,-2.22813551874119,-1.95461011340957,-2.44144627257157,-0.117202252007802,1.11608254715248,2.70000895984843,-0.0498290639776952,0.191406164725721,2.15495020138751,-1.87064518330171,3.13349967454959,2.45961841334469,1.87751477322687,2.02231541515447,1.19591752052365
0,-2.67499213730952,3.41576046404258,-2.53579295660028,-0.194075818676824,1.72330006120665,1.31803934586604,3.04709809297445,2.43281441805943,1.05479514108608,0.991759088379247,1.58806526005055,0.746069315992116,2.9360438585238,1.28455067684175,1.60868951124838,-1.4025224263355,2.59190339352539,3.2910292273863,-2.21046851935101,-0.422701320785945,0.389747185312425,-2.50577508438827,-2.64975945152825,-0.496553847576461,-1.08575129394781,1.8953371556039,-1.28646687309807,-2.96631270717178,1.0551102112575,0.457650363229708,-0.836551335645484,-0.648498768033307,-1.61421106244872,1.33778228456252,0.574259745344325,1.80145836460688,1.20541525987428,-0.912201641736371,0.908556263531452,-0.315797104669201,2.91981996837564,3.62034836433693,0.889753504285314,2.11469260361853,1.04066443614475
7,-3.05270884407531,4.47179436256884,-4.88699402023081,-1.54417937026056,2.64953004283493,2.98421231610487,3.59941380825837,2.26652732754109,0.313178663866666,2.8428710780284,3.27282788178799,1.87500260376224,3.33476798589937,2.06490573874972,1.25562907639449,-1.16033940006421,3.89458749724737,3.60922206305557,0.215516813339188,-2.51151775647023,3.27422346566445,-3.10429105686796,1.92073293549656,3.07806143488961,-2.07604189128822,2.43886718571457,-1.1560971125162,-1.27398544457469,2.26175384525432,3.83501208374506,-1.42097900527823,-2.21622944800776,-2.99442746443496,4.1888784238605,1.67553236251355,5.22976925826239,2.50735660922838,-2.50191497503981,1.93713376314648,-1.57086563820509,2.46699417677074,4.95756968236076,0.805954124415002,3.76487544624008,1.93176016215051
6,-2.0089091026193,1.09967564827668,-0.773871729467879,-1.30072721154621,1.0107290874765,2.48676857678568,1.22270430710742,2.33723548246472,-1.664538514159,1.44913724269103,-0.423464285023455,1.88171921236337,-0.135074608950216,1.69473276955239,2.7417240548546,-1.5967438491948,0.139823506428989,1.34404544242322,-0.208296089068313,-3.25016165910539,1.84993231908256,-1.74881916098743,2.14209789305615,2.22324478205941,-2.18995560759344,-0.0734268993620474,-1.1957805366771,-0.380114901206326,1.92024912531294,2.30877476325385,-2.03734539881931,-1.72162457976204,-2.18286746568033,2.67703799074685,0.551705502553531,-0.654560992385798,1.67007376369913,-2.1300407189054,1.91638919216954,-2.756030956747,2.26559106045248,0.870989202714615,1.96251828738287,-0.0936609776480536,2.55495893250477
9,-0.819280313210979,0.22124486637465,-1.30036197536964,-1.72561405805477,1.16773815025319,3.26550531803611,1.04900322576325,0.268071610874172,1.17561954729554,4.74653611962318,0.587607605212495,1.10057444922937,0.0641052020468951,1.89360205726589,0.551783154862166,-1.15714062284509,0.39484995402747,1.26523121042815,-1.52337406167583,0.758303105154428,2.08522709510021,-0.671180675717505,4.63276163755668,6.42351974322258,-3.51534879943258,0.239991784299235,-1.29370133478644,-1.14798048745516,2.96132615820389,4.31524108260531,-1.21020424101517,-2.51801820965289,-1.40546250095478,6.973900343159,2.42082534728533,0.0300089679853122,3.60806517967632,-3.42606213524824,1.62515776460816,0.51732365730844,0.932995233180701,0.725276717886332,1.2267634564795,0.0305564241488607,0.911241910961423
0,-3.53251936869839,1.85073758374479,-0.842942410408977,-2.2815575961281,1.09421654432161,0.86194418906508,1.29322206738631,0.448720591136931,-0.0857643272523847,2.53778734576463,0.0397069289647675,0.474918137139846,0.745726810444116,1.28649675594953,1.96112464863361,-1.59521984453248,1.45207682637541,1.78609334925497,-1.27483302128113,-1.47981649924357,0.930895306852317,-3.25457285271439,-2.04923745981086,-1.15467157436221,-0.542244650759445,0.881683434855952,-0.218524433104266,-3.57250061738642,0.968288603818274,1.70629094971941,-1.2258041277676,-0.707733315528235,-1.58470238860187,5.01060770735284,0.246818056861687,-0.12791604955233,2.04335230654121,-0.935238482905696,1.34666558040021,-0.960029918255559,1.57902956363271,2.52199576600997,1.34592417603358,0.654766583892453,1.76566737321005
7,0.172742632085204,0.185294718277397,-1.58081086827937,-2.56664572917423,0.732353206618937,0.966169438990827,1.41769268318428,3.11778822210495,-1.2960830693632,1.90776709089105,0.880915653801012,0.611946985976191,0.725206827337821,2.87756880934933,1.3049638782537,-0.710324432210238,0.91860432794965,1.95638360810433,-3.14030667861217,-2.16247021522145,6.78499858796121,-0.0483796222036456,3.02949577412156,3.01782092638401,-0.377709552579651,0.864971646173406,-0.369328685615555,0.104810525908114,1.49386307496111,1.18169126545764,-1.52981735114104,-1.87902710438113,-0.956475442973524,3.26526815947217,2.71821607228856,1.07199591691733,1.66251477407918,-1.25831303969922,3.2172026782006,-1.57229981361608,2.59315768758092,0.316486577585507,-0.342863674908787,0.404252513497929,0.740577958083783
0,-1.10228523127228,-0.374040829159996,0.529063319224739,-3.5439078484868,1.1491195965134,-0.303955425881671,-1.61839409300629,1.0704617757197,1.22133341179776,2.6370245088505,-1.33271258945977,3.58735290523836,-1.61264140581309,2.29126626813843,0.857261433767395,-1.5570247541307,-0.801178476607099,-0.862171211637582,-0.972080182139111,-0.0215196453541282,3.12827473270959,-1.30101124291178,-1.04044108495017,-0.808432667703003,-1.17495392424064,-1.54616968266926,-2.19187587954143,-1.15274212077633,2.26228030864707,2.5632476756024,-3.37210921735347,-2.81272116144621,-1.51558620865837,4.27252441066143,2.04108633206184,-2.48855804840462,3.00432273915566,-2.03807309658856,2.3776625393933,0.280879542668832,2.43691089998058,-0.139987362082317,3.05550856373365,-1.71877218741587,-0.240833176909174
2,-2.24770228740897,1.12691703060719,-2.66549614578165,-1.56819423901902,1.2323109868758,0.158673553559657,3.25937514190634,3.2148010935418,-0.205290715526366,2.13686625904435,1.95472129579086,2.74217600408957,0.861081325815555,1.49163734061137,2.98549509488268,-1.26658369060041,1.73046617984255,0.16150694868693,-1.80708407025442,-0.971521001632017,1.57577804732373,-2.19110322590137,-0.193708694912274,0.119615605582584,-1.0060489075711,0.103933315157034,-0.102095287819084,-2.02317224602146,1.21535298709294,1.01708405169638,-2.35621528292066,-2.03812239914709,-2.0430317241254,1.51988947028213,0.712747760491235,1.41726384688286,1.20597001658221,-1.09276032490085,2.08608343051592,-0.489638622916189,3.69079842131419,1.4809921125098,2.33164170645097,1.61323607607515,1.45294012117993
4,-3.93522501986594,4.82447388426102,-4.43688611058183,-2.20934198318958,2.30285972339161,1.75474759125887,4.99811298963717,2.94753318045442,0.0940006299059545,2.80562433705841,2.86026497094384,0.570334252134944,3.76855079259009,0.452905373870297,3.17480905427631,-0.186750864442996,3.50333015482299,3.22995284463545,-1.85936447587152,-0.222801112499079,-0.634459005985844,-3.43716751753736,-0.482350227910425,2.67026803190875,-1.43796815373763,3.37657543678532,-2.08463482296033,-3.66806405733532,2.13011481867221,2.32413237903195,-0.759332424491101,-1.09523939429307,-2.83274553813485,4.367470921936,-0.399644865969006,3.52263349039152,2.06410756102292,-1.89106019769824,-0.0874952208955334,-0.381062230113783,4.25617530256267,5.1329434554446,0.302308234408869,3.30607460777127,-1.91645745025015
4,-0.665139297528849,1.88527791073252,-1.00533088365798,-1.44163275260851,0.329141724279194,1.18417736230062,1.56740044472115,-0.203593093087852,0.0239475887496201,1.96723279283305,0.310779178442664,0.320142470157189,0.273190384998181,1.35599207615271,0.166191538030106,-0.424849379682107,0.781731509604973,2.03675887277659,-1.0215976602326,-1.87031378310436,0.775406645275932,-0.79529506489976,0.985067378393413,2.52775332663203,-1.59746807855188,1.11179959764431,-0.840203380772296,-2.39682906000352,1.89818463719316,2.37202040880835,-0.685384850365652,-0.191363731655144,-0.611764387204843,4.73263812639549,1.49585110775238,0.369795364200623,1.30192508656341,-1.67185083339308,1.41240986635271,-1.17379517484159,2.7595955127373,1.40981949069005,0.653876031605005,0.246646856012339,3.58235585019441
3,-2.402819520638,3.00532993449798,-3.58566017155332,-3.26633323383439,1.87100264320193,2.40934531223849,4.54391201119239,3.44906905062812,0.619144779707029,1.58675828507519,1.53140366396865,2.10062306759019,2.00877430453398,2.06615709513851,2.94548775068931,-0.453442119413,2.87522710716962,2.63964083659553,-2.38501590832311,-1.5429664472745,3.13270888658132,-2.87625149405513,0.494122833568813,0.355022339717295,-0.874758829623118,2.11724687076428,-0.265956630462721,-1.87618373186642,1.46071262594605,1.96909491438566,-1.63755360790266,-1.91817201870995,-2.22888224418707,1.03982765973878,1.25844438751355,2.51291045646889,1.45854673122243,-1.07083386844303,1.46181800874447,-0.829155159180517,3.9857211061393,3.08819244395871,2.00003931944587,2.79954261327822,1.87785946210734
7,-2.51952366684144,4.43781265208991,-4.63650926537468,-0.430315109424928,2.25792930910936,1.02833713501255,5.28105372164284,4.17258184610035,0.971888207956706,3.2640647498678,2.1453532751022,1.33745477867127,3.6462325067345,0.448992610027189,4.96163638374326,-1.28227416457203,3.88644823924969,2.69172471659352,-2.45394506477222,-0.984887708407302,1.06188461551465,-2.55670955552606,1.65610797759996,3.182307867517,-2.32754766066403,2.40717302763328,-0.870628933094535,-1.87215640525168,1.8719077518669,1.64877081909395,-0.604155957529377,-0.137031214137324,-2.74025372360362,4.90247189102757,-1.20335615478294,2.4507836973238,2.67591331402328,-1.68805621555851,0.0350409368231547,0.121746314897135,5.96730861563934,4.62558483991717,1.65977661097785,3.51966957917348,1.35489831597202
1,-2.43549316262266,2.78978541320584,-2.68921014358363,-0.966920211949521,1.64777062128662,0.684261500309132,3.62438658417502,1.666007834196,0.111137076123794,0.496192496824238,2.1465341821272,0.148644230947611,2.63609261660984,1.48866062001767,1.50583835218582,-0.643706596197603,3.12454182187751,3.98823153965797,-0.341299488783294,-2.23635351275769,2.45906150835952,-2.38579726077012,-0.876658261653648,0.0020418212595674,-0.733342756023972,3.28091351227807,0.630180497337993,-2.94325505372565,0.548170043064502,0.821621271213601,-0.710893878850366,-1.03834206423588,-1.43140909555536,1.15892158857612,1.38980447880857,3.35722661167954,1.16795599471934,-0.530741558963737,1.64218169210245,-1.2083647642538,2.03312845926622,2.80460418062135,0.335201897140346,3.04650440771373,0.0189736314544504
5,0.128647033260407,2.80538822463189,-0.615113169802181,0.068285616437573,1.15390852551212,2.04655809127587,0.987394531985602,1.11018781580238,0.811517941184916,2.14760812383504,-0.367322811998971,-0.432181173512916,-0.0281109498111968,1.56630115945335,1.1874164864022,-0.854280875976823,0.959806742345494,0.600727508303429,-1.170318055817,-1.57396445984479,1.31371892634635,-0.271374796754718,1.42999726252706,2.70289350691084,-1.88890863711901,-0.282304793841728,-0.705055156407364,-1.79688330752466,1.72584197815692,2.34371717516762,-0.320070344018532,-0.318885633258506,-0.856617898739387,4.44286867370328,1.4292391064383,-0.675925850864504,1.89771571568629,-2.02760726228239,1.13452135469706,-0.685854002729685,2.62415707067871,2.3648999633668,0.116868498944431,-0.237919584595027,2.39781700510899
5,-1.37906659336823,2.04236156571429,-2.7474321989066,-1.33405494713194,1.74023483954039,1.4106342534015,3.4895003656412,2.61235167210378,-1.50202993605431,3.15259528298009,1.36943393715816,0.473916015746286,1.76311706578334,1.14085717516279,1.14387530723816,-1.02959712123411,1.2592414925359,1.79883942826882,-0.867400486982457,-1.97282249381302,2.28658107805413,-1.60355383105305,1.18504882682249,0.606752570438378,-1.12437517544093,1.547412213202,-0.89108285911243,-3.51979572236072,1.3713643077681,2.09640824569737,-0.479709409450825,-1.11975700943874,-2.24588320561692,3.22824677424076,1.72641049776608,1.78217587903291,2.46017269230404,-1.67359454435002,1.34745707336167,-1.82521089074972,2.47687731282869,2.70312114755743,1.34528657464284,2.20341942050805,1.852335454894
6,-1.6821632238299,3.49228162949995,-4.17558652823807,-0.945822701408457,1.72182952882377,1.72299317590444,3.94094910183725,3.18746180872167,1.56097241169656,2.04797363163352,3.10193323091739,0.340230900079103,3.66399092940504,1.83995150907304,2.58632912807728,-2.48241655681101,2.52634919301373,3.67100120322208,-1.85280066691507,0.455890810961885,1.95358857037108,-2.23722161848998,1.36743046732912,2.80257021035071,-1.24909937411073,2.79767349176525,-1.37987306729613,-0.79145369757308,2.8908991780465,1.93483093605677,-1.2911583449136,-1.35404625484912,-2.39155474056885,3.27835401681799,1.66380584280832,4.10124650355867,2.66626817446722,-1.47403862375043,1.07214586711772,0.345797758392152,3.66865174497311,3.39512698393154,0.739277462300002,3.12972069207698,2.92390512356011
6,-4.74679226728758,3.80533360334789,-4.36859257328964,-3.34067774553323,2.74840395080483,2.22048861187493,4.92883437263048,3.81074093520825,0.713317084966242,2.9489258882501,2.37809287755503,3.13517829137834,4.28082067318059,1.76056147696049,5.11646502719467,-2.14954077060575,3.18551955641118,3.95507792760831,-0.139974433368268,-1.72945074986319,2.13365191696199,-4.27319433573372,1.8155139190653,2.65703489849553,-1.76061095468846,3.96142645691536,-0.634873036330091,-0.977171172221278,2.00799029437548,1.78232242111305,-2.6312905459262,-2.25698778265826,-2.93873804793237,6.44775646228922,-0.458723009064963,2.61791826577945,2.63154537282816,-1.45319142904069,1.92907919021502,-1.14908706138327,4.29558716464298,4.43615850289454,1.71004342335842,3.74679272753461,1.67824043344391
6,-1.2360710666667,1.53782703284539,-1.25468764557335,-2.99809127985027,0.756985545330308,-0.274909311395594,0.300851885355784,1.55199715418863,0.0838463008456632,2.07977403146045,-0.530831626253108,3.81582479246352,-0.818062491269728,2.61804066348646,1.34710533756082,-2.8890838802448,0.259875439290438,-0.805764693300428,-3.19041823262614,-1.79028338290027,4.00448805011063,-1.01595789137638,2.5599263069317,2.17918632479951,-0.915199723257935,-1.20006199664499,-1.1584463512242,-1.31375248422396,0.990533043946401,1.23686875746732,-2.87291820493638,-1.89919842482569,-1.39760376309646,3.61140912572569,2.02701954901419,-0.772252049922355,1.722655997633,-0.911156371305682,2.73775515639378,-0.93399875181721,1.65288031548236,0.938803807074543,3.05433013362978,-0.136902481068069,2.9950787488022
7,-0.578612838298003,1.51445970042519,-1.7320756661057,-1.28514127814781,1.3856449444785,1.35101610200577,1.39175112312383,2.12557869489715,0.0342985744887232,3.17070613025553,0.697883058922792,1.58437409966903,1.95534606670958,0.780079863401409,0.167774616227933,-0.761549002546461,1.63714540914295,2.49241057935901,-1.22304158657616,-1.64704204454372,1.29009118835253,-0.499933988136759,1.13754686989832,2.57935373660677,-2.52422905443635,1.70715716896334,-1.33462770146152,-0.752810146139516,2.17021848150912,2.33493611427342,-1.74245261975053,-0.413569525912849,-1.39727425647308,5.61199835844083,1.18698602037447,0.869652547946638,1.95140741795785,-2.11399009507291,0.901771810621307,-0.990651933574618,-0.243406742863062,1.32119056235126,1.88171548702131,1.07856674474572,-0.585180608046462
6,-1.23417730378337,2.23500470788506,-2.30787932192384,-1.33201671796125,1.43244937250481,2.17961196576827,1.93228737352728,2.47404917858945,2.10830158174185,3.33017426196691,1.01050121008612,1.04139117786173,1.60655136715021,1.80322278504054,1.50492483329256,-1.24815947515474,1.60176235062865,1.67785429158582,-1.76363949622159,1.21059732770093,1.87639598353136,-1.41648466018186,1.71262309191772,2.07529044175042,-2.82453530429029,1.31668567756161,-3.51407877252288,-0.946400551333039,3.38797431045491,2.70590248785386,-0.816964878001504,-1.33967613111703,-1.7748295292311,6.69963114135263,1.27783393966748,1.31324634730389,2.65893853566693,-2.79548483323565,1.09442192661439,1.3681375026124,2.23050505120585,2.07680811951428,-0.101857021500381,1.22299272432305,0.598840492558102
5,-4.45107926161936,6.15197253405588,-6.38186022326367,-0.65674081436638,3.45978411155916,1.83981524955369,5.78772777732792,5.43640124093631,1.01198189395257,0.636480294492296,4.34493692005809,-0.839122827670527,5.11806674326883,0.730306085727098,4.7672866659452,0.861493067825227,5.13831991132259,4.48333129089598,-0.153281135394882,-1.80048084794394,0.0628577494028166,-4.33058592872746,0.153089149454639,3.38583300168337,-0.809959683839866,4.05976848948564,-1.19634016110643,-2.80097948089589,0.700710211175997,0.731526898659378,0.381989553705576,-0.31231163161948,-3.43414915507491,3.20081376560177,-0.884912825497565,5.29619915188705,1.06307339137071,-0.520080934699461,0.0237471987850242,-0.460779957909026,5.74575734852166,7.04867292811806,0.566091812523155,5.3212993473552,0.401282607006544
4,-2.00694449863671,2.64350060772373,-2.55766372689004,-2.10554663834588,0.980286625765106,1.59406440592493,2.46038766982829,2.33357743431742,0.181218356992397,3.42617555525677,1.75465453437888,1.34436980735886,1.92361189083824,1.5017924989375,1.09893099579859,-1.77443636337956,2.40313966268202,2.33276458507579,-0.478996352777151,-0.208870550138417,2.79953454520525,-1.70112583396644,0.802603402883984,2.02605324684769,-2.00272986370037,1.21845706653143,-0.960206165655523,-2.21627051421201,2.29807611382509,2.46821337171663,-1.81237224005901,-0.583503478527221,-1.11272326615491,6.788429981867,1.27740439053799,2.13916644642065,3.5065244462743,-2.3181320521351,0.905639612807349,-0.310333376475143,3.58914520609989,2.61968072799669,1.86470828907743,1.81234337077826,1.14568382933834
0,-0.879966668084386,0.861443794221607,-0.0168800801678228,-1.73228251970662,0.0415474145827239,1.21453564228288,0.548763958625709,1.23509641118233,1.42631651767083,2.40810333928979,0.693603971785042,-0.61288790935639,0.608340396209178,0.172302581498189,-1.16342646491654,-0.922521700117739,0.0796103607261661,1.60857759668181,-2.31586880153966,-0.681341333321944,-0.732222854590847,-0.592592431100471,-2.09183489591154,-1.0663096025649,-0.416702538921197,1.88971760277974,0.320769686647826,-4.17300025683505,0.153881217816539,0.38064874028106,-0.694048468147765,-0.503762131866382,0.186445486381287,3.68676199024078,1.00593754509571,0.651454040941364,2.77170233671469,-0.78488651873929,-0.0809264983494671,-0.244694114996082,0.957146390612216,0.268261343435418,-0.465791265695384,-0.4400573735772,0.991858287511098
2,-1.43261250809727,1.35964465554811,-0.40323337111599,-1.36476189121556,0.329719724123959,1.82993791606336,1.16917222568924,1.38568241598506,0.839266630136003,2.71553399746249,0.880248780696808,0.515659750461936,-0.641702715049716,0.187826553444962,-0.152535505548815,-0.443645514982724,0.399647010931419,0.211135690320886,-1.65889764657307,-1.44491858107845,-0.436875691673973,-1.39697670919636,-0.375159495127426,0.957968028182823,-1.99704067554848,-0.257638058617551,-3.01068578616089,-3.92074168923868,2.65032728961932,2.69545606330394,-0.517707739552207,-0.0455491795954459,-0.578273764583675,5.51681348554319,0.157654800936874,0.561562045734307,2.88038084038949,-1.66097995038975,0.241345741810021,-0.613329284586167,0.727284185496129,0.927359559051545,1.25172134529532,-0.147309934703515,1.70267643707278
4,-0.796447504941601,1.98886568503023,-2.18446693434898,-2.85336444907022,1.52944331325689,1.60583147333374,1.96557333052557,2.13061401294404,0.867986312529533,3.31681878774574,1.05043270932735,3.38008593538648,-0.0904680033374838,2.33619159250743,1.40254612362324,-1.72718169435019,1.54262685248195,0.918850999659291,-2.22730601324385,0.685123926228586,4.32666250449601,-0.635304221866237,0.768093030514513,2.40230937851809,-2.1076179810847,-0.443952770631896,-1.77441954421164,-1.8447915297049,1.77358340991528,2.17622130074067,-3.02143606254559,-2.64554204157762,-2.23586581645233,6.84165241588635,1.58697454010327,1.29516486897639,2.58001371099953,-2.15411292164975,1.87693124877709,0.679978330281868,2.16624069607522,1.6901788483233,2.07114947256649,1.32831362009879,0.771700175694169
8,-2.89921927784016,3.22067462106209,-2.59522327036727,-0.626269157401786,2.34926827150159,1.82155487551888,0.81739448356259,2.51873547263008,-1.65481750332159,2.52998068576575,0.0166547408652834,0.974606974217005,1.60659594501869,1.01638718562359,3.0715527621157,-0.633023970547882,1.03789352063696,0.928055916837333,-1.53039647107618,-1.67459916620869,0.313730592200354,-2.60603327385248,3.17125815387887,2.78131062496629,-2.50390633593216,1.58266059868505,-1.80499416268121,0.779978228221881,3.15433328048373,2.28474748970986,-1.68513333917862,-1.88363163828496,-2.51426604200064,4.98731868459304,-0.214776125680617,0.179083408820396,1.59618823915122,-2.60491389974664,1.45055556878986,-1.83573027055634,3.02394897488759,3.80401402070692,0.777620367506801,0.593984237765196,0.691231888697443
0,-1.66929305727987,2.75070237281632,-2.18545633993137,-0.298898472632615,0.699583152853465,1.53726327597671,2.43457853734399,2.34214641266022,-1.13746613639967,2.25779312649377,2.25891194180629,-0.80048439845126,2.14629098119106,-0.279157451792558,0.904616593298218,-0.542241194360267,2.21819176676186,2.39085939602898,-0.962981395427502,-3.45347554455665,-2.00330721861972,-2.15899627298992,-4.31892872093978,-2.23919380149009,-1.83357580671535,2.2118031211693,0.268345970759177,-2.29013273180208,0.582794603036121,2.57258687107418,0.970607668967261,-0.261505063087561,-0.7776846486016,5.24329184962596,-0.93692595449159,2.37723584860964,2.21941422389232,-1.93018531793685,-0.395431546026364,-2.89020084416661,2.94200880296029,2.95665995391987,0.103605635023057,1.70175192060947,0.942535994024462
1,-2.5529521262929,4.23725073224163,-4.60946657696787,-2.63979145830868,3.19727474573196,1.93351313123382,4.91027902172662,3.15539415659192,0.964798516515588,2.42516866624944,3.21256032658688,3.28062987034254,3.90314950753078,2.01220287436099,2.01406979626116,-2.49995141969481,3.70836366484096,4.0247463663466,-1.82652838783429,-0.207834695615546,1.96830615188802,-2.73518140975455,-1.460535957243,0.715725637060559,-1.59989159000787,3.88032804373443,-0.328103043177602,-1.65004351409601,1.65944742703502,2.48807332895869,-2.54996607212252,-2.68981351374602,-3.23678311299228,5.08855495261664,0.878417897956092,4.1272042966812,2.3410171708326,-2.19627772925316,0.624122646481481,0.321037606508551,4.29125921390479,4.79975292508102,1.22893078093821,3.73188604267949,-0.659888408833398
3,-2.86386236717498,2.21373176949123,-2.20461246661475,-1.00304739269895,1.45065037397814,1.60279564864358,2.93664764067226,3.0023052333207,1.73743732857254,3.08357176123523,0.774592285865531,1.20715450978668,1.75660146893458,1.01630689840369,1.25280128225201,-0.695776841664525,1.65922261987187,3.21718360422781,-1.69296530856224,-1.28261881843474,0.613413161514787,-2.99716752208236,0.350509373299234,0.736714683378638,-2.7069846124755,2.18963808432645,-1.73255713600391,-1.57253745607449,2.10577787719149,1.86367475521747,-1.2334484361679,-0.161396473099932,-1.06150565092399,4.49591658185411,0.750195886635806,1.44986244394835,2.57489191204289,-1.82319289983369,0.535356955062074,-0.364609364723241,2.66018728796519,2.84983688667084,1.06485333922219,1.27640478998577,3.20971661452468
4,0.65654800270624,-0.663524495967682,0.847341040714145,-2.43377960613915,0.023782258675199,1.64818916418611,-1.18381029616717,1.15494964085118,2.99540661893797,3.4847090112359,-1.18518592427346,2.45407501317079,-3.17463543995134,1.38871975470992,-0.258909814237347,-1.69427845776458,-1.84743505366861,-2.09931415265506,-2.76153780138299,0.832787908912292,1.90710345562038,0.597315383321245,1.27820990207167,2.62702894682564,-2.20688091472914,-2.56742303968816,-1.77401624916281,-2.04662221284019,2.03158672046745,3.5582522312645,-1.92621949169239,-3.97184168181681,-0.813806298751127,6.25063990919496,0.968349718871606,-1.55815004196622,3.19347428378456,-2.79479499759776,1.83981291715029,1.42301944533085,-0.0103814865366261,-1.3808454395285,1.42019027288711,-1.8518681752021,2.74675762434064
8,-1.36994885235659,2.3709326784578,-2.92032227248426,-1.30982608033233,1.20316896821124,1.77770167826221,3.58692588142678,2.39676246431788,-0.476210185092921,1.32554858225449,2.33450958746895,1.38764428295141,2.00919941124454,1.87867306859364,1.65360320037041,-1.50779733259463,2.36825329008606,3.07338121286236,-2.23454554430675,-2.768823530464,2.8381919778236,-1.5197063888377,3.03076482797501,3.40991458639067,-0.407059382257976,2.40981658956239,-1.19057320929659,-0.962189058606356,0.817260764893649,0.308234436547216,-1.30481334927636,-0.773397608888623,-1.57552558160808,2.42599749354013,1.06092815359544,3.38780455180339,0.772576058311978,-0.510484936445713,0.343428997074426,-2.27040003784228,1.49298862748428,2.07577257877297,1.93050448502524,2.64074047419109,1.16099341146657
9,-3.2285283781405,4.24825608585678,-3.22864077920838,-1.34279824726503,1.5947708271328,3.10205022080607,3.37517789415693,2.49280281054948,-0.230195591027335,1.73674394399688,2.7584850380805,0.458040393930993,2.66028711211271,-0.0344955634767616,2.41001297076693,-0.563372474399793,3.50563227899157,2.12061741273538,-1.79561028121048,-2.79240373303024,-2.0172076284914,-2.92206430438962,2.63218454997858,3.63719101734869,-2.17580619875492,1.57898204438221,-0.394603264798894,-2.53819425081051,1.33146716121908,1.97619484451972,-0.276576363184398,-1.5537280989977,-1.96098032208232,2.24738787585827,-0.66006511567273,2.82468134911002,0.642797389048932,-2.04342222707236,-0.345314796005321,-1.51696515643473,4.41291642966233,4.31869386905765,-1.12202924970807,2.99902986873289,-1.54463086460823
8,0.486292897388691,2.59752418124052,-2.06357688449546,-0.292699919041991,0.856732464140616,2.16009923258188,3.28549932028731,4.03059031599206,-1.34736920720981,0.906645090803047,1.35539045628012,0.60362960146396,1.71511753077056,1.09958800340247,3.23055191144011,0.286460982079806,2.00342938469655,2.6623093914929,-0.873529110935607,-2.26492390371232,2.04994524012097,0.0104982953442927,2.88324904298132,3.72181882243128,-1.56215962353221,2.22662942932995,-0.926565315374686,-2.89248920785594,0.799632691091438,0.869649714657547,0.289781966482878,0.807432886345887,-1.53837593090858,2.18791126527198,-0.252390415067792,1.97344304996763,0.822388842153854,-0.824817344416575,0.478852593509206,-1.93742502263142,4.57006183636428,1.84194531405127,1.26087288208512,1.98726959879918,3.51739753854205
0,-1.6150088850798,3.81688381899666,-2.79981232899805,-2.2814949861563,3.01482410014791,1.062210791312,3.15917875786836,2.52351912567686,-2.77853998186782,0.482800450741528,2.09852264753695,2.55814508899078,2.24476153673573,2.27127537947678,2.49625510729614,-1.93017260226765,2.59780084571508,2.8697268473254,-2.61846526595952,-4.97575902995801,2.9626110697863,-1.8195538706738,-1.73177087478549,-1.74358431483116,-1.22393004809726,1.985017403853,-0.150069644841057,-1.97295856863903,0.161749417364592,1.6592507299248,-2.54421679733094,-2.73871684223729,-2.63879004881908,0.507716973137458,1.20761155668375,2.62425510390427,0.939682625343288,-0.892526038936333,1.34359323530105,-4.17385639190072,5.15326170736347,4.0756292176875,1.96396890892727,2.28263410065889,2.39378946714707
0,0.708993674104686,-0.520467441194523,-0.321363240219141,-2.88306733063731,0.094769009282712,-0.998163678515807,-0.455761413319142,1.59229956861221,-0.647367192833082,2.15946122358164,-1.08625302900359,3.45542107665315,-1.18431258654017,1.58178658067383,1.03304590660313,-2.46525993553303,-0.234125975331857,-0.0319888464342887,-2.12016638660936,-1.52984562273473,0.564563207535317,0.361774885938814,-0.846107048613877,-1.07283333480333,-2.56910801237038,-0.538000733590673,-0.750105512218262,-3.09891951867367,2.43799168161458,3.23267154226843,-3.36764319641205,-3.03760414378262,-0.51766187722179,3.31792693508624,1.23843007827735,-1.5071275549345,1.92178015227792,-2.42800060232188,1.61877517970915,-1.26312805691758,2.24797968276861,-1.60783907064782,3.26369638583212,-0.442227637103956,1.35398533055757
8,-1.42357846971857,2.3446351038158,-0.970458301460263,-1.99465918528382,1.3643294177394,3.72754070455555,1.48577741186778,3.17176702856213,-1.61673854540159,-0.0658855869209032,0.921758529921387,0.515369845436491,1.21538569213209,0.297294331499212,1.54070984000404,-1.04076032264385,1.32317131786591,0.614578316047063,-1.91471604382408,-3.26445328557102,-0.917218580563898,-1.40485380451483,2.78778746584666,4.45542923748838,-0.955730806265824,0.0720297340287745,-0.324101466252813,0.130715383401735,0.238132596990634,0.561415247142593,-1.25660267907346,-1.44999276866122,-1.79350443100185,1.97631793618443,-0.750949617451401,0.774125626108857,-0.641505147330015,-0.268873241082095,0.678128855809029,-2.34415385865752,2.99372710806019,2.12749370560955,2.05116417194451,1.03723691153325,2.79119809067426
7,-0.7940638195839,0.423385286339014,-1.11713710612867,-2.93526536790567,0.874156751187904,2.56118126110906,0.709965316712641,1.885789687273,1.07872609463892,2.90376696567221,0.452970227229777,1.69758944751399,-0.130934129000971,1.02339054668135,0.761393934856773,-2.53199951689534,0.0971678303805919,0.542287939251602,-2.2674258644798,-1.17366125227176,1.32162705955331,-0.513751007427171,2.42561821855923,2.91008574310738,-2.49969324002017,-0.0098809709476792,-0.772473725137569,-0.940414137214047,2.05506351420552,2.47140281043847,-2.70303721895556,-1.68568613403644,-1.14139214662739,4.83868359150886,0.252084176889495,0.219942273664919,1.90810938084724,-2.32129197585337,0.8746595566588,-0.404647029603879,1.26074451149166,-0.0064939040923188,2.99401676274788,-0.0054928669257501,3.86168406665595
6,-2.01797395794388,3.23981069679638,-2.63260890205927,-2.26980345072148,2.05517495891952,1.12599930072393,2.84576491227354,1.76453456151861,0.34253900395892,2.5482478240352,0.513586138071216,1.2689859000708,0.999257837096994,2.47561991586007,1.62925272176039,-0.974844203457151,2.26287464978313,0.147247515028656,-2.17669839568503,-0.547699577386437,3.67003131533899,-2.17405622934538,2.18044673562774,1.63461886513581,-2.37796944098774,-0.388339230541216,-1.12897093179915,0.492452380318443,1.70268095146148,1.1471383254068,-1.77186134928933,-1.02736300089016,-1.75584867003036,2.92500397798323,1.88866193176495,0.577951285265562,2.15072205780548,-1.60022632383854,2.35095138738186,-0.208587789723194,3.32713221755623,2.73166286962965,1.58980865377237,1.6309057890738,-1.93934837828191
5,-2.70590498668098,4.21948075370958,-2.4778889425767,-2.56715052435357,2.04149495019661,1.97944592926388,2.38908502428577,3.09254669215208,-0.70496746102562,3.34194339208077,0.50355970669792,1.45686117745455,1.81824292807203,0.990029184782523,3.1879387954756,-1.73527842989666,1.85133682296317,1.08758226710857,-1.19946022767368,-2.74427275144317,1.14570544772157,-2.65822571927168,0.648140619743063,3.02374217253947,-2.63913583134636,1.38423163485898,-1.40957097024023,-2.14815062507751,2.43915046436197,2.95376123260875,-1.48018904554206,-2.15636510374989,-2.55849827727925,6.54860145277176,0.306434668740473,0.618631461788536,3.09169088105563,-2.37295849904314,0.962652490462379,-2.32269154828253,3.64348791205582,4.36842244984576,1.11168003073717,1.43520232719399,3.5181902075179
0,-3.17659383836128,2.75184524548161,-2.85335381966057,-2.71341770273313,2.04968795556342,1.84028254789134,2.83760441853385,3.55644423626237,1.43253386073519,3.2383274831328,2.1389307510716,2.00118246198035,1.48711293149951,1.01492766718714,2.79891993140047,-1.87514060566153,1.72536257010397,1.04450045787514,-0.855285949553234,-0.306872798942564,0.8892011412961,-3.22593170046039,-2.41807523617855,-0.267996678906966,-2.80279098907575,0.679562659284419,-2.98730109178511,-3.48684244162846,3.0745356982354,3.88628942450459,-2.13720724381073,-0.597613652388271,-2.34404961750765,5.57469848347584,-0.0122659612546742,1.82996748081895,2.88171983547207,-2.94896695679814,0.851539179361278,0.227307782247016,3.9334407441775,3.51609850475688,1.12686097172914,1.94010542177533,0.26336696435029
7,-2.25793014801281,2.90427537555144,-3.04408121144846,-1.38464847840394,2.69179113443263,3.50433732545373,2.67569141704406,1.75097775850342,-0.191317342649136,2.35266659226021,2.20500277883456,2.61890621383584,2.89395786111672,1.60891130207066,1.99602940457692,-2.33783240270663,2.3082386547148,2.45655245094598,-2.37382280586333,-1.31030964902962,1.96048185707645,-2.84413026942709,2.25286980981405,2.88562819920492,-2.29245822996034,2.24769533821165,-0.688101759494081,-1.00693546588804,1.70460674985548,1.37642141123175,-2.78162571574392,-2.56551637199532,-2.45551987151804,4.66080926132642,0.938254213126297,1.75979199646504,2.00854425372716,-1.9978778110806,1.21115514462598,-0.97308173027753,3.08704360897121,3.3542840665676,0.891670314480003,2.05673026235463,2.69773547292937
6,0.637722854539531,-0.397297818906368,1.48537664266359,-2.41288902346636,0.131274520612902,-0.292251517548459,-1.44277020505554,0.872017956490725,-1.42606800403424,2.92850124884317,-2.57756535523921,2.05217315065851,-3.28846319030107,1.29064789373286,1.81226493031154,-0.582156690944019,-1.01698940897095,-1.67149439497064,-2.5564675501831,-3.06411233417104,1.46581091801072,0.19043564698649,1.87869355365997,1.63071849994732,-2.13539378028346,-2.42937985551949,-0.916781220768043,-0.202693185622637,1.20258963118983,1.92582763538859,-1.34539147968757,-1.0524436386348,-0.865263286197159,4.01717303259701,0.465821473296529,-3.64204448046783,2.81383512036926,-2.11402244623688,1.65305537067452,-2.5062931510182,3.86136604774054,-0.740428564657012,1.626233975687,-2.11349731703829,-0.814936731139489
2,2.08074277608843,-0.268842784638201,0.240978332824017,-1.84194669751447,-0.412439821996313,0.40364471441422,0.914905035667518,0.20622946477268,-1.33886665024125,1.37680506657873,-0.595826745312462,1.69807228711499,-1.7271509085391,0.876766026964145,-1.27582376352664,-1.5110415404404,0.346153103863865,0.440484570215886,-1.35253972056535,-2.05342132328153,1.49240587810236,1.65129704734409,0.244213591621434,0.0449555691306999,-1.02972804889644,-1.39941149115634,0.0291737049596751,-3.7194324857858,0.589220441899306,0.192165389362064,-1.7165075606172,-2.08925667049323,0.336800431436123,2.52171499216277,0.823775438986625,-0.368345627199591,0.830199322838353,-0.746263113119829,1.48917274127724,-1.75406159577256,0.654181004547892,-0.9976909474145,2.36758492148729,-0.470598418968527,1.46634706691554
8,-1.28063355622014,1.08819506820726,-2.60097099247963,-3.00147980185044,1.91357826776233,2.39014482889867,3.41342703265495,1.91411764243878,1.53642424754295,1.51710010477418,1.70928248577598,2.83955311962281,1.86677825501296,3.29517862387658,1.78856612852278,-2.85748873332804,1.91285583511998,2.23573698998265,-1.51884704164932,0.800563768496473,4.64270045058501,-1.16152120171042,3.31950671059723,4.06004120320237,-1.10938891867211,1.67374391694342,-0.282085340760798,-0.798831429632351,1.19974054657087,2.38606019996003,-3.4241209424862,-3.32216467438375,-2.64051231895201,3.63098692425113,3.78894513888524,1.99082786815547,1.54222589738096,-1.60917026113536,2.41476752597886,0.425158987642596,2.96674958709414,1.40323473107985,3.26269564477244,1.81021958408322,1.30646418934232
5,-2.49904637104318,2.58827783105269,-1.87499211300442,-1.35585290280161,1.52846202179375,0.28551230584757,2.01890877246512,2.83804811988598,1.43291179767389,1.91475794049707,0.13342176065285,-0.909122262129263,0.0976594052173531,2.13001938078444,4.28610744700199,-1.30140261365733,1.236775866004,0.650669937531919,-0.0781485678731433,-1.221542628237,2.9951458023045,-2.79254830917922,1.44563820323487,1.93576023806448,-1.85673035406563,0.286498591255517,-1.12591399135259,-0.52774506270092,1.34824307234295,2.26649980399265,-0.487449690430118,-1.79920489931398,-1.74147683837962,1.82889680939241,1.55170133104261,-0.0953860074280014,2.19219000631983,-1.65546971906115,1.46794976160617,-0.810550131187028,2.57876207614712,2.82700086944578,0.161070213658232,0.589850521391662,2.44797411112947
5,-0.0947603124675925,1.22850558296187,-1.05304893669371,-0.945393065487681,0.339180709878089,1.51657230862276,0.689853158566534,2.35522991624158,1.16068464434171,3.08065667944664,-0.414629324678652,2.14199577782943,-0.68343848772542,1.2721271742465,0.709517317325662,-1.41498341480468,-0.182924685420245,0.380349070001597,-2.20372983423794,-0.610584907030909,2.02303892793191,0.280750367738017,1.00220561022851,1.77369316246743,-1.71745010955126,-0.13580002997537,-0.899424749131627,-1.27030481422305,1.2390990159519,2.44758182063666,-1.97376122553684,-3.05407843551029,-1.02411599699293,4.93092676972944,1.05216279835757,-0.205413404985474,2.79747815422932,-1.84689432267753,1.20663683560344,-0.290785253593121,-0.134131617967097,0.789886676937856,2.32373344128221,0.0007222421990842,0.946219817488263
6,-3.7873523292778,4.17873512305443,-2.84903270600798,-0.402315077005215,1.96045386698131,0.719023471562657,3.70519552641165,2.63973552948339,3.4370718379054,2.14613846221683,2.98693749020454,0.122409406910461,0.486993826775374,2.0402108312449,2.04838366286962,-0.25387679025786,2.58079996313365,0.189262165746118,0.434230619205575,1.63615082523527,1.71237470449732,-3.79917628381165,1.84681223698112,2.11462177795886,-1.49309585230926,-0.382731018402291,-0.922799320616681,-1.53524101490076,1.72242838314402,2.01449049837709,0.151712760390911,-1.06792725968763,-2.57326150502731,2.20432138531881,1.81623118917341,3.00416476370222,2.72083692872398,-1.17590579448333,0.289681797992672,2.12327113031197,4.09284135839037,4.80251784637294,-0.465411951651708,2.42275131332532,-1.18896881740108
9,-1.59439495563591,2.31210431778977,-1.080638476272,-1.40957009021145,1.58824594457822,0.784103355526351,1.0379168474742,0.692980556461484,0.53125090211616,2.28792716338495,-0.20752878336515,1.90788751377835,-0.366639484193157,1.82715738199288,1.84524230078436,-1.0154453211376,0.308175096061111,-0.512605167265927,-2.23424550712456,-0.74686755589806,1.67369408351243,-1.7492830485808,5.44048673692513,4.53407454535729,-1.15210975972883,-1.17001542846759,-2.1620446126147,1.10920392283725,2.13281757180644,1.49891205640539,-1.00993009218668,-1.37806849670685,-1.74286246457417,2.87132462581169,1.8816137249039,-0.378784829833671,2.88308308322264,-1.49912954556314,1.12970453495204,-0.239938580601879,2.53689871513327,2.26683350457409,1.57173742944051,0.342262504804526,1.89398767127869
9,-1.25931008771706,1.68346976966872,-1.63319972048732,-2.50362759322362,0.939701402315827,1.94238283069041,0.299359681877,1.47521193896242,-0.446216431003475,2.71082846334335,0.96419712628183,1.47490532857894,0.519713372076543,2.3015479198755,-0.810796621600846,-0.875999403611616,1.82580858488863,0.0512981402908599,-2.04119072863773,-2.84071932205371,4.24407962112589,-1.43189162680974,4.47232183797221,3.7181295590407,-1.34767300570128,-0.920078651218203,-0.896568290635891,-1.0249014288718,0.564364075590953,1.83904084775742,-2.05286905280727,-2.72742406430824,-0.638151329566235,3.95328219010411,3.22822977494578,1.00087541685915,2.54311723815442,-1.57065578579644,2.42003328613191,-1.82704605736964,0.825784351230811,1.84059188557998,1.54518419220573,0.338194337988281,-0.261863334468891
0,0.679998874814363,-0.508613997550185,0.295805476799911,-1.2924535393324,-0.299343616693199,1.59074802175658,0.539614266646216,2.00553692352487,1.71396187205419,2.42024373958167,-0.404209126777934,-0.761076686449996,-1.44893775968726,0.624227705317284,1.97265858858947,-0.878161819807377,-0.386787942087494,-1.42848295756035,-2.28822293114421,-1.8144924811683,0.878655365852344,0.415375876959762,-1.80727735839811,-0.528158949457335,-2.39632305311431,-1.52122768576301,-1.31274156885556,-0.975187348924038,1.85825331898243,3.12185840794295,-0.399856602493426,-0.736189417094165,-0.420370781297516,4.60321185619828,-0.0990638153754686,-0.862618762478185,3.02431892847624,-1.8556353766861,0.512055589662455,-0.752750577533205,3.37865678017904,-0.651424404159578,0.180887236934121,-1.05070341876342,0.465311454758581
5,-0.675344216461585,1.7411329272498,-1.44136729567964,-2.50357896055989,2.10544033978745,1.11112731048232,0.848913580997908,1.92882996304858,-1.7926119547464,3.51454262197915,0.379508115523455,3.27117990702916,0.413796381229043,2.27326604307087,1.5352884293393,-2.34951361211653,0.675506442794344,-0.0563897099219455,-3.29588533887618,-1.66418107312123,2.87383212671448,-1.12834539869002,0.969541132478133,2.28576937975186,-2.5137548770515,0.0268685664606906,-0.401522143606407,-2.53683451754074,1.7094610666921,2.30809146840979,-3.28729764323086,-3.37154719556753,-2.30751300730076,5.77020754351015,1.94781645647944,-0.543124427369712,3.42635882177188,-2.43176127862756,2.71370085672501,-1.64065058136254,2.35863159452481,2.1955279158787,2.75883995458873,0.466897175698476,2.20202560760993
4,-0.399740550332332,1.38256311922917,-1.25427118455372,-2.01538904418324,0.156518935406302,2.21719767609052,0.909122716979564,2.256027244672,1.92486394067998,4.0693113626226,0.0483023775454831,1.66943811090325,0.164598743929937,1.93388674622625,1.74265858748098,-0.741134656107922,0.609835016809934,0.778589726965549,-2.04016370569065,1.08659444378336,2.96388668253834,-0.442772630562122,0.185456404344542,1.40993032808745,-3.01639795888558,-0.0006765696411994,-1.26223990077677,-2.12856374817773,2.61489968012921,3.87976214335344,-1.94873456003665,-1.79007135509175,-1.00965481197687,6.77875100029035,1.10093293001748,-0.383633326000191,3.85866576545757,-2.82103032018753,2.22246436015886,1.58727356019425,2.4949296434778,1.05331884693379,0.259437528123353,0.267684994232992,0.82028872740837
5,-1.91802374411811,3.68738333924046,-2.2320128917613,-2.76089898742947,1.54923021389998,0.698600709395492,2.61147663610681,3.08429855936183,0.151559448063362,2.83119393078456,1.20510066515868,2.56882383689378,0.874084192736439,2.0370177811453,3.07116545381086,-1.94765621374137,1.36075050537566,1.53027800143312,-0.420561594521054,-2.48778955917965,2.62356658719815,-2.4219818656571,0.849027823019695,2.05087272730711,-2.46125372074338,1.14007234053603,-2.29342784298227,-2.08197934813426,2.62098930227071,2.89052756316996,-2.31719350387312,-2.74730512978913,-1.8999611018684,4.84742395241728,0.922629181434,0.773787196844274,2.0514474633126,-2.6130364257088,2.03310929630053,-1.59151776679764,3.76269357416331,3.28374446216671,1.72266594214627,1.15955667020394,1.99727301756272
2,-2.42155739971919,4.37084527255655,-4.5181357435034,-2.36129361222098,2.10086157796975,0.73344328696153,3.52198190973579,1.78243898842578,0.0674959802996817,2.30700450838408,3.18416581309784,1.19627514031794,4.39338649785797,1.63658979136031,1.1595314966069,-1.76103642473936,3.9508304185142,3.67825708350604,-1.20008563725659,-2.10626644310968,2.17917877742267,-2.76259293263357,-0.820103073000292,1.00974521972574,-2.4765752125443,3.52804670118042,-0.897144452028954,-1.95682638537518,1.70800382686048,0.339726486792246,-1.78934308086913,-1.34548232317145,-2.1137000499489,3.82822423967703,1.81865102344332,3.70932090003229,2.41687681578098,-1.73547302927498,1.41428893929639,-1.40810637566561,2.92932649307188,4.59466766320367,1.09199364852163,3.78565109836947,2.58607842786016
5,-0.517659436330077,-0.0806557299447108,-0.024814012880679,-0.864369108141236,-0.340024890756606,2.55010993504228,-0.511276826526219,1.68673360437354,0.886683785965878,3.21945591325762,-1.15487866546887,0.363876643086194,-0.613238452899039,0.82909335520815,0.0994138560521168,-0.549507434523457,-0.0728819486605503,-1.02641626393723,-1.73711228520243,-1.88918197867568,-0.240328665073314,-0.641289836920935,1.09204055548692,2.0965446493132,-2.66269377162473,-0.949587791967216,-1.30277590449104,-2.3812608383219,2.64954567651059,3.51557012775424,0.225930861755492,-0.124312356003058,-0.181030118450768,4.04629463976822,0.369057957671446,-1.72066633986584,3.40699541885105,-2.36740247847209,-0.17437945954633,-1.17178932091664,2.60698381526638,-0.0476019418860822,1.115123896781,-0.765011663196248,-1.02259585892923
2,-2.9766512923728,3.09785071511471,-2.63547568960119,-1.23141930941835,1.3976952969528,2.46782761935117,2.27553297097551,2.99433418949326,-0.480213352998378,2.3605008633502,2.20098959279166,1.37652789966687,1.69350137405674,2.18612357876012,2.7577238195981,-1.79113974874942,1.76883864615489,3.0150354775731,-2.6254758827816,-2.12811166206465,3.90633575238103,-2.53164821939687,-0.481610842272325,1.18398882181703,-0.952281562725698,1.95657999550791,-0.280080921180092,-3.14351554829249,0.452383422844605,0.789595545439457,-0.745907951021936,0.109883632586245,-1.99685563246439,4.47313905118154,1.71258287665247,1.41018964752286,2.85136810366142,-0.910394849452023,1.1690819874615,-1.30800034496909,2.32848125708792,3.17669529090997,0.916146491364091,1.76068651169782,0.467458899348238
8,-2.22472917469185,2.42524980263092,-3.37056513342337,-2.0502356992591,1.55553068716771,1.22521972420742,3.08999464075926,1.90406599068142,-1.22292213576541,2.05926101636534,2.57256136472961,2.15225638807295,3.03884941567977,0.737124574289646,0.841682920855099,-1.5689938382176,3.07120886522906,2.88768244261511,-1.33275797005791,-3.14586160881451,0.505295325071636,-2.35149474330126,2.05423076101771,3.25890107765608,-1.12753179092019,2.76466531211795,-0.575125578128812,-0.316209246158666,1.06898867798264,1.48178944090404,-1.77187880869385,-1.70941595263276,-1.74301094906731,3.74058814356489,-0.16523627400287,3.57536700141173,1.79459197029746,-1.59187698334102,0.929707325976764,-2.28083107633938,0.328790128304794,2.69126442031831,0.360120237563656,2.79646218609185,0.90414611997378
6,-1.85516776039977,0.912701871684289,-1.43477143862136,-1.97014438268931,1.48473275264387,0.589085008213937,0.342318579381118,0.694368341649835,1.27241711358352,3.1267653076242,0.0648943196934315,2.50036910177013,0.0452920299015237,1.49859794802121,1.12985813193439,-1.61583990740499,1.49848133124579,0.426974098162971,-0.420272735388421,-0.564228571206796,2.87266293021072,-1.84859388102962,1.90336644533166,2.12022779416465,-2.26483819780502,-0.009353693867861,-2.18189203764412,-1.41948425528378,2.57448226412858,3.06773177579637,-2.28349723549292,-1.73718836608777,-1.27763388296944,4.8873180412773,1.40572070379815,0.131339308299443,3.37955884668553,-2.58827936449658,1.12556662442564,-0.357560416999241,1.51392712002439,0.989047755916699,1.55173637682176,0.395234630718302,1.35025255043228
8,-0.958843444446243,0.286341531359128,-1.39109662814799,-0.726735478119935,0.0808550478089547,1.06524029515984,1.53742828883325,1.40975928262541,-1.98074478806761,1.51869413612858,0.0354670761935378,-0.178713319439206,1.34955342799631,0.656353423054921,-0.512696365965618,-2.51892483530777,0.634168160517709,2.03106595822957,-0.622571953727277,-3.84835261812738,0.402457189718282,-1.35652754804358,4.05388974382842,3.10142228007469,-3.30933608743265,1.5283926504739,-1.67170852006007,-0.928476163789792,2.49441449822563,2.77690840304392,-0.65913218515543,-0.460745279498602,-0.423235819953187,1.51389186885592,1.08420345073906,0.427895012580695,1.90238322770424,-2.39965816606724,1.00951464547531,-3.08022992756022,0.937821283098803,0.55773029891039,1.3896147217154,0.322546142466494,1.29978651298286
2,-3.46594304812232,5.07495137718624,-4.22736295000768,-1.5788351365809,2.61453136815702,1.68830226353442,4.35569546608093,2.10397448962451,1.35147079522701,1.83882515646704,2.40805968345869,1.4565411598033,2.38487665734916,0.341404265885416,3.24170079710953,-2.16872332860121,2.9954849481613,3.75966219887581,-0.36717846991556,-1.27636022019217,1.67332361203699,-3.59657618210413,-1.74930591706167,0.229482595384255,-1.38090822360896,3.15301817257242,-0.899781375203783,-3.58853160178677,1.0681069456112,2.10681350993294,-1.17818925036619,-1.32601446935363,-2.46795019813067,2.82654310716743,-0.797631688223262,2.9080361074844,3.20925299448604,-1.17510809102763,0.677248314867416,-0.0155813341251398,3.55938004053801,5.35297654936801,0.455475322458966,3.10962962158157,4.81620437464076
6,-3.46449428658783,3.48592640297426,-2.91607858285545,-0.517950873434453,1.69759410252582,3.40131734438465,2.05108256160366,0.858198257033842,-0.186208150457765,2.88758520190449,1.81426004778857,0.13451891705552,0.420263139972917,-0.39856508004749,1.51311606274587,-0.453354615903369,1.94473371556065,1.05048517603249,-0.786197350287509,-1.07896752165547,-1.66570761535077,-3.01463666047531,0.647972272967913,1.35757350231051,-3.55158700543767,0.633982665060202,-1.42678257126764,-1.50314030887146,3.18757568162781,4.53637032281938,0.122160332827839,0.212419911987871,-1.98467238894005,4.72709851595671,-1.41345614115605,2.33758631138688,3.37192742178983,-3.40229910315018,-0.947190474928724,-0.679042702116314,2.4031372551525,4.14417255680978,-1.90262889228299,1.6108968443927,0.358676015048322
1,-2.26882265537821,2.58868196134648,-1.40770159931114,-1.88905529026048,1.76176324314343,2.15788039006034,1.98628254123229,2.4480747937965,-0.402668048094732,1.1305191120128,-0.580738075317987,0.400965740511446,0.107356512768738,1.95754414198873,2.93593856089959,-1.4902400163335,1.39831594165438,0.707192146394228,-1.37229327574187,-2.44717615581735,2.80791254347683,-2.2787112560549,-0.812808527674828,0.803862994495701,-1.32492302315272,0.792153513868284,0.352863564797288,-2.60629447531131,0.259893750952883,-0.177901608373823,-0.6292355642317,-0.344801917499636,-2.3200108473297,4.10651088256267,0.349049185429304,-0.0859999336231006,0.798838388204781,-0.700717108188738,0.452054203457462,-1.50799635841013,4.13682455244802,3.15255033620624,0.926217579621879,0.282076685889186,3.63709533141898
5,-1.80482200990419,1.56850541876344,-1.00463847926516,-2.69887657053168,1.08234137585776,2.17937435947112,0.883724616084667,-0.172312310804603,0.634154299160992,1.42022557500214,0.227578488309893,2.22955380968884,0.26866544925385,1.83699815937378,-0.064158487828553,-2.04824524647365,0.620312843689804,-0.237744387435535,0.174956794998744,-1.77494472736425,2.0927159862733,-1.90806516480626,1.57302684800747,2.52606138201734,-0.972054785681491,-0.471844681214852,-1.48333709886499,-2.89584080793293,1.59317723882582,1.47659345455318,-2.0882412035093,-1.40990828619514,-1.07293226186405,3.38111272168582,2.15392484603603,0.147425032936111,1.46104221110744,-1.53402319539483,1.83839732840528,-0.679274758390904,2.14775288662558,1.15036678353839,1.89197103903403,0.36592905753618,1.55211234176814
2,-0.418120155255621,2.82744116847751,-2.52570105051036,-0.756979504066674,1.35286286130747,1.63712143862265,2.41656800138843,2.46145373078307,0.471696726422185,3.15845225709294,0.795119358116644,-0.397092856766916,0.355283244712208,0.089985796190613,1.69399654832269,-0.0595906541267371,1.07795676846835,1.06695128654195,0.250331369455756,-0.783793580631083,0.187598414515972,-0.743053711944976,-0.870521023356668,0.989444433491837,-1.74373272410179,0.005972407261568,-2.02602707505118,-0.856661009202172,2.58278237064615,2.02006735833006,0.0583932200336683,-1.25551390437789,-1.68481535057384,4.93588133489254,-1.05476723527104,-0.190846438082949,2.41053467887525,-2.30178950384596,-0.353347571383377,-0.160800936911961,2.36842239645088,2.57618994920696,0.0441812308310656,1.1190539926333,1.56730949476784
5,0.111141255799415,0.93256355885174,-0.927862261167743,-2.32072519239102,0.626723757604046,2.61724977029469,1.93685524707793,0.629390906693677,0.558532075924249,1.53056292362328,1.50528601359522,2.18902330870215,-0.334593953970855,1.09128618133481,-0.162097820498344,-1.86972259411894,0.733946932835319,-0.2843842138076,-0.884527313374686,-1.24823469045296,-0.236599149708747,-0.415990132215555,1.54269882310265,1.50785373305132,-1.00236017998431,-1.24042612385893,-0.709506876651716,-2.02297112598304,1.22958330057439,0.634286357985683,-1.4916858905353,-1.19530279911876,-0.391718089610124,3.28001417426669,1.08660571640988,1.18633070462374,1.12818545947759,-0.954692070130299,0.849459722580795,-0.522696369443514,2.30222318886342,0.323831003060832,1.33237963129191,0.804551170539695,-0.0095454477650123
2,-1.9293616431101,2.43339683165044,-1.97240724094637,-2.14064425730012,1.34674705570404,2.30562131780099,1.45453034666671,2.2126512433567,-2.46041150330842,1.77930856788444,1.05527057298524,1.53159166118482,1.67082844710723,0.954678135164463,1.9452491787628,-1.55047069988791,2.18777121405595,2.15252174359933,-1.39531376018417,-4.19312687523411,1.37156720836627,-2.06682594150394,-0.349057518055155,-0.24184163920994,-1.60645372006787,1.17539173218765,-0.125431079187294,-1.22146818174176,0.987138780823578,1.45806939450234,-1.26609163277463,-1.73142397252366,-2.06199817946874,3.78937312857306,0.12734163463341,1.23745340096347,0.844446893202785,-1.17979571442055,1.04332573840196,-3.7627812872661,3.65237856063464,2.27428859181008,1.58210504541841,1.66786383432537,2.6221912941498
1,-1.7174353878051,1.58314914202286,-1.90745322223859,-3.83205964135746,2.23804087443642,0.499427394270781,2.94433827830944,3.35875739714464,-0.55433551683731,0.956753708073508,1.78430023424755,3.27191738582296,2.18376974098882,2.91660516490197,2.98780139261438,-2.76478386324967,2.13079387379004,2.55035016441441,-2.64705917417723,-2.42043774395596,4.32315753358121,-1.60649190067834,-0.0037292088565905,-0.315754659702168,0.181822543482025,2.20552589406581,0.878161539200392,-1.81695441420218,-0.376611588289339,-0.164338411590895,-4.22716886744598,-3.693626104584,-2.7662461324897,1.85837324823416,1.44976407197544,2.01773362795844,1.11305114645773,0.445734257713506,2.83962086314896,-1.55439402504138,2.43812985700035,1.41851623735896,2.64177681034034,2.07750406692059,0.469890184110751
9,-1.65949230720216,1.4931487262748,-0.938562234785171,0.169457718184241,0.77431396072419,0.662338316759938,0.751082701448069,3.08373791386117,0.416268198136256,4.0718636080756,-1.10020240310861,-0.201611309340126,-1.49075389480778,-0.366687029992774,2.46092123933954,0.0536703254004677,-0.510845794663551,-0.961808978238275,-0.770946074694193,-0.812393028528493,-0.967964834811044,-1.84151188386292,2.95684515139443,5.16219773120324,-3.46007886026331,-1.3056184034165,-2.26710886339458,-1.23902052461989,2.43396012606543,4.89067206861831,0.788247935649541,0.8699404636716,-1.17609288565827,7.65690828971141,-1.5729126176636,-1.89258708425326,3.42844141278545,-3.34249379213876,-0.739060673499725,-0.309101832523916,1.70261694898449,1.94063125877328,0.630986606549846,-0.858774503439405,0.575322040428009
8,-0.803293250212986,3.1083361897959,-1.48518098965913,-0.74035755424207,1.85298631267023,1.48604761159422,1.24574758223003,1.99961908254492,3.11625574795423,2.37310892681174,0.575725720961651,2.48585568227634,0.765261976559604,0.745752542105901,2.44748137640927,-0.527487157210743,1.2649736022329,0.852822496422559,-1.18639048101787,0.47797143821336,0.530329067819832,-0.859442713031631,2.51776981034201,4.57656519068799,-2.05564409882561,0.934702123723698,-0.0342763078948883,-2.60214750758984,1.34266989059726,1.40255261111921,-1.02960213005986,-1.85120021853775,-2.19429988747961,4.74530815546251,0.0944220169503209,-0.0934083627836118,2.40006492563635,-1.7960134328385,0.555549679907354,1.3346793395606,2.10845689426683,2.99788510848901,0.542646668398788,0.62540240864501,-0.347117229465826
6,-1.34364580693628,2.1481080193982,-2.28570069364691,-1.7834456179412,1.46409706387705,1.07203557099078,2.17720397568309,2.64473812648869,0.568359343683037,0.865381690864473,1.5457056610128,0.472511980943664,0.715286869119582,1.94415848283675,1.82871177432214,-1.73268928156861,1.67062974274405,1.13558810006569,-2.20396290612785,-1.81454429191803,1.96154252205685,-1.27672857000462,1.82482753007944,1.96376861378752,-1.29798352349557,0.683972370885082,-0.488404230987887,0.212161314919889,0.540294192749879,1.08382116487447,-1.60517587136398,-1.84869843363645,-1.39653048726808,1.72086616924098,1.05598430390422,1.28211789316719,0.992995825105331,-1.10717024808239,1.4636244923779,-1.55272800874428,3.45655239746855,2.57482668232449,1.20108748056065,1.14728618482813,2.56156674146988
6,-2.61669256917252,2.79159960666853,-3.5537238947423,-2.4621927458896,2.43752612679641,1.65275833608761,3.42647158895129,1.18184074897107,-0.322288046348344,1.16417792013199,2.06786855274042,3.26315037777114,2.59387302808482,3.57848418854601,2.80503226469702,-2.76412686103535,2.65522799654831,2.38123122648402,-2.81971156859924,-1.9743041840455,4.89011833249191,-2.1975695251422,3.02184138273454,1.76234662722783,-1.8837881379979,2.0442077129305,-0.488341605222567,-1.28491276784151,1.11495647448715,1.70232900588835,-4.32619496122473,-3.55379350895434,-2.68657323597835,0.576824821609841,3.0672060709214,2.39038488361809,1.13809833587147,-1.25235128533205,3.02895382481679,-1.26118278724524,3.84732963914919,3.14046948712191,2.63069093374085,2.68493221115626,0.796682159644324
5,-2.0077891159901,2.5741234682307,-2.6885682687939,-1.43519222092363,1.43729552608461,1.94773305205424,2.81079647171891,1.40457736466885,1.50130179954673,1.47950056405674,2.55747814129184,-0.218099243444925,1.2420584662682,1.90441930376446,1.68384850647889,-3.13229626045813,2.21672805722051,1.87438524031478,-2.58142008748879,0.180418762300246,1.43069514147863,-1.91453979700581,1.14674745450023,0.583799174191772,-2.34028131286209,1.77545149821557,-1.17597729919525,-2.72984292234482,1.56489725360849,2.68410184550565,-2.42893386491778,-1.7248482930558,-1.58881867532939,1.04561367482934,0.909111154834148,2.30989655504604,1.70683810685864,-2.16648132629077,0.973084238337787,0.376999236015566,1.8597287311917,2.67157956028488,2.01437207543172,1.50703569588445,2.9570129839184
4,-0.399102980142386,-0.0138688875182263,-1.27589129809322,-2.37630102550701,0.692097355749626,3.6772521386673,1.63481397068357,2.31896171276801,-1.20663861188428,2.0417926294191,0.57059269121774,2.09336080875765,0.58653709498063,1.92494410708167,1.66747869137925,-1.22783938436851,0.331785468857434,0.966425438871365,-1.60855921011267,-2.06291459037389,2.01851563392499,-0.180849803125207,1.82263439373819,1.10883623638351,-1.69354824610076,0.633759309478423,0.278080251148575,-0.439142714938306,1.24963089306542,1.484104106276,-3.13156484560111,-2.99046861302613,-1.37171751084251,4.17918564985534,1.38104442450495,0.768425536077149,1.48810294417718,-1.22500969263118,1.71195497973353,-2.17303056544567,2.61645560963689,-0.195061455821395,3.35037664414176,0.605260739945075,0.43175266102509
2,-2.12737881318467,2.5429347410775,-2.72812807045318,-1.50789172785318,1.45368415169326,1.78958811419393,2.17164947118787,1.82402458668369,-0.555678676001516,3.70050480706041,0.266639036262123,2.04119195001536,0.933561327744966,1.59155848435055,1.96740286014772,-1.1451595139389,0.774816770950103,1.07974601941814,-0.835676596007149,-3.10583327704016,-0.642037099628002,-1.91460044817517,-0.396145636640109,0.159171536356287,-2.12996144977855,0.576280406710468,-2.26420768130332,-2.85932490376056,2.98701106118295,3.92268917140102,-1.23514906190206,-1.42208462269981,-1.64930573356843,6.94218990824802,0.727377427885305,0.0236495279927551,3.04864553407134,-2.52095877710522,1.25193878076784,-1.87934428034722,2.252964396195,2.73690954561856,1.34687478521445,0.870270628632815,-2.00386075527007
8,-0.367752446985333,0.445760854832008,-1.14763412961141,-2.42321378158347,0.630455721076456,1.04714865701042,1.68451976674136,-0.222073770320013,-0.112866127952946,2.16982030232362,0.266576118117122,0.265686175491971,1.23611798744305,2.66092218003198,0.674141947126953,-2.19361154285007,0.229234871214275,0.708745360960877,-2.23643958044882,-0.964693638701027,4.10273904887579,-0.778719805294951,3.30112118873094,3.89384751182138,-1.14588115653639,0.177512874451939,-0.0209519056624659,1.27075651389104,0.690628349007847,0.86172049759594,-1.68577090599139,-0.900435505523034,-0.982795075185772,4.09330574567726,2.77949506505756,0.454753840011718,1.36864887011884,-1.46103175375696,2.40064040635501,-0.804002349878025,2.07147217737178,0.136320493508526,2.02536693765046,0.462781486122883,2.94825946371365
9,-5.09915730813198,5.20976673559173,-4.41759275959573,-1.3513038067459,3.04689475691402,0.972378892961121,4.64304993404298,4.11874708734321,-0.234277865704888,2.24878601949213,3.03165325704565,0.421419070295257,2.67281152860938,0.247964205211307,3.31964920342412,-0.0853180582908565,2.77242402696385,2.95013621769468,-2.11980078004764,-2.42127726285313,-0.101799228240857,-4.50813871128327,2.39464697194388,3.17699643858361,-1.59093852823255,2.44028339892805,0.467568144579125,-1.97004947829235,0.823228671394637,1.15205020146406,-0.743159965657988,-0.995188365753172,-3.1068177736101,2.83742265271339,-0.442428911871325,3.32020076914714,1.93248286693426,-1.75780504260801,0.886813741713733,-1.28359497860687,5.92305308464748,6.01186100549873,1.44491304131596,3.0499505301948,3.23052150452569
4,-2.38301143520932,2.41327902140561,-1.29376346171849,-2.19869697810785,1.18179403968203,0.852022707380023,1.2265225382651,1.81973744966671,1.52192519641647,2.65337745975115,0.107549618341897,2.30194921022037,-0.606277162547187,0.51429259756069,1.86936488082559,-2.13443744864584,0.693203927212293,-0.646047713407431,-2.09145414027306,-0.212103649614341,0.303233604092805,-1.92612165367665,-0.0541607290401904,1.81775805284318,-2.88626945713613,-1.06139108639913,-0.590118826730098,-2.44091886901353,1.39392109794281,1.8401858602492,-1.48954490265406,-1.71697346809934,-1.49931213556467,4.78728907062558,-0.468822134956723,-0.246691323319894,2.21108743780727,-1.82679584259502,0.270849926900401,0.326629434276487,3.40033188260134,2.25377262853242,1.16282911132731,-0.0755438977019313,-0.0453135540510844
8,-1.36910625834219,2.31195706306914,-1.56662242763346,-1.81522688788265,1.88714165445836,2.74737525003644,2.0180152797374,2.6001971875973,-2.26703442506214,2.15728833601669,0.129272151460688,0.33315472367038,0.563439080035866,1.45486667299099,2.23546922546352,-2.18350745957279,0.148926264453607,1.13919677427851,-1.61533418313852,-3.12811961422083,2.05953084061275,-1.59926614853942,2.70044219607021,3.35018300114729,-2.45215988920909,0.994150508936934,-0.813762792417025,-1.65970793347308,2.12153835483413,3.24785537806458,-0.994550064199873,-0.365878815038077,-1.97893727720798,4.03513594157182,0.968282700901604,0.120367235312003,1.70493327811691,-2.20119803758256,0.609983724051009,-2.71657294662089,2.96287978358199,1.95334596594974,1.53129748923499,0.252475762946729,-0.514273046644765
8,-3.56803791283569,2.87094050263454,-3.09862149452641,-0.425639599837185,1.21124509393879,0.678756734760235,3.0354256579476,3.30792928510371,1.53033026559172,1.66720312887286,2.43107669953079,-0.395599622077712,1.71129026256974,1.75445660553303,2.47215142343557,-1.39428751755686,2.06522471192992,2.33916306043412,-1.00441802007588,0.207199035652817,1.94473265285651,-3.59834298106909,3.03205255591562,2.92073030578329,-0.271292421451031,1.15019617853542,1.13151584263125,-1.10885525902431,-0.164659363698406,1.4395456424056,-1.42059488026015,-2.34761627240527,-2.00743850842885,2.23660707553451,0.960792499605208,2.13294647396964,2.23513747078828,-0.0067219234911521,1.50952481561118,0.592686589566158,2.90537808425814,3.27859049608315,0.916686170370713,2.02323028736278,1.54810839747686
7,-0.389790862800298,1.43127570161806,-2.64351685203902,-1.32224886914457,0.828565341039522,4.04942948187658,1.64579172358353,0.155555925962962,-0.359721059793768,1.89034300346557,1.09737155065845,2.1327909074893,1.64245795143489,1.50136021645659,0.832034367476586,-0.50213497978856,0.810621600924718,2.05686811972997,-1.98353056197604,-2.83854203374748,0.393990044468781,-0.450972807766797,3.02031379235285,3.04179113423801,-1.84380420539037,1.77143570068163,-1.80641951773152,0.211786530982388,2.85994907082635,2.4749176594606,-1.60669851512998,-0.967159621797499,-1.29179716426401,2.72391454890316,1.15695675491922,1.54681037748819,1.92295948697743,-2.20913343458291,0.588510169443239,-2.02784089208455,0.357018617138756,1.04876377330512,1.29942137656718,1.15433612691574,1.48453518156539
2,-1.76411195289459,2.66593301204111,-1.89130033788967,-0.830459600657301,1.55091252901144,2.28926470227699,1.42358638943088,2.60403779170132,-0.637227701980675,1.68512636551177,0.473216438387746,1.62458983102516,0.0786619749327693,0.294142554507118,2.0501781457389,-1.73729966816308,1.10657304988822,0.617329412366572,-0.046533582803382,-3.62543512662508,0.592986445531484,-1.74547380480884,-1.34144634093388,1.54578850138473,-1.43064316366378,-0.331314899204217,-1.1469673737899,-1.12654836852468,1.42843995137818,2.21256218370127,-1.1002262050919,-0.279878880174891,-1.9929062933414,2.70849912325603,-0.843901924841607,0.751925128143396,1.0848836946903,-1.52214558052362,0.146454047359788,-2.56700035239321,1.62457158363239,2.77593642875121,2.26822817231427,0.557683603934623,2.48450726920059
7,-2.21904365344901,2.53454904968369,-2.71242318993567,-3.33670163854024,2.91394566664444,2.81960367444359,0.672883384267081,2.5207942017408,1.82088751864699,1.78836314224205,0.726425867447947,2.2356290495651,0.956688157623481,1.73606981567397,2.03978351703336,-2.07998025566017,1.50450312899069,0.72350862683991,-3.05788025648115,-0.742457795703597,2.88814998243289,-2.31964902957949,2.44933761962117,3.49517915176905,-1.48314405918493,0.540063720581823,-1.43236286815469,1.07939697926129,1.64251364289627,2.90308254212557,-2.96069659820054,-2.64926059873141,-2.58091202491697,3.40395338854276,1.73104960234499,0.679911010730806,0.96306799664682,-2.10782194218867,1.4673225408685,0.197502461043529,1.48177190338348,2.86541414333251,2.5833690174388,1.24096069167718,2.99078424575721
4,-2.84170804593102,3.13560710181298,-2.88355953477561,0.363046541509825,1.02369602647681,1.15943988742414,2.34848572112527,1.98198041873503,1.65666987915776,3.61511113623602,1.3294574425265,-1.4813294069231,0.752480445755392,-0.284219097222547,2.29034330225835,1.02149373607824,1.79648145688933,1.01102676401866,-1.10443178380811,-0.348798943447514,-1.2287862790669,-2.77463247403189,-0.328604057761449,2.06139020627152,-2.974459685095,0.754886976704787,-0.480794078643999,-2.93577411876551,2.2165521874001,2.33841727592284,2.07219543570615,0.20389038809662,-1.31019723154975,7.35343607532518,-0.743340323004644,0.814314025695854,3.31778756207284,-2.84327928998077,-1.00355809335328,0.256835056346112,1.97295528435994,4.01344084470334,-2.16654412926627,1.58462207920148,0.180275122311994
4,-0.43796723506148,1.29884058494573,-1.91517612659008,-1.2714789377065,0.653514501440416,0.573991034234416,1.97457356422794,0.33775436767891,0.692095238925387,1.42700920763494,0.8308129863071,0.436737520612369,1.21679167023034,0.41956859495454,-0.0682845086830907,-1.52401490911619,1.25215894887669,1.32863548874736,0.444235215935076,-0.80558773418812,0.565353898628024,-0.818737880595141,0.502664470979637,1.59822723472855,-1.46393485507258,0.669164871226112,-1.63453988544228,-1.91118191804998,1.82210230807631,1.50428121856574,-0.998065192735536,-1.39941238371088,-1.19563369414912,2.67396418555851,0.528223225515866,1.0729908445805,1.37175732984118,-1.71153918979498,0.863216889250393,-0.503178022325824,2.76353905069714,1.11660436372968,0.0314477505709417,0.543516725453728,2.62458767891917
8,-1.16590507337571,1.95892372066838,-0.750583140881859,-2.1558011488823,1.13740869461602,1.34580991175659,1.36676750154444,2.90182317155658,0.539063862258828,2.78042467578882,0.063213713178369,1.49833299564109,-0.603997700668369,1.62745741142345,2.02262403255085,-1.84327273414224,0.211951480455936,1.09186091645186,-0.451380581330471,-0.0830500486169227,2.14712853520518,-0.865698898686107,2.5006746069105,2.40619634977616,-2.50438291694007,-0.132624288433916,-1.82916321697411,0.667666535663034,2.9436737367985,3.14162859546279,-1.11258635080522,-1.0430614044141,-1.28787455792277,1.60666272452235,1.084797269737,-1.08112154023275,3.12822511835616,-2.58382921237918,1.10678943606585,0.0991702860953183,3.93726407567171,1.41402873830724,0.76487296876318,0.118735363831293,3.48054042380969
3,-3.73741903539026,4.76417163380695,-3.90369623215956,-2.31776011440737,2.28705788533373,3.81492906511302,3.89107089302717,2.07886937526381,-1.31379009800655,1.40754292075723,1.14691559526379,0.860794631847945,3.13213174006022,0.79704643437348,4.56479235880149,-1.59804401979299,2.60329369461604,2.39125277831654,-0.682690971248517,-1.53537157715325,0.962170179426258,-3.67871795783675,-0.253961314056647,2.91602517355541,-0.737719149871204,2.17881182621279,0.0889624207307281,-2.62545971437112,0.521052498062425,0.644004885230346,-0.896967479383716,-0.53060081445361,-2.90663909021306,3.84793879084248,-1.26798491725141,1.48404154322234,0.903473878273158,-0.924465028637763,0.504033305766106,-1.21820189171888,4.86398361790946,5.25802249640693,0.589594080024042,2.73144170608504,3.07053643179726
0,1.31749982567536,-1.67682078688814,0.118942934383283,-1.697850794847,-0.899593958080691,1.66668998782625,1.64919105439877,0.926724820714316,-1.3397605899948,-0.192490758293411,0.990627565413956,1.21106916535119,-0.216464936555278,0.981412178140804,-1.30959832661958,-2.11346311170939,1.10036752896906,0.0839691003270672,-2.0650390903105,-3.16421521084495,1.38603227179792,0.802840326007733,-0.497111188499156,-0.803340719205083,-0.477040763504192,-0.540169227251625,0.0469779385448241,-2.31262476689411,-0.800019592121247,-1.03221645657448,-2.26658942930192,-2.44709547791549,0.478299536514817,-0.293025509569944,0.910626203840914,1.00178917176684,0.447137527505681,0.893011102444701,1.44795772409436,-2.56575664491112,0.757398136464649,-2.40798625731618,1.76629501857762,0.314331575032184,2.25707285659586
4,-1.0719647641262,1.87528195675753,-1.32612159338444,-1.55752518644183,0.422587568058049,1.90596419589722,1.83478589202605,0.744995015635887,0.308315319250437,1.79613159075508,1.22865085204396,1.3606926709754,1.78225563926378,0.602544751345283,0.0587322094580621,-0.402123509248017,1.07380916951015,3.89795588444257,-1.33534300496034,-0.516615465069798,1.0424351382693,-0.967167718893267,0.557661185554843,0.911972491501779,-1.35433445316508,2.72750326526512,-0.944616750888986,-0.933327376355992,1.30841213859291,2.7658982671989,-0.825997921566175,-0.680195666450053,-1.12925913248105,3.53429960862004,0.71000086528715,1.37073066246684,2.51848300154136,-1.33894768939915,0.3059567179286,-0.312249599504493,0.977094729269089,1.53698447856863,1.01506065216719,1.00280778782247,2.3902683709285
9,-2.40316884475075,2.92607595941443,-2.54822580503861,-0.132880326949212,0.87284147471501,2.46621292673603,2.11283784823611,1.04732356350219,0.950412598942729,3.1181409314869,0.66087224797556,0.0776902033546851,1.68389489789632,0.951038372224037,1.16763150012396,-0.0430854254438198,1.5278618652222,0.986521978899899,-1.54806541529858,-1.01331130795699,1.10192632290986,-2.45310413478344,4.48189339309306,5.25469355143993,-2.14448665844437,0.368902213410258,-1.54269292516206,-0.640766043049113,2.29036119365627,2.24010783431844,-0.325090850945555,-0.738254504513837,-1.27872420387495,4.62477392349175,0.31972923699453,1.49847181203344,2.98759956040995,-2.22383088174698,0.460849666411437,-0.368281479347554,1.42016270921309,3.2493944773667,1.23931190357146,1.61309309224529,0.538327609847751
1,-1.74199581373846,2.22380653792908,-1.13381567493201,-1.22016826901604,0.823088813682631,1.44574431643895,1.37602923654569,2.92963257569879,-1.51997879625299,2.93279426516179,-0.438051648701565,1.43398086737328,0.028180453525217,1.18009148217377,2.91303197535053,-0.233344529554171,0.411620292817461,-0.0311630883344498,-0.476396545274645,-2.79758304612126,0.81247665770406,-1.4356373030371,-1.44010611342698,0.582087247385714,-2.45314227719278,-0.78138290181999,-0.629724572173188,-2.7664207559058,1.99645409562047,3.28567379336899,-0.861223406279618,-0.616340056262647,-1.53562427252362,5.72630858079567,0.570107644642408,0.114098544666935,2.74069811657637,-2.04161051619595,0.461251768428421,-2.34485948645879,2.20090259051125,2.24660763470046,1.31022211083992,0.137033221369854,-2.45589966002214
0,-0.426308005872153,1.09340559965587,-1.85552775665636,-2.35397603225187,0.157591985122975,-0.0891699913898019,2.58900664080569,2.60335845479701,-1.09093160266539,1.08658317147719,-0.425488401289465,1.22029260144679,0.0850173373146411,1.44941997682191,2.49913110266053,-1.48587335811437,1.52974394038496,0.851356788663221,-2.89262628791754,-2.65856927026486,1.72195346637675,-0.237651497530444,-0.927897966018039,-0.278476954160503,-0.291361746855205,-0.260501470843707,-0.180159008559686,-1.08386446114959,0.399027167393193,0.728001811664508,-1.4789736749504,-1.31091207430425,-1.25982601873982,2.26773550873983,0.768820222525995,0.327861383664593,2.06919673076949,-0.414920610452984,1.54491404782701,-1.81521007242149,2.32165904278374,0.540503203389299,0.542249205935661,0.946949992421966,0.551069889225359
2,-1.68933642533522,2.12031079543111,-3.1795435618375,-0.341637345651113,1.65846687456718,4.14172021880155,3.49960866615782,0.857042755011698,-2.04861340326638,1.8071725348061,2.76040388904598,0.774256339657865,2.32493009789344,0.247076769234589,0.949249448374234,-2.25766089197798,2.32718984354899,2.67211178494105,-1.07635740731467,-3.72432602845547,-0.26837768493667,-2.14871718005107,-0.612947257589038,1.11870822582347,-1.52893698205247,2.40718603180641,-0.708642809810567,-0.574644249257493,1.57523077187419,1.67829599112382,-0.982907560258157,-1.55781617085659,-2.03059188891574,4.01315494993903,-0.917960974861822,2.97880469252304,1.11529999543218,-1.40302236298698,-0.532527211280634,-3.16662333704371,1.95501800391401,2.33219638129656,1.29089582535349,2.54295888254948,1.03258287553921
2,-1.1239675046411,2.00507163046504,-2.0003372087773,-0.685335126509751,1.19438859300175,2.03452324705363,1.7321572100572,1.6315128579425,-0.445976573829271,1.68715775812194,1.46877938783402,2.50797577126588,2.00061703508165,1.34128078300255,1.72997561880384,-2.49851576094649,2.46221713129983,1.59890745423445,-2.90836952781005,-2.16371614873868,0.291597389538296,-1.33168142249752,-0.378731480171071,1.13891289470513,-1.07819215555812,1.21233061519108,-0.332640571918377,-1.36397550462445,0.857921006338781,1.77598677221239,-1.86206656603923,-2.45535580553622,-1.76044373720568,4.18227956250348,0.78765808811334,1.78474124710677,1.11249389125587,-1.21801481377538,0.780839350711977,-1.25426038862458,2.19874235650611,2.26250800538517,1.84941092565542,1.90446554274392,0.641416758106367
1,-5.1756773350381,5.63104240648121,-3.97857797353439,-2.16823289209655,2.59926550525781,1.72583936977903,3.30971746130541,2.65709912194871,3.48721559413503,1.01973395087904,2.25464781503284,0.311133543848726,3.28263464187875,1.13178301118672,3.48368463544223,-0.930260708386662,2.45181815039026,3.64101744207635,0.289946774530802,2.35131081745142,0.730973094049528,-4.60589824695777,-2.03812310067147,0.320402815749292,-1.38369801835423,2.59631534706766,-1.18130838501033,-3.55898681349537,1.04006848318925,1.40832813114981,-0.771266452998456,-2.16474427297568,-3.24450995623,1.62196029255316,-0.307524609164786,2.59998343353155,0.979608267176801,-1.63968800197601,1.01374574394622,2.48166319375823,4.16301423316587,5.84690236874419,0.718063829946217,2.59611210677153,0.05763123349633
7,-0.384169406345001,0.276479819574159,0.395536464233631,-3.0601950048006,0.950384959775075,2.71971708718964,-1.15313744670642,0.642278287081194,1.36624268941797,2.62060585921865,-2.25259040387268,1.78142398639693,-3.80347221629573,1.54497557145199,1.17912051281062,-2.55795009344022,-0.648032125906632,-2.07194963593991,-1.88610689498487,-0.896113142390525,1.17220421595842,-0.673073477166716,2.35640796217507,2.51070819581818,-2.30366486529062,-3.56222595164125,-2.08227594529829,-1.4611850430869,2.58137184818702,3.46668320544919,-2.09024205780993,-1.41174851201114,-1.58359661684896,4.51676782506253,1.01849223757883,-2.82301088713108,2.74791385951029,-2.60190360101985,0.900659831901107,-0.421401585107801,3.6716221945732,0.07594371128655,0.742098346282547,-2.39586209222849,1.19561392732996
2,2.16372557467748,-1.1732741388805,1.15802266540829,-2.5428915750794,-0.905953280737672,-0.22935241251665,-0.49368808444967,1.20482400511457,0.422586744238016,1.02336115293886,-0.421792495891798,0.895440530996827,-1.34318086678474,1.05084428900214,-0.429414483321909,-1.23918461503432,-0.338402602503234,-0.478083736513747,-1.76819846038865,-1.78877304098318,1.44653546173224,1.7163006882701,0.247262762908435,-0.623919895522264,-1.64956787799602,-1.13632005344896,-0.414520013291381,-2.589022757912,0.973993241208971,1.05764627658971,-1.71120431218579,-1.79199276640078,0.57805900127067,0.908751699365914,1.25648376461155,-0.876675930773293,0.964143223760498,-0.965936463465968,0.960946202379346,-1.14090647887532,0.915137452763341,-1.79940558516911,2.50955878971106,-1.33255637676469,3.7799759167895
7,-2.58208627731395,3.09769367568593,-2.49037454092369,-0.611483768143513,1.91028901057203,2.66370013746885,2.88796110244119,1.86767361538567,-2.56349926816356,1.33384515395537,2.50068643151119,1.25420093484645,1.52976177441845,1.58333755804521,0.741382975710667,-0.164715855702354,1.61902527398566,2.43906354664649,-1.24245131805303,-4.09867246138495,1.27301726973472,-2.71900779485979,1.95229532634081,2.57721778951086,-0.745917578896156,1.2697207811705,0.878126212810212,-0.561722623794528,-0.171676481912114,0.708494658085822,-0.203427879561901,-2.15156022135306,-1.83441477346476,3.82280768308444,1.34163144339563,2.92638423905919,1.32062007442486,-0.561730820389399,1.02783547102353,-3.37672177395868,1.54181808259552,4.0911688251308,1.18233125712631,1.85106522373345,0.778044477086232
2,-3.20295085211987,2.81448696599566,-2.2980385988528,-0.988997488423879,1.78448279834972,1.14408836065746,3.87035458174286,2.91328700907664,1.25334993388471,2.20828106333227,2.03963729489862,-1.04012485488766,1.17612632476341,0.0802099045266953,1.65077875883833,-0.316945814124192,1.75308136533037,2.30984306181425,-2.23317185601122,-0.0162209862402352,-1.35749319722789,-3.06625562797081,-0.803672926391543,0.0628086820391084,-0.775074350113922,1.92956441983668,-0.110864133596888,-2.12848829047387,1.7628463480783,2.39039793205279,0.0191214544004992,-1.2341958595417,-1.63912664565372,3.29579201280713,-0.755217262652228,2.07367149406874,2.0889686622615,-1.02397075895519,0.0089366532270976,0.511914676602337,1.9308412405456,3.83579607871481,-0.0794390337468162,1.81669150251678,3.59047981536234
1,-1.88221452084071,2.01244058279119,-1.23095488372453,-4.24842388403319,1.2542306590238,3.17486899478809,2.09835857335374,2.85362904662031,-0.958113376661304,3.60346724933059,-0.830100239186904,2.94165365556465,-0.342233245793698,2.37427695212722,2.70178905032456,-1.2288892804259,0.364232244224322,0.648645713970523,-2.70139762575942,-2.09746626884301,2.85955268217314,-2.07442718021885,-0.828362788232393,0.62249756644918,-2.66895276323327,-0.0788960678551413,-1.66920244232346,-2.67747213999966,2.03704427183892,4.18291090701871,-2.82692250448308,-2.94440211040191,-1.87364556675422,5.80617920316884,1.77815289438,-0.990940154373744,4.44814212488928,-2.74464217762515,1.4936339908106,-1.68171667441037,4.76192033335856,1.50065812720827,3.36583763937008,0.242796067223372,1.20121243196085
4,-0.242595298077061,0.764601429858633,-0.972231477816697,-1.93529927652863,0.239905779219752,2.45761339680101,1.26888147001961,2.83172214969605,0.810134165276616,1.180719525956,0.959533166137697,1.6386065297968,-0.296614667580545,1.30987642392282,0.631524465102726,-1.07242817844885,0.920864377985749,-0.279435221855569,-0.672358744437104,-1.99770768942983,1.06048184225442,-0.327057025648923,1.04506661567566,2.72993266204987,0.358168256517735,-0.842296953535092,0.0987268398414102,-1.21573903678887,0.676175518824944,0.0221748378334197,-0.937058694561847,-1.29247904313924,-0.780036838890179,2.9837247564711,0.970875797821687,1.12174467750562,0.742064883175458,-0.478166163782402,1.52841598171329,-1.1464828966271,2.45335189335011,0.752899083719358,0.516732649166392,0.471329496315275,1.50762398389807
5,-3.18148578754191,1.83988050804248,-0.621980056973519,-2.67427851788177,1.28724378937382,1.9550507388045,0.781309013604318,0.344790961916744,-0.668240416622108,2.58855101522165,0.853902287703304,0.096499807720164,-0.609603607838463,1.67234108999039,0.932932947599386,-1.44737671313572,0.269533048298822,-0.269405332237889,-1.22810161692418,-2.50784044493584,3.3782336103229,-2.59041027293786,0.770911157052711,2.19091283751794,-2.26612527168001,-0.469861907695586,-0.143625476506958,-1.79115447199854,1.23804150054126,2.132579816476,-1.40756768675657,-0.608580023559451,-1.62370996095728,4.82340666592291,1.44154205217952,0.272081813145124,2.10111530263526,-1.6888385395889,0.951102298895482,-2.16278596915437,0.759536452827809,1.80632805894977,0.310549709093064,0.113924429787541,0.923841288860663
4,-3.4328526470085,4.34618499805781,-3.57356632041761,-0.86335444828428,2.74727453854244,1.88189634048579,4.04610703715066,2.18044711701424,1.0744664921322,1.53841623471564,2.50127111832285,-0.0200246302109198,1.84116034128688,0.263887171267379,3.60773799329599,-1.76473547154604,3.19291448782439,3.16905055081976,-1.8774090842368,0.280631082004939,0.292225195120002,-3.13876955024929,-0.0844459599233247,0.983488697178736,-1.14071805954744,2.46942019944178,-1.3820727213296,-0.91965086494,1.87533145391801,2.48951152205911,-0.875101594301271,-0.0918443551846636,-3.33129247892167,3.46196004050445,-1.15668245800429,3.07947760016621,1.61233618376044,-1.59884443872888,0.358558167899025,0.533209599826201,3.82046601105218,4.59562770310286,2.75060464156791,2.49856523979907,1.00033495291043
5,0.33703323997556,0.432563591580118,0.0522167249632041,-3.39028995068865,0.388784196596999,2.66038537103942,-0.677776432860289,1.59838134617288,-0.634539111022133,2.37904913314116,-1.67773437002909,2.53015825954963,-3.09891298679666,0.695890880509487,1.95493247313414,-1.99970660094879,-0.78318442946101,-2.42836601676852,-0.470690753275856,-3.33412612031539,1.50087242709691,-0.147164797562183,0.950353244753797,1.92520049776474,-2.18294564743439,-2.56181601794483,-1.25217778071544,-2.7635313273104,1.33680210315217,1.49426813854477,-1.83696989967669,-1.80881804244821,-1.48058917894479,2.78725399394752,-0.42270037897397,-3.15533393849028,1.57772055733029,-1.67773643493195,0.390689578632448,-2.38847752658326,3.71221433433427,0.081850772321826,0.813350475052366,-1.55615464694187,1.98236261413236
9,-1.6048248719144,1.97902550426443,-1.43376224569885,-0.734395558233347,1.28617993086655,2.45482621429391,3.28910010363561,2.81649929495894,-1.13434924899297,0.705710282646711,1.47628002213126,1.06536063925768,1.14737632044102,1.05107645260888,1.35786550741242,-1.05560674866629,1.48784130523275,2.11313175689387,0.678267265513707,-2.27871565730092,0.985979525190429,-1.87154564856347,3.32255870082968,3.27964447320816,-0.265187743441416,1.32240221132545,1.40850670998415,-2.52343615791644,0.103993871969019,-0.21387653567039,-1.18003023320411,-0.363657373915906,-1.95483038621705,1.37272686663328,0.189867981296053,1.84414647658694,0.626471634363518,-0.618137085738852,-0.183904054604647,-1.85627859636384,2.29705987469339,2.01611089178435,0.512386481380049,1.01800904038858,-0.278730096516396
9,-2.042144489768,2.41479215057054,-2.58781554014896,-0.848839218760078,1.68010060580428,2.2198691062696,2.95550833149125,0.22912627971489,-1.97071293538178,2.81441122963138,1.21854892380239,0.560304156940804,1.28936342497063,1.58736846467082,0.942685059322214,-1.43772455130935,1.47031043444599,0.507589607160011,-0.340928178561213,-3.16818367156689,1.66271341044601,-2.18273032051084,3.13479504806785,3.684775232981,-2.71703316695279,0.0103848803116051,-3.38229758128481,-0.295502599311523,2.64836460462866,2.68238738722234,-0.511175439517725,0.0844747721603008,-1.59133133044434,4.21474572649558,1.44101852047395,1.55965141971941,2.64734594058998,-2.38926464802981,1.43497911207502,-2.61449785287045,1.46087333734501,3.28896087795758,0.466882977813275,1.33272726345831,2.07862924509145
4,-2.41097269883925,3.58780080033763,-2.86305721219089,-0.555490160922405,1.70948779269455,1.90898904553387,3.91917187115272,2.08014199228966,-0.155083572978232,0.912740984174778,1.43657838821649,-0.152411705099579,2.31956542451708,0.321080819916583,2.60999115500411,-0.482287246166326,2.51488656180842,2.20709037440496,-1.58154591959488,-2.45101891182519,-0.532201500969475,-2.73365661332706,0.122798827234182,1.71728547756698,-0.317389260362165,1.61486211724146,0.658080688514571,-5.3713538236222,0.210252021669807,0.278652702123062,0.69017474664985,-0.158344732874402,-2.06874892951533,1.41377007886392,-1.08455699981817,2.07386028622824,0.34388242940638,0.0095464042660845,-0.249323534549047,-1.25498770125347,4.14921785849685,3.96666345014162,-0.710659177057607,2.34050864656521,0.0578806874853605
5,0.553863191097829,0.658182785781166,-0.182441751102109,-1.74682964780875,0.506118328535201,2.24963902346791,0.0041817992733247,1.69107082620802,-0.565246706522164,0.827243776293069,-0.555329722650043,3.19551648746365,-0.35995983178292,0.984154243611144,0.583465983013945,-1.64248572401566,0.422732856060029,1.3929174206438,-2.24072530172582,-2.56663728479964,-0.160904814894035,0.699999595749675,1.69374865483163,2.84895559157985,-1.47239470708904,0.178278539557559,0.614758158735079,-0.214342867427179,0.477094274434898,1.19826465505028,-1.82789005508542,-2.14165767799828,-1.07027061968236,4.35755469019251,1.06597714467472,-0.101033374392241,1.03282076125826,-0.939587147566442,0.677261924250461,-1.90058451351359,2.09303201557056,0.369920446692676,1.82684113516792,-0.145434069099008,2.63322712653176
2,-0.944143618512385,1.22633460877753,-1.5712796026273,-2.8990149340053,0.850099799318097,1.38772662184524,2.76447130129883,1.98090421023712,0.839679684082319,-0.0615923752692975,0.562880270230201,2.1460008889741,0.780461658195184,0.787652034415177,2.10088067650757,-1.48062377819439,1.16540029362531,2.51038479756776,-0.382178135949858,-1.20448033476981,1.48585804084094,-0.703693309100207,-0.0025773124857449,0.562431317116586,-1.26712563572737,1.32039120550262,0.721276025685984,-1.23564227576117,-0.590405713482279,-0.143737603821446,-1.80022582076404,-1.31590155608024,-1.58797598013002,1.14902563540525,0.195883274429064,0.760744401125742,-0.102997090969303,-0.444795507918431,1.29251263523842,-0.532421834832999,3.44436550489126,0.920442158131362,2.18112152859129,0.675355764800276,1.00604923853305
2,-1.81890764679634,0.531386893646572,-1.17754498240815,-2.14913273702105,0.585578507745413,1.45954786787475,1.49613570242547,1.87409155795708,-2.26438197036778,2.91225701854321,0.589011937452121,2.58130298289714,0.0198396303619236,2.13217634720035,2.06669823609143,-0.651039931519638,0.611485568056207,0.746528993056906,-1.18237288272956,-4.74829963913391,4.17143149636978,-1.70742712703876,0.290471103177862,0.674751584537986,-2.05236888948971,0.0197095278873616,-0.815662996521356,-1.47416747014528,1.93475270118271,2.41229397354554,-2.10968653005904,-2.58110951921965,-1.30130472901674,4.45119112150442,1.08305435252718,0.762585622805492,2.09597692517568,-1.58538809027173,1.20190992272169,-3.90805626872263,2.15555304766615,0.261185112951656,1.29551103696248,0.637755818967333,0.387246592625728
8,-2.70786824404548,3.21267808900873,-3.90235754811805,-3.39590479566838,2.50759069116532,2.55333358855602,4.23120156063268,3.65972858126104,1.79470795166769,2.89668516907972,1.39613263973085,1.74209866986614,3.16342254798065,2.7702528659867,4.44574527928664,-1.56563161739369,2.77947004257971,2.03155070055892,-0.729726206561999,0.775946026156178,2.97159884078455,-2.96285388120571,3.18601910735846,3.39915062787713,-1.46188905195998,1.78133837497684,-0.669071389626883,-1.40870518478165,1.99522440194426,2.19821838473205,-3.13934099866266,-2.87538331549745,-2.9936556926068,5.56416824062028,1.31171011368479,1.96233307499139,2.76525725925394,-2.11673381013835,2.15464833650568,0.640841292374191,4.24412540406607,3.41547575575965,3.06257777587429,2.5399964917168,0.820508068529101
9,-2.77152227750823,3.75293638457901,-2.81553351870049,-1.50469170887475,2.43826246202945,1.91751856666765,2.42054012682418,2.40976366953886,-0.503739094538897,2.95514328558637,0.552670829850844,0.647174547011073,0.1279035760806,1.48354098356746,2.86198000435717,-2.51640233454335,1.3303213920537,-0.0742055343555254,0.263127908722207,-4.16507440100178,2.7131447960589,-2.74089101864615,3.49466740467845,4.95167177159235,-2.35368061190547,-0.533534600850925,-0.679952000538566,-0.599661762747763,1.86654896803621,2.91836909406144,-0.789733300453441,-0.936636418994069,-2.85657657697365,5.96169873840394,0.263540888994491,1.62041458339329,2.63600259180012,-2.32726551385849,0.883837233506833,-2.52200334781045,4.06451644568158,4.28877069395818,1.24663693472512,1.06398849663874,1.5433335974307
6,-3.83818155154658,4.82708253527795,-3.00810718764168,-2.43278152212967,2.66295966071426,0.724330340787862,1.72010596352949,0.9898152172107,-0.567158555502569,4.56625820612391,0.697075395294418,-0.918425062928008,0.844297869718683,1.16588609550807,0.618949287910243,-1.25417642477497,2.17260161998627,0.352624787657967,-1.39693201888937,-1.90434795797002,1.34637070817724,-3.80676602923431,0.442176772669214,2.27569828338397,-3.08507343590606,0.41969734141908,-2.60109780685947,-1.02942235119885,3.63093075198224,3.70427885013652,-0.824951486399232,-3.27408678203974,-2.10028301185516,8.18927714818222,0.153432584674995,0.709286595023149,3.5660979023722,-3.12581692318329,0.810802052023897,-1.60769389249895,2.0806996599434,4.72501556446915,1.34190557162712,1.56545228882214,2.14608230473482
8,-1.16643778954225,1.9029888282069,-1.31468930642183,-1.55533860837639,1.13190199631115,2.07685544740579,1.88121598866129,1.29174353246648,0.143433580619703,2.46586642907427,0.561684108398065,1.46266204484169,-0.0015887527815269,1.6691053186174,1.09797248252267,-1.38335726240257,0.719700602061256,-0.363433493789329,-2.62328013997995,-0.956763714967272,1.76750781762963,-1.03150362418142,3.53368423174235,3.93875321116659,-1.74306524227873,-0.596453359069698,-0.88548054481379,-1.06401022744066,1.10359309306565,1.56498257768309,-2.1031184314608,-2.38661549317373,-1.49854917356731,4.08985221364368,1.82043689013429,0.522832796347698,2.40476879556271,-1.48787086038334,1.33713457590641,-0.563640725902021,1.1136776885623,1.5464290655621,1.78290293027772,0.555216825376958,0.796430878560191
9,1.52960138568249,1.88516402929961,-0.900987244311896,-2.66872661160286,0.778576956762749,4.18074854466875,1.65077574783091,2.4933806823561,-0.610570596119533,1.8605279014901,1.22699603211178,-0.151389667481408,0.484129476398887,0.348776761505182,0.713429909540784,0.104500602643523,0.708765941419537,0.689905284098948,-0.24657517233721,-2.43031365810216,-1.00006436343337,1.10768150938841,4.68048680590855,5.0855941509884,-0.457281577602896,0.81034334914613,0.0581047157356903,-1.28397962536714,0.032852569759286,0.787912787936888,-0.98857028725247,-0.836605649686142,-1.0581756403717,2.35963304812715,0.0789193242979774,1.59539259741649,0.961955004321314,-0.22572790357852,0.515828656517858,-1.68944231430126,0.591533090199293,1.18609568065334,0.973219817515641,0.441731036937297,1.14769892915547
2,-1.2876908396585,1.78611868219426,-2.74452920165176,-2.77031348936631,0.809525899196313,1.19913509161778,4.3056521640903,2.23158546353196,-0.044502095007359,2.95541385100768,1.68460609822139,1.76415989286575,3.77652037520687,2.09380880545634,1.08402522928721,-1.77191254431435,2.37396766502594,2.98220971056743,-1.97365415318127,-1.74364574574724,2.15064011420921,-1.42073639991545,-0.162378316168659,0.917939838830258,-1.05576875859613,2.36505914539305,-0.445998851463791,-1.96929600762295,0.922454077435584,1.95106570584954,-1.78508715845101,-1.34004406574863,-1.52592761143797,4.34206247470342,1.62412275051318,2.42653293309551,2.49504611485248,-1.10606042060936,2.62937981780364,-1.6945308217573,2.15470139689431,1.60245641481079,1.05697694612315,2.89981768581336,1.27757256189229
6,-1.86296244220832,1.12360945793389,-0.486701669147966,-2.16392550050234,0.677467301309617,1.04506669602824,0.503180278965069,1.27617547238671,0.202499068569671,2.04875709001464,-0.578029546117112,1.46912878585826,-0.359935398683283,1.4467468675144,0.0896624012448907,-0.186041860093428,-0.465833633234802,0.176815023081265,-0.900794972491641,-1.37031215840792,1.15090838462201,-1.78974324803018,1.76294802740201,2.3208649733054,-2.63507184795645,-0.788539886037437,-1.19901209769986,-1.84493081275782,1.99492226183228,3.5822828731178,-0.273203800644487,0.263348102666522,-0.372782928842831,2.5782849438486,1.5517829390255,-0.237741664373137,1.50142600157187,-2.04321899594576,0.804534991550434,-0.78614768421044,-0.224314351726803,1.44400934247222,0.948619985572307,-0.484417221219173,-0.347665759401893
6,-0.648368718743566,1.78470122002867,-1.53572210707906,-1.34060020770042,1.23241642530779,2.13667750642772,2.04325608187067,3.00499542897334,1.62268327413561,3.68144091004375,0.721319607192352,2.57910396605205,-0.0639595241095231,1.58138709331247,3.30865017588999,-1.13367332974075,1.51246207114965,1.57212346766053,-1.00816436411851,0.221180735395121,2.68858735900455,-0.942487471898702,1.75755808597076,1.74875533073492,-2.31582329929125,0.320338470640475,-2.50066261205365,-1.82314977376789,2.66122097536779,3.10269013614559,-1.83041745254548,-1.49264975218398,-2.38004187703487,4.36551110452332,1.66821533243207,0.795259347454275,3.46206633699251,-2.397453630456,0.938755143093982,0.414393301789156,3.86777337723054,1.63459053822635,2.13922173793262,0.772646465840699,2.83109658211675
0,-0.0007135857069896,1.50915116914187,-0.869397050855912,-1.50797886318739,1.09472958285037,1.58320761691126,2.58179493141056,2.60582563821494,-2.27303710057649,2.39627677062462,0.736086854990058,2.23488094575156,-0.299726010497008,2.49266195347977,2.02093592993896,-1.21169421136542,0.0464294195064948,0.32579136896768,-0.863017788274809,-4.17611171799321,3.84554291685924,-0.0441105444828234,-3.61869128276936,-2.55675435813686,-1.20504141759295,-0.754914896322976,-0.438884632258767,-3.00784984115881,1.44665527002008,1.82284077200599,-1.35286092909384,-1.00128257675925,-1.41976395911397,5.43063689920344,2.4198691823313,0.483727834736292,2.27706032301487,-1.03381385588133,2.86925397835312,-3.22064160293457,2.55823834518403,1.07061113882356,0.983247071087914,0.358911479303102,5.20755273685292
9,-3.14646913957227,3.60725660356719,-4.3765393515515,-3.69700558174322,2.66466190248749,3.72815977414383,4.83209311332052,-0.575154593824043,-1.16908963850625,1.28475498243147,4.47486951425107,1.12744325572861,3.74960634012185,1.3219768224484,1.02354136210329,-1.58314677845741,4.3435312623349,3.04415786181312,-3.07807393716125,-3.92826872980639,2.12325532871287,-2.99963168644932,3.57241361995094,3.32251038587425,-0.355569400324014,3.43003987323061,0.913604656108807,0.027449395241268,-0.370023128004529,0.441597239775827,-2.32565968810547,-1.86619182907895,-2.10240933685891,1.08567834201178,1.18894755869101,4.97558592856118,1.11018283511193,-0.784095649571025,1.19498220854461,-2.45392407390241,2.19306610934681,4.15263306306354,2.54448371739583,4.41511768977036,0.674370282449356
9,-0.990834487143589,2.0896172116121,-1.34193642417314,-2.94935519085534,1.9090176472846,1.4043860257624,0.216102656933537,4.04362733985382,-1.04971794363408,4.36183797312285,0.005564456825308,1.63801312268377,-0.317398771416792,2.29111154427097,3.89761496223453,-1.20657513159951,0.725874385561652,-0.1833170566928,-2.10571506735116,-2.73261263541316,2.66720238744986,-0.976828361954952,4.57995348023918,4.66810550653494,-2.36786556765655,-0.70903183144323,-1.60606456119107,-1.61140446117446,2.84441021866163,3.93026315190068,-2.84294191605067,-2.1816719450219,-2.96570730911069,6.62974917186599,1.27228290533109,-0.437787941396626,3.4389684345991,-2.57767975174402,2.2825850800864,-2.17422582064814,4.36398857571605,2.20109144846206,3.51997167562474,0.172860357956306,2.77820848255789
2,-3.82446864572711,2.68210317791387,-2.21710675508207,-0.761111015954877,2.00894214632827,0.688052877124284,3.00203272738917,2.83337552345401,-2.19268843832706,1.02579564518371,2.60090093259931,0.788860612492904,2.5306719964935,1.32225302863102,2.53117700433924,-0.777912397019036,2.28763402217922,2.53618787278871,-1.02244052591929,-3.71411104692178,1.24405384360572,-3.52949505271077,0.149091097285903,0.335635170449817,-0.172231291421952,1.83208149657962,0.241144084555702,-0.98197612733817,1.1018903697851,0.552431982310961,-0.343414691794702,-1.51866046996406,-2.53955231016355,2.42510719402007,0.648453981476199,2.36192182452946,1.68789999936659,-0.834828217200302,1.05229791105733,-2.87854491218376,1.7057904938509,3.38801434351051,1.38037814424154,2.35147435931224,2.20532139773571
2,-3.47458572528062,1.4026962929412,-1.83441910614222,-1.05983682831893,0.908731450852488,1.29254399314475,1.5821225180879,-0.0555060920596021,-1.07790090378458,2.06799040583652,-0.451596571255375,-0.927916497277817,0.0429733672583475,1.19775205324205,-1.31052161452362,0.0351481156615692,0.736377200711565,0.408487869554383,-1.66924107082757,-3.28030717481076,1.77323015458178,-3.38175079009321,0.214301927800768,0.359421860469798,-1.77802555542742,-0.3320140914512,-1.66105736344932,-1.59156282897728,1.87144998502173,2.57077754112267,-0.64665232607962,-1.72110116178753,-0.812915107809796,3.8653578677847,1.62371720830318,0.308991219290777,1.64556935800899,-2.25359915325914,0.847387330020532,-2.75130613059992,0.560157109613398,2.27281353451849,0.719138537723944,0.36527193712176,2.2345546679196
7,-1.81436726667396,0.945848378254442,-0.901677883323994,-2.22510524307409,0.917198317596782,1.09411700881725,2.76704160723846,2.52417087273918,2.25431268040614,0.413185651113487,1.1171263920384,0.514394323207321,2.56949206550213,1.23487236937447,2.45225741454022,-1.72151984935881,2.14182190018756,3.12292995460444,-1.79051389485575,-0.197287602873178,0.697602567148324,-1.54838242480699,2.76497813590369,1.88614461164452,-0.168278713572635,3.08647539499741,-0.693891721704242,-0.0500603949261038,0.388086612970487,-0.141579799407949,-1.57169422213028,-2.60870446340576,-0.811853296638619,1.31931187843766,0.0641490157517978,1.76858332086081,0.588659156599252,-0.244883367496792,0.482713167068513,0.697220040928583,3.89700659207862,1.03367381325724,1.52681808703863,1.36072300014375,-0.164978097462491
9,-3.33983175438764,4.06907689363411,-3.96672231882782,-2.10009809223123,2.85278162804238,1.1008920802096,4.04217913304127,2.97461439955379,-1.40815624513184,2.16327661074356,2.31946171031967,1.76656590628413,2.51777842201477,0.707536240791585,3.98733989239591,-0.942531783651344,2.98714269485045,3.88283933611788,-0.741267193623922,-3.707177326529,0.961390600419006,-2.98461579053934,3.55617883083265,4.76005683741926,-2.22134261412681,3.15494331791739,-1.45826468009552,-0.46213544523847,2.16018219324257,2.87312279108673,-1.8757381049169,-2.68942183405654,-3.31501382755263,4.22840477198751,-0.482764475693215,3.2320686051729,1.59973516210621,-2.52179704742157,1.30750313766309,-2.58391839094502,4.37891243357962,4.94291034720671,0.770333140985678,2.87207229824443,1.63886560259977
3,0.688486188750902,0.695856539767088,-0.788651382087974,-0.211450943571976,0.232136513378739,-0.0419239566600335,0.314213699493964,2.1869217061778,0.557343904452914,3.63192904265871,-1.49469241400014,-1.2958984694517,-1.70570233501499,-0.0193062141524227,1.91841307729645,-0.0142714471345151,-0.230850646893016,-0.353271563068777,0.184575840026602,-2.21984939808016,-0.952271240917143,0.195173858558046,0.411668022024649,1.40601230467193,-2.98001438687278,-0.954118382652699,-2.34558925582231,-0.783166533831107,3.35976196514644,2.71049665601379,0.534390713684258,-0.249520412673897,-1.18923584838807,6.3494726028862,-0.664632378699055,-1.9117991442751,2.87308598533381,-2.59985900613938,-0.444952720016539,-1.22233936873123,2.84594698171175,0.83427937153903,0.767803930974638,-1.02264195787491,0.943879611450181
3,-1.02031365768263,1.69906679015195,-2.90661884027608,-2.58376641014319,2.01926610829751,0.248757832790639,3.07902319035479,2.15242651957997,-0.954992063401068,0.978429031607108,2.23405787276941,2.08691653072516,2.88864772348415,3.01022499789432,1.92614310092145,-1.74764697694854,2.2796910292859,3.12480761810013,-1.56827401884023,-3.06810115907598,3.98804401031575,-1.41031255031412,1.1959700505606,-0.569499219269302,-0.565696756372712,2.86824984081249,-1.44234472670462,-3.28030487701702,1.89806887300202,1.05546783683383,-2.69811018998205,-2.66606399961454,-2.23658412224161,0.587670701646173,2.37492477744313,2.5516631086232,0.799526231451334,-0.807960239690369,3.08647383963707,-2.51610056198031,2.22079397402695,2.02629232914902,3.75936747416626,2.39807717200302,-1.29955167747892
0,-0.727246081641665,1.97514708827911,-2.61455528884321,-2.12837909629441,1.47069665340653,1.30321499033134,2.44294078858402,2.33558581749953,1.04795262611233,2.57086942802509,1.64099455008451,3.04511725800739,1.31091073078798,2.48770854200238,0.880697723727358,-2.39096415534574,1.70980814209789,1.50470221886681,-1.65146085077729,-0.987327190001989,3.96920976872277,-1.07305633167709,-1.54066576859251,-0.518959537375443,-2.5808392720228,1.27621253112649,-2.01754623473449,-3.44900580789521,2.36599411814415,1.87813635324284,-3.4223090208366,-3.34108736081117,-1.4153886204932,3.87529192800808,2.1023881397957,1.68194340825458,2.76888700565729,-2.88683653710288,2.62070547811426,-0.552299480723271,1.32476713520548,1.58805530390022,2.73805842137571,1.33821609078154,-1.3266270783675
3,-0.27600723596852,0.460308181030736,-1.01761608188911,-2.13414968970825,0.340899338588524,1.18511111058389,0.880392757828106,0.360717373380193,1.46903368423831,5.04303709729706,0.0191954900565113,1.0694000246806,-1.81568847799605,0.439343648124846,0.707520005717061,-1.27167169140693,-0.284368317415284,-0.37127478151494,-0.708474788762406,-0.142970795674971,0.38139940285187,-0.404377771947573,-0.598857600755313,1.73160969470941,-2.64921387257251,-1.2178319272682,-1.80395303054155,-1.9794373718723,3.00469428251821,4.36331029784105,-1.36952608065787,-0.778392807342962,-0.982289787894926,6.16667884284638,-0.426436259182228,-0.379042965592315,4.02260824282157,-3.5477155394221,0.20199440531235,0.125030223020798,0.648974955077381,0.502733089910668,0.942209095486507,-1.1475073653959,3.34917995000282
5,-2.67880659124297,2.91682738152804,-2.17729049736621,-0.851678575625056,1.98366078924744,2.79377469172039,2.47853338469256,2.42927142748573,3.4156393185665,1.5464423769562,0.884099478662055,-0.824843145098629,0.84565454766512,1.62544115490582,2.88888053022514,-1.20383652463716,2.48703853612278,1.73761938242607,-1.57325703160796,1.71515683638928,3.20666248988175,-2.90083527484638,1.28447697813312,2.91556311743357,-0.24557139629974,1.04477302392925,-0.251744864317813,-0.619914971517049,0.0375935665855709,0.50984488596861,-0.434164629859346,-1.39635168345014,-2.68837887381832,3.01252942743432,0.081731300298118,0.80485932811247,1.7556777491298,-0.297369736600466,0.521910284273465,1.62726102794855,2.39877356944037,3.31883131687759,2.23976938832108,1.25090918406411,2.81941433159274
2,-2.30303410419509,3.24676508048217,-2.22652442717099,-2.38278574167645,1.75109344798282,1.79933924003701,1.77345232103261,0.335214240109808,-0.220434703841843,1.55345765904286,1.45019327086503,2.03380000097885,0.927664786028272,1.67064862099923,0.231887674480378,-2.35969297297648,1.64335405602382,0.0571704373134594,-1.66845064217275,-1.9582492898367,2.06186233741417,-2.3377970808346,-0.126961685904474,0.892284478631988,-1.81757391211913,0.0636079740783645,-1.05523397126499,-3.98588037645502,1.75107423629863,2.2058870974213,-2.08330275615044,-1.38742274384566,-1.75839786771657,2.41270727852441,1.42562059226018,1.48082920662126,1.29402432867598,-1.92829204454046,1.33443379009152,-1.67396230728671,2.8248977193292,3.49977711881512,2.50521035619054,1.28620856554556,1.90915518626132
0,0.439011022799659,-0.489503805601423,-0.0894958887786196,-0.604994032893294,-0.709157809288068,3.20200106925544,1.56771400298033,-1.66075293422183,-2.62296625600371,0.948682222553022,1.10442653480121,1.80293151611902,-0.915610643758473,1.06697172921969,-2.25330486499553,-0.74001738339879,-0.454703013787023,0.850440492759595,-0.203966699091672,-4.45528571748455,1.75069823743833,0.220686685944723,-0.907095503740548,-0.0100173638916647,-0.433810022014081,-0.270242489107736,0.216677789770557,-2.15998580651663,0.202783218380145,-0.601819185533422,-0.937870182773234,-1.04765963519578,0.703895036168628,0.677138075029047,1.81125027388493,0.994630899500997,0.746744154274815,-0.193184836063279,0.715792350019455,-3.42345643226805,-0.395626950037668,-1.11849949655659,1.86853018230894,-0.373310302833974,3.49308972648423
8,-2.62947229513062,2.31065005899668,-2.45470772735817,-2.62585088121995,1.6927529140542,1.17739602513308,1.25160034623209,2.92473964711894,-0.813207619071389,2.97879008088709,0.430056027842562,2.40120167222718,0.796039204764675,1.68217556792357,2.03048031345754,-1.1143302954114,1.44272703007237,1.18395071171626,-1.54439498194298,-3.28254960938078,2.62584808936335,-2.4635265871459,3.00131833292409,2.33930847829522,-2.72579976093697,0.400211817495846,-1.3308919058102,-0.703345675711325,3.05173514171003,4.47461180117611,-2.00854439795489,-3.68240773662672,-1.84720101676674,3.45455961481774,1.10865850409804,-0.107530877193104,2.89063338779142,-2.64592761532924,1.20049030527152,-2.37757744910778,2.8864963818203,2.47294904516521,2.4608713476268,0.601419912194048,1.24034272569889
8,-4.56634757896075,3.13857381489408,-3.28518353395739,-0.916756842440791,2.62871740428342,2.28282873956274,2.91128400662042,3.59506963078409,1.92421362223379,3.48927830141765,2.27596507590493,0.747153708701473,1.77316980268122,1.56552484611104,2.43982673918607,-1.33546296647451,2.06728588770433,2.44218542113345,-0.876943049866898,0.0253093790877524,2.2545954199032,-4.60575137574858,1.9881136862109,3.96609073972572,-2.823996267031,2.05192004407145,-2.20837277128736,-1.97285665706441,2.18483255029828,3.12251477838026,-1.20798540151553,-2.02729896560668,-3.11789485159127,7.08832769896836,1.88844402439234,1.80499757318611,2.25307027251717,-2.18741061893617,1.44519170279059,0.547614728234342,3.1853155901952,4.38131605979343,1.53468506173819,2.16689713544786,0.800831112512668
6,-1.07666856319437,1.78409037489599,-0.83907511457108,-1.38041979528894,1.56614398428437,2.71400115706365,1.7035613147005,3.51755266951755,-3.40916206498775,2.87523256854586,0.066227390131136,-0.249087573839209,-0.463738635636989,1.73494916700109,3.64947701433536,-1.4176823255176,1.03405118204382,0.98892165963907,-0.968291871638685,-5.73752747993798,2.04405624323801,-1.13300266320405,1.75538240810491,3.10598836584073,-2.25017636743743,0.0767698747510268,-1.78043620601333,-1.74341064582865,2.18208684515518,2.71851718843751,-0.785203635038757,-1.6602034206129,-2.55903061997255,4.42298763265917,0.566351304794999,-1.30040636633193,2.09826444600367,-2.4137013164616,0.988857485065241,-5.03895876451305,4.24808736999787,1.99858627334987,1.68109330122869,-0.143371671699176,1.36668881105456
7,-2.07875957945574,2.65250505570132,-3.21121352329194,-4.00480932215994,2.29495651186287,2.61082533282706,3.32202511306876,3.12890342908028,0.487100355242467,1.86599376484158,1.69897769535486,1.11360399004782,2.78134398967514,2.03032783065508,2.41287923022396,-1.69701907267593,2.69652829294456,1.93446804931339,-2.17810721210483,-0.941974177363871,2.49051338856572,-2.26845180040552,1.65862139662174,2.75107739296817,-1.18695851300733,1.18080886554925,-1.16472286903551,-1.42675219041753,0.409011639149234,0.773975451195285,-2.77986225493814,-2.83409330007701,-2.78175722794216,3.28030599902951,1.99304243417146,2.55589432200675,1.00000172764528,-0.908625294508395,2.32831961471567,-0.524743898506757,2.92446230823217,3.41576801722396,2.698074527729,2.3126728876834,2.11800853540128
7,-0.776745654869555,0.0701257476916842,-0.277780637649082,-3.7081808173527,0.537906662755936,1.17626107424466,-0.334795482137317,3.15153418902598,1.18297485051517,4.72786361489493,-1.60864602585081,2.49631883613076,-1.02225256625488,1.99243130270778,1.60787735998268,-2.89246839489741,-0.537918639445624,0.724800050648722,-1.25212366283852,-0.544291230707293,3.26457798325388,-0.644413660040626,2.023645145842,2.916200692652,-3.31962133887507,-0.436753761019038,-3.42050705447675,-0.367350993292931,4.49204745391104,5.10673725840746,-3.35031814346968,-3.90801356596667,-1.64636633436094,8.51465299748859,2.51051716222649,-2.6860786929127,3.86549382026626,-3.53245837934898,2.13596624666361,0.35626577332159,1.83474696336255,0.0477413161455504,3.34308819763906,-1.18405833998104,1.01110406701795
5,-2.30992035982451,2.12453573000228,-1.96439318954352,-0.675241459988508,1.10341545621594,1.53709571679097,2.78207447088347,2.05980791279595,0.548149287567197,1.10818344307607,0.921060976362517,1.90391809232519,2.19717519861145,0.542264802325076,1.93507900765962,-1.17864532565644,0.911163801024812,2.4293590656051,-1.21606795468991,-0.323822362621907,-0.832400375254829,-2.23662237402879,0.94326998245538,0.93113946843507,-0.5263218525646,1.65651506321251,-1.10275954495359,-0.359851052273095,1.32900212320199,1.2150687210078,-1.05774388935157,-1.5188221612896,-1.67870831952922,0.692228221015328,-0.436330455010165,1.47498084274474,1.59972518571832,-1.07700681499752,0.0210398854792617,0.03373301662207,1.48689660969397,1.73530836822921,0.294046275945079,1.4254512945056,-1.69708676496519
9,-1.68980448364563,1.76961867716285,-1.74498895778688,-2.17227705414599,1.56352185210037,2.97215853852808,2.17240317643005,2.28894474555148,2.96018808961073,1.99392269373015,0.77081469982146,1.152534109213,0.436793383255205,2.01188054548604,3.08461198011373,-2.30111460125386,1.15865834703997,0.268913160854147,-2.59697650513601,1.63934955698257,3.15678763528543,-1.29601722367197,4.04847348449372,3.99887960998603,-2.94485062484101,-0.349920698661051,-0.43529995586732,-0.0711547934351753,1.33858670872983,1.91802608019849,-2.48667726182994,-2.7942136236097,-2.48686356683947,3.33610620045694,0.956519197035736,1.06341125799341,2.19109026135213,-2.35049640011113,1.09488730635413,2.4087090428464,3.98283227855132,1.48162780967099,2.00330422861838,0.567650873183155,2.76151296842442
3,-3.87279785962945,3.57060497504853,-3.66265492709731,-1.47892927763239,2.18475565236043,4.91368627003018,3.53782576611139,3.69641854756769,-0.367829674097355,2.60238842591915,2.37778853499135,0.817956628894076,3.01585161274005,0.378228456340793,3.81994348119238,-0.877727829693598,3.31730581271045,2.2476869337324,-1.76314011872191,-3.85553014032795,0.144547490792098,-3.89741258309839,-0.60728674795984,2.43677412132714,-1.97510592501981,1.75758527026191,-1.66197291309588,-0.803652737912223,1.80478796459245,2.13110962624952,-0.340769462078923,-1.31152362196018,-2.31322491957516,5.27987770160451,-1.14018466941257,2.52908488967395,1.81474246433674,-1.74326321309695,0.495658871869099,-2.56089312342628,4.57078391370024,4.4778659811592,1.76905052105396,3.03244310509394,2.16427847996184
4,-0.320149686492445,0.890742811384058,-0.876102821778351,-1.76120872904739,0.894031610068947,2.5719362394312,0.481471020193265,0.714491109808938,0.676929801628848,2.46155676610441,-0.729758986513237,2.17763464234666,-0.0502088043404216,1.63252417516754,0.850740385086648,-2.62599323794312,-0.457437441922731,0.823186567037789,-1.27743054113854,-2.00644174611402,2.0402769988174,-0.929414883469865,0.8783016848891,1.2828233778581,-1.65498883782238,0.311930089137511,-1.68447868766873,-1.76578419934524,2.04784106531747,1.91000513602045,-2.56849168608707,-2.85163287468254,-1.87002479829902,2.03822286906101,0.974565176255451,-0.22360925965356,2.40602712905012,-1.82654895579449,1.71762004737147,-1.44699015515764,2.62107924612985,0.799203356125874,2.44208204435829,-0.267786415164746,0.92478735917737
2,-2.89309136935909,3.01178770563003,-3.86822991281959,-0.528543620807234,1.81490331365925,0.860519714703982,3.76242198738804,1.63576609512451,0.347353702230524,2.03611323553113,3.05886020474739,0.76016451373574,4.06298053382486,-0.498067116891037,1.47166366335795,-0.473222448787879,3.39719084371541,2.93789846856091,-2.34196179732152,-1.24129324265149,-0.908657178854237,-2.63889505269294,-1.10345090813183,0.633863839481598,-2.10432944676838,2.99115630174119,-0.618108807097219,-2.66977626539505,0.83897374866296,2.14525806847532,0.39264240415009,-0.602888590049796,-1.83623516354441,3.70379095083397,-1.46211699096833,3.11365885194973,1.49751146007058,-1.76245806717279,-0.483105487448325,-0.902034052620046,2.90161341677721,3.51253069532283,-0.234378004303854,3.17913454860776,2.49651366462096
8,-0.441420488567707,1.44783822122983,-0.613829303474597,-1.90326946681375,0.910694846174078,2.96325960704257,0.843115386069695,3.54524823387343,-0.548793522052671,2.95342151839967,-0.726856334869145,1.76361931954626,-1.92307849897546,1.60461175405137,1.44455486047307,-1.46850408407833,-0.375889737000872,-1.70154613615853,-0.490234953103406,-2.21556935441412,2.3578923124153,-0.437736575016766,2.76308686009482,3.38075911983934,-2.38013961058098,-2.68961531715102,-1.12491402666195,-0.956320869531651,2.22464737165433,2.95379805689225,-0.909627314110709,-0.91102183981471,-1.30789667971878,4.30717077759248,1.18247590566253,-0.573847445717725,2.20872360768428,-2.50762186305145,1.8830251496711,-1.61568180438297,2.93466583474498,0.669434714701364,-0.819531769366045,-0.881814244511414,1.33220547380864
9,-2.27937581040511,4.22201020985289,-3.15593024146081,-0.702606930613155,1.86757449750687,1.80350079979512,4.2690816759841,2.94359250728471,0.584065362165304,1.35917009084162,3.19424684787001,0.461173366108764,2.54770380527822,0.467066687254495,1.93512509541754,-0.621513690285578,2.80912475606565,3.19713365265198,0.47723895969722,-1.28737335134762,-0.812633375168031,-2.6022583995012,2.58769650807903,4.34665584554221,-0.716772694440457,2.24660343909255,0.297774352621048,-1.06469745405765,0.289533521752155,0.866431616727603,0.183612103960091,0.227962432573959,-2.21682711127249,3.00703642596301,-1.19390331339389,3.76520101388035,1.60005808300986,-0.732542627862241,0.535776089069959,-0.945206911798305,1.09908048010896,4.41434320024199,0.0428968265146102,2.69738330340985,2.74652656600022
7,0.728347589337032,-0.243927313568304,-0.200034816300212,-2.63913688541751,0.804887183170457,0.958002323891586,-0.606531681231179,0.701892312719782,-0.471968095403622,1.44435598152794,-0.674914889857629,3.1226145453491,-1.18475006761626,2.33552709373265,1.52383057221221,-2.03080926912138,0.158078954736512,-1.27775298685735,-1.90794829581223,-2.5719870312904,4.38436759043237,0.748902475080734,3.55229744262311,2.81307708355503,-0.56898829583266,-2.22892525080742,-0.520770342786586,-0.243027909305308,1.26556712283012,0.518569851179664,-2.45448067843577,-2.25065111549054,-1.33231045316515,3.46551101292065,1.75130373582081,-1.10988987313778,2.04056618104417,-0.162169902404235,1.40218601870523,-1.69342758251329,1.59687629467436,-0.664214665844179,1.5471233753845,-0.584384702661774,1.98054228324865
4,-2.26286004011519,3.82525288487591,-4.54764081822604,-2.88661808719658,2.35724334723347,2.14510691960529,5.20699060920165,2.23574176450982,1.2443024251371,-0.542749238988486,3.6514187225759,2.42283752958794,4.05444659609176,1.81781696703281,2.21042372695711,-1.44141858176725,4.34898369099392,3.30778313804919,-0.312415564670986,-1.141892845044,3.03101163173063,-2.61421530278441,1.16352411927206,0.379925765068024,0.14348432833734,2.72363040107653,0.799244633129801,-1.5845394373768,-1.29790160873271,-1.80031705125007,-2.39502483351876,-2.66598894148967,-2.2642597176895,0.0480743590170957,0.989345469073857,4.547534385048,-0.585958379024091,0.0671248039624637,1.43269397000177,-0.424950523470718,1.9601620723107,4.78071500613264,2.25121639013999,4.19765480822984,-0.605213535667483
5,-3.68644498189565,4.87995639352643,-4.44119246975102,-2.00503778368202,2.77156563782477,1.84973274353557,4.09718697728536,2.61118496214618,0.628631865465251,1.3211738763086,3.2045357809589,1.74396216573216,3.3211811810722,1.55843680844547,3.56677039440211,-3.15333420218639,3.67038775015591,3.22706633969194,-2.92945728785232,-1.44111368063051,1.35363319078517,-3.63550458059381,1.16768904767795,2.79760790852398,-0.158925271608341,2.62862911373649,-0.612466879157978,-2.56114562750742,0.784144771709937,0.25000595383184,-1.33715210095822,-2.00665447737067,-2.75304050386674,2.54531943761007,0.740314417236204,3.46088734020937,1.92982855493832,-0.155963180083103,2.03195540602518,-0.461074809969711,3.69696014271371,5.14634469901498,2.03495661888687,3.30304558871587,-0.216046369893709
7,0.481035147976539,1.64733925047154,-2.20025785535304,-2.96699266132868,1.09101099238973,2.25802191430991,2.97533254342573,1.91373744511201,-0.0404803873599952,1.13051211973646,1.33925599099933,2.05424826964654,0.812295626377089,2.03727504524652,1.03194088657917,-1.96312544331201,1.9251027767343,1.17270884144146,-2.44688931447847,-1.10240305208572,2.43594401531952,0.01546280432976,2.51421625944396,3.08626056393883,-0.0366515562075208,0.106126286521921,0.0009307910566811,-1.71856760915881,0.180196354308888,0.723218128847004,-2.80972056218166,-2.2507645093869,-1.4439709065649,1.87443903224333,1.27636182238954,2.14500959542195,0.817574335884571,-0.631383118771861,2.64873416352458,-0.609154304591798,3.61111063609742,1.22535681533406,2.12240959980949,1.33657030066835,-2.66212416117191
6,-0.365594259490756,0.392816622354953,0.929053923831667,-1.5040610693614,0.267736520189606,1.23518146974713,-1.30849084231337,2.15326296306361,-2.17785739667432,4.06678811043541,-2.06606996876023,1.05572453011777,-2.63469910533768,0.336897377306318,2.34205137165123,-0.666415975068363,-0.771798386619771,-1.5952695210036,-1.42629447078034,-3.45372646580532,0.916621188961793,0.0813106389767906,1.0906348149372,3.2804974166909,-2.40012160152483,-2.07961309051898,-0.908303354592493,-1.98553938144144,2.22873388608423,2.96860107893935,-1.17427177483805,-1.60526086605003,-1.49471406699217,7.89461992860331,0.159319697520613,-2.84310007359265,3.00626595411367,-2.49756030038246,1.53226683756603,-2.42548939021077,2.95723671666258,0.140244168473591,1.30988103133456,-1.71165010285879,-0.384734906491637
7,-1.02804252403265,2.4967544077791,-2.96658204570156,-0.794106799376877,0.830279858925788,2.86106070940168,1.96335621593101,3.36101051345014,-1.3118056985188,2.10976906874984,1.77476956845726,-0.720604092766273,1.6441926296313,0.295317696653961,1.7967698282163,-0.644159638376311,2.20679806965514,2.01374189350884,-1.25461153922637,-0.625507184546604,-1.0944247891577,-1.33794787617954,1.76761282728227,3.01256762039532,-2.67936820027478,0.506282957009435,-1.09747099779766,-1.04516337009774,2.22464617636561,2.89906835926902,0.106793040163118,0.36572625896485,-1.13020067075802,4.00209619382945,-0.409977275460334,1.4936053211391,2.32635482053299,-2.13493283978791,0.403403406993985,-0.890106105925589,3.12305475215451,2.21057201912786,0.626011554068698,1.71164928655779,2.78870784356923
8,-0.566810917888683,1.11132620087815,-1.55510219949808,-0.56921373222949,1.14985144611757,0.808726285098472,2.59153260912946,3.51073151705179,0.452587529775682,1.85344907695179,0.881872458004171,1.41700753219241,0.57580434876437,0.519225530860687,3.11147593885772,-1.33025092151566,0.73060633584733,1.18726160356335,-1.20346497623841,-0.532876486247229,0.566039132195284,-0.838142941670138,2.58608150237077,3.17050552219059,-2.1475334416129,0.213319425397502,-1.16271625060484,-0.350848630184116,2.27960538162175,2.08176712159435,-0.912509496267041,-0.113260205443055,-2.19746750024852,4.16889138135068,-1.17283833651493,0.637930722377194,1.04590609209814,-1.68024124140495,-0.135557476514381,0.0183866540107976,4.44265820973533,1.46087454028867,1.75737376209854,0.312655062738477,4.14415629599812
1,-3.24185324914582,2.62089410508601,-2.18750771611788,-1.7979444026016,1.74730753756504,2.71974754522965,3.91181180290001,1.39041733990212,0.786595731184931,1.62467929846267,2.54788563691063,2.30374896168803,1.79614506497865,0.947304691401336,0.790640351501803,-1.20635207679035,2.04654558306761,1.59065933073511,-0.472963599241418,-2.63212163276822,0.944822529601119,-3.18935916099407,-1.28524260558175,1.28998391463809,-0.637899733138694,1.34586365728894,-0.604332311818407,-2.63885696570252,-0.118892769796175,1.10694823770196,-1.8243157899154,-1.4385380224149,-1.31520683588123,4.00376530001553,0.683311920938074,3.49146546710157,1.55854941470029,-0.696302043281522,0.930985381131868,-1.07399627576827,3.08559088216159,2.79556883415236,3.10525528476633,2.03413049132121,0.444462223558978
9,-2.67081002036834,3.18701813641051,-2.0769237136739,-0.516080718701215,1.68893492846395,1.32011518516701,1.5688226691909,2.40437933953637,-0.499733589468574,2.71930344848591,0.760662913046864,0.762530751453612,0.28340969533239,1.17567901458523,2.26929548703104,0.190378088154426,1.03101323208868,0.880479563769205,-0.950785681709697,-1.47259173632086,2.20849451386998,-2.43585948751584,3.474414410149,3.62733465676501,-2.26111010808119,0.108197286446849,-1.26613411438907,0.126310213029111,2.03274467424722,2.16514830733193,-0.727355371378101,-0.125491961913209,-2.06756426718091,4.44109223608631,0.294118389796203,0.933975914693977,2.53890157510423,-1.73570514140927,1.24284585579327,-0.914510841872424,2.77925821669151,3.12713777659769,0.0726268416068512,0.504239300481078,1.45493988839646
9,-3.40845589796029,3.69916025394059,-3.98214086203321,0.0614887399842893,1.79190455194288,0.0584114108158649,3.04671121993428,0.674942720948223,0.690468661187846,1.45066279373786,3.01540664477914,-0.336759659277074,3.32360464386704,0.651138775864024,1.29928976455162,0.0033449992038342,2.97598332694523,3.58743321100934,-1.16497809466614,-0.454038627406512,0.31258006537684,-3.1593645448519,4.27012124351302,4.71150216534445,-0.970558817234895,2.84806146471195,0.0024076842915016,-0.538522150026585,0.690681296552004,0.695175775419173,-0.0054580595440934,0.0564024097844337,-2.23516049676485,2.33084953278244,-0.417184990341957,3.97994074280062,1.16672946618715,-0.411815025980288,0.277861905881733,-0.22430383999133,1.17929158321386,4.55601307286155,-0.152724216637132,3.0616288566364,-0.0688635095563043
2,-1.84441349727488,1.52420813888783,-1.45414783859302,-2.21769386619621,1.06412145679904,-0.0608511775349262,2.0909579258906,0.617895603361779,1.4717598975905,2.33330456611812,0.277429092566068,1.20848230868482,0.5911183276148,1.1283208684134,0.0642532946418815,0.775779137690044,0.910978973954748,2.03921376665649,-1.6520833781431,-1.69637407454582,1.79864314569807,-1.72328016401202,-0.161594683115455,0.0501077579240776,-2.86371449051903,1.2991592203493,-0.973036631016709,-2.24174651752072,2.00743400911009,2.63588601468473,-0.903343966148433,-1.60366391178422,-1.0090493347629,3.53067196117961,0.988168685880201,0.106492477581152,2.62759978466548,-2.4327616662314,1.18932408085846,-0.573769639778392,2.35463905198775,1.84763955037756,0.520317329657672,0.138630064967384,1.64268556953827
2,1.08452831900554,0.240768842565698,-0.0388130876069893,-0.611856346363797,-0.251432623005706,0.427810467341257,0.0335437812023596,-2.97643897094776,0.143326826822529,2.31735020458399,0.708583578499893,0.723000462614706,-1.0355159753056,0.813474151877429,-2.11309175950498,-1.36860220913431,-0.481403220148011,-1.66060310929672,-1.01060453446471,-1.67898211917806,-0.76566759956746,0.657024629400761,-0.689440210686064,1.53629353473172,-1.56573289867854,-2.20489840875481,-1.3171541510935,-2.31813584446169,1.17854195936526,1.94114258089512,-1.01262209330071,-1.09558550408297,0.742838001116998,5.53630913384495,1.84763642255198,-0.0362935189208307,2.77215345895329,-1.75873701568026,1.20869069728123,-0.918123406170154,-0.482294351460932,-0.589796148093963,1.02347346297635,-0.849226370182509,1.45205282946699
5,-0.0875228904361958,1.2169282880485,-0.678180317951773,-2.4889449252761,0.99371902827063,1.61153863925151,1.66246657959302,1.96650505179322,-0.586633023115092,2.61741286870377,-0.182238253151753,2.23834290200615,0.0579192244778418,1.9204549700056,2.11545252351417,-1.84824376828214,0.827609281449441,0.719078435722613,-1.38520824077449,-2.27098275184238,2.44871274953494,-0.157664391322748,1.5465971967447,0.541424892590617,-1.41972709549283,0.0036569543912774,-0.69388101432799,-3.54847468796914,1.29953320990176,1.58156444356325,-2.34648041252201,-1.54512015365467,-1.67844380454866,4.31373762216548,1.04493127918465,-0.460763899798524,2.43615884343015,-1.15244554911665,1.77441354426581,-1.63020041688503,3.51888124242847,0.964303622423626,3.15490528968216,0.324439367053954,3.42590048119664
3,-4.3638348157729,5.01824035411098,-5.72409373869493,-2.18568185844688,3.19145066811813,1.62620333377503,6.39468779019244,2.60459053816556,0.0783292846821773,1.11936871845849,3.83691578623276,1.69205448427974,4.54406317621073,0.80186801684035,4.06714141408976,-1.72713314960398,4.7619326631592,4.37547434803243,-2.67210482748603,-1.59361622838103,0.742486528106757,-4.11863572946223,-0.403427298676324,0.210042321322856,-1.61239034014837,4.53038633427975,0.675855867212535,-1.14869146474608,0.808968999071938,2.05174814680219,-1.86352066615296,-1.80692498964136,-3.49228767627932,1.41190465990966,-0.70256529185848,4.21206175820717,1.67926270329643,-1.42463635405405,0.357372198941923,-0.646210856843547,2.47025947907431,5.92196636161155,2.54466853483463,5.02972963504074,3.7765852580848
0,-1.89418769752449,1.424933477576,-0.545817208259563,-2.77412450133012,0.984560740896567,0.676123430498876,0.528726588880602,0.974458019719043,-0.369553418946731,2.86082607046108,-0.757402931796675,1.31305547509707,-0.179385810597199,1.79017284718862,0.832392788023854,-2.76355259236127,0.250904098713711,0.57003619886439,-1.78891954970145,-1.40701681732969,3.63533956940737,-1.54217444277118,-1.51435709869332,-0.52951673712463,-2.05166662082898,-0.150130794554363,-1.8166804058724,-3.86789744407775,2.14491954634617,2.52909698932728,-1.80303890620899,-1.78866872952707,-1.15681720576102,4.45028798149532,2.51128083553619,-1.00963103529103,1.37922429014066,-1.47595659183378,2.13837109770369,-0.779761655750376,1.86579685289977,1.1145023323361,2.49677381892257,-0.24362194434453,0.804799302145774
1,-1.8663093726539,1.68772392195871,-1.99694472166394,-3.8895444128638,1.91232542984063,0.960404282619759,2.81555288473496,3.97622968331477,-0.925234965117697,1.63652558533869,0.334130049104829,2.14039992033279,1.73328864453614,1.20380854523991,2.76053204842341,-2.99014112303994,1.60107836019888,1.39742412196551,-1.93897895591559,-3.11980315076373,2.10389938766771,-2.09757235794422,-0.0270155541436246,-0.478373761976105,-2.05650607587667,1.47840920150697,-0.451326050315275,-1.41722546141628,0.594997165602912,0.933152193623592,-2.46193994868058,-2.71099970691319,-2.32174257581514,2.53111362801672,0.670592975243273,0.0777384354418373,1.6740134722212,-1.50273085529412,1.87854742883314,-2.53770048812986,3.02933042860284,2.18089199804053,1.26437039699117,1.33561563885688,1.0665043521894
1,-0.971274021273292,2.30616303925695,-2.57450132317301,-1.89041826989454,1.57370780948761,4.18983296699243,2.78593980306533,1.58235050034146,-1.18512097992261,0.927284822525334,1.4358264424732,1.43819475381252,2.18455298519112,1.10692315809748,-0.0788939064980043,-3.18585192008328,1.94115842914736,2.99831337327293,-2.80847142992632,-3.27418847631285,1.79408450167065,-0.820506316295635,-0.851664800621464,0.532444217297125,-0.692666584694167,2.47229478551168,-1.02950147870063,-3.70936879854557,1.19506175962302,0.828979206529019,-2.34764093690898,-3.22631839551309,-1.86750817306472,1.52008800777957,1.36952010733235,2.16860857121964,1.20880365102652,-0.630434439935136,1.57773864530616,-2.69274999936077,1.27429325000341,2.26748619827969,2.63030726939778,1.94834098194952,2.78816889925811
8,-1.40688150691982,2.2610122776874,-1.42121768074872,-0.588822385408642,1.32430799241401,0.823606280827434,1.95390331420217,1.87807937638196,-0.100413348876673,3.01270323715305,1.58837189815683,-0.857547957606831,0.269419569939887,0.565182588270517,0.316083303903313,0.0811769965040673,0.993332828827376,0.0909929378795804,-0.374350582485844,-2.68594026799378,0.171884388247881,-1.64243041407027,2.84982963037144,2.56626206942542,-2.52794504175172,-0.510528282721664,-2.64687626009134,-1.03300323553084,2.75074385856235,3.52975989174278,1.40547808269152,1.27876191291485,-0.809547333488079,4.63432933452738,0.647078661242309,1.49972177799802,2.44432698781689,-2.60872821464953,-0.195196704299533,-1.53391375613447,0.477013271823856,2.72640497625706,-0.491649745161308,0.443400719383577,1.73196500014387
5,-2.75346629335959,2.59209796991951,-3.2431368182709,-1.16665981153082,1.31963508171155,0.902344917654337,2.64091823469231,2.2104109550329,0.904035701234957,2.70696688057691,2.11362438128514,0.585140429076465,2.56005591162501,1.77409050348124,2.22080144022323,-0.427813562109012,2.59201079774945,2.5815388175547,-0.569556525230469,-0.381193350163393,2.37978725434685,-2.29057932792705,1.44347444474934,2.63928749476653,-2.70547739759531,2.44283788565353,-0.975111228935225,-1.93477278420236,2.23897540527399,2.68913121894571,-1.03022642749691,-1.69884100922266,-1.94736859915628,5.13507774750408,0.797627096314285,2.68923792227596,2.31443617465848,-2.11588987343928,1.2161171348515,-0.101056733363311,3.2473702054478,2.90004451892469,1.67662601633461,2.07378905192127,1.92069532695573
0,-2.02812067125741,0.878290818702586,-0.0612022859541042,-2.52238673537658,0.663641590428474,1.51561859084543,2.31813104895366,1.76030810711725,-2.48621236465211,2.32684855570386,-0.594420554927712,1.06771840650054,0.0482783684969916,1.93551041811996,2.25792172726278,-1.88637181254918,0.777834446865004,1.98206833844193,-0.622500924632147,-5.04223659168466,0.92041697791484,-1.71841870408523,-2.75925432240068,-3.16015678189544,-1.57810475225757,0.881805271954651,-1.14436478759574,-3.3339128825275,1.67063068455644,1.80134321486245,-1.4427837216417,-2.36578577276121,-0.923979054339243,5.01626660018795,1.27531270388369,-0.850337590063773,1.93236937018261,-1.36503747588092,1.01869422043782,-4.05335019078557,3.47382740224347,1.03861643211982,1.99602578866038,-0.22110196692681,1.80448515948734
4,-1.23459467686988,0.141620139317678,-0.974002468732255,-1.14423760314171,-0.276829533618642,1.6776305347089,0.564444792105776,0.469953280393227,1.28932178077308,2.79078519722567,0.150830176900132,2.02767925346225,-0.878026076079183,0.473554511224682,0.736957464091652,-1.49085735085625,0.248002198986753,-0.401946576741261,-1.9835365738245,-1.29264766520474,0.487370886827587,-1.15205214423367,0.489111326964399,1.95341589889217,-2.27117813089282,-1.07878441701501,-1.48854688961147,-1.93064771606165,2.53417392035819,3.19459954499558,-0.776233945359652,0.0042538478333102,-0.446553436985827,4.82766648762883,-0.429625830334976,-0.498814712891535,2.65152763043678,-1.76185300147774,0.77746190464687,-1.15275836806445,1.16984174328568,0.0121047550862919,0.21693095251758,-0.137197646069609,1.90108212093441
6,-2.13617362584143,2.05734444352079,-0.476169581575053,-1.5903325636327,0.953278384647282,2.28342254950607,1.55950974586158,3.71701566677447,-0.35785500659669,1.55801720768937,0.0206472366953266,0.431803467340881,-1.48579576107281,1.7148645991335,3.11802150207929,-2.15234924608787,1.00380951420994,-0.496415757906117,-2.3637035485086,-2.17981450649615,0.94818505397502,-2.29863859559341,1.89931420628013,1.49554942637553,-1.05692070705758,-0.989149298608717,-0.0534924489754571,-1.48349231087944,1.52374849508115,1.16248199340747,-1.81465194730059,-0.907670845669717,-1.76101957843294,2.33286570443046,-0.0787523130145056,-0.573017644694247,1.27449349856345,-1.06498199850175,1.04140521542494,-1.41525741497793,1.89641631105253,1.94033942728607,1.1272653596074,0.0017441945233253,-0.0647851910226052
6,-4.35383042401752,3.28246012314686,-3.92283366559035,-3.26048707915706,2.6983135657302,1.42661258399954,5.21857288979322,3.0773022980155,-1.76793181965892,1.44658957794514,2.91937034751026,2.85692491062835,2.80431685700499,2.12743669702463,3.97294595920082,-3.31366280812503,2.8287000335843,2.87520095768577,-1.89554727460159,-3.39520426363488,1.99858884534785,-3.85508162262228,2.64036328688967,2.33048690590512,-0.367067038714211,2.69990585545494,0.763941229026133,-0.619466231868557,-0.225715078800219,0.635303183269674,-3.72357746056478,-3.62443849910525,-3.2957166180786,1.18731763700556,1.47676548960508,2.94685049074126,1.70805779781475,-0.322394467822555,1.02370985723852,-2.53751990383663,2.14238991468441,4.04239695217523,2.87785114837331,3.65054183348609,4.06461101730875
8,-2.18178240109514,2.97717205738415,-2.85675315039586,-2.01984901740467,2.30084270435394,0.98579333373835,2.80916720938367,3.69199936791335,-0.380512231824233,1.92440668191194,1.32554949292652,1.41948795364948,2.1095444038945,1.30983750077797,3.1143999057458,-1.40661004752019,2.66216592845141,2.20468211155038,-0.98435871431948,-3.36292593815,0.968652219491811,-1.71491819144313,3.15971959100998,3.50387376851383,-1.45877647821875,1.66238002755335,-1.94056135834243,0.0411909767718537,1.83996328713453,1.3217082558851,-1.19358859216668,-1.30089793937514,-2.8163753210073,3.08798329385465,-0.0446931266503432,1.87509663393312,1.95004459242466,-1.18490451475317,0.48395467638017,-2.1516215171383,2.62472566392837,3.4469241000602,1.24745902371141,1.96600173738287,2.74172583406537
7,-3.29504433053423,4.14767689354717,-3.40786833236158,-1.08437440826348,2.50775516493886,0.65747113007065,3.63514118809666,1.48269283307661,0.547152022425939,1.35999612798983,2.50461936439591,1.55832774538314,2.45921166015954,2.25191331989389,1.2143910868668,-1.14885095918507,2.28965541686594,2.85013207069375,-2.32572908237587,-0.674078622905806,2.76238609838934,-3.35848347040781,1.85081983511123,3.12151073693649,-1.75949821961005,2.21939280683724,-0.169795277163684,-2.40520732708575,1.33170976600853,1.76662476845891,-0.577414032822708,-0.453946270869274,-2.16175595321739,2.22565221728168,1.40000586986216,2.95527940489394,1.38156816268291,-1.41867018112705,2.31007862969797,-0.577917719606153,2.88193660187664,5.15140442249458,0.810414092642759,2.35081092872407,0.306524099391412
3,-2.97233312234417,3.35362208894682,-1.69723532816798,-2.69540885354785,3.02214473597848,1.35469335602007,2.27030348462804,1.01758091982681,2.13359389821377,1.31137947568695,1.42979519889168,2.04323622437933,0.858673505481866,1.49530223498599,1.88211022476506,-2.37174340675964,1.41910070471516,0.868628265217387,-1.49840797446531,-0.0546055327300639,0.946441169815398,-2.48873105519824,0.527349704140584,2.36594676229854,-0.183816635263794,-0.0591308131940517,0.605783766250742,-1.39107996754213,1.1818748537206,1.33742394688545,-1.74640533837218,-2.13367407298372,-2.81481347475982,2.88046432526293,0.52831577063914,1.20508506396203,1.57096252939638,-0.904437261281346,1.4421534496771,0.655464174073233,2.44933950505538,4.2886890383692,2.73264950368009,1.0764877165184,3.11605152787679
7,-2.87730030500157,4.81876843701335,-4.35982195802164,-1.24883034924421,2.27278473692295,3.75662788040679,4.81759827760365,3.41715524445874,2.55285063879877,1.8463080005737,3.06933224521955,-0.0940499292375319,5.12820125247445,0.161513238727776,2.7872941218478,0.31855685156129,3.87405035995981,5.23480380597296,-0.355267757276822,0.395117618403603,0.956981698526942,-3.0248215311312,1.03797949724408,4.37481038028101,-1.82022009734407,4.5521813287895,-0.611926691269059,-0.631994306356766,0.710765995802184,2.1205524117539,-0.0452726625247375,-0.334384819843992,-2.49043343821567,4.55666660570057,-0.231789724457184,4.52840116378803,1.52562850943476,-1.68223105090081,-0.093665273046579,1.13099544476882,3.13128928043568,5.11069869887299,1.29450297319504,4.03520372436706,1.3241322672416
2,-0.134046408099585,1.2248398849682,-0.307427404998607,-1.4570785894915,0.0448338118521607,-1.41742262068759,-0.076729433422422,0.588461891706273,0.309477396027366,2.45040746082848,-0.421951635703537,0.292288302442858,-0.940534731243648,1.21435688462327,0.378595126849641,-0.24019253781212,-0.438850822133413,0.481269045549422,-0.608434785776071,-1.27458093941624,2.34339783186508,-0.394881953840012,-0.564597848185037,-0.186872138708292,-0.927194774236847,-0.869342242704524,-1.50611318800747,-4.041896331173,1.9023817242377,2.66808754282113,-0.427263353509824,-1.2908107039596,-0.380106211967401,3.63779071770246,1.85824740374636,-1.26806648665809,2.96227000595228,-1.06348038318263,0.751576510759698,-1.12100979337569,1.92884954705337,0.451885660266417,0.415488102401669,-0.708292338085888,-0.639682861353543
3,-2.50772443276656,2.64073778793963,-3.05542718307505,-1.626406805182,1.62646600938541,0.741482442479334,1.55505710154143,2.98007571390753,0.0566705544693702,3.00287124498656,0.800764500454631,2.34379109788662,1.69283511464599,2.1143632055082,3.55702549501634,-2.62960503274744,2.23125240796481,1.40895180757442,-2.56358915552654,-1.35834286920829,2.70758030815015,-2.50006847437408,-0.0464048731707185,1.70589098260683,-1.73245802002585,0.808021114971033,-0.959063584764699,-1.43010344399659,1.74873556543091,2.96816900732409,-2.66915059674568,-2.55283831792684,-2.28173912530943,6.37841581928202,0.556253048764381,0.847664805794185,2.48704619149347,-1.64640059857662,0.907433181217287,-0.753795151444394,5.86559188081869,2.3924393651325,2.20415568089215,1.66278837933013,1.63857526561603
7,-2.28261143961053,3.30812953482235,-3.59656405888068,-1.5775473365822,2.11805658085402,1.35169714945851,4.8409986091384,3.9962502578619,-0.382671718533001,0.537040489136839,2.5805973707748,1.36206510614445,2.10027579732307,1.46262622054782,2.63453705957561,-1.30355940754264,2.9944399664309,2.62394466111451,-1.84284652882241,-2.78826107094506,2.77152932349974,-2.12265916062178,2.85528734105263,3.03516767069309,-1.17904347961153,2.03125882803211,-0.656755221367336,-0.005227525322133,1.28490383022814,1.33822903740865,-1.91983851817331,-2.3362676925546,-2.6176847104423,1.39793645643378,0.557522904152238,2.71512767372471,1.8941366035341,-0.774557851166617,1.52265829677866,-1.68961548644547,2.02649816862092,3.50132297536719,2.70366123682411,2.78443863824543,3.29598439554192
0,0.145254012614127,0.0742734306825766,0.155329418656684,-2.99660882779882,0.300645040764321,1.74427555781739,0.440995143392805,-0.622479047310398,0.0292942402722777,2.39349150063819,-0.977232934204443,1.93536042451834,-2.12254473486981,1.29178263481998,-0.913289172039826,-2.50983181315268,-1.06625612377369,-0.515088576338857,-2.45301373283696,-1.35026890536634,1.65971321400515,-0.0157501693399509,-3.8202196131851,-2.30434659979506,-2.52548402690152,-1.50458844467964,-0.856167504954988,-2.60149238139199,1.92285338165229,3.7374677168701,-2.5733172704565,-1.78231370561297,-0.35411756797176,4.64121011935123,1.24638200316229,-0.672715833138761,2.46378292700604,-2.57002475454973,1.61891296407205,-0.682512240981439,1.0259561433306,-0.47864163783725,2.31216658829212,-1.39188950445398,2.83932092581139
8,-0.920112181461622,2.2417016028697,-1.27810161275234,-1.86660309621526,1.63289257548316,2.35230684080909,1.22457893516328,2.11454202270946,-0.263745793211838,2.25280314291978,0.246446253812299,0.63683427219429,0.609111663065896,1.60308691226974,1.29162867133907,-0.628851640519116,0.873386024600786,1.56913730798135,-1.23591273053277,-4.60771514820581,2.07960765049092,-1.15112001241216,2.54361006373984,3.66811113543311,-2.27417317841928,1.23828469431595,-1.06126875538857,-1.75273226601779,1.65638818122795,2.80414151804424,-1.04532600127141,-1.0314432445937,-1.5555341906822,4.17617352790564,1.16819926904888,0.55786687828034,2.06524226163258,-2.1945618698856,1.95971672308702,-3.11636668134503,2.21609646764973,2.53582830523652,2.03987571815545,0.303709341284511,0.962245621118495
9,-2.00067587859216,3.15917813761744,-2.76443482674075,-2.2888256186336,1.14615601368046,1.82976338599563,3.40658822766428,2.03529003401311,-0.901473557394275,3.25433571386816,1.78116766262094,1.5488498285859,2.23175906643749,2.04812651165759,1.26532804061349,-1.78317177378389,2.63149392211468,2.19483222355024,0.361777011914975,-3.68614055177012,2.73190212574899,-1.94636537737201,4.88154870923994,5.77794970932195,-3.15266815758243,2.03352608027338,-1.45434442981611,0.296525160699367,2.80932843675161,3.68013508947172,-1.16484416942159,-2.0015219507123,-1.76479475336852,5.65514345240062,1.32277016071442,2.07704913912052,2.94471622073058,-2.90318542148804,1.54336326026291,-2.75578825226763,2.24335016325874,2.86761971899016,2.06453547935196,1.78424670820975,1.42674843961933
9,-2.79581499900178,2.31001405482775,-2.31597505342789,-3.50668599690439,1.9616344148739,3.90959642620053,2.41424301064384,5.10217769025312,0.592462503570643,2.14449814674331,1.12094790549112,1.72018855199346,1.04670543191119,2.62764331616102,3.49198525512601,-2.34221207534007,1.79094844393278,2.58981729489727,-2.3476749317882,-0.0081324541278032,3.63617029652559,-2.67273098175524,4.71150309695172,3.1369648982603,-1.80706083344551,1.33555819194584,-1.57646918879182,-1.29248001048914,1.6260241053387,2.45552046892805,-3.88929337236946,-4.007891982847,-3.09729047770986,4.14895374628141,1.6724857537893,0.69256091689829,1.77379183513438,-1.33940006575694,2.61366558774354,0.201261567535549,3.25949164532233,2.91103498406852,4.14416749540272,1.37857296243347,1.15450980131278
7,0.0016492158730108,0.503463008301819,-1.1271553586249,-2.24764313039331,0.846773646821082,2.33288022182015,0.675965779442795,2.48089911868681,0.008742063509894,3.5879248126834,0.622964377942551,1.56235268493429,0.561584159728397,1.96140455889886,1.93934402729526,-2.18061990410701,0.993935337960719,1.49483627435757,-2.20791714923936,-2.2844990235065,1.41505344147618,0.295284734353847,2.4905754597848,3.39306922681409,-1.7314907782039,0.625861296822005,-1.01011371690333,-2.03486462736159,2.46031860789169,2.44643772554664,-2.23799643832608,-2.8173011020051,-1.24334530687666,5.68079090098915,1.75828753393043,0.759758552703094,3.0347940407359,-1.46495142587362,1.5647200740489,-1.17514983333893,2.9325535851056,-0.209776269578078,1.66197545461844,0.401049149093756,2.20515376892198
9,-2.08046404279432,1.88905827238393,-2.12447326654658,-2.64318652733692,1.43123651245595,2.48884343000192,1.62999405852589,4.38900522001841,0.531552624415038,2.55013604635045,0.656952820568247,2.84332828087047,1.13122096310745,1.69203692733224,2.36357068700131,-1.84129839812159,1.73883996041652,2.2641183127246,0.0606392946528602,-1.67683496205673,2.80272591257878,-2.15702135350747,3.80437744047325,5.27271890327889,-2.19236774493101,1.68304185659819,-1.16753074856491,-1.31018816354259,2.13990793501832,3.49476279886896,-2.49426083538392,-2.01075243710169,-2.24499936166056,4.54506126168048,1.15375923626101,0.207045442968434,2.04337459790794,-1.99879494171089,1.90160379113349,-0.860510520021877,2.83306376185529,2.30548077014074,1.45835429030714,1.10420397680839,3.69248975994342
1,-0.830336060040805,2.01866707436185,-1.78468139523957,-2.04348085347775,1.41562997009701,0.770992963670256,2.41327045511577,3.01074628675759,-0.769909182911179,-0.305497001846911,2.41189274249469,1.04719376412333,1.58818338284793,0.667437393869518,1.8663763425863,-1.67273540245478,1.68691446948095,1.24721100319304,-2.36837256557607,-2.5204124117525,0.751759796350145,-1.08172619589271,-0.823471749498216,-0.593347515053071,0.272174661756915,0.836947788048335,0.0441036605566046,-1.47811682835296,-0.0227402535359901,-0.0715684692863124,-1.36385549728552,-1.24099143128946,-1.95328593555407,0.457092626364221,-0.531438963443384,2.1242409236844,-0.497652784667281,-0.13307166746413,0.369139574340601,-1.98622065486908,1.71670447359228,1.82089168282277,1.31266310188923,1.61498161247519,2.98438831256618
8,-0.530282213910354,1.37678199700379,-1.59541410011606,-1.31387057942068,1.01322600728522,3.60465096994203,2.07800825036137,3.83529193631572,-0.0121021447560768,1.35924425341,-0.316970285264154,0.174224781084876,1.02212660126585,1.57963094427806,3.91275274229649,-2.09242442034982,1.43307806141164,1.83507012872685,-1.9685982367973,-2.17090875388739,1.86894808633108,-0.867051756959157,3.33066406595918,4.78346297509138,-0.61409824390771,1.29255689873262,-1.21878870311206,0.247166249436643,1.52199100934429,1.26996530014066,-1.7857274229283,-2.53931618490507,-2.26290768388563,3.59412202839424,1.01455337166889,0.32368613853878,0.585704540678143,-1.2600567988602,2.22675905377465,-1.38273061880431,3.78519730363639,1.50806728277292,1.74300730725392,0.900908111382388,-0.904009114709916
6,-0.785934431732225,2.09173612590728,-1.84257833100302,-2.52566815819445,0.764581254918019,-0.614179351808742,3.12251188304563,0.919226856561964,-0.706393861799078,0.400902244629494,1.21077569494822,2.09607188742667,1.10314181624923,0.980682980158993,-0.669518042461094,-1.91745631939556,1.26554624602416,0.253311798417644,-1.38388771363578,-2.0775025766898,1.47358952291563,-1.20847189752198,1.62407058776171,1.28453516222545,-1.24403729089712,0.911466437941155,-0.624856297222972,-1.06299027998567,0.519485406738662,1.40875340593248,-1.69831372995125,-1.64783939837848,-0.696532768861356,0.706071596029832,0.565208807209626,1.69743438053513,1.18820047157679,-1.06509942044527,0.670868786262196,-1.96855347857673,-1.06212893084518,1.96551857931517,2.61495857094458,1.21033969376638,1.64272557941457
1,0.628080195034653,-0.628353814810939,-0.158664084495537,-2.30169983901795,0.153178342457253,0.501796002355261,-1.85817999664377,0.570078638776328,-0.516801897221358,2.48968837251851,-0.652869260749388,1.88932840590008,-0.922612153854061,1.91998264150591,-0.155561846457372,-2.40020183758661,-0.928189344258977,0.0705810526611901,-1.25194712309017,-1.84961937615239,3.8090653781213,0.753327503492966,0.218159246459438,0.0303236440348777,-1.41934423182836,-1.23957700912278,-1.40543106256002,-3.40766109439583,1.47258683875866,2.78884019002896,-1.61429064467869,-2.02718803808044,-0.598855615595126,3.52294932915578,2.31156924880948,-0.479541981898898,2.68760777222935,-1.91324982889356,1.76417065328988,-1.40854050358711,1.48980108408247,-1.16377616088168,1.96313736676295,-1.14703263891431,-1.85202441865063
6,0.510645755481018,0.565592208919177,-2.0135194156589,-3.98410914288002,0.913233874813854,4.46717081561555,1.19619850093759,1.29375234044585,1.99536561839514,3.68959035188839,0.277190060391671,2.93414044802415,0.814480890127428,2.86241627941185,1.62785648164848,-2.00089674008429,0.512440485576256,1.24204128308718,-3.3302516654689,0.368226839415191,4.14686120942414,0.692514266024732,2.59972164161235,2.25605811637197,-2.2336973603452,0.162880601369255,-1.35850122386762,-0.829964222137597,1.8680149110497,2.8583476389204,-4.09029612104699,-5.07316711017493,-2.24383228199353,5.35463446167675,2.25185862555362,-0.56023286746486,3.06691053926761,-1.83503498298632,2.65458615719529,0.534448705598814,2.94031287110542,-0.2101810334197,3.43043178796528,0.268048932753035,1.32733359800055
2,-3.83679249611795,2.15042649849437,-3.0039723440479,-1.80323542749816,1.86393853559285,2.25120392557046,2.79117772123702,1.45787504608683,0.478223101492053,2.44969150913631,2.2383666902014,0.899895217622565,1.56907388574445,1.48310584705887,1.25079296965355,-3.24302174798941,2.63288599786757,2.01049348665722,-1.0129765092145,-1.84727246951566,1.2210703995376,-3.32536904261805,-0.315277966901968,1.31801195286699,-1.13632008660663,1.11519432906497,-1.32399528061564,-1.96770387445551,1.18578833338759,0.990687040083195,-2.25500598006518,-2.63042076794444,-1.8129468544277,4.58081694834799,0.839035410403937,2.26958483097152,2.76372518493164,-1.04933464859071,1.60190167669917,-0.797017870315543,1.21613701511387,2.80712306863852,2.69625318823921,2.40791088793889,1.343770992839
9,-1.40412909024321,2.54816343787934,-3.11716001877033,-2.2808781035377,2.07384178917203,2.98001544267777,2.82296186614378,4.96064957854114,2.63718987317628,2.62647775736368,2.0080249404245,1.30742123002778,1.9399440477289,1.16608432432515,4.23133386042785,-1.34879840797837,2.44935897697188,2.28761289487805,-1.16421444391778,1.18735234252156,0.553044530161169,-2.05258441576031,3.45466569817813,5.27598240046122,-2.17292394130218,1.40042981020492,-0.519940972164639,-0.201190805273614,1.33938657013055,1.65751987929729,-1.76553721280535,-2.53734632165546,-2.59443284979039,5.58790212567717,-0.229812649123195,1.18751468001151,2.5192818449168,-1.63411840594548,1.12977840429789,1.27571450888586,3.58422468614012,3.00385079194688,2.97718652001185,2.07835036506675,1.07836003239058
4,-0.314233302563496,0.564047817662533,-0.495964160566176,-2.77410327798875,0.809693435960126,1.05314926856993,1.166636107818,2.32861947057889,0.353487853145882,3.07281488756927,-0.489177578110217,0.982593844919712,-1.10127729711901,0.890283133700049,0.76636861856477,-1.95134657634929,0.0962205045691519,-0.4495923840675,-1.69792803933007,-0.977736080052089,0.13452438626543,-0.544339296253615,1.35374763983805,0.539002268599,-2.14923118273219,-0.677133201273397,-0.577986947209569,-2.1038294450564,1.82674567402045,2.25798922944693,-1.40046969441826,-1.22999811103271,-1.54352694585086,4.49058831626296,0.768577521046056,0.570696156038551,3.56607142160993,-2.07160044890059,1.43859592107021,-0.659366721466312,2.69490966495597,0.356490792143222,1.29829095205101,-0.311858386773443,0.58528812771686
1,-2.05286525216287,2.59203961781289,-2.47702354601002,-0.968636355498611,1.95267098724127,2.61500506046316,1.54997055884437,0.536319177674761,0.597251661523874,0.0605194682725594,0.763945581358974,0.361719115615856,1.36701462559686,1.32601565517557,0.877097398083749,-2.2368831021173,1.43080721688785,0.879147313768195,-1.14179007492926,-2.15207478162845,2.18072586441474,-1.88433506170738,-0.210222667320047,1.2914183915769,-0.521485018665353,0.634216172095118,0.496278742522017,-1.85283946424618,0.232752165594177,0.971549924180351,-0.448238347673368,0.0565887627236564,-1.85451159528009,1.35274876293885,1.45821353464521,1.09353181715906,0.305270824754719,-0.919380657251049,1.31267333735047,-1.16930961552084,1.10626930960332,3.18417849263045,1.38091132423504,1.39102320702924,-0.525777061512163
6,-0.0219450580395937,0.341739486023016,0.327097744165181,-2.14077930624543,0.151938780885558,2.77073304737939,-0.202181466771305,1.13580097108714,-1.04615786753244,2.31156688342388,-0.397244001957838,0.80177607237042,-1.08421442408573,1.88386334819368,0.121859948771913,-0.399356673494238,-0.872205078063105,-0.135036915951763,-1.60832470625513,-2.75521000571684,1.38251500861602,0.173789314406102,2.39939090048694,2.44380443131167,-1.0635356278365,-0.828116947177237,-0.608263801213685,-0.393353584852908,1.39637280541141,1.9534769022323,-1.76896304794529,-2.33976779018475,-0.616742489859898,3.55123403305064,2.95922482673743,-0.512160830205079,2.14659841668067,-1.08134510203145,1.58574761166928,-1.73793985012077,1.88944783700142,0.268587789370053,1.41978527636073,-0.862719558746887,2.20252688091208
0,-1.00078737394405,1.63242067992696,-1.59365970385053,-2.4848802155355,0.694977843177932,2.76021767191016,1.24962923497598,1.60250739606504,1.32306358561724,2.60016505199637,0.290766341754205,3.49055628556936,0.796713343272375,2.64940209448082,1.96919218035005,-2.9271554300818,1.25365833608223,1.42365076245931,-2.79555323024051,-0.909540583354334,3.13886941768218,-0.864476123346086,-1.98212416384394,-1.04409096998999,-2.2717299575347,1.10630947090539,-3.16164821819091,-3.01025103975869,2.28634675544551,2.20334347619028,-2.67912645052348,-3.15503558872004,-1.61964644437785,4.72697857659099,2.75699361129981,-0.502250480230964,2.6438068071491,-2.23559759542379,2.58009616970461,-0.0861814167769825,4.43652563383218,1.02483062049002,1.69521171238125,0.626780870272396,2.25565028526447
0,-2.2033769869631,2.36571356754664,-2.71157087865331,-1.39258665330812,1.74980991338111,0.341269695330127,3.258335545965,0.368247646168612,-1.01161302660888,1.521348845443,2.02139610598875,2.76241397196976,1.95106027203587,0.68812951464037,0.79867695227873,-2.11389808559864,2.87892360049848,3.23126908467487,-0.921338390660229,-2.52929361844055,0.740305987879686,-1.85474307892346,-2.82737387483113,-0.661055937641492,-1.43308307826821,2.5861634938601,-0.882035158577236,-2.92364057622465,1.34211778468697,0.757357256738758,-1.66030723001081,-1.78618956847017,-2.11869972967949,3.19607077806245,0.178422002699883,2.4872722507085,0.987830429098112,-1.28140861152805,0.999679117604067,-2.00756618029003,0.796119793254668,2.08870651785927,2.15203489467463,2.24823610729019,1.51916182669726
0,-0.797588898407957,1.85717807682142,-2.23824641236584,-1.77271045310616,1.0736252762278,2.45390879654262,2.83477631191708,1.91721997302212,1.65730471185611,2.61619063798892,1.7647491315318,3.29163277920791,1.39920794728995,2.22818405348054,0.638867038318541,-1.85837350089157,1.73867202634463,1.55590868467146,-0.676162074941856,0.231232899219165,3.8278830710607,-1.64862212568146,-1.39513927811324,-0.341894651615932,-2.31269136473755,1.25838893812438,-0.835711483392381,-3.43044390317922,1.72865749415154,2.23665723424123,-2.08222553662417,-2.87847068905686,-1.0530157601466,5.33946084375946,2.35195726740378,2.27870627562718,1.77841427138047,-1.99351530602007,2.08624418103062,0.462869373797756,1.34412615452867,2.04694406290361,1.96392322862511,1.5339587004226,1.34349703441487
8,0.204905580081271,-1.34990434349106,0.690001241240305,-1.83192530816017,-0.384175977004832,1.0077668402437,-1.21541517013105,1.20313902668758,0.857801246220556,2.1948599944262,-1.11224662458328,1.86116776481244,-1.91123065594307,2.07695047501717,1.03813675429389,-1.50629100952286,-1.40737042303054,-1.02366678847925,-2.93397526448558,-0.608047983269079,4.50661611727351,0.140757776654027,3.57620452044803,2.707009205972,-2.52260048263888,-2.05806644144771,-1.53329590631517,-0.48205666796693,2.81236556148735,3.36355468537314,-1.58594696798105,-1.43284285780338,-0.605525853873138,1.96243708086261,1.07180788838087,-2.92857488470193,2.01443763344481,-2.02637115206558,0.92860320095429,-0.613161997614109,1.38398648110874,-1.4570069437092,2.08657948802736,-2.00092883697415,0.0848160994971041
7,-1.27898839176004,3.36080472107741,-2.79236246757949,-2.9021147193361,1.94070473715188,2.3869611886116,3.87114137982367,1.36013908270475,2.73368566787393,1.12145646452788,1.59493499988761,2.3371873499133,2.38964068064902,2.534443928869,1.51196728602847,-1.26440998526766,1.92173870916572,2.40128133861005,-1.46758797977617,-0.0218934222407074,2.74775137413865,-0.790928872063008,2.45355913848658,2.2475359981635,-1.15237733814257,2.05881130936419,0.324546186645422,-1.63572988784985,-0.108429676375642,0.208781244443741,-2.03363510679698,-0.991569950113941,-2.49649056144302,2.36793276190942,1.68635770972337,1.73627116788638,0.94951720527169,-0.736351712144407,1.49242592754271,0.787821978667147,2.09377972533542,3.0598841186442,2.76872358449443,2.30887487400654,-0.601102453907092
6,-2.8038099831907,4.25773744233469,-3.18183893507423,-0.971581769477737,1.97320066165793,2.96762878077022,3.06742923989763,1.95579324672683,-1.34685365235744,2.02938819658852,2.72033240938674,-0.0388564469919739,2.47129769243112,1.44609995284898,0.756362493526697,-0.638081843432061,1.74861433018336,3.76916292136068,-1.17046158514014,-3.22748400468281,2.10875899925478,-2.89219543791442,1.3749424851969,2.00666568948682,-0.450903270800335,2.85694405189064,-0.937188737430306,-0.766867279698421,1.14049491749684,1.95835036744243,-0.543582013749299,-1.41462488373524,-1.98797165278835,4.23516912561542,1.5169361790382,3.01867651751488,3.19768474450197,-1.23504504573057,1.23630999807776,-2.30463464885881,2.48900395436559,4.52203963791551,-0.819514356045097,1.96534121833389,0.617734412145538
5,0.195987797004176,0.850988875051088,-0.179628758469346,-1.36934853398765,0.542892756656519,2.32828990593466,-0.100756688064918,0.563222344804602,-0.276879778923914,3.5026743217371,-0.0602404526822087,-0.16420940879548,-1.55314602094062,1.15393268667334,0.841379860790126,0.0288145919101443,0.210742243510655,-0.372561588581313,-0.750806492179331,-2.61419997596582,-0.65210731725037,-0.0428473373513135,1.10334677677654,2.39613229870088,-2.95002938609693,-1.09041782468341,-1.81341213042123,-1.41131028080816,3.04930868129973,5.08175857264544,-0.167182243568654,-1.42759277882169,-1.1745731266059,4.64222050196866,1.18280444596761,-1.0132967455928,3.59283431166008,-3.0691286590737,0.798231883048401,-1.754139336342,1.64082826223292,0.506993059002488,0.50762979165226,-0.896624507585169,-1.45947599116045
9,-4.05702233251504,6.2982537661107,-3.95055112188237,-0.19540862514997,3.18506585497398,2.7932910554338,4.36930829150393,2.99042899155149,1.23505822051166,2.54207523153414,3.51508235913994,0.44810477287096,2.68234129519966,0.75156966303282,1.99402980635909,-0.692004861790372,3.21104678262046,3.5440520110042,0.405828620076803,-0.367738661641426,0.209494610148194,-4.34430100965469,3.23910200922106,6.14176949377749,-1.90276570091205,2.52636851319087,-0.537422334026728,0.775107424783533,1.29098266304066,1.42141145249546,0.626570313910994,-0.309710508216794,-2.48850460562832,5.35678298767653,-0.0836133213250182,3.80362595207353,2.77955118243668,-1.22883021655817,0.711152089313566,-0.0702576875532621,2.70273981360123,6.94414488436034,-0.572704284902254,3.23329956400055,1.2404703113873
5,-3.60762796000916,4.15356515381374,-3.54269482628141,-1.29294566534506,2.61766734039146,0.904975231860987,3.69472973085235,2.80542576798732,-3.23338875975421,1.27615095348432,2.01515486078834,-0.0529468147200957,2.70468762381268,0.72383269407882,3.71356009705086,-1.95602380379547,2.88707392090058,2.47175753180446,-1.39844882359797,-4.15312064673738,0.758259064280475,-3.53821813950958,1.16620652907842,2.06020927308361,-1.11676818253934,1.91488695666647,-0.563978538342032,-1.24872333552171,0.704795047564477,0.614746492733168,-0.43944997899057,-0.450643018841914,-2.80834354835144,2.91342193559725,-1.02264741093012,1.87979399304839,1.22326778800325,-1.15048161151165,0.43188890331769,-3.50840484161595,4.69121103633263,4.62266130145417,1.57067212701135,2.455435021483,-0.58524852843607
9,-2.47071519670654,4.11939791900274,-3.9245508470292,-2.14126502963877,2.20275107526667,1.06914950102874,4.87674015771671,3.50662966239337,0.82615776620353,2.18935275658263,2.18645982881583,1.35591935038244,3.40370452105481,0.616298077649383,3.25161403826783,-1.38948603228936,3.00448470507038,5.0976596662441,-0.816203451739694,-0.151360051294559,0.961285865356777,-2.57535137018159,2.76851642879938,4.28090579915064,-0.212724342291953,3.77817644473946,-1.69295064972705,-1.15599059314586,1.40607342238298,1.04185385697783,-0.816422363140483,-0.484026727539611,-2.68694598898597,3.13611925878156,0.328028013920483,3.53442389195538,2.0873870736247,-0.98845042234622,0.89806855837446,0.015181644712334,4.65264484307162,4.55946031634804,0.593371916784064,3.36290536609751,1.27788831174118
7,-1.29939914817051,2.17321810525779,-1.98850073112668,-0.888636602762363,1.07612954630665,2.3760853102613,1.40752774648394,1.82778187296062,1.35449227235999,2.4988423925393,0.216190551230251,-0.654296470924867,0.490979639878276,1.13434365423594,2.31389242518632,-0.813480108302478,0.764213144632173,1.3754328370911,-0.818363851123526,0.040693513652333,2.52661469420548,-1.63358335265549,2.54547203258663,3.11304245603929,-2.25562408593222,0.540274487842643,-1.1150618117918,-0.222227238204909,2.36418267732623,3.35187132231126,0.0823857068601039,-0.804122884806428,-2.0065041021318,4.1128446698917,0.513428106506464,0.883505481642343,2.60596331011459,-2.16786609752687,0.495475774261856,0.483385127083361,3.94119726101491,2.49803696801624,0.368081910647091,0.576403636957382,-2.37387488904692
0,-1.60978110324529,1.93859091991834,-1.7748411949532,-2.10133289193632,1.62124497388226,2.82591526644048,1.1353112298305,4.00480948066619,-1.71169506150846,3.99273563038539,1.52699214174381,1.02244318791199,0.840859825204167,2.27215764191822,1.90552136085174,-0.33031070457452,1.51008540017326,2.73457822171251,-1.58083274144541,-2.84828414926166,3.38125686386881,-1.81503003445368,-2.577335701815,-1.6720394343137,-2.82735473426094,1.63872973807448,-1.73316043151423,-3.76251236060096,2.46488683688121,2.59440386295904,-1.07263049726252,-1.20610075891689,-2.14520339453731,6.42219429423264,1.27635338629324,1.66125769235027,3.20267515978981,-2.57013246565949,1.19899184603311,-2.58041000044995,3.48099919749392,2.20353060649049,1.25524864273556,0.911863889064545,4.36098249218095
9,-3.27535071716045,3.52595894592873,-3.70923232770486,-0.810246404465858,1.89024670099349,1.42766009905501,2.88433552633149,1.79394076767861,-1.68741943054062,1.872637289588,2.25667263226161,1.22129313981482,2.63143455968629,-0.0555037104994749,3.20685945326644,-0.366455700010136,2.49744613082945,2.52779097365821,-2.21627249011276,-1.78064896075248,0.70613264726964,-3.26097941608984,3.79686220269865,6.05892475335516,-2.09684322519851,2.1168802253328,-0.217440553951929,-2.14465463326705,1.49858513404229,1.81138588899424,-0.388233670899735,-1.14125844580108,-2.84872818467002,2.98329633348679,-0.800190459116175,2.54103223194901,1.9416858825859,-1.49181896778426,-0.14497361335763,-1.83221804725806,4.51782322366506,4.36125797068601,1.87696491470896,2.87274817991575,0.695031517455918
0,-0.351883536916707,1.08066413586636,0.131516980211619,-2.90335657089457,0.790637725360183,0.143734335346955,1.17867521828667,-0.0116780605404166,-0.385624265912472,1.57862069462015,-0.243024548806202,1.27447902761964,-0.797983945617322,2.07768841515364,-0.955901091599834,-1.23434233276562,0.316041294009706,-1.09462901544069,-1.866497316867,-2.59560323303201,3.40188118091182,-0.678384637721469,-1.9008104087363,-1.9183374410684,-0.663914551203699,-1.58710849941336,-1.0895218232706,-2.7571690443225,0.510149320903254,0.901286236253564,-2.24503072440076,-1.96256563740387,-0.28277698978563,2.58335829415183,2.79310088737296,-0.635641767422074,1.4310828503711,-1.09124710273906,1.43701051660858,-1.77691774825789,-0.833272163164828,0.44813697579308,2.25951462591899,-0.573922546657286,2.20753344782303
0,-4.31437460907658,5.21547119065581,-5.15965541225082,-1.15638604349442,2.29464481468368,2.8806103134666,3.91520905732629,2.75690357503479,-1.63334078433413,2.14816743868986,3.7925868855354,-0.568222964874489,3.27280210689184,0.621820968073221,1.79153124206803,-0.64839895405369,4.4393324646487,2.54067570605068,-1.29190447338313,-3.21242197280691,0.795595059216726,-4.43777173654877,-2.22906571481009,0.793292706946143,-2.79200375059462,2.38416065017789,-2.09495570131388,-0.96405024219146,1.70866985035524,2.8595545878068,0.0763165415116601,-1.53202144818089,-2.00441372695361,5.30564011299369,0.283937093126583,5.15444541811448,1.77989487612111,-2.2968035548329,0.884606160133309,-2.16677056622109,1.72160683643071,5.89777450759589,0.305646878631469,3.90429001345833,-0.129742010804173
4,-1.67801471647969,2.47449615583541,-2.65929923899981,-1.54496947069676,1.20955356739939,1.10039268967245,3.42840691612999,2.32414309929831,-0.183331024107322,1.23511838967685,1.55982272698917,0.437063211336325,2.35822301324827,2.0523444205525,2.58316943597574,-1.02687984823416,2.64074289060977,2.14977130509014,-2.30116762651524,-1.62661899362922,2.68035649634047,-1.99643730551341,0.989912436186141,1.34296092447047,-0.139926125621384,1.97608608613932,-1.29845285243774,-2.24634597295044,0.551123164697885,0.546729817258338,-1.33272986920313,-1.61167181019205,-2.33438366203572,2.29872900921377,0.811920472504003,1.51344322077758,1.60942178371091,-0.678431974082606,0.849524728591283,-1.01110684315834,3.27420821458187,2.2449921974353,1.1383087228591,2.50311388178819,3.47010590856712
7,-3.01199971612713,3.56918483288913,-3.02298198686829,0.598377299279865,1.17993376249018,0.885133377087717,3.60657067668763,1.81476722573472,-1.07706049111252,2.91337363987077,1.92401867797372,-0.988378936742747,2.96447477252082,-0.615674070074768,0.428104250592239,0.439532049952195,3.33845517020007,1.92295631425444,0.664061963355919,-2.98913623333327,-1.5521902639905,-2.8674769823168,0.692929538014857,4.44321248220096,-2.3248167106795,1.68550625211961,-1.56447971358468,-2.41182204762275,2.2236824266935,3.55966915834222,1.9610401314563,0.668928275369685,-0.499554872229997,5.43534351381853,-1.40913037936827,2.93806154143462,2.87378839251486,-2.43348088365882,-0.5901150410982,-1.99015210583863,1.47607225330193,4.23335100266621,-0.0352995103515636,2.61268625193696,1.10390645942797
0,-1.07323525353357,1.86243995815119,-2.51352538335502,-2.88675520196473,1.24621283946054,1.12606085034194,2.75598760590111,2.28593640613639,-0.162213186761516,0.743120641482588,2.04615881024109,2.61850983077196,2.17268742420664,0.911601517926746,1.9947162474542,-0.988853728860328,2.02519656619509,3.56419074899129,-2.08509408301583,-2.17859549309425,1.62034052569721,-1.03520913147431,-2.07999278931569,-1.4240242263052,-0.904529262935719,2.66957011080504,-0.208756259365834,-2.1156330198178,0.60307129379523,-0.256104618021343,-2.03690379172338,-2.05381512128142,-1.2783554230841,2.47487107705533,0.37668415441457,2.13326053383955,1.14607413765187,-0.273346543370307,0.418907130232612,-1.65226928969674,2.73808060860133,2.03206180281318,1.05998490661869,2.27098989213286,4.7778257189847
7,-1.85862337231459,3.47731906486597,-2.01079197439917,-1.32084140391872,1.1640465166994,2.65703809729392,2.28669821880341,2.95733540209078,2.21226940347367,2.80885301338072,1.67865105639659,0.0604490217988648,1.22697432165244,0.516162155996973,1.0661168302153,-0.143909240952697,0.633123740308732,0.805410029865747,-0.865619171507997,-0.108140964019494,0.900486598624328,-1.78487781915523,1.62399176758037,3.56910313348458,-2.53372134568844,0.397326244432109,-2.58610891547189,-0.738643782378669,2.69832298569481,2.80412697829954,0.166579981455635,-0.752224589097081,-1.6516957602665,4.43450484534189,-0.120121331433872,1.31060526998607,1.49723143800589,-2.23029735551772,0.351256765639703,0.915847382608011,3.7546421291217,3.21790834256148,-0.336872188912142,0.884443752949213,-0.123965800155286
3,-0.595253151935967,0.960109045835131,-2.41282843236344,-3.10214023235318,1.65360078014699,1.27458888887137,1.24063518126284,1.81709102029237,0.254160499271087,2.24330436375601,2.35127507534381,4.80130955616535,1.1837038080025,3.06485759267055,-0.502468173796007,-2.87961068585339,1.56465886756027,0.69905537005271,-2.3888903511735,-0.825343994727873,4.8033687769237,-0.649035163763255,1.19044484289872,1.2390893896589,-1.27606906387592,0.703019049827518,-2.32092140550334,-3.17295415392825,2.27120049508221,2.62569972930896,-3.57388746757267,-3.67897178867677,-2.41671547154037,2.98687224025599,3.27046917874219,2.64787692457556,2.86188617280091,-2.01871774009914,2.87789564651516,-0.418689661365311,1.17230642822736,0.81287366097749,2.99491899827739,1.22882500174645,0.15758129082369
3,-0.964442966466945,1.08935079510914,-0.468233062229235,-0.24238290980662,0.635973566132661,1.86656594056017,0.63914044657179,1.86817347383201,-0.121899289652915,3.16679712208024,-0.73169855497286,2.30856913125586,-1.27486186091302,0.705881241775161,1.23007410124847,-0.861251557702129,-0.432653940281819,-1.66938922472929,0.196102307872704,-0.811791884592692,0.706591162725187,-1.22842055005005,-0.0343313886411303,0.410577431317195,-2.76231423104718,-1.85057494347915,-1.34413093210714,-2.02269154754833,1.81032400421099,2.70438087171248,-1.03055247789118,-0.706135101866165,-1.30430331732726,5.13082486899825,0.394140105019731,-0.979171390070515,2.85586970105891,-2.4139073242115,1.43706637067871,-0.641038510012658,1.76100712543202,1.05211637908691,1.93560162886185,-0.173150169350931,2.80029104010237
2,-1.87455534177755,2.58415991770536,-0.685631161751658,0.291457057131225,1.26533630584679,2.10588238069483,0.797693727572386,2.9143795911018,-1.1354725932813,1.91542941952941,-0.763357647014012,3.08622328937429,-0.761134959006265,1.01068734845172,2.11347407397576,-1.70928258665352,0.91195369332516,-0.815446755189763,-0.917593289009501,-0.778955040485027,1.34955326459781,-1.94022987554854,-0.351848643134068,0.155444317161293,-1.43775835397851,-1.72799730192599,-1.41005866797732,-2.15582379110543,1.17447035240285,1.88329100257022,-0.48741932308575,-1.31582643418321,-1.57158424812649,3.02634805810479,-0.586949857317465,-0.539136315631238,2.2190889015166,-1.37542636368242,0.262537432409605,-0.952154895501976,3.05266568714776,2.28443819974644,0.79862537767607,-0.44794482813051,-0.292210772598554
3,-0.817568649502893,3.16563709915717,-3.43786787455742,-2.19395567315762,1.90417750373972,1.72698383964565,3.55319298248705,1.84192552059302,1.29123207303814,2.99764136624947,2.9717335192175,4.0956731639066,3.30912333983254,1.37779314841749,0.244700672250811,-2.07239055444776,2.40992282831201,2.5088568430455,-2.77850213041341,0.449743028972914,0.900830162207484,-1.13081988425482,-0.18479633208597,2.28551061819625,-1.8771260027737,2.5249355470896,-1.435593601044,-2.98922697527136,2.13527263543085,2.02960885662737,-2.17511200254815,-2.56104980237901,-2.40883737742131,6.65032941046853,0.841733637531435,4.160685097073,2.4561926261291,-1.76197964864577,1.424062254345,0.844997869868118,1.76967228110042,3.0209589338392,1.76507247818888,2.81010891068138,-0.0641934823875874
8,-2.07901937129042,3.34432979271049,-2.61782849318355,-0.339951184259692,1.81450915750864,0.35621839311537,2.6229957087103,3.13968736238372,1.73857406246839,2.06230191025215,0.63913674505633,-0.364151536804699,1.08361199908241,-0.748776775740079,1.7700490912553,0.401590552699628,1.70425186855448,0.30584839294854,-1.17676092693015,-0.19076137749155,-2.42249648503053,-2.19995736005516,1.51881047510734,4.60877246732976,-1.83479280647479,0.10044349594295,-1.77991201510057,0.462182814716101,1.31259573200397,1.69020140957177,0.122755438705142,-1.52529122370107,-1.81387047087616,3.39068791319118,-0.927365231854071,1.02019751210552,2.61070514085644,-1.58737878273206,-0.191994349001497,0.361983107366123,3.3569228099928,3.6189622820943,-0.517603947616426,1.21651426084763,0.912013484596754
2,-2.8433025231982,3.09126109643279,-2.9751720398055,0.113886950502443,1.31766850208603,2.43487331122412,2.2907792581326,2.24425736546929,-1.18725932303075,2.16343130732943,0.50588629632105,-0.391967690513187,1.18652240665742,0.0620033252844501,1.63665509681606,-1.28851217957531,1.67962491797761,0.183417064681685,-0.484737093657665,-3.72529540722493,-0.795000042557046,-2.9738116384242,-0.44721911463809,1.14889552985364,-1.46108880638952,-0.281717975804587,-0.643824370834087,-1.85120363860462,1.37718041863784,1.17752326623591,0.121679614255096,-0.525192596345467,-1.93587855049597,3.25997445494557,-0.716993646513153,0.960059665662272,2.16253657873658,-1.4582552340548,0.247047829447974,-3.1003545835132,4.37345470042228,4.03040609226718,-0.819332111338823,1.52464800649234,0.960375730286804
9,-0.587958866120239,0.456545217479505,-1.22631982650587,-1.59972041124461,0.287160391305887,3.31359628436498,1.42224325576625,1.46090183461445,2.39585961069564,3.84256553503518,0.113810872625394,1.51492681034378,-0.508718882004399,1.8104011124818,-2.0601460706502,-1.83581251083833,0.679079637743703,-0.511405916634864,-1.4560949197202,-0.151365259016246,2.60627692110186,-1.02281873494842,4.18321633236303,4.97608651391105,-2.61842878540285,-0.891783911947029,-2.21632122914609,-0.542813704479907,3.01554575806299,3.1274498074446,-1.8348718323414,-1.69705433626258,-0.196886802856624,5.12970895586522,2.32440996335733,-0.124700987874076,3.406381273393,-2.38373845999288,1.73051241640094,0.862179463176569,-0.312802423728315,0.0090574975696486,1.79984222460519,0.184480611123215,1.15447721907822
9,-2.87800943359113,2.89109880053913,-1.80438180974991,-2.81498683857221,2.23441566970494,3.14918897954659,1.65889250937615,3.34486328948734,-0.183927560014802,2.5405900107376,-0.40603066673124,2.04847920641114,1.80257081106463,2.09105346624679,2.62945832596012,-0.748814479390623,1.52833677799669,1.37819516024489,-2.01203476294531,-0.836065553189608,1.81568387729891,-2.77637700977845,4.19423541969554,4.42508473725438,-1.63678229539182,1.19079961167644,-1.91067405779518,-1.21567163113388,1.5773175723341,1.66757153501436,-2.16031158171796,-1.64506922269626,-2.90635683053319,2.87808626335926,1.7371841624346,0.708795667816541,2.42705036882673,-1.7837193032076,1.87786842543835,-0.613977787912723,3.83553064517475,3.25456948163358,1.44236087321479,1.08611505794801,0.775185288491492
