target,aceB,atpD,atpG,b1191,b1583,b1963,cchB,cspA,cspG,dnaG,dnaJ,dnaK,eutG,fixC,flgD,folK,ftsJ,gltA,hupB,ibpB,icdA,lacA,lacY,lacZ,lpdA,mopB,nmpC,nuoM,pspA,pspB,sucA,sucD,tnaA,yaeM,yceP,ycgX,yecO,yedE,yfaD,yfiA,ygbD,ygcE,yhdM,yheI,yjbO
4,-1.76468534964444,-1.18317961237202,-1.33907332057222,1.24372430681502,2.30446786102241,1.72100572607028,2.60351893693827,0.834375979941878,2.10184695897251,0.814673799180724,0.439592931872759,-0.558230177572107,1.23239424162339,1.78795605687467,-2.79576069868007,0.463712382155654,-0.290735061501145,-1.63953700812724,-1.33527587796573,2.59206353681012,-1.65933622922301,1.99076419971457,1.70662762525745,2.02862657255288,-1.57654047446436,-0.251990967279818,-1.70367351436082,-0.915124467172168,2.22283938656545,2.8165641341833,-1.47115439057824,-1.42606805107213,-2.14364761222004,3.06797666852227,1.71237293687578,1.05447551295945,1.80272800145154,-2.26282633512488,1.75962682919562,-0.205853293327687,2.00294308449225,2.32165838484354,1.21919019008405,0.409101677275703,2.24221343111758
0,0.540308066858423,1.00147243222435,-3.51694320993414,0.0446359347908813,3.07783993073621,-0.686721539042006,1.17384202710859,1.11273658827805,1.01125316370423,-1.49965572805029,1.1580909315636,-2.1076183626088,1.83909558531976,1.99796774270103,-1.46023003363426,-0.966145992228146,-0.485427682537289,-1.73418079308394,-1.71477047287688,1.93506930622621,0.242744056709177,-1.65267200408927,-1.5021851679149,-0.627618186617082,-0.5238082079971,-1.55489488457841,0.366293342788214,-1.33409883661925,0.713971235904158,0.380153567909046,-1.81675220409228,-1.72343525974238,-0.586101346987537,3.10371335932722,1.78596125736286,-2.05510143791291,0.995243059718497,-0.688262544320875,1.10926931654153,-0.627293884119197,2.31581751456374,-0.752941262505006,1.45497550333534,-1.5170173001849,2.14423754549919
5,-1.9846094685849,-1.76189918117856,-2.45484520870155,0.893884373744241,2.56342906190131,1.75926011152028,-0.0228130715435189,0.966427983764375,1.40776067619595,1.73871560376215,0.844648184628729,1.45886937677653,0.360514896856593,-1.96396014994871,-0.824953152284675,2.0688504204944,1.53667080923156,-1.48957968734186,-1.1320159844298,-1.19852480346502,-2.37083783066012,-0.627121654739496,-1.53232395435631,0.252353080762252,-0.420794625821928,1.05391058017719,-0.811587471936816,-3.36891239611297,0.0107453479983402,1.17447259309756,-0.412785694696856,-1.84907694571626,-0.398063156020312,3.18408723305151,1.09603983951505,2.24788119264149,1.53052299871736,-0.597780650346125,1.23859775290286,-0.569534220435563,0.319872640764735,2.43198019782522,1.02062829529348,1.27717895337186,2.06242825582262
6,-1.8521649900675,-3.11200993996326,-1.75141976912263,1.63588186097038,1.77406947937437,3.64136360883699,1.34701058544107,0.35487262419967,1.80307507840939,2.4073973011095,2.22851789817666,2.30507709731413,2.43442577675118,1.66304171705949,-2.43921071850006,1.89302915321387,2.35742255628974,-2.17196569541403,-0.644998932276148,4.70361298276595,-1.5048206901998,-0.467655773449805,-0.41567961453945,0.730168692973139,-1.07685427443351,1.50288757002601,-1.51595267538987,-0.921641979600099,1.45674160286239,0.858511786080109,-3.06584673390622,-2.0041149498878,-2.45789454565035,4.57636161964158,1.53802860628644,2.68523095522629,2.05722978202362,-1.35891275715099,1.88702556963074,-0.445978921449551,2.54019243957403,2.30717014615261,1.4276140885384,2.5065265061982,2.72826735371822
4,-0.788847003564298,-0.388433902239841,-0.80072372116738,0.567699656419032,-0.297316921264985,-0.0184459152336161,0.721089107613279,-1.00384646018061,0.605521283966104,-0.599422246118234,-0.939156365618647,-1.51491880285144,0.172637551773962,0.541641392459696,-1.57651097123999,-0.487114834091991,0.0059385477089712,-1.74832682083848,-1.90844263383978,-0.0996274948815433,-0.78104419253015,1.24835680534911,0.738727886967117,1.21100654614912,-0.97892603504567,-1.02030114432281,0.258338921646569,-3.05151929458707,0.0110290567085886,0.48444616214655,0.418691850625559,-0.133647956279083,-0.923470691305462,0.978234705532244,0.02146571286589,-0.636568317485837,-0.0554031077725228,-0.691574483447135,1.4836070782072,-1.27254142021424,0.803764116380084,1.44644581346599,-2.09459073910142,-0.960924852904229,-0.799227409107209
5,0.681263241966104,-0.940045975891177,-0.340928719401327,1.05656284939247,2.87497583734779,0.311359466568725,3.63261779323378,3.49771664715794,3.29739702737727,-0.226388751786098,1.78003804013214,0.295914757205036,1.80957438978514,1.82340286095331,-2.52194637762922,0.706506364135922,0.877947886122204,-1.96792853103501,2.40880530369499,3.14765040564682,0.434846767637044,4.22815854609755,3.65677381913336,4.00208541487597,-3.30095045492575,0.494124699833583,-2.79738972327435,-0.557899841500608,3.36760552061485,4.65071946050813,-1.16037664049939,-0.739582588990264,-1.60472519639664,5.12888016935998,1.55995921149879,-0.785782659528654,2.8197985760227,-3.16245449894768,1.7819024436461,2.14938770036018,1.87159996959106,1.62911469102566,1.23535017687544,-0.383721872331583,2.25425882799805
6,-3.92450258771107,-2.34567801230142,-0.336213694294048,1.57444737000453,0.546294046292461,1.50947148999357,3.15371637877818,-0.154059672566041,3.63113127875593,0.235894351873438,-0.552627510564584,1.29488614359815,0.80353794092529,2.92012053157887,-0.113555650763931,0.877341208384233,1.80524681604413,-1.59934621484102,-0.987456944666223,0.873785340685579,-3.4502104618589,0.768966670258084,-0.837844785725603,1.46602355789201,-2.92743685899455,0.965897413479519,-1.91659467160788,-3.84084825231553,3.15485599264911,2.87002263146594,0.342129258093208,-0.549668950287805,-2.46470217399246,5.34066742063021,-0.534891060373587,0.213016069617992,3.28163776492375,-2.53528948981753,0.319223844461399,-1.03822894469044,2.71910785409812,3.63414210346125,-0.245678309580981,0.977545717110288,-0.35246814889946
6,-1.20515461741195,-2.14148102894702,-1.589972602325,1.22586748172352,2.3104043248394,2.13117331438988,1.93729355036496,-0.375885943262505,2.14867320254894,2.05682829419546,1.65156114179371,1.17027006193634,1.17344413618003,1.35594659620531,-1.80592272420747,1.69148647498136,0.417494592343858,-1.12687263762734,-1.74118174157326,2.00237742006611,-1.24449942721668,4.59804954501861,4.21141101682931,5.11461280100373,-0.671246918116177,0.213013312224501,-0.200986401769377,-1.68741053648706,0.334671057677161,0.455848939606877,-1.60900332504638,-1.09938377061535,-1.12333550103841,4.24929287515629,0.852069131802144,2.24969388746557,2.46097856620771,-0.814134196892054,1.63011795913684,-1.17161973584865,2.90204156170536,2.12270090052429,2.17303464937913,1.80407285797603,1.53804319884714
2,-0.689570048589132,-1.43205711226235,-2.45700042275442,0.737698292011194,2.99824729000835,1.71075717397655,2.30849707653114,0.629606485081184,2.42006461272676,-0.237952722060178,3.43407943450592,-0.62935767911278,2.20498761052846,1.34724453567152,-2.0359955483356,-0.0108569002089796,-0.469592136677858,-1.54128196686462,-1.4865310072797,3.31262181749806,-0.942910079523085,2.4908513151764,2.26403543326485,2.37400786992948,-2.39610445780952,-0.847602711721138,-1.20278374718687,-1.44901428721491,2.09864847789902,2.18466686316776,-2.40568050841604,-2.73601114752722,-1.52880930613319,3.00392813455676,1.98170092280057,0.307779078809481,2.01978554122953,-1.49391679414123,1.90968744757838,-1.09761504373149,3.44889694431898,1.13920061920374,1.98523298588126,0.168707709752365,1.50078139851561
0,-0.146442539962721,1.54424406115835,-3.15243047362453,-0.213993322888971,0.426836660737431,-0.378951727682953,1.500294776534,-1.08009786255152,0.878665616021084,-0.446901910591763,1.71399523603467,-1.66124735188358,1.96631924069265,-0.890542064765181,-2.63978395218523,-0.415934941787736,0.682822092645416,-1.01841326837221,-3.01026214923055,3.01259769150168,-0.773124164815072,1.13014392707531,1.84768102143129,0.510645709268639,0.401608672512722,-0.926144621407684,0.605364820975436,-2.2748271897056,-0.487779672623615,-0.825184938160125,-2.42465265177021,-1.46240392625109,-0.316727437975376,2.68116552406855,3.21169023186674,-1.30910676482476,0.986671072300103,0.375642438413198,2.37601273381787,-2.06469745010236,0.358246533946614,-1.13254930444206,1.80088375480436,-1.3540739619463,1.21223813702646
9,-3.09180670101022,-3.21222955344774,-2.73282357759899,2.68010651302789,-0.786655639519436,2.89969648085018,2.88835559336529,2.79978004998875,2.1761670173881,1.78913626224667,1.24110124811409,2.22192745911043,0.179758767762375,3.54725093238028,-2.40731817515598,2.9216380002544,3.19523115447275,-1.56678564475237,1.20285040782557,0.48386895598596,-3.30291470928366,2.17918977865558,0.799876337117001,3.51192083062034,-0.483547908077323,2.04231625771859,1.19590708906603,-1.43920819458948,-0.0684325004464746,1.38420341577465,-1.71872453447532,-1.45521714503142,-2.81795178383785,4.0224501230997,-1.26307785519728,1.3570794540472,2.0635163278844,-0.536021392039745,0.924323068165959,1.52703623849197,3.06804170621814,4.93121169636634,0.597211974787126,2.25778664782465,0.736331932481409
5,-2.12992688452245,-1.83728893626774,-0.509606705228716,0.518728866068874,3.65153919801166,1.14956307287239,1.86465391547616,1.28736342628561,2.03618538600656,0.728439796068638,-0.469958978690145,0.612368540464674,0.338082349722601,0.0944517595392838,-1.80598511738782,0.81105154257037,1.31001263458621,-1.07016792061663,-0.398359966707427,0.229701513524417,-1.65166718760944,4.46543152832869,3.58161910267203,4.73220782092192,-2.43409752746304,0.393883586417873,-2.01251415176077,0.771258387422082,2.74172157159433,2.78928569313066,-0.0429140603335947,-1.02821637051536,-0.349481253978762,3.45082326082887,-0.0489618242189021,0.520269084269952,2.07658914634685,-2.21248068684998,0.519142731249826,0.250424435096554,-0.0771718204667936,1.60238057471114,0.0053783931996283,0.350067353938539,1.77226625569512
1,-0.0756388292359101,-1.78384269456184,-2.63239575302362,0.997520427586878,2.7244666934797,1.34025119568275,0.770690701864659,-0.640794371956598,2.7571220682605,0.693913137397326,2.58475426531817,1.07493730284059,1.79486599730166,1.299185860631,-2.17412837724087,1.08581949046208,1.42688979465568,-2.14226720909357,-0.803391780197486,2.85050623392819,-0.46817248059001,1.09852568758162,0.984117372443363,1.60847789615306,-1.69077446535263,0.219265270899849,-0.991851280885574,-1.77989887672938,1.47646760647498,1.41344138312139,-3.41023809747672,-2.14831571519801,-1.49241901042557,4.90067677161285,2.10848556338026,-0.0089240342522577,3.02932444029984,-1.3643152017949,1.04098665349531,-0.855644607047388,2.70699335221987,0.676190049633347,3.22154730953635,0.409867924425673,2.67589562270933
9,-2.89956251849524,-3.61483508217815,-0.940141914424601,2.13651367477458,2.73175811130027,4.99109507240584,2.02382495767024,-0.213982271611482,2.12829811097917,3.54909967092996,-0.233431913278035,3.97424534398102,1.05632539905247,2.9821285671075,-1.10495116241616,3.33455644024895,4.43657846957557,-0.124412902185883,-3.0477402910346,0.827867668798807,-2.89050233867882,-0.774671937257046,-1.78398636586498,0.0422417400310695,-1.1324599962315,3.71090786605594,-0.624477256888103,-3.24379744787083,1.36110354981575,2.00758100539341,0.17400742968532,0.269413591470263,-2.30828360766464,5.04585867844468,-0.0759534284034405,3.88208584744285,1.93830846327045,-1.7495748796392,0.0393042659916158,-2.06474852402822,3.10888315896091,4.82662547478931,-0.282379431887766,3.57236842272324,0.248793950580747
5,-1.26084588418044,-1.96994508557846,-2.04797303251421,1.71477999550454,1.13348071239155,2.81302042915222,2.98319479955002,-0.602946402195288,2.445003083751,0.685244578764431,0.466696737853484,0.428869935675095,1.35932730422246,2.24730439939902,-2.19089154210643,1.35721116601779,0.575885326148583,-3.54528089560392,-2.24844281089468,1.7124013233091,-1.72884955861189,3.75294834912383,3.00222651069006,4.67078236878923,-2.72109658637471,0.389039013579419,-1.59067983255975,-1.09461515050928,2.23982974591336,3.11674733290423,-1.84507680757009,-2.5206796824928,-2.47741696939735,4.61526776142063,0.467426627914771,0.512561115520002,2.91440427811379,-2.08544752128263,1.39777022239216,-1.77524320368356,2.73428074239606,2.64055910705027,2.30058441131779,0.751638559802207,2.4483701606164
8,-2.25544227995734,-3.94079454395179,-2.02430138459177,2.8833614399473,1.85629950710193,4.60250385280759,3.68192683273203,1.20046824790367,3.43701843296297,1.97138124541703,0.78331377887167,4.06712848544434,1.57982001093272,2.92828348795012,-1.49528653458666,3.39607904966691,4.36151075029593,-1.2655785518713,-0.86643541989496,1.16295556371811,-3.02318570823187,1.75593848851252,0.860654071159702,2.49261405439615,-2.9207938197045,4.50322703856696,-2.22839232757934,-0.486105757018871,3.16348042662336,3.20410785230163,-2.23318861373765,-1.5323737116359,-3.44803932694166,5.81137079467468,-0.279747306343047,2.00724233318312,2.17159844161228,-2.75042780564338,1.68430788928984,-0.206772344933974,2.48731318927153,4.4881671208266,2.4186845317891,3.18429617342424,0.46790054185924
8,-1.96758823608501,-3.86914276918623,-1.11792461523203,2.41917627395218,1.88772060710729,4.28681927096561,2.88451340307545,0.0896077329827715,0.758934887009322,3.38313275398335,2.31548419768638,3.98795130000661,1.92975126658889,2.09512272454217,-1.84498808822253,3.78998604294216,4.57050773782585,-0.443503238165597,-1.62801862195145,2.30776023570642,-1.91520456249251,0.660760945245268,0.608872985361476,-0.534554035931987,-0.823076235914712,3.85050091398193,-0.588724791832818,-1.49401506965635,0.390978459069615,1.32139196609106,-1.8893778535178,-2.49888201927572,-3.29662571597973,1.29891895794861,0.949761929411279,4.46907866558666,1.27588340267854,-0.83967492552187,1.26710193155441,-0.928452049256582,3.89971172494397,3.66876311913724,0.966604535772787,3.94181652870364,3.01991361076098
1,0.176322512276007,0.43821503810366,-1.70533981521432,-0.0153506341568255,3.07988791515111,0.264437550897659,1.75880640581853,-0.0502697454899551,2.24100988734447,-0.407270958823988,0.571821654145811,-1.22263450135198,2.30408466489432,0.597134986748963,-1.70589784816115,-0.161536376576919,0.24857459228952,-0.928813091251442,-2.81457772260745,3.06214029489709,0.106016570574979,2.80371657374493,3.12108537296853,2.42976158714415,-2.06253543267842,-0.629782079612974,-2.33611411504439,-0.144359836817614,2.04095447129532,2.47049996603019,-1.61030196397635,-2.79817632682473,-0.48848841046281,3.4465732816542,1.85867744795373,-1.06651213661355,2.16899991966947,-1.74340369917157,2.27733608807278,-1.81598204960551,1.5994512134149,-0.347441667735626,0.473500350371094,-0.731742720242502,0.417318746871287
6,-2.01222886299394,-2.77975955684373,-1.53532531772084,1.43106612266014,0.824697659830905,4.31609367961994,1.70052982883065,1.31737724262117,1.51928287035324,2.93560539494741,1.2960772965663,2.91139671220076,0.856295823462689,0.608084149100454,-1.73454322470405,2.50439341248184,2.61467460884793,-1.59497326780613,-1.17928218000498,0.0191133638178902,-2.11742774933873,0.417130965247948,-0.417527527349023,0.673248560512007,-1.23924479090031,2.82995654642696,-2.09338904056654,-2.293427725356,2.05321384265373,2.43199008298578,-1.03831507402669,-0.864536992917146,-1.4740796892715,3.64863147885005,0.86643667765836,3.77128493080588,1.15385015834176,-1.3780924928289,0.730361805347468,-0.543046651444725,2.50313454112545,3.00766282609421,-0.136585035291154,2.73555120938134,-0.0966573440469718
5,0.261016233098025,-2.19026694510421,-2.1623297258349,0.710550665335154,0.808474784781996,1.24008290208903,2.74902776098451,1.20765364670954,2.74428730437421,1.10809432444083,1.41392252306361,1.19702051556495,1.09237444707119,0.894830063618589,-2.67362881679538,2.0635720967372,1.39326541961377,-2.13102136750772,-0.682896952803724,0.0646855681120589,-0.195370832970306,-1.02715283926613,-1.89012689278504,-0.821810369961467,-1.06032089559754,0.43068556694201,-1.44420216984936,-2.57175052864969,1.4156202732318,2.08692242828961,-1.35562143424398,-1.59398075990937,-1.07344978074882,3.87603861152841,0.966188598088994,0.946614838428414,2.07028167423357,-1.87657138266199,1.45528480802812,-0.304526688118596,2.37479972925367,1.57668694571253,0.386368297591403,1.30789737842354,-1.37226664669501
5,-1.18244283640818,-2.61842087505657,-0.996891971202692,1.14891963772352,2.54382271173407,2.60137561962246,1.66693232911074,0.507325177833059,2.30992302610854,2.48355744421064,1.46362682374067,2.28269436060014,0.663454107182756,0.94564123539916,-0.652870299794814,2.30625530877761,3.31184636101475,-1.84037725123328,-1.46924232195952,0.933523858903179,-1.14029143992955,1.99865707211128,1.35701563726959,3.11002538517946,-1.79391449499175,2.14665913238392,-1.22993541638713,-2.5262800980759,2.30068928031007,1.11438222717521,-1.41354179222959,-1.80200275597222,-1.62249708801694,4.72037165799377,1.20963025245968,2.13988531914256,1.65677131273096,-1.78625030422874,1.33707496687712,-0.948300153273872,1.61512192599462,1.71348814222082,1.14606361059958,1.92880076890599,-0.628742204250212
6,-1.90521706711122,-2.06506669577131,-2.53174718854244,1.84577795842246,0.567450228248922,2.00453364330394,3.51642901106976,-0.0842803865497234,1.56087611370798,0.210984731440837,2.21778788849408,0.806144045012141,1.79327497740634,1.67735793335134,-0.977643406510448,1.14836022019899,1.86412441748279,-1.79120190443154,-2.13947046406064,1.5080557460291,-1.86619573787763,2.29319013714588,1.66877806918654,1.89424216432886,-0.656233029623649,0.936882625045699,-0.193838267969784,-1.41160353622035,0.981730271332957,1.70575047278553,-1.86082395164203,-1.4740177508615,-2.09591768371094,2.05358944595397,1.7636064871054,0.447030357022733,1.38686591287122,-1.37562553814169,1.40177737444175,-1.2176213876385,4.33327942309239,2.25672650154252,2.46735511441237,0.784102255454823,0.705925627541381
5,-2.18321110060929,-1.82329367254138,-0.950854353451139,0.989575101137375,2.33149378029796,3.1662887852248,1.97300164330267,-1.15283661886784,-0.278096453699225,0.701448803650589,-1.01575470993788,2.52235606449773,0.83535411130127,1.25922076097432,-1.64920515235158,1.44493358780485,3.29604538998571,-1.46892661560288,-2.01764178460483,0.422642419216975,-2.16035330232079,1.93993847532041,1.99064299138378,2.23483563977393,-0.5432111232007,2.2795741942488,0.70641597699236,-1.61082835709786,-0.705246324390527,0.124594703091666,-0.273617605116451,-1.49303152951238,-1.51499402227954,0.31936817314193,0.8329483390327,0.574403587652721,-0.078782221904973,-0.520451669789218,0.216565930922602,-1.57426912370329,0.737935174570566,2.02498720334385,0.0725536291261488,1.64066115883307,2.90503317975496
6,-1.56863037946837,-3.27373741201783,-0.507509154868294,1.26511450979999,4.09774208390616,2.3001179126774,0.917900333462686,0.750018735100537,3.75541696853209,1.49548228443019,0.909417128056938,1.37557505059079,1.91566839404036,0.802929241401925,-1.19215874496041,1.68023835961715,1.72790869762659,-2.14084718682692,-2.4289970972271,3.37903539253901,-1.92062040584325,3.29885391310676,2.15555993927882,3.70119413538721,-1.87140821071481,0.402161573739865,0.923131170568535,-0.38733216712957,1.4529485097759,2.51014695499665,-0.575232885540981,0.092748923421911,-1.67317249309524,5.83938890382103,2.31996147094359,2.41334243731566,3.78618161361052,-1.76064496184457,1.66776415289623,-1.15829894780072,2.87206991846946,2.46147756542355,0.112976672200764,2.13349091266799,0.494812442928174
6,-3.21647556633888,-2.33201294473926,-1.1614048673937,1.72762946232605,-0.130581345425464,2.52155949180986,3.82284001730068,0.226746693552647,2.32241111037594,0.717096060800832,0.483813875662023,0.778883969543073,1.06454326684637,3.25250550412729,-1.29420676415489,1.57845464848018,0.740062216680367,-1.51834290937351,-0.680277603374656,1.71365023688074,-2.88768452759107,2.94946438608818,2.45352179470141,3.43041766691249,-0.988555613791138,-0.422576379572309,-0.128725971751937,-1.68031377490317,0.868277941338432,1.93810777618154,0.115581660962535,-0.779469579409821,-2.09296895518408,3.3215138656025,0.109170964410106,0.345539834533569,1.33796056153806,-1.65326359701132,0.544241306462246,-0.423914421788151,4.30851147667579,2.97667475640779,-0.227931415272826,1.11510984061435,0.693820106817459
2,-0.288259179072963,-0.829755876091464,-1.96344400097314,1.04419390290558,0.249974625727111,1.1418442238217,4.35382877168681,-1.1467716493646,1.39294878114707,-0.583673766536966,1.37731309147898,0.727887150119685,1.76126518031563,2.32606443635525,-1.07854307684695,0.180007540676114,-0.0286394640245065,-2.88112685502633,-2.13293363685289,1.53865905967971,-0.0637039840305695,1.90201126838208,1.70818814402624,1.9905521247017,-0.74353406165307,-0.385298898814722,-0.693317053992896,-1.47238254401991,0.723702607821226,1.74269324511192,-2.43294942554839,-2.59517729615434,-2.32985465050407,3.16711002799037,0.800407893402194,-0.398280172315988,2.22248570318172,-1.18117031020971,1.17434720691159,-2.04297666723772,1.64488753480518,0.519623219718426,2.24123769581316,0.176972033707854,0.365415133761296
0,0.412924409636696,0.718708603309893,-2.67338664085269,0.185227602636597,0.370885159855296,-0.390995695893556,2.31834680986216,-0.563195465644989,1.19211683250222,-1.59894242176009,3.67247327146518,-1.71547439854038,1.50432590659396,3.19422179637466,-2.24770385760093,-0.868110642127645,-1.92717618620029,-2.58112070983995,-1.85818711835729,1.94312747655104,-0.0474817721051559,1.47016905309475,2.29156206499585,0.95828432683515,0.40210663082508,-2.197310619827,-0.354354780783697,-0.706266614692972,0.47218463139582,-0.215786166838462,-3.61025110753852,-2.82717834289096,-2.39463830011986,0.600244105091909,0.575396963092072,-2.16579269341971,1.95181229727679,-0.238698916651981,1.00500715577322,-1.43887086966233,3.31518071461495,-1.20189980876515,4.53467250501458,-1.29030764725945,0.640950049468081
1,-0.994365568877307,-1.66397151690132,-2.10449215376929,1.20661642621093,2.80370818387261,1.85886696661226,0.300336970377477,0.472127142405501,0.388038371435882,0.117659694716272,1.97651260717712,0.591281051626009,2.50259262221439,0.596098067178995,-2.3485426899363,0.785126912018631,1.7997813571121,0.448799397067575,-1.97446185726233,3.61436761114275,-1.27615470468166,-2.91028747092921,-1.94390088942649,-2.92332169869723,-0.353700184291081,1.13664188347644,-0.113300776934213,-3.70143290907846,-0.42090941207889,-0.406451229750621,-2.12301415166221,-0.720793185624449,-1.55272820298241,1.23649817687047,2.43075925738969,0.61479803122491,0.297971578654016,-0.491156731654451,2.46557254897319,-1.00130051345384,0.581210109607149,0.632248490398156,2.61940214911922,0.505887385270982,1.16077642930344
4,-1.47443004677145,-2.26789435735223,-0.534952206554649,0.73620393832514,-0.31031667463012,1.97877435124467,1.74801430351596,0.525083910025891,2.64009628353553,2.29931874659187,0.415635529226983,1.84911930254303,1.15538780987299,0.33940259610492,-0.697113775587198,2.53464062762983,2.67088450162467,-0.86711232950111,-1.28895143844685,1.24945952403909,-1.79339618453895,-1.41673962025479,-2.01446287737533,-1.30660267163967,-1.13137246275207,2.01730653484414,-0.351085955002416,-1.4161488931163,1.76494503925391,2.70842797989213,-0.314755378182877,-1.44787353362718,-0.700346061036991,4.09127776502341,0.596102110557285,2.86912919563297,2.67039475003618,-1.75051240986465,0.739555291832396,-0.576637720056594,0.7922742250082,1.36742416414578,-0.0730726738848355,1.34706705867215,1.16418804030596
1,-0.502885219221681,-0.124636016391002,-2.70546478035703,0.667222119760061,0.527396765854323,0.784762005667336,2.89622755157872,0.365056102616896,1.20290560173035,0.623073435332834,2.89207911182366,-0.348525116033193,2.09085285828684,1.31085069943517,-2.41779025482602,0.907219063501057,1.34677619894533,-1.90939826277559,-2.12231462036293,2.224149495278,-0.280093376092366,1.61609263295607,1.68988757502078,1.43451760790137,-0.222009667079137,0.179939345717964,-0.835998795614583,0.259596787651291,0.36526290817004,0.813718500744229,-2.91306386777604,-3.13217993887284,-1.77567361739193,2.53135910422379,1.91194036661791,-0.0016404512458309,0.917419657911471,-0.258720027572283,1.60245960350516,-1.49445782657301,2.87710721053879,-0.577082432715782,2.36129153530261,0.0727810202458361,0.290729211337243
8,-3.27883779687515,-3.51386724438409,-1.41729225296145,2.63366906403186,1.16390207510174,5.68912073263919,3.3236610345183,-1.06331927835848,0.981421406684294,2.74310843822994,-0.303191009471692,3.80582286505642,0.811111078549142,2.62760884986518,-1.3537061030462,2.92742992710111,4.33309337560532,-0.295138238891427,-1.86840678653012,1.34766682631641,-3.42673232515571,1.81604572670575,0.697661903611825,1.07585387911837,-0.449354669907286,3.78398396146839,1.43974258903878,-1.83582443831378,-0.528928772106169,-0.445068163808745,-0.756232851230006,-0.432275203654772,-3.07691263583004,0.485222902060152,-0.610721576569343,3.72656626482512,0.970829014533572,-0.417252832024198,0.873652192525784,-1.51751757799973,1.71735275493523,4.19967855310067,1.12590857218284,3.63572001836989,1.16946421056306
6,-1.57062652037311,-1.71456244667785,-2.17650867420662,1.62914901886152,0.821286367631287,2.10088647331274,2.29148314336837,-1.06952277317369,1.81987033212036,-0.198059100152856,1.77883049856557,0.0358437257169719,1.6643168591635,2.79913505048795,-1.61277404302893,1.1616905080367,-0.174259997769622,-1.99688108753994,-3.00386165555425,0.706257570237649,-2.03063935189969,1.76536275403184,1.49451046707687,0.94880340092047,-1.45167337521068,-0.33094782420312,-0.259483561212267,-2.3077385801407,0.587517794844304,1.60580780910065,-2.03743554110924,-2.14264707276114,-1.99664963416712,1.58787889978345,0.673346706815645,-0.0971432041979401,2.1565999359682,-1.31591224402837,2.11667245999028,-1.79696499627757,2.7452437175616,2.14313360462765,1.67937171277482,0.571023076949318,0.810882027999093
5,-2.62010659360113,-2.38128336221142,-2.08940185146151,1.18079927644381,0.292700140696297,2.39997239727056,0.445972019943985,-2.60419974364082,2.27530302328025,1.79322134673091,2.79933239035886,1.71225887503654,1.24890398735124,0.115042249959399,-3.34305736077628,2.40123218936085,2.22277001425969,-0.910006573241376,-4.12098821143089,2.0917815939831,-2.15678609340229,3.92395283967096,3.61541436736463,3.56853565148709,-2.05344294036763,1.89523501136695,-1.23805339221794,-0.116462175072496,1.49979152481405,1.02319765958082,-1.747352109448,-2.25559125092039,-1.12494616097111,2.4866483004267,1.0782360224847,1.76784575843149,1.95555518637717,-2.06338695639351,1.61673264780593,-3.26544519082304,1.6157743408358,2.11992348152747,1.80106202458304,1.42249694333848,0.300757681866704
9,-2.11250407284236,-2.47878765954444,-1.93475264461775,2.57998200032652,4.14527734147732,1.51338112035726,2.45792511847412,-0.376103990651763,1.56369410671608,0.960269764738904,1.37534206011791,0.548231756563974,1.50144899066535,2.41327548862434,-0.94926247901693,1.60057215780563,1.97015520684252,-1.74863710580889,-2.25908882125047,1.99397417900742,-2.45361559956929,0.792214956064982,0.306426783614001,0.94719958501796,-2.02374638018966,0.606417432283023,-0.955920784869517,-3.69257814197206,1.74757868821069,2.52819762179685,-1.35669894619993,-1.5795851085628,-3.05747424531384,4.11599631427763,1.20082112244919,1.93701741491649,1.54092350278428,-1.30523211911008,1.22625293460232,-1.60527088951861,3.67927419665486,3.89736470045133,1.46963940076466,1.54361934542269,4.3591972114611
0,-0.0283361088319677,-0.803849301350835,-0.0444094508819947,0.368879751185891,1.99611264312706,1.1562663782626,2.59130969813599,-0.714009024744706,2.91167631051917,1.31001379892299,0.763307672945301,-0.250264426940215,2.04125228430265,-0.598683557978196,-1.43611315525519,1.07342001004765,1.12559783360561,-2.20947703722852,-2.74375297943934,1.88561152485607,-0.291272202990783,0.895846742292565,1.20085633837136,0.559135522178064,-1.87708547383603,0.841967899545889,-0.562761493088867,-0.385855375607879,1.97031639726058,2.56443386846826,-1.09754475900958,-1.15854224990904,-0.562078293683771,3.58258208549723,2.29443067762898,0.538093023370881,2.59952510140472,-1.45168906983723,1.15365913257561,-1.80596064898242,0.852903601431797,0.25436582822152,1.32919302312712,0.309187277688524,2.07850898377677
2,-1.95381703836026,-1.14932012230595,-2.30083673220362,1.24130944325419,0.693365891150702,-0.497758946338836,3.60718320544048,0.100811778267994,1.12216796608983,-0.426198459766813,1.69648257754773,-0.661967113534544,1.64949379193912,4.12137739425584,-2.55588515526505,0.92427542363157,0.93941976165469,-0.562369776220148,-0.769239644499109,2.07579047993656,-1.74563081678979,0.9531814437856,1.29437638555253,1.89852247873333,-0.781730542361831,-0.20226666191502,-0.262742459779932,-1.1673846246259,-0.0121975127584673,-0.0693481800848386,-2.38347503598901,-3.07933573134178,-2.56495715205013,2.89477451410389,0.103248511916274,-1.38382631912826,0.433796557350452,-0.33006103039977,1.07189769091679,-0.515448221471853,2.84050542383169,1.49131253440464,3.70691509034935,0.229454392850976,1.67986545484295
9,-2.48099467737141,-4.77374901401649,-1.79366608143063,2.1224500920968,-0.0421129383449967,4.82948107322896,2.28888144287988,-0.249744837402474,1.66417546646017,4.38330148475205,-0.318639354872685,3.08168318918884,-0.426034517218435,2.80359818953321,-0.488156860771541,4.01306799567926,2.49304772780788,-1.58068608112561,-1.68633821500451,-0.688609245945672,-1.98946692107553,-1.0209342098059,-2.30601833718559,-0.365634378602423,-0.953035996527899,1.79835312483123,0.246893654502784,-3.52517687457574,0.319372761082296,0.747202751754977,-0.283025034768323,0.444981979543246,-2.47415168120648,3.44839021868451,-1.84784188706757,5.3004664282092,1.80914233301792,-0.970325783891662,0.0574482714160948,-1.77671909194275,2.1592114834875,4.78212267738127,-0.197553135054444,3.79283827404463,2.06727365829867
6,-2.69026550708344,-2.82017268778303,-2.57792781021441,2.45260795659516,1.04528879286206,3.06208458874249,0.904503533086211,-0.256725081125672,1.87839001434866,1.37244479026975,2.24131634200894,2.24892754025229,0.885672939646963,1.3596908524331,-1.98206939839081,1.97352014594351,2.15442196645261,-2.57025589669108,-3.27283575715992,0.437032943667406,-2.72463915070987,0.276769224928655,-0.074873608480896,-0.500485081670747,-2.32663225437231,1.42276926418804,-0.715040832585627,-1.86113385007509,1.78595673226234,1.88497939150171,-3.07784075512627,-1.50570774761119,-2.44971102044856,3.43060099802695,0.714312072068205,2.01939940124099,1.47008031178564,-1.83405575980576,0.854191204678902,-2.04306625057482,1.46985178198026,2.84114553338298,2.55449893414261,1.62323728060135,2.36236514001543
9,-4.04213749645973,-3.99094738663413,0.239692694378468,1.96391510241779,3.16684161514738,4.87966118472943,3.79479680463383,0.345740925056243,2.4029035048803,3.27755364833329,-0.998359225789576,3.77791586973473,-0.152368705010379,2.15525822504325,-0.0528991372194391,3.03360436193034,3.53912130409499,0.580786521415483,0.033861562024496,-0.59328310055264,-3.85825889131496,2.89831055376992,1.5176486012782,4.22599608900971,-0.976914967055343,2.78756772208629,1.1999547706855,-1.32794622932363,0.345220546911087,0.707227387505398,0.886398516178664,-0.336372994550878,-1.5576180467205,5.59254511568532,-1.15831419415718,3.16947948730526,3.06082378045986,-0.804841937940413,-1.04465202647552,-0.422845945888633,2.61915431183512,4.95904151010242,0.652570655050589,3.39761562959153,-0.303566042507103
2,-1.59050103513145,-1.64445646363325,-2.96832109950868,1.51838493226199,1.79891006507875,1.3877848922162,0.887691836805732,0.909142934824529,1.99686582797217,-0.26179077374619,1.72888033997004,-0.549156094596057,2.51840660480691,2.38549467244437,-2.7201264023491,1.04521812289873,1.27924403876298,-2.10999425963184,-2.85657041049159,3.56612097543414,-1.40692556264535,-0.200513907555414,-0.263996426571817,0.790671303214828,-1.12263915833393,-0.21881402608893,-1.40752223518093,-3.26177165674151,1.9972988543387,1.42764812969808,-2.53824017895922,-2.96536919844517,-2.36302848043903,3.83425922331192,1.83994906400743,-0.506553370030087,2.13545834683475,-1.46932685603528,2.13976083956066,-1.56586446099171,3.05068601098072,1.4147847886238,2.41499002248909,0.58681971778016,2.42730853570277
7,-3.08346110054151,-2.64349967311468,-2.46205840183366,2.74142335340509,1.3957675655415,2.14221481987064,1.45134746127513,1.80227209565671,1.27251610101486,0.796958489024841,2.04062362005206,1.19978601546107,2.33872816049765,2.3754226963851,-2.97353991568935,1.73800506088839,2.33146142459609,-2.70003495401616,-0.283717228382574,2.63476942768974,-3.64265100829483,0.997391949278158,1.03545582577038,0.774514235122989,-0.953061474770762,1.85035073299245,0.43998368632245,-0.847277514178917,-0.463145550268866,0.769802438883119,-2.94681094079406,-2.88530545555,-3.0386046105704,0.520186449609525,1.35034094207126,0.985130271146352,1.56870300228552,-0.642923158166562,1.33611731955758,0.441671197044233,3.0554076952947,3.23250528077533,2.97784240934889,1.36531487478169,1.97306255648992
7,-1.01359436476669,-1.84401348251062,-1.64852619530269,0.949651626443502,2.04316481784305,1.83765300777775,2.61374846930136,-1.83666143021745,1.61242162651042,-0.0866774851339819,1.08505915453161,0.787499537588804,0.955315780981649,1.81943915069776,-0.391997293232752,0.204590364154705,1.39101758074957,-1.01853962054415,-3.96578157740061,0.742991793234263,-1.07963878224359,3.1289605650275,2.02142804246744,3.12600967152258,-1.35446485728454,0.433362600435083,-0.699264058156296,-1.70505499807039,0.976310260140727,1.57969355292792,-0.474037195902654,-2.73932574622634,-1.15217317133159,4.27187499828799,0.001843603642315,-0.819405310949906,0.545550129554201,-1.37647434209462,0.426005172477332,-2.90814636869963,2.46888381193737,2.62486073441401,0.077958905855094,0.522653341217047,2.94493412062322
3,0.141052414382771,-0.616327282377474,-0.683482593085579,0.559926232376789,0.634028257480073,1.33002107738732,1.72109858900244,-1.77922429236758,1.66044149144317,1.22832465726332,-0.595285243715513,0.802297950109872,0.302692371406749,0.151118267026034,-0.951911850311392,1.88217609182818,1.73447261064941,-1.25318957359121,-3.09447315855222,0.748111116889187,-0.49392264518259,1.67034554913557,0.716320519977692,2.22463619986571,-0.703462793479885,0.537127625408179,0.179325831662601,-0.399273012380252,0.976015504200805,1.42917972618867,-0.445724111628435,-0.648536268288057,-1.01959069477532,2.05201361256204,-0.0043745592117028,1.9633105818003,1.31272327572477,-0.893699305245589,0.550859631849421,-2.36779316750494,1.80530895318938,0.736565404502415,0.21325084595982,1.00478407608644,1.07450130637214
4,-2.72236165180147,-2.16590366395926,-2.41069183346649,1.70086649776064,0.790364671395981,1.02795138681185,2.67582873365723,0.798489854929214,1.57132042463847,0.555593966629323,1.5808647836492,0.441436580998607,0.760087714272367,2.75169688104014,-1.57556548528099,1.2126068714675,0.788905740151458,-1.42442403619756,-0.611696170359664,0.532160568867753,-2.67810632077326,1.11218358569563,0.639189162807273,1.56629887295206,-2.14167062038187,-0.192676110400973,-2.06305472446387,-0.983356670563366,2.55621467617398,2.15610964250468,-1.1695994247769,-1.19287784016837,-2.59206550066302,2.85922996283571,-0.270675539259774,0.768538425143369,1.49393165844899,-2.52550451472379,0.568673143702847,-0.185943841051909,3.42824446075712,2.31389560711867,-0.165052519224911,0.69551802018184,-0.343301232005385
6,-3.19929636692929,-1.02114693996096,0.159056174007788,0.64236461087221,2.98246215388865,2.1428644606685,0.800901720185399,0.685759307247612,1.61054673052007,0.796201490497574,-2.53440801741662,0.653685290770003,-0.377071117163208,0.98555497927506,1.57934610097917,0.617249862440536,0.333621532455395,-0.331013758823799,-0.995249722102083,-1.62361261541229,-2.70736023122884,3.6241997010472,2.43696549762734,4.47400781564506,-1.47613868941143,0.132929447002668,-0.865666670030456,-0.987370811004391,0.480865680416649,1.19219855909944,1.67169401786202,0.795521283884344,-0.649558060839849,3.70858546412318,-0.639888036004184,0.489434296727534,1.10559497316526,-1.18459339935286,-0.368534951684645,-0.847538998543418,0.707745079744546,3.19989520236011,-0.600081882920939,0.471509449700033,3.05139051361438
3,0.492177592766855,-1.55688438273956,-2.26469586294636,1.68545784614302,1.95027394434067,1.36589841847647,1.74813634059668,-0.577426449365219,1.55552302416818,0.353983775134524,3.08763878633909,1.05909883249545,3.20447188836443,0.614335940257971,-2.4352769129203,0.746799459326618,1.9596132695688,-2.40748751524218,-3.00814344895816,6.32112788734831,-0.143178905773393,-0.103831078877155,0.149125291587761,0.0541674457604409,0.0978648538605684,1.31248455530714,-1.52656064246374,-1.34325125608307,0.906462632103522,0.394985188673221,-2.99263060027439,-2.42697978471267,-1.94729328584303,2.71589203140989,3.19347965634236,0.278924967050716,0.942276536229207,-0.597515402211216,3.00711746551292,-2.20414965761761,0.283097292937718,1.25511391423897,1.60657803272009,0.516813563190124,-1.36306325555369
6,-2.19289076995968,-2.05743465857236,-1.96608300548814,1.5757461990258,1.0124836833801,2.12179686162857,2.44899565011634,-1.05396179167783,0.307741232463462,1.68024927621161,-0.225801795966135,1.61945552196347,1.09117477018034,2.54723775553758,-1.85174647011358,1.84237467327792,1.33347326360744,-0.191471766899248,-2.2640040881419,2.41805776007836,-2.22773830545764,2.54818640235399,2.26174489329778,2.44290069282773,-1.23414568910107,0.63227274440687,-0.158572344566913,-0.464396405248133,0.495397671240475,0.450874541432505,-1.44507897326535,-2.56384010585842,-2.14169193029682,0.132343813053702,-0.0473706155758485,1.14875408429671,0.566799749633061,-0.822266477331261,1.1824536134146,-1.54599994047197,3.88350310976597,2.57403411778258,0.768630004491686,1.66335693448473,-0.508074676008295
1,-0.728679442480653,-1.05975818395326,-3.18372172039186,1.08311157194838,2.96883793207372,1.4023207066964,2.24490890867838,2.66711292075858,2.06841260062145,1.03681654209977,3.49402979217847,1.36351219271954,2.04704022941357,1.77829381734562,-2.93969538474205,1.04468554854048,1.33743715540026,-1.2503499030728,1.28630423223119,3.09994358310418,-0.769333821961032,-2.09872730692863,-2.27189119096049,-1.46034856001401,-1.49230579012516,0.909849328931961,-1.42193423203928,-2.52990188801522,1.27040435154809,1.80995120814514,-2.94972638793553,-3.02192476928984,-2.33517530822781,2.83893124737412,1.60133942925033,0.61936142605026,2.85167778912331,-1.23028442791044,1.9336873783669,1.20688670292849,2.79966756169026,-0.0672682051228919,2.108977123607,0.733513999636985,2.55633216916725
1,0.445491785449976,-0.405338671968946,-2.90352398573613,0.883768781002748,1.60397231669117,1.08975200642031,0.0037873103231818,-0.300891790234253,1.08075932843475,1.54817469772852,2.54099819197957,0.62498331457644,1.74879915294408,-0.15002891476091,-1.4607878086299,0.65708175215891,0.664972403534582,-1.26853988053221,-2.00907790880836,2.43305240657166,-0.0758502647659997,2.12942434423771,2.60249099570103,1.23566195466116,0.224341086369614,-0.0573117065756626,-0.433849470864911,-1.45113886780004,-0.186451957085265,0.27823812137049,-3.06427922081819,-2.95235442450121,-1.502759595094,0.874033248296227,2.17846331044362,1.77151429803514,0.503895642272617,0.102302449348688,1.8244160319221,-1.16582102548691,1.05148481593697,0.0207917508148592,3.51643832372925,0.466377434440388,0.913537130939523
9,-2.75551118256043,-2.81865322715718,-0.38238036729546,1.29956031522242,0.7591253994643,4.17260295523883,2.39832197831586,0.887468973657493,-0.020614757783437,2.03442751129819,-1.69066069266039,2.94904293811996,0.811797762264559,2.01732574099761,0.478110306579149,1.97443225302056,2.72903396587374,-1.84886733132607,-0.681577705405306,-0.794277521957245,-2.55423380228435,-0.734705501285334,-1.67516963919623,-0.0686543552237725,-0.0167319703913068,2.201818436284,-0.0209789279087994,-3.80177378075635,0.850974327256947,-0.667623655235114,1.24150322727124,-0.332716508312416,-1.78788621153091,2.99453957784258,-0.23485898141881,2.22166256617456,-0.572528723895769,-0.533271556932154,-0.199599661949374,-0.379418454921636,3.98434409365551,4.35255917951992,0.453642865185768,2.74973230496001,1.6134905345493
5,-1.21292800937847,-3.17714345096931,-3.05591659198797,1.50217605110952,3.18224291852895,3.37056521133073,1.74438586412759,-0.355108175127131,2.29420450606342,2.48256596207658,2.90696130256788,2.58208600409105,1.8139266984867,1.32544150449454,-2.97929069608121,2.54910627173483,2.16019364736746,-1.89869372557904,-2.67581241912886,2.37926642774816,-1.01734206285384,4.98064255978389,5.11022671633065,4.30829528421657,-1.65323569220756,1.38426417684978,-0.397656972735424,0.115938882828002,0.901135929319552,1.34197202169744,-2.59761637612106,-2.48977797123466,-2.09417145637559,4.08363266096808,1.77578940597031,2.55832201348725,2.06229635120039,-1.40709157060705,1.57949775266357,-1.76784297901732,3.31178131514159,2.11264831996202,1.89700593808801,2.34476660367631,0.648105008458371
7,-3.11750194157285,-2.60018689266053,-2.60377997792992,1.58547245360155,3.27416582198697,1.0831707486699,2.05826225543837,-0.974827554094251,2.10077450548599,0.7530269153008,0.195039182808315,1.32414336717206,1.48625342563278,1.42043863582157,-1.13469554634816,1.17888165187674,1.80136851372879,-1.46659165869292,-1.3320439546822,1.87020396605233,-3.3841715608719,2.50473608787368,1.46804507395338,2.89025546893537,-1.90532515691494,1.078015783617,-1.24571558855445,-3.21813012580021,1.98339887135304,2.07232024484932,-1.04828804236483,-0.566698241377339,-1.94459616184967,3.55863719084447,0.859204387540657,1.26169120120136,1.79701825479493,-2.0756400451512,1.49390018295976,-1.16679686342385,2.14122751404329,3.56159833797475,-0.457948286616364,1.1349157388297,1.82993071765936
1,-0.915382528806858,-0.914318156546153,-1.83043650904012,1.13684757663921,2.14709291883868,-0.32731118291437,3.61592956191623,1.12388676361452,4.022047537601,-1.29327261176499,3.22589879383241,-1.77667990557618,1.66712855389802,2.27192626945615,-2.06443185095847,-0.277189163500754,-1.3737932967559,-2.59174855923789,1.18627149793462,2.70447183194986,-0.711368951892926,1.55168878309405,0.961846453530943,1.09127053066543,-3.32190082923421,-2.34323215972659,-2.58495453067269,-0.965966338135741,3.25665399541414,3.89855888679394,-2.75199427341991,-2.40367773665506,-2.1772935134092,4.56282430312062,0.866524386556469,-1.47699593574132,3.23565243827792,-3.33789696838103,1.3072603140685,0.987414151568878,2.0559358383293,0.197873857001158,1.72312078523316,-1.08783250467212,2.22096743813402
3,-1.20085242078285,-2.20232716367362,-2.707889413457,1.46029116328646,0.889986732252951,2.01788724634636,2.63747547958283,-1.57640553794033,0.735638013386003,1.5048910210816,1.82524101234675,1.54830925426172,1.55339245907938,1.208654428982,-2.20502218233703,1.84990861469513,2.2482780427151,-2.31206074760574,-5.54569714341046,2.15561332992486,-0.677100536156687,1.50743158679036,1.42357509835918,1.37578807423871,-0.739239021169471,1.60129926463171,1.31262603535132,-1.80582919828625,-0.15888263751715,1.46434754427841,-2.14107910300967,-1.82263513456353,-1.40634177288633,3.38019812296415,0.872849649836026,1.79291765993996,0.749701947605329,-0.726785243534082,1.53525642737065,-4.06042625224885,4.23744525848625,1.77863992321573,2.32204655091085,1.57156707335446,0.256615295496187
4,-0.491373472455466,-1.81208447653483,0.785072848220899,0.304840639524,1.90969451021486,0.738076592885796,0.251167669328509,-1.03436480082172,2.29340647188877,0.668621154276173,-2.11291944543696,1.55196351612661,-0.922340530954206,-0.544418238095499,0.284544609268474,1.42214545511688,0.710601024797698,1.29224588249587,-1.28380789719305,-2.1329805111989,-0.991575414930921,1.35706740516381,0.0089948732491032,2.05649925192307,-1.68425846505846,0.37554850225054,-0.914486938885371,-2.43239610135174,1.31154718641748,1.28464997328759,2.25026469898087,1.4744807391273,-0.790189512655802,4.73850169513832,-1.21015632202402,1.19349552766131,2.13586303747331,-1.54686828404819,-1.17121109481492,-1.2765649177097,1.35469614999159,1.87849079549855,-2.31121119923178,0.874341875328991,0.361017898306218
0,0.652662107139772,1.44905027703186,-0.956553421567582,-0.355362450496361,-0.61343355973276,-0.464613087259634,0.315257231473528,-2.16337920739053,1.38339894027227,-1.86668768051056,1.69859685746491,-2.36645300795223,1.1796566389548,2.41859019160966,-0.458824935014766,-0.398631916242083,-1.56204911838526,-1.37358021413091,-2.73727678181202,1.0477299232531,0.411936787998871,-0.120597278470423,0.111988594460202,-0.397733673588799,-0.527621532804402,-2.18666770527802,-1.71788894740917,-1.43062340156843,0.87457385115541,1.44955633894727,-0.663823459197242,-0.767721549093454,-0.668868013250954,2.04305254307329,-0.679622076053592,-2.81770352152308,1.47443900477901,-0.702069559263287,0.080700432175455,-2.48832375672806,2.90039488602811,-0.65901075928875,-0.592638164585381,-1.60279715628533,2.24192499152822
1,-0.525818176548925,0.562775671828944,-2.52019937949056,0.875890235194638,-1.23355750354792,0.19813565853103,0.861220183204178,0.0896564306646548,-0.0624204388811411,-1.23214412016423,1.40162593389935,-1.31994815573741,1.01252109475245,0.963204070501742,-0.907098554258737,-0.643863450504995,-1.58947851958222,-2.17645947932131,-2.36548762610807,1.46295942951583,-0.340759642497135,-0.0338905336983121,0.0762236817203908,-0.213407212180381,-0.410956243659295,-1.62461119970468,0.0064538776037739,-1.7857455045954,-0.439226332332934,-0.226671635032004,-2.08596080815558,-2.6306276480161,-1.32753949170603,-2.42804041876545,0.795708415187386,-2.09356388863404,0.132550179732041,-0.139005830216288,1.55252018099744,-1.39264933087727,2.28608359170135,0.465077209617938,1.59929731659236,-1.51055946034534,4.47568125192069
3,-0.48575728542476,-1.81346718521283,-3.18872692060726,1.28329393378855,1.40142277633471,1.37106508064287,0.796644157051643,0.669722030485829,3.68931691570671,0.364217763934066,1.30420736682606,0.577972947230369,2.02584401238266,0.828311668744505,-1.45361305358188,0.922828059886635,1.96320150560963,-1.13751202152426,-1.09500485286787,1.88051982210028,-0.637794098767621,-0.0541275180710334,-0.476394267042119,0.539962108155583,-2.31031882562711,1.35770406601436,-1.97942794325879,-1.89480385863812,2.15124056643501,2.622462394638,-1.77470828111086,-1.5678486449734,-1.39825188722394,5.54663369695022,1.87391320227552,0.720001671200498,3.22320545009329,-1.91225668410609,2.03849811913082,-0.72126648303049,0.968448190928464,1.28340856215313,0.668140378268751,0.471991016910177,0.728391978340964
1,-0.656521492388118,-1.68986396450873,-2.19644015154355,0.488492945809118,2.51216115420282,2.47054448277405,0.869956614985599,-1.29737743681339,1.82520508870307,1.76299282699313,1.29660470830434,1.27253289193135,1.56286566667482,0.263484692730957,-2.79641876803505,1.39522939496764,1.66328710729379,-2.51763533392111,-2.17137294526979,1.47674016727241,-0.826955447088919,1.74549852839651,1.84459290555959,1.9419891271611,-1.19808375713783,1.3841184182543,-0.473408226565535,-0.519136143811084,0.392310561382963,0.518705105720394,-1.92761756447627,-1.10957003509745,-1.1673055916458,1.63904712199073,2.05453506958577,2.61984536354849,1.01123155577527,-0.90399911509754,1.2839870705064,-1.29483861345211,3.33329528856169,-0.252275372816473,0.969187960199167,1.40739194693288,1.35524025261633
6,-1.52963029257962,-3.06926352029365,-1.40298505895855,2.08866639491339,-0.2971564756694,3.64957400959869,1.39871540263171,1.55487058888453,3.17863162746507,2.43115788302016,0.880985159561714,2.84061122064325,1.3178542445483,0.838139686196029,-1.43274810424993,2.65206164718645,3.32418458866128,-2.54836080859647,-0.795038705017468,2.02403358411898,-1.37661813730033,1.87192668410657,0.954824365572517,1.8558439750546,-1.0214128046752,2.67035787414404,-1.36738993993924,-0.982097973305503,0.871146169594073,2.17091886994215,-1.60104320997832,-2.4748502982715,-1.77221866390471,5.73313399757879,1.16606048892626,2.8263636153226,2.50979631681361,-1.0165802239904,1.26334101026749,-0.251339761128778,1.44013273300512,2.67315888651563,1.58935278023623,2.4222944436352,1.42819425411421
7,-2.39388686375316,-1.53282847152763,-0.916659834267839,1.17232640298963,0.608307974903386,2.84844316186942,1.75096154913705,1.24197486047559,2.08282511898398,0.604876998961397,0.502832615263059,1.4379142921868,-0.10525108715389,2.11191046451956,-1.97439896607246,1.87196570224542,1.69122309602816,-0.203657659273649,-0.487890905287673,-0.871822715535688,-2.29672452524739,2.43712647829766,1.13518405440795,2.54155345537561,-1.68502662456846,0.683128666925873,-0.353194577381714,-1.92815214312626,0.882043998773223,1.73025408551463,-0.226802980606808,-0.869322178188077,-1.65230978250932,3.36925806866947,-0.727128459029619,1.29735434907311,1.86058865427112,-1.31921804733858,-0.205913079457299,0.620336060939928,3.16857104797257,2.52373852477077,1.10393762474623,1.45387669327838,-1.14336406569877
7,-1.49361429598762,-1.4000251018698,-0.955786463909771,1.29403726397774,0.855368553525933,2.40919131335539,1.54175218423326,1.05700823155012,0.42967434910342,0.961926276349513,0.139049039961243,1.91741088548766,1.03103345030221,1.49179655235786,-1.2120135469796,1.02606151640527,2.90582810916661,-1.65692544770483,-1.71570460551572,0.5931537375567,-1.79323521167778,1.85060127262773,1.1796433435451,1.45840240859081,0.109491435893717,2.09319792402695,-1.07290601194544,-1.72375973199586,0.132131073242879,0.167052037352009,-0.0205176019790714,-0.287156020306674,-1.30086993506291,1.24651278844184,0.260506689719161,0.86281604468867,0.255124924790939,0.213473583858205,0.81204120030858,-1.12396319971954,2.00121108301141,2.89083359799034,1.42108523829757,0.81958650620584,0.113942560521812
4,-2.39214940757773,-2.48941432357504,-1.69590861982481,1.22594666744386,1.79525679703479,2.92646370493758,1.1101372338222,0.0293800679014817,2.52596721153241,2.17659759233373,2.09899577657762,1.46608490076904,0.696312072162952,-0.398764740970244,-0.684279161886777,2.43009320571735,2.09331850571058,-2.36468223182343,-0.641187634663903,-0.0876291159788691,-2.32384939563612,1.16222630997852,0.236559595589996,1.65544681181494,-1.91633047951961,1.62707484933549,-2.15541601185619,-1.26123066833837,1.9830277321451,1.91222407121284,-0.083787081705051,-0.197362320256935,-1.25405062278185,5.38826199504776,0.725922923251075,2.4121729142948,2.14652864491173,-1.81804148814748,0.458186634327467,-0.945805742564122,1.26834639662247,2.46940130152947,1.12841981835776,1.51208681792562,4.08446702230123
5,-1.5099714933704,-1.99891502859846,-3.41678759790797,1.69777677859694,2.35699203357249,2.47117242867878,2.15157522875997,0.123879852730699,0.546935032941056,0.474022210450623,1.64965375253133,0.610005104203087,1.8826080259846,2.83597240478732,-1.85988476719065,1.82099175803581,1.30069234455405,-2.35286671512825,0.1875744696657,2.13582536765959,-1.83936556313966,1.92404062328536,1.85266604894276,2.02564668209447,-0.321023300280311,0.346781042732378,0.211622027106517,-1.45936982749648,-0.332880706538668,0.914869181252536,-2.92758783486405,-3.25535688942824,-2.35271540881884,0.650182086125477,0.916455339491755,0.0995919527473001,0.96081576063232,-0.487212222421176,2.33982443976541,0.178233704747145,2.94090737505918,2.51870015343926,2.20903523774688,1.17152789497131,3.43524752311053
7,-2.73212408764442,-3.27618937360466,-2.21691632147223,1.88219993485956,-0.410545924541552,4.58819851394061,2.49957120135553,-1.11477833059891,1.21431634551876,3.44648721397508,3.18306466550937,2.98177652720657,2.46937272157131,1.70621457898838,-2.61913767033949,3.47147784705024,2.74148313751813,-0.988509160431675,-3.02399025520863,4.59158943530104,-2.28715648500684,1.59094508281783,1.81766456114629,2.033405640749,0.10449663556218,1.95578400251325,-0.27486118871685,-0.688989269047533,0.530633646433875,0.780570032681165,-2.82424622001413,-2.55071077793007,-2.22944241239698,4.91853661688522,1.56473735609874,3.97065706818919,1.40820965236168,-0.606161464145688,2.37254812505096,-2.02291368467133,2.6405219558953,3.04867643666133,3.28373438550692,3.12929123063024,0.914424066505019
1,-0.519227627712708,0.621406108443952,-1.74052114417713,0.337438029310582,1.53551948061718,-1.24056251753077,3.33381609512235,0.735060479164827,4.66755907414748,-1.68359670063143,2.381769835708,-2.28173724968914,-0.0456370428790045,2.74363732143067,-1.45510414488627,-0.68501504946867,-1.42474096078698,-1.68072794388883,-1.60713470178335,-1.14762757487922,-1.04788772882215,3.66866006845456,3.05626986379219,3.90073434789141,-2.79169708355714,-1.77151013821685,-2.36253848325402,-2.18965502466545,3.40442825053534,3.6329914958431,-1.52469977333043,-1.69019777690184,-1.5818489100551,6.31426306212249,-1.2039838093708,-2.70789683153257,4.54838676213019,-2.53643866691741,0.134421644357707,-0.824914522998456,3.99834275413492,0.371060940310773,2.17948965927883,-1.78775502026004,1.61292510893784
2,-1.13495425156659,-1.39880903823465,-1.64141271962373,0.258552396671613,1.75413795387106,2.10140021997352,1.18297950924665,-1.91639744087794,2.57277634787248,-0.305830293793089,2.44213996500821,-1.19160216159573,2.09494445212296,-0.176333537237257,-2.26824862444969,1.54761569249901,-0.555910811370848,-2.98892043070764,-2.60037310680973,3.13834811128768,-1.67937347747204,0.936251269534287,0.990202111179949,1.18603069389405,-2.58101563179223,-0.876517274017498,-2.09250320432327,-2.25983995914607,2.7720557957766,3.37403718299653,-1.53896877423771,-2.2655376949729,-0.608014667015642,5.95279346479229,2.59361734078522,0.0601919120276639,2.95001755883633,-2.40736427754785,1.58302435489173,-2.75911107772365,0.470005193753276,0.783464899689462,1.51196400529629,-0.0499698525775077,-0.364205669551151
8,-2.05648126260536,-2.64001587792785,-0.160740599984785,1.42099072207908,1.60999609454123,2.93542255550151,2.48728547974369,0.2755990161258,2.6662989940149,1.45003690918553,1.51680966132199,1.54738968295759,0.988357099727204,1.46439991126092,-0.0521301779680312,1.97928433143401,1.60017418900791,-0.240898386173436,-3.90833582790527,1.925898183637,-1.8316032195188,1.9503870535769,0.791873628190568,1.88127907009916,-0.455284915535686,1.3726988644315,-1.90329916088551,-2.2355427674258,2.1630013781429,1.28699091733249,0.0561819499971237,0.10943141204364,-1.78135232078602,4.36244160996569,1.23075045523215,1.25838432136921,2.64595635325933,-1.3206994216233,1.09135665614989,-2.48232171761083,1.26785676480757,3.04328191224174,1.14630820095762,1.66223405044905,-0.481210174514084
2,-0.579993733288813,-0.649358143463276,-1.36219139196771,0.458344263128374,1.58468798918603,0.557820576377474,2.3041688502462,-0.383846912824703,1.79575996489802,-0.706750028911653,0.201113136498278,-0.409783771471292,0.141423380736475,0.687863945545065,-0.967940577737677,0.730641050736934,1.50039295477572,-1.58907385728117,-1.05426305000111,-0.407691163133178,-0.448079666016238,0.329070955537402,-0.423837452802312,0.67195353076174,-1.5038323150672,0.38776511868399,0.0147340953946813,-0.719913169301491,0.427174159047309,1.9787683364765,-0.766442787241568,-1.064963827948,-1.49919176923204,4.74457448468355,-0.63533177751815,-0.9077184757957,2.11372739015145,-1.60764229977317,-0.336645607700606,-0.882978403200951,1.99333446198744,1.40638204970354,1.48715409426746,-0.490232315185562,0.36011318815127
4,-2.07552964188812,-1.25356896558608,-2.44524082886803,1.74018719079114,0.761501205678084,1.29992978866551,1.81576166407046,0.403003285721278,2.81061099686804,0.0790087538395911,0.990369291281383,0.264640411197659,2.40993892976139,1.58564723583466,-2.33653889895589,0.4849194388564,0.286927721040733,-2.10715399775562,-0.886947433146353,4.33659132667082,-2.12096508744576,1.04216959707075,0.754924690224027,1.97675377510242,-1.93634195201724,-0.567707193485008,-1.27526852476486,-0.775737305753273,2.40219324151446,2.0501924256492,-1.83023007885003,-1.58301659335475,-2.51755019646421,5.1497302284167,1.41080599228246,-0.0927171879601661,2.55278794315914,-2.04318911558722,1.06054681429161,-0.858969462548901,3.22391130080066,2.00290918703622,1.00035732876396,0.279843122075733,3.18323733847124
9,-3.95218063384232,-4.75657225318754,-0.554384706555562,1.995257368662,1.37465244655996,4.76759867974262,4.05621028922934,0.681313583165995,2.76364376200417,3.73448521892856,-0.109576090073213,3.59213686929983,-0.033308846697035,3.10046190929031,0.214902666223702,3.73557254788806,2.22416756898641,-2.70977308746448,-1.96334954750449,-0.221962538939224,-3.85320179086552,2.90289585368716,1.51180081717169,3.78762560892146,-1.95302482986759,2.21541719782572,-1.58915333250303,0.0461449990016833,2.50526002163281,3.2873891392744,0.896564215398988,1.40708288104772,-2.15180319474854,4.51539218815411,-1.37661176841297,4.39550233326477,1.81354980711043,-2.28233969059717,-0.332018668564731,-0.674585311819559,3.22135864056647,5.08072617849383,-1.9752124326953,3.88592980101783,1.31013003154115
7,-2.42599311406405,-2.84210427342357,-1.64550242186087,1.74002034939056,0.561364843222248,2.79444884517819,3.02104401724761,1.43924392804293,3.36043527081466,2.12197874283969,2.15421369536446,1.3596351653614,2.06318555332963,1.78817709772154,-0.0468253867695805,2.23299286830973,0.909873490829221,-1.37913905870416,-0.773481742939525,3.66506779683106,-2.11578207165411,1.5084058121823,0.953001925285861,2.47568636159321,-2.83401590662946,0.304228777666765,-1.04729689537672,-3.47385674287909,2.53902012465134,2.73385630868598,-0.862596370958183,-1.70728378605803,-1.93375110683166,5.9708164607064,1.71024578896704,2.55060996487628,2.48310087171415,-2.17374613007882,0.849513507463498,-0.178387729152267,3.10039984817955,2.99605390803289,0.123674822409277,2.12528873529881,-0.977753548885886
5,0.914718206926334,-1.05817789501674,-2.49191700988221,1.48011646083386,2.59450450530774,2.09652913904773,1.32941162870047,0.900909817196017,2.96818837742052,0.492253607335425,0.710982239291902,0.819226649651598,1.26363173489485,-0.00023197273329,-2.51826929796015,1.6877132769013,0.43763986142889,-1.8446038373644,0.856563552452296,0.935129946534006,0.331980070300773,0.522803223983645,-0.0516475098708147,0.393126199563491,-3.14072519026115,-0.659068479447614,-2.55583443963865,-1.88869611005624,2.75424962852891,2.81464428591556,-2.51199399301046,-2.08251181420181,-1.08865157216045,4.97117314056397,1.81428201499424,0.474854721238485,3.23735175028745,-2.69778998481566,1.9582947588287,0.525628285225887,0.987427602282453,1.35837937700479,1.82386574948884,0.180679357014031,-0.899795633662599
5,-2.28212425804428,-1.77448795254394,-0.34096377894475,1.05405344082941,-1.34928503275051,1.95722106529186,0.977412911238552,-2.59451075791954,1.59155632072836,0.365269064681876,2.09331412938561,0.665014488652315,-0.165514675155525,0.279434323060215,-2.60279702551206,1.27691885238334,1.92722884231941,-1.46950333943142,-4.89353728428471,-0.399559913122549,-2.26511098476582,-2.62786986404309,-3.68005399588914,-3.49315168076121,-1.37686471260062,0.999547330906017,-1.15927229084681,-4.87811832264072,0.906912550100774,1.73566857250678,-0.966732205444155,-1.26008997505967,-1.15061303245224,2.03965682146897,-0.940329735013227,0.994733816121691,2.42394601505217,-1.24319283971082,0.262433167786867,-3.84218445925144,2.36010743146394,2.68070228660195,0.509127220678627,0.961543462702777,1.82342460752682
6,-0.531926272118681,-2.97644204075173,-2.45622254392976,1.42397590574735,1.27588045260609,1.62032150431711,0.106216911463436,0.663172868079217,1.25915585111692,1.14246737095527,2.46607064093888,1.91615209073268,1.28419496775294,-0.499856164842228,-1.46152186382336,2.03558917236016,2.32879865613952,-0.30256454337178,-1.30094649681206,1.50361317659513,-1.03689389460825,0.851496689626236,0.393013292070662,1.03920606287314,-2.29629008282757,1.95236916172087,-1.19151691704285,-2.84817396043331,1.437241104125,1.41864165835317,-2.42411701524509,-2.58086283307236,-0.845226074812216,4.18851895538346,1.17809404870793,1.66424194726012,1.20938840419718,-1.82895262949895,1.53078653713624,-0.474911761009975,-0.0162572498829313,2.33250141251475,3.33496159678105,1.78582939403751,2.79789863418851
4,-0.796592048581586,-2.12518710095247,-4.08329770869604,2.5984698454717,1.69329622085126,3.18976333133157,2.45263397266918,-0.585716372461502,0.154499542942292,2.24039548110151,3.28786803615932,2.10098046813434,2.81667693113858,2.5409633567904,-3.89974704459423,3.24680835432493,3.10959105720358,-3.29745457325323,-2.20030251496163,3.96316010100996,-0.791117971747141,0.860808840304992,1.6105460543475,1.44985719965407,0.189241160242459,2.26963391217001,1.16813991365879,-1.19931989689285,-0.169017549448978,-0.999682303119366,-4.12736753014659,-3.94432870989081,-2.65900894990387,0.531180409527292,2.36018767195811,2.81707659975475,0.0250225002518353,0.0746563552975591,2.98942282794838,-1.49904141263812,2.75689526775529,1.98515505058205,3.0055886791744,2.48433101617986,1.76266543735587
9,-3.03872947386215,-2.82353163164548,-0.749274181298226,1.37728489903212,1.81645870103809,3.0742671976269,3.59202147341585,1.07440319767711,2.94767187394815,0.382440378247741,0.133484429842321,1.28407580707622,1.12526713241371,3.64884375549424,-1.3374045027058,1.52096902324444,0.845410643001479,-0.338631340655142,-1.32150075497357,0.820703221172112,-3.2387800737081,2.06873113365562,0.565028195581368,2.4071664632005,-1.52847132935674,-0.0788480376423062,-2.07844578126674,-1.55983447377121,2.81387444401281,3.78397291672386,0.204210303733043,-0.345574322455473,-2.07522401565521,5.02633623778326,0.751020525793797,-0.176337231332744,2.66945405818663,-1.77182091360756,0.327218670979347,-0.730347521378433,4.09995030107924,3.91701206668388,-0.295540961011923,1.31386494345263,-0.727612334221136
5,-1.5082981869721,-2.45952936755427,-0.905552294052455,0.289928547219091,0.837822026087063,1.66287488652948,2.87191404578429,1.19495718633318,1.18972669743653,0.949923468620462,0.0401638225155342,0.521862650227629,0.372739271311173,1.58646381707217,-0.930094584597049,1.19541749349884,0.43975852544503,-0.0977026814980124,-1.87673141339269,-0.870711726066138,-1.77728879930202,1.28994671275498,0.646990527101885,2.46494063949994,-0.513526983039659,0.0263947424427248,-0.785984301081464,-1.93041930649272,0.496162017378238,0.694692642647208,0.872077470126649,-0.258355601500338,-0.881542372641383,4.33641111682263,-0.544774373597455,1.77873800870456,1.07273969933801,-0.563890200282009,-0.023858596630916,-1.0469098658844,2.11285703432253,2.53889245594094,-1.36728276039575,1.3984158442536,0.803974239516574
4,-0.573985765221515,-1.35857969088136,-1.11417988571079,1.3886959244763,0.587263628344063,1.82824527542907,-0.267912207378625,-0.999772317383049,1.51474648448708,1.39273785905618,-0.514128699074575,-0.383750369960796,0.32050323852512,-0.33371789907162,-0.838919706054431,1.41476317255002,-0.264481589925025,-0.38459431192193,-2.29188933056426,0.68556294531242,-0.760511930928731,4.65985053322379,4.11009067182381,4.60089282144704,-0.790686921069402,-0.626099629564498,0.966515689400602,-1.23707659137768,-0.177963030489885,1.46577561230238,-0.556465164600505,-1.11685611209271,-0.869200337410708,3.56179277717552,0.187823821396211,1.44174193824882,1.38415745218741,-0.800787133623962,0.922176324272352,-1.86457978683748,1.45792156421313,2.17369065531559,0.18118370638507,0.700942893405686,3.78663974374936
6,-1.83827822062687,-1.29588176736723,-3.03696348854298,1.85374433652582,2.92335743532111,2.18672441354848,2.97267154918816,1.50951392125643,1.14453275276949,1.11202793673666,2.59612666043522,0.158341057854414,2.41756847800957,3.64380845612918,-3.08220381891253,1.46800549013163,0.243607590186998,-1.96194613466697,-1.54074159789647,2.03234475993977,-1.69053875660143,1.50182028742545,1.62138402073447,0.364476592660683,-0.851228296792433,0.260566193339046,-0.943064392230521,-1.92773770959485,0.926957715729923,0.894295162354096,-3.5448898491992,-3.01152391712389,-2.62785951576332,2.40263725664054,1.25319295598785,1.26016735982326,1.43252230362262,-1.20472631042016,2.62120795335437,-0.443359895240629,2.37604549890116,2.44405924580703,3.20757761019412,0.912505889372646,2.11013798966595
5,-2.09197698386633,-1.74323781954164,-2.42638214122542,1.2106701472031,1.42292576365876,2.16402040764517,5.45714685826558,0.725646968557378,3.61196508255011,0.027843578947404,2.06441696304447,-0.629359652496687,1.77471897805342,4.34074831670552,-3.03119788774061,0.768599244677429,1.28557957852047,-1.96203233117827,-1.28232169345604,2.61176053072758,-1.88129363706338,1.86444681649881,1.13321667786335,2.41350674476709,-2.03879112186988,-0.200318921303465,-1.22251826903468,-0.150206242808206,2.07106489637132,2.39218442466511,-2.77008225411336,-2.15178397266993,-2.49590258428647,6.93355176016738,0.439992250307297,-0.916624938990902,2.38723155924205,-2.19997791497109,0.937512471671373,-0.675087897026562,4.30107651725734,2.61267712511708,1.4876585392514,0.715390194698625,2.16210883157961
6,-1.88575400758177,-1.37288620119231,-1.54074165372296,0.755610473549524,2.69271959276726,1.21872422745876,-0.130031197297249,2.61383192131234,3.82317133242446,1.76649077852182,-0.416045312933732,0.669886158306048,0.377489774644485,-0.226418072446033,0.0868303398840168,0.10362044069968,0.478442675608699,-0.673393416385052,0.457842217731567,0.425378294439086,-1.44219332437046,2.28162027261964,1.10810445930814,2.0560075794309,-2.4662517159662,0.180346296117991,-1.49472673690905,-2.92737516281444,2.13109404100941,3.93387303851626,0.658168360334326,0.0867748021057805,-0.743204412817065,5.31929146551038,-0.1542011210152,1.43493002392361,3.48507950098894,-2.82202889115154,1.50854981024156,0.834976645464031,0.514570281791304,2.29317549536216,0.510075869927823,0.207506758800975,0.674074854844758
1,-0.691547722041598,-0.130137810088108,-1.97690588943581,0.401160595985722,2.52676804447014,0.742710009990487,1.49407831402398,0.981581111317138,1.43285498303822,-0.553609128690925,2.9081449834879,-1.54369751826429,1.21109987333476,2.2315545654608,-2.5837082987065,-0.0363920882931398,-0.0319302656524818,-1.25549100714455,-1.55418886425756,2.54783375111838,-0.412836122593003,0.0642480654724723,0.0445944294220539,0.395876849815976,-2.20650988088554,-1.2788738264433,-2.31745521424129,-1.12664024059049,1.91957108816814,1.75801407058773,-1.70466779306264,-2.09200734127348,-1.38452469308692,3.00660005224054,0.508135124672964,-0.634621064218608,1.23958474446776,-1.53414821826204,0.976629693462565,-0.703930543319281,2.23426479632755,-0.0355600935713676,1.44698606866038,-0.388945967701757,0.890321534774954
0,0.654198096501252,0.111970834785958,-0.741568615995386,-0.281658876219264,1.17015232325802,0.161069051870535,1.11163639636131,1.4065245291532,2.96112379997773,0.224429473782327,2.50447154330173,-1.78109150980992,0.552232269063005,0.621308670421087,-1.80808485202629,0.0695630994739582,-1.95749529786618,-2.23911435931503,0.206681582985889,0.715491259844558,0.470729094534917,0.0200249077517771,-0.370439923865111,1.00540942593853,-2.67359909420083,-2.21113298793326,-2.05100467109815,-2.94327481122973,2.42591596477116,2.45320721825119,-1.16349517906658,-2.11342468923581,-1.12173722164953,5.98508586264571,1.22178246798159,-0.504455205490693,3.07095926555511,-2.61305854770339,0.429795810929939,0.483256110717619,1.66519321995712,-0.794115881549728,1.16008346144022,-0.754262450323951,-0.0790164883587609
9,-1.75947970088543,-3.59022913890237,-2.24874277867863,1.87322514238755,2.45457919332555,5.17294609050186,0.512657785769654,-0.306767063672665,1.31584480280098,2.77060775575782,1.47686457305816,2.82023090021256,1.56516038319371,1.82072798472791,-0.86762009312476,3.55405208679943,1.85734110288411,-1.84972972176623,-1.30075139076861,3.02903680065688,-2.0054351267327,5.70079355801082,5.94359458745507,4.30188052260913,-1.13719373532078,1.74465730347413,-0.565165624746104,1.89095608491974,0.453511143965934,1.09160680996329,-0.693286278226662,-0.744774316253896,-2.19892734563748,1.82143789966643,0.850895762794767,4.37819144441361,1.33043388702,-0.516328197085068,0.377928148052576,-1.04338265928038,3.69083951908511,4.00392314140293,-0.442978069689898,3.44405179091713,1.79311818217154
9,-3.89527432891403,-1.83045170790424,-0.627503163322914,2.13948961678595,2.38786566148592,1.46063525662132,2.59598673450254,-0.154103682313476,1.79967756227185,0.837317283147508,0.248195392390912,0.735165494341931,0.432805771436634,2.99219887431251,-0.541663543440646,1.01358221379915,0.619192409438761,-0.643886787972528,-4.48751241312353,0.0642031125386296,-3.84177884945495,2.07202607786411,1.09217175361561,2.99938526900185,-0.407103886053075,-0.19013167776928,-0.162234704588989,-1.61818652530131,0.781459364077892,1.92479511887593,0.0358938337594927,0.516779064812227,-2.48875665632231,2.0535982636098,-1.02659520426469,0.261134138329496,2.31802519810268,-0.531954942447247,-0.289032289243951,-3.17638861696056,3.27209638846194,4.64082279937714,1.10903683956028,1.19581296883505,1.2300164166562
9,-2.62239186096917,-4.972045037042,-2.03364971610859,2.53458855241331,2.81546850188854,4.75193186624121,2.16106311437245,-2.26149803622288,2.67617323798416,3.49657620972299,1.77152965114307,4.05352439832644,2.63649901020651,3.43167350008582,-3.4106194652985,3.57074080648224,4.41576918229813,-2.18167421149851,-5.05250472318374,2.77472329984947,-2.62820676565619,2.21575077714158,1.8228262106147,2.52550007833808,-2.65447401723857,4.06650522582822,-2.60090379481197,0.235144046726694,3.24144214865091,3.68286967452769,-2.40987023895633,-2.34240696691957,-3.27132532891989,3.45402596606157,1.95522974885031,4.79774585992542,2.29671105905103,-2.56009279314075,2.07205906089255,-4.10970890264614,2.96826250129739,4.39067665032717,2.42910834361323,3.60454597765447,-1.37890704576932
4,-2.7540620390486,-2.29901098634286,-2.88110797098844,1.7147670910604,2.55057282770356,2.58466725546321,0.941426584378715,2.02973207965529,2.57571948996043,1.01847975448921,3.57718296718713,0.536650086033668,1.97613004825412,0.414866197390677,-2.08811056934229,2.25224186919897,1.46981068474401,-2.28906836969625,0.370330406951883,3.87597159299312,-2.51580880464693,5.04121637630524,5.04964771815947,5.36117776725211,-1.59112121420699,0.685407541243628,-1.46205195935439,-0.496779538984913,2.08997095563638,2.26793895033562,-2.98871548752734,-2.50768509261338,-1.95477144629601,4.46089475986994,2.47655037155546,1.93900065188533,2.93046116217589,-1.56406725026354,1.92092303787835,0.879650662104512,0.657921407882725,1.82092650814705,2.25178902337674,1.40574494287144,0.227002533019677
0,-0.801816559164817,0.544294881308402,-1.22886211765733,0.0137805270047011,1.48321241949725,-0.257632699514547,0.555936480252743,1.45329391083677,2.8644413451636,-1.04378270026536,-0.861714986975536,-2.53542899580057,0.515752826266717,0.319097432313819,0.756485585816414,-1.69430634306596,-1.04403328404926,-0.861874471102518,-0.423187382167044,0.574125223844881,-0.642037469283294,2.61917948056236,2.16144407757712,2.89088984392569,-3.07071999703452,-1.89067477931545,-1.72067802713362,-0.48649212066494,2.74166932125556,2.99122339749752,0.448770295011112,-0.607298735856352,0.237767335294569,4.92201927547487,0.2158059471828,-2.42153698187303,2.62798985569824,-2.94077930038036,0.316391570789141,0.297641522373642,1.77814911841947,0.0737678060645377,-0.63431324035993,-2.15479858753475,0.233234953882979
1,0.776166834205449,0.0806682330104499,-2.16994404107011,0.726787153642921,0.829565002073455,0.297945208880379,1.23734888179129,-1.11332103803799,1.4837696360571,-0.571206631839577,0.925302937832587,-1.33909087980839,1.79349132060114,0.615995700521444,-3.16302491063596,-0.316848313664168,0.2308599101399,-0.861185168910498,-1.87631540596693,3.19836120684451,0.747773331141384,1.6442911630671,1.50192076880986,1.30234732811654,-0.392400943181412,-1.04445632372881,-1.43182173130859,-1.42529152315861,1.00179631139471,0.835202696679439,-2.28363696801396,-1.45560134779939,-1.20040232312216,3.06723691337872,2.53280033329062,-1.43086402493818,1.69273008663351,-1.3190858944254,2.01862316198388,-1.84272943207255,0.600182366660898,-0.542762932252095,1.97654947165741,-0.69320223963023,0.615163083551778
7,-2.53200466547459,-2.7150903242998,-1.79878662632088,2.24314769947076,2.36213201149579,2.96476732825412,2.1969519996744,0.794476940155441,3.2470115893065,1.3103864768503,-0.0396693762207845,2.03481821699287,0.778035921968829,2.63645796543615,-1.11694206637698,1.09976358535189,2.2917267757307,-2.15764488576966,-0.456047195106453,1.56376283459788,-2.75927143893193,4.27980707091177,2.99827001153016,4.21929491804102,-2.33393919022934,2.01820377691728,-0.65999851838783,-2.24727061910163,1.10403956208824,2.19809049602304,-1.03134277215347,-1.35898216832293,-2.46588450685368,4.31690914841087,0.0919903422721388,2.25392138940907,2.28515176090203,-1.66259495797321,1.35160762894996,-0.433559455938584,1.19464906993139,3.43354961724948,0.596926104604631,1.85986318743467,-0.120744482858048
8,-3.50636130982889,-3.39403615752473,-2.77302079670054,2.62761573364727,2.86548732228619,2.16381383052472,4.50335782880206,-0.824628133622754,1.22104197714071,1.77380027188285,0.50286118207778,2.58275603222252,1.59378593526039,4.48095215718726,-1.58040889939199,2.8246830059931,3.12417961766618,-2.16113710119669,-2.30933461851346,1.33717124497778,-3.3877103694888,1.47230011164727,0.674805262752882,1.93890878811932,-0.300133292019988,2.83350936291344,0.302954737941555,-1.48035240031189,0.308422040725248,0.681279174477511,-1.95009582507455,-2.23709560270026,-3.2734944338048,3.11267927308551,-0.0839168328581918,1.68677972441998,0.887075773378687,-0.407948181117024,1.45468553673157,-1.7896961613113,4.68926296044762,4.62659159060598,1.11348847698834,2.54423587534272,1.9863073541747
6,-1.96897993041699,-2.25399822078565,-1.77530145902009,1.38462449968002,2.69600263837027,3.00230428557429,0.781802239838168,-1.03503434596888,0.702711980136023,2.93064459699048,0.378819837429844,2.77885968723899,0.700677050655201,-0.142364745233131,-1.38241585702609,2.72083361237425,4.23687003489306,-1.38438913402858,-3.60204008818231,-0.107558749354316,-1.84196186433073,-1.34041806074683,-1.56462992174531,-1.56207997947655,0.631535277264083,3.77664338435026,0.646035575340632,-2.63724589889387,-0.158978006865486,-0.94094230907968,-1.39259149091819,-0.621679678420182,-1.18692337010997,1.66062477462019,0.78002567692709,3.91213218579798,0.592869552987419,0.432007190202506,0.528171135392382,-2.97350608254454,-0.175685188740558,2.66488714496411,1.45157054427425,2.97882917858625,3.56873937583589
9,-4.09289886502776,-3.22631629578168,-0.181978073145747,1.6905467844839,1.25854788103186,3.44453026106944,0.108558797653669,1.04986662641001,4.48022633426913,2.26839982729363,-2.65099006420867,2.48737627398043,-0.590244393470733,0.313363277759087,0.0895868668800897,2.19521791619728,3.23464723680082,-2.69628866357564,-1.82908608445268,-1.11825212924152,-3.81918911689581,2.1146661786126,-0.0093241487441977,3.12880778441652,-4.01928579130066,2.28923708215338,-2.36096856518886,-2.92657459318502,3.53513868864294,3.99073864757823,1.48352647484554,0.0186165248387988,-1.24827249124053,8.09845139837799,-0.444842575375111,3.30571985248497,3.66614568692,-2.94892547721433,-0.657958431784407,-0.744132913883843,0.794004806538356,5.70824022038326,-0.29872888120168,2.22851656049448,2.67416527893094
0,0.104400562670412,-0.273916742422959,-3.21676852329895,0.778748105630544,3.36075852854936,0.331213039419732,1.92997903271572,-0.470705857428095,1.21501280021721,-1.36421498338529,2.51796044988186,-0.721537708418306,1.90556918933291,2.19191987548647,-1.76158121631613,0.353316343474055,-0.0379251506698096,-1.38195602593292,-2.79402587947088,2.10031307049255,-0.346031427274854,4.11416818247638,4.42444735707024,3.31916390962826,-1.60257378909567,-0.679541386759191,0.666770803157552,1.65136837910426,0.737233233481748,0.791169652384065,-2.34528518902637,-2.20562508226404,-1.52879224363136,0.237093234336591,2.09187832757995,-1.12112806006575,1.302833171124,-1.28935194076258,2.07185133957082,-1.84826772918787,3.78430226328046,-0.855207025593164,1.56842818001634,-0.509729062401589,2.20711951025176
0,0.256222375453917,-0.708172896838551,-2.52700180760265,0.980900423423718,2.54877023816065,1.37366117752499,4.13633929293727,2.67984532556924,1.31686294373567,-0.301308914477384,2.98133424776366,-0.355772541429992,2.61260710031292,3.86269544126123,-2.83919480108799,0.17754685061016,-0.312842549286816,0.278492493655541,2.31351189950232,3.58945282264251,-0.301848685959462,1.64165897903377,2.0891452620938,1.99646448847192,-1.15890280658595,-0.412017929608074,-0.206856910132388,-1.78653261841839,0.209646206646778,1.16779881268862,-3.69662668964687,-3.346311429942,-1.81566029644114,1.96638314604815,1.27698320905282,-0.4948857255575,1.92422453958901,-1.17589009730615,2.43764462138737,2.31786837002789,3.58858400923833,-0.372990631523534,2.86046796214013,0.11426898807551,1.20531252463963
2,-1.46338812658687,-0.498532406550249,-2.78509279141297,1.03641384318309,2.68196056888998,-0.708844650542985,-0.281367134560226,0.0724692591379923,2.54814549809824,-0.0857758907084218,3.06339550907364,-0.899560089098334,1.37770795145716,1.12563503214644,-2.23560766596634,-0.0362918421629396,-0.599549705230114,-2.64758913578684,-0.946911963353006,1.5248292870735,-1.26695978142776,2.55423552327094,2.43194100646151,2.28199620811455,-2.34363598963749,-1.15102635212935,-1.06175288685085,-1.02580526663973,1.07347370362611,2.98665989316246,-3.25692591271434,-2.98566668696049,-2.0446017755985,3.87543487544465,0.776969649002541,-0.91493630580466,1.59317474895291,-1.87291503501166,1.16896078829745,-0.650901811671546,1.28371750035815,1.01653297270703,2.24761623327554,-0.557016730537991,0.775512410109759
9,-3.56491745938267,-4.21790536741319,-2.32657639958476,2.8698981173842,2.72540128533409,3.86570222288485,3.17199452309488,1.27186439398373,1.54105281188402,2.20864287146049,2.71178411528134,3.48188750228146,1.3543384720931,4.25336425310079,-1.09861150174965,3.23798897282438,3.79716480428998,-2.18958169475376,-0.0427030995600545,2.71000258257447,-3.36000893373563,2.7148494618385,2.00473789383603,2.83036780180655,-1.15853800652327,3.87781969255199,-0.257897217443518,-2.39796953675956,0.842771525776985,1.10935817117925,-1.66306653034243,-2.20234090469771,-2.85323638910414,5.02890530552456,0.0414696296595047,2.7512975129365,1.8566024383574,-1.22565346705636,1.62885175023841,0.454593263202164,4.58370845473798,4.48998318606833,1.45944200675074,3.13503967597997,0.488145922146406
3,-0.135438665528186,-2.30894829765318,-1.98805873137526,1.2129997760056,0.986179551277697,1.56353097456148,0.306609236019811,1.44309145808662,2.39355508571776,0.367165260501801,1.56156435308076,-0.485552267657195,2.51499649418941,1.70576856667242,-2.42915486777684,0.787219101064538,-0.339169136289094,-1.97375013738901,-1.37954482064566,4.23511834267764,-0.646694685848194,2.9084858923311,2.71653608177702,2.60331487223794,-2.57358326756815,-1.08627789414641,-1.68632019796284,0.813176296434744,1.71276755074885,2.58218507518385,-2.1361662078298,-2.09156919262569,-2.05105288388326,2.35771414575448,1.8352510071672,-0.543896481495936,2.345831561109,-1.88050863592882,2.72018406104967,-0.551836079578873,2.59743589113012,1.14840758989234,2.21946951342904,0.605765029310032,1.63149812855592
9,-3.35085510784068,-3.27127621228539,-3.38596327454789,3.31448075625162,0.635030579475248,1.75252453825544,4.20717203705917,1.2476639509852,2.61851756355035,1.25161118879476,2.30918778578847,2.38120248914164,0.689859883482309,4.85228048940218,-1.52428146038492,2.42651800818863,2.38554160378514,-2.21214120477731,-2.10480090458432,1.77409784290139,-3.16922735098459,4.91511297752379,3.56570236015143,6.00379062195778,-3.22109147124475,2.15398616476859,-3.62386547366483,0.762065272026937,3.54107500117254,4.36325693403207,-2.39906437522303,-2.25612552507032,-3.54125808358529,4.95356185353635,-0.427973932627873,1.97857942510998,2.26568219768609,-3.19675736094705,0.719717155671969,-1.20587001777189,4.47368086418169,5.26778982455969,1.89966483243143,2.02595007091629,1.5450990814668
3,-1.10439470018104,-0.707007752269976,-0.316151361489156,0.607853050660602,1.90582270365616,0.726476825333162,-0.422389929411747,-1.5442233762482,0.767742520450585,1.73949745908885,-0.149899511421371,0.710231994739602,-0.551147366546946,-2.1473929218503,-0.0911333415398215,1.13983503071692,0.985093630008157,-1.45124017782868,-2.28978808584228,-1.97211310865667,-1.4241052789781,4.24336250306681,3.37047416822149,4.82430463681886,-0.719208320849338,-0.117482296032901,-1.17764025292237,-0.881347917342194,1.00639994995701,0.433680199264383,-0.157261187468473,-0.35230212867276,-0.425567907634745,2.60082144558372,-0.674067059529426,2.2389416372075,0.397928254709788,-0.523140292655656,0.239354518256487,-2.05943709306093,-0.284949237202958,1.55640153877018,-1.54123727369735,0.658443227307338,2.64702928344673
5,-0.816927881353847,-1.39899737990197,-1.44724171720544,1.28813219358097,1.1123804661683,0.337656166982544,3.02181789779995,-0.734155520692405,2.56544668829476,-0.231403427988285,2.05058612673268,-0.322519591847381,1.30801630999358,0.881688701950258,-0.917297501854847,-0.110971327112993,0.916769972168299,-0.638068491952328,-2.10216225814404,2.59709616576895,-0.680990209650008,-0.127924035382156,-0.967385327508684,-0.119343331566042,-2.31984694966648,0.273682885035229,-1.46047514075619,-1.73722649498237,1.99957829664158,2.18186804370637,-1.15380997953058,-1.05159261140712,-1.34668179282301,2.45511720437481,1.99884123352506,-0.211707119705866,3.05186422518847,-2.46061481397757,1.68997068009594,-1.55528030416162,0.693232334565838,1.98053702390517,0.180589456752278,0.110766550849011,3.13736488524484
0,0.0940108068779968,0.481552140568479,-0.392782465085722,-0.576510027716012,0.611191049637032,-0.0860581952727395,1.66381070161455,-2.14798080568976,1.79403699526139,-0.799897676500902,2.9333803086723,-0.809835919651144,1.04241197236791,0.298631782364042,-1.34566306503893,0.867092211651585,1.317735584515,-2.37958049971157,-2.32962939228288,1.78493777059259,0.177014974446043,-1.62648640195188,-1.81878391556374,-1.6329038916227,-2.15142426554136,0.438370887993035,-1.04526347389994,-2.19355232016422,1.53854667249628,1.54266161302242,-0.77578418120759,-0.907305942748476,0.542223147195132,4.00835910510719,1.06669014498204,-1.06402199430631,0.917915452363964,-1.44937903503988,0.650899446647127,-2.28610342884801,2.52712142677429,-0.788345157229484,1.37088271259591,-0.730849962527132,1.03778284111929
8,-3.24957959587046,-4.30782164978609,-1.96975961098569,1.94000955273187,2.27144044855568,3.9215792835665,4.55836471550324,0.291159597488832,1.28775630778356,3.03289517730858,1.22776663189671,3.42782571642309,0.926778073567355,4.38565134224027,-2.74919855675232,3.22061297405059,3.64942742573526,-0.796010191579629,-0.793886129106915,2.10818806944019,-3.37876521041027,-0.585292596361005,-1.6110734601427,-0.242485838028165,-1.19075794021136,3.85165311697337,-0.857026366817026,-2.14128551759896,1.07672944711629,1.64642197139211,-1.09257658483581,-1.48148858317518,-2.84614082066485,3.92204477723677,0.0884915236283321,3.52274196714637,0.80054410095943,-0.937335723763574,0.432627652936324,-0.581893361660325,3.32283066023781,4.35575708034421,0.485572092835871,3.3092239912485,0.892398820528493
8,-3.00723966211326,-2.3736430700096,-0.302439865553672,2.35422709744186,0.0811628494363773,1.8358763377368,2.70931446653243,-1.22234092837067,2.38971660650333,1.401502178705,1.96450415842623,1.81020953134035,1.07044615791812,3.44072377222497,-0.675460866134352,1.59257702708495,0.849828321701462,-1.31774876747117,-3.27261057620554,1.29180468298875,-2.88920098366378,1.95716984234439,0.872148631004918,2.06579441776773,-2.49706382102776,0.741164273002897,-0.666851255010857,-1.47846232133101,1.7436280661593,3.13740668368826,-1.03121305472658,-0.431093543548888,-3.01074800286708,2.01852867177171,0.585464269156576,0.940525610956187,2.19204808417724,-2.62844579740772,0.903106692573285,-2.49967073989045,2.67915850065441,3.84947150980818,2.98628602327769,1.47005691775913,2.95870594474929
6,-1.58782354688739,-2.29561525595754,-1.27830358306278,1.94300371201372,2.69614529723123,2.50732147283001,-0.0705939626549212,-0.208222798710076,2.40723090325527,2.59967086383515,-0.631380922771942,2.1648255335775,1.46918455094149,0.929356028253857,-0.866787123833976,2.8957537499726,3.43787457029586,-1.18513662954998,0.157274830052054,1.18391826705506,-1.6705445913267,0.0240285372653041,-0.513230645737215,0.232616755713938,-1.38569543414363,2.78495227424913,0.847515592601649,-0.721852344631745,1.0056393996735,1.63888747214179,-1.14917859729266,-2.47368500623247,-2.16244859037782,4.48298581625031,1.60254821368518,3.05145146679203,2.65774406724066,-1.23981834063389,1.79344073239169,-0.0102162962805042,1.65800710501322,2.59966909344285,2.03704337411808,2.09439594016629,-1.29748652133202
4,-1.42693777973605,-1.6990494288891,-3.37985393283088,1.45072657868098,2.86083295218683,1.22753238601124,3.42124056560943,-0.134317494947148,1.83351330347884,0.840064243818698,2.24790753413283,0.0682643366707464,1.30522587723556,2.17769030503611,-2.0445655345526,0.961639168287199,0.843258458283799,-2.28105484163913,-3.68490578228298,2.28317290686453,-1.52855477424473,-0.127225990326868,-0.74117430320437,-0.487513819729818,-2.03096785667762,0.330057566082669,-2.81225686916452,-1.85635884497056,2.63045909680566,2.43987779089103,-2.36348745508453,-2.17557225649974,-1.97376230444152,1.3388534691057,0.986724306577235,0.878907064453916,0.984750952202167,-2.08171581999116,2.03906368219652,-2.55351086080012,3.9526917317489,1.61432291068071,2.37979456020758,0.717996427621604,1.51594744031265
3,-0.742618702195483,-1.37983439229182,-2.64961010278728,1.25946888714193,1.16308940482109,2.45311160360202,0.97331670534495,-0.238283408142159,3.29491695183172,0.240606907190946,2.60989997250062,1.0692915659849,1.59993045846883,1.10710919181332,-3.0722679119158,1.68384148426647,1.42279640685457,-0.299073022718109,-1.32207584405737,1.81717574499449,-0.865041303156529,-0.508658807726382,-1.20895573074157,-0.860998205381803,-2.40119380798248,0.734544561677937,-1.2864387360289,-4.53112892933223,2.7571835982332,2.45459746539637,-2.46281377489913,-2.16505317628432,-1.22323515369201,3.9828908492545,1.09078032018545,0.468882683215795,2.71890880174147,-2.64631781332923,1.49858441809723,-0.87074879515187,0.999697971760344,1.28782512375375,3.03754285987889,0.693058783264798,1.110859164136
2,-1.38193583773486,-1.85422918450292,-2.50122358029067,1.07570693976748,3.10535295378556,2.63711944872487,1.53318431987462,0.142180607584079,0.858949518321159,0.991960315860199,3.50261461575041,1.58259911399496,1.74963816998102,1.06683678144838,-2.21247303055039,1.49344341307806,1.49627642444398,-1.17834809158215,-1.97787322586285,2.10991568482961,-1.0331016497392,1.8917839044804,1.798898203502,2.55788265931082,-0.733835088386254,0.958155842742199,-0.788370992493323,-0.382670344154209,1.27749042484624,0.831053672749544,-3.12294954992999,-2.197988433089,-2.0202778518218,3.440229379704,2.1352442154108,1.42375431422245,0.72167918666974,-0.705676040933974,2.60022095823985,-1.04838307952082,2.37475454762408,0.720604515184291,4.35875899128984,1.48810470503435,0.532962092442648
8,-2.10347896230251,-2.48747814774721,-0.593735702896672,1.74546331824886,2.52220590763862,2.1704726493924,3.54017109814467,-0.0509155756598501,2.12610921572231,0.929794664273468,1.34408640286721,1.03971016214226,2.07349955617425,2.48764467928554,-0.612595754650291,1.18266752034996,1.07409778740945,-0.639124756325866,-1.02433246768294,2.10924298296669,-2.20033165024178,0.433552215415707,-0.0918161915553748,2.2853995810321,-1.29258373408821,0.0192796080982167,-1.67350717541363,-2.44784762780366,1.90002700068675,1.95115590010976,-0.662742118340738,-0.499111389721157,-3.06508675167475,4.2265393328273,2.02110095161258,0.274017190381507,1.9654825432363,-1.45733082735037,2.14798229389193,-0.296196218904977,4.86797530683116,3.59871469013251,1.02477526035577,1.29322488392855,0.494486207832474
7,-2.68162263605964,-2.21909831326444,-2.49097385140446,2.06307727331542,2.61635187464275,0.773268182319319,4.60095231577564,-0.750714125249187,1.09670923386094,0.036679722055898,1.7906933650509,1.01767554495732,1.10526009843106,2.78189113868723,0.703359962116043,1.40904596705939,2.19782208518975,-0.138166010040901,-3.81648272626912,1.55867670757714,-2.36508984230157,3.35777368620834,3.20245606161021,3.45804392401953,-1.27449513811222,1.63985041300053,0.298700986225363,-1.11240845743286,0.605486623571791,0.654951719369789,-1.57112989294489,-2.27941937915416,-2.62769568453492,2.81273110577303,0.410512090540087,0.241095660581489,1.39831150037607,-0.476728407460517,0.49137776916298,-2.51826693176115,3.13905958570058,3.5374761371373,0.90376927614353,0.98385541214631,-0.743110738607822
4,-1.85732795234016,-2.36430572609202,-0.817551473669286,0.434389543336362,2.79457387045738,1.57783224116887,2.48025128226884,1.69941559691361,1.82257769073607,0.936023826793516,1.47482494551956,0.786412182877981,0.745679384297114,2.50427508583217,-1.09668194110814,2.0589100377381,1.053466789145,-0.450598465502372,-1.59746994095911,0.607465523675195,-2.05142198282742,2.58754458381822,1.82855716800654,2.65342530062891,-1.70186039737433,0.417788953155292,-0.556540112519415,-1.23524128880661,1.24618208085408,1.25776554907454,-0.661761015199068,-0.0675672883657312,-0.593490688188429,4.51083731701902,-0.285723460026794,1.25180477149089,1.51535195302083,-1.85330319239287,0.48956190311642,-0.475424153166954,3.34519513331848,2.06327119532164,-0.393222238741545,1.3195291569825,1.94558877167481
3,-1.51723981201274,-1.309930262735,-2.3978810899407,1.3725775856936,2.15996593812861,1.05870341811431,2.73856357753644,-1.81044518070907,1.89653130390301,0.359644279271325,2.31254406153376,-0.261063334520644,2.12249728211656,2.82977319783798,-0.854672489036793,1.08992851459969,-0.117718702567984,-2.16464951893514,-3.72174771395906,3.07944829926679,-1.39897888427113,-2.39728456608123,-2.72696236205355,-1.16843659804684,-2.34238642965731,-0.882627224763838,-0.466064846375036,-3.2407668560189,1.69689772869844,2.65989853944125,-2.56806258995735,-3.63594868744641,-1.98949671156805,4.50264869855628,0.669419411553512,-0.0583128628213317,1.78145731188461,-2.48527340866443,1.73218569229823,-2.39167614874495,3.80812755579154,1.58088237986041,2.17193994066681,0.46393734497884,0.907382349745778
9,-3.8033608863276,-3.2619230316979,0.789047620719729,2.12122201240949,2.33848117336866,3.68472134903865,3.18203157162656,0.785713433687441,1.69808742455128,2.1213326081086,0.602981292897776,1.60973926433251,0.790628206621944,1.36425659483277,-0.181912926083726,2.58100382977274,1.98728737307395,-0.933695598758031,-1.33084658705591,1.0060159713013,-3.97229743375078,4.27427679158015,3.10686887743398,5.15341506234916,-1.21484528814948,1.23464304548626,-0.905494392761848,-1.52363226780037,1.02306494462306,1.39753612212673,0.642159986310906,-0.92901937195963,-1.63712565879678,3.86063941519896,0.123517414889056,3.1201786235208,1.71913746037423,-1.63439910805334,-0.21720903506817,-0.900334212916772,2.27215228204744,4.86036481266733,0.651635195283115,2.21192124516044,4.0622666176088
9,-3.81636702303645,-5.04576486998537,-2.10006378380713,2.92582353454526,1.26760145724089,3.54986154428576,1.862678633021,0.463793683692276,1.35292319342027,2.57344712682803,1.8101735676884,4.50751615482002,1.8612636302081,1.6004962312941,-2.99648539445391,3.96681357623557,4.30278922171644,-2.32766461038271,-2.20517950033378,2.01740327844002,-3.76996333635239,1.29463722214395,0.788357472688683,1.40828957535469,-1.32651285775485,4.42248737903763,-1.4938485784221,-1.70294065370474,0.874222969040844,0.760239605911199,-1.45283287487679,-1.98330158097881,-3.04257159324119,2.2840127174323,2.07186881750231,3.45578403143124,1.4283252602182,-1.22359207501946,1.1610610468703,-1.24813361092883,1.67911673106101,5.77036171273792,0.002292309023383,3.84301459583417,-0.637515372095731
7,-1.71939322732751,-2.45085570183115,-0.705263779199599,1.52558257405179,0.734355919025735,2.89677260144741,0.477131357423395,0.104189978223866,1.42987948868108,2.17137543609252,0.675340214782635,2.42197394554071,2.40525605176785,0.769217758861373,-1.3830245126986,1.87183037192687,1.88998390861665,-1.91851037348351,-1.21151142187481,4.11195330643097,-1.79278559526799,0.592396067904007,0.0524940252734805,0.70731795362736,-1.09037530058965,1.42260016839166,-0.0313732626036861,-2.81119242141452,0.867440251015928,0.886089000605736,-1.36135697960505,-1.40983656138886,-1.49672442854933,2.29970382120654,2.45699445809024,2.43422163936738,2.03032813132106,-0.884025783721701,1.59178056697995,-0.766508846065516,2.48207228740414,3.01810988016552,1.49356688380344,2.01536907069467,1.24840604358146
0,0.825461298393387,-0.409364750346245,-1.81158721545694,0.635560258284245,0.766349307308182,-0.279845234245741,1.5095166111409,-0.095675866621302,1.54599803782708,-0.734241892360619,2.67973552896609,-0.961334194054774,3.11686751000967,2.18038603649283,-0.978821360650886,0.0655089462338914,-1.00846336917397,-1.12380268077237,-2.9841933207893,3.14606888340241,0.134195725350721,-0.443763282065578,0.333006574982212,-0.891866041622401,-1.5035309234732,-1.74796262369138,-1.16011586223477,-0.500430444581562,0.73129762673495,1.62935358915751,-2.20605267272265,-2.38771902187406,-1.74491401938378,1.84181193038635,2.42372078248427,-1.36923778418101,1.86297539975236,-1.10286259327859,2.29751389494388,-2.4420938139391,2.60847964081219,-0.687726986867635,1.36920958966056,-0.397834028609925,0.530448693651193
9,-5.16932873851525,-5.74852929253626,-2.6892391044799,2.64531183976728,0.836839855957401,6.54528187186999,4.53294832639196,-0.0695222278281661,0.866170889986103,3.3246260166457,1.36215856507116,4.01450012100369,1.2812090213222,4.17794068133502,-3.54413927433955,5.05799736107324,4.18414530862652,-1.82186453245658,-1.61480047820928,0.925309770000827,-4.82177771664268,1.03256846720805,0.479502811801849,1.8227443653706,-1.02229134059305,3.92253800214867,0.130095309465158,-2.02470653970518,0.722810195850715,0.629385616088274,-1.6934339851541,-1.79506193498891,-3.19933385646182,2.87185224771293,-0.799463781355385,4.17938029415371,1.46208907432247,-0.924066342350016,0.0297673179575722,-0.978403628139624,2.82076248999414,6.21567519834907,1.3359651236401,5.05750178255778,1.31286402104012
0,0.0327037173692445,1.8830385997279,-3.50142832832353,0.0266997166700997,4.6349881022126,-1.21353258453096,1.22584895245807,-0.510215788777871,-0.260661741487571,-1.35761560715222,4.70677539571698,-2.60643233000594,3.12159669264528,-0.573047735609464,-2.82367915526645,-0.148335042800761,-1.67013792084782,-2.55640116391401,-3.48684541185568,4.01799755441528,0.402917271109076,0.306368547156638,1.32441236395123,0.423155512068305,-0.851430251276517,-2.02150628585121,-0.927623257690468,-1.26527247738586,0.280982933078796,-0.200484021515943,-3.69052738560511,-2.57010956581599,-0.250072181414988,-0.670409629848622,3.99825985733175,-1.91225161890486,-0.842885899327015,0.068643802517049,3.28937614475333,-2.22845682557938,0.731578777461514,-2.15543288586338,3.09081862154144,-1.78856036326809,4.58050401397107
1,-2.0721690008527,-1.61376953105671,-2.60202988994578,0.633823820671943,3.01768110964514,3.45869025872873,2.70158251169916,-0.94348609644552,0.743853190536834,1.36906097642571,2.30662072059562,2.13298137627529,2.15594160141536,1.73342040419231,-2.10029218710726,1.37821025386058,2.30095152621769,-0.812486179453682,-2.55342022642526,4.0453135672698,-1.5360282137571,-1.61920818295302,-1.02093969736754,-1.86160379138638,-1.95238990093694,1.52443296616609,-0.581413196194742,-2.28566558752983,1.97802926499353,1.16763268997246,-2.16437127788592,-2.98196519042244,-1.07175310610865,1.27436440374556,1.61959361866828,1.54571604052945,1.20642553839294,-1.8561464808005,1.88457619147756,-2.09178133160271,2.72781855572948,0.103639481673165,2.3988456229268,1.56028314970531,-0.537106424582701
1,-1.66644922654484,-0.534354499478522,-0.0700679040729842,0.90781629012213,2.65024547190748,-0.568007879336295,1.11378882227153,-1.28866190654862,1.4170092602832,-0.622560838340909,-0.416757136524426,-0.62837678354034,0.84717452082853,0.645486653810936,-0.781923940318345,-0.227876071052128,-0.572995492711035,-0.890901938704745,-3.23270634257391,1.21458770728693,-2.0432810592967,2.04655507426708,1.70047345679125,2.4961922678549,-1.61814115516428,-1.54164446800893,0.280467571108692,-2.27238577092728,0.876121817750137,1.5124295705252,0.271018685177648,-2.09638550321077,-1.24990720134834,2.53014062083802,0.671952655310059,-1.79625763648064,2.14591045754148,-1.80401212032183,-0.0154524203377652,-2.47173239813461,2.48799958369936,1.22538025902218,1.3310040144469,-0.929402551231585,1.4428768858565
2,-0.575280573141126,-0.238618361890812,-0.890890222449576,0.769882948428628,1.36557643005408,0.488464069981572,2.32791546017289,-1.1762312300315,1.65757056212116,-0.249728773167627,-0.112299399216292,0.507172327152601,1.17747464814512,1.58182873019014,-1.89373637683532,0.359335838237233,2.00791430727617,-0.133482830676555,-2.96058562514971,2.10705583144397,-0.58722327657908,1.50006393318435,1.0583661213661,1.1956314139328,-0.577653088479195,1.01371992894211,1.30982638020721,-1.7315338279404,0.249334096634391,1.54843591892256,-0.486258866504295,-1.03798204814747,-1.7467919390385,2.23447041579441,-0.0344323183004492,-0.51645812104821,1.58930968779271,-0.75253892977511,0.45126898802235,-2.23724601792726,2.83939698906271,0.628716301702644,0.832616472816179,0.0441169305148825,2.45458399774241
8,-2.58622416317034,-2.61162489853691,0.327768096269911,1.29468387930919,2.41807456878463,3.61518052912543,0.407870342518606,0.92050421271438,2.75753834491127,2.58962149784148,-0.160709653592547,1.81728228858554,0.681647234363086,-1.12057345043153,0.359150724456997,1.37124982406468,0.896984084146243,-0.140452629183688,-1.28807443869496,0.454207584053198,-2.35766750648061,2.75180159355437,1.25208357359937,3.77576299541314,-1.37611357823741,0.784639579750863,-1.02449154266537,-2.32036345093897,0.944435137298059,1.09479959296345,0.846092825524377,0.258234967018584,-0.360760776427831,4.72973428585511,0.493934891330562,3.1977946493085,2.68761958975262,-1.4858824738003,0.458657284473313,-0.338282949254025,0.359452861084295,3.58661920915404,-0.164644951073212,1.78958802125827,3.49776984417708
9,-3.06383374814301,-3.24781157996307,-1.09522145654962,2.1082084694228,-0.0892863411347971,3.4553860163189,1.92602408198312,0.429005010925952,1.3295859348186,1.17504245818263,-0.44583949555696,1.6664865453,0.228797949049295,3.1429114859161,-0.979324102256944,1.32003002759687,2.19967436409723,-2.58027326142571,-1.98641115414466,-0.027866199165425,-3.16877161765486,-0.223806553880347,-1.45519610306591,1.14192827527556,-1.15737265636536,1.8496077709321,0.0627336287853519,-1.7459185032668,0.291427834816511,1.09060787150161,-0.142335149219937,-0.280046110962348,-2.33917031596723,1.96546939711348,-1.5012769729274,1.28750994325881,1.39107930710598,-1.10730729061867,-0.7848586442692,-1.17911117065921,2.37966097139261,4.79270703760312,-0.684529881377978,2.16739633897681,1.00457154724544
6,-2.92301472575044,-3.33519985108457,-0.912842301426993,1.83524311377298,0.207513872716258,3.53741410840439,3.09589553953423,-0.12481908322287,0.704328207981231,2.44016029979808,2.52590736097445,2.23879888471236,1.17186198830929,2.9020458973269,-0.721498777078512,2.21450284213126,1.46547545607915,-1.48186548434031,-2.08567473966816,0.88917412992538,-2.98495744938475,3.06642897165344,2.75850041966073,4.02702483677498,-0.650066300111653,1.52044954436214,-0.966733495141356,-1.58722332829077,1.19871235599781,0.996521295963337,-1.83509434164035,-1.08512825332006,-2.01410504121606,2.50937000492825,0.183617893840281,3.80097618047962,0.729768548049512,-1.22913936832318,1.13520982528249,-1.08581610426338,3.92291633698343,3.20691919355051,2.13692114452817,2.32484968994735,3.28805420402366
5,-1.69910783986612,-1.53796204090273,-0.776768829561233,0.925183104475986,3.10154644863214,1.37823883323111,1.26752700793909,2.80291753179912,3.17413893386473,0.873938426188601,2.16762583640729,0.625994784405237,1.62366735643914,1.18084516881046,-1.18419955610542,1.34503270398479,1.11709782309969,-1.93149286657729,0.548023328238489,2.087594052823,-2.05865670097223,2.63855792776961,1.88864330047048,1.6353726342214,-1.89859734543869,0.856118537899008,-1.94881590422903,-2.02886435733914,2.00868475026688,2.72928106271571,-1.04778405626039,0.21684169282163,-1.72530471403734,3.99772530793592,1.12075715640861,0.306829343597384,1.73416176135925,-2.38701953838506,1.12258195844856,0.591691431831481,1.53107361791087,2.08505878607868,1.37164809159264,0.472866246601473,3.17563632605953
4,-0.998578306768418,-1.48518852849465,-1.13589744160958,0.621602626463741,1.59935204616954,1.38694074188966,1.80411678612768,0.729786072956875,3.65628474604451,0.837674590962678,0.29974497939868,0.674443141650988,1.01099739869928,-0.598144078203927,-1.38666774223818,0.532313150136537,0.413006178382228,-0.810785703807982,-0.947337134788798,1.02498413237235,-0.873650882251553,2.88532426141183,2.39452880696905,2.74883899046933,-2.34845466846046,-0.199104740679651,-0.680326883019918,-1.95508660016305,1.94364232955149,2.809801313302,0.125273963172307,-0.440581400440813,-0.670752847479715,4.88903201814918,1.09801590252534,0.594347412296003,2.8758507859217,-2.12722721036029,0.959851946800451,-0.912062870791921,0.828521921900048,1.40574427517028,0.782048150767817,0.289581071350305,2.29527331084921
5,-0.823608994076291,-2.17787482772156,-1.48784016494758,1.47014104858466,0.830136260004088,1.37057293386464,1.72994440870642,0.503217155269831,2.12632571519673,0.590360188264805,2.18131973191068,1.28148506146952,1.79745018754168,2.13970730642288,-2.38122363556253,1.33454146596692,2.19326002567455,-0.483072190766272,-2.55438388720673,1.68096212664314,-1.90202938603115,-0.228301040986404,-0.756439634067447,1.50363945157051,-2.38744846474656,1.39303173225419,-1.37370520364178,-2.40095286506245,1.2871045824778,2.47614566298627,-1.23648884978677,-1.37398682881362,-1.98059136420852,4.30018556353516,1.03089595168141,0.868364389054943,2.30214170279337,-2.35395140786464,0.805249532056832,-1.5593892493193,1.64983329409315,2.72973784457186,2.69913653677566,0.885096583437155,3.42865220501045
6,-1.62858874551642,-2.70321761221834,-2.39288874805252,1.61140999112983,1.67160213261268,2.24384433129749,2.29684246473172,-0.0611692979091194,3.54393358693833,1.37945907360567,0.185497211911466,0.671204604245218,0.502178230034178,0.9104854356836,-1.28596113827071,1.42864774332767,0.926300379294684,-1.62925474118568,-2.4292689889644,0.195927852013862,-1.68426996368924,3.9673882390772,2.57413985412276,4.70311602915883,-2.97268828372446,0.743542401393332,-2.35915411266425,-1.4373943062458,3.75428441867724,4.532851489115,-0.909460490737646,-0.332823224674736,-1.67911105970652,7.79121572241413,0.0514256988879358,1.31364950721357,3.61410113990601,-3.07844511753581,0.382404949408714,-1.33991052726902,0.640712064769454,3.15416961602289,0.555640457547912,1.0375617941499,0.795243232437626
2,0.717690555319176,-1.8798376417494,-2.44903429501682,1.20688503381629,3.31890262611764,1.45873091175064,3.17286892273981,-0.188141795578137,1.40768612476768,0.214408281046657,3.69686965364348,0.825202953075586,3.13917390286291,0.779365913804621,-3.76300720424059,0.546701698774797,2.1642166751857,-2.19759640143648,-0.994997389375928,3.58069596780343,0.180484553135227,-0.0876175402738729,0.535896978357265,-0.14330477585299,-2.08061469999726,1.26221852251087,-0.775703418594117,-2.12001542757679,1.55016097487633,1.4430554310054,-3.89823426017653,-4.00557248519552,-1.83012920014923,0.662433474956544,2.62991316954212,0.516190729792285,1.12158377077596,-1.58548046571094,2.3133371001086,-0.853744733850093,3.05957265820576,0.397591220476742,3.64751054765584,0.711711978319632,-0.429721152855652
5,-2.8004669230009,-1.2852951912567,-1.40408907753744,1.63742042799731,-0.109170602912445,1.3902816630715,3.24946831911054,-0.566392787817587,2.17715978911114,-0.664027263582592,2.00814201880171,-0.395745300912925,1.26816479000972,1.13417410668277,-1.59567147799874,0.0628040225600073,1.28894252608363,-2.15270046776761,-2.8808016957884,1.771932056754,-2.68266937276935,1.63421717980597,0.714067243112778,1.13792706006327,-2.14357126258028,0.601562159956386,-0.314609911068887,-1.76311886956037,1.62712040723469,1.6975090646348,-1.22179985181616,-1.35037772367653,-2.23162148711043,2.34707840673601,0.364841639666351,-1.09411822988059,1.61627814385855,-1.81283678274545,0.573014944139112,-2.28532057346203,2.66825571599556,2.41196750212383,1.98412683886278,-0.308782217473256,0.485421513423053
5,-0.618931237419707,-1.83552669403271,-1.07825723317436,1.71198305239126,1.65429561897418,2.72032893349886,1.10403240129406,0.935289179948823,2.36308716482633,1.49042459351893,-1.28438764059848,-0.471355406779475,0.743115029600564,1.68548929908006,-0.418581554741884,1.56149819077771,0.351761627057388,-0.319168719346946,-0.259048436349124,0.947780533010253,-1.23081754363124,2.51872027091013,1.8484754502994,2.00400779213941,-2.26040501213907,-0.843572733154334,-0.0041264198466954,-1.08731617874754,1.68448061142281,1.5427198115472,-0.230982216563545,0.0502581757638117,-2.03198133659426,3.3779529197155,0.333206010895296,1.18990429630584,2.43265384150017,-1.67121015059648,0.307149144649182,0.337356173891792,0.722766852702498,2.21425672033131,0.393967771029647,1.20625589050619,0.328504252580785
9,-2.40295010646847,-2.98241673711223,-1.62137171251986,2.63132814479687,1.37834237737242,2.85932769400299,3.10531179139135,2.30121857095873,2.2904076259015,1.25501966063008,2.33443132157552,1.73689576519577,1.01856277029088,5.14128333815531,-1.16630573504756,1.9513672470662,1.86577066159018,-2.15831263952629,-0.692559243984202,1.03650498902665,-2.03722850360609,-0.617310121007706,-1.81688713615521,-0.35097548536609,-1.23212536334131,1.32293573958241,-0.235187678573507,-3.83713575453236,0.378740339157321,1.07851472478697,-1.63047289637215,-1.07352059044499,-4.01616709951896,4.76178528591947,-0.942575336968172,1.22414819946637,2.11769129215312,-0.834263282239434,0.440023127124382,0.074802894686008,4.34303824031219,4.41090976666476,1.86981867419884,2.30579317241921,1.53695458263303
8,-2.3285229832954,-2.33980818129108,0.0783668267725123,1.68293922879107,-0.795063894188104,2.22673725499528,1.69374696489343,0.16794107792815,1.05149914559471,1.17904651382121,0.951214171402366,1.33668969271425,-0.825457431751357,2.12469669684595,0.0537641966549278,1.53274629893113,1.15859391220123,-0.555478180559934,-2.77985747232087,-1.30076486197418,-2.07059124141438,2.9435777320479,1.57534805607265,3.32588656468265,-0.759222142819744,0.549651683889231,0.395434476929448,-1.65599483250929,1.01738587286684,0.803789497810507,0.196249316059264,0.497621881585077,-1.72954112872229,1.08419079839169,-1.23772034272288,1.17777850437011,2.21828924196712,-1.03708477979388,-0.128412726612352,-1.30737400158968,1.85795303318723,4.24587108739323,0.148982388312079,1.3503502759982,2.10673756467664
7,-2.83603344437068,-2.1675164579467,-0.846718647725417,1.43778577691399,1.56272452539517,2.81280394984491,0.396617582151583,-1.85640633609915,1.68596063620224,2.84581131043239,1.13675050404942,2.84022467575005,0.0629511243342562,-0.255339919410223,-0.874398667670486,3.10916794221944,3.1743945335739,-1.45961104089203,-2.2622062730076,-0.898007556820213,-2.84646442547653,2.60759087708329,1.90883688310791,2.63413460274929,-0.976950189866539,3.23532241149931,-0.802393254124122,-1.05675562360191,0.759164054143634,1.5876256251195,-0.42736729694925,-1.19737597161491,-1.29464614656006,3.06425968742704,-0.577157906427039,3.3705686437776,1.42013674874091,-0.575333047193324,-0.150279314817573,-2.11527324488043,1.9550448855546,2.90983060610401,0.938478672103407,2.38777182652099,-0.511441038961227
6,-2.36635344627789,-2.33595076018912,-1.86345050208218,1.60342493254259,2.3454489463689,1.91895810193387,2.76861250944939,-0.177464554795033,2.97734477098392,0.278061227834353,0.112252903879559,1.03169715651348,0.883846484610282,2.43056061717957,-0.884366129070193,1.76660001221812,1.75960877543967,-1.00899811945253,-2.89513019491324,0.684314925593586,-2.2343358626913,3.63736915504548,3.25063116135147,2.57759631158141,-1.89902975393044,0.659613064130557,-1.43398761937686,-0.163749981961857,2.00708197019328,2.41264441390972,-1.17457545173673,-0.833518507454951,-1.80701530890421,4.75796110373342,-0.0012831037094038,0.194691389269309,2.79346671945489,-2.00835575635416,0.655034549290045,-1.78356497594074,2.94688344001303,3.12793925196511,2.01777882939887,1.05196553057047,-0.315143209179767
8,-2.42005411321563,-2.36873632691529,-1.10431716600789,2.07062316910892,-0.299653484797402,2.74322253036352,1.87750531078344,1.72682139293594,1.70736712847995,2.29738130618359,1.89964587825799,2.18991386803699,-0.230079371187713,3.25953869986072,-0.089192598306877,2.23745757516144,2.98423116630911,0.0279871807197786,-0.558526284710123,-0.720718718115122,-2.48663941473296,2.84632113840949,1.39945178219412,3.3779485138248,-0.638165399213462,2.49406818071001,0.049786679984531,-2.70036882413821,0.233237408272118,0.987105628240131,-0.26139769573043,-1.45120690193073,-2.78558451113028,2.87610081527593,-1.73729745050811,2.03174940758154,1.08491440189562,-0.446245832342729,0.0126483760710798,-0.285805396924432,3.88357267378455,4.16566388490238,-0.682509092620568,2.30931226872295,1.7735943904929
9,-4.94879137197183,-3.79432182110553,-1.02186002102835,2.84746763312789,1.14857745337948,4.29240086782473,2.55460075395593,1.51187813930099,1.98004119770841,2.02278387684323,2.28246921622349,3.93994391884329,1.34884677163594,3.40393126029369,-1.28628572101725,3.43605088723161,5.05529836873365,-0.739816318651842,-1.28134699027919,1.75521656085288,-4.71113821845024,-1.39743994787767,-2.00758857803191,-0.575943228958799,-0.851892465443434,4.12844982971511,-1.84213770276066,-1.41397903752245,1.75202399464027,2.84028765590798,-1.0127205995488,-0.223346215810962,-3.14030318658002,4.47289705376302,0.562723769635122,3.4948234085196,2.144745945746,-1.3911056075544,0.709021217268529,-0.424081152724864,4.67523986617176,4.8605917454262,0.48025372262588,3.13517446524714,0.279611515112095
1,-1.25517338891595,-0.386200054749279,-1.8716765710184,0.838414958426435,3.38946843530852,1.26605403908161,1.13187120433951,3.20872046906819,3.64734042842997,-0.209605693526228,0.156940845932822,-1.34223500589524,1.89495660289197,0.669447210058589,-2.1320963181072,0.541292532290975,-0.216569640499142,-3.2489074314095,2.55843897695615,2.10572075409106,-1.39215885550777,1.42487121682099,0.903209914318361,1.84919345987682,-3.27019840532005,-0.549226976475555,-2.45393878491201,-1.85193764602941,2.93971206389224,3.49818809039664,-1.65827132782413,-0.744151098854616,-0.98795478922659,6.64758742097994,1.74035207059782,-0.808318563675788,3.02013279169987,-3.11661865267525,1.78447198497831,2.03306454844258,1.72485055440609,0.67642604779457,1.05431287631413,-0.557622682327218,0.184925617271315
6,-1.5548664310076,-3.62787684973615,-2.13878651188977,2.1843331139089,1.54016265290181,4.12065662920193,3.64526229147103,0.441393168275101,1.87233112659643,2.76719695235973,3.82644401615385,4.28481395411874,3.21092337407906,3.57536008229007,-2.14700295331978,2.95410136809578,4.85078536303275,-2.22188939443615,-2.10128828469965,3.93158008471441,-1.15232100758427,5.23295998773546,5.56008537481507,4.61176282960808,-1.20210300197278,4.22161915430129,-2.12297424043251,0.500363096597944,1.46296148396835,1.33067430957357,-3.51429874967198,-1.6687153178365,-3.19477918848095,3.08466659315128,2.14754526426585,3.23357434843664,2.02265221544506,-0.996541623696003,2.31339221125871,-1.2574732242646,2.33837226825608,2.09210558491377,4.01977862086639,3.095840423007,3.076291672771
6,-3.90353682842407,-2.4854014028057,-2.25151052656298,1.69611774116261,1.1978171288766,2.39660295358488,3.12535804429346,1.36408768830662,0.32035460437516,1.54913640257986,-0.393524522725771,2.1374659033981,0.576474553431184,2.22593687951168,-1.0718122731394,2.86326005243995,2.25844495314347,-1.2366268867055,0.0605420614617218,1.92038234283388,-3.17861150925614,2.52239648083286,1.25806654958605,3.01408503525071,0.390793818933615,1.73750659431267,0.0727646822747542,-0.805915482404724,-0.22261924021807,-0.543161100579716,-0.752007864581374,-1.23645943558245,-1.55175496778912,0.473045658324429,0.848158807574582,2.21307874334096,0.621417303460818,0.277792605733537,0.438854396285184,0.329209490250232,2.45277638482251,3.28450020551783,1.66969026917256,2.03636863096546,2.66463532328689
2,-0.820939138728718,0.556565412825149,0.14952256935946,-0.104626078943015,1.01202041347908,-0.251756011179526,1.55075443507168,-1.16543268787206,1.59558031656471,-0.89368835178541,-0.181653116674078,-0.794324712211857,0.898559365278459,0.453758364086627,0.939244103653842,0.279340563161316,-0.450861968781575,-2.86455645201828,-4.32787720876516,0.774080899335926,-1.11469075427847,0.130258459559228,-0.0682858302097608,0.292626631853007,-1.57978228838441,-1.36927438835478,-1.05227253521333,-1.06694473694044,1.40217743602283,1.57520843977774,0.0561991684692661,-0.966931873907171,-0.551264399795728,3.50128028346761,0.600094976685596,-1.91119768279603,1.9662263574839,-1.81878564981107,1.00801297783004,-3.25631729799443,3.06364725565827,0.609302827639296,1.2695201182836,-0.792613193293688,1.46239365880819
1,-0.0126051907880779,-0.102380499522447,-2.89666026271166,0.571394764966544,1.47733595011535,-0.22914219770382,-1.47473809400069,-0.157704032043135,0.669903483281056,-0.84850883582257,2.75071009037845,-0.151544251139007,1.98280794505397,1.68369671095212,-2.33335191033493,-0.0710764700153887,1.31474532280377,-1.9247939422382,-1.18557024866057,3.50114536832311,-0.215475458593663,3.15799816436177,3.79811943021853,2.53951935356966,-1.33836892934191,-0.0665857986577677,-0.781319908514394,-0.7135080933934,1.05014835549864,1.15435750462534,-2.61106406175987,-1.68339787613662,-0.748585797003726,0.0616270936707133,1.15618771324658,-0.396782425454955,1.32054677167479,-0.824439226396076,2.32204549560231,-1.11894437080666,1.96858397062029,-0.244332656291803,2.68327379758887,-0.213526997735416,0.363590853305364
9,-3.31900630482329,-3.70043566752438,-0.0070871759228709,2.41911652555598,0.329621676521493,4.47382877505164,3.91463036358796,-0.0857775082004182,1.13174469505067,2.18934564391056,-0.339072269704337,2.64948449951129,0.853945581203427,3.0783536491375,-0.529942772365235,3.12199374173874,3.22187464815477,-0.184752178573854,-1.6104368362568,2.17110187256013,-3.10124592651043,1.90677351589389,0.950822177623679,2.8472489506073,-1.79665327231164,2.01140635140945,-0.825276052363528,-1.64447618218775,1.04910796844071,1.56445246505573,0.735022018619624,0.157194310678134,-2.72902546139708,2.41919072131804,-0.281446845415844,2.87336732712977,1.19610428500606,-1.30754340713811,0.436816026631807,-1.05331802770907,3.82855525896796,4.79196365084302,-0.183851553517708,3.05969882078316,0.797531809616878
3,-0.584737543270661,-0.433307442565858,-4.10495116577356,1.02695842042606,2.56341338951757,-0.0154498801388162,2.54818553088813,-0.376283861391635,3.53304697362958,0.167418105777571,2.42431058908259,0.372366937027541,2.12858585153454,2.61780909776616,-2.06155299967523,0.369430694418973,1.13849087920571,-1.66415796506286,-1.5510939504846,3.19836610294901,-0.863663136560952,-0.445464288684879,-1.3122458208898,0.70681668486347,-2.46045038336083,0.311557984516864,-0.529221673267502,-1.71219529364679,1.52726136350183,3.53153594377562,-1.82649873266292,-1.44955885124831,-1.86005024171119,6.28690818444088,1.18616564024675,-0.257463856327673,2.5631622124205,-2.13133373056685,1.25659213903752,-0.975740178665813,3.21186158146776,0.727141647539314,1.09193221688855,-0.112480793672202,0.365967432131763
7,-2.23846935592986,-2.60519617063536,-1.04603208359903,2.32688118607783,1.67872734990964,3.60169316418448,3.29569141657908,1.05072688924069,1.77186645701506,2.55524650498328,2.29092723040431,2.6532297980223,0.910361963868453,2.85553631092428,-1.63167229646558,3.45772006201688,3.1569240424493,-2.00305209988622,-1.60715452604175,1.08807727695423,-2.30460122535844,1.65073591600925,1.33586633348174,2.21684975269228,-1.77677520729804,1.49320089575161,0.0202601478284702,-1.70143647693762,0.342683829626538,0.19106027196331,-1.27580102564562,-1.55517236249185,-2.76498609089139,5.06103307904359,-0.349464502948747,2.36256745905242,1.45329683228578,-0.663301214257381,0.0773161482537571,-0.543448803058834,2.12246903590736,3.50148956364876,1.81951518776857,2.86849435439826,1.84559923686159
2,-2.05761047884117,-0.785341868975058,-2.60361787237729,0.587925050445402,3.12813794276288,2.52622072479356,1.44584414987436,-1.06518323304165,2.05096238087839,0.404506834370081,0.606949065768174,0.333709086305197,2.28078792052761,0.169975508584057,-0.953956519672101,1.5279065291041,1.20638740026357,-1.48234906435257,-2.30673538759506,2.81113012223209,-2.04979727400263,3.18739530837824,3.09757088999158,3.2537417594409,-0.849148497953122,0.23964201378255,-1.10206961251675,-0.806895939682071,0.894387708772028,0.699623302274133,-1.2089012897647,-2.21994860255552,-0.779646480181886,3.05094398938107,2.60644524762908,1.35624036130885,1.44489879752815,-1.05598693539285,1.99843070578576,-1.65372989473804,1.62860600151883,0.998968392533608,0.65058557110432,0.647662910004179,-0.467262500888709
1,0.248598150845782,0.322444924834433,-1.57174615215023,0.376266482127478,0.886999520987619,0.304654091305409,2.24232408595697,-0.677277991486392,2.53354669326389,-1.07223072484577,1.25011150875846,-2.52526994358428,0.97373308592382,2.84592624407055,-1.44826704842696,-0.625051963739944,-2.03804855716293,-1.17682913393397,-2.42644937217487,1.37774682628396,0.267513500213785,2.30397581457059,1.62706927758931,2.54433011100889,-1.86214992934126,-2.9966257927125,0.0695045666489461,-1.31697897265032,0.975086333394831,1.15036123241734,-0.993260478837701,-0.633529971452193,-1.3729483428151,5.25516030873577,-0.0170867436329734,-2.34178264560885,2.63700486574155,-1.51124025494967,0.771606433731575,-1.74981738115827,2.90780480786811,-0.198983625155739,0.865460232860744,-1.22084899202955,1.9539732664879
3,-1.33304166122718,-2.49114661909733,-0.91566137316508,1.21693507883946,2.49091941737255,2.23941800884181,0.307592613950532,-0.745962948488641,1.26195600445228,1.51662457776246,1.5961283166267,1.45277947756649,1.23893914395525,-0.385471803131701,-0.040538297269999,1.96990938811487,1.76155037902349,-1.73330778895317,-1.87002898209328,1.64626537191048,-1.22899063315049,1.21325480204719,1.06820935948217,1.95858648971008,-1.25674361711815,1.27459518513783,-0.639816287670113,-0.731669189529121,0.740442363829742,1.55039544782836,-1.63139010613782,-2.38016446802175,-0.987361243677031,3.58588719441294,2.11565932443258,2.96562644934492,2.71962547446553,-1.3764251680653,1.33278119864733,-1.34509868833421,2.709621229909,1.73956332549045,2.03503032186444,1.70467829082129,1.63623827742007
1,0.289455823023666,-0.360373378343314,-3.48539826043322,0.704235534323018,3.10897452016453,2.09194378976628,2.66675343524761,-2.16383044907032,1.73210806855381,0.50632225160817,2.55057088110595,1.18908705969903,3.51956461792193,3.09958958198812,-2.72274571631957,1.06408319092586,0.88098242824931,-1.88647307186773,-4.44301386994331,5.47489635753627,-0.187607146908308,0.324067641967304,0.472582902696919,1.2588815094757,-0.211788772229023,1.01863995677734,-1.8876076929012,-1.94530437640461,1.39723297801602,0.477075513438785,-3.35495763199302,-1.98656157681685,-1.30566721447001,3.30035692127941,3.20737310243191,0.2925534767721,1.40141725009052,-0.232708744202823,2.78937567482354,-3.29508929964523,2.6948297039207,-0.0837322507665617,3.65076275847453,0.656168822426889,2.01704967793036
6,-2.47053569076139,-3.49330802429533,-1.84745051114657,1.80190136271799,1.17181285979764,4.45378684530142,2.41530222877128,0.649557670415434,2.04429312217922,1.95952802526118,1.74270559149145,2.62460579225393,0.89362629672292,3.65823228420957,-1.43053767017755,2.43317581743849,2.75345990835425,-0.709320225969184,-2.8322499316338,2.3763260346149,-2.67510428812464,0.108124532580658,-0.778902869244729,-0.120927460665699,-0.622272267576582,2.53726584392173,-0.0231563367617177,-4.04413475299534,0.361235732215863,0.531310605863661,-1.14902821846118,-0.13515816774454,-2.3965658215205,2.92114761802434,-0.160853847737811,2.24990726340911,1.53002159237595,-0.216653225565628,0.618895622603779,-1.43080271414694,3.26201054098837,2.24673914394226,0.161559858656087,2.76758771765745,1.56165477701547
8,-3.76951624072554,-4.14063801506314,-1.85761039154489,1.69326710331588,3.19784874448991,4.46680787577598,1.93763221963361,-0.581634176403187,1.58514371505426,2.69886918110116,0.122734684376812,3.37983102500871,-0.0311486490340209,2.79021474969867,-0.48546491488295,3.92515748059183,3.47283111736638,-2.29254349755085,-2.66133910227822,1.40273103535728,-3.83691615641348,-1.80968858977789,-2.57968603289271,-1.34629149350648,-0.598034910893889,3.48839650855113,-0.541064641824746,-3.77001688048856,0.909826781026291,1.11800891038255,-0.293854843378446,-0.330934810053865,-2.11701743752588,3.18334756139213,-0.481518394802721,4.14188180835096,2.22811912978854,-0.85047703642681,-0.221813918896437,-1.96821292448268,2.18336636823663,4.18748985389599,-0.260463374408796,3.70611814199584,0.105406490967353
3,-0.606520131418452,-1.94849296519747,-2.18669412045723,0.657185576642628,0.438265615048971,2.85591348167853,1.05924534684991,-1.9337692399455,1.10924315910608,1.64163234622944,-0.812408282528904,2.07382908919358,1.27607755052313,0.858377259338041,-0.252988217713654,1.61764989947824,2.2335919288473,-0.992536723965215,-3.47604099489079,0.966120853344705,-0.81935037771706,-0.90912117844349,-1.12562102069181,-0.265562167191952,-1.21654944206766,1.46465964133832,-0.655327234088961,-1.88169459500805,1.77636670102698,1.40839062368761,-0.850174194033141,-0.571408828758712,-0.859358814203794,0.704788414856585,0.827774423045645,1.38857984128786,0.889166812591774,-1.04146773694712,1.62513828630899,-2.78584462566532,2.41756351096488,1.81202785340624,1.34845417103961,1.45558216162252,0.218060886660477
9,-4.98707792365688,-5.28161899299175,0.394769555575134,2.22570257468984,0.679393037179783,5.75883254296247,2.52091450294032,0.627815983977458,1.03643343829286,3.80102286414011,-1.19484011931953,5.35717826128062,-0.501424905698656,2.89795464253822,-0.0256115905600203,4.07623391727759,5.49437144976776,-0.862348888163121,-0.434289720714269,-2.33281917085136,-5.15501113099806,4.45511165480563,2.55398586746772,4.23519039811343,-1.45845888468369,4.60446592310408,-1.61307575214335,-0.145740966110448,1.59280542377127,1.34346987476282,1.02845328992719,0.272998175357379,-1.91404830619526,1.62663568191591,-2.26617527509543,4.97075314978258,1.27061673929212,-1.52349123937338,-0.614412559699219,-0.38332180993715,4.61087100272947,7.03614341636219,-0.591872935488303,4.17651953982963,3.55268169463145
0,1.68400303922352,0.290207661065945,-4.16177427625165,0.0192367884461833,2.03673087314551,0.0488192535871769,1.64031066984846,1.84807287594802,1.09403407693602,-0.755424122714593,2.1370628186424,-1.12710966700826,1.80000384893683,0.960917271304447,-2.87179677105662,-0.0904347140098276,-0.160586138856363,-3.04276989969763,0.39555679029313,2.50586111200279,1.91860386789417,0.953704658553032,1.44258112185149,1.21287211541318,-1.23469260201197,-1.33646906929784,-0.302433892552702,-0.15012462959633,1.37604132018221,1.42168226347025,-3.64108594427349,-2.81108754079793,-1.02268441980658,1.22488848667143,1.12714871912534,-1.71743865678401,0.391632266999546,-1.59563809259885,2.60156482314364,0.64430113759878,0.748201610757506,-1.44054033878916,4.64813030410269,-0.848072024266071,0.893011377985831
3,-0.912995877115134,-1.04568944149559,-1.54200637731605,1.08212962022908,0.876398998476932,1.04337200788813,2.30269228302771,2.54863228781663,2.97656986462761,0.917296495184353,0.0336435388861402,1.29271405043714,1.77467844933937,1.62076531891922,-1.48032551835474,0.703173287227506,2.49278229823911,-2.48661913361578,0.708723440155803,3.33948333379871,-0.897251951859378,-0.0363252911336639,-0.17071764759702,0.450433997267908,-1.03554323276625,1.80863538734949,0.010636989098662,-1.86492958990938,1.46026324200003,1.89286565639163,-2.18410020228194,-2.24167333729183,-1.62394193327798,5.33922608525555,1.05649105675929,1.34318095769699,2.18750582592662,-1.29798815138378,1.1746480568248,1.49749919857292,2.35310224298593,1.15442749027108,1.29722779207638,0.516322558744048,1.35572353746935
6,-0.0003523348895679,-0.858357076914336,-1.37375812525575,1.8458642833487,2.59483601224546,0.163680165416401,2.17066909118249,0.519501103171022,2.62949483666774,-0.077413779542217,0.384516981016945,0.0856034642328337,1.86979051579251,1.31443691603501,-0.746523800547771,-0.211988139700627,0.646751701095258,-2.26881062723509,-1.25459133788177,1.70136065165867,-0.707454466020665,1.58577867754563,0.753929509524181,1.14064903857269,-1.93697695482189,-0.629183865768027,-1.21013949039563,-2.32379452822516,2.54388273383617,3.22867818974101,-1.80317816276919,-2.18724381976327,-1.84543590610402,3.05115798294569,2.25449740417398,-0.567189143461944,2.39363519535861,-2.15200839755481,2.08647554435572,-0.701736525823598,2.16752688812036,2.27059601004445,2.52550811699951,-0.704360074116583,2.55866286916395
6,-1.38850861563148,-0.532890188194886,-0.113767701137646,1.60065770341658,0.720750953422781,2.54026815244631,1.51062356795716,-0.537089285270876,1.61002497848861,0.211623817717616,0.663733628996261,0.44283167398977,1.14812030336979,0.483700850681774,-1.48900330723303,1.00118053267687,1.74918511091657,-1.85489905347712,-2.32883379441043,0.398001075115537,-1.39044262276599,1.81165165574968,1.73298541055202,1.21648387513505,-0.680868926543458,1.09712210040597,0.377965518227641,-3.29652917353449,0.626060901124842,1.39014391910807,-0.346177573002053,-1.36808345385659,-1.88947051658278,2.56626969008221,1.11929661874767,0.583747825403498,0.871177912233341,-0.741786902191371,0.953268235529793,-1.56878324114047,1.79771802938012,2.78457008600397,0.566116915508271,0.521517334542727,2.16582046214244
6,-1.98592450283961,-2.80160928989199,-3.39019858930689,2.31217735374884,0.659335548564753,2.61295364245187,2.39946593412255,1.09512660311301,2.02065818761961,0.681783268720112,3.35867963799677,1.18749337363223,1.71191690402954,2.85874269295938,-3.20655705224384,2.00192508151198,0.557348486247766,-1.52015603836162,-2.21484646878409,2.27431963187805,-2.15521034408097,2.23540404845289,1.77796476323361,2.43432822321324,-1.03162345045879,-0.0016498560650197,0.736588877506086,-1.00045615420138,0.419120435766489,1.54839815556994,-3.08713095691347,-2.47670265829601,-2.57758703532916,3.98869824963118,0.683805436359172,0.184246814620564,1.57098250383222,-1.11625819145577,1.69560470657926,-0.75729340456621,2.50286715723682,3.17459136808457,2.12470521823209,1.51055011303268,0.682138196993356
5,-1.72674601796127,-1.58178467579372,-3.64757521808132,2.07558935337613,0.785481594893795,0.911808113093388,1.18762299478852,4.48131791193025,2.97668654789825,0.426833051139798,2.59321865514443,-0.707714710801217,1.50120472173773,1.58137459180041,-2.0253287770018,0.19592395585279,0.0654452053370392,-2.89016935856557,2.08696779522888,2.10647252895624,-1.65278475419047,0.62448191916777,0.09207170110494,-0.652865603022544,-2.42398302020269,-0.717377376510442,-1.93280085162639,-1.60495111115677,2.27023622073167,2.562505637369,-2.77004686996685,-2.42899395783083,-2.01915434645559,2.5462112553437,2.08599608465801,-0.260005817851254,3.64112744464058,-1.99552127798038,1.988772971318,2.33732591927765,2.59828960046135,2.23186606531114,3.97851767890336,-0.104851891073767,1.67313426252734
4,-0.561411178387828,-0.204459512859906,-2.13153161772365,0.704546547346478,1.30320173666281,0.016707135579406,2.30849657614538,1.49439303363328,0.568675218788214,-0.638767795727135,-0.0637505947498885,-0.920085631527823,1.26714771482591,2.30687792256375,-0.555734264757116,0.555941485820689,-0.592544979854936,-0.765884253375018,-1.11025758913562,1.75216034951046,-0.913755733425377,-1.63419332542175,-1.74743206798269,-0.491500463169831,-1.11481036306575,-0.855025927457723,-0.148042861968791,-4.81541234112035,0.540392421721085,1.0371173853512,-0.672891482461576,-1.23739783674517,-2.10364244202809,1.33780225279386,0.458889643360239,-1.11162601730672,0.330700473094179,-0.867124195061094,0.736174607919931,-0.445080206194562,1.31472323633516,0.51840380170241,1.25170450699983,-0.995178064422495,1.50465634797658
7,-2.53795417252148,-2.42667274514209,-2.53419225258914,1.87679381838283,2.45321759715103,3.56538266261212,2.31909830760949,0.216536623889582,1.42576656677052,1.40152383907967,2.33655411419161,2.24786296702792,1.34101953750809,2.31037788189005,-0.724852464911563,2.75130490870112,2.07673380534257,0.0191139148947292,-2.58461551490266,1.83478057375927,-2.54238531179738,2.66345975335089,1.87900079746443,2.93461859815974,-1.71255840646177,2.30086629480765,0.0716112741885597,-3.13115858180121,0.755668559709774,1.70516735552485,-1.05287088539709,-0.126694608260929,-2.22431317514559,2.47530880731612,0.796297595749918,1.87381513980845,1.51663328872042,-1.27965700699598,1.31572863145517,-1.85363480704205,3.39993381857579,3.05663544592697,0.845339160246118,2.20458733134426,4.6091070934837
4,-2.18954367491949,-1.28394082125262,-0.523025794714322,0.612052930052238,1.84995653830253,2.22618547469803,0.665492750148986,-1.09491804118063,0.879341815715289,1.23060848794571,-0.419412281142113,0.372585371794232,1.15980133071827,0.150483033952439,-0.0639184529048052,1.07406706096997,-0.0955888405620215,-0.562506259023622,-3.29985658124891,1.18302930779333,-2.40546669092883,1.40917952740604,1.45868783686106,2.36784718602917,-1.33187615981633,-1.2956863691622,-1.39753188794209,-2.37357151835856,1.40308745468202,0.462885212476588,0.0090881465747589,-1.87036266943187,-1.17034947982081,0.669402906704103,1.26827196134448,1.63647073806091,0.648878649238079,-1.2310963502589,0.516841834180154,-2.33060818109197,2.079725196599,2.23214488346505,-0.424477241254153,0.643726828338222,1.35781382577634
8,-2.76656750762023,-2.51329631986439,-1.02726548440481,1.37209157668337,-0.430333811311323,1.85793262438934,1.40819624738483,2.48962149077344,1.91608855872406,1.41745848790031,1.2253343482373,0.222445040057863,1.32244679585662,0.471352659872996,-1.07553213865498,1.34443909061705,1.7141693643786,-1.23286013653647,0.818272561575182,1.64298656948011,-2.74866953753234,1.00965897724392,0.0063995450788287,1.00705313939032,-1.67448882826107,0.582067107337494,-1.329517966358,-1.414811420284,2.07413328286036,2.52314858195784,-1.30513270945844,-0.682206531879831,-1.62988657631956,3.77420553632273,0.442541631964013,1.02365963721549,1.80269222306855,-2.04550070333492,1.64657539734377,1.15370540828147,1.83098813814377,3.54697048940836,1.91479534368054,1.10519834427904,1.00224032129159
4,-1.86213909637698,-1.18671327785027,-0.615471159583502,0.691562061135655,1.16670740856742,1.33647143078473,1.96640342682187,-1.02523406809702,2.91522773138333,0.567121844277661,0.536075803233109,0.242795119542913,1.30465947803038,0.0419360803023839,-1.42672888909651,1.21448743574738,0.493286555955942,-1.15446867429771,-3.56905645549046,1.80770477190679,-1.3231433375938,1.29374686041382,0.714210337631378,1.26701777517165,-1.80579790839432,-0.011685349654062,-1.57934329894052,-1.52193516426434,1.92391819702581,2.70628929023746,0.560008371790069,0.85388409614369,-0.846120740340303,3.82883611013414,1.85417252910641,0.0024327160096682,3.36670236637968,-1.71203131779778,0.669095734978707,-2.3716895029818,1.04806438114106,1.99658005900884,0.0087736471302779,0.618876443754063,2.26748782090075
8,-1.7757146046471,-3.24082396864117,-1.7632561433647,1.88969320617906,1.57138332985436,3.5472593693278,2.190049560983,2.03481669676902,2.10346163472163,2.49221485665962,0.953655322442563,2.51565785600872,1.99415808348512,0.950220282681451,-1.31273077004129,2.36415781809428,2.41326684737154,-1.32815673379476,0.137489492988727,2.84588654774083,-1.67147739938781,2.04697508540067,1.42664777959066,2.61809112544586,-1.25285789029107,1.85595914057795,-0.467213238913944,-1.00965511413352,0.916728518055106,0.646547672057147,-2.25230302723649,-1.54316014925972,-2.2490992816672,3.81280753337207,1.43082480869825,3.0675396128244,2.0533104811236,-1.17487435112425,1.16573155370971,0.667786572439485,2.19806064363345,3.67789114440097,1.08871593989806,2.23665037816287,2.60877306598025
9,-2.70045212192166,-4.75583818479237,-2.09263780192855,2.91733105058613,1.27632984991896,2.82007138396118,4.09987638845513,0.585659503837969,3.97724555405829,2.29952746038876,4.01541956760062,2.53245234075576,2.1485327317289,5.12454566760037,-2.67536403022293,2.74387653760176,3.58158121832706,-2.74461944884087,-1.14242786156131,3.18144482073335,-2.74142546814695,0.540587869079181,-0.480300447368823,0.409643481544036,-3.02856246280723,2.59760231074586,-2.86339427634059,-0.924382465924084,4.20134622276345,4.20334492094002,-3.6665042885666,-3.01158768498794,-3.71306958062652,6.01115869083446,1.02589229741952,2.80647864644606,3.64237079787165,-3.64544495828887,3.08352268434978,-0.970909549540954,3.50161608435036,4.18860162373221,1.90172763528008,3.08152861335949,1.12377433993787
6,-1.37949118242779,-1.97227916320738,-0.447559522848712,0.897957584991526,3.49932484596438,2.47925764820124,1.63168273282176,-1.61458410081816,3.37927908092176,0.906496338311185,0.676019306770467,0.286590407257448,0.613586549559602,1.55921765276643,0.641158251612011,0.994948174471124,0.692957276314563,-1.90956946720275,-3.42220744145087,0.454698892248007,-1.60775489709153,1.7924684633957,0.239129085107691,2.94967109090123,-1.67173555453831,0.297318694911129,-0.305014102237207,-1.98905317100552,1.25145221383148,2.60167745588757,-0.531267826311511,-0.34537419101349,-1.20068740891432,6.08305855325501,0.434796761602977,1.29821044003585,2.33862694408572,-1.76760891174299,0.329792531670899,-2.75707310964038,2.68436346877587,2.69316352541002,-0.188155086066989,0.984444923741705,2.79263797669454
2,0.674533062806844,-1.94481540556937,-1.04538600196178,0.309565071797404,0.25039948070307,1.52040829567264,1.6097974060204,-0.441833338340153,3.33860000844372,0.537522502671154,1.70917785179455,-0.124996054586366,0.709283537276415,2.91217125821429,-1.79808356149993,0.548036819833703,0.638071679812754,-2.22090334235188,-2.62648261756022,0.509671014081187,0.711571135510884,-1.7217144859613,-3.03837216639064,-2.10656328855251,-3.13504080333975,-0.388230708243013,-1.86323987501603,-3.07242718877429,3.02620846291894,2.90084811668915,-1.86242662582901,-2.02688394579089,-1.43961092672454,5.26119693224321,-0.233281461564612,0.807263293019334,3.20152576071974,-2.89088947427476,-0.0725140888075956,-1.96648444439891,4.43850133994219,0.748973290458494,0.359749872917639,0.824261272541685,3.38175606812965
1,0.53439694803069,-0.852737828875644,-1.28301193751081,0.548028840186704,2.69988118889905,0.0503462403876617,0.892378182852645,-0.984711700301663,1.60703411268741,0.558133097346186,3.48974792143778,-0.757346528373071,0.706182876877146,-0.175659780884183,-2.29265737050776,0.079109611181191,0.226704361077916,-0.228504615231646,-4.18638127162836,0.596913656205791,-0.251105880298212,3.3307484145803,3.16159961720946,2.88915106660417,-1.44299672631489,-1.2428164519035,-1.35988394870556,-1.51065703548042,1.5109398908449,1.58063312603909,-2.12435215779857,-1.18982015547658,-1.09934960711579,2.4895640076351,1.2428525614762,0.0297735038670153,1.72205675953355,-1.25005540232536,1.38518900211084,-2.81537582578523,2.42705721968,0.0507189145037474,1.56527015483231,-0.251126805946892,2.46131703057311
5,-1.71478673925578,-2.37521118102844,-2.56531992862524,1.31024423035018,1.81640099483718,3.39005857353562,2.77489426968434,-2.28186604277302,1.35004099617787,1.54582329125974,3.49807860842935,1.78578489396917,2.83076126497546,2.52359451640134,-2.99648080234844,1.72920008167165,1.65859449274635,-2.25545580351219,-4.60352057007675,3.64605070995111,-2.04871751598339,3.30811321526263,3.42504745567218,3.59416128215022,-1.36110680962387,1.12099317529052,-2.19782187217046,-0.898926618233204,1.71990662209004,1.62118151037512,-3.35042246349853,-2.71117032511764,-1.82927482269896,2.21738604994356,2.55357934286394,1.43776043308748,1.61454894936621,-0.943590022038985,3.07197831186996,-3.65063180599964,2.45046823483366,1.71579711396543,0.935760265930776,1.7983158970492,0.568531705798952
9,-2.01876880319931,-3.8675166522846,-0.975860831757108,2.00188935067176,2.78993282385092,3.15755411608386,2.9534683824935,-0.375257577648634,2.67370345274614,3.20937754208698,-1.27483074343776,3.40696746956998,1.56754079876463,2.17377189880379,-0.191186873165973,2.82733942473613,3.04637771684519,-0.595251495412289,-3.19798643751517,1.36193415559275,-2.12687547317874,4.42361998145051,3.39625653720814,4.95989688964117,-2.52792807647479,2.42413658252793,-2.22343696512151,-0.205681305533751,2.02393993770551,3.4850275563632,0.640523950004652,-0.009272989044254,-1.65634561538193,3.94198423378243,1.08699416398095,3.61445412891127,2.1654490153171,-2.55892661187054,0.89406682076241,-2.28020510595366,2.25094433476973,5.22759556990352,-0.531039711367458,2.74570146005635,0.88592636036041
4,-1.4624406494152,-2.85665724522136,-2.48918640734627,1.69967248122303,3.10194671117632,3.04496464333563,0.764635987051248,0.359833344293731,1.51993788086399,2.75683583688603,1.79133535567325,1.88416790816514,1.58079656863966,0.548715242583638,-1.94217837341205,2.52022953363526,2.49517414402648,-1.78195314480238,-0.86928876334889,2.34852238152227,-1.69480221926953,1.53638625923331,1.00977790878439,2.41639576437954,-1.43153373770798,1.94894168523893,-0.707581890439609,0.467098018403664,1.24639260696638,1.16952189200073,-2.36015526358019,-1.80055931993034,-1.16120863934546,4.02530321173507,1.11036517638615,3.44780846194783,1.70034087511534,-1.46641161959698,1.99734001058473,-0.787134654091954,1.80787319340309,2.10113779312127,1.27309227773863,2.47627667681852,1.7750918602911
0,-0.431433963663464,-0.325639678264299,-2.0409942659191,0.391060296252734,1.71732651609019,0.895029523355534,0.450118157133827,0.0138605870622879,2.9750691551057,-0.936513992310632,2.37631400283097,0.236244136917507,1.52633215172293,0.117132485326835,-2.71524364266554,0.682567976466686,1.60914573221088,-2.29905634787258,-2.27108212042366,2.58084430974986,-0.660339434485303,-0.034602484625431,-0.519591299104356,0.235874593954941,-2.09237555144312,0.811319786787668,-1.32044147490436,-4.01317263898101,2.06494003281005,2.50810682979091,-2.51883427549073,-1.19805753886656,-1.02404901768213,6.91666441800817,1.29767776007573,-1.21240515449917,3.57345861477713,-1.79198899891836,1.0291261078424,-1.53815466192608,1.04821960591453,0.115898858250503,2.62220501290275,-0.388035348472106,2.65134901819837
2,-0.69510211266311,-1.12204081916409,-1.04508257735403,-0.161603848038758,0.805826301052352,1.96369824946268,1.82538966054496,-0.301916449333138,1.44488790917068,0.560981500813318,-0.384236975730919,1.1771286429719,1.28328555519185,1.64006481665157,-1.07283980603179,1.07772428099195,1.69473933193639,-0.365378324408606,-1.50179266783835,0.421957487814852,-0.563622177856079,0.637668124018389,0.669215927928091,0.0947999862666396,-1.32001798957345,0.792972713605083,0.140707846555773,-1.07710128251128,0.332996515213115,0.590910510226675,-0.106035317860906,-0.599359603541254,-0.398236163981027,1.84297523120382,0.70692551598465,0.36910125407783,2.34742262663798,-0.945741551855071,0.788410874582464,-0.838955204391276,3.10806042100913,0.119222830731062,0.190140816202289,0.566710627058606,1.16841963990344
9,-4.04938987185826,-4.75288583609825,-0.129387614874465,2.89732136427263,1.92721123253036,5.05388785414258,2.94346382258706,0.197179191246782,1.60282397635136,2.61263385456067,0.359565321614978,4.70245708689465,-0.130207326176247,3.03337976444311,-0.993206834211551,3.41662082463654,3.93490952689476,-0.447156204368674,-1.64815338012105,-0.265142510942186,-3.86577931514354,0.850462917344267,-0.880969387711442,1.52170593680635,-1.08119762815111,3.00696417700841,-0.496450982509969,-1.3545752547073,0.700855801424418,1.83648958287022,-0.274132354945883,-0.220418218166872,-3.23983034459145,3.79971405439432,-0.909364218322641,3.26806317059326,1.21438367725839,-0.714821171867948,0.264954582402884,-1.48793787786153,4.69873218730293,5.76489355825542,0.413683882497222,3.47794082063727,1.21965206526122
3,-0.976849043179724,-1.46909957219918,-3.09377218274736,2.08935979949809,0.556817402555959,0.929542577896712,2.92410306868477,0.212923442880057,2.99017513439955,-0.492567978640274,3.27958784547356,0.358481263289632,2.82506231953205,3.36189410199414,-2.11113326930258,0.65775250304729,1.58772492504781,-2.51476660382114,-1.99770762429578,5.72186312977451,-1.02897063564621,4.84589083608404,4.85727852404389,3.81856407878733,-1.80419560313952,0.827474760960917,-1.1198446013052,0.218100832810531,1.74886275299529,2.66098492305435,-2.39442890756713,-2.19898706771334,-3.28426609418832,3.69390798402898,2.85094088984275,-0.958983428461441,2.97659526347873,-1.97803035125971,2.21781800671028,-1.17887463097627,3.73441833260289,1.65384133374238,0.125020722300784,0.229161844567961,0.207607369980483
2,-1.04543523007484,-0.38754566641892,-1.67025179379955,0.751558514726768,0.547399672096045,0.211227815375318,1.99228490183096,-0.134791403862509,2.03677939927293,-0.962893224813749,0.751964025301773,-0.530427280826232,1.4551248576566,0.575848614444653,-1.51315248695699,-0.348492871632821,-0.151989073737051,-2.34432846766261,-2.47854125043637,2.80816342871422,-1.04858359435137,1.86580393057935,1.55505080894304,2.60719687462093,-1.48770326499745,-0.865737298439753,-0.999858224898464,-1.71192615510494,1.36533961015108,1.22373694809164,-0.373645235290439,-0.513124940045151,-1.01180908113554,3.73863816129519,1.16526524485536,-1.54660232120931,1.48681134280839,-1.14316165423844,0.0199719516671662,-1.59450975996636,2.51726944455987,0.769149903520156,0.143901744328864,-0.989110798806485,2.3817085632039
3,-1.41658019686782,-1.69979246667707,-1.63372166529243,0.561255383147262,2.48865471319826,1.94457135323668,0.0419025853663441,-1.67712689941998,2.11836739976987,-0.0103911220078949,1.60503043048186,-0.719913648658065,2.01246375445838,0.835313556233147,-2.58488101329786,1.25172369219577,0.144913282409327,-0.616357662287947,-4.13590184473757,1.53820248142603,-1.04563793810921,0.0329226060465621,-0.219506971747991,0.743283570550743,-2.35040533698665,-0.593519070477385,-2.05760764331874,-0.881925457324541,2.29142057537284,2.30283990131795,-1.95065565640837,-1.7129018128843,-1.28623859377961,4.63099519030177,1.8658978419129,0.0460187967865873,2.3555550401393,-1.89383415928767,1.58278084568283,-2.70135189730748,3.01473735771788,1.43333237303983,3.13414628849318,0.349723512965425,1.62791022179669
6,-0.798930708030963,-0.804697624376211,-0.258524777284547,1.33357168940762,2.17482641665778,2.14094096912116,1.09151855844393,-2.49324012055585,1.16409518653724,1.25316158217621,-0.260625612042951,0.932040896584188,-0.0032491609936602,2.26570480304456,-0.122684950794596,1.58887274345816,0.303404190341196,-1.24549970661081,-4.1076277113395,-1.07474526404063,-0.731128253680611,-0.145013511085146,-1.22102647808936,0.681004067833982,0.517756498242064,-0.209970473107133,0.632961876808907,-2.33554044285184,-0.681541108300944,-0.646693149509922,0.554291425890831,-0.628643013833845,-1.82196089509202,2.37993424025805,-0.9634701806827,1.07567192848623,0.95059732288094,0.578363927320584,-0.201547277164864,-3.14623756212356,2.84307887413935,2.61899889158287,0.0103452321651678,1.35406886234813,1.27079145993571
1,0.986141087933592,-0.901741147925066,-1.93605169740442,0.765550173280771,3.98844051151324,-0.126116115595743,1.99151260786472,0.793368403418549,1.52126771629622,-0.515512265364277,1.39611908032906,0.51493622051594,1.38956315266969,0.243675596313636,-1.56766105531522,0.891615462246895,0.85249039605738,-1.54370918656223,-1.08209540522889,1.88963755678201,0.588176319259603,1.15028870239357,1.35979467149319,1.82795546773675,-0.523623218525006,0.0906381368674363,0.697618993266487,-2.80132988372744,-0.770862918889833,0.170727452071666,-1.77428381406941,-2.37011322970916,-0.580907812553471,2.46940893312954,1.90017494580099,0.269715750749999,1.84741133762366,-0.552331890002302,1.19769391458537,-1.01943416742953,2.61307561388077,-0.145978161054834,0.790822138443364,0.284830805580337,2.52845719422383
6,-1.04031133733431,-0.868898380698157,-0.414215476764245,1.20098677993342,0.297342821250004,1.29389064835437,1.8723057127388,-1.12667256077836,1.41907901918072,1.26923775582605,0.254061856094266,0.974480411505372,0.920668764009952,2.17004846267381,-0.447858602040665,1.80577284318062,2.10677812152733,-0.209787874520483,-2.81550511069755,0.218023362291861,-0.649551589201397,0.265722499167024,-0.10916563996233,1.48912272719499,-0.412127677415161,0.536378902530633,-0.289211631755276,-1.55621825217339,0.559756441705151,0.0191756032143205,0.513571610860386,0.875721795345373,-1.18153596380291,2.91939594534283,0.654736510096324,0.911094803056273,1.59861498959346,-0.0860203298415004,1.49416953511312,-2.34221138807397,3.65050654950254,2.17327454840904,-0.0532111890234553,1.15128419690469,0.702572676597493
4,-0.880300796774654,-1.06458652920519,-1.55439582012134,0.229546620718542,0.474299116545651,1.42093320524998,0.532671106419932,0.982895875283502,4.56569645961803,-0.140317025765784,-0.602434577435549,-1.00447656108842,0.261694635487906,-0.401647951453342,-0.188069617276077,0.846477119681613,0.982781677382297,-0.246492723711737,2.0396678761036,-0.075203613746064,-1.20839294057989,0.956971828978201,-0.0623798403419116,1.42809438479104,-2.59959250081805,0.0600479722863179,-3.09838578851365,-3.45244212725078,3.03593642846335,2.91920321960886,0.821969134802867,0.0260779649998373,-0.114234996362758,6.94778601626424,0.189685021975065,-0.373849869443871,3.78448907374571,-2.14568952097705,0.987895537482509,1.13626858787243,0.0641893315099296,1.47020463481514,-0.263859772801355,-0.486566169599067,2.93056827309351
0,0.704355323557892,-0.735408384879225,-3.68508929887505,1.42903162681006,1.95782364029285,-0.648288956617222,0.544583240139744,0.564659207381223,2.77379125756665,-0.868806191782114,2.87182753935291,-0.483579706414466,2.79890515240097,0.223027452669434,-1.86432510393575,-0.0441880680765995,0.306733141488007,-2.31098790501381,-2.38426693063201,4.94281810673954,0.627030934086678,4.37850271918573,4.48560674724763,3.56043597068517,-2.86516108828563,-0.469896266801925,-2.66952927587046,-0.693640940578382,3.20268470984461,3.21541421368148,-2.83667200037689,-1.45977364990883,-2.15783568561683,4.60424450355544,2.7525788358505,-0.9935451893311,2.71639153044869,-3.27792709233778,3.75181686209635,-1.53840046079011,0.178390711726272,-0.177351653718383,2.13919262239147,-0.961349092949002,2.88860503606065
9,-2.70394884936346,-2.45914821983465,-0.112456114391912,1.87164496297365,2.1387115343627,1.52327131735797,3.86707393780293,-2.46003001904474,1.91295710566473,0.181855545899625,-1.67483642652299,0.668750139518634,-0.0701090297179741,2.61240591985978,0.309880189493606,1.14123432663596,0.314353354079524,0.0994695218372025,-5.00127587416682,-0.366522791845941,-3.0029027046685,4.35280853555195,3.09275382135536,4.39670159192304,-1.15461310176896,-0.28323978716934,-2.16829846133805,-0.866966721833921,1.70286106582204,1.90248613710266,1.93842528953334,0.852244120685026,-1.56183663379055,2.2887988229014,-0.289315175143656,0.672953547213905,1.50757082453553,-1.17432895382194,-0.649830132390585,-4.24645144238771,3.20616031375432,5.46368262854615,-1.6702045004698,1.03887462824315,-0.070677458708573
3,-0.74331283888718,-2.18971733368868,-1.73009684604236,0.985721936671397,3.33815895425925,2.08763492168909,1.0156733085803,-2.71671487210379,1.72512455326906,1.65721039221705,1.96046142271069,0.207468716071993,1.28205022751077,-0.852482222158638,-1.07903279690972,0.786372644371315,-0.212549600508268,-1.88936523623605,-3.4023265705297,2.31226286038886,-0.646218994061505,-0.0864559317429462,-0.688272677871341,0.991740416549943,-1.53470521092209,-0.442553380484964,-0.743926455008483,-1.47868353761133,1.00218782936367,2.23715172974297,-1.70728041602574,-1.7131527409441,-1.19101341900001,2.9943445524743,1.42408939602649,1.67815375625005,1.50198807061067,-1.15558035846908,1.6708955781533,-3.03197736315159,-0.492526817623726,1.17032393253349,1.43010729434849,0.451099774140642,3.68157574994709
3,-1.23235764905437,-2.19924567953053,-2.47409318642748,1.21390667983376,2.24961790334909,2.40010127027493,0.725939185880362,-0.0065662114263885,1.81459610387526,2.89681991206363,0.847127118838195,0.702929108668174,2.12349647119458,-0.884851947473734,-2.8102277957168,1.85065596302979,2.08697402275283,-2.27968176275179,-1.85180061882521,3.08637535526674,-1.50207755731667,-0.710669816389615,-0.953686654179982,-0.749768907926156,-0.248182996435149,1.09805789285492,-0.653652862785305,-2.54498815474849,0.550925567474605,1.38073543321216,-2.15629421235477,-1.52944198964378,-1.21095177012531,2.10202426448251,2.18462424784615,2.13134428654889,1.5549541295795,-0.578407111006758,1.47894638493661,-1.17185225977758,0.502522053802727,1.95828647109518,2.30363014564391,1.46712126340711,2.65763884558983
1,-0.90050292400344,-1.08577809529577,-1.57969443675402,0.797965905639071,1.2568158676367,1.8883942615321,1.90478026152147,-0.825851756972933,1.23767519124368,1.29704394615442,2.37355409180131,0.529678355476955,1.07859196404897,0.189876905532751,-1.38787569571408,1.06764347287651,0.612723423133464,-2.10192054678682,-3.90762150848956,1.35162237164859,-0.880865407583132,-1.98032717768308,-2.05267925955639,-1.50977618460076,-0.978936920539846,0.202807736489569,-0.644642510048859,-3.5970487328753,0.0891005586495213,0.21133273281422,-1.70781966285168,-1.09734397246671,-1.06434550196285,2.64509157190779,0.505552438021006,1.89595372155565,1.04458330155562,-0.957273674630481,1.84228515604635,-2.79014587313021,0.803234548467397,0.585320113871765,2.10358930605516,0.628709741691418,1.24057107392379
6,-2.70319822745736,-2.77266362156761,-0.183699022092731,0.771884411801075,3.5234084521685,2.6840813692454,3.07228015696428,-0.686270197340061,1.2278162017915,1.90444256610761,-0.0007133170938531,2.2210116143635,0.913453654703448,2.08404813017778,1.20674970832087,2.60551949825843,1.85356010262233,-0.862017171035663,-1.06700878704853,1.0012540255202,-2.39010000180072,4.57821173784924,4.26782694468519,3.94170181514763,-1.20209557851859,1.66487993620853,-1.57395246041566,-0.639213378262408,1.52433566963139,2.2861116645505,1.50196257572759,-0.278717050218993,-0.923646054948859,1.82594008671695,0.192379769442906,1.89551275971409,1.555713298001,-1.47213668435634,-0.246655014823925,-1.08242434254055,3.47821213657717,2.88463982674957,-0.447887894036406,2.05174539175575,0.753434110553173
3,-1.19059765780453,0.0834871115465696,-1.31080019682978,1.43649030633231,1.23903974667763,0.628205102467853,2.02461420576112,-1.85282717240153,2.59802518180374,-1.32186243715363,-0.428381541908641,-1.7392944411695,0.337084165776802,2.35377037532372,-0.841902248301831,-0.896117445588349,-0.0243303211788246,-1.93560929948514,-4.2303262350304,0.188141388150928,-1.6641791916285,0.617924183489584,-0.186711231840712,1.28553363188879,-2.03002711857871,-1.4054286728633,-0.192269962015781,0.279919033650692,1.21180793009567,2.07785597000313,-0.283964321218172,-1.74840491855057,-1.74598234028159,6.28548064174201,-0.387648546909524,-2.08656371194956,2.2392345057712,-1.64602204446222,-0.0949690308587297,-3.0934137126486,3.42470867486977,1.89799944090629,0.60225401201483,-0.976117269299545,2.47788597291192
5,-1.50473958459009,-2.3503464855469,-1.35485330009372,1.15716657784399,1.28841135282625,2.08152327913434,2.4841952087528,0.211324298904269,2.7693472943166,-0.0063210064982787,0.428300955533655,1.17592191865487,0.151258078435896,3.78327823977213,-0.267132361029643,1.78645314694565,1.30597840156429,-0.855859560589514,-2.03505020001173,-0.985456639447261,-1.51356065257479,5.89869442249349,5.38989290699477,6.04260454819012,-1.64397343151713,0.988489521012053,-0.199420756904733,0.701100813599292,1.64516977872173,1.57458690450297,-0.831963154268886,-0.341741051435881,-2.27030616571722,4.59250950297051,-1.29038358311301,-0.816624228059137,2.43408567225,-1.84716847382051,-0.146182727701203,-1.37233205846635,5.05898586437362,2.29508620991339,2.24735952216893,0.876801136186206,1.41488645706636
8,-2.71342272676556,-3.14786685329403,-1.4992496855798,1.72477434256242,1.51349597957292,3.08175811197333,1.95458354149545,0.452638477122995,2.9044888750654,2.18789502935989,0.970491741668968,2.90676132430782,-0.0004978550659167,1.58333434241771,-0.580426977215304,2.19176482380248,3.14022845879862,-1.19591195186478,-0.0322459029133464,-0.406700316707653,-2.92552603118987,2.4842956984194,1.37578164731447,3.41069015094002,-1.44874163991021,2.867077333278,-0.543871703669575,-1.82086609604377,1.94165770311626,3.68295355651955,-0.449895425879725,-0.0491475336378031,-1.82522169388521,7.08658751251302,-0.664555623851386,3.22465234803055,2.57585867953368,-1.65393641623524,0.0522411111124773,0.161782705433026,3.32752102866467,4.07417326763287,-0.184292009468892,2.5223262297583,-0.351336651302504
3,-1.28459001800888,-2.01056215922004,-2.03666424688459,0.853145468338072,1.30673616670209,3.47877749567327,1.32829164321474,-0.258179213909338,0.373309951791685,1.42431922870849,2.4277413144618,0.394454178991458,2.00704575779654,0.491553677178155,-1.79872414754897,2.32764601245514,0.017963770424928,-0.435459344367203,-2.12918282725463,2.40063493721703,-1.38158058965955,0.0814653768479689,-0.106650568015565,2.10038302757388,-0.891092947710018,-0.0639887396084794,0.689056809902393,-1.92140378224174,-1.06090809500753,-0.379231834992962,-1.66475216279268,-2.98370023156561,-1.60039487945811,1.46689098978347,1.66180762299422,1.95517414720322,0.118264027097901,-0.55771105513063,0.815148101999761,-1.05839232625546,2.01941000748846,1.48217134223888,1.36051378485255,1.47192652570025,2.70619400794048
4,-1.77738433639522,-2.00851236957044,-2.70493416913351,2.08105347896296,2.67715551537713,1.21185394772567,1.75190806697703,-1.47313226782238,0.910911694067378,1.04151022200366,2.3825568349316,1.57623388236238,1.55098843468024,2.82791203409913,-2.05308509196446,1.3577276564701,2.04250614493892,-2.93334303053236,-4.15229491649879,1.58443017810217,-1.98803122654906,0.711609530057554,0.137175462591902,0.653514311306987,-0.120039758737735,0.936260912913908,-0.0392657584709271,-2.20674115188176,1.13489388608178,0.0295770102471383,-2.51678174421037,-2.28714247672681,-1.88733678429879,-0.117646963093079,0.834701533846721,0.80329537365384,0.731550766767119,-0.478662813173251,1.79774857301931,-3.0896803550098,2.8423783333789,2.13645157068302,3.47100468987852,1.28590040501904,0.619157308802201
8,-2.70830699666564,-2.55050492235947,-1.84542968948317,2.60610189530987,1.82041549412838,4.16481054310113,4.43615529317059,-0.339122778133983,1.83752936037893,2.64689722462079,2.40713273637259,1.75819825845079,2.1035571673502,3.79812182201706,-1.07660422675366,2.23397607301329,2.27594818212507,-1.23010323979639,-1.34392495049766,1.93273916403161,-2.50022839691621,3.09885815609174,2.91512737900812,2.55781428593078,-0.0349587515786303,1.62941216699862,-0.23807257101273,-2.04334054982832,0.386829973523788,1.10620048755258,-1.33716717118706,-1.65051864094858,-3.01625481127508,3.73375222381667,1.29468605720012,3.26397952864907,1.67551163538292,-0.334154593395795,2.62057343651572,-1.23182826312931,3.48847221100838,4.15086177637992,-0.0533397526807615,2.53548998415463,0.117315856495561
5,-0.222844542826568,-0.40947261727394,-2.38922433972303,0.70989436090539,0.477698047807287,-0.0115886458753389,-0.328325268978124,0.0948159982339247,2.26285304471158,-0.289081674487799,0.0029139749899838,-1.01149318035746,-0.14688752454879,-0.718252355736206,-0.895800056727296,-0.114322130122576,0.0885454322248087,-2.37080233998492,-0.871601576028737,-0.0631959650856152,-0.620504836182027,0.130177726606815,-0.946465007370267,1.10100280392541,-1.96946748863755,-0.158022139969412,-2.37841383155995,-1.61982976985564,2.21809837415252,2.32480717580821,-0.360164767830748,0.436946084997235,-0.660642260976716,4.24973755108757,-0.13665050585843,0.219778663752559,2.08971626376767,-2.40469267749172,0.598190111551862,-0.425146810998793,0.597000321009392,1.59574945506494,1.27135266795612,-0.625168897293068,-0.0407764282122308
4,-0.596235651301963,-2.65167716928117,-1.85663468847339,1.50417759697925,1.8753014912083,2.38182229088412,3.25241565690748,0.143804283090817,2.00437996380731,2.11270566973704,-0.229876909167021,1.22835757820842,2.00572932433321,1.27767782673261,-1.71673436194582,2.34172211416449,1.93413661973532,-0.81322709789043,-0.681857841567037,1.08465901810236,-0.910760453941401,0.162313826972836,-0.302438857290866,-0.187683233799098,-1.03225492642611,1.22306547310749,-0.471795269187801,-3.78317135752065,0.681235074884125,1.52460138722743,-1.99215593721621,-1.61269310736299,-1.60546884198942,1.38565557291018,1.47623889345214,2.57479607361008,2.72326694048749,-1.07602856993913,1.65252023899315,-0.636552872025686,0.758482251684955,1.90346270620336,1.85540450537073,1.98580666043707,-0.484350911720179
1,-0.370125540493744,-1.31966980874938,-2.7328915030868,1.01632178132266,1.76302365195275,1.80494496797207,0.37460180240297,-0.829986630025413,0.997372116378607,0.706373657933034,0.782217012804397,-0.151727536107569,2.22377327124518,0.288440679828599,-2.47184958522178,1.26829003646411,0.139102510297817,-2.07961999221614,-1.03170670747444,3.20471247248445,-0.610773127027031,-0.705165220992551,-0.0597646189910893,-0.690062279940716,-0.294181521928169,-1.09341796280891,1.84411446786386,-1.64472102632806,-0.6024930401806,0.995316958691553,-3.06077809524206,-1.53232477207098,-1.54982191767344,2.29408478242157,2.19692070542376,1.50850924017117,1.91626665245138,-0.23187188562434,2.95926571299579,-0.555462013634292,1.75969474802468,0.265302260023035,4.25602601966973,0.404856380753255,2.64059478864429
6,-1.28178826878314,-2.25123473705339,-1.52607039669658,1.3457107461032,1.46500465966927,2.19253643663551,3.85085312212937,-1.45075077318145,0.57861539044982,1.90074348748905,2.16652436598103,1.87774370152502,2.6403531519968,3.58685142087863,-3.43715590891834,2.42871712224206,2.45920079166051,-0.0728408397993511,-3.18670062522185,3.31815050040928,-1.63093855301597,1.21787335407211,1.72865020663572,0.557918316483462,-0.667178357554357,2.35809676908218,-0.390100458173326,-1.80225267224393,-0.0128831183847196,0.253673187873338,-2.23858845248535,-2.14890830674758,-2.10275513897333,1.55360008888819,2.2534267439606,2.19850275046068,0.73739231428391,-0.663514787847396,1.66850022666865,-2.17400724943101,5.21238399846866,2.42804556305606,2.06183198648251,2.29827547908335,-0.136839670232306
3,-1.41758035773733,-1.82920207687975,-2.10574282991867,1.23290337475606,1.52009667197932,1.73738250016692,2.6576887203828,0.250208672424199,0.596599461171965,0.081978351326517,0.909308174592604,0.245252477593697,1.45498640234366,1.97490470074042,-1.06974169740326,1.23375589005229,0.985028019914106,0.832573509442893,0.118920802882996,1.1867056959689,-1.76874440304171,-1.23011318331064,-0.940136586307493,-0.462688832749844,-1.21822040836591,-0.0389147148581613,-0.544595858099035,-1.31116547103138,1.27154116855671,0.960372920576243,-1.2092608404587,-2.42862597153234,-2.03590039185893,1.27982560335366,1.11165240331053,-0.362413089305954,1.29568059705841,-1.13385597517606,0.0927041605307987,-0.0075002698248492,2.51509545006696,1.71385841060359,1.39272162982718,0.64500910084699,0.569506357803757
1,0.339546122211197,-1.03314843196116,-0.587704262578584,0.320622727701837,2.11431318104694,0.986428329153589,1.39443193874177,-0.442045277673153,2.76735232106722,0.507663519807284,1.90288742720735,-0.06942560392235,2.1377178242443,0.400071226617064,-1.55069996954897,1.13645213029541,-0.263362788675353,-2.09492075802369,-4.24809273067857,3.21792203385124,0.180099240730896,2.80698813114792,2.41906397541101,2.97442714465133,-1.496705564636,-1.09209367564878,-0.967803495384294,-2.27550284831618,1.77278453199094,1.65699845856102,-1.37264832518721,-1.48013843566552,-0.594543860235342,4.15373996652864,2.74523964988336,-0.233123544062793,2.33751894566533,-1.72021394237132,2.27779722890763,-2.41149192039006,2.17840906688999,0.259573203093392,1.41947116603917,-0.14098207613163,1.47022063614689
7,-2.41814149858785,-3.07954767372796,-1.82255916453,1.55635208398652,0.306023497891323,3.82559199059832,2.19498407972123,-0.666401495937194,1.51395924996609,3.62861433302739,1.80262184840407,1.88175630237441,0.595102592188715,1.72849896675484,-1.31193954084448,2.6093532882036,1.93965009037097,-2.45995304091364,-2.71646653039873,-0.590642498074399,-2.88222125062908,1.74964196529918,0.984858766722187,2.13824877469473,-0.741637879017148,1.20207307318429,-0.0476238960597972,-1.16164174079994,1.41730859674517,1.11455445226447,-0.697140364134511,-1.0635017292583,-1.93352795832499,3.74356596550497,-0.146250251233714,3.66124137793454,1.509302625106,-0.617954616673453,1.53473918214173,-1.87590911973964,0.866987366682987,3.42975916441322,1.86302972965074,2.87732188792941,0.846860750702898
3,-1.3522238634528,-0.267104156057693,-0.975504989854955,-0.0339098801815412,2.15196693020839,0.595851408627196,1.36817883716171,-1.59222644126821,2.49430189921819,-0.951740838987854,-1.14175550167501,-1.11340647659523,0.620885812862505,1.25000734098116,-0.113302967621231,0.0568794549634557,0.222038619380671,0.471519791044471,-2.33556709932398,1.37225411576206,-1.12436357363168,1.49217377374435,0.752471913427114,2.00488741875234,-1.91904715465749,-1.03644328006017,-1.55014375420337,-1.10964749967315,1.61474996931093,2.0682890985965,0.373887896993812,-0.603616598634403,-0.735451178386851,3.03350837372428,0.118885220384058,-1.76563923189702,2.33827331552645,-1.5246487309439,0.242353903134513,-2.11026806501748,1.83481948165841,0.944081730300896,-1.44245914460845,-0.995753746890732,0.476099503490645
9,-4.02700011133486,-4.65407830275153,-2.20699202316035,3.40130302445315,0.451257213043829,5.19415509690858,2.63014793245329,-0.397623674363841,2.62481173822135,2.1570019103439,0.689300956919004,2.50079874342715,1.46189000964245,2.81042830918737,-0.287620578421061,2.92519909426137,2.56292981423519,-1.05080774533656,-3.17565354087114,1.33634851212035,-3.50105849339221,3.50284616812426,1.98651072015865,4.27351295247024,-2.58338718222189,1.88677605440662,-1.05682948028174,-0.806473135520467,1.53127451266142,1.34683771215462,-0.239794302216374,0.18001590017457,-3.08386061751505,4.94676640981177,0.47210640443113,2.90595613518138,2.64814027898436,-1.49902397021223,1.36007001406762,-1.50976767143055,3.76383120464314,6.38559808407626,1.30472785460816,3.35841177090659,1.30123327605958
0,0.0615185779018752,0.130438787363481,-3.61109545905578,0.257442821969852,-0.34461721060671,-0.353497827643711,1.26108166108369,0.951778904754045,2.04464189963327,-0.0925984778267744,2.99537417477314,-1.14625102117745,2.24286223711888,0.273276153393667,-2.82308409952712,-0.249443919158875,0.21749113852983,-2.56658535037923,0.114007934054502,3.50868198420052,-0.0431941179515641,-1.58897431728422,-1.4820407893353,-1.42982008528961,-2.35726001735924,-0.233337074351705,-1.08834190401926,-3.05268203067435,2.3263197027593,2.35448724236285,-3.37384649754379,-2.9010038774701,-1.23076239443174,3.60794513684761,2.43310537493407,-1.15005886954813,2.67343200432004,-2.31545454315636,2.16396338407362,0.64516284557354,-0.382965130833489,-0.644192895386464,3.32901616211098,-0.9552717593813,-0.0275686095636195
3,-0.262522014532804,-0.721164765037413,-1.0331679567003,0.565005265687376,1.92380001985766,2.65703295079569,1.25595336844655,2.14196026837607,1.26939714040192,1.15372334155154,1.4955743365322,0.795131418816722,2.20645027021686,0.168295152957464,-2.85157364492338,0.452788435091137,0.720247510460853,0.169690736000387,-0.073960682302743,2.41018925217833,-0.292561682593799,1.59775723821183,1.44752724472859,2.11753436099746,-0.159482165025918,0.136665636185576,0.142924433579236,-2.68400859009064,0.487799620966599,0.308248452769773,-1.63695355007616,-1.49955798525871,-1.21509290609,2.44754572672896,2.2268784445262,0.886217295882205,2.20605907620247,-0.307375657816702,0.666717265066945,0.624004283858296,1.95630451554912,0.536389820358063,1.20769400917852,0.775030389395317,3.30248791167952
8,-1.74234132319079,-4.64711583053831,-0.446044576535012,1.86413805164534,1.42037995091123,6.15481365094942,3.72691403922766,-1.44268058946441,1.13909099989635,3.55791040913296,2.72352669858396,3.98982229979809,1.6959301204724,2.11964176014462,-1.54663881461464,3.35904768098342,2.34533480333847,-0.0044137267834694,-3.2689169870935,2.41308410522425,-2.4322906954607,2.99554881983617,2.3304986470475,2.78205410185182,-1.99646986325866,2.71087902414282,-0.159776597082472,-1.30323111644764,1.31420821617897,1.30292526410933,-2.01706826625556,-1.75581626136248,-1.97372340240876,3.56316714200055,0.863977583468253,5.00479858770321,0.434610212944631,-1.76218369328075,0.864753359118853,-2.6576765820415,4.28752528622362,3.86128725600709,0.803170560731142,3.86500190898043,1.99830605060222
8,-3.70542410548213,-4.83069304938989,-2.0570834844625,2.27320608855991,1.51982353656879,5.58761107592924,1.64159808871975,-0.754643857006612,0.0787912377385851,3.62223746265799,3.62468185312939,4.51435300460494,1.70161458094587,1.01830170356751,-2.18660376477341,3.64415795402641,4.80390330818018,-1.62001333373121,-3.2619644829098,2.28251727782396,-3.30249921583821,1.62900734318308,1.35987485120052,2.22609536922706,-0.431674306721642,4.56223727174422,0.460323893260663,-0.757362624787036,0.105259040355268,-0.189893637900101,-2.56607367767358,-1.54911407867126,-2.79293790472372,0.52098604025005,0.820804668670254,5.00473857475865,0.216425123548927,0.153951822926406,1.42252437166016,-2.405816873782,3.00034676229422,3.87363444393459,3.45336436429738,3.88901265758621,2.72572653368754
1,0.0786971981932871,-0.631317477211217,-2.50837967891907,0.852954727278109,2.81997141034094,1.12187641341265,1.42731028188413,1.75379768295438,-0.143414808479061,1.37631410514014,1.75680066291719,1.3200147942817,1.13291278464805,0.680483014410924,-1.68509204244284,0.881004377328191,1.98608936057882,-1.20967593086195,0.522586210934846,0.886073930134325,-0.0775837416352066,-0.871008389660895,-0.63948046568634,-0.059467414115192,0.111242667415606,0.921677544238399,1.25066195550438,-2.2347837439248,-0.998247679435202,-0.120476950595544,-2.12334335657387,-2.19223862086825,-1.32283757309403,2.07067620973228,1.24670421726629,1.22444759016988,-0.728774721144503,0.519053388510346,0.700606452780477,0.6908961711239,1.69597529581461,0.726646708362556,1.78801999476018,0.65629922769421,-0.346095060696323
4,-1.34267496698796,-2.15156094368521,-2.33782501675877,2.00367568905942,1.49226400035443,1.44924667722114,2.38603372897214,-2.04995936446733,2.62402452756419,1.18860398523175,1.67752722709066,1.62310860725613,0.34700683658249,3.64774502378465,-1.64000472778656,2.3356661388089,1.94580823703274,-1.31141718870974,-3.28552594103557,0.0462181145119414,-1.41177955520547,3.53531590847574,2.35808168026429,3.25520989268624,-1.53115836975936,1.80064849650894,-0.702709664831071,0.552943866353083,1.41852038751219,2.22775208060971,-1.62454363247625,-0.404284308170868,-2.36393384977253,4.25628206079737,-1.78744962355016,0.757878846700444,2.77548275814305,-1.60536408174046,0.345081481245322,-2.47423800824944,5.04352144648469,1.44584361931192,1.4134272154146,1.7223002077785,1.7841592420056
8,-1.63631911771377,-2.4147335286393,-2.5467871849197,2.26038168892722,1.83575169550137,2.92461100676411,4.12244838705304,-0.542418051105347,1.40019117184225,1.62044620786061,1.4245746001566,2.40932511100593,1.13945588117263,2.38877487838851,-2.02548368303149,2.3564995401355,2.97655962040017,-1.38681230455526,-2.0865457232575,-0.649662307126557,-1.60698785034585,0.239013493903721,-0.103272268168593,0.54731271771475,-1.09073280457734,1.93616881071077,0.908262431182171,-1.44033105352881,0.961328091479435,0.669593624264149,-1.32731288215349,-1.32938416068536,-2.52817293909262,3.12140932111877,-0.359375430907481,1.38012582830287,1.26444897776092,-0.653696020223273,0.891660824070128,-1.24856052961564,2.38913515856931,3.71828579268191,0.443034131945876,2.16840284303335,4.54171729780802
9,-4.77059247837089,-5.5234984337093,-0.480874549246328,2.4517586731918,0.901185880985614,5.65965872643377,3.31540105445383,-0.993551533823763,3.37902560892148,4.09033966110959,-0.243331700195954,4.75713493837961,0.704048635872868,3.94057591073078,1.115917919707,4.51579228307703,5.63290835972514,-1.26298844940941,-3.39492621964947,0.781042120846702,-4.98628236836411,3.16119618980135,1.53087413449989,2.42083712973658,-1.84590656716764,5.04413618573556,-1.60527904485429,-1.77238316100992,2.4359717230982,3.84843800882947,0.85936141823942,0.943930201955763,-2.98702577729518,3.94819343535777,-0.597883037720531,4.50091231117072,3.1543820332557,-2.42739991046265,0.354052908098063,-2.54721075644327,3.69064123072629,6.83037160432916,-0.322226072384398,4.77331393323916,0.614924954526021
9,-2.98598488669097,-3.18941694274269,-0.956030778494604,2.41738982102771,1.57816996446526,5.12759938384484,2.72726535688887,1.27119052684846,2.0814228874742,3.11831375203865,1.54875083867579,4.2064466155189,0.645744028086271,2.56135307686581,-2.64758340387399,3.33068064195494,3.54261988521384,-1.61631197708388,-1.251609203342,0.28315211626437,-2.34670904320852,2.72259593650796,1.73847145612356,3.46038249585722,-0.542861635387915,3.06887765175113,0.806997087117382,-0.937334740133173,-0.0953278833202606,0.695327414574405,-1.38084197033938,-1.44583580314474,-2.84061317635516,3.77637431228896,-0.505163136444763,4.24250309167622,1.22473730446659,0.152629837981602,0.163958222788157,-0.124615451661472,1.83346202251323,4.19341459383579,-1.17083565959661,3.25551506952377,0.999858862260893
2,-1.04564334093903,-0.0665463593987756,-1.6153735292538,0.664632306361666,2.913706889787,0.728288697151839,1.92673839104704,0.669236918178596,4.09545551459871,-1.27260995464863,2.08263754158802,-1.44621707738548,1.81024615398957,1.88577825176062,-1.18169875007723,-0.521600605006837,-0.996296687983654,-0.438414277856904,-0.735885435090999,2.66311985730361,-0.529439018485824,3.01748121434747,2.49295500136385,4.09533610838941,-2.50473504801491,-1.76205211876756,-2.40823343169884,-1.23386017307836,2.73679437792901,3.61609666216568,-1.34045634081967,-1.61389664677321,-1.55918286181075,6.61629854523294,0.75932124295027,-1.84552497026101,3.40971701701338,-2.74348610174353,1.87864550559181,-0.666987487224238,2.03401300892752,0.647906129454562,2.28529826353534,-1.24204052347556,-0.119112204083191
0,2.5823003617368,1.31607475289235,-1.08397815852592,-0.293080224619819,1.52327899240864,-1.00931137118317,1.70793668722363,0.529977201818544,1.66409538551655,-1.58287129341449,1.04516710811512,-2.64643351872849,1.88359606656936,2.09957183428338,-1.6747108887024,-1.78604146204973,-0.287490162879487,-0.908086930484724,-1.52313202554646,2.2443159570565,2.35568607349583,-1.567348586916,-0.963182049285206,-1.78917466906307,-1.1497250962929,-0.563046515093535,-0.553173191133827,-1.4285601744633,-0.152143051898011,0.551571083438859,-2.16175857505626,-1.97681928544392,-1.08343244586079,1.73996298389906,0.629316236521062,-2.67914899946345,1.15405077512892,-1.0459010155556,2.46330843473134,-0.972966303556701,2.99415608587956,-2.67611912971068,2.00879950218997,-1.97635377809881,0.0535825900370257
1,-0.18472563366566,-0.249346378866578,-1.58803946309732,0.404185380535673,2.13815981734872,0.739017675110387,4.85223028368997,-1.38015744626366,0.582603243665102,0.767790211251927,1.42797530078838,-0.345713001448316,1.18643152731316,3.95466548629255,-1.97750170158757,0.99991319195354,0.532659112509655,-1.81043097297561,-2.63206904616626,0.947349503607882,-0.310418824474154,-0.134987868649419,0.0383762306260349,0.0187606462576184,0.0122879011564194,-0.519612274751284,-0.690119729654409,-2.83096227504874,0.642882803842608,0.403816253188141,-1.55192839120143,-0.639392932422635,-1.53179660056863,1.00391728160396,-0.0344684432697395,0.457850933460862,0.766256650259703,-0.450157184654629,0.28375198054431,-2.11732816234801,4.45386455412548,0.434274071370472,1.74570297265399,0.45245355286122,-0.40372883631942
0,-0.420258941798762,-0.568761995795201,-1.75028140671298,-0.0226776314808461,2.46999370453179,0.995796381946659,0.0985545309503646,0.494566062024659,2.18349361489747,1.0223302637566,1.9827289728376,-0.358584808656663,1.08366232807572,-0.0412483421088265,-1.80245850272227,0.655657881933346,0.246783022207762,-1.95804209405211,-2.57325341336415,1.01508047533256,0.0050396262940222,4.59029586956294,4.2257048031643,4.23608615482797,-2.3043633811244,-0.33950072314541,-0.754573249298997,1.25685430686157,2.24609158958172,1.11381534917042,-1.78583408875488,-2.07085977012228,-0.454693364638621,4.44852187296388,1.39699315743242,1.06824324233677,1.94896745154187,-1.96533834645155,2.26054484753966,-1.48335158589597,2.07374189746541,-1.01697584198631,1.92218437964325,0.207697930173614,2.22721516958363
5,-1.50634371464813,-2.05505231701835,-2.64044797606099,1.53856747339857,1.94946504000883,0.845793422384296,2.76754522078607,3.23749236785617,3.19599781943107,0.660011545673552,1.02544517299338,0.704908827118311,1.02401865284135,3.85815747721407,-1.64880876044644,1.36597366993274,1.1731023321891,-2.18543721317346,1.48994560016734,1.03844528406358,-1.61893096469159,3.28338414086545,2.63567951392482,3.4526647137008,-1.9857332648194,0.347144927373522,-1.70099933203665,0.236038545410599,1.99735017215119,2.62806840940714,-0.916747579077765,-1.95979933647184,-2.62680798562061,6.45397111855777,0.583454884384953,0.753496167469073,2.45607166108273,-2.43973222333623,1.46426280146348,2.12953654489375,3.71644590643678,2.14916415392594,0.857060773272578,0.893057794049264,0.174308899640679
0,0.461303475100237,2.75914121553771,-2.18568796048613,-1.02810236367268,4.07887706177706,-2.53379493853616,0.369791741068129,-1.40233524701358,1.90969538319224,-2.6240385875098,2.3971360794013,-3.94646685088673,1.73382447282006,-0.731822223930262,-1.72565580893411,-2.04898950322017,-2.96518246687659,-1.43439442455139,-2.15948687630888,2.64588857791358,0.531567736254393,1.41710664629515,2.03802987397718,1.05370333431268,-1.19866165835163,-3.63322059747874,-0.877766314052438,0.512871191733581,1.22451972012106,1.4007964080084,-2.16337765106835,-2.4281531837819,0.158256637343852,3.92350957785098,2.36413195461813,-2.97724200802157,0.949694246152121,-0.994390568068367,2.41534073826069,-1.89890594303726,1.92899325364464,-3.14047090725464,0.372312231435641,-3.13505310463371,1.21437586050393
2,-0.0524063426849133,-0.804784667141196,-1.67121044485476,0.0626220422732868,0.933649960842161,1.08445181943856,1.08795967751887,-0.053553390022781,1.37962279760911,-0.049600775348557,1.64422977391738,0.177844174949089,0.668911067463723,0.633792403056967,-0.0524687205396479,0.322377199244936,1.04571084240225,-1.60661521590166,-3.01094663630159,-0.17531222304411,0.023905162969506,0.928423649727397,0.614096332359217,0.540432943840641,-0.434692385305495,0.319463506452609,0.478855050472316,-0.795024898939477,0.400362049802616,1.22568716629733,-0.308914198577428,-1.92733493079592,-0.815752934659455,2.11995967376085,0.347380004177732,-0.752523198198484,2.27341639651143,-0.170727712993914,0.0902448672017389,-1.49623114097757,0.663106952628976,0.916758479623608,0.882844126030782,0.0793876343419394,1.28324048718413
6,-0.553389144227359,-2.0402729597504,-0.797267838211278,1.54458803905506,1.85526060735333,1.14696625420507,0.728304544988518,0.0407815956439848,3.00160240579723,1.37009670298704,-0.600395435853299,0.0060155284070665,0.778781326140045,0.843482247106325,-0.818564446579375,1.9327048194776,0.925517844844021,-1.01133661069702,-0.746292493912746,0.355109267411662,-0.802161219129188,0.645582235683733,-0.418822467782436,1.09833902756971,-1.08870922513975,0.0790535058090519,-1.25736509826523,-2.04816381359077,1.97672994759793,2.38568060637722,-0.825283439812404,-0.325197528083109,-1.40258787076405,6.0979472998735,0.0856173891972377,1.38032795898338,2.07078586085117,-1.70981597994873,0.772582293619918,-0.346180376554828,2.78437196860617,2.42263329571339,0.881536889206589,0.902391902656318,1.74937719852861
8,-2.15268596251392,-2.50776509393368,0.404954240793101,2.05096536069664,1.74023375796353,2.44484587214489,3.7879695556919,0.384524195939833,3.42070067164082,1.68855269855447,-1.66492544775842,1.44263561712601,0.469110680218642,1.96846542694672,-0.978660482738472,2.28271070277146,2.01124990663923,-0.838019969210446,-1.9397124108956,-0.513199449546247,-2.24579981342841,1.24248000514016,0.0121474401093777,1.99719736829249,-1.82333662884961,1.33635191477601,-1.73886318512851,-2.39256789402613,1.50394849605291,2.09330644103623,0.738729312978517,-1.07787612668012,-2.08126065806412,6.71303387706296,-0.504550961143426,2.04500588875851,2.24617991590843,-1.93690044536014,0.352625270846324,-1.25732334350934,1.42549241507502,4.60111802716107,-0.707008244310562,2.12589622029475,0.623191169139349
8,-2.78291123484336,-3.27024628707446,0.487566785939421,1.46809167293643,-0.0504357591052799,2.76108885607803,2.70425429938448,2.92357943699263,3.27622335985765,1.32048994031317,-1.39733544870388,1.22698185843384,-0.600047647212972,1.53348295446664,-0.175211708647087,2.60517195312152,1.78444621951108,0.0498399418625299,0.589874352659587,-0.270021250930577,-2.52691341761794,-0.19479554988427,-1.9258063794207,0.272503818395775,-2.48816559525107,0.890943236192205,-2.52998733945413,-2.94593428935101,2.83921828161371,2.91984751714818,1.32710621519324,0.620944594411519,-1.65679168230105,4.42827216504041,-1.28900345658966,1.9321232309246,2.97298598136721,-2.12977160961631,-0.450220909893959,1.11645460201648,2.73547201459925,3.47773134518731,-1.31391142754264,1.72431207261835,3.33689329364063
8,-3.97763566639052,-2.53519433066736,-2.03053310865526,2.35154193091346,2.6227322318759,2.05114441879494,2.99380386736386,1.60923625845726,2.24236765777434,1.55370988024114,-0.19494011448588,1.33036140031683,-0.07417265243628,2.35301847909825,-0.815930653202938,1.71089745941378,2.65650289050704,-1.15863214368202,0.0412322898841725,-0.506496588111534,-4.17970945241412,3.1719424922347,1.95009349657239,4.20040947014869,-1.39063946917758,1.98000911312136,-1.92307277188184,-0.320326723188269,1.61071208637938,2.37805610890521,-0.259083065667284,-1.08667710147862,-2.42202460032831,5.20572943655775,-1.39239204329938,1.38020683843157,1.65716278532367,-1.97171907819086,-0.258678101385474,0.423179348280033,4.58395865428729,4.4584052146138,0.943781289388606,1.09328428516853,2.01470185931216
7,-1.92425956628222,-3.09194927526716,-0.6193396906407,1.3437020035499,2.29227168497294,2.84117552220341,1.91619184315864,0.85324287626099,3.85680608560874,2.00569865495845,-0.446284614706463,2.51678043785026,1.38038374696187,1.46692816445567,-0.197630938916407,2.23179391094522,2.6793002431463,-1.87034474720011,-0.529618556075229,1.37776191480134,-2.16369301203398,4.85953694985327,3.87511365439215,5.34240020178288,-3.14091313379697,2.4290147659415,-3.20041571904237,-1.35430124254293,3.04866646495929,4.69534535037205,0.454740629640629,-0.0652841076736088,-1.39757394646825,5.60079493119987,1.2101325387334,2.64403823500643,3.03322640922876,-3.28105529638522,0.70241854669821,0.155007665638755,2.75848582651819,3.1416091051143,-1.14201723124923,1.93029571463579,-0.142816261651676
5,-1.87600641431909,-2.63761798176733,-2.74384482150513,1.67856513129349,4.05177007237209,2.5195903922246,3.28730959379935,0.850659143275594,1.48818742775819,0.489117637158877,1.87319231447609,0.649562025361314,2.19435481220383,3.50479844272618,-2.26341075518792,2.27249968865835,0.903461249063446,-1.63177718615712,-0.0372723878308679,2.40345394528582,-1.96829339171803,-0.0018147589819243,-0.53821622479464,0.631981370856024,-2.15922049674656,0.725853153887074,0.0693826240570372,-2.88487922508338,1.30237514057596,1.65585617027278,-2.47484666911749,-2.23222831329664,-2.14657708330263,1.65971413945322,1.34296100437004,0.712298650541113,1.37654687342155,-1.70656010319403,2.01879203831537,0.392138361086712,2.40278964937594,2.29544226336681,2.17686997341177,1.7755861202982,0.15497288271229
2,-0.15298713488091,-1.73736293875967,-2.23487559866869,0.784819101216448,0.650151842229498,2.96849233384894,-0.106509570316115,-0.413707745724504,-0.618669040768308,2.46509607889509,1.05876116624344,2.50916009202091,2.1420543796918,0.213625724694739,-2.39635027044773,2.31334358478254,3.45809362957348,-1.96097844454061,-2.45002521856393,2.92042913616708,-0.384833556223124,-2.08166570879848,-1.90840602784759,-3.04760971515634,0.633136542927806,2.93197018328708,0.54960311659582,-2.73899077040792,-0.418878957111673,-0.684069128916955,-2.4136018727904,-2.42597499084029,-0.912950884459281,-0.767798975871191,2.62574915054369,1.89860400317565,0.0752254691068904,0.283703484372071,1.59246377388445,-1.5977178706747,1.39935668151761,0.842075922909799,1.88654421321107,1.77738320354774,0.907335272867227
2,0.483111299598093,-2.57980100444708,-2.67580724318664,0.710973553950413,1.09022496436062,2.87126670573313,0.776886427549362,1.05166941388428,3.53835724925931,1.4670544779407,1.88172625557929,1.62432468695827,1.64915618117574,0.662046541255673,-2.32970937613747,2.70181081969903,1.74198121648203,-1.02910560397731,-0.707118099046608,3.45457072723838,0.157622718869578,2.11033464875082,1.90006287255759,1.8170682384091,-2.38875299384698,1.43403181311784,-2.5750068447187,-2.60846686075709,2.86753960500608,2.85671709852986,-2.79799277984152,-2.28673512779239,-1.13677553257151,5.11255611172223,0.875158276985356,2.16109659999404,3.18714961491156,-2.06633984160852,0.812780894997147,-0.0467373490760896,1.71166116058858,0.543412197455686,2.28964671363323,1.40487865015363,1.74846748003784
1,-0.203066018858978,-0.477504287556698,-3.22719107725763,0.251452262074972,1.83789043595691,0.463371434137751,1.22167454705365,0.599180131534124,1.80152464703163,-0.0954058076226052,2.13800845166971,-0.210675083803328,1.40517442892547,-0.830490052274752,-2.56961676012433,-0.608881268317463,0.0103208111667915,-2.04285459661834,-2.81326730161219,2.24522769048163,-0.158937346935173,0.862519624367794,0.96319992232267,0.925414236419522,-1.93868710883161,-0.245119127295024,-1.85424642085941,-3.16659496167109,1.47036392763102,2.6463384982731,-3.15210474628556,-2.20669011568801,-0.90460755647404,2.19781549038909,2.24415108383508,0.326270468485655,2.00423229340893,-2.0930155826522,1.79481902117478,-1.54586499611104,1.60012730644897,-0.13032745226911,3.31545228680914,-0.707889293936796,1.1023703015836
6,-1.48355842595736,-1.77035988972358,-1.76415549529975,1.65747542059607,2.36888828114345,2.30052812440361,1.69124146921286,-0.498088812840993,1.50774817473565,1.5801878044578,0.73874818188683,0.154810808135012,1.71425379495723,2.50922160052258,-1.4567940605369,1.01108725803347,0.64227248879287,-0.393355375320232,-2.25278719583508,0.669160696167349,-1.68390390439471,3.55045335282134,3.17709894732263,3.90902014300083,-0.230168062261104,-0.636616763854767,0.28741818612829,-2.45760986389696,-0.0303683128155406,1.17287125417148,-1.59326904027395,-2.59237088029285,-2.19081473787701,4.63853009361811,1.54987861152948,1.52407556791017,1.77371568476645,-0.485954421337745,1.60221801753705,-1.43555163290349,4.92715995864776,2.76785099431416,1.36578774262909,1.06669877931698,2.38177508380287
7,-1.8083888012895,-3.39601413546554,-2.10230083531264,1.84861750581724,0.45541541901564,5.06865035492381,1.19052186246758,0.359890859911376,1.25199890386083,1.64486652262339,1.62791266887409,3.1252772882473,0.927359318964822,0.638706624870474,-1.65538172133025,2.73613766828074,1.90634498099392,-0.474063850515789,-1.92020023230849,-0.750506331017318,-1.47132870746895,1.83223113281346,1.26654287855525,2.49374838772184,-0.411471587658152,1.63195825928793,0.44269222811514,-1.30390557629558,0.483755659646286,0.353394296136667,-2.02468454312263,-2.7183540712072,-1.94580043615736,3.75093883337983,0.69568057072906,2.30191976256327,1.19524317254309,-0.267844362978057,0.927007933262302,-1.09432649061443,2.06875209811955,2.52656732076437,1.8097114242564,2.97418063869529,-0.260299326589393
1,-0.657105733999331,-1.53153695568522,-3.04193382512938,0.770562868340867,2.01600849052277,1.7678479690491,1.38726266136796,0.264105751897967,1.1077526057894,1.08048265904047,2.16912016231705,0.943239243061197,2.10982360763245,1.13743745305089,-1.98292481913315,1.43649260982263,1.4427086170439,-2.03882242261079,-0.762441222967727,3.6880236187434,-0.218947783001617,1.4627131190739,1.91798017331085,0.474180102396052,-1.24604251560429,0.564778959901156,-0.0250023241396182,-1.83035913022581,0.744760340997043,1.92757112276155,-2.80144501695774,-2.1521663769515,-1.60178593810971,0.899343741246578,1.79348324659654,1.62273229668533,1.06935585562641,-1.0623237063768,1.66068774105002,-0.501029129721234,2.5713753830611,0.0503973597592116,3.1448083472393,0.966757146631083,-0.411870217122137
3,-2.09453351280643,-1.06005391832931,-1.37614620408352,1.46141349095476,1.09146461935709,0.534111059379249,1.28554693216826,1.7093930832411,3.80065268660737,0.0534182115870192,2.03394773666983,-0.181661163524044,1.48868169388586,2.24456451745552,-0.668284649687614,0.318423171743016,-0.657822899223715,-1.78906153217652,-0.440622091794179,1.49250188405042,-1.87369117933443,5.86931783258677,5.21745404347991,6.26116632000402,-2.31272258485715,-1.18688204096191,-2.01253850675054,0.802882189502738,2.97993216967371,3.10778400780377,-2.30489463847292,-2.46950972573157,-1.98496368820917,5.34261139462094,0.443809124447897,-0.552520483964843,2.55971613605861,-2.45413489242266,1.28268409976577,0.404682793243331,3.28031539553161,1.88285403745628,1.20023313271115,0.0594887995018075,3.6102839637563
0,0.320085237679239,-1.85032239967866,-1.47295015004502,0.255421685507397,1.53251068270023,1.94072297167944,2.96209194439228,1.14369912530854,3.79980565439007,0.797365924286814,1.54451222096186,0.194365852270073,1.69547770889556,3.39362077757684,-2.45556045179307,0.460309048579399,1.80356365870528,-0.948087197270782,-2.27793492132533,2.52122058639089,0.307202982015869,-1.90370112698487,-2.69626051557325,-0.220663313868948,-3.18827744997133,0.190709829562462,-2.00249268704023,-3.20333764346923,2.2000871580122,3.40002505658766,-1.99168169215429,-2.16989374411595,-1.57677689863311,7.05766026646157,0.856476199720894,0.335566820125559,2.59765524034329,-2.66160361088464,1.53111246296828,-1.09334784379975,4.06523166353473,-0.529737648977324,1.77710794250226,0.922832786779808,0.884186877204866
7,-4.12945070776086,-2.35990372782765,-1.87771184277273,2.51526834025799,-0.982913145803599,2.69670619787268,3.60873109813183,0.58966827734083,2.91542385448971,2.08865162313579,1.79945701944411,0.675183650941967,1.97449117504931,3.0042178353321,-3.56800736703472,2.65386091721018,0.65558160707466,-2.74518797203682,-2.19134917049937,2.34543829339575,-4.05367138033837,2.58874894701395,1.87256368452092,3.10864781405372,-2.73080719962887,0.0768016515552442,-0.889124587091382,-2.40092934963455,1.94702688258759,2.5962304778421,-2.40526647622637,-1.75276841364041,-2.48830675965071,4.30867765147446,1.02891486114637,1.56545699150509,3.69010735618083,-1.98468797648669,1.48625286234991,-1.26353633384858,3.54656311301988,4.13495745427451,1.62004772829715,1.97544050251273,1.77463133341035
8,-3.29695354864814,-3.56613398394604,-0.26902936250346,1.87640490568222,2.6590416296608,4.48118272524786,2.377189445546,1.45351207582591,1.1890019023207,2.68167978107516,-0.131810128337826,2.43921044543835,1.48420479393009,1.77370385790328,-0.63155284298968,2.96177002925838,3.59439925952642,-1.0424427577985,-1.85760726034976,3.19549394093728,-3.28706182345282,-0.218496327658467,-0.577837519133882,0.751288689081736,1.02743226271717,2.63511461124561,-0.343384047507541,-2.53620600998523,0.0141708583595752,-0.374611996456328,-0.255967379001492,-1.52667732908206,-1.45156622303615,2.09062229656646,0.60163294310282,3.60706455266026,0.798033795490093,0.734299359540496,0.229441027166048,-0.89886821561641,1.1987970786757,4.00387888280589,-0.0383010347734869,3.01265580944994,1.29278029532359
1,1.45373433687485,0.608427673681259,-2.80388507454316,-0.219215245749023,2.88103466073314,-0.440206016038566,0.825168619722731,1.32206858332787,1.61880591448354,-1.63590907194185,1.47961883411664,-1.882209888033,3.52391938883506,1.35711161568567,-3.11455323156338,-0.299929143763967,-1.49642190637748,-2.30267311091117,-0.275221353619923,4.52037998633518,0.91341862373938,1.61723005071602,2.39252146998563,1.07696334444882,-1.895907427439,-2.06686547443392,-0.0107274587953859,-1.32303471012614,1.02984465282008,0.560385510932905,-2.97022216742415,-3.41042557639081,-0.711324251658841,2.19741544548802,3.42681736573968,-1.76517579791873,1.82896751637958,-1.21279577331977,2.59458054325305,0.140292881509743,3.19683907441893,-0.980083835220621,2.5937289369241,-1.38647209732041,2.01504166089303
2,0.582203690948919,-1.92474623374953,-2.15748539691293,1.36452863646433,2.66462318928506,2.41697801125304,1.94077859490789,-0.639531872308298,1.34961487802523,1.1094868875783,1.46380173575847,1.78745963089611,2.91187921953365,1.16995114126119,-2.78910175192221,1.79188895836494,2.23643141766577,-2.03841266127589,-1.10918356971397,3.70374274047133,-0.147955298294753,-1.74471370993386,-1.45686761441982,-1.38388067152695,-1.14233168566945,2.08177690447751,-1.26174681535445,-3.830828847121,0.693134842384461,0.606763996942914,-3.2639699124863,-3.12962297185787,-1.81547396732141,2.73791674026698,2.80387034188212,2.15382096016343,0.974229893034555,-0.751032496500972,2.76550757180396,-0.88023760219495,0.802629093944344,0.485574442436374,1.97688087748261,1.48643417923169,-1.23482906640689
5,-0.477038117879795,-0.766427853912786,-0.750895625511628,0.291415945596918,0.7549410647646,2.23605136718204,1.48996936265246,0.959387933374451,2.99197277602455,-0.0445749401711608,-0.396074914371042,-0.40927914925787,-0.193578923201333,3.48442284730626,0.659955638334621,1.10604286650022,-0.125000743836734,-0.742258604639337,-1.12118618753114,-0.399627261334098,-0.600252045546119,2.81259528535883,1.53424717813171,3.40360188732396,-2.18888543317912,-0.873647905186437,-0.740086375588455,-0.677045235546802,1.88670229745392,1.25920555316557,0.376837931204387,-0.759394815532654,-1.2762654132924,5.72456369559394,-0.828357847693757,-0.650342962859951,2.16111039885777,-1.98628795154363,-0.676604420392438,-0.174560782546946,1.95625556442041,1.56245632790066,0.897483359194268,0.276272495345654,3.08726780903779
3,-1.85538986100018,-1.9544120238488,-2.51534506070221,1.1576208261693,1.59473923973505,2.02666358388504,2.77701584676146,0.11304491355769,1.84586461516619,0.463504354452257,1.39795883979505,1.00044348762591,0.986297388355241,1.42563639697504,-2.06331225920222,0.676084568560815,1.70229997876049,-1.54417196007897,-1.6460819967717,0.830707991929241,-1.67402052146278,3.00929559206926,2.59182374899321,2.55571351037193,-2.08014504380871,1.4218389000181,-1.38656915205024,-1.50285666435706,2.08797248288267,2.02276585720926,-1.85801118219488,-0.943208249965913,-1.65819163437045,3.60278499687067,0.809007342209517,0.344756853028713,1.90664336347595,-1.91221703611956,1.38245165289156,-0.883113881639594,1.0016995003627,1.14986285398252,1.86636061722312,0.878465463275602,1.79576116205777
5,-1.66220417736805,-2.12230889757379,-1.20580881115029,1.71114493720226,1.65045704058672,2.1334426741144,4.09574232035513,0.271967602043209,1.29652005836187,0.546523934917857,2.85432675118357,0.474015950539164,1.34080730646467,3.26506888336792,-2.07320416075262,1.54887329881556,0.991089361644297,-2.29378833013725,-1.51238156632319,1.00367494090602,-2.0771763502077,2.59164902248697,2.28218726438853,3.6521156577483,-1.35869635495956,0.120122268119863,-0.753495847809688,-0.773096944766713,1.62987118145871,1.38234680542143,-2.46001624889077,-2.50705186233393,-2.47140250931362,3.66102383714125,0.18206889323674,-0.0855090157264953,1.32270326564345,-1.50244227017981,0.909964122261379,-0.894651288173711,3.89996764317666,2.53101357715389,1.43077224681143,0.84367903108061,-0.519577327600647
4,-1.75407130932497,-1.70451926719494,-1.73025437164561,1.70085589488709,2.32772644378287,3.47121118804921,0.251933769329789,0.757288744337668,2.2624068672533,2.38124359598466,0.78083763069204,1.62413096274987,1.53680022663199,-0.519144134034772,-1.70677488351012,2.10180988539953,1.91954102576157,-0.505662796094886,-1.53863119706648,3.30874601458431,-1.41071343381984,0.80001901100309,0.375247515368669,1.11071170804945,-1.60573987356584,1.67565871899643,-1.88537184741832,-2.71121884376776,2.10788451931316,3.03746507295594,-1.58336637055751,-0.782078209400437,-1.38119999084392,3.99316136347795,1.85836731322198,2.47721448015102,1.13072654060992,-1.91551557214456,1.27870327730867,-0.654737528663021,1.26977235803431,2.40397971102404,1.79062861951437,1.5320905999199,0.654129305285424
3,-0.460954334760731,-2.29885700273281,-2.14436254785716,1.17924055691498,3.18496488335446,1.98653545397282,0.612848418470631,1.9267554859242,2.86422780258557,2.16573402631442,1.19555580281553,1.51639206674329,2.17955318623974,-0.722991285566876,-2.01485078658218,2.66318610763897,2.20456718037601,-1.66772043610701,-0.523671616341776,3.82001465714924,-1.08843466811669,0.241120062034376,-0.0661527894303164,0.857518860415497,-1.86041320304752,1.24438540697872,-0.7623419217803,-1.65986637015894,2.18382409616571,2.58701779725917,-1.41825169075376,-2.43173599958796,-1.2698614365685,4.37193113995906,3.3212390890743,2.63178595613715,2.69527359857949,-2.22243446882231,2.48557408138313,0.29827024152598,0.300515454594186,1.62519556488347,0.493721199260004,1.53776565730508,2.02117835263207
9,-3.28526973193791,-3.41420198874404,-1.0539477679021,2.22942335288389,2.23207399125669,1.93702723685468,4.13218137747985,1.01241034502674,3.41318777427089,1.18218333291045,0.193033961403488,2.71357158256041,0.220766659830267,3.55929286869458,-1.25121907500808,2.51585585008515,3.30058203694951,-1.09285953509674,-1.35421547857036,-0.131705502539685,-3.16215231229854,-1.39083878830667,-3.2176632449643,-0.529792417843254,-2.81923771298786,3.35277998793565,-2.59307882975356,-4.60866399099119,3.30845947998159,4.15742028762955,-0.0347803605607145,-1.34406202346146,-2.73175727435003,5.90480705665592,-1.43074866544474,1.16602589684822,2.83743613995204,-2.66907235537809,-0.393840466356845,-0.287002530980565,3.44053295777293,4.48552945787169,0.817124546158119,2.33382240593494,0.753488314648156
4,-1.16488887212881,-1.50170797242708,-2.05278595524242,0.843771747356514,1.63503123184259,1.11735581758014,1.72391461389071,2.82082368014413,2.60227713824417,1.11189578264935,1.79769156107636,1.3173075387342,0.701008393849944,0.670921198726166,-0.737910626389887,1.88305763623828,1.37765674738778,-2.71077245640045,1.47565141193509,1.71529631918473,-1.6914480127748,3.60509379155797,2.70567301499295,4.05134269830492,-1.54739855971802,1.48418706230322,-1.66958219162628,-0.0526898878717641,2.52407853079905,1.83882843859703,-0.574548845282322,-1.06644530830831,-1.1951582437092,4.85992638417195,0.722554511455245,0.72030153412637,2.82638260448298,-1.83694274273321,-0.105004032061244,1.95487315484657,2.58425803811701,1.82011735186759,-0.264724235193307,0.853473801392888,-1.69350215824783
2,-0.519535004532272,-1.34572538944273,-2.29316878610094,0.872270355241199,1.54218989818663,1.14983375175302,1.61907595369506,-1.1984629723221,1.29053360071048,0.944433999996784,2.22149620022821,1.57769489450975,1.19434290288251,-0.390374175047254,-2.83974852700468,1.40141234190718,3.06367628272943,-2.56942403676106,-3.52603996141655,0.78132365017058,-0.760832273290899,3.06875955532647,2.51318055084282,3.02994659745806,-1.38396484256612,2.56309751671882,-0.80345998561227,-1.39418745910047,2.22774581948686,0.949514535857377,-1.88654052431684,-1.12786350316476,-1.30520318940036,2.61543923411885,1.63790928188954,0.886324580255548,1.59917729884898,-1.80487281557757,1.16709406378859,-2.74867858851008,0.557401543133959,1.22438641252252,2.07418569737909,0.548202301102128,0.796067978890287
5,-1.41500887637182,-2.76235403555391,-1.20289899877948,1.40401136882215,2.42523819622736,2.22892697812918,1.90768744634259,0.799733024999032,3.99597359744694,-0.946250505236853,0.346224092543195,0.456909892664467,1.6803710268264,3.72680957102972,-0.845577818320915,0.861587332496634,1.8140902433634,-3.76964064538653,0.373504613256451,2.48561363818015,-1.8498949969202,0.70133600142816,-0.323308589308425,1.54436475903772,-3.5002580334823,1.15153570314741,-2.32448049724598,-1.99277162007645,3.12625894111468,4.07992710311116,-0.632467506855694,-1.39073071843128,-2.21081148847714,7.54463288600104,0.818700198915814,-1.07094947126688,3.70082009585056,-3.30696749781681,1.25640869676971,0.456301774028817,2.87727247318861,2.43989871263342,1.95569498143832,0.984288934031824,4.40352218095527
2,-0.451838246025399,-0.837047044016148,-0.964167825730231,0.649594527007533,1.16074449851903,2.10400032109182,2.88968104342653,1.76162274838865,2.45823564328251,-0.309486979896599,-0.130024893707616,-1.31446722666357,0.893336083370864,1.350163505668,-1.44907195797996,0.210690566940304,-0.136768038357636,-2.3737762018953,-0.862805399366162,1.45741627870264,-0.447675956886697,3.75788939090849,2.89222379684223,4.40227777502602,-1.64704728862388,-1.16219680003271,-2.20745285072002,-0.550354462065616,1.97909335660391,1.69755644314078,-1.46728960803355,-1.56032663204346,-1.08922598435945,5.93069437912436,0.610468349615763,-0.580543207730926,2.33209192489413,-1.65760986850064,1.12926583740623,-0.206031745723783,2.44330422796235,0.523309126156651,0.747219138144323,-0.210956290085125,2.08230527968615
1,0.35997293453553,-1.36779920600254,-1.99271665774134,0.288615109955599,1.71086954539747,1.20772780583395,1.7144488543911,2.24719864334811,2.71304062879978,1.50333164908123,-0.334613640422526,1.43803506175643,0.973264003476644,0.380542938085762,-1.31991471130837,2.28055848899973,1.50424031230403,-1.38962062936389,-1.01302158363634,1.02813530527369,0.338590577473339,-0.953349676539891,-1.24856040910808,-0.882612978331178,-2.63080533993379,0.537396690266134,-2.37069257693655,-2.53800878717128,2.91365859918169,3.17862267403185,-0.504939960376918,-2.03074815874694,-0.685335083939047,3.90232525376364,0.970238914231292,1.36113088932252,3.21929363834924,-2.60504490063458,1.07264398007328,0.0403587053066248,2.81793546978434,0.107335812189668,0.868895622595121,0.840565179746102,-1.65667272042111
6,-1.68245511751591,-2.97386869363768,-2.18696434723365,1.28441239950244,0.686131863624835,3.05600355076557,3.18197401779133,-1.02118595893966,1.43456827075334,2.32659501528358,1.51428531526997,2.35284280404894,-0.165121316181891,1.83285525713626,-1.76523734389874,2.81795067252805,3.21791905314433,-0.464804064247525,-2.56736535558493,-1.23762523703872,-1.56621498191105,0.612744506708801,-0.166810810257476,0.881945935546019,-0.7412910345706,2.49592267127954,-0.347653458545542,-3.99098861505389,0.786483479894586,0.858315307077067,-1.67429390270958,-2.27833575470034,-1.8988485865697,2.38305242038379,-0.828386078414815,2.81553391635082,0.897918098582784,-0.957856263112738,-0.0908609951967125,-2.01800378550025,3.11602879650338,2.28229454936644,0.783645161637716,2.24963051715882,2.1305279804334
7,-0.919683817414511,-3.25155623945372,-2.10081501699486,1.88691668395418,2.71158021141512,3.58439679920904,1.75845565179088,-1.39861408528171,1.58402332683838,1.88474624610028,1.84871595067602,1.82756806355931,0.991551545768614,1.8624146016913,-2.35114013195414,2.91205336929608,1.52327991488641,-1.88135012853119,-3.18170498952941,0.0055066996340317,-1.15532736651466,4.42672398649123,3.93861851804126,4.59607138260918,-1.67658963377659,1.55631991672731,-1.21639457362311,1.34609177389402,1.66070250820851,2.57901887557151,-1.74928498380664,-2.27772219623236,-1.62129980163954,2.26940055066983,0.448142532190601,2.65221823554669,1.83100200544549,-1.63845747837573,0.972169772142736,-2.5897333183168,2.52106944076844,3.37214659200271,2.89080488384065,2.52719259091573,2.94423255194014
4,-0.871814127949935,-1.26286761214364,-2.62918196445611,1.51568799656565,1.27443060556319,0.197985781002944,3.20862103913357,-0.205468615427723,3.92787529436657,-0.328394975520181,1.83140470878279,0.0374863248768729,2.63265936374325,2.78282903239027,-2.43505813262121,1.12612002705599,1.09979788261121,-1.9594208945618,-2.93278351940714,4.97602491036639,-0.813150484875571,2.59885073121086,1.76664141248198,2.72146318839517,-2.59317925187088,-0.246465535888493,-1.32032451421768,-1.94099077267983,2.36432506392202,2.65925167564608,-1.85112762070663,-3.51121943491712,-2.70095652900608,7.33458616543407,2.25438453194557,-0.14350797696008,3.49774811924429,-2.64197534098979,2.01385812498619,-1.65560651946343,3.67516661487184,1.63537584972379,1.65485910200849,0.0415128273168172,-3.29456606252706
7,-2.5908766308897,-3.08680041950957,-1.58499108548058,1.99007175006634,2.14433756358816,3.31387209323343,3.38836460853146,-1.59408791538682,2.28978921226286,1.82941724570606,1.71909764399217,1.720559441639,2.46184251563715,2.68911134357527,-1.95202242305449,2.6502099715871,1.98694058565361,-1.48115174576095,-2.97694495795576,4.42856456053675,-2.45605843692686,0.694239812278485,0.405991891977741,0.702104952049983,-2.33656145702462,1.62353394513461,-1.30209927523916,-1.39272393866223,2.39915025202219,2.6454709996287,-1.88903205948606,-2.33082459144797,-2.51418449052399,4.37805420522699,1.87932791754638,2.17253703237177,2.25126234897575,-2.19490425136155,1.42276076360077,-2.36097475905334,1.79909333238961,3.07030137765077,2.33046547294799,2.01340311264602,0.837459989011991
0,0.249523394869573,-0.082267536774043,-2.2635872762258,0.152191609879053,3.22856512269603,0.859923463583911,3.72323573884655,0.920584285034085,0.991848181455476,-0.966739395058903,1.79698577120781,-0.703934088818657,1.9857486617545,4.38847337478635,-3.13528024183579,-0.0839127581275625,0.97497255224657,-0.996000426081401,-1.33782068717745,2.4464316544055,0.105413273068233,0.950839464809305,1.3392725690959,1.27597465681689,-0.390602873343221,0.132831521082865,-1.97574537123229,-2.63595137163848,1.08918931229838,2.4831187368748,-2.70481177527422,-2.62032280692234,-1.93097337582818,3.41853879158626,1.23443201680221,-0.934903197975487,0.962535515273974,-1.02942423191549,1.42765139416889,-0.602735860647148,5.04583490417131,-1.04088138838396,2.04581389056703,-0.639947752655093,0.550675978710617
1,-0.725085154778709,-1.65430070388011,-3.06890508949761,0.968099621989863,1.85599537218466,2.37261228137812,1.70440339919131,-0.641930964513729,0.0780523886086433,1.99319203358211,2.42874555099579,1.44448388257712,2.55797799286955,0.0886810528892493,-2.19917663228135,1.3281369024831,1.63867623888123,-3.02284536663124,-2.61083180093897,4.42929699358639,-1.16453307718041,0.188393412901568,0.723276754467748,0.6486817519769,-0.418059378603288,0.766814832175119,-0.6914129047149,-0.163154212364803,1.00866438467246,0.363217669153706,-3.26326296988208,-2.86986848049463,-2.05689289892044,0.9744356558003,3.0292632777942,2.34534894909112,-0.367248049294372,-0.570773673441087,2.13578046715297,-2.14049114641646,0.207624931159878,0.405359884833294,2.91045281413697,1.38386390210667,-1.29874291455428
8,-3.12320563339578,-3.309482756024,-1.30458854961411,2.09323496021023,3.01400287833872,1.79784153191027,2.05624269904861,-1.9972068227513,2.63426170597414,1.01786774530634,0.261912801155573,1.66573911962696,0.612746711092291,2.0869994448446,-0.100073329961067,2.01667399711995,1.26371906897833,-0.502543274482912,-3.10006912095659,1.62388364671191,-2.82100017196564,0.835968583480219,-0.34381932289571,2.09898828387715,-2.69575533810106,0.499882058954021,-1.02688914220804,-0.753421182885799,1.3736018267784,1.85061346211393,0.129319842458125,0.455516378845306,-1.78489993456534,5.31331174688689,0.606514470251793,0.766042188679288,1.59721727325977,-1.54440929750533,-0.702485047272759,-2.73612075448053,3.38006412208701,3.96893574086159,0.478189896533185,1.25193290000423,2.01408040925411
7,-2.58460362647789,-2.95868429056605,-2.81345424925843,2.18904384537463,2.05639265475599,3.36996593657311,3.65811325149704,-0.890217830517019,0.432495783777622,2.03829038943912,3.79052557553629,2.62936803081,1.39061500572907,3.67415448727189,-2.69378833657083,2.39032916210338,2.96255679723664,-3.05204536140883,-4.95547805518878,1.99208767758609,-2.62738108302422,-0.463677754481875,-0.882931571227995,0.124314369930689,-1.3313713295944,2.76167190398951,-0.315392781937799,-2.54190665738053,1.31101893198194,1.05372463535788,-2.45498641902655,-2.06560233182434,-3.15821088860033,0.779513788896125,0.449757957028911,1.61776615463988,0.824187899966377,-1.26979609499441,1.45192144912643,-3.15705202592592,3.53844241247862,3.69819321287044,2.19893280186812,2.20663349420211,-0.506853709586373
1,0.301630016372076,0.765159521927036,-0.436485706212947,-0.317763445452045,2.52473929756648,-1.22518356927776,0.982957057633948,-0.361649463271034,2.25517762853233,-1.59412229990029,-1.41816760950339,-1.61544510810309,-0.127651798206338,0.469929058146383,-0.0866070769355956,-0.152524138290628,-1.56769503531436,-1.3201124938395,-1.86162750190416,-0.692559908141091,0.0255445900381935,1.78389795988962,1.0868679653851,2.68115073164839,-1.82163900088097,-2.73338692331147,-2.18149035797474,-1.33734866990788,2.61558245103313,2.75165528467953,1.14933268611358,0.0150416417361265,-0.136466345406739,2.81080997836936,-0.323903853117531,-1.6800510151703,2.42445785873634,-2.17450040544484,-0.800280907841351,-1.63696566068915,0.92498156736038,-0.117220125734197,-1.63880142254177,-1.51708011538906,-0.90885680823699
0,-0.0642570557277263,-1.06997397807563,-2.48115528942162,0.430125517846157,-0.325467037822099,1.72606011051653,1.68243457512059,0.930103773261334,2.24341272866253,0.227588098123976,3.03178562760541,-0.308951302198045,0.498871335608956,1.20798586639849,-1.90125038570884,0.414921105209402,0.157905905686336,-0.92600278488077,-0.511240930003203,1.27681177286033,-0.694058673980386,-0.780436893281498,-1.15515169075247,-1.38992389161975,-1.22998914172351,-1.09077425910385,-1.07068775598621,-2.34949019449698,1.63460930985124,0.501130423369934,-2.83864089049555,-2.13197443115066,-1.13565731146759,3.37214301729312,-0.12581013640893,-0.0856485596792124,2.91525235527688,-1.21771758519651,1.68531432980808,-0.279425997243378,1.08549181899734,-0.331506693259681,2.72464574084895,0.435359475163795,0.971558543400693
0,0.0193836889328572,0.41363054576504,-2.12843867574654,0.102138455977308,0.998029925829088,-1.03558473338816,2.01071599287047,-0.689886563128323,3.18600402165438,-1.34217632248663,2.41590454721311,-2.23710805065772,1.94656178911475,0.548255967431819,-0.63177628669848,-0.715491392927809,-1.591605740803,-2.02937629638971,-1.97506444302168,2.52275589917393,0.383083030541814,0.545698700889805,0.484964288834546,1.81092963608732,-2.92098410996885,-2.95986778783643,-0.53044648519429,-1.94809800669471,1.55812469814009,3.07063854249936,-2.14334874699273,-2.27529692148703,-0.736447430463377,5.0529356304092,2.5313787793048,-1.56369568649673,2.80408633192803,-2.82187795229841,2.21400054292798,-1.15410776409884,1.55908056444527,-1.06114970478556,2.22177491669816,-1.55535809151538,0.828234836092001
9,-2.73491612656672,-3.56754271569054,-0.614615793711574,2.47511400418818,2.28715579252052,4.0459417844816,4.42730928455212,1.49058649018875,3.80402552086407,1.12648582990602,1.32387143750947,1.82283185171805,1.04417226168995,4.33154842094674,-1.58610428308584,2.77356388197724,2.85919924953517,-0.615045530844464,-0.0764993755322764,1.53644273546173,-3.07812824333283,3.03011238812521,1.84743758075267,3.46421759145448,-2.7490930931277,2.51199672181282,-1.88426020171056,-0.997993420381783,2.40407276381725,3.32778865326377,-1.15107619997548,-2.34511342774315,-3.10875352874762,6.30058728689478,0.0031714760044927,2.1397377144093,3.26357801890787,-2.5642443151108,1.04442374677303,-0.0589627973360058,3.98922056401501,4.8980789688071,0.0595446430032456,2.28975477253356,1.30817677045724
5,-1.52471796480907,-2.29350463760738,-1.59240645981651,1.62611869537378,1.48473034162759,2.84851754114008,3.4710448147831,-1.32164760670303,1.18865727105213,0.395147590906374,1.22531004245668,1.76201190123251,0.904379750735031,2.38233396737779,-0.500274811747829,2.35104883701778,1.74776165384788,-1.85591042398208,-2.94022920264477,1.70275512389153,-1.7561740411942,2.71260760412093,1.84284030132381,2.06977889293889,-0.698262227001532,1.61892001889612,0.464797333289611,-0.585403003014189,0.336780624583278,1.13581803417487,-0.705994606576243,-1.63408510220077,-1.30109290015808,0.213879156035358,0.965512747881994,0.910786045137123,0.77846339181393,-0.449888689346453,0.708633240997584,-1.97129878090777,3.51060499490226,2.88225700509046,1.22504579344945,1.71365290575464,2.1491353630658
4,-2.41799999543407,-1.37880926971482,-1.57504749801047,1.28477960375163,2.7473550393986,2.4700703385641,3.20790465851898,0.931679362478225,2.56675694913518,0.15550418117285,0.328795941568802,1.03597519779382,0.709582894481748,1.32266792780927,-1.28450780748629,0.812883927867184,0.575235576774546,-0.81196396400117,-0.905440619935837,1.23171362113824,-2.54661590335931,1.80561460279091,0.79996332071908,2.25170351964529,-2.43759176817812,0.697271538645825,-1.5924674189161,-1.13017465810636,1.94261237151866,2.22653244586438,-1.51442394316382,-2.02750021937066,-1.455721852357,4.43229862468588,0.409413195528529,0.0282815695643996,2.78680831693548,-1.91110557294557,1.13638188574977,-0.281088845550526,2.57346235028397,2.43398281575924,2.3133944583398,0.613649699569367,1.5304031928085
4,-0.806160425647813,-1.74455199581909,-1.0520337744893,0.789643326725062,3.15502094432445,1.36783236900816,0.757075920261125,-2.14701264584823,2.12573263330274,0.674871980060756,0.105292817745362,0.174639506062025,0.235808366231965,-0.11721576898418,0.768078074621575,0.846293907105043,1.36918751056797,-1.69623414435115,-3.45246438005843,-0.132728176322468,-0.678390851203789,1.70646938521629,0.707686484838524,2.47554228624585,-2.25709801958807,-0.0727063995521766,-1.06055191169817,-1.37593520275667,1.56759026977259,2.40896923824886,0.20513540669358,-0.792574139993103,-0.819849439830218,4.12539003978263,0.184202970602229,0.770760506079622,2.1342230568239,-2.06600584524366,0.541793559807429,-2.71856241301936,-0.765976561732852,1.23239089860617,0.261151541739962,0.345351845703275,0.990051833530134
0,-0.354845059458238,-0.0662558527799674,-1.32985633465966,0.159924170182445,0.930780420250171,0.401187662363074,0.712110245735028,-0.731315781513681,1.26863861387369,-0.122991488390386,1.25980262071929,-1.39937464079101,1.14976295429771,0.443123555426066,-0.763393166342747,0.319002658473311,-1.57583623002178,-1.79715853013709,-1.54130231537331,0.729485330717169,-0.543808801946957,4.38593176228159,4.51433079722803,3.00931059334519,-0.319398561881048,-1.80324177540977,-0.58636930670335,-1.65231702014169,0.760476401874206,0.311884321571427,-0.949013963997269,-2.29002789257705,-0.871153432582492,1.28953376841247,1.83851652928609,-0.543803356152849,0.944521535804842,-0.63418403656005,0.844375099207959,-1.45750032227263,0.503181692607554,0.0605506337411506,0.151478308584393,-0.792254679406676,1.7829390689206
3,-0.594391881651541,-2.83365427885197,-2.05995379539157,1.69086409241317,2.20679919201609,2.8097935557226,2.27599739180252,2.54125234041196,1.31401351767395,2.03170135621158,4.14513055653787,0.810685040925652,1.75280258765385,1.12609278109978,-2.41089785618624,1.51597019677174,2.2298054448773,-2.10804184894281,2.74728448243342,1.75311636046166,-0.629263624140491,-0.940708571612015,-1.26255571870441,-0.942931344225492,-2.14942777036621,0.757858530060332,-1.42441295199541,-1.02504104552845,1.49285579543123,1.31367596598895,-2.8145716695954,-2.5306694047993,-1.64376417265879,2.17409285134603,1.98621058654329,1.77019345665071,2.04331214081,-1.84137921556599,2.31573571877907,2.51970259761021,2.12285608881873,1.19166287124055,2.86193527006361,1.41685615473018,1.51249539148758
9,-3.50533606347253,-5.99630719298277,-0.513404105587296,2.88003204285052,0.965618219024285,7.12940074620533,2.36557502624062,-1.40290768168145,0.934989898608639,4.9341069276042,-0.639417227464507,4.54511742421576,1.16099122357414,3.30317358493997,-1.43965035909315,5.47371717708028,4.00390243191551,-1.32047746026246,-0.730823926560712,1.33348272355493,-3.42029128484401,3.18264606197494,2.47297539274529,2.76963798750489,-1.29550498641443,3.43471689695882,0.877166864207411,-0.28201496392316,0.54253197134745,1.72637149449786,-0.148261977410229,0.343244998920098,-3.07482126579903,2.69273974938858,0.619993977564436,5.84400669061742,1.02096450474101,-0.873955621918458,0.967502541282993,-1.07171175587088,4.01896597046205,6.1922555592205,1.02350453675414,5.10888402186974,0.613454475032438
9,-4.01909331263315,-5.421956588102,-2.3314148040631,2.5609575814227,1.11062924376171,5.94800553745088,0.155661211925299,-0.929527521787257,2.41636563848946,4.46385139619222,1.7769623349128,4.75933069728556,0.970422573025701,1.62076569115613,-1.4490318495336,4.27668060339116,4.95446206639625,-1.63163918787279,-2.41283148779011,1.1791291786182,-3.5811213841213,2.56691257626631,1.30955606349615,2.90652835321757,-2.0659966320464,4.9610761209487,-0.642162384034769,0.190199893402882,0.990098471693143,1.72886029158678,-1.61885142514671,-3.5088983184729,-2.5782236060956,3.92929875127936,1.07620396550927,5.59071653143162,1.15621977239696,-1.70423617657502,1.17910386979253,-1.7146095705584,1.33881127307934,5.4207768613942,1.1580331524328,4.45181837823711,3.11941367770303
9,-3.55473301403786,-3.0505063548911,-0.698271969116504,2.87741590953934,1.49588762429086,4.04717511415942,1.7491325293563,0.203159632458704,3.37687782587798,1.22711938637572,-0.382256044896806,3.08939768646901,0.352253222654397,2.34403058604425,0.297880753880219,2.97968819824094,2.40292879262378,-0.455129678311368,-2.20482765700699,0.829507543680224,-3.77894829963459,0.754728886712455,-0.955954432173376,1.87402981799219,-1.25389326273805,2.15783096721611,-1.84325618673348,-1.22225839477623,1.54945499669683,2.01830080894444,0.303097573404163,-1.38650446385535,-2.82125869832554,6.35728962052917,-0.769949233982063,2.01353428599932,2.91934288083091,-1.80004019206592,0.207169801877127,-1.30356575100802,2.23847144841764,6.36229415865178,-0.881599264538903,2.62621833030107,1.91377649315832
5,-2.32746193637814,-1.41419556152875,-0.5055831229942,1.25808951355182,1.26696568221415,2.51204840281502,2.38147850156957,-2.0595785243889,0.694951238757173,0.40391913604476,1.19027467948634,0.959073775693696,0.269647772200503,0.951059991498739,-1.43879228252408,1.30884106202972,2.61792720499542,-2.32872350392567,-3.57191490039427,-0.158507266055329,-2.21686521487549,0.677461294953342,-0.321472783404449,1.52802196620541,-0.493295027637026,2.10444221647883,-0.066273727963871,-2.69188261611628,0.520455642131385,0.123204267219676,-0.673618021674707,-0.0725725055508303,-1.29003643550221,1.4952527892943,0.164678731002624,0.493530973262639,1.34165288454431,-0.6843098621655,0.611558560487503,-3.18980543431051,2.99593469312796,2.87455193777233,0.336484581127997,0.799759639405929,4.36704567474962
6,-2.06930011321797,-2.44220272901123,-1.98183359201869,1.53934665426068,2.2625488402818,2.42269907491038,2.32926741328887,-1.42600992606207,3.13950805508229,0.765036914265423,1.31973317814703,1.4054883509942,1.83204213830166,1.97277206159757,-0.619664700539288,1.72307288445863,1.714224364001,-2.32781443053397,-3.22437980120632,2.3566533117446,-2.0654141351709,0.329493408252928,-0.359843178899463,0.708007739091018,-1.66058450837411,1.01083802876611,-0.240315098055789,-1.77353608686779,1.53994554265785,2.74688474099336,-2.00219950004159,-2.37450107566249,-2.14093697161218,5.23817030151476,0.533042797881047,1.19397083835666,3.63033374824677,-1.92225313311031,1.40990998860034,-2.49707395322974,2.81967280723736,2.43158511832237,1.40414100826423,1.12528600029701,3.12095129348082
9,-3.18084701767714,-5.17416038026692,-3.08515322992658,3.03488960886744,1.81010474838852,4.24723115385014,2.42617590685212,-2.01575072258077,2.77806183561388,1.92953095010099,1.59228947146252,2.63006114577981,1.13242480953012,4.83313099855979,-0.724989963740242,2.7033144947471,2.940769958913,-1.02243321842591,-4.80460332516677,1.34326968721316,-2.9126723374485,-0.694566222478846,-1.88944745569969,0.605369386017088,-2.26379048303919,2.42938415028418,-1.30191223462388,-1.37398426379503,2.38584628135446,3.53798067276854,-2.02414616750165,-3.06298925327805,-3.83510845006711,4.69775514145062,0.436662595594118,3.44404198188686,1.93761205006608,-2.55185441085029,0.796492167437516,-3.58840526970519,6.01557515120067,5.41475546532454,2.66523792796559,3.37186169612532,2.00532453056515
6,-2.22510115167127,-1.99773384492401,-1.88673738907816,1.31814546979815,1.20112449646896,3.04238529727328,1.50463398857927,1.1506533705437,3.33459845899458,0.433579649551204,0.475983655898454,2.52343647600892,1.99244471407796,1.30171543650889,-1.10188039425579,1.36017640169215,1.86515496334487,-1.58839630327633,-0.17201148370329,1.47817421179141,-2.39779423960964,2.01902138597765,1.944962412419,1.66199272480844,-1.81172434597462,2.11220269731391,-0.734432844201112,-0.433218951862231,1.55709166201361,1.77714961762194,-0.72980566311821,-1.22073410560062,-1.09003913280225,4.98182383109312,1.36432790627277,0.796439381916505,3.80399151605172,-1.44500375757249,1.52889864353709,0.147211673176821,2.75637005028765,3.10114157836424,1.11618074420537,1.41999325930472,1.03543659124811
1,-1.24261142273403,0.0298896142902,-1.98853097889896,0.685048763765778,2.59766969915939,-0.835531300521001,0.544087745290244,-0.543270590447727,2.81809767987044,-0.952195257506824,0.470848979269478,-1.5290010370276,0.947379287569341,1.00899761696656,-1.35817849675265,0.127852029917235,-0.43379946951767,-1.30899490781367,-2.31518160966599,1.01189947321189,-1.05291625284277,-0.178013744094902,-0.686523400860664,0.932547677192254,-2.59226323701888,-1.50275200553709,-2.2040328075228,-1.36544005430719,2.61632830718163,2.98535304847148,-0.394678567410096,0.116017810367484,-0.61148746385187,6.4902524186962,0.818102056055139,-2.58272909769727,1.11442384070991,-2.25936037202166,0.787766114279511,-1.64622740310573,2.60657651083576,0.688586349694802,-0.239636554750881,-1.22497826399613,0.738101738679616
7,-1.2477460618463,-2.19460025902708,-0.935249268808199,1.52705883448806,1.96219412804529,1.17276320431503,3.18383347461234,-1.04650389663652,2.92781335847976,0.796763302856993,1.70618003393161,1.84516683559269,0.664660309900535,2.59804313887975,-0.627714874557002,0.964218829333905,2.53256064761485,-1.68825991663006,-3.287142951965,0.756725657578204,-1.42953326749301,3.58915714376849,2.67301009270234,4.17881286942857,-2.38185084163071,1.56014037785399,-1.07458102750815,0.262833313647557,1.91146540418331,3.53209611332619,-1.17205672038258,-1.56057502227038,-1.1828249987005,4.61927268899993,-0.45374676866954,0.529773629642278,1.57360569842402,-2.31633926993125,0.313056313755553,-2.1842504421525,2.80067196218977,2.7690232191964,-0.105991260899922,1.42056737659042,2.1695762913155
4,-1.14338367950594,-1.85914251059862,-1.88995326927794,1.30374226250219,3.6507901679775,3.08759565926199,2.35758920538344,0.710934809257553,1.8101806615776,1.35325448220951,1.44093550500096,1.69477770452798,0.960355783380997,1.2527386615487,-2.42085495423027,1.64026644982645,2.44613251710762,-1.40524405711951,-0.409869468075186,1.00420254119529,-1.1741129981814,1.53366583788956,0.989894838488152,2.125896176347,-0.869398583057191,2.31397435626806,-1.20623144804115,-1.84628578586269,1.64461897278909,1.9068523820753,-1.77927510683507,-3.00585843864001,-1.4366996275385,3.421675678512,0.815344199259319,1.70705724598524,1.52688212230431,-1.35325406779435,1.08053254926636,0.08769850286642,3.54259514632554,1.47420777292819,0.489354954816879,1.55790651876635,1.37951650729752
6,-1.67782359434919,-2.15447491552823,-3.50566333550517,1.70778887039503,0.411463977384862,0.985911431489584,2.61895520167717,-0.522560191064964,2.65471408216837,0.275389021177321,1.54373078934368,-0.108072468747696,1.98022087626172,1.92160329696661,-1.80710749230907,1.50193781268944,0.152469736420619,-0.904109599424043,-2.22364406768752,2.75938003866264,-1.94276740052311,0.99608532686604,0.634120221883343,0.674584455743628,-2.52627570239807,-0.495156679980673,-2.49176555883183,-3.23671431650043,2.8404305877754,3.30926572079961,-2.1106121555286,-1.90751263485953,-2.36240817279922,3.838664042067,1.6657205879355,-0.463913168559932,2.34179138985666,-2.96011930039133,2.16252036881356,-1.53747463576387,2.03744557247629,2.4769789686865,0.945549458275261,0.702757698681704,1.24064078880377
2,-0.825993388735243,-1.90118755759318,-3.12077597979333,1.522638831347,3.08357567224841,2.0316781407175,3.5720197742305,0.0757405197743699,0.528815280154374,0.392327402162705,2.80158152927339,0.906522834994068,2.84856943700485,3.57528225486694,-2.41302049017914,1.34038841568313,0.331798842933383,-1.36597226216904,-3.00503676167271,3.79504523938441,-0.886980944074234,4.89749691932131,5.84482977323237,4.53882033665867,-0.654597543760052,-0.0341427243768431,-0.0652821307648177,-0.557198944077886,0.112997370914484,-0.0333272258936177,-3.35068502927905,-2.14130303323476,-2.06300202416967,1.46093705736599,2.32419662408865,0.651845336483754,0.773969707411276,-0.801970702573806,2.20624747186684,-2.1355718144899,3.38989793981699,1.06611124977819,2.92966453552854,0.795253716390262,1.20680203469257
4,-0.69024129054173,-1.05777403286746,-0.74529694203654,1.19594962798462,2.3849247055997,1.74659855792465,2.59069302676132,0.123768605929973,1.11083211197255,0.0475975172312546,-0.185743056668212,1.32460098143749,1.10712063160349,1.95830288774254,-1.77580287096551,1.58933913928653,1.61557147738905,-0.980390877804227,-0.856327256205468,1.24905819035037,-1.04959180973603,1.85250969900351,1.73057219890351,1.80540173543132,-1.13292126167819,1.41451286962345,-0.585279359496979,-1.44771364210371,1.48627017878866,1.59940535594612,-1.03990432303857,-0.757474055627232,-1.50974009667638,1.11524663276597,-0.315904861442986,0.130613398747833,1.85969677558848,-1.06057454339591,0.396861645284082,-0.780329557247998,2.78510820416886,1.62664551206982,0.878961971327244,0.359668586216482,3.94791861970958
7,-2.43039916623438,-2.96148547785229,-0.999097186420695,1.47597489678368,1.64508366437918,1.34718545940662,0.120564854393124,0.178666294255794,4.3544028696792,1.21531352217796,1.11493459692569,1.13303473234861,1.15619235707293,-0.546782900872716,-1.02414651076609,1.00782141022855,2.02303691243496,-2.20444266432911,-0.64656030254635,0.331021490522648,-2.08181075370511,0.613015553901467,-0.906447519623856,2.20666282697182,-3.46782531443765,1.43284687601803,-3.0619948154964,-0.704998197986752,3.91817269956783,3.95979081675338,-1.84207952996714,-2.51352364874259,-1.16731488732773,8.82907008450511,1.54086658279011,1.16318463025704,3.20288206803811,-3.17212559471179,0.812177123012586,-0.114050358242241,1.00225445256374,2.46582542650128,2.42320047331292,1.01281736697668,5.64384416416351
8,-1.85404829842197,-3.89315025624774,-1.24578349342289,1.89718857327011,1.98422975536174,4.97475132239465,3.69544569788602,0.52085251799736,2.81327137960902,3.27202307237547,0.737603727176522,3.83750321275225,0.974266123820915,1.37847069766149,-0.753132021171719,3.41214987725419,4.15229232035952,-1.53394778289758,-1.61396929928179,0.134773056501162,-1.84427223881544,4.03691949761829,2.93848443426002,4.50955914870305,-1.38814156666092,3.73299076434879,0.659848773328017,-1.91474301218957,0.948090646618458,0.668630836797116,-0.408800445424128,-0.905369245230583,-1.89219865997738,3.7680549266423,-0.0629960326420311,3.61031197177615,2.78779817644358,-1.03384852441697,1.03278342383724,-0.594952912801934,2.75322820159766,3.77367104643803,0.364904604990944,3.27691597529686,0.184869694142784
6,-2.8306974354701,-2.20605248351571,-0.860526022215125,1.69081549227039,1.94323586164079,2.25817634743328,1.23789798810115,-0.56004785272308,2.89848749397956,1.2949396302593,0.905860523905213,1.55896358555806,0.959366186483513,0.545690088218436,-1.56273903774928,1.244142476798,1.48672457497634,-1.91870202759484,-3.76357093333501,0.554339064613888,-2.54393055583712,-0.0141265081624173,-1.19196426500869,0.188616175513102,-2.61645365645869,0.984281706859907,-1.63520679150986,-2.5652043640061,2.56658342172509,2.82400693072716,-1.04037232201787,-1.81698114335383,-1.87269668336128,4.95700650791415,0.836065562092474,1.26959860862611,3.00253929191661,-2.6182970729873,0.85590613973498,-2.6672103934208,1.17180227747661,3.0060293574726,1.47512007473531,1.03440975466522,0.422265950745416
9,-1.99921131179755,-4.06167287142121,-0.284585589995693,1.07923337194408,2.11582816874854,3.86397094370266,2.86492206059949,2.10490482471135,2.18879608089857,3.20158742564292,-1.07142395394283,2.94693303747692,-0.491724884347072,2.11124275176086,-0.217758502146934,3.07534538453515,3.62575469074881,0.947702602972855,-0.442547015386907,-0.862479180042682,-2.28337027450051,4.09151667778071,2.54653639966584,4.79086044080453,-1.58350693225315,2.91401117545026,-0.921248457427757,-2.0996500744071,1.16467097252308,1.87842239733628,0.709897192242045,-0.022792706757213,-1.88655085516422,4.16263471777291,-1.39516607024128,4.16821009918512,1.92245919726002,-1.30312671291165,-0.259563646856427,0.386259756920059,3.63026843810118,4.52134711969415,-0.851628517919616,3.27759035085758,1.91821417728012
0,-0.104323616829747,1.09992331704769,-0.800142395717499,-0.16012532932839,3.02800531776994,-1.57945320908368,0.919579491644173,0.627213945471808,3.02330932250828,-2.74548720456414,0.673627714753482,-2.1183297227363,0.767743712589536,-0.216992445405763,-0.0151071111042899,-1.05233888643135,-1.34786084738906,-1.6830753585587,-1.91435880796785,1.0572113622047,0.124265305804258,1.98775645998239,1.78771262627718,1.14301865628541,-2.10222647490715,-2.72200432973483,-1.05015377443842,-2.24541458197286,2.14208344960689,2.68887620882101,0.0619380058960057,-0.940931459498653,0.0268993083071679,2.26548532983553,1.04811845127152,-3.23431518284046,3.31871408890164,-2.05720244859797,0.0912722035038505,-1.14141115952075,2.15223789667389,-0.899028940637628,0.974617033891164,-2.1591087616144,0.38689958845044
7,0.121090900559209,-1.77321078295753,-2.27786758369649,1.60732575818282,2.14798635900626,1.31458815442648,1.27530089462029,-0.295847813122318,3.4855923365077,0.708487270554785,1.54182040682337,0.619740396553815,2.0534596458164,0.93600506659047,-2.00510870180659,0.814750782842455,0.947618409074812,-0.727246294481247,-2.04437351650258,3.42152230939997,-0.334857495605899,1.74343240262634,0.650584366479839,1.50260404599706,-2.4803043379761,0.311047438239943,-1.23955191758656,-2.90808510850346,2.01526625471073,3.67303552393973,-2.55424088959411,-2.66473267336604,-1.76069008494788,7.17491140897717,1.44062690908243,0.342869413673238,2.95997664308548,-2.58454652385932,2.10751036236917,-1.55836755412041,2.21130497621814,2.34919895855547,2.07818187017737,0.567572146305204,2.38273975490158
9,-2.67646518872179,-4.18726511020587,-1.47298222065217,2.22642233477929,0.681204291089174,6.23406272934839,2.24480567481729,-1.58705585404805,0.926392433634261,2.30149987443117,0.445667476989748,4.3105166460703,0.982745198444304,3.05754641601377,0.722968312636794,3.34554554300636,4.93149012089952,-1.23768830093944,-3.83935128240773,0.90847232836883,-2.52045241798141,1.74440634974512,0.797966495250821,2.27569178076351,-0.136993206547709,4.06977825433798,2.22425829934095,-2.41209653800251,-0.307736763849322,0.305836641793467,0.250564329014345,-0.880098022836815,-2.82739967968421,2.01838534032494,0.0840933374568221,3.23652511242705,2.10743448251859,0.0710723728732174,0.573341666613205,-2.99454742660033,3.26208919421609,4.74456921622759,-0.302102424718234,3.97780157917112,0.503492583687872
1,0.185092737634394,-1.30185453458292,-0.886723833471065,0.354349918285185,1.08878611294041,2.66785406450666,1.1256921101423,-1.27439655865672,-0.189590725368443,1.07592742568754,0.95705253306163,0.949928362182315,1.38406647351794,-0.0438344741730253,-0.117846114919325,2.7583704676214,1.57765710065091,-1.97210378133354,-3.05029086943801,2.06665127385344,0.40286873423469,0.704389870999469,0.783018316882791,0.215188530633491,-0.0479137777416773,1.1623740545427,0.723718811444038,-2.1885595054563,0.0137769274077075,0.0924872824756224,-0.254775553568127,-1.30476434809815,-0.640867656477311,-1.08116062891834,1.69457585159768,2.03158036572948,0.35864145777388,-0.0375470656761101,1.29328325032689,-2.38223859749875,1.23622231516714,0.207905538847424,1.09115972618148,1.62693110043582,2.50431013107776
9,-4.04409401261477,-3.6611402542528,-0.0887531128361182,1.21012889247568,1.90620772024557,3.78756285221912,1.02168600448432,-0.481498069973673,1.02388415251457,1.83808030647281,-0.493633150850597,2.50567050314972,0.827427417135647,1.75473928684969,-0.707089149399586,2.72380385087597,3.90752547539516,-1.35542393390903,-1.06220639591836,0.145899123589105,-3.21996980429437,4.51631034704069,4.01488403287498,5.32453614765934,-0.67121551917939,2.76394360295405,-0.406892740149615,-0.848098073161702,-0.375846124236156,0.171987557020723,1.15232327120404,1.13429978504063,-1.5536141922541,2.03721606859126,0.12047391924766,2.33318194796972,1.03496586288174,-0.444730892685325,-0.221485856355831,-0.679445678585788,2.32728629778666,4.26287636887388,-0.390646938800292,2.57877657558549,1.66815062330387
3,-0.546867933379185,-1.53188907744907,-1.28242757561897,0.720366670033506,1.6920351151672,3.23811127541634,2.01109381186505,2.51900927558898,1.96403346622319,1.09620557891877,0.530968486640341,1.00966105786353,-0.03916635547238,1.36886548038613,-0.46509011499198,1.1183705341115,2.13919810780827,-1.12066367674042,0.266369564741999,-0.988824853360185,-0.663406770596666,-0.885266003120034,-1.72914368329084,-1.04967149463656,-0.288986511737764,1.04033819155684,-0.832106917255327,-2.5822557599166,0.029264074907945,1.46603521214487,-0.268367879826521,-0.833146435881837,-1.4195141320199,3.11673566902686,-0.842767671706698,1.72294660263915,1.02902203100215,-0.61754050137389,-0.130437341406371,1.04120495822454,3.51460585695941,1.30540677418251,1.57894907220035,0.972330232846678,-0.165353242845429
1,-0.202307684408276,-0.50360493175369,-2.19273471108582,0.265363115038819,2.19815962686849,2.50489748109168,1.17091892920844,0.425011636489084,1.30003501532786,0.27567628548941,0.444168523558189,1.02349817544676,1.89531062082699,-0.252517349013175,-0.525482103510375,1.02989030943596,0.323071396946417,-0.956321561284437,-2.7612985199191,2.46506773281575,0.0799326148543132,-1.25648748074037,-1.15275481973199,-0.428467021733665,-1.87929383630105,-0.220394212554599,-0.288372617632606,-3.11547296083914,0.185848733108837,0.744894303547251,-1.02902773557249,-2.3407726946806,-1.29302822581242,3.42413070343449,1.89975871170607,0.273941263985079,1.73921506614081,-0.910538565421908,1.30793662025327,-1.36587892713412,-0.349970102217467,0.632286137663934,0.541401270629108,0.402271129644859,2.61581996219809
7,-2.40279276924325,-3.12125931516315,-0.881576255690297,1.60374490913427,0.969474159619035,2.84945394529201,2.91289207772503,-0.84928440114713,2.45440255590505,1.99617359157583,-0.615117463411385,1.85003207379121,1.50849874380348,0.628014501503343,0.458655058818159,2.70382093861275,1.47282234172948,-0.0744911340385468,-1.50632116682203,1.86010439823353,-2.66593882849324,4.6254261656047,3.91403839217018,4.68726284703022,-1.74004281264791,0.709807146503296,-1.69937098447177,-1.59843352207461,1.98917642370056,2.54715797102906,0.793831724892681,1.0772556450741,-1.78311279487388,3.11623467120129,2.06317639835153,2.60314713039779,2.37462063918045,-1.64071045113914,1.01589227449287,-1.53312481627898,1.82212789971829,3.88180739254312,0.0339673708589797,2.3155716656533,2.46095820907823
3,-0.877184982150621,-0.312224492532337,-0.495465402977273,0.991495353472551,2.67419483039006,1.35554351211222,0.619939200709718,0.714142401825413,2.22253965308519,-1.00897672102529,-0.465492976973957,-0.821890351534732,1.14328940839857,2.07420097551256,-1.04336550235027,-0.24611528363248,0.426937445106727,-1.81344207659568,-1.33069210682463,0.510491382889093,-1.15626259471933,-0.0739423775180771,-0.697848539917177,0.316213886800951,-1.71044816396111,-0.317400135260218,-1.91291935764426,-3.59641466678545,1.73279900075529,2.14813012592217,-0.590874189115584,-0.861738162412894,-1.2914207503566,3.3702536173747,0.491240986351316,-1.23307863887206,2.22209285101561,-1.78198678535968,1.79523277844886,-0.552506580156799,3.78012700395937,1.4794655026415,-0.770511725344901,-0.60356003971145,3.13184869496257
0,-1.05736248349694,-0.360756874136319,-3.45523922821897,0.695508136142958,0.487597618928816,0.811309086837315,1.59342084627627,0.619357295645855,2.78072083604714,-0.204419082424434,2.0668231254656,-0.46685220535968,2.31052122436159,1.41696033104337,-1.92904271057019,-0.307372866191965,1.09833785338187,-1.20900705617353,-0.715274718592887,2.19274793777423,-1.03844001964698,1.3097272934579,1.75237928560285,1.68852929067516,-1.6666942516505,0.103502255558971,-2.20596628529611,-1.58484823694103,1.80689543864586,3.17361121900316,-3.3337175138534,-2.66996262966663,-2.17279403771473,6.771283011946,2.18087067067997,-0.703620657672208,2.67750162250099,-2.05588147596093,2.33585732140835,-0.180406340957646,3.54706437473838,-0.197427579714495,1.61244064630841,-0.442016805327376,0.437599734532626
7,-1.52471790821853,-2.77956326214817,-1.23939252284931,2.00243510109224,2.89236484258681,3.71202788163378,2.27174000119903,2.18928176000114,0.628447877057545,1.96141087601919,2.72053843933624,1.31601943593119,1.68736797744398,2.32285733153353,-2.24674000161072,1.94163834059167,2.2191857464934,-2.13391567169729,-1.8171860177507,3.76853266145024,-1.66328695995231,3.03241105224648,2.80948798440655,3.36939958825914,-1.68889167001921,1.54322887196837,-0.74064440823249,-0.391858534354836,0.741780604135393,1.9806905243386,-2.32429769702913,-2.20226250574467,-2.60937592666807,2.67395513982771,2.05413624498632,1.54543785990344,0.433570534616018,-1.728354373868,2.11137359809573,-0.357084681973304,3.13936766778961,3.11220335709238,2.42011692805427,2.27053171063091,1.17890977790425
9,-2.72152980016535,-2.36099048102157,-1.9760221271896,2.37257358040287,4.13466608748374,2.78117663734262,1.45714510457069,1.41142244326603,2.44865220208148,0.680980531368937,1.35359741057211,1.47802512431399,1.2738230443107,2.85051562028894,-1.37245141120203,1.86510336159908,0.69987003761754,-2.03331686043982,-0.798600020776497,2.17937304791801,-2.64242074006779,2.72298574053877,1.98782609495888,3.42038427013529,-0.911634011305571,0.538597460539944,-1.32691595533606,-1.33589739030602,1.21696266766194,1.62701167143113,-0.258892851205115,-1.72528601940386,-2.48791175625616,3.67709791570602,0.701804646820418,0.349226315509373,2.31539738629217,-1.15970935677027,0.792042832860848,0.276733556627011,3.17064807579033,4.70162407206739,0.265610008974085,1.29926958270026,-0.578782057982137
2,-0.506542117372319,-0.959846755116694,-2.62773969574651,0.873807278619193,1.96976386318461,1.70352158044521,0.833981922091761,0.0253461219031626,0.704939061023537,0.969958675562274,1.42169881444305,-0.592101400551,2.24215186341724,1.40175256383017,-2.55872814355557,1.06620016141775,0.0301227384829301,-2.06344340421319,-1.63193905408781,3.25975295963835,-0.427734142366729,1.62900959342312,1.98810785281844,1.09253130294244,-0.66785159310178,-0.66326859525914,-1.04309156976842,-1.50273333126243,0.876109375915681,0.871222608461844,-2.099558913094,-2.04341369818866,-1.95375622140448,1.52399093485968,1.45649699197094,0.507091221361278,0.275529066005853,-0.623857167217954,2.37162349865663,-1.22855717465352,2.74989267516181,0.71630981257265,1.7470711482757,0.718906962693481,0.997078473088673
0,1.9985176136797,2.49523590575333,-1.46962856111378,-0.258635434411362,2.78826865325285,-1.3188321838035,1.79092511313037,-1.58072171627547,1.24624682626929,-2.21018717649598,1.40282423031621,-3.25846209467158,0.782457861707207,0.0940285156719302,-0.957063351258235,-2.09477576436552,-2.26270622616007,-1.48299595008589,-3.04731847799902,1.14167662704232,1.85251111358794,2.82145538057506,3.47033691998253,2.77175938906654,-0.325763565190307,-2.28857089919451,-1.00915596738374,0.392882574907384,1.7094974032122,2.11563714781354,-1.44570935488327,-1.46092353526296,-0.66778763842297,1.744026420064,0.936657069011006,-3.66760531371181,1.65335956168797,-1.28551454090522,1.54542909585749,-2.63860749764478,-0.201795357578331,-2.26255422517606,2.03996120116189,-3.05186214935704,0.0237857291465449
8,-2.97441542930617,-2.25781983796736,-0.482364430370499,2.00302438293484,0.271041135880682,2.25159199720879,2.26576107766561,0.911213929153987,1.10527722690679,1.84337466623333,-0.175162322057563,1.94771113320506,0.561439664407013,1.66602433026865,-0.0371675954652112,2.71508662325494,3.47338152557523,-1.81594626226737,-1.76605229939694,-0.0762346214077299,-2.9927750457814,-0.897703598571158,-1.82682307277777,-0.457873747201989,-1.78153372188359,2.03281324214959,-0.976507877058773,-2.02349458760518,0.97870928944455,1.83149754490013,0.0653871780012797,-0.858503796490803,-2.24907354709746,2.41150248608331,-0.402769613535853,2.02965466399433,0.238269465564946,-1.69592855248735,-0.328933936508463,-1.16727701647391,1.8249240404656,4.20509023517017,0.483395574590594,1.72324079161892,2.98297040815858
5,-2.99780659637621,-1.77733544237553,-1.89168727519557,1.68924831480504,2.75816602471133,2.22793998508383,1.70114095722935,0.430355038729234,3.92147934258243,0.725823620973545,0.868463851966355,0.708565754753366,1.37833837121467,1.89791747095608,-0.669455953880464,1.37938652604589,0.884097956894946,-1.40089124207812,-1.73440576211353,2.24431178905145,-2.44978450128247,4.45497105256057,3.20239803021261,4.90504449507716,-2.31335082691288,0.426870094810844,-2.15983935327037,-1.15651559924049,2.63932788183997,3.21975603562071,-2.0763394825869,-2.48398523453282,-2.17149145799756,6.00896247158028,0.877423484632518,0.824408529282293,3.27783986091637,-2.19648949492188,1.1580178471034,-0.921564850917199,1.61636563791111,2.27436051446417,1.23914546480734,1.20270079261753,-1.21473465630443
7,-2.53506571288994,-2.29084329078833,-1.63861616186402,2.10732019929116,1.30978103977798,3.37476000245986,1.77624135970224,0.413211315765182,0.353749958000395,3.07778540627873,0.989999441866049,3.29735123031399,1.82082318828674,-0.053208264892052,-0.306787918186291,2.83428115773371,3.27441487678447,0.384248727804294,-1.82760950816468,2.37641717648367,-3.25711371294438,-0.0913251189136208,-0.362167861682448,-0.315457823675291,0.218146203991064,3.09968481310988,1.45246163898241,-0.552985903045706,-0.482645026670763,-0.831934570450682,-0.830869498533254,-0.42755361398804,-1.45435753128472,1.16017679589975,1.54856882086077,3.73043883572368,0.402589021790919,0.790054184783959,2.41390595523194,-1.13967255104279,3.08092962829289,3.51754026471597,1.84082612323792,2.86000460853598,0.308886028572575
0,1.53851742830267,0.6485304949822,-1.88244182075815,0.173405419845649,2.88030611603364,-0.0241179172668691,0.679733414723679,-1.17890931072495,0.636148979025238,-0.349988213757245,2.21831379183941,-0.461989866727329,2.06783335356988,-1.94111889414805,-1.10886392967225,-0.648336631285498,-0.587419080431602,-2.42396419088074,-2.0776416147923,2.2041730067016,1.43520274560613,-1.43877551979622,-0.860511805925394,-0.6531844171975,-1.22103237412569,-0.695741501502264,-0.874998771067927,-3.08555043608255,0.116055876578369,0.0363348858101151,-2.11644153008216,-1.08121159245476,-0.302460230673128,1.80951665982081,2.77800283417304,-1.03842622709259,1.31987936325682,-1.01367515812956,1.73597681185568,-1.48030350003866,0.915676914617277,-2.62013059457193,2.20158223701102,-1.01067459561547,2.44508642062944
1,-0.956375205929049,-1.3832722705245,-2.73530968178823,1.47412481877948,2.64826167189285,1.64820164044739,1.24480576667378,0.0939295730560009,2.97507899886139,0.159533309869544,2.63242320193895,-0.374075987308994,1.8475251573307,1.49898394089872,-2.60821786267181,0.315653474083205,0.212968689836516,-4.00854609315487,-1.20709492938409,1.69102148260715,-1.42214506977582,1.98066362831427,1.61614646492558,2.52134632453399,-2.18254074198456,-0.680107722168845,-1.01763934843558,-1.8968117734352,1.8723401818431,2.7545736635993,-3.19833441909978,-3.03613685125661,-2.11325231421843,4.45545065830034,1.25243292437194,0.502937001401725,3.32623149369102,-2.35412820855917,2.51928875323402,-0.697590300018267,2.49127220852461,0.683807546778529,2.98971655648893,0.585749548201028,-0.609180632293992
7,-1.3389986881104,-3.71313479965183,-1.14108801694668,1.8581124296294,0.248185875681801,4.73953961359436,1.4227201695263,1.85143180641992,-0.562752194302643,3.54322457212514,-0.451606106016892,4.82705950195003,0.163230302146406,1.04988488535143,-0.459521777490234,4.7512371310484,4.59139093995405,-0.845824117194497,-0.414024597072089,0.04619488768606,-1.52372826908101,0.182672262013079,-0.243906341404023,0.751926563320531,0.535423563377467,4.51774517355822,2.36848460605107,-0.989889790462358,-0.275498574743992,-0.748046871954665,-0.593837237354329,-0.580493029927624,-1.45793297939729,0.225493283560831,-0.711098057461377,4.8884900874647,-0.608771914514106,0.901681878896561,0.644685353336107,0.193777157501008,1.97065208191101,3.24033998664352,0.65133056542121,4.00087289259418,-1.25227486308293
4,-1.97704610955514,-2.57883609527689,-2.69107689375632,1.21039846993211,1.54225619416448,2.87166557723346,-0.150209561109804,0.597539282728098,1.00602720573568,2.29840897723885,2.06861359427584,2.55283316379298,1.85131878991023,-0.97002382009108,-0.542867407871237,2.59822891443681,2.42185293352005,-2.8835625292271,0.28516157708941,2.50662135168887,-1.97677667393228,2.65860790001353,2.99086165590347,0.275006387013852,-0.635374055726237,2.13214174117915,-1.26597932440023,0.447222158551903,1.51768388743533,0.844601931998937,-1.22507914959892,-2.58192799376769,-0.646812464996572,-0.0803522334630446,1.92539510999767,1.63396403844997,1.16221609944246,-1.21681137132048,2.40140326262532,0.182128762080255,0.596909490723337,1.92360085718188,0.382067009801972,1.80769214202143,2.77655854486137
5,-0.81108918600728,-1.38495680362379,-3.22109002611214,1.51191793583951,0.392540984685948,1.05246953712236,3.43019842936663,-0.0844738747613102,1.8188614143889,-0.143793913038298,1.4906189379698,-0.150910933623413,1.15621614396987,2.30173227324507,-1.50397073542235,0.508616034523372,0.670953492459624,-1.2306638867071,-2.92079244957083,1.01636481736299,-1.42004131784669,-0.463439018453569,-0.32018102426823,-0.119825036041551,-1.82268076844029,-0.385746588924363,-1.29004971279175,-2.14061558221554,1.72862826376374,2.61953910060829,-1.51912129018812,-1.26582013967143,-2.47837015516569,2.27793798491647,0.0356253099612062,0.0436110833638124,1.63119876098704,-1.70155430434105,1.09200046613836,-2.0108812208358,3.90213225331614,2.4809164529892,1.31100483274396,0.370481814932555,1.06319750384102
6,-1.14404111848191,-3.00406275556958,-1.51816366974366,1.48515867519073,2.55372569921185,3.15332270216746,2.01168785694029,3.02417820589165,3.03268310578624,1.15060390779232,1.57676016241638,1.37560772475972,0.623164784503912,4.14812673491477,-1.55770007846102,1.26465050792171,1.95337759947687,1.1016048756589,1.05803111744853,0.616656268873372,-1.13313301548247,0.742449787997614,-0.173145619332297,2.85780072866057,-1.74566001996545,0.985740603942509,-1.72242784616804,-2.6071978907867,2.18764672007107,1.99202155015108,-2.06005590729936,-2.53044359983768,-2.46699920911289,6.74442507352587,-1.05212001942158,1.32717436098158,2.88089374077857,-1.75950877291582,0.46695054394081,1.57732491361733,3.19643621813676,2.53061641661149,2.36509849417342,1.64544129263349,1.38726958747821
0,1.48052051448761,0.965578594792198,-1.82504853990443,-1.10683131639443,2.74623821985611,-0.78961079436555,0.580480375298503,3.49787238536404,1.94348310648072,-0.852060617013463,1.31225216535612,-1.69542900005095,0.93370209549898,0.264138574201165,-0.789114432630586,0.0864128606367061,0.140120273046148,-1.97491410568425,2.03083148559814,0.0525996098932125,1.82115342768286,0.711531224571515,0.679310175866363,1.19232135119945,-1.65208406073134,-0.989849582891285,-0.138306323276491,-1.49552190439042,1.09840251049268,2.21469355246779,-1.2907411479873,-1.92057562823899,0.135371281655325,4.46218618248043,0.834238514108015,-2.23660734774174,1.21989461513583,-1.30007289309885,0.809956405348909,2.46296409665625,0.507949978745968,-2.59112939854469,0.167185038246574,-1.29852414246953,0.653371195928463
3,-1.37819415458119,-2.74636085356534,-1.2099082864212,1.19944739068982,0.332607494700426,3.06456329010756,2.30566876330838,0.386079526400177,3.622522242013,0.874421564381158,1.10645808699231,1.60859150543644,0.816669722649372,3.04695208322653,-0.726674785520845,1.91266225125725,2.58335283181561,-1.70034806215694,-3.09208855159448,1.45567716482635,-0.999256661010586,0.388012584963441,-0.557536338684269,1.56781899629306,-3.00076276972108,2.34539996844249,-1.87478645041247,-1.55751575668231,3.22246024469901,3.65421987038541,-0.239733393087977,-0.6737139587268,-1.91242386353012,7.38666557713154,-0.327562891966705,1.08274328250446,2.70928249762013,-2.92523395748765,0.71168733121444,-1.88188255180426,3.94413675435904,1.2290341313765,-0.227840903738511,1.31023077412349,-0.769151794190154
6,-3.36669974690276,-2.26819266450447,0.349058038512331,1.70052002637511,0.600878670704711,1.25745065127563,3.06638817630649,1.92619060737127,1.75373375627499,0.4423468111772,1.21665935264408,0.581546226251322,1.31503011897264,2.95443871039597,-0.389257521282161,1.50893973321228,1.58796120939519,-0.917716093889406,0.0093307518866143,1.64372326194816,-3.3102593985454,4.17759087137709,4.10313900772978,3.79205447568169,-1.18749649085375,1.07241709289673,-0.0695984095639072,0.0326865636867877,0.474965259674416,1.31086796706387,-0.557008320911881,-0.170472749918882,-2.3154672683594,1.33910501257209,0.27739166631173,0.459474049728827,2.22825746415747,-1.48165747341558,-0.0302384722268385,0.807213678601293,2.39348226531355,3.32626051701131,0.0096799713807305,0.875424900621847,1.34523862346547
0,0.342658600268569,-0.20705701661107,-1.15326886474231,0.396626566104678,1.74737159252835,0.325377714683058,2.3446505115576,0.976520128517696,1.19042467519801,-0.22348746620711,1.33061219068693,-0.470892410255343,1.05210968089894,0.57974683030319,-2.00916752330843,-0.730316669401219,0.904316952220481,-0.838625644504226,-0.342126788733738,0.955819855098756,0.496062292691696,-0.61990852573905,-0.685419353483337,0.210731305618563,-1.98994897701026,-0.532653477836374,0.386439980251749,-0.942535771650021,1.20541205913454,1.9960553465759,-1.14096186539454,-0.593770265272735,-0.503143011020041,2.63891015958855,0.831829517592691,-0.0434509889168992,0.0949929334979271,-1.51509813711609,1.11008642645526,0.0792197968131849,1.76300499363514,-0.373725177422077,1.33717914191017,-0.676286809056483,0.8490630514129
7,-2.19982976994918,-3.27668411284781,-1.324972574764,2.15033788461707,3.6834284386043,3.72905590626645,2.8768930109754,0.486283235134016,1.39511955560783,1.26741034090818,0.946252443852878,1.51059564734351,1.62381066770581,2.54446173521629,-1.48595647176748,1.6630696694087,1.56099949012865,-1.48991216355257,-1.27478190356,1.69578791885302,-2.34910165098164,0.290222822738819,0.0583193142991975,0.364186555577626,-1.73053439279729,0.84331722363737,0.125231374908197,-1.54090437975907,0.992720318703764,0.528377387056431,-1.6841450291318,-1.24344822642085,-2.26608376455536,1.0457100736028,1.10321713128848,2.0283076296546,2.33519465613514,-1.09295594015796,1.12276260127425,-0.636139129712646,2.09602877722612,2.80972855288707,2.46172631207856,2.00909051661744,1.52558535044978
3,-1.33950924882401,-2.17610983446966,-1.77742813207808,1.23719560624825,2.47551097824874,2.14017013919766,1.85747701222987,-0.130875681107799,0.927327316355928,0.645234788245779,3.56367144707751,0.741109873288202,0.998943883464329,2.06436877265366,-1.83278356589903,1.66330173474853,0.517438146783849,-1.77415116044312,-1.52831154785832,1.49526087444205,-1.13353056293114,-0.791125535717182,-1.25669718927823,-0.785008068436628,-2.01877443633143,-0.235646715477664,-1.77081882535777,-3.62242013763567,2.16271964632613,2.49150565927438,-2.58016472709959,-1.3869164390274,-1.67160076799546,1.16590716938726,0.871370913149273,1.5229042017166,-0.228875606929696,-0.946143116869621,1.29683760295045,-1.17116698356021,3.16127623855076,1.35715521029547,0.111277361070009,1.19863946843945,1.56672008638541
4,-0.598466706392868,-1.39618330889168,-0.145949628209113,0.487244522831113,0.443125370041922,2.20977156225164,0.800572415926916,1.08538259626184,3.41016473415656,0.75005979071078,0.437533937054018,0.482934979144437,0.365622965807907,0.395598194515865,-0.451084939915493,2.13384272795383,2.44457301288166,-0.820677409599826,-0.912047552560582,0.1820849824381,-0.973600547690717,1.36813424919224,0.410426052100614,1.41647809031618,-2.262381464488,0.931571605153365,-1.11555073740689,-2.14336510711348,2.77072108064978,3.64894956210587,0.0430353874068571,-0.823566597457365,-0.278573043980563,5.3804580386991,-0.144869836740752,0.985941105488876,3.28219642911559,-2.44322378465743,0.523508982497212,-0.345845793392149,1.61037582039267,1.12240386784555,0.203157148116295,1.00094245691916,-0.0548581620456148
5,-2.10814212530474,-2.26571255059111,-1.77993026416308,1.29410723322457,2.94572008066804,2.87662321109538,3.90768670505305,1.7654024078775,1.88425269484702,1.66230969503903,1.3695731864535,2.64063781792778,2.96399217627179,3.74357592276654,-0.308721666645019,1.54757307122015,2.81369218888667,-1.07123266097103,-0.539654397404607,4.6717397935693,-2.03779152045416,2.87013591153996,2.98849987810894,2.45531812784515,-1.27068921557246,2.1310106398439,-2.02728318012849,0.751647717592632,1.31008033407361,1.34243476907598,-1.58697690706286,-2.18595142811634,-2.55329659852464,4.17675923611734,2.94802637746791,1.41719507703814,1.94917518877534,-0.981413035129592,2.47362884880491,0.270886566685481,5.42920026391805,2.27014780010809,1.11263616161576,1.96700842631375,0.958053909155448
2,-0.561094719153383,-1.2720143869388,-2.15728064544887,1.02636281417497,-0.79128674912391,2.44503035484615,3.07744477463821,-1.75173658170902,0.64984040921802,0.864085402732982,1.266098218629,0.38114457247962,1.47675689049913,1.44183525368876,-1.81892055789074,0.927818893327071,1.40376329023962,-0.539716139061178,-3.00323975296131,0.874672985818056,-0.607386264912076,-1.37133893686339,-1.57110727555305,-2.83937383363133,-0.36385350449781,0.794009588287626,0.452792419123071,-3.31400993859757,0.329159132186138,0.617122168134282,-1.13569204814765,-1.79807725020631,-1.76574051598737,-0.15774621030352,0.941108703229814,1.09294394502704,0.775211876616727,-0.341798294154672,1.63971631464103,-2.48431790622688,2.05158875967227,0.796643645081613,0.53872673506785,0.713994542475676,1.29875186726725
8,-3.62589119331682,-3.44326621094067,-2.74238905496797,2.15766477113974,2.37280244941926,2.4338885309449,-0.0724751933743847,0.909776209666538,1.79212237283891,2.31178011590314,4.087266441264,2.81988846735724,1.7865136568079,-0.265274819736538,-1.58233906177704,2.71587212583008,2.53588065354632,-2.44205270962594,-0.284152334343977,2.63465467493599,-3.51531540272771,4.62782406635299,4.14569611476641,4.36968482226947,-1.37971914160371,2.23323467904883,-1.51627424150847,-1.52636368529376,1.78644165606447,2.15467036840231,-2.27277006033146,-2.00480734354773,-1.56160315920095,2.24700517905113,2.80467168554008,2.66555109129228,1.48033482330889,-1.81663192378562,3.01760266318753,0.148689932013369,3.09078956150513,3.88708495199592,2.47963296720651,2.51323201574048,1.57103765068558
2,-0.392887316682051,-1.29722252276303,-1.75944893380247,1.18779398087572,2.08768667869574,0.387347278414709,1.29113804527196,2.43183120551731,2.23228466980632,-0.425456850741154,1.28733935969529,0.194509709126559,1.79221537020667,2.35686228414036,-2.82159689119535,0.158461026151186,0.582303560775941,-2.27623811017272,1.65832855293064,1.77549438681962,-0.359144694258905,0.875473282549572,0.875095327298589,0.900458427728963,-1.86054566298482,-0.0799411464457346,-1.95572512442518,-2.35459055778839,1.84355103359225,2.49077431079085,-2.63662380689836,-1.98205414602618,-2.19739426166867,3.13557272371373,0.353887599275739,-0.809042157618556,1.64524820848625,-1.96206509699647,1.14631746495886,1.78599794323661,2.67295144181478,0.649019362393736,0.53609107383023,0.0319240825952913,1.27667291514284
6,-3.09574965119674,-2.57211380770989,-1.38116975126653,1.36267432539093,0.706572579024642,3.30825914668553,2.45564773991795,-1.12843616737834,2.68908508831197,1.34222853558471,-0.877616921524606,1.9903974123945,0.827359765504126,1.52266502962756,-1.55971191186652,1.84268015928858,2.03134891795216,-0.042462793534082,-3.35207055547401,0.600216726265563,-2.94889854897212,1.28599983056586,0.478408279860287,1.75941283310355,-2.28467485730094,1.52193500754008,-2.13575470305503,-3.26679120206118,2.67775513324457,2.75302065610351,-0.598056198656443,-0.544559229490589,-1.53700490197212,5.06896651113393,1.1783133294033,1.92624052315342,1.82082934768876,-2.72787610684318,0.425709768707635,-3.02174610135681,2.35712340049137,3.34282511548766,1.31690748335324,1.84733538743324,0.023775130358467
0,0.126397754220769,-0.001370647399991,-1.0968230396745,-0.100453565989607,3.71353420490275,0.554537484829216,0.804840070181414,-1.91494397725041,2.91581468042334,-0.800057937522912,0.618181637823208,-1.35593231205261,1.33713605352252,1.08884967584313,-1.42471341958912,-0.123039682790136,-0.927224231570092,-0.709530036490558,-4.36326335411734,1.69865561744232,0.087152338790648,0.630992299565641,0.584312721921815,1.086820744354,-1.79606739998996,-2.2116018818582,-1.51093458404304,-1.47204546440008,1.20347999651385,1.57954125669079,-0.886685873466989,-1.30594595139526,-0.97734820515801,4.09634258451769,1.39772531703445,-1.45697430191335,2.86758488192041,-1.70982402988989,1.03712505114128,-3.57466241735562,3.03244613570849,-0.736763409033283,0.209994714396584,-0.959752026846738,3.41530125522166
0,0.946782623966328,1.15046994695257,-2.34372260424513,-0.279202875401095,1.72455354561754,-0.999513862641098,1.34072254423871,-1.0424260179925,0.0706065511811906,-1.32532512501515,1.45672616177676,-1.59584504014181,0.739261419082334,0.598081952116987,-1.14968473192237,-0.620562934829433,-0.456009560207867,-1.1811912352516,-2.50699508021632,1.1254562415062,0.450131741929057,4.63937391278656,5.18959816371767,4.51327012091592,0.555273528751706,-1.74674120840852,0.936709529206502,-0.535633624149467,-0.0178267228979574,-1.20752033062555,-1.56156167038334,-2.05616269155052,-0.451503624165659,0.129493389122867,0.673866578021865,-2.19180921409352,0.0811266469776291,0.630425698196006,0.891992776939044,-1.84234838345822,1.00091259551602,-1.43355521535724,2.00404393546403,-1.31212326351582,1.49215821396866
4,-1.17427683578943,-1.77015487884989,-2.97876296641344,1.47648792467835,1.49649546684482,1.4157880083228,2.36746716731512,1.59489612580719,1.88965183613621,-0.402534281399963,0.924233393070233,-0.208041757223686,1.31981486375384,4.26507114591363,-1.87267549140471,1.09893377343808,-0.129365238951132,-2.7195169516906,1.15193149657924,0.993762193900566,-0.948102098917509,3.76232497489401,3.07125645934324,4.25763027463071,-1.26459359984222,-0.704244422061471,-1.29317558712967,0.927135243734684,1.15814093052449,1.66631802425752,-1.64704925531788,-2.12659407622534,-3.05456226859063,3.9647169472886,-0.483145850249264,-0.903104970826374,1.39732960269903,-1.2402763138756,1.44830327019402,1.0222764441124,2.90140790182483,2.01722211378892,0.265877742876406,0.755924389110834,3.79510072464371
3,-0.860170375614624,-2.07011739593917,-2.08013277258306,1.27054874981369,2.10843080810245,3.13398824215272,0.989957096850361,-0.40402643223297,1.42146506837654,1.78356532459449,2.33713853021824,2.14508186118059,1.952679005577,1.35012083301924,-2.12748133299322,1.56063550035729,2.37979028046191,-2.53512488295157,-2.44742949944545,2.77146073770697,-0.45579189234594,0.324844859414585,0.125049952237296,0.808359470499243,-1.58551450399456,1.37816614836691,-1.11920542439304,-2.06109262329202,0.521062301379403,0.625201451445431,-2.64453472612776,-2.42666396986168,-1.67192468446298,2.31287584543261,1.59446020559858,2.05650101119379,1.90679667654962,-1.26433418012108,2.44454434930427,-1.77672000214887,3.28105833694152,0.668621994495046,1.69009580014861,1.58541458880917,3.20421277013999
9,-1.50899740459941,-3.9885805699014,-1.62345448987855,1.63421740845208,0.772913022671501,4.76029934772756,1.95186189380885,-0.720349605795884,1.64189590932585,3.10738310959383,1.53412242652747,4.07610022801547,1.60521307058367,1.42069746768596,-2.23391028230724,2.97536926155576,4.52682402052877,-1.35242854604391,-2.6716590252319,1.49349149320949,-1.09001925305005,4.85860963283517,4.42289289449788,4.70864367986586,-0.206386952819707,3.9376538630358,0.0799365205041385,0.372391629518172,0.825887280382943,0.373448571978936,-1.7495359381352,-2.80434018334114,-2.08076629884078,2.71742752364715,0.353150697560073,4.51661210114147,0.961266570681917,-0.833900494925389,2.03673353381937,-1.78985151968727,1.73504472774541,3.7653478484094,0.591776562337964,3.62657083651231,2.56625879680204
3,-1.32663070992531,-0.410868111500452,-1.64039424948113,0.750040980969557,1.68923858726714,1.41547745633652,1.75821775039749,1.84524801403136,1.76846871949455,-0.31142814119592,2.21361146139946,-0.231821420490512,0.876962321106,0.213283273249281,-1.37526824159036,0.395890246160279,-0.0915130457498121,-0.188736520989245,-0.663519832752011,2.42056557549639,-1.10309023234489,-1.46436859336326,-2.27971428205547,-1.26291899267462,-1.07639193448404,-0.440271733886575,0.573999590958298,-4.86099610703948,0.844787061549964,1.03739261146504,-1.25044571216708,-3.12541943416524,-1.25492922828578,3.1681513132827,0.83827048902011,-0.0236601070210941,2.08965370368337,-1.05310840336724,1.30527420961228,0.0750066391520987,2.73342252510219,1.01627573922299,1.11094808204945,-0.302326102311475,2.63941552991169
4,-2.12127730506143,-3.48786245342932,-2.68475863191609,2.3185510431897,2.43544193001219,5.60900332353723,4.69112288820259,-0.126375046508301,2.16018310200579,3.83814595503104,2.2152441368466,2.59125966719364,1.57994891499634,3.37897433386021,-0.314231124031412,3.26925093624172,3.72623813758932,-0.403094454883463,-2.13902911693943,3.50334771585594,-2.24465251588459,0.215381737621004,-0.231012241283277,0.978876432979435,-1.29732169979252,2.8849338270643,-0.177847579575727,-3.22693232525921,0.360992298068977,0.449326386520783,-1.96965715586565,-1.30753165060013,-2.90446002898017,3.64833457099339,1.18578989911811,4.16595015617599,2.17377721462938,-1.37669449121443,1.30578497864664,-1.62909773272831,3.19533055265502,2.51517454444047,1.15042577781918,3.38171420225961,1.36962309386755
2,-2.43255523720913,-2.86059328982695,-3.24933508161312,1.47723322007535,1.58570311793857,2.14674080923087,3.21280119853205,1.10380408577793,1.83930084723694,1.76705402521391,2.20829553522217,1.09314027896179,1.5749281575647,2.9699586323404,-2.88200291859334,1.5940276119967,2.55732498966991,-2.6185510178667,-0.966369438517844,1.41350529238634,-2.28783261346655,4.00468887020137,4.06292533423084,4.16457390307034,-2.91913101787196,1.97338958024194,-1.67033389385224,1.36386366531454,2.13657208364753,2.90394607390449,-2.50102524645512,-2.67038286995781,-2.10866206665584,2.23448426918126,0.700121230131336,1.43291725475738,1.40373121789002,-2.6954671332868,1.29004317985188,-0.163842733598298,4.32486253200424,1.48855003020629,1.5365616663118,1.60023741815205,5.16000254223562
5,-1.70451942564844,-1.98040218611865,-1.48371114096251,1.17391015110271,2.26240354062673,3.11653903957176,1.61289485650973,-0.0957592256426052,2.06032887973848,1.96190491374232,1.65403456764813,1.63946123287198,1.8356662110468,1.5532391490259,-1.60825647399088,1.66110580324416,1.551183509149,-2.71829449056755,-1.71424741945467,2.48353752057666,-1.87094421326279,2.98227507450125,2.74423675709299,3.66882068917656,-1.50386991638659,1.64261280279418,0.26500236495656,-0.557769184935264,0.413379779025283,1.28165897179105,-1.26924791139102,-1.08070680109849,-1.11103120849972,4.39003597512892,0.732151142157896,1.51832081852349,2.19642378234512,-1.29866664831346,0.962303394910346,-0.851538819560476,3.22873713234838,1.98452663276617,1.47274802935549,1.36218036780452,1.34134319936818
7,-3.69771044249468,-3.9241044610935,-0.954569137574343,2.27322109780167,0.667529979918387,4.32321415389878,1.48433399430749,0.801277314698568,2.59881071445237,3.11742979430295,1.13096787001083,2.94909472253272,0.993015825473306,1.27437917398627,-0.0390677028202169,1.80118128083588,3.17340392277498,1.36633531962758,-1.98921562352066,-0.180004846755901,-3.26752713445773,0.717253151628015,-0.400572309723441,2.35906566814343,-2.18855986137054,2.38021442701531,0.308525532855893,-2.46121757766599,1.12478785910192,2.72744467090646,-0.660185743019395,-0.542402123905977,-2.40805710737279,4.43009315962546,0.330089877524743,4.18174221670609,2.16536680605039,-1.53285991516874,0.325730517442129,-1.2129513125237,2.58768912815473,4.39409141128725,-0.314443200650577,2.94146663992416,-0.946087411914242
9,-5.22499962005433,-4.58326935361769,-1.25141497842089,1.99409882686751,1.84383182527916,4.23739603286461,3.10514018496198,-0.120660605940059,0.705055794605833,3.45926593679031,-1.00609740782251,3.61771470548904,0.29944945573277,3.24181454722418,1.05786357175491,3.33942328573729,4.21168132127622,-1.66157956579277,-0.585850979498798,0.0931471045356185,-4.57772854876954,1.47523059347357,0.532938673638837,1.36424312137964,-0.725235375559085,3.22444043027308,0.0600992388550939,-2.26199737359684,0.367105351402484,0.690984582871542,1.02359632825395,-0.224082908434474,-2.38578872640706,1.49285514177938,-0.726281894967338,3.98066139784154,1.37549821037646,-0.714000543372551,-0.24344717406433,-0.522303402091158,3.16534682854489,5.71783126470308,-0.817255007219908,3.64023902555322,1.66416141291984
9,-2.53050380565712,-3.70423783336475,-1.78731721354277,2.55785906218169,2.03644320323133,3.0433122305303,1.37358114584926,0.0484977880220269,2.72764680469229,2.46589380667902,-0.751118816799511,2.43906439031254,1.30661836193795,0.424525281454238,-0.397055420194734,2.78446246288882,2.2306323610875,-1.80365997584957,-1.17983020720841,0.210542497068178,-2.72668702363211,1.82409803855559,0.689487683303766,1.87921876835418,-1.96672464756033,1.5784275536762,-0.584523687207603,-2.81768216488495,1.70621320885121,2.04602077294282,-0.319830828415743,-0.379361535716747,-2.24461195966376,5.26639298314661,1.6518199491965,2.93360267123792,2.70157702270457,-1.73993344837423,0.722731682715948,-0.982841360846079,0.707190464622253,4.57425922563243,-0.179573490400161,2.75965985910576,3.32183244261925
1,1.00950583917978,-0.216546103494569,-1.43412097625001,0.622341750192771,2.29305431463772,2.16547634895008,0.0710157808568044,1.94427730437801,3.58027540466335,-0.823217417204421,-0.825783765232029,-1.73849067038896,0.4989945643777,-0.105907325601527,-1.14722873370666,0.200224298935103,-1.2449708743746,0.436610436844483,-0.169087118585741,0.680049478931934,0.938844134265445,1.69937951411085,0.691864729233738,2.50553572984004,-2.78461003795871,-1.72050145389988,-2.38922647386127,-2.43755117900735,2.33939804032687,2.59959850973454,-0.785964203164409,-0.689673639188904,-0.751442814835773,5.80518500937017,0.485183500493639,-0.603250284130745,2.97667109201277,-2.7221407137291,0.535380448645252,0.362702047485734,-0.364332980974424,0.382010244228251,1.42636373797611,-0.247068397064066,-2.00769336385154
3,-2.62525903698416,-1.75003681177328,-3.24261338225939,1.3770003384043,2.44790694331426,1.58891382849444,-0.0446261064839606,0.317056841961826,4.00264018813195,0.646290782312158,3.49206513436737,1.12524839044197,3.51300522905914,-0.0587255458897389,-2.17591105437942,1.39108854279955,1.44290405249352,-3.60087536064368,-0.136598807136107,4.83011774848969,-2.09203171606968,3.60091794734364,3.9863636422079,3.62521524967474,-2.34086189071811,0.923646894336635,-2.32428272517345,-0.25668638249731,1.76881018982834,1.95480954946643,-2.95313939773123,-3.95392489639854,-1.78887776344051,5.70232444544236,3.73320650847981,0.701265585987298,3.90660611931234,-1.98737505336514,3.7775983480338,0.182014226488829,0.793181565866632,1.19341342956727,2.80364580350917,0.72817961444641,-0.0697400661159343
7,-2.65108603567579,-2.43742239377207,0.502329327612386,1.46339666293221,1.83979856480208,2.2870110661276,1.41454283018819,-0.184301397441343,1.30187495496879,2.65856591840736,-0.890216059230585,1.32869899171149,0.003806128455813,1.53834413558284,-0.277965931840861,1.93371707807029,0.763532452196771,-1.08874733284082,-2.69579317374897,0.110680550549072,-2.58356468336501,2.98060968096548,2.27386076762584,1.8666117350123,-1.27216070479506,0.444600764806428,-1.36479574841449,-1.0808581415836,1.10206521729949,2.30189366724707,0.924015357327569,0.0999159506556823,-1.40752065093299,2.64023708185636,-0.846605440560304,2.84269893710538,1.94641941306498,-1.3580336839886,-0.753346109329766,-1.94009096216071,3.00389930310553,3.28786172396859,0.176199767384092,2.40454770386861,0.96846994939424
7,-1.04400918715338,-3.18722566139326,-1.73205380631384,1.95019398648236,1.02816005889848,2.71555125975549,2.47196094413956,-0.738955599986278,3.04509652627442,2.74900275904876,0.337226856374065,2.71755308719708,1.53467852652191,3.63974067839414,-0.868829703665303,2.41258325707297,2.90019304116711,-0.629856351636377,-2.72027028049843,2.29023031897771,-1.39984005459563,2.87943474961546,2.14026407321307,2.64437089287944,-1.50102250773242,2.56081186080329,-0.821822392552721,-1.7450510747088,1.23686972737051,1.50860472166903,-0.804230029062342,-0.81642952288568,-2.42390682581054,4.60466853710857,0.30516341387241,2.86166858202205,2.04315421337775,-1.74030598055041,1.15465408288488,-2.01353551216337,2.86734941378032,3.02712966008755,0.958177054906519,2.43199803077639,3.87943123046229
4,-2.50637065083058,-0.768761765509499,-1.22790185407536,0.623012503606773,0.927789488270004,0.297328869646615,2.05872489792174,-0.362993299209934,2.30570193513389,-0.470323302388605,1.36698455320074,-1.19167264821919,0.256091065552438,-0.379821480531112,-1.02734004510735,-0.153649448194716,-0.141080114950683,-1.82140353346292,-1.02292513581058,0.500094723284479,-2.21635342343953,-2.27373891811585,-3.21044432047445,-1.53750446355188,-2.64167794443559,-0.792332590430169,-1.25507958138307,-3.77068514471576,2.07943464387557,2.27715281517967,-0.424641109870738,-0.607173568830265,-0.622524652583297,5.03427439809271,-0.173258626141829,-0.373431468914239,2.85189572022529,-2.38736157704141,0.342842387759997,-0.617679895879855,1.90901101594841,2.10252984516555,1.09334590047698,-0.644093403758825,0.137452266167896
6,-1.71067860507763,-2.12900243289003,-2.35334297558986,2.44999234277697,0.705587483870176,2.51797323840491,2.37291317530636,2.14562103468975,2.52328726561526,0.924880971577811,3.98837264609645,0.882543467896343,2.22582592398735,1.51327202217817,-3.43591477671801,1.02218924786617,1.04414783580107,-2.53477522704791,-0.297691134099307,3.3226037193878,-1.87525970008127,-0.107051793756373,-0.887660579499698,-0.162040680555205,-1.91387053124299,0.730400551353708,-1.6435022325506,-1.30943778917383,1.88498863183937,3.22463502161696,-4.25927853459598,-3.03522241827109,-2.7456381034257,3.60781239617288,2.1032371331117,1.54525466195103,1.65932570523113,-2.09196083682963,2.73230336484364,0.211802003811594,1.39729693273178,2.17568482507222,4.68096557566413,1.35404742635348,0.381363915114784
5,-0.729928758028376,-0.944163841057767,-1.73864694967211,0.528101103327449,-0.227951617167806,1.87376199704918,3.6684391169127,-1.29705859448848,1.28262284939416,1.26423856674643,0.316484851906937,0.87490461912869,0.437179452729224,1.97354798466967,0.283771358626691,0.961764463044914,1.67380570664573,-0.839328481442838,-1.1224071134801,-0.298775927136626,-0.999782233180247,2.11839688804509,1.24625573237419,3.02640666320973,-0.668417747783469,0.982405810216618,-1.11722866026805,-2.89587631378889,1.43039024936269,1.56073952958987,-0.360781540640767,-0.776937414068351,-1.1246787583104,3.7092679341053,-0.344012068167168,0.586133315469267,1.78066503893195,-0.832543606453265,0.0041247939999634,-1.11993801679817,1.78797929649339,1.82822089378769,-1.08599246241934,0.956024599199588,1.25184792346271
7,-3.34342778362479,-1.95160633482938,0.606564558449953,2.1557615774841,2.54291003641335,1.63206129950017,1.7208030358689,1.00048820882848,2.31940134968903,0.201852340502812,1.18780949530808,0.357232941462052,0.760412672543448,2.54476297996441,-1.64700818815857,0.557201207141795,0.764248621373652,-1.73080218070948,-0.993315255427368,0.0948953095415861,-3.12069452520419,4.42423161910017,3.62544183378718,4.8463840904754,-1.80783833135994,0.57485573942812,-0.611532803851733,-0.588989545296888,2.24218303470976,2.18515191497389,-0.600095407088591,-1.19492329586153,-2.51256406186631,3.3388148319513,-0.609096779786999,0.284641026630667,2.24613010781479,-2.28178198715936,0.310340854592279,-0.401243328746406,1.37380213429776,3.63845016950985,1.41560763726035,0.96994903484717,1.3533398620824
8,-1.98083636493914,-1.83825299775153,0.368059208573522,1.36436359067541,2.63831839949442,2.58535637865456,2.44666488638931,-1.02065155365662,2.54612175054501,0.984820775931962,-0.0422032444492763,0.952864384146374,0.111179107167324,2.43929143471177,0.743013070406493,1.0978380629604,-0.207746182773208,-1.29247096210915,-2.57099541639731,-0.377997267572654,-2.33235814192271,3.26431352562882,1.98214382110212,3.97423055974851,-0.747065548444719,-0.406502476169187,-2.69836864518645,-1.42635217872734,2.33457064288092,1.69628359756867,0.825674427059844,-0.228489983967007,-1.89605272034754,4.07286670041002,-0.940212411240547,0.630720956791881,2.53989006965383,-1.47427325659331,0.225115344052812,-2.15574618007904,2.72228955851148,3.41067229266389,-0.242438115124287,1.20581783258967,-0.998545010589972
9,-3.42625578820357,-5.36762882163441,-2.28449548838105,3.13772891062191,1.63749297213015,6.38725968763742,4.42058790421045,0.282179626403697,1.76854195217729,4.18067082375619,1.09097038815717,5.04251084462182,2.28988209049106,4.38214905351867,-3.0977155328509,4.25354779687188,4.5527253188338,-2.85323733040212,-1.02429855651717,3.00234773269403,-3.46080689753687,-1.86535930988737,-2.42329978270319,-1.92109317698103,-1.83200952831073,3.87068761429758,-1.02733418316549,-1.49791620373909,1.03988210683308,2.06239413976219,-2.28085067558555,-2.50795841857263,-3.75568682182574,4.2575488343485,0.982435337135509,5.39441464608517,1.42577231596573,-1.46759874125634,1.77287276470011,-0.240203107469292,3.77322082783225,5.20972158016456,2.31704945793723,4.82840427161822,0.508714448745998
8,-1.5516503052705,-1.33388291483395,-0.913749224193951,2.19563570844237,1.5865149035933,0.535011038884316,4.03535301766642,-0.483830897987416,2.7247280543818,-0.597497906612324,1.91186267768243,-0.755063733565035,1.01420773738389,3.37545074633393,-0.231823016043471,1.12750607589365,0.95275828483176,-3.02209500301496,-2.31946737227353,1.48111535805113,-1.82416811008054,3.94569058528054,3.28929361511605,3.52117275501592,-1.7720127598847,-0.181266873533472,-0.748224565282739,0.317499293831145,1.60920387154911,2.92366653426079,-1.63935339688431,-2.00938360080734,-2.31956649187846,3.5275608662536,-0.173900206627238,-1.23191778552317,1.88098029657354,-1.97992408686015,0.168086566804639,-1.6973772559643,2.82765888364564,3.0418217133712,1.85631085432636,0.0908992996670989,2.7894359635021
7,-1.60906010647651,-3.19120980138814,-1.30282675135184,1.48397460866679,2.24682341958679,2.91536956329423,1.76049805738249,-0.338719675117269,2.91447573122394,1.9690418827437,1.16574151689407,1.01503105762847,1.95509369420381,2.33182190264175,-1.81280790322224,1.60692922122884,2.03274261521035,-2.95665441564329,-1.34324997967146,2.67460471643629,-1.7343330852148,1.35966535709357,0.861651434520814,1.37518265385663,-2.64783417007728,1.52386384201348,-2.33496489739005,-1.59463038697007,1.73261648097871,2.75029429284758,-1.98837524713137,-2.50989209402849,-1.85101648466154,4.70922405590172,1.44937458791215,2.50733244257553,2.95478549064707,-2.35684523361465,2.09497488849958,-0.545074641875449,2.11228470063544,2.72622221640015,1.98426049462139,1.64443118515745,0.384080142384204
1,-2.79107264347072,-1.10919749034636,-1.56566719745785,0.816355529476917,2.97423902183307,1.65173888261272,1.52279934264463,-0.704525304959742,-0.1608434583176,-0.0682863071513327,0.243328704250692,0.753175951261473,0.64517892105109,0.151765866568127,-1.81733774700608,1.35597755737169,1.64651164380725,-1.08395275587222,-2.57361607074142,0.408277646769766,-2.60657429332899,0.774441585221282,0.380406264199087,0.9959809731327,-0.267782466564442,1.18821769477287,0.518567591149042,-2.01859306514605,-0.66117129343311,-0.216550078038497,-1.59797595909519,-1.39323239391061,-0.884231607561553,0.924655734947178,1.19564776517588,1.30615009731416,0.10650963488866,0.217891055077007,1.68805918406946,-2.1528850286063,0.621019898081644,1.16182717249913,1.45841334050155,1.02614376846816,1.5055760220963
1,-0.902230162807522,-0.66146366495664,-2.54812577242472,0.415995699801315,0.912749575429713,1.89115204546119,-0.619364556378394,-0.302574993270917,2.91836264483296,1.12356130919087,1.14857351438647,0.910745500752928,0.745922002152914,-0.936144851433572,-1.29026691663733,1.24578064147808,1.73272114070917,-2.24723415757155,-0.220161579417975,1.65816802022054,-0.913282128005536,3.86445426688361,3.38288960878355,3.45045781716076,-1.96911814631178,0.457839495923228,-0.733414617666638,-0.995584928626884,1.28549491073725,2.35927038956945,-1.32496663292487,-1.19303582568893,-1.06989688814225,4.36182478017244,0.881646151734765,1.72036813340483,2.5744677357059,-1.79560359663078,1.47425604151922,-0.36353551656529,-0.152539222189395,0.372634279061588,2.63571625663517,0.795240804883743,2.86649111193643
3,-1.1935546866026,-2.87934542490909,-1.5398778292446,0.722994524523863,3.15377328973677,3.08563129535301,2.49529645385091,1.03632971705063,2.24168278723613,2.63673700027682,0.893568048875555,2.00515408562198,1.72295219376826,0.218894295718343,-1.54117907064993,2.44794125333818,1.38324882515844,-1.25886030415872,-2.72259383018677,0.739485160060866,-1.61267782646913,-0.498357169164114,-0.869658486736824,0.11895727222968,-2.48172192396927,1.53601248504512,-1.17158568944029,-3.40338399046019,1.65285496268233,2.9465074226777,-1.79727418070356,-1.40679529276473,-0.891092590814077,5.15560250575993,1.29375075418836,2.92252053116854,2.74765781807544,-1.81534771773035,1.77210524113245,-1.53877899250244,1.56975591552802,1.42873773536078,2.47620194161171,2.06984581680587,3.63917400638964
8,-1.83832826563307,-2.0934625795168,-1.42511145229662,1.5149023613695,2.6305155136067,2.97275518415076,2.19007593592291,0.276156874476455,3.07411437083507,1.20761201432879,-0.16392864399212,0.285575529343818,0.991754256407182,2.0841992001953,-0.688108474532485,1.41642207834421,0.423447104715861,-0.826314006551353,-0.0354064924519073,0.824962574277138,-1.89194951995232,2.09635359843684,0.999902532880887,2.84587619929512,-2.70214182882221,-0.111368498434878,-1.98772826085426,-2.33035862097268,1.80396488427446,2.58190522211164,0.342024848171482,0.0474633649220971,-1.29933908583907,6.00377008447462,-0.171935899686562,0.648158468056852,3.59652157309992,-2.38165372499934,-0.434342844254189,0.491020926660773,0.649070313333759,3.52481638856002,0.0851894746286513,0.868874995977557,0.93282800835015
7,-3.0111032947311,-2.541025151256,-3.01767032039529,2.02604817285013,3.39566454977443,2.80602753261528,2.4022806763625,-0.189517938760961,2.17076813781956,2.6569751189079,1.40034102048812,1.86714643247448,1.67333492758724,2.98473835842048,-1.99885110769362,3.00295757795204,2.51668494386793,-1.03432884034738,-2.44562138035135,1.18427314816309,-2.81336956755501,1.56576943409522,0.905497469690337,1.9514735432316,-0.813245179353923,1.6435516979469,-0.968710663628876,-2.91902283416793,0.961364206379349,2.23543326463182,-1.66634301410302,-2.42096475226479,-2.80893925497395,3.13497465284029,1.15388902513114,2.9941514273876,2.3369359495367,-1.2520304401741,1.29679076527348,-1.20428218531602,4.11688461579992,3.20757656456882,1.68070262900682,2.76658143930404,0.560626048468462
4,-1.4653815918948,-2.64789144866615,-1.94128260611747,1.13280227907298,2.18090767218974,2.88931202851179,1.33378997652521,1.89966983722576,1.34751258055868,1.97845007141153,0.957909771365988,1.17860266897899,0.944401476191122,1.27197625290582,-1.97898456230124,2.08713698926502,0.0635457510339336,-2.76231198633839,0.271212070226737,1.18513190274523,-1.45588014438253,1.46268490266682,0.763224062201361,1.71029738105061,-1.45465171364951,-0.0888903512759516,-1.58050070339405,-3.0241679085129,1.34680626578655,1.55375380967846,-1.65867417282974,-0.997848611813709,-1.57825555369557,2.26904099629543,0.754558349732624,2.03138506630156,1.09507276202301,-1.19469748730777,1.77095470636956,0.691947224286475,2.38782526716947,1.85747168856229,1.16531276597879,1.68571143515172,-1.78851946973395
4,-1.11259449071087,-2.33194618753095,-2.6163767297263,1.49527174768017,3.18392233974506,1.9099737680936,1.33856099900251,0.193992211804801,1.27584076867504,1.0735142296117,2.05959823891939,0.712791532516326,1.4684788968472,1.56695367184988,-1.3935482273619,2.00561211235292,1.36498934938494,-0.86916377937125,-3.34042969582292,0.0630474601922247,-1.12556711951857,-0.780638368768291,-1.21970968761938,0.29283034471525,-1.47833117231162,0.5289729721686,-1.10986472220574,-2.75545523811787,1.65138917626303,1.14426653238887,-1.8826970970079,-2.41892252935029,-1.89444460042005,2.74793263068212,1.21208850728935,1.33533630754785,1.58673888847387,-1.21699676943377,0.66339031782614,-1.99594510938272,1.74108632382168,1.84620203469925,1.50837573957216,1.47767335147857,2.09216606676326
7,-1.13871592314243,-2.91356108627812,-0.666157339122218,1.56172504508457,2.73326404455278,3.46376195861756,1.47927776633945,0.333512213877605,2.16337502360612,1.48313748456346,0.323716131549413,2.60080274043953,-0.0008217533258254,0.360551388803074,-0.829343922192471,3.05300161398077,3.3254378367798,-1.20681885908993,-1.02219989058741,0.412131171272681,-1.07498058823289,2.82712537394506,1.34166123656136,3.64250749645812,-1.66202314398469,1.89244984364405,-0.580964396465701,-0.366558075076524,1.5337917837419,2.0008618106365,-0.0476604444469156,-0.736246289731147,-1.34014985849561,2.93227060006735,-0.501305266536295,2.81992762529066,1.51217793992072,-1.50632548143796,0.337405458893383,-0.948624349572733,1.58919856315168,3.42361746179926,0.472891219019719,2.65784607688545,5.18835804300514
5,-2.64469533955367,-2.47027501152853,-3.31626866604105,2.15023271766706,3.14393522587284,1.21178492118056,2.2298390452581,0.22413376440178,3.35713526983783,0.158014780684807,2.063700777233,1.18821181278435,2.43556557762309,2.29586616400349,-2.0146089530463,1.27882647014136,0.804130690669693,-3.12041903366751,-3.00246515647807,3.33115642279027,-2.51440661649512,5.00965546379294,5.11282320172918,5.6650168551083,-2.59444805978,0.556525188162892,-2.29217467596645,-0.992513859046375,1.81434560052443,2.88027123300126,-2.70084855477164,-2.07784885494808,-2.59410847328369,5.78493299815119,2.02938052574863,0.871620865398733,3.40149596972586,-2.15787215669038,2.34744840883191,-1.83754882187613,2.77465682265404,2.38994180949111,1.54840096715893,0.760086618312327,1.96742594986809
3,-1.65963676892265,-1.88123368309688,-0.76840481593924,0.899845767332554,0.573122657342928,3.12602994490511,-0.279849256803537,-0.896888180285547,2.31203932864043,0.769457655965512,0.222319130293886,1.06909550225504,-0.100469305839638,-0.126118420167085,-0.39781392781361,1.46415802226783,2.5910742698442,-0.0007693603449865,-2.27161950558555,0.933022865474373,-1.7954753930751,1.38966567391501,0.538536214966198,1.97905237796631,-1.70726390663067,2.15901356913371,-1.98458631178578,-0.91406048190805,1.83581459652222,3.19675593523997,0.349553889612656,-0.465309995485592,-0.239081376850255,4.06601020515101,0.103672461712631,1.3979333160973,1.73618727475054,-1.93977378486516,-0.3039752785797,-2.17494278133682,1.25366394674421,1.87473337197818,-0.770102187537314,1.09012497667653,1.74525158086003
7,-2.407106614239,-2.5307727316293,-0.715316733427887,1.61632240663566,1.51869261986606,3.46519375853709,2.39573720517422,0.30377569082462,0.456341332540317,1.84412989132246,0.352720453887402,1.88355313802064,0.300430519619235,0.815021793212187,0.166283655573939,2.26222436778818,2.64188147775914,0.359579025249427,-2.37219500527387,0.0969167674611748,-2.52548879682973,4.07902993028658,3.43008667244953,5.05407112984524,-1.25067981063441,2.35494246080663,-0.228255162184212,-0.0844550637707069,0.827920914273787,1.25791608539314,0.573442632686047,-0.130355841895231,-1.49680401343655,2.31087085258053,0.23349894354995,2.06556639711292,0.570729855959954,-1.28098609749471,-0.776725483104167,-1.34368231469689,0.792367895172631,3.44761678427028,-0.396614798771284,1.9069479547856,2.19010402747123
6,-2.88539777070719,-1.73688279279526,-0.807501758265175,0.727439664033009,-0.139861284791298,0.708667304136197,1.5069303875579,-0.923600443504025,3.52710423567942,0.444236757904018,-0.174376581224732,-0.169140813074578,-0.463627095600832,1.26423829189048,-0.067559557054485,0.2708254393802,0.117686305411059,-0.149489105655427,-3.34142444067088,-1.20856264141284,-2.51805647786377,2.85320588596242,1.34133797899181,3.70992147199488,-2.52197409095703,-0.866777444634359,-1.87277461846548,-1.22438329761167,2.76376088642658,2.84501454753858,1.31869504617366,-0.366308807854515,-0.718658858020075,4.87426792916435,-0.948394550042279,0.337269801239571,2.8861503017572,-2.28644592400825,-0.651310017034805,-2.35799536322089,2.97462692349554,3.02286224515114,-0.276040201700208,0.0554585635152761,2.9764401721624
9,-3.22915663073985,-2.59038530852407,0.542280354185085,0.892709102272766,0.956520156301273,2.2224095096341,-0.243322274195334,-1.32437063016923,0.377423976554773,1.75232269728305,-0.939692106869954,1.27007201256984,-0.586626461349155,-0.420193680130846,0.215221911937977,1.99775309968137,1.50769546563097,0.550208043072972,-2.418722684338,-0.938750299228208,-3.02634156709479,0.851355741229409,-0.159658286436971,1.05429657488815,-0.696770958509397,0.76099591976238,-0.249800671451699,-1.94166317826302,0.843144663254383,1.23129983717912,2.12356181613799,0.687937178127456,-0.548242458295818,0.168789430295129,-0.135260011910595,2.16019508826667,0.904347110008792,-0.696592946774528,-0.271810830839813,-2.05316334478595,1.00035263605931,5.08243799402484,-1.02057163029427,1.97977402869183,0.817533574219436
4,-0.807222822214524,-3.01382163567842,-1.88810227068437,1.26794092622632,2.34087360916626,3.0499194425724,0.213544616432034,-1.30604061793281,2.24740895119626,2.18398388621753,2.40508689698316,2.27160873178759,2.19014702305738,1.44447231485393,-2.04287994780933,2.58461839646043,3.25514271408143,-2.52585202851986,-2.50239231076029,2.72881607034663,-0.552923117859919,2.96629251945033,2.78827768114128,3.79896201385043,-0.697667213813317,2.21509356407141,0.770204119882239,0.116821734970983,0.39038916370857,1.10075603407398,-2.02424673151369,-1.63636059875464,-1.65774229700594,4.01282671229436,2.19753169550939,2.34716465568035,3.12758123334992,-0.663782090649431,2.27817595791469,-1.78395374042758,2.72894897257105,1.92787159593163,2.33557046849761,2.24111028198867,4.38519534948693
4,-1.04818676075713,-1.98464858536089,-0.684823901472045,0.360255361019824,0.924477623066178,1.17784966400432,-0.274890868795471,0.80332480974914,1.08874521193027,2.36730552640937,-2.93382165014753,1.05712189396233,-0.0696440411390626,-0.436440378927701,-0.532285064364618,1.50707016099737,1.54719141200239,-1.90069262290957,-1.52778080237253,-0.145980972354132,-1.35097623107465,-0.365620038449185,-1.18100891156301,0.759604545234497,-1.63361210482011,0.82576461276168,-0.421987585430971,-3.09262568384477,1.16096053349035,2.15410698715492,0.471127799855274,-1.20048051773658,-0.738880411144329,3.24115758231987,-0.770858587402796,2.48456755638409,0.584070717024276,-1.58297845791839,-0.0372153345679912,-0.413136355683364,1.10876076614572,1.69861627199327,-0.213455976109919,1.08526514163347,1.20393953916076
2,-1.80381639353196,-1.71933653318359,-1.28109928424319,0.366919009307888,0.446138783881921,2.15883156424167,1.83451120675993,-1.48164177586838,0.657578405492922,1.89104493309876,0.59977945638725,1.33113200823064,1.37666210860844,1.11525225912573,-1.32068778657847,1.82895125348358,1.35556375151144,-0.882972010314589,-3.54224615223108,0.751245439571949,-1.61106824272091,2.22070706684681,2.47915460658731,1.6318204545674,-0.105075442462616,0.679635339305163,-0.291231575847146,1.03988208892279,0.619512591570529,-0.043897072896731,-1.13343353884963,-0.878186941952216,-0.519280360447123,-0.888729380879305,1.17331559857146,1.97988233140294,1.1065331666359,-0.0688851441552556,0.692171922428714,-2.67186950596515,3.33351480880856,1.11612608866545,1.815285633446,1.58708606300455,0.946094159653981
0,-0.72964479260274,-0.564505782821318,-3.75653393377925,0.407777571992101,1.1876093067315,0.852684088274549,2.09508661805427,-1.56584486141307,2.0416607398667,-0.244528647471718,1.39054898858935,-0.0003822139016602,2.19179336585207,0.858055885374416,-2.70038530856175,-0.0162233101049336,1.73123714857585,-2.51784402872613,-3.35650243698833,2.35543632220571,-0.779825257080698,-0.443241019138098,-0.312021893525621,-1.15104272648548,-1.8500727133725,0.893679118455176,-1.78706839008261,-1.10970252543679,2.26107842660806,3.16456197159932,-3.43745188412484,-3.935401083933,-0.993439606455305,1.82663601793014,2.92452344555543,0.296736957276533,1.44429026093156,-2.3130532545851,2.69970041472585,-2.64073220519272,1.31692662309068,-0.647189410547109,2.94028542494093,-0.462513418328391,0.941531531625423
0,1.34255708557655,-1.00233877580551,-3.5426317145054,0.10769071589624,4.15161247005596,1.03458477002014,1.14489584291391,0.120891459771632,2.53839125857032,0.176698653605136,3.58116003924618,-1.18437926903737,3.51889506997712,-0.483444375717092,-3.83856479578759,0.3844697383538,-0.497440578946208,-2.35051372565722,-2.61598588956377,5.86024572230634,1.61928811399555,0.662412576469458,1.27810173714985,0.569002401859775,-0.814870363311514,-1.61755932027335,-1.02866567932578,-3.00498579714272,0.477459192655761,1.17220116671709,-3.98219200317675,-2.69081794700782,-0.526652477758407,4.24051987787503,4.29727256148818,-0.41412535497777,1.92072520258085,-1.08090794752769,3.90267971619529,-1.99550953712904,1.13779010156205,-0.816248404468747,1.61751840889283,-0.0563564790754564,2.965669249695
0,0.266153543800247,-0.710577451977836,-1.15453176020402,0.0337727721510794,1.80017019914861,1.18672610473483,1.49587878991067,2.30095108821402,1.44298647816615,0.851643903666417,-0.29308690063022,0.673194552124991,1.82173463181448,0.5739441925874,-1.61728568796276,1.00708018839469,1.97929171850096,-1.99879112015779,0.489114827477679,1.67447239270806,-0.140053045595723,0.827413484258989,1.09938323001488,1.55859056384695,-0.720015033314075,1.28265178157334,-0.0663950322791272,-1.74731911087986,-0.132016643973025,0.77913865166186,-1.25757578994575,-1.70430660310142,-0.567971743846728,4.70606171638115,1.48340421974237,0.210617632766229,2.18969058237556,-0.61469956399973,1.41747414563625,0.977742867066715,1.75608084645046,-0.725528368544438,1.05947001368021,0.631287170674806,0.477197641673391
7,-2.9132155253612,-2.09462266374509,-1.22314336592144,1.83813968976564,2.39263088259838,2.2965185859449,2.48144612110566,0.0297012367603656,2.72335977209205,0.790917759379488,0.858337255040462,2.22556462549317,2.02243296140397,3.7959749899744,-2.18197165315926,2.61539988462509,3.3117615243263,-1.43296544778017,-1.78176126815898,2.29918104627906,-2.80626098006816,-1.89603830855568,-2.64210661383497,-0.385660720731139,-1.26553203680209,2.18822048549034,-1.07553362165837,-3.60080134682148,1.06186877421713,1.60042262691526,-1.47946733807588,-1.37052566442119,-2.17032808248532,3.24187437085397,0.683378635967453,1.36773065013291,2.12453227265294,-1.31394367156933,1.71707783714752,-1.09257590083458,3.35408814153315,3.42884246376493,2.88877824911761,1.98165188675221,1.08996369586507
7,-3.47462765842402,-3.01835536829593,-2.13983442891631,1.17001890086657,2.04148004899653,2.95260715325049,0.67657494590852,0.257271746609142,1.72855415713445,1.59635170002395,0.532309257432162,1.52466950590755,0.171633545759247,1.45360522108333,-1.11031478258152,1.7130052205402,1.74940572163252,-1.3404548551766,-0.661725478847418,0.30134825881492,-2.88265708998039,0.308243512086859,-0.532177387748906,0.98879757662533,-2.06043563404854,1.58743211143518,-0.970815445738016,-3.25843377068775,0.779112393814758,1.64414687741387,-0.348519079175488,-1.44113337499878,-1.18140052199902,4.24118575335014,-0.417545426516352,1.79428037813497,1.18763706273161,-1.63288596445599,-0.42415708823052,-0.349859472665685,3.50796973678703,2.83005253017086,-0.464248840275805,1.75783354370326,2.02605927387328
1,-0.219444442189895,-0.425719905149439,-4.01673323289286,0.765206898078358,3.81390631944363,-0.433338368308533,1.93903329513466,-2.07009808009488,2.26279791065334,-0.312917416007037,3.48347611466186,-0.0175295905719293,2.88512078606751,1.89904119876416,-3.36041411807271,-0.163946844920113,0.151810499981094,-2.20667745568923,-2.83438707746059,4.43287910546806,-0.286600858846457,-1.65447187562079,-1.20182073527432,-0.453017033105547,-2.28273816290885,-0.657837508766117,-1.77098893533342,-1.98706486605793,1.72558207327921,1.92031548793306,-3.43586116707613,-1.23213940605673,-1.71419835138486,5.79632416853472,2.91735257006232,-0.750474870752254,2.43974688245777,-1.68427669155099,2.47918941587953,-1.74747268801289,3.05257831453904,-0.434100251289387,3.66149453691977,-0.328331175600893,-1.13460685105773
0,-0.262023243075006,-0.334202994522903,-0.253204443588302,0.10276024807278,2.14156430413634,-1.53281096210292,0.769704465656363,3.23187494679397,4.55003939387706,-0.913809926104825,0.252971700553957,-1.003830898854,1.25284829868328,0.815311477603592,-1.24879182754282,-0.787359017458174,-1.19675348383238,-1.1620057072217,0.943781902220405,0.30037182759668,-0.912860443946403,4.56375150357226,3.94733348758309,5.22089199991131,-2.59555071978797,-1.34533061567843,-2.07660193872271,2.15033374420734,3.07246158004924,4.10888666750572,-1.32094241017623,-1.04649106692835,-1.42070389846756,7.27640693018757,0.866617545765571,-1.15523451384076,3.6158411698065,-3.04092631557499,1.41007920560901,1.49724812084045,1.30632441148219,-0.0093138819239986,2.3857344503426,-1.14016740823618,1.82667902440839
2,0.174469306198116,-0.731785425384614,-3.67644432499461,0.645781735911777,2.37247782113314,0.710884636051294,1.26621807641023,-0.359311922573142,1.99555846283919,1.13413761973449,1.72982827462426,0.305331617471458,2.11395910044154,-0.353395887326488,-3.52499243177677,1.95209891316198,1.09198771298497,-1.2615150380152,-2.83700042273949,3.18772860956019,-0.0573802471278517,1.93964736104053,1.55834031740175,1.58686037881759,-1.24787939755676,0.980696750468075,-0.313352522145213,-0.770879448519175,0.828167502596152,1.46035669873227,-2.77839602091556,-2.20176721991733,-0.972743524322912,4.59990549228496,2.19131269356411,1.00924943052173,2.60565549946789,-0.877663234772572,2.34026608242567,-1.55015920182916,0.7909972375021,0.0444143121545135,3.11096579887918,0.882153803802956,2.4454563047928
8,-3.13660997089558,-4.4824464747661,-2.36693903242834,3.302259789168,0.834017268944118,5.26877106941478,2.71429521033018,-0.584459729690562,0.911278716629625,4.3454545421782,0.850398235326635,4.46277719046704,0.478176211292564,1.95197446199047,-1.13815029560679,3.91373421188249,4.34158420749685,-2.15545951929116,-2.77001960369659,0.556051299034514,-3.05111917075608,1.99636013157633,0.904345008827093,2.74096848712102,-0.0921302208097406,3.793751545632,0.439326366489972,-1.05124578145262,-0.292330727267974,-0.822704227704661,-1.38113856376733,-1.34207475883017,-3.26070087085485,0.477753390777295,-1.10423592125888,5.66534980996347,0.539266893684828,-0.0342038664815262,0.263386426826912,-2.08902635711322,2.32592362979667,4.88444681252771,2.83809039395684,4.40490792756448,-0.218293837409158
3,-1.32563463586656,-1.66248761058968,-1.88871613099723,0.864787995502604,0.857118975419397,1.26948898192309,0.553194034959982,-0.525992784018164,4.1264599611644,0.785748021913501,1.89281751323236,-0.0289704436061658,0.89908053393744,0.442846901598978,-0.742615397374585,0.14158083888035,0.853005664664967,-0.786971804432273,-2.09617366457579,2.30951561541051,-1.1547613267648,2.09109261992461,1.17680307871049,2.33455397189283,-3.77222283757884,0.223617977916552,-3.2833682509313,-1.68489058207091,3.92463156729134,4.56102738210714,-1.16671887184926,-0.929534735699148,-1.27377320318873,6.32117668346662,0.758643477449907,0.445971647796365,3.04589540622585,-3.31177411076496,1.17748849788143,-1.57426115709626,2.01488873887725,1.54281547447376,2.14831819674696,0.0776985903160918,0.592371408212559
6,-2.04784934013434,-2.7411148726925,-1.77364470532403,1.20657286537774,1.30014574716646,3.49427638991877,2.10811340958033,1.52255199693071,1.38539540066498,2.73772517542741,2.11368881116204,3.02264150824019,1.43426876325392,1.6189220815416,-2.34711421996148,2.8633573780975,3.94916297897796,-2.99606621219899,-1.19653014686538,1.95988037791506,-1.43979414366185,2.59429892620918,2.14850250853868,3.3887914380134,-1.05498774034623,3.33360803259169,-0.97952364539861,-2.69342777617597,1.09153009946378,0.770474308728669,-2.24413038938682,-0.749756564025158,-1.8140180754445,2.8194803206021,0.545696980633448,3.9678262207801,0.731867399401608,-0.899123499453963,1.05245093673559,0.0433356421883342,0.691346953050617,2.14538096399096,0.897251418384851,2.7812209827661,0.0231327992873395
8,-2.22798779626277,-2.35732692928036,-1.21337347682501,1.04654958151919,0.127852139666582,1.55892449131626,2.35458961496294,2.34217123294839,3.73582344801702,1.36454283592982,-0.215435663328458,0.730852867322274,0.794719103952078,1.42398149971287,-0.903728995293525,2.07551765412321,1.70076471070303,-1.7332522650436,-0.734452948952826,0.699273293349398,-2.34446588191367,1.55082792178507,-0.112240749085226,1.64952744383082,-2.90718631685146,0.692456367220512,-2.3486799579594,-3.43276612695188,2.42723160018079,3.65635506880035,0.0452786430685049,-0.53829351601487,-1.43697069258963,6.73513099724342,0.524462626297218,1.41513648308813,4.08047481295834,-2.60852270262899,0.713303380834107,-0.154450289459312,0.693677026270961,3.32088408863081,0.257640015594979,1.46455033917586,2.29625840155046
4,-2.60938430185555,-1.87153182532929,-2.04849771160455,1.38212571063916,1.56556244252491,2.46336488947444,1.99278532946683,-0.322463789692594,1.20234994032241,0.313458584582623,2.13056874925645,0.998465011156848,1.6454609534992,3.01387755349389,-1.14638309223393,1.55209264939074,1.34577437861092,-2.94603007093231,-2.73530213960284,3.29880334183085,-2.59358355874047,3.53806134253611,3.4679962395859,3.9943106442435,-0.500718977787548,0.827706321134009,0.190108317131423,-1.57176614888669,0.118260028483464,1.21659590945354,-1.88212165604344,-1.1690870446597,-1.77984767641918,2.83439709686892,0.0483486121995993,0.501803009571623,0.880552803532087,-0.742917856806208,0.671388127981163,-1.85958590712029,2.21345683041182,2.4046479282566,0.94339861964008,1.13744538065025,1.28651419618673
1,-0.0845213496335301,-0.704402561320257,-2.20418301201799,0.929241604907634,3.3050061738493,0.885412252123935,2.63088693993789,-1.56778457928704,0.37206618021281,1.17473783830464,2.17603282317659,-0.37838706083215,1.9097787507319,1.10353183889052,-2.59374875296741,0.769809366619695,0.392384361515951,-1.24932166386645,-2.64720856722051,2.37787298996028,-0.310936188833816,1.50424780592703,1.72397936993973,1.73855436412025,-0.415341068863874,-0.381952524678798,-0.5568829718192,-2.03051909900654,0.925507352691574,1.28288825077783,-2.52155587429392,-3.02151794363542,-1.59367341743105,1.00564518980558,1.13959781085547,1.16251407069229,0.844257569946289,-0.85491487227928,2.12622034182771,-2.32338297591434,0.871546499032451,0.224966534859217,2.68478400025148,0.565731938179668,2.40091282315545
7,-2.89932745832392,-1.74756854220862,-0.3268817416815,1.26048613942433,2.37712280860944,1.76311086479215,0.850655630886629,0.348029087150746,2.45219839784932,-0.0007576548544893,1.37375357871865,0.502022214974996,1.71433734096732,1.37659491334192,-1.21332692151552,1.8596717947077,1.62971736390931,-1.38466590734149,-2.43050652401523,2.23539170175731,-2.65707301265012,-0.764553231021402,-1.64943834832467,-0.0175264115142312,-2.12677824086083,0.64122243881731,-0.986340745540204,-2.79178910770906,1.63868037098991,2.12864985351401,-0.439273545203822,-1.31833576647434,-1.71807193889504,3.58691597728005,1.73927916735069,-0.733338925457887,2.07138828352949,-1.60658838449738,1.56646297974713,-0.890157911203425,2.25374778645319,3.38969565332599,0.679369925098298,0.381192489272165,1.83027899321415
8,-3.70582027483576,-5.04085644354329,-0.984000191451605,2.30978039015401,1.82440741911754,5.79202669588396,3.0593418368184,0.958486055866009,0.351311080906954,3.81103752864071,0.682496762369315,4.47519989316376,-0.101871682222317,1.75724159331798,0.698931013308066,4.33349490915724,4.53015512362012,-1.48798392705802,-0.114584221770273,0.623241557267867,-3.65632236262288,0.723452084849011,-0.226864797704275,1.48709620630109,-1.05525978552209,4.05746885843963,0.372300941273921,-1.42388758493587,0.316217588588501,0.420033584629934,-0.139793005517619,-1.16575992719686,-1.99612134723756,1.78586365596491,-0.298531486211072,5.02540437154807,0.189813192550846,-0.500728191151581,-0.0165219849402127,0.390632594625845,3.61650518325482,5.05777687351089,-0.42070662240548,4.28365761547312,0.927160283222871
7,-2.22390017528039,-1.92114434540779,-2.70288235605325,1.45897064827606,2.39954256186104,3.02589406704794,1.72675765661306,-2.10382273751512,0.641485905331871,0.923708689186874,1.22940476150169,0.0953006458159558,2.24071222100088,1.34731129603049,-0.266803065957924,0.747528530079907,0.927813694251862,-2.1058637325648,-3.2879539679636,3.21223247467867,-1.97443611094279,3.79930359079676,3.77925327579277,4.65449949084474,-0.389610586182674,-0.273132384653729,-0.722425883163414,-1.81220961299144,0.447088110317959,0.588381093226162,-1.2067547750181,-2.19229274029156,-2.13052473984084,2.48176048650453,2.18742105632495,0.814917202627072,1.10740825056623,-0.217565890618571,1.03564815845863,-3.07294069458839,1.43016736318437,3.34451947969296,2.41000899996543,1.28434210591441,4.30144238868896
1,1.12614274619859,-0.275865011957729,-3.60889991436773,1.02576258415655,2.3682597872268,0.751205114574648,1.4954432146999,-1.11957148718056,0.534862987764291,0.441578229184512,2.97560431394642,-0.116648543299837,1.35817722927445,1.34496168423047,-3.15491470587091,0.772937254894903,0.285173548354748,-0.723270591103029,-3.60959243271021,1.16952637248012,0.520636058961576,1.20972099369752,1.36979547266481,1.59144737057799,-0.282356435383583,-0.633793004881697,0.0734551147238958,-3.37777668334094,0.04763550431237,-0.774664118023538,-2.88380913941812,-3.07429482636522,-1.68997199371739,1.82847568062669,1.36720607985647,0.487586752254845,0.982516285724196,-0.0697515472464401,2.35362349236891,-2.0109589120816,2.7203443969139,0.154952178801731,1.13277286996085,-0.0255597710035392,0.0931794874626303
4,-0.768683701135593,-0.982621298888625,-1.98185633200628,1.72100677217382,1.33286826612618,1.75887954446871,5.41972144130619,-0.671474719611188,-0.614320715102418,0.13088563661656,1.76641635089418,1.17222364197277,1.64121878863682,3.71742633771525,-1.79154025358779,1.28956864150966,1.11687131980718,-0.874477739665475,-3.34457102997263,2.0023953819043,-0.797214713529973,0.100145653928056,0.365078956968658,-0.0746130281987907,0.525768071546634,0.0131016347140758,-0.0033270527690167,-0.75891247698485,-0.11310985585092,0.698606547296315,-1.68543973422401,-1.01353701768113,-2.81956890136283,-1.45607099003459,0.634551571085212,0.231851856517942,0.920359316272681,0.205492768396369,1.40318658885619,-2.3930134259299,4.42621012355397,2.12483474386133,1.99680766264681,1.00320213725012,1.34678521090972
4,-1.00072917168547,-0.818998039915542,-2.2605266241159,0.358132242480863,3.7634661056411,0.445135234558719,0.669848274891014,-0.375483586279445,0.679378615700449,0.329211734141525,1.70765717138035,0.151497359093653,0.794152721749975,0.0064617422680355,-1.31266015608544,0.592026796432314,0.452809521680202,-1.28684730209048,-2.14807799328919,1.44232364129643,-1.39331469166281,2.24217392190211,2.29647053465839,1.31103571675613,-0.86872844099404,0.169235871401935,-0.842416355573454,-1.02771347931616,1.20895763769635,1.00529128079907,-1.45767773708739,-2.18377775896505,-0.54520961895999,-0.509935976104719,0.75835670805849,0.211074565610826,0.976603107804957,-1.05342533946497,0.611890911639785,-1.42794531382321,0.0858221486490868,1.5802202621566,2.14258568373461,-0.0679818086961845,3.32978390433723
1,1.19457865749056,-1.26387492613889,-1.3350573946858,0.330379624854509,2.48257459421336,0.435894465108942,2.65861961397572,-0.0725127651469064,3.85607419885316,-0.347707059526113,2.7379156507758,-1.26510045818055,2.30335085444485,2.17226562256548,-2.01253689690534,0.297262557167767,-1.61671529478643,-2.56854571194952,-2.37079957357135,3.22062125199471,1.04644727910857,-1.76344243918753,-1.77210108708211,-1.45269326864202,-3.70681835029397,-1.70774617047102,-1.4055332321512,-4.1977571529111,3.05448856999207,4.13387151750603,-2.7783248809589,-2.60962065954415,-0.840148886950827,4.83722266481849,2.14885963302081,-1.2769780068993,3.34267872489713,-3.73856016517822,1.88269517105834,-1.67131648274013,1.53691280573062,-0.337026492559326,2.02066901581568,-0.754184886440969,1.85536036254577
8,-3.46666998826794,-3.57753720252565,-0.630559474914972,1.71866018842737,0.928223056669583,3.98704151182486,0.863231122680354,0.285211541317296,1.11562993857797,2.26127349454341,0.864889860991844,3.25667811811975,0.959932874327633,1.92451880112198,-0.395464296566606,3.22894404078207,2.9152986567003,-2.88873892288054,0.288804870933008,0.0074253353256219,-3.40675932925948,2.23346667449308,1.75230563044695,3.64830749839396,-0.545454678164444,1.88955632661529,1.15773332198882,-1.88501166906743,0.0005703938030746,0.368377143955636,-0.225990360838776,-0.964189518632782,-2.28234706871839,2.04899497021646,0.145179721510557,2.58069813351169,1.17432857005505,-0.436340928003892,0.696341309189045,0.211989388765298,4.44129678761244,3.93245372147638,0.966035194634769,2.92570764429638,3.01658147398179
2,-2.10137689618298,-0.571586059241754,-1.57561663617697,0.294749430163343,1.84245355846666,1.17158016952395,1.22423281787296,3.60546591089049,2.36853992307037,-0.240479589382632,1.26176769806828,-0.917214080537825,1.50548886311798,0.686094277475014,-1.47326875229971,0.365947169503406,-0.799625001151259,-2.02407923576318,0.16296849549541,1.65432869555109,-2.1507015709327,3.83257128765599,3.5847957387803,3.88028923188236,-2.81617069796995,-1.03698622104387,-0.147083721630111,-1.27253533313177,2.36928490475359,2.20446995944548,-1.43223102666139,-1.48154152476865,-1.05776416164065,3.71460962417396,1.82746862202269,-0.881013977771858,2.12636808268023,-2.04976210377545,1.25564226424767,1.08276338030249,2.19542161438146,0.988460852911187,0.865428069902945,-0.354239891354715,-0.569692098654976
6,-1.74433114927395,-1.55588763626239,0.443473300510142,0.995597499264738,1.75850529538217,2.21060697881757,0.983150560738446,-1.32187718883619,2.6252091098904,-0.677847978410862,-0.995340592241116,0.314145464496313,0.0339664626883267,2.06382294541538,-0.954404586365043,0.334935202545634,0.586972336909279,-0.278616769178312,-3.0684754218213,-1.63181811094261,-2.09687745152071,2.79760334006474,1.66970944633328,2.46607518187404,-3.01440219739231,-0.0325495776471121,-0.803164816631156,-4.03062278075557,1.6258945989575,3.58737473268297,0.537851830961638,0.120586278113578,-1.63270330071264,3.55341711999658,-1.09041398557136,-0.685731328053019,1.6420796530878,-2.60879363400111,0.0292277106945932,-2.52960499152763,2.82451787644477,2.84006962881289,0.391554917750326,0.147380364956496,2.03173310654112
8,-1.88965627169686,-3.43581034411401,-2.2334328588143,1.82576404056022,-0.364916292524144,4.12165765837066,2.11621472935304,-0.956390771431832,2.07308485875788,1.91238054554596,-0.239588869481785,2.22154480088735,1.52866906446761,1.49127241165973,-0.441492886324422,2.01442822397521,2.19008496286336,-0.505052953502805,-2.89766739566699,1.67653980047669,-2.35416933629318,2.93897151031982,2.35669929110925,1.79996679533695,-1.26125409405591,1.56283052575253,-0.637075675990762,-1.02450363286053,1.28722159986223,2.54804032710673,-1.26252822668164,-1.2329312114128,-1.9602038521068,2.24608452827774,1.01608588958365,2.6781923620322,2.06270709345244,-1.48280937261881,0.960683387349384,-2.64902393084996,0.733293586283388,4.26119030043677,2.77154468431998,2.59381137707798,1.79959362524712
6,-1.09639378913639,-2.14538092657283,-0.531958224962722,1.0034820800739,-0.0010057601932223,1.79448445264279,3.09861626742701,0.229559923596007,1.99597821116439,1.379455640283,0.620709472450007,1.60024983793268,0.786675454349488,1.8734700630033,-1.88292364561419,1.5629374378553,2.58537192023666,-1.55524341322991,-1.93796595418414,0.0383927009180855,-0.964695149374486,0.416913391972827,-0.863787152216072,0.957046922061337,-0.352664342987482,1.39535872593167,-0.244900610318214,-4.4547522764142,1.12083884428982,0.415451490996119,-0.275309379381531,-0.264224014860769,-1.184266470057,4.27834351283916,0.41339452978774,2.18688652789801,2.33216265251024,-0.436288523268069,0.537905352534092,-1.00653818374048,2.72911325161287,2.95214544537013,-0.478985909320355,1.61390536688538,2.20400684641521
1,-1.39771146453626,-0.416597157114677,-0.767407425852272,1.17200417519079,2.22579366558591,1.5766980633452,2.46726918364209,0.0688560923370269,3.64753396263567,-0.0671557233962803,0.664755394691579,-0.399094513714317,0.952162320099892,2.59697311044148,-1.77242398807794,0.276699643401075,0.610941442301395,-0.814360841376337,-2.04458535758978,0.822629620915538,-1.27955498326066,2.16680347129985,1.51595922944716,1.48556015265251,-3.19544370441372,-0.551739238631524,-2.60412545159981,-1.59788301712762,3.58134856557205,4.79652118843414,-1.6138932294597,-1.63116504172556,-1.43454947659393,4.99728313072557,-0.034342748770528,-0.191927161610347,3.90449179437442,-2.87742943241464,0.432458567540016,-1.29028788877754,4.72437455636627,0.892614630210102,0.854642855926645,-0.0437649764766572,2.15738794113424
1,-0.518599397906964,-1.50844230408736,-2.06356253662387,0.532895332671247,2.35299309801803,2.66492441667833,3.50592987919209,0.146887267155841,-0.221250685874455,0.927392319542975,1.31222990171646,1.06885173953139,1.48276132955742,1.88115279447476,-1.13378503078304,1.51031503806132,1.99515834583975,-2.10828685312118,-1.48392702711611,2.24562565488911,-0.702073218965595,-1.06614859261423,-0.836063001075164,-1.2926651848601,-0.53092171128462,0.568414156434406,-0.0452370079288734,-2.54413425580501,-0.440554582931174,-1.22669465649353,-1.41232769897038,-1.44298131303584,-1.43717782212073,-0.0783784792512435,0.680411768693129,0.975376531165017,0.288169619335752,0.0762996976124706,1.37859359163479,-0.681356392822182,4.24235734307088,0.681704526511627,1.90757727873741,1.38818083258211,-0.692824577940463
5,-0.943239978395945,-1.9911257028877,-1.60213162747627,1.32963275695886,1.39188519987149,2.16328171879414,1.66102655527992,0.657702913395872,1.30262590627504,0.302254800660082,2.56770746689674,1.58612181247906,1.54653824485292,1.54613991802258,-1.23953949817099,0.943624850734513,0.854058942367617,-2.47397498280019,-0.78096780407878,2.00115661651833,-0.841809276815415,4.89488647724977,4.60813525030966,5.11321387180854,-1.58396045434733,1.19324814571843,-1.83205807353403,-1.0211776256159,1.22000877600508,2.11106775106941,-1.44885947561067,-0.357038349638363,-1.43831051058261,1.8960303759289,1.38404686061295,0.687678375080331,1.40239866016509,-1.01806467162009,1.98895534596024,-0.489578333226001,3.80895998591257,2.5598792938053,2.36503839621657,1.12656682887853,2.08739380850922
9,-4.32646393960793,-4.37166572020131,-1.65673695802257,2.66475975013296,1.48298577118641,2.78582615512888,1.95867199571836,1.10653600894878,2.03835863916175,1.99684343358635,3.11696388438165,2.51960361074601,1.52997749311334,2.01119058914899,-0.917876779188736,3.08918266753431,2.64223021693474,-1.99709029279209,-0.979809482234244,0.300049375280151,-4.89073105790349,3.11307537351171,2.30324067366344,2.06081697562534,-1.23930409314536,2.38674356171796,-0.62295932838255,-0.522131231288169,0.978576562004797,1.55673003298739,-1.02136462704189,-1.90742159137289,-2.39490844011697,2.83349823565676,1.31010964462449,2.11988793785948,2.00373081934875,-1.47024447108208,0.933033105864978,-0.550758738259688,2.99061168921561,4.92848429719971,0.532555503609005,2.84853773908412,0.411969429002853
4,-2.40511727033854,-0.894889771339851,-1.41702088891135,1.12839040912862,1.72222712224258,0.731984744184926,2.18676519181414,1.01940342349313,1.83587964541099,1.22891261023062,0.925751964444631,-0.801598512387085,1.2976491442547,0.861927387602498,-1.04738163282124,1.04087502492353,0.201303685773326,-3.38165450749192,1.57562286950108,1.03026630507178,-1.96782568459988,0.689329085679215,-0.048093011764526,0.971305614843293,-1.73691111784458,-0.40154657932519,-0.626919892729792,-2.49530229498917,1.35664921748578,1.85121182532372,-1.24535074906549,-0.712360835074268,-1.23563321619397,3.16958642785854,1.12923314672451,0.462855279660481,1.39471758341615,-1.74126905326009,0.684614999737004,1.26849079202472,0.231868507955528,1.56530536634069,2.87221102678505,0.367422551631461,0.86871373000558
6,-2.22029641520633,-2.27574984892035,-0.66789212251272,1.56430297931854,1.43775538062067,2.6243419441239,1.4351686319164,1.4630098359184,3.28696957308946,2.40313167187853,-0.0963260535266084,2.38561641912683,1.16833852404836,0.790443893654107,0.23118995611629,1.33468622615375,4.89559870395275,-0.96380163788779,-0.65412479784553,0.528937226368758,-2.3045975549174,0.893102240491272,-0.0340690619384174,1.1660188158794,-1.92996955523902,3.27316374981919,-1.90503339736042,-1.52788478740876,1.84819183665771,3.17292181189522,0.109656460436555,-0.597511176511311,-1.39282367245093,6.36693747108088,1.56611289026464,2.56381442470812,2.4921232951093,-1.63781650490991,1.27640435656739,0.377255694041326,1.74399706632719,2.61666413159514,-0.707189124265444,1.89096102252919,1.46899628232439
2,-1.60679866588391,-2.2880920963281,-1.77053791341864,1.03279834195432,1.64614895252651,3.63833937321352,1.03912983605939,0.0787043324701837,1.25219325174794,1.9606625748744,1.85679162782519,1.65024069242188,0.845682915948728,0.442984877182943,-1.56886646427061,2.71722499689591,1.21052648985184,-1.54775174377212,-1.51583921706084,0.700278457622143,-1.95373214476202,-2.62194894728594,-3.08780588789428,-1.51319610542388,-0.53051572265402,0.53888527863873,-0.763492496943327,-4.44564621098705,1.09375838940292,1.11932825745489,-2.40446468168948,-1.77263259840702,-0.518586299240906,3.58200184834281,0.359384948459589,2.90559909527632,0.77300425315748,-0.615893989667708,1.24445026167842,-1.11983897452075,2.59072835283157,0.54431651521725,1.38159815983092,2.26375649577869,1.19146930808307
5,-1.74115618047712,-1.4665804309903,-1.18287377014653,1.16673943207903,2.00796942749948,2.73798842499134,1.71725584387565,-2.43897403941119,2.13237741231186,1.05729477187637,1.10288609138155,2.12457444272845,0.502881633382835,1.7758723734875,-1.21415166169587,1.93569334950669,2.81973762361232,-1.59475946900346,-5.27508821371609,0.0281392073921556,-1.29923024097693,4.11810628021636,3.74992468528785,4.46011743572622,-0.686293376660531,2.59666446469814,-0.321733857353941,2.07107892563442,0.861372648096445,0.188034243306296,-0.674428430261259,-1.07094758576541,-1.64576326133002,3.84182684712759,-0.485857072120385,1.36792796835161,2.24175627413352,-0.31180369559872,1.39064066711761,-4.17125414183699,2.45544243479719,2.24321505433437,1.15072082430146,2.09637116190739,0.83206661615502
5,-2.14963130223734,-2.39981955881136,-1.5141156507826,1.83079632851847,3.47891065997639,3.33407250196755,2.08305132934254,1.50376758281753,1.48016686805087,1.23179599142187,1.23172072888292,2.18191746019604,2.03253890059783,1.39049024386292,-1.6479516616751,2.00497433396191,3.12883032020957,-1.428496274581,-0.454184672762003,1.66216235198211,-2.04621039484874,1.35436123578557,1.67004039250503,1.28679315593564,-2.50361609419076,2.83593775946533,-1.40050242165031,-0.450972673364794,2.03855376119065,2.57388569730305,-1.92259571714255,-2.44896962991906,-2.15464059592208,4.02270788030085,2.16303220226698,2.76651921989939,1.51885958697928,-2.23696814418323,2.24617960066302,0.481119933588326,3.66746701840397,2.54715763695541,0.97949154057504,2.12150033768948,1.75964871797766
1,-0.160183829699378,-0.0315161006875978,-2.70078949631172,0.840399999874442,1.86104986586821,-0.120337324402186,0.657240763815222,-1.26533272710846,2.52505963595447,-0.173710311336461,1.59194783426176,-1.05302114571107,0.766578292645856,1.63013962122946,-1.82256476396273,-0.375274307429701,-0.266902700176698,-0.764100324238339,-1.02818813805022,0.959165245886114,-0.377753652456557,-0.168421147283356,-1.00635406664867,-0.399877975529301,-0.586357981010467,-1.21571932477793,-1.91754301696007,-2.58991389569254,1.77303162036084,2.48365516168319,-2.25819840140652,-1.4798121794717,-1.68153078604769,4.6083375251035,0.384194410735536,-1.23293013691899,1.92067561955312,-1.50467061225381,1.51331375922442,-0.839520732638472,1.93734206221402,0.953349077118155,1.72516344376136,-0.882860418174522,2.1661922714966
1,1.0707481203717,0.730228186335298,-1.06686507377038,0.37352053577485,2.29117903311455,-1.70379362867971,2.20193596725934,-0.790385621566066,3.08967014480248,-2.51978104156556,1.95427835425339,-2.16442736740805,1.54090703858516,1.23075942264789,-1.42765414118853,-1.16856564390111,-1.82844718365652,-2.28228752975699,-2.8790460352896,1.93907438104564,0.81852384243561,1.77662857692733,1.21665387345355,1.93583250907044,-3.00823256515667,-2.26897651007439,-2.73936743723558,-1.1238861251308,2.82276992101918,3.81311422905285,-1.24187387409184,-1.38504932882444,-1.38616329716779,5.15754771205376,1.23435993353543,-2.46291906402424,2.86234313368486,-2.96224832150473,0.646177923742606,-2.24526747693336,1.03057910428652,-0.0135968561550412,1.29165303874287,-1.92074683212726,1.55163447508067
5,-1.87440104165904,-2.60504015361998,-2.30940583313109,1.20699642580929,0.823552767336157,3.80855791987462,2.0649994117694,-2.2358794558719,-0.0671100788098209,2.22181957314271,1.64677406690224,3.12125441326041,1.87282164340707,1.59737606669747,-1.59572052317955,3.04956467416277,2.64444670649658,-1.4154697482503,-3.35199274773072,2.21804826932908,-1.57079521805613,1.41307779482719,2.00671503798944,1.37120757704909,-0.241715435306934,2.89805286551809,-0.390673973227491,0.443646851257389,0.606166484834609,-0.0172911820349385,-2.65056378317813,-2.62222262913888,-2.369172024367,0.863125360336548,2.02095153197158,2.70659280633121,0.794395451417744,-0.376383430066804,1.99401762330578,-2.60032438504307,2.10047989333476,1.52576725435252,2.2538220091882,2.37008122439847,0.49956340023973
9,-2.09375042796346,-2.64439327490428,-0.0655273993644143,1.83369191534463,0.287482639539847,2.41033856026684,2.38909711013806,0.520705679513164,2.2906915968608,1.62027689390786,-0.269640789409926,1.28384454874199,-0.624411284345444,2.53374592056181,0.0275905650144683,1.84172898783858,1.176963627293,-0.12975476356553,-3.17231931618235,-2.13809776235023,-2.23035411217773,2.09323689840841,0.311155588388937,2.82987499254422,-1.87213413983735,0.891537986396558,-1.22584630054801,-1.84410538855051,1.73741657457899,2.39674758714923,1.15518417875355,0.122241767221644,-2.00913641932183,3.7380427403621,-0.769392963780954,1.83007845815666,2.59438059935815,-1.78061325381579,0.319770591269992,-2.18063030757635,2.48195114071456,4.50249071585663,-0.694213636777804,1.71758290986685,1.17143796509335
8,-3.57929969838708,-2.5592586277855,-2.57088047862467,2.24978967781841,2.65949024684654,2.36004414133845,2.0007030061418,0.174481815614025,1.64319595166546,2.28409811762504,0.320586930963518,3.20409742123533,0.967670092151598,1.37332298660771,-1.41213032970107,1.88636340990502,4.80551503017092,-1.04115485969936,-2.03716350972349,1.91116868576342,-3.6882656334185,1.3176424878951,0.658439458735387,1.64510067371487,-0.79851036065861,3.77675135072984,0.568829035498683,-1.52893753906738,-0.263802903589081,1.36056018083098,-0.539034118678574,-0.669248003615707,-2.24609305816195,4.20406225697033,0.829383643359186,2.8191951724789,2.13389249343632,-1.35252844387808,1.65933011562937,-1.29043268979904,3.21260173159079,4.48582977680381,0.319458802073789,1.98048428548564,0.246853541734039
0,1.05800770053121,0.0579175903658238,-1.42673636526537,0.0905120625695495,1.48621783761774,0.372157673129208,2.71598685101507,1.12380342790491,1.46047907068892,-0.773952409784614,1.90509344648859,0.748900290570991,1.58728211745632,1.55463626169371,-2.78703964533692,0.639109003161063,1.18958642852999,-1.73018544187803,-1.8953596701547,1.37326401655427,0.654133674324437,-0.836104256243664,-0.540532680399699,-0.307496294297528,0.142562066590889,0.337391710430487,-0.535063031528811,-2.65229752423444,-0.122220660592554,0.298364279942839,-2.87115855068048,-1.69746573209937,-0.960544364199559,2.85567701795107,0.481944856339814,-1.60239267682902,1.66824803980381,-0.270745549748082,0.688928308514524,-1.08580285603438,0.70548517522307,-1.56555942246212,2.44791278022529,-0.553583414204004,1.40107652776791
2,-1.71482805913701,-1.92605357030442,-1.18544941642451,0.255254175907856,1.25584328332273,3.29542019962742,1.81364926989832,0.166983557842906,1.54876005693467,2.39578979028784,-0.36170581064728,1.48537533268304,1.74575996950768,1.6766625030538,-0.134644723314147,2.5062239800313,2.12398747396141,-1.28898579023297,-2.97728204016796,1.74232650456775,-1.76164262535144,-2.0856459060058,-2.26715710339099,-2.14701655312058,-1.20046447093148,1.91253177350572,-0.104094497561996,-3.0442847222447,0.0347522096738855,0.840832998358248,0.155533670759108,-0.602275633594195,-0.415990143530967,1.46313539177602,1.47450218702316,2.81068562110177,1.61302924437132,-0.649636968230872,-0.045607828567044,-2.14594908428438,2.23391649275475,1.00907382771074,0.229975858168714,2.20119294533683,2.17358778192543
8,-3.46203406412818,-2.80446835627997,-0.622040338823806,2.0472401767873,1.952202912688,3.3011458696942,1.91909026757557,0.315254338816779,2.64522123344104,2.31143135814254,1.60801966364895,3.16981777627054,0.285809866422697,1.94429526917298,-1.54750815938239,2.78209126737294,1.87675297278224,-3.20307832443905,-1.25745405936055,1.13346869041254,-3.79299785650778,1.36650950219577,0.171594321264014,1.95159850977042,-3.08808192778566,2.02117304437509,-0.917401334621862,-2.27750403941253,2.07688807469128,2.16584073876205,-0.370494106693093,-0.526761573476789,-2.24324486771149,4.51890278115473,-0.524981029596836,2.70398524947933,2.23796349977714,-2.15775150944602,0.205538867249491,-0.584700471652239,1.97406739977969,4.58407108240279,1.23798488968431,2.4738051058337,2.84270529502562
5,-1.41945821474363,-1.74884558840058,-0.895973691085143,1.1620334892796,2.44359713500686,2.02738947201105,2.90991298068433,2.58065366028925,3.2382484430867,1.15093122597161,1.29538616344146,0.053497187148137,-0.390951258937143,1.31403061437792,-1.03275213459891,1.27156757257883,0.677356091648387,-1.46530963593478,0.157813056717784,-1.13894124956676,-1.63990555377572,-3.31207345877501,-4.82226531484993,-1.42867154056836,-1.34781375104213,0.140246300930021,-2.30418692209255,-4.53506982708036,2.74379140314266,2.28624697601151,-0.743347317669016,-0.521235982914841,-2.03484548922771,7.39480166451334,-0.744921244510228,0.955344240249349,3.25667496676969,-1.90426272109361,0.206116689846819,0.792916360719575,3.33636845879712,2.19121316298887,0.228389177513031,0.92593889754938,-0.447216679116507
2,-0.681363055303122,0.0806757920458661,-1.81925684748658,0.382169554504365,0.58163523939934,-0.867910309753524,0.628455752275453,-0.932228229751724,-0.124204446062324,-0.294231985326663,0.246410241861062,-1.18134945913691,1.14294482950851,0.228514663060183,-0.730295871007951,0.0361873967995291,-1.69638283323351,-2.97025657478767,-3.6931324453278,1.68504927060155,-0.491389954922268,2.84328017241863,3.20930086265906,1.85446873411782,0.157549326290426,-1.9741458049787,-0.0986055303618956,-1.40175016840369,-0.2256441487238,-0.812918426947059,-0.396442271974464,-0.417653548488783,-0.629419521466876,-0.698911491978736,1.7480928509643,-0.430404133336432,0.665878357175618,0.0006640960567838,1.22999284371587,-2.74462456592281,0.883258019281709,0.896475992861069,0.805611167620423,-0.469356444263939,2.58098316748197
9,-1.87616328279253,-2.39552902336502,-1.73365449668493,2.3689400698599,0.0773998692637357,2.45603040046989,3.91805269189129,-0.407572750174836,1.44025227563242,0.78609500231285,0.577832728528707,1.40966326056896,0.84385479171301,4.18922891655441,0.0395383725626119,2.55984370924106,2.558679024338,-1.14137514414049,-1.89287503745892,1.44435348852513,-1.85726864608328,0.031960981472424,-1.06924826302983,1.23290864195314,-0.831285399352276,1.73322333065003,0.312721588199755,-1.91991488966771,1.00984647040745,0.838010637989962,-0.406021567997614,-0.151963291835959,-2.77123383216536,2.73840133178348,-1.20940776064866,0.663103387920701,1.61331523372012,-0.767011748480614,-0.412370990304935,-1.37890541811241,4.39935001064115,4.5039949158254,0.965172292099043,1.67768695585982,-0.76232109689413
4,-1.37401026940782,-0.0480376963741576,-1.39133347709542,0.726725990068736,-0.0081044561913165,0.828975567512858,0.595561317475066,-0.283463024767671,3.4697313009141,-0.493557808352736,-0.706980883401309,0.19163715988104,0.792236279999204,0.994060500702111,-0.643386086193444,-0.217484969476858,0.672223831047105,-0.728187024872183,-2.70398177488748,1.53536103726429,-1.34404120751316,4.28606333778083,3.61825324936318,4.47265089230068,-2.00292219817929,-0.0396952778803849,-1.25664948888054,-0.944140269105704,1.63484824006181,2.8025963308252,0.3670280985458,0.418693015462774,-1.32041212013667,5.4848250091357,0.158140581002965,-0.786330253073534,3.61194076653586,-2.03632671137441,0.0130145122958581,-2.16720320371107,1.76522456436996,1.30804712904292,0.0267238538194427,-0.735202359170834,2.63354579319188
7,-1.99610489304771,-3.74225061689578,-1.16428291911674,1.77881899068155,-1.36838082187588,4.78249305951375,2.95487876917328,-0.471817143340605,0.0305664687895209,3.41109844703103,0.287949633596642,2.0197380564755,0.537292738588837,5.13861682339196,-1.04304375336646,3.18748866196588,2.02647195734013,-1.34231212397303,-4.08808515575552,0.005317818173134,-2.61327489788786,-2.22093217368696,-3.105780995284,-0.709073965303496,-0.444496746710543,1.87096163252621,0.0352464673998266,-4.46482574716396,0.2013038009768,0.138078479848872,-0.490086239757796,-0.533857323568678,-2.36678524761836,-0.260023237471111,-0.95171297916863,3.80959386179912,0.596199093551617,-0.540988629577648,0.122583840312604,-2.43647247179448,4.28654010710397,3.88265479622822,0.661078739625723,3.53137924033346,0.989595483022685
2,-1.79905632828412,-1.98091382158835,-2.04853778288412,0.802620253227318,2.54967641417415,1.88797672124127,1.62090268014326,0.771132702911069,2.66664438314017,2.04914777957706,1.18826494873259,1.28703283833185,1.95361456416176,0.415165905071839,-0.949863619268686,1.72344202539279,1.35498112840431,-1.67341600671326,-0.30078253657341,2.12319837875805,-1.26590813695597,-0.1700919302797,-0.342727436888506,0.717599858939155,-1.88508925852631,1.06043049904086,-1.88470149828237,-0.319840307891938,1.92305966085476,2.02730707097986,-1.92398115976207,-1.84459961892526,-0.590306828463459,5.12086951063689,2.15350550434007,2.71648673935779,2.90134731748818,-1.77239840547941,1.94065502279103,-0.114165599661731,1.68130925526929,1.135690380838,0.216034045975289,1.55660471727541,0.309222709580137
9,-5.44075143717849,-5.31267929012829,-0.518667946070835,2.69302343288999,0.156077840526409,5.64236770148311,2.05498742684815,0.060098832810803,2.12955962079253,3.78988398025094,0.566064812431247,5.69412174330147,0.265810901106161,1.76239477141097,0.354157550745094,4.00931971345848,3.93287129973006,-2.34176450471227,-2.03547696093032,-0.705063169631703,-4.94865751159352,4.81711361521576,3.70445224658474,4.74184857986912,-1.52697993262953,4.0514146495326,-2.31786104337396,-0.442110248575551,2.00549831151932,2.81949574361307,0.0725865684304113,-0.381410396665478,-2.71693716306555,2.48276401127677,-0.231831175313187,5.41588921676478,2.48142608112309,-1.92581169643375,0.92883058062865,-1.3448913705073,1.64933438078175,6.23390707116646,-0.0910915569638597,4.24447746171084,1.51919875188245
4,-2.47652591146466,-1.8562777410616,-0.214929706301509,0.521769203033659,-0.807441262835026,3.34183441207217,2.22036435146727,-1.93962272957701,0.136892554394382,1.94873990570515,1.67184396100205,1.68890234658519,1.08632178643218,1.0702964558473,-1.14637603958117,2.31360454019567,2.51653173560002,-1.41025348381326,-3.33995930842899,1.03322101808568,-1.86120585931912,3.7961115590999,3.33398463236299,3.75304867805916,-0.384359105716474,1.34929124029717,0.702645033928155,0.305151042408397,0.377895427624117,1.21090544591876,-0.766550585952557,-1.42298104860495,-1.44547737607126,-0.397525312921963,0.699079018513637,2.11317683975107,-0.72952253207427,-0.56447115112663,1.20517524759335,-2.84398079858818,1.26358132240442,1.58063392423254,0.190507951888457,1.97473586047811,0.293000514506696
4,-0.585284834656671,-2.56068519929892,-0.761741645547373,0.670766738268977,1.70101449502682,2.79811263905033,2.09418364586465,1.58477249194926,1.84872332764263,1.8294814721877,-0.604060809683979,2.29581508069834,0.553811576997766,2.07802008278958,-0.0797928019897787,2.10132307818324,2.3408576625131,-1.31667144352671,-0.393443645867904,-0.952216623946355,-1.17982783573761,0.137733898242969,-0.265245544251629,-0.055828707049185,-1.2444658995143,1.5651764102633,-0.0562322686111226,-2.68834427263469,0.54940762165759,0.962915018745741,0.467089829192036,-0.0989636281135317,-1.13546899530551,3.05833773728113,-0.136358804968504,2.29114576804798,1.50441915670767,-1.06181544554668,-0.257093665301271,0.365166660523548,2.56922849773374,1.62041219391054,-1.35797881891256,2.33909473463175,4.11073569340479
0,0.341409126389254,0.148552454705755,-2.56163603278055,0.0878143016571611,0.374245526951519,0.221142105349931,1.91210814180406,0.646966331466106,2.07829901706383,-0.345804077938983,2.30551383661227,-0.76603452568502,1.78945013859918,0.916675029040484,-1.86148112712322,-0.285433745373755,0.474863179409538,-1.78323569845709,-1.09614979778991,1.54318908411799,0.0377624992244801,1.73153919369106,1.7929472989419,1.76508860634207,-1.40694149954318,-0.543218440797023,-1.60958107513768,-2.33136854929879,1.17412128297669,2.3680546150084,-2.43804420537651,-2.50841825707671,-1.0365107937918,3.00635975330283,1.64388336484329,-0.889531063877214,2.31257044299223,-1.36422323332213,2.01857933939037,-0.386804145446414,2.54633725057057,-0.852206561629554,2.32944913415877,-0.973878314224116,1.42083600355879
1,0.605417005589933,-1.31234228162031,-2.46470098403568,0.613313198655225,0.180059207520414,3.10871958873739,2.9923647370766,-1.16721377619608,1.3354632502155,1.25265117851399,3.19713738012646,1.85709702930568,2.41679250530856,2.29020121437187,-2.66297029774536,1.9104105714608,2.46389659592636,-2.91362302505722,-2.71671926791857,2.75948077148106,0.414711072445374,0.584904235303763,0.79214280086758,0.166932999341634,-0.549528399163251,1.014816375988,-0.0666124762218807,-2.71530135923231,-0.301085764792261,0.623433664487506,-3.53457173535415,-3.15490907056332,-1.48501689828662,1.87146416179988,1.83832645812034,1.09548251156236,1.13156996019353,-0.473536455282573,2.86992857711386,-2.15121565139283,2.82381092862441,-0.341584918931276,2.40787081423066,1.17764174104,1.36961608893283
1,-0.453684753187204,-0.86165688083952,-4.06434794809608,1.76381011420605,1.03518043650889,1.90493903223096,3.02069059470407,0.947454267321921,1.48573299916619,-0.0441452624540854,2.64131732075539,0.77539614889898,1.80636744137992,3.39477515716361,-3.3532683584076,1.30177058989881,2.26350132039126,-3.57778619776336,0.192057494614663,2.2817111579453,-0.721840603041178,-1.22923903919215,-1.06916187476567,-1.4371400654515,-0.168075045733329,1.47441856921764,0.521091896787586,-1.79924333069796,-0.305457775276215,0.503253290872618,-3.88304104722197,-3.94864825709421,-2.71089303850155,1.74897823809409,1.5868073380039,-0.164648053019652,1.90489398687958,-0.477072299208316,1.5601337819317,0.229918938659946,4.20546014632825,0.524483963192163,2.84259923500883,0.83436132337249,2.0838489603433
6,-1.80361730265771,-2.32870621737134,-0.0622113358612558,0.884536488239821,4.4009173751711,2.89615676931263,0.573688344879569,0.388154633347761,2.37354143073776,0.615549108135661,0.0309088909241962,2.22443524037351,0.757518724286162,1.02614905058943,-0.569144314844662,2.33440831150964,3.07491390290486,-0.994606776937791,-0.731437382685091,-0.609786934287734,-2.22450715064468,2.12884241119899,1.13873201025071,2.29537595295501,-2.72736648005773,1.88525244399533,-1.99774529575852,-2.54696609399175,1.50261825149257,2.12167094853576,0.295439990403757,-1.4829487135427,-1.84638415015254,5.16127433919446,0.233095624215637,1.43286700875231,2.60209314750482,-2.50301307058319,0.993880780533053,-0.26724724480117,3.43136351707984,2.52738760877983,1.27032198235774,1.63853151092082,-0.223813265741434
1,-0.744623423192189,-1.86633221768741,-2.82477523666175,0.804171899741224,1.33102889785173,2.20094291308966,1.59631389156767,1.92750010755143,3.41651247229568,1.07160846205532,3.54677348668408,1.34014758129304,2.13543223729002,-0.115011943128945,-2.06084141225856,1.49683453260273,1.20667387544713,-2.56586960523582,0.189579983168176,2.34514676445746,-0.876815779638735,1.2710712033419,1.10333786166788,0.992675255887375,-0.999225252859585,0.160263949826132,-0.936839151299908,-1.73048794300344,1.65350268878311,1.46568096483894,-3.04079878320081,-2.96625445751972,-1.25470040112258,6.58767971526963,1.19746841256544,1.69228188696054,3.08124190685321,-1.29617214711015,1.35740686342331,0.090603683911751,-0.770721192558702,0.655514978027021,1.99297429629686,0.999783815824566,1.33143242019657
8,-2.05110107277721,-4.01160263614971,-1.26000043066318,2.11332157977966,2.45089715521415,3.10583997161421,2.96198337380509,1.40633452505565,1.70813738254737,2.56363658033273,0.228651671428743,2.12755859036144,2.069209131603,2.14351868142615,-1.41544028583238,2.89905083383805,2.90869910851789,-2.19010417281503,-2.21064901852392,2.50172648868848,-2.32639528476468,1.70969920746892,1.64051842165819,2.77924348858361,-0.484628974744275,1.90026665530769,-0.368933833523822,-1.03258989855285,0.858138678256537,1.33227544672717,-0.662188893683984,-1.34985691969553,-2.13052829868733,3.49603818842558,1.96247301598174,2.84310202031253,1.60004974199985,-1.05333273867485,1.436357719481,-0.831030894603275,3.01446053512514,4.08534335384512,1.36880405972157,2.40894577119428,2.69224590957164
2,-1.24301716084027,-1.83203313555909,-0.685620917685905,0.676682878631754,1.74043256647192,1.26560174747744,0.8779411515785,0.299131584163221,1.18745687654087,1.55572310661835,1.40953716685649,1.6770474062915,0.538947372461446,0.863281185909463,-0.667233167613545,1.64723903654238,1.96264974085195,-0.489907495454303,-2.31194655524168,0.0104787617726018,-0.946104500385405,1.27599840115288,0.936252837451836,0.648809475858709,-0.437307882880726,1.37216637259232,0.181722478382765,-2.83530528919043,0.546013057242923,0.767468295582063,-0.725539464676583,-2.00191583405065,-1.57259499013265,1.18137139171484,0.599065118684436,2.23802871916818,1.01229516313322,-0.705772055506445,0.952183131615538,-1.39113657353242,1.55874516248044,0.380049474796574,1.18700632403568,1.43970373250329,2.58085985177922
6,-1.31155390978228,-2.73880008713034,-2.61946018029622,1.65840996137405,3.66182292364207,3.73864901430257,3.5758545074935,-0.499269678646136,1.96895017485488,1.44460147023339,0.541532352290561,3.02916793484008,0.695352141159736,3.22181283678643,-0.216590083163839,1.86865829014676,2.08195132685018,-1.2365309571393,-1.43186301845247,-0.0687297081874524,-1.49851037916337,0.501591721766198,0.0512056178195738,1.67990094222818,-2.42756494700637,2.11772457894137,-2.08218839598961,-3.24802146263533,1.48983524099361,1.93173117748413,-0.935252152485354,-1.32108111817778,-2.82684078033451,3.35109596367253,-0.974283630092763,1.57137221947792,0.868226604491861,-1.68697896666752,0.582625518293139,-1.33010892949721,3.05969173349118,3.24693260887504,0.600349166090771,1.94785889462953,1.43283785953791
5,-2.84418763900081,-2.13237576132634,-0.640215920416188,1.35252544286189,2.30438534096429,2.90229107694567,2.29302213042992,-0.564648498677323,1.5419179915158,1.80816795603979,0.754726232495944,1.89097470568439,2.13073128375523,-0.159716900391448,-0.0518946137720532,1.72502652842169,2.44629161612208,-1.42359884238322,-3.45783561851745,3.16504285895003,-2.89275463096766,-0.203820082830091,-0.666450947070056,1.39388154854636,-1.71213731940811,2.01638913118428,-0.93379413331555,-1.59930392340498,1.1180158533388,1.42454108330245,-0.690854797669673,-2.29607215508886,-1.10357942702414,3.57625532892781,2.19667155489432,2.29743293501991,1.6848382211917,-1.61871988895003,2.40555143882646,-2.45951770957543,0.650200590822542,3.35654792691199,-0.950172802675266,1.82217488057696,1.40710435416639
4,-1.4164110371288,-0.82077348253345,-2.62628262657089,1.15371231638907,1.55755626148257,1.32049139892586,2.21100016517618,-1.41481264608642,1.06387487565486,1.06122593720039,2.63728729252449,0.619509829591736,2.16005308678207,1.73002180318261,-2.27337817429272,1.94529293258808,0.634881082669927,-2.15833186452674,-2.85894715188492,1.8060477674504,-1.62297188271884,-0.164124635063486,-0.318931927811431,-0.594736155532663,0.0578056788939389,-0.379102302372242,-0.209993722541035,-1.29159645344291,0.111673795030076,1.20916086708367,-2.60748845024406,-2.65900857305001,-1.95780056332031,1.41838832297603,2.42391808444091,0.887812587233807,1.73827201205087,-0.394317596401728,1.99777345557294,-2.20236147038245,3.01022326998086,1.40107434294651,2.92184023681223,0.684304722563478,2.30373010798904
2,0.714651391835844,-1.71690033691816,-1.82791313360394,0.563278872781197,2.15478553795744,1.82890496725267,1.5200642765302,-0.413086272837563,2.34177164406239,0.439254739317217,0.808935470560272,-0.222490285666027,1.62490648960828,1.61708021457058,-0.762599337583337,1.46895870301742,0.154077281944544,-0.73316328229751,-3.18928062481811,2.75081966778598,0.248531989851511,3.66755386072992,3.46429099777726,4.66436343395745,-1.18161889570826,-0.531503624229847,-0.406192602470284,1.09771653403714,1.6466135893958,2.33937712474632,-1.96862669482196,-1.86954264438419,-1.17817604960048,3.73469081790219,0.786835070625828,0.992122131428559,2.41628584558231,-1.27643040582415,1.23423208250508,-2.14419144178896,2.49596416132239,0.542000590773787,2.18718108062961,1.14040900058911,2.19012242632966
7,-0.897407159398565,-2.66618100643775,-3.57585362816317,2.04771278423061,0.0193480612640309,3.53539962952641,3.75502475810158,-2.64758688507465,1.33611679092276,0.611121478131221,3.35275406672406,1.73481102078713,1.64663515439282,3.53013874392895,-1.99257744260473,1.69152872484928,1.68403207296016,-2.05418328296684,-4.40558219753521,3.05047425143239,-0.849989880479922,3.80076655131056,3.3257436893781,1.46751663444725,-1.86119295061471,1.14112263936148,-1.3279035038706,-0.498920607958728,0.875566336141831,2.50884126168933,-3.25303581333699,-2.39123587532416,-2.41621332760501,0.430564546366703,0.165802321875771,0.999231038209754,1.20640501258689,-1.63785574479936,1.18513019677852,-3.74596377028277,3.62113171437382,2.76127597826247,1.30188851369091,1.57951730486768,-0.770359213254934
1,0.264100553924253,-0.314437824667268,-0.879073528971691,1.00878256599464,1.74717061592381,1.46369776643508,1.48056445356048,1.26013957988557,3.18359314625407,-1.97197604644564,2.21968111187969,-0.763787198036773,0.924896153176163,0.212892306207983,-1.10932436711,-0.0227089038324515,-0.72584979105698,-0.954907098546327,-0.895447298517898,2.29206450939648,-0.0447483265390997,3.74835938501468,3.2148790942805,3.29495632915419,-2.89914433360922,-1.26600948202549,-2.561350410282,-1.55215270584548,2.70990562089885,3.48856909371739,-1.32655643002146,-0.928484151318471,-0.975350419761474,4.77003249950041,0.626681536409275,-2.21850438829323,3.21288371153464,-2.97928806118562,1.72676972499136,-0.462980987089386,1.33066008284862,0.660749038209776,2.6440921830067,-0.992145637054839,2.65088608647501
7,-2.3355289478548,-3.45589777065955,-2.37155597798358,2.38490747480717,-0.851752809048139,3.65820482791588,1.58138577721853,0.41874240925937,1.90966772323654,1.52472579107664,2.11477654077723,2.55710838200201,1.38540700376699,2.55176824722908,-2.31133973926377,2.35053603844205,2.56078444308995,-1.35259439309348,-2.9087701771914,1.32698284696399,-2.41844662962033,3.39309674206705,2.93407169543433,2.94158586883881,-0.792535603454852,1.78213417824635,0.214211254840566,-1.41979681474423,0.823402585056859,0.637715992441861,-1.8793615967844,-3.42697587674108,-2.43876679135915,3.35599005389536,0.19839100628432,1.81485548168317,1.23136278240024,-0.950759243420075,0.798719880984258,-1.6206381894391,4.39162029636539,3.1802050671757,1.57130252505127,2.34045600258066,-0.0293830678642513
2,0.361886053759999,0.427293825144391,-1.63459094566755,0.400157715927931,3.27467784860471,0.018573231530451,0.694524662203487,0.225304815192229,2.82464656345781,-1.12608417727847,0.133839585251573,-1.12388645093477,0.920974220045357,0.74760393941582,-1.87895136073364,-0.188380876322207,0.310727472081214,-2.81766672363491,-0.196558312285255,1.86620263573972,0.387657081839234,0.629135062932292,-0.25720744365943,0.472282091157783,-2.11485984822446,-1.31033496460308,-0.976367024490547,-2.68856202093833,1.708601163318,2.33738171539953,-1.29403395276554,-3.22817020482051,-0.707690198086231,5.16493397827294,0.548249103776549,-1.48789059454124,2.71554787515049,-1.82718565867539,1.35905795680494,-0.248322962575555,2.67190249986193,-0.0710249278937366,0.091967105788765,-1.23865607604684,2.466753582131
0,-0.143000325637373,0.211570549708452,-1.72017061416767,-0.491837175686245,-1.68824956266233,1.09903439912545,1.20704543873248,-0.730404145956277,0.999591047632291,0.385418155365769,1.63276165578666,-0.283088382513284,0.973029463117911,0.34707367403355,-0.966353693030446,0.420612049773739,-0.312528171209496,-2.01175691825745,-1.9565170653165,2.01440545057665,0.124563063330965,2.54660150579886,2.88158982231853,2.39254921909068,-1.0184926598976,-0.545121736504878,-0.0516798246816191,-0.805413126872276,0.726648833536806,0.541951491677051,-0.901084928379756,-1.05952370436312,-0.229303966993007,1.3531921622125,0.791055457023434,-0.119058332280159,1.48780847373483,-0.669853601488666,0.912974162857524,-1.50258469754718,1.1963041267582,-0.71411866457091,-0.295968716023997,-0.191279754387445,1.54789362364054
4,-2.54211638957167,-2.10711067457778,-0.346399452793374,0.780316499407061,1.11448503039816,2.17379026871151,2.7229643394758,-0.655930210847669,2.33717737131071,1.74716531676738,-1.18850347636943,1.76232253106158,-0.346471971419392,1.29433896558702,0.926991036992173,1.44568510504451,1.88627018329314,-0.0636562873787203,-1.96159669812218,-1.83242946763196,-2.65017053027715,3.16887850455228,1.9230061595203,3.43306966004828,-1.17809288941206,1.72445052553395,-1.40170981452487,-1.66703209628239,1.03607668412461,1.89706444682852,1.50625264835818,0.0539410565886316,-0.15560648480397,4.71377008679491,-1.08607676060283,2.1949945294224,2.84159357749267,-1.52483696888853,-0.304760317220786,-1.76809675405748,1.67802888131989,2.70489966363662,0.111229208019205,1.92902602700189,3.79370585928187
0,1.01026080111109,0.944912717772414,-1.23573531188964,-0.16473928658601,3.0152384149862,-0.88963383703592,2.57908742538312,-0.120741772124816,-0.378103444604732,-1.99668461888476,2.03266391844329,-1.6989661885095,1.31596865255191,1.53046569578559,-1.69663137208289,-0.596602080756164,-0.994454365262366,-0.345227259565522,-1.37250223882609,2.12096797798521,0.53893245272249,-0.0098411964531334,0.595501557202977,0.662893499627693,0.967483647844597,-1.72619673029087,0.822079266382574,0.183920238076188,-2.24691993594626,-1.44855694474756,-1.52382833456568,-1.85548317129558,-0.502409352617687,-1.44303414416149,0.193505169456948,-2.26281433357873,-1.27373808072701,1.19755973158721,1.39172432009877,-0.978109241912406,3.19158140170455,-1.25053451671455,1.21481997432801,-1.51002889040766,-0.375794267886888
7,-1.49641806855732,-4.28285509677331,-2.11579719141293,2.55376632849663,0.824725226775817,3.77381994931409,2.61100061374593,1.92599126739762,2.80235165116924,2.26521484653422,0.108507301001282,3.00589783271603,0.81145529196142,2.86990911726845,-1.79592094275401,3.05483559349184,2.73283812397283,-1.01105071511396,-0.0675384697384311,0.473904483401881,-2.05051384386227,1.36325081767556,0.0480553728413513,1.79749023620903,-2.01091816969496,2.43141727077039,-1.56832168653925,-3.11505092092552,1.73861973940884,3.14326464583625,-1.16840331132759,-1.03514753267341,-2.84731230504246,3.92792010737484,-0.187969506222443,2.42821194459049,2.77799027540597,-2.10479089486303,0.367595862371113,0.479486907948831,2.70987697668044,3.67717200103647,1.61255700220677,2.96288767141202,1.50446171734358
4,-1.67455203037317,-0.0997446747414468,-0.883964346700275,0.250774319420306,2.16286698729688,0.354217510585314,3.35616095124126,1.16526346179114,3.40953900254619,-1.25785161121267,-0.160919982838592,-0.87739620778643,-0.0796170776365752,1.12838431388946,0.605202399486213,-0.190151062591562,0.186035624889803,-1.96623239169123,0.205481089335766,-0.0802688027362707,-1.40036700504254,2.77943395830612,1.14169852703562,3.25098983576924,-3.12909061681241,-0.654521533822211,-2.10479502386332,-2.07248646693358,3.10322510035825,3.67417976697003,0.132786569501295,-1.04615483168662,-0.358837114575848,4.23015774318816,-0.229021626311283,-1.56694068280362,2.75424544663922,-2.86463809480737,-0.0519628004712401,0.538656354240205,2.80539486598629,1.79897823924776,-0.501361540487828,-1.01235889771646,1.94733053894484
8,-3.55754830968869,-3.89044703131338,-0.848866242684099,1.81087784705724,1.0819889627796,3.30023877434745,2.99748526721724,1.92802013526618,1.87523968389624,2.17142742742025,0.0306198914669399,3.70282739355392,0.805191275657519,3.31531134140421,-0.732975914638589,3.59015425638866,4.53905679002255,-0.9971393886917,-0.71759983316681,-0.216980730205032,-3.93753906470876,-2.72624778786511,-3.75902181589087,-1.81673078986116,-1.26128408367664,4.90543991926741,-0.750697453043226,-3.27247064725484,1.44119975891695,1.92073591004816,0.156085758679371,-1.04234436334229,-2.09381395868915,4.61528824943949,-0.542026584839219,3.02559826681186,3.00285579254122,-0.964121656542538,0.702010267903452,-0.201050075849835,3.26365982310238,4.59905359327787,-0.787050399322093,2.8011924824778,4.63208484739891
2,-0.023608730483366,-0.20123715327068,-1.05435890307932,0.399398467041869,-0.391012225851643,1.27948734937308,1.55420318669159,0.413740100986414,2.25138482656078,1.32926625212357,-0.615507193052233,-0.924103794225528,1.16681596205884,0.456087122775749,0.194641652632218,0.402321728018286,-0.542183713108947,-0.552527437084448,-2.48807458239598,1.00384906651339,-0.432607887931164,-0.546465529998222,-1.32912625185369,-1.38796105255572,-1.55853518368404,-1.50371394416252,-1.62631817949481,-1.47857612013523,0.903899613351834,0.96817020459372,-0.021476016438545,0.0628562171397359,-0.637348814680253,1.96175819334381,1.92061625943904,0.596416600419579,1.65487007096759,-1.21126867294959,0.884018080148332,-1.19932192935546,2.96635168238935,0.527588185191821,-0.445105034504447,0.188133386998357,2.15657773778942
5,-1.47643863012893,-1.72989424747522,-1.59412030850667,1.11928590667109,0.962980650206468,2.92825260090389,2.82022682039507,0.272722426619471,2.67353162770445,0.968365938734426,1.35550542679977,0.798884669218903,1.42931114515454,1.39262909026724,-1.7148534344404,0.972459997429598,1.60780553008807,-0.536552742892383,-0.387231260866807,2.20945778194782,-1.68505488398689,4.32823830741901,3.90595015036359,4.15439299340182,-2.20756800550525,0.887539171547233,-0.888124675242095,0.447272619989065,1.72077276146999,3.05422789396103,-1.38415660017163,-1.48548896727586,-1.49548821635834,5.96597090177807,0.512834062749094,0.19726682615156,1.75554408297947,-2.2992637789263,1.15480532413729,-0.0801215923428328,2.37919150437482,2.04690793653639,0.852536120856983,0.667498610759437,1.36056448370102
3,-1.35818085132255,-1.55996672637711,-1.17730164725035,1.19904661338745,0.81851668907494,1.10352914330854,1.22881179209765,-0.879656541061681,2.88745173357193,0.0727817086053131,2.82659150021785,-0.356336345838907,1.04622362573218,0.706132442978973,-1.71977982065559,0.249077190034566,0.903476457489215,-3.84095786134194,-3.35254071092327,0.124064958978159,-1.53491507309754,0.144766986176114,-0.498102148371187,-0.275657300635664,-2.17327879006674,0.220903408590659,-1.18579552964759,-2.63613804446796,2.13855691627951,2.69108701427,-1.7928746792352,-1.46504869196051,-1.04322879338117,4.68417970866049,1.12424616461384,0.1245060702804,2.46198053138754,-2.30080998266972,1.00253160582056,-2.53873979341677,2.18916517062209,1.63010815310476,1.14610860748717,0.467935268074879,0.30239324965705
7,-3.27525765831271,-2.68555566691361,-1.51944496296206,1.78245961773802,-0.0041124815762417,1.64253863842943,0.76582643439082,1.43055568389241,2.19510769674507,1.00312124656584,-1.35358876213147,2.49399148907484,1.1049362137369,1.03587394520438,-0.0092153354095337,2.53175207017045,2.96888518549354,-0.48784256916281,-1.09659480353473,1.22517921195417,-3.38197034510578,1.11189425519969,0.80192781688404,0.923366947762021,-1.05588418956568,2.38157871352024,-1.14861166341538,-1.31700325305776,1.36142998075936,1.10809326526092,0.411185311367755,1.22568996812514,-1.69819469189815,4.91420952845592,0.549128845047597,1.69275692493075,2.1043802874188,-1.18917702899575,0.295427672292558,0.0194107688092708,1.24589820218845,3.80515422822041,-1.24612406662748,1.60812009519323,1.17888920102465
4,-1.6833373837162,-1.69708431944429,0.657992395979459,1.41125254148233,2.25190518019146,1.61419640918561,0.366095769516774,-2.21194702456896,1.48218665573013,1.63022027999685,0.396198104393215,0.635485632166489,1.30015919798273,-0.949709982919529,-0.747839724772893,0.791872955970157,1.26328716185512,-1.06891495576589,-3.3265021439734,1.62606667381291,-2.26051513909276,0.470629687064162,0.282702145899982,1.07854379754232,-0.512881746621476,0.934411702093505,-0.352607237137515,-3.1134561183399,0.550787526258316,0.778069244785418,-0.394076473028203,-2.00902531120343,-1.22968921004223,3.31186247779688,0.829391146280775,1.40467080881917,1.16460990552335,-0.203307198998761,0.855197775108713,-3.0486526063661,0.0363894808376459,2.56809829836797,0.452880494367291,0.664024806504183,2.02020496339834
4,-2.03656338269825,-2.67941135371592,-2.90006874640443,1.07799961037254,1.77691319607722,2.97007133280763,2.04974470215475,-0.677373992836023,1.733824317004,1.62078752273344,-0.0784451045544317,2.49267121673978,0.536132402601115,1.89127364966106,-1.94627734479209,2.18549178361756,1.51232680202329,-0.884954494079042,-2.97761415507375,0.185965226196017,-1.96095052410824,2.40900624966811,1.72767691589167,3.4880096493448,-0.823761218483531,1.12562656707527,-0.778345517485448,-1.0937767666377,0.996376571461402,0.590941809249985,-1.4714319012805,-1.44887703520851,-1.30868502106895,3.56654592459965,-0.0761828605308269,2.25804300750321,1.41070012327433,-0.611903206594663,0.14560069896917,-2.06297414685041,2.85054911420508,1.80034900694706,1.81523328384784,2.13617029790558,-0.456634188035619
7,-2.60625756071815,-2.51615375846958,-0.0976215655083256,2.01125318242004,-1.56418469869996,2.60887632390967,2.11746759834355,2.07356578387118,3.62486486120429,0.592781997791572,-0.591618258682714,0.850310573493924,0.659973058956786,2.52608860756668,-0.0458315113132363,1.28533394668523,1.33835840480793,-0.617878619302294,1.17305552575433,-0.190316987913834,-2.51902295951851,2.33389681544265,1.32524212982228,1.89278589955332,-1.97604798717531,0.731356282578887,-2.0450504084667,-0.601341894502842,2.03144697522954,2.66593702114945,0.195722522292918,-1.51521008081447,-2.76098392471571,5.28344963757331,-0.467104656550872,0.934335513320867,3.33727718768916,-1.84981342026155,0.0582001345179338,1.18240821479005,3.81720245768837,3.13665755074541,1.25154090701112,1.36110898705788,2.63640626917346
0,0.406968865852498,0.748785968364205,-0.186496990820946,0.0127505300873252,2.5968912955955,-0.423463398695864,1.24173318645936,1.27048073612091,3.69566525492621,-1.63881974487385,1.0060441086989,-2.5276969979475,1.32071657499331,0.102965033440749,-0.698658030581347,-0.887399804347462,-2.34177124419692,-1.79773911730199,0.487783676888217,2.21969644509456,0.335861586841429,3.44839988463299,3.3408056238378,3.63702707510884,-2.1753196147097,-3.08886328824407,-0.810804277975295,-1.47766205716564,2.006828872786,3.75387683668715,-0.931457451710159,-0.924534866002779,-0.729904043324912,8.10119312205736,1.64961185689981,-2.00529747729587,3.12348380539852,-2.21698385340786,1.16867436091373,0.323562170616513,1.63074642670828,-1.57370977058234,0.161427190674031,-1.81421728665209,4.3750569396811
1,0.128509338305677,-0.392430957255826,-2.22888971000602,0.623561869118043,2.54637388258388,-0.614305634066321,-0.168616723426508,1.52378077415502,4.23017935767581,-1.14631603808783,2.52286058278768,-1.99772075391828,1.5046840951758,0.168427384468629,-2.26597553059893,-0.363440942435504,-1.12483119375699,-2.21301264405253,-1.44849297107493,1.87217831698094,0.495469438688515,3.83682791811679,3.62828499230516,4.89714191518478,-3.92977466327463,-1.48955669701021,-2.75617965430406,-0.710161679580666,3.66339357514725,4.47235279766081,-2.30792549351282,-1.28251176693646,-1.29547730051305,6.45992243289183,1.26876402429975,-1.6484101572253,3.18105544659261,-3.5657722370477,1.61059989123021,-0.359416129936835,1.18242396715274,-0.690381838276163,3.05143386517517,-1.29913663348097,0.236464410031712
6,-2.42281159903275,-2.65964117103962,-0.957671273345187,1.21693939434539,2.0122929827771,3.30549158171199,1.02705694361886,1.8239952510847,1.87288178920206,0.820628531763752,1.49233627091991,1.73497090561441,2.11394646430136,1.6515070730992,-1.56018617487979,2.15458895084483,1.89831666803189,-0.253046014159779,0.605907399351604,2.26816838975116,-2.12813781534122,2.42943465144468,2.20413094078772,1.79103380892986,-0.878351851848523,1.47039566687782,-0.680911757418018,-1.67957731649727,0.329121486592473,0.96229121477418,-1.09103218936434,-1.64086015556335,-1.68047363724684,2.44207590516491,1.61798230472135,1.71024647259659,1.88802219077661,-0.698497800381244,2.30745573730905,0.899887527355009,1.95118097221492,2.44750693750465,-0.123924916634167,1.71294467765902,0.472544671732492
2,0.0856126874523718,-1.6872638383454,-2.92057256385611,-0.0274700734112012,2.72199637844474,1.57707827742049,1.71472176863488,0.100331067878443,2.78064207545567,-0.131927712419038,2.9973415515939,1.34967148381021,1.69663785558742,0.978128795757559,-2.08509705087455,0.929135854923633,1.75930891333864,-3.15774257466702,-1.37266384559965,2.99399599902574,0.0469767466086239,0.0629356997506718,-0.142675987841987,-0.225856687496638,-2.81640498298353,1.03471212809281,-1.77821785422018,-2.24979756747172,2.75970964656629,3.3549744165253,-2.83124916392768,-1.76747010964829,-1.28934269702554,4.88896293254164,1.15060828640113,-1.01434168238578,2.34904295773778,-2.82950432545877,2.23238283424634,-1.01250952136524,2.61337125276618,0.0959427311676808,2.8424832652283,0.222867494471219,-0.0719878551237266
3,-1.50942181737981,-1.09598361240652,-2.27122036550742,0.925580934797303,1.99304328999624,2.41428525006442,1.49577726849149,1.97681964502854,3.43864283402576,0.867020902394005,0.153432333687339,0.0912618300893454,0.487444528915796,2.34203885086125,-1.56644501942391,0.474597868029478,1.44201784165407,-0.503265008150135,-0.459115991084007,-0.354350128098287,-1.35978019951302,2.2785563149044,1.22490962401101,3.16492340675374,-2.92926376652167,0.587327078499003,-2.19762283950243,-1.67817906647636,2.62223423851852,3.75370371406656,-1.10789205545548,-1.50537139889777,-1.81098104326865,5.50549839072056,-0.123804819123034,0.0248155735031465,2.95690721982092,-2.56438154089686,-0.199563895677647,-0.0197087804142737,2.1748891920953,1.44758461841257,1.56690201320136,0.36294133839541,0.405240793647678
4,-1.99444563569195,-2.05960369426735,-2.33470555735473,1.8197270775071,0.633053898020116,1.28484631876845,2.2792133255827,0.0534044918990808,3.73124555098183,0.579049509501838,1.89557705557921,1.04452237534609,1.67693311429494,1.95361729365023,-2.23818596832907,1.57072522022402,1.71034163830325,-1.31520237409875,-3.10594795770579,1.96254848745553,-2.16525707554609,1.91152600169489,1.52654077660422,1.35469777260839,-1.34084634380539,1.08758208173958,-1.13999490339098,-3.10038320521939,1.57150033484297,3.87614976341126,-2.76514414974339,-3.20763132426107,-2.24666682455254,4.83183226840317,1.16473444135739,1.2351861253386,2.61175735929778,-2.28171154899385,1.41138827418262,-2.02980375851165,2.7127985734543,2.17856279096686,2.77460667513978,0.786216542685018,2.77233651666817
6,-1.63289107310595,-1.51900632363714,-1.23616643282089,1.28351525649578,2.57312715544759,1.20584580664982,1.6880970401415,-0.335763006308026,2.79654315836704,1.11143022437452,0.21491255072671,1.47191792053731,-0.0273121151969551,0.757098398832399,-0.0813508308660253,1.25206261474436,1.69172137857599,-1.25318702701167,-0.824195495330349,-1.26078407290016,-1.45601854876314,3.69725490701384,2.53693642572192,4.12745959641029,-1.22122205841221,1.41806053952292,-1.04136482663009,-2.78921837269372,1.29608742654724,1.76081973224266,0.629361460332575,-0.95514661393017,-1.76637545757467,5.17283346116643,0.1971406639385,1.03361668801503,2.18378490754686,-1.16744494572055,0.139701342518096,-0.889144458840713,0.0416826511247822,2.33298705101241,0.477735928509642,0.438065785532527,2.37658177623242
1,0.862311727254668,-0.943578228912279,-2.21454707406515,1.00473775301837,1.45436644756543,1.12687355637776,0.363657749020484,1.70872367348479,1.40677600584432,0.324670062469827,2.13022254907455,0.121792645598954,1.9083435770145,0.5651568848517,-1.77888965670102,1.11866095993922,1.15628805263809,-2.07015847994871,0.173500694912664,3.45504509844002,0.224337998902744,-0.767753459203039,-1.22275897145864,0.508964685120427,-1.43543850022106,0.291004770921347,-1.11432645433707,-2.81681728536122,1.2203951390612,0.566895519914855,-2.38192853141362,-2.2109842134521,-1.99109300007279,2.19744428057846,1.70403821485004,0.522147723156438,1.96854386060145,-1.42594552865062,1.70179349557924,0.574705324112694,0.275466759640497,-0.126850439726144,3.14424950472442,0.124024682580776,3.22195748397907
5,-1.83449905797452,-3.12450464042827,-2.97346769458918,1.71025504333145,2.22713829434282,3.81947543873886,2.5850627840876,1.24180865398127,2.94506812555214,1.7888206534147,2.51268308909604,2.33899552235783,0.972432005727644,1.62866412632772,-2.88463899690205,1.33441737578984,2.48926872019194,-1.31268451322388,-1.13591002787588,1.22650643302807,-1.5044662224683,1.40853065980172,0.656056141464862,1.47044004648417,-1.62454894049962,1.40317042267204,-1.20670232313029,-1.43528557906257,1.80649200489749,2.35447423462571,-2.76295548512589,-2.07534100515617,-2.15500237105873,5.59115266765089,-0.0207359140553018,2.29525793428394,1.48714159406019,-1.77524726685079,1.07421400773245,-0.270887932429066,3.91896336596686,2.31203333563237,3.08290732808964,2.22569545265935,2.4111070302198
6,-1.48235257820581,-1.68248242922163,-1.36250648759377,1.18191971027159,2.49082001455444,2.92626122734251,1.6521117817684,-0.639036988452777,2.23111885958264,2.03094831901032,0.146546954183216,0.998667990327192,0.986348896201305,0.224456736631648,-1.07782208565002,2.77941208798768,1.90053407515497,-1.23809641151594,-3.10004920114733,0.90072787724977,-1.61437655006966,0.476519770393228,-0.420388998866981,0.365022210254574,-1.3069678045558,1.14892108967802,0.234033533031576,-1.99923652272247,0.503077648763967,1.37760307830248,-0.25013957960925,-1.0440448605314,-1.66532361262135,2.17676815740279,1.16606820877714,2.07010654461821,1.22463264160704,-0.750009068054191,0.402196161601327,-2.23927672275325,1.5633826343511,2.56801835897935,1.35212967939051,1.8003862005174,0.950482859155254
4,-0.811614878282099,-2.07754266702801,-2.08832300082016,0.846186107456472,0.951729079386533,2.09540139165667,3.84181172585306,-0.0325473378300045,2.51897903430017,1.55443299852249,-0.527040959318049,1.85695192586488,0.980412421444066,2.01113179535244,-0.865082823847402,2.42519653705957,1.8728338711841,-1.60091489690588,-1.15650255008696,1.52675465359023,-0.898140450669089,-1.87830392414864,-3.20338490123442,-0.648327591787398,-2.33281221402491,1.57472202643147,-2.00634237017432,-3.38700540382231,1.30714305795207,1.93377000171473,-0.214276562864157,-1.43509828642917,-1.36842626387176,4.93900349051982,-0.192541618285072,1.90225948974975,2.15924532035171,-1.57938073195803,0.256505533939036,-0.854267735782778,3.4476117576649,1.64780391956631,-0.394378564740901,1.42939910398633,0.84780817994357
4,-3.1656840506535,-2.23550248130004,-1.25213879826289,1.33761175313787,3.0186487907934,1.45186637307657,2.67004453117171,0.198356553775278,3.02187096533408,1.34334132056605,1.41814563155653,0.892960326309332,1.26976003226113,1.19498812305042,-0.0018997356407595,1.50611800568983,0.11976987434653,-3.82496882098908,-1.00621504542604,0.78405680125888,-3.34759624601384,4.65329196253622,3.9901335333156,4.77858609556921,-2.58913182572742,0.31761624209008,-1.90034802492876,-0.619992551407217,2.00058292753888,2.74652521323756,-0.901159011901166,-1.15328142644748,-1.22926583743745,4.09085468788713,0.232485331233247,0.788664952576082,2.87924710387301,-2.39291768270718,0.893220769573268,-0.884547819460093,2.3470891820989,2.83085386941743,2.41177809187922,1.15261008914317,1.2884393586893
9,-2.9031498701933,-4.94479489945714,-1.33234003800892,2.85691962687704,2.56556341857266,5.39007612893446,3.89265876747258,1.29397919622702,3.1962106543839,3.30414230585346,1.94926853406865,4.71342308672557,1.5895926290664,3.74972987127161,-2.1805006089789,3.86356516082797,3.90214476528122,-1.25954320653313,-1.85700533151527,2.37828185063987,-2.87602593405802,3.53050754730938,2.81313825334794,4.21592227804821,-0.454820919423279,3.60771078779741,-0.0782713612229653,-0.028168536023105,1.31582704153179,2.05306033984139,-2.03360100456113,-2.69911718128926,-3.14471611200893,6.56261853913354,0.150441345275734,3.7898918163033,2.25208245912996,-1.2883526944106,1.42214082222445,-0.667507741192391,5.15969074133915,4.25171199452152,1.76688171659943,3.89781666005324,-0.0953292726668856
4,-1.64778794275124,-1.68291532003275,-1.62064354083094,1.07213608581128,1.02712113191675,0.483835584992051,1.68838903367984,0.0752501633256125,2.93819298259053,-0.270051343199414,-0.854950628709593,0.136545859998254,0.136416806896341,2.1535847982328,-1.06833652445498,1.06537477067089,1.1709108836254,-1.58338873605068,-2.0685831850397,-0.780776657967079,-1.30883660669607,-0.619169182866822,-1.99718551699234,0.534668611377389,-1.57476162132575,1.26403467982873,-0.999231445000831,-2.84028959016254,1.31471304589037,2.0424515367905,-0.42394457195776,-1.00526350467368,-1.87371063262373,6.32717379810583,-0.442647643997701,-0.527917119631839,1.95544219460166,-1.8764477598518,-0.197372969157699,-1.14300322993055,2.96392002635898,2.40755608003575,1.19594599646848,0.462217208369441,-0.0379205890564055
7,-3.36816954985225,-3.23291818740107,-2.64798991394623,1.41832791063013,3.02803058355821,3.39280699633062,1.04397532063857,-0.772634459859548,-0.995551594207411,2.48551368554037,1.01410779370049,1.48568883593808,1.74499285988408,1.99510378371928,-2.09840203492991,1.6319819022337,1.48037415123305,-1.91117839319893,-2.22764037070468,2.76120916577992,-3.10371905144311,2.84463516813003,3.04696849764143,2.52619445560437,-0.222065071322887,0.471740130419974,0.697536131475089,0.288032824829135,-0.0353068081827047,0.410863718464722,-0.784827705638972,-1.88035869380116,-1.82549618888796,-1.14558039259313,1.84740349345709,2.27310694267447,-1.56372451152156,0.0362677062702399,0.976994033723931,-1.69075265190462,2.97548221417133,3.28697274057081,1.29347394652787,2.48164376391254,1.13185913846608
2,-1.70844318934417,-0.448031024545025,-2.28771443075749,0.387192000003811,1.31270088172141,-0.027137102173581,1.07943444243715,0.78624835990196,2.28684269996462,-0.348490974115067,-0.424225538881424,0.253058545320339,1.30814491441834,0.387939758926868,-0.617727630918925,-0.480486573651641,1.28681260010987,-0.378704334183303,-2.27214863031828,2.42681419049806,-1.99402657490017,2.28297243917224,2.09444028154574,2.58491436143783,-1.11624306828912,0.57480745599068,-1.5401296053627,-1.27679942727989,2.17028244595064,2.51153903195509,-0.637806401261935,-1.59859020185477,-1.08230849005934,3.71394956801266,1.23708732898659,-0.392731181311464,1.27375765016131,-1.49760323422861,1.26035927812327,-1.08191373523129,2.35254038183958,0.845253044472716,-0.177497904202895,-0.159661058574987,0.16139990588435
0,1.18442271334272,-0.382931158238841,-0.865737522649647,0.330154255348023,1.84770256335538,1.30726643066418,1.63451678140569,-3.75196701715519,2.6546763722536,-0.883369157276423,0.886671578235998,-0.639050178170002,0.944420627489399,1.15877660046124,-0.593868845858998,0.168437746659273,0.687147411049776,-1.63754655266494,-5.37331994703917,1.04211830763828,0.90614094485326,-1.77910017426613,-2.37853971637176,-1.74677635697438,-3.06937680445021,0.374775562750936,-1.48173013328152,-3.38868505176712,1.11153924550629,2.86900146024808,-1.04028095686368,-0.941975220391494,-1.2113724337668,4.91431317373959,1.42580227899977,-0.692826856625336,1.90534953681391,-2.52103366870932,1.9149820478628,-4.580990109021,2.19072245104632,-0.127840872882593,0.541648003232688,-0.415430617791017,3.15214616571967
0,0.947524687746472,-1.29157819597113,-3.61080520709352,0.939130779154048,3.01627688483651,1.95259501897689,1.28575067758592,-0.81143800810615,2.28995592433628,0.83239068806685,4.1813768657989,0.658191025332796,2.53025905997219,-0.334729123900597,-2.18540146570444,1.13256878267976,1.83316635222115,-1.22051094693962,-2.43304467187418,3.69750375927581,0.720823522046494,-0.830679572575726,-0.67084984462749,-0.284871062254749,-1.71673867486229,1.38895304839979,-0.115935553216349,-1.85169993778193,0.864563161304587,0.68320199587665,-4.83228577674218,-3.70096552169121,-1.06928791389843,5.76095555582909,2.72948930523924,1.32916161181547,1.97643168310315,-0.978387362044732,2.01691174911411,-1.75160146741844,1.01075044025396,-1.13272039128581,4.13201441122977,0.743365607496948,1.52633691070283
0,0.0761265596893109,-0.822677761970504,-3.33044934196927,0.632476858187751,2.21975817498742,1.68658925709562,3.3470274658859,1.34791005425271,1.05337966801585,-0.709610788995653,1.80615257979859,-1.50232738408086,2.71452396136229,1.67272487598214,-2.94497998475436,-0.0171296008513183,-1.24652510035662,-1.88491577764566,0.778033403138995,3.08130568818823,0.330905840909012,3.18892103657786,4.17325545936772,2.65954060041914,-0.579504226396734,-2.41829898927082,-0.548924334266035,-0.53558155321371,-0.214386326475971,0.313209011632851,-3.72772713017615,-3.3646556536616,-1.52179955311422,2.35672313694049,2.15331210665681,-0.873713418009839,1.42850168077491,-0.456400245097812,2.00747413584891,0.818182765689478,0.868938495353743,-0.918190786499743,2.505151065395,-0.322292972790253,2.12080028386773
2,-0.546918211699205,-1.53491953702893,-2.56005607935119,1.62540278068167,3.58215730997221,1.74738712703471,1.53272183308221,0.80961375074869,4.26968401528227,0.894097092708021,2.34016363096123,-0.0503345743002411,2.27024924823807,0.445031259844707,-1.6697369321259,1.90175283253374,0.152970873586291,-1.60607012332352,-0.718697549571967,3.05634783370929,-0.648166155566418,2.86680784676158,2.89859893031187,3.18450482519259,-3.59460872597311,-0.872887845579298,-2.45383956986259,-1.26862125720016,3.65838354500806,4.7761431906799,-2.47265108623859,-3.33841650690951,-1.89442870387279,7.54486480764976,2.48316870958835,0.57880285480912,3.21772264494022,-3.2684706714188,2.29461611101027,-0.304006898622931,0.621931518381869,1.05296735675505,2.47485684636302,0.753956775293602,2.65482340502047
4,-0.880554592419905,-1.75236484837398,-2.3405016590788,0.795557545214826,3.77501932486069,1.54998116562674,-0.168183970457996,-1.41725539083302,0.803331251138994,1.663938263749,1.51533078318011,1.7532000068782,0.965290584757257,-0.122299252416004,-1.28053767164648,1.13107880969459,2.40729474594731,-2.03419886602695,-2.22925253900949,0.863187132815434,-0.99851784877819,5.60593140418049,5.45982690572965,5.52577947144738,-0.656963881548093,1.443235280625,-0.916816148578308,-0.358588585689244,0.0947347751672399,0.852941842963002,-1.70744872684144,-1.55568842617698,-1.53236141558666,2.92598384309305,0.572231389626912,2.30469730947263,0.570893139243615,-0.172344781445403,0.7522315842753,-1.97549900097122,2.10326921594837,1.33903858289082,0.958699716007228,1.57158936089518,2.76513568113813
4,-2.06860482104951,-2.10666535928188,-1.49969209864098,1.12554056778889,2.20591917629614,2.39716553168162,2.68844012528456,0.237104433717995,2.45008981869474,1.4528007904102,0.383642336691304,1.52525582755375,1.3477221623467,0.928653896341382,-0.337756337728716,1.9617778658874,3.5474051712135,-1.60563716058024,-0.932026184585697,1.76614702657436,-2.14281121284632,3.82019796354912,3.22402375236464,4.80939226079525,-1.71069740668709,2.11203330803577,-0.282650909190048,0.562661637567259,1.63220528994329,1.77378853593698,-0.372222070550661,-0.58173893931759,-1.33645904305646,3.13122428119443,1.3084235786949,1.97574182060224,2.0920743911105,-1.34276278455973,1.01338234783134,-0.857356639921399,2.83477004094823,2.43240106699746,-1.57078281325617,1.49153234805327,1.8410194463989
2,-2.45466819490412,-0.521665960432711,-0.681808989179468,0.635199206290394,3.07676471120241,1.08066915193028,1.64915207383903,0.788137127916752,2.31228871192525,-1.00962602661038,0.573204877738218,-1.96529985861744,1.00549187915641,1.71688495907984,-0.701119869300048,0.283226533389538,-1.2697677660818,-0.742721815706225,-2.67111807648838,1.14312910891277,-1.61723774242464,1.24154532748225,0.63795313334014,3.40915374477084,-2.84507175604076,-2.34139952128507,-1.8376601631582,-0.400943422078553,3.0282853148256,2.52799276681531,-0.317575320123146,-0.745525542689221,-0.753652635142952,5.00090479798331,0.11042753313465,-1.22169644330598,2.32473166060895,-3.06387442233782,0.284962225261422,-1.31905489866214,4.70443368979645,1.39714772171314,-0.513266034586254,-0.87496180031432,0.566143576162027
7,-2.57729092327058,-1.6352723375367,-0.476416264610997,1.44865597193282,0.73862656488829,2.71182166817352,0.252285970758902,1.88919511012494,2.319071411823,1.38422473377053,1.05473646752872,1.52036209528471,1.12332151601355,1.0293688948761,0.72309557789898,1.96212674935602,2.21697743098573,-2.12508841068329,0.191705143044337,1.30682365357862,-2.83134191123336,3.63560001287804,2.62018392367011,4.07577844806111,0.0119817847191494,1.26326948539145,0.697734480213881,-1.0266055050596,-0.158518997883452,0.13580211299866,-0.116617964043846,0.259706572861848,-1.26658157521859,3.84679130714125,0.143606396913983,1.72944442356522,2.11291539726262,-0.125598585396384,1.26773511368277,0.935391012858104,1.19882699083819,2.64495599812068,-0.591810358698062,1.81369125354552,0.894734882616607
6,-0.82674182363277,-2.74322348175224,-2.41035736118065,1.12968031958223,2.08551286946601,3.07633426022998,2.0660439931402,0.307069824709477,0.193985205253406,1.72982468078896,1.99528931322477,1.66030060421037,2.31583357596106,1.09061267368631,-0.329788191398408,1.88698129755348,1.72944905438382,-3.10686787803606,-2.31224292474105,3.47524656074273,-1.02091121300343,-0.208538767120905,-0.197237058559271,-0.0195765830109301,-0.162747352285396,1.58845021724255,-0.0953452211048316,-3.08795683078874,0.244439515265508,-0.979792502122123,-1.87765715014969,-1.91895002501447,-1.28423449184048,0.323826093436532,2.3021364381735,1.69310997900842,0.847433044264818,-0.109464827461543,2.33085975214496,-1.48967163020788,3.32970494711247,2.38205008854329,1.42755742545409,2.04907695735342,1.34973282901341
8,-3.486634687691,-2.87566738775968,-1.33342945772771,1.88075828470418,1.02665489892405,2.75375509397525,2.94583702729345,-1.12328308789648,0.992397405588857,1.3896904354718,2.38310451043264,1.13400063479317,0.616344949099465,1.84337341037971,-1.36066805074057,1.3960896772274,1.49045150462192,-1.32002211088517,-1.98183534430015,1.33693448270642,-3.08902039305567,-0.70117739171692,-1.4490675860496,0.114229363315077,-0.821843519334565,0.436728566624461,-0.382147548375362,-2.6828035976499,1.28693954781605,1.84534788002019,-0.248158797171348,-0.947826054545713,-2.22935706388962,1.31031238800839,0.46893197616537,1.41032422456,1.15690449574159,-1.22275326860944,0.900532969563282,-1.63627343512611,4.77038473627774,4.17223105217577,1.11967249207417,1.45154215988887,0.988945124885824
8,-3.01536339401046,-2.821700315584,-1.35305984477955,2.32944743025855,2.11265753856002,3.47428883093232,2.40204679650482,1.67855794636334,2.51729343485545,2.95357897827185,0.949239990117155,2.76550951675522,1.86552020804743,2.28963107541689,-1.35772455237111,2.02126317321903,3.27799287104115,-1.83283825824045,-0.362979739978899,2.37175215475823,-2.63764042930523,0.7427756280959,-0.320122329887063,0.40591262017254,-1.61784866922743,2.58564016827741,-1.39495937321763,-2.13645309880577,1.34117650524112,1.36869266646343,-0.2367958731534,-0.0701840086282189,-2.71526612596466,4.87416753192916,2.03919341452049,3.44462120312271,1.82993242388617,-1.63454626062423,1.51774950545976,0.18043316488033,2.02675795914343,4.09582230257046,0.185080813030195,2.19443822953473,2.98057839333742
5,-0.740173668255899,-2.34238682214763,-2.27975329151308,1.79412679680232,3.66334790357933,3.24556696860231,2.65199428394614,1.52796570556972,2.85713545855098,0.841597650695859,1.03826532480524,0.770621267706276,2.32787432810869,1.94135055075479,-1.99228092924704,1.56065982449175,1.44371338659706,-3.04270224687122,0.0291841603102903,2.59276883647387,-0.607908516553567,1.21887257227279,1.02521089079446,1.86450872964877,-2.95664303125399,0.548336781189547,-2.43973921637079,-1.76885686787542,1.80273759184692,3.05461461212842,-2.95427267710408,-2.55042259468865,-1.74192486950869,5.76623034908159,1.67126595047932,1.1942221123075,2.74413721292673,-2.82365212619618,1.79615119569573,0.339929111217963,3.06258598509484,2.06762785816,2.59996714717731,1.82331085119324,-2.7964553899983
3,-2.04634860946808,-1.98711623741463,-3.22861399845741,0.992435830783818,4.62870860973116,2.32723877455514,1.20124354065661,2.59237545376488,3.53365904406933,1.91131346192593,1.92405062232337,1.144887067103,1.15110162057588,-0.117913420831837,-2.33758779211647,1.33396955903656,1.80009900753664,-1.38299102966167,1.68357843978845,1.41878627858531,-2.43260594722337,2.25921114331886,1.27335392693021,2.81185042444753,-2.63219419359908,1.53468538991254,-0.421449714603964,-2.58378944283831,2.08066610588985,2.54302204898766,-2.5081253656072,-2.19729506525861,-1.28072090872751,5.12877222393902,1.59033137499643,2.67488445782103,2.3876876880414,-2.47046197279244,1.35292029914576,1.65859282162215,-0.943709889250264,0.936742164969778,2.17077608069199,1.27565065566049,-0.344204917771955
5,-2.60034995622623,-1.43952564939843,0.113459557040114,1.24306697575688,1.15121684644618,0.667791584652878,0.314253059029355,-0.765462461503558,2.61444075641573,0.708519238827148,1.69454604025342,0.808791066592766,0.639296078277161,-0.253058148506837,-1.42549722697002,1.11523304656605,1.23826579627493,-2.73106736487476,-3.13416164203753,0.972353923415999,-2.2344201224461,3.69595612680132,3.1139338711622,3.71354181429863,-2.21703754695549,0.911707049532027,-0.919743278456568,-0.767689710694195,2.11643907900947,2.49658713725648,-0.108773739627958,-1.20066567272817,-1.14508987218844,5.02661982281441,0.802652448829664,0.811954097916245,2.74579704898913,-2.1938119681912,1.10332495050209,-2.13707306820392,2.86018419247902,2.44858597731419,0.189593218149474,0.565506476256108,2.34523113500169
3,-0.788312406755041,-2.93153799311155,-1.8132194695508,1.3443211878719,2.43059332077254,3.81229273530685,1.69864978953122,0.5995455204292,1.51846823985871,2.47583382170431,2.65059905402518,2.12831239445146,1.27348968055857,0.724668702583367,-0.688629088593959,2.44868420826971,1.5906770992615,-2.41671472393317,-2.16819008294242,1.78646336739761,-1.28764525299146,0.347681351612155,0.528131016180168,1.08633483845594,-0.844073323025175,1.2785865432709,-0.597148530812877,-0.885115921645367,1.58044254129902,0.420378276313998,-2.25451177187609,-3.12310159218057,-1.35394609354843,3.0504310892911,0.86579344129014,3.97371164380763,1.16853238203206,-1.35145766963411,0.99035666355582,-1.15930714495404,2.89372176853535,1.77008759725998,2.14439605756338,2.67168199238944,0.350760084661886
9,-3.44559908629878,-2.85333973190346,-0.352158993629162,2.05031782028995,0.410921019652574,3.49554521295333,3.01657621310826,0.541119118876301,3.15648621494974,1.66627694104466,0.322067133189022,1.95985792648694,1.6081931142157,3.33812054970326,-0.471852389346453,2.23078518382281,2.24804053399461,-1.30761661613289,-2.73761754337263,2.2043727839939,-3.56121334402644,-0.0690824226118097,-1.1867892460396,0.801125290023596,-2.14374280427532,2.41565073670246,-2.1779353194624,-0.993519850095941,2.5386215429407,2.50033965939489,-0.65516215052562,-0.796460339126605,-2.5933393021995,5.37851826875757,0.211289958223114,1.93204789599359,2.31807130559506,-2.17277258025919,0.271362177097472,-1.33102247870261,2.69591985352025,4.38538071322616,1.00841686799991,2.05435356042556,1.27621073761194
8,-2.68233169027941,-4.14106764133482,-1.80112520044407,2.17973383164953,1.44402283972808,3.18925538155069,0.883501522536313,2.47456966173129,3.31277956406548,2.03043505259123,1.51320448584707,1.47504959472025,1.37313730816351,1.37603778882927,-1.26255971928636,3.03269311962591,2.37750726760106,-0.03401944065454,-0.406386126289958,0.707517156053812,-2.70162723510482,1.67132441223744,0.984733677854331,2.67296267348511,-2.49881311480298,1.49172950062139,-1.47223045287221,-2.81773132328042,2.98331805227523,3.24974888075583,-0.988411035677992,-0.0258941307040418,-2.20145542132052,5.20252162741252,0.298006729559043,2.5452460706825,2.79055808307233,-2.25474036300537,0.560624134654171,0.2414351439385,2.18992344012159,3.65565392150262,1.42860499179277,2.5048885077155,2.03891688979274
0,1.11617344982038,1.21990711340876,-2.78189766807926,0.0967416376195709,0.414237242982008,-0.583990827986952,1.30424703757816,-1.37728860248448,2.0648515954506,-2.36855867800086,2.85120007818058,-2.1238500440364,2.15293977810949,-0.865967050762672,-2.55350650761281,-0.701080105500965,-1.01067678569317,-2.72408075620377,-3.14478652474674,2.93105783738005,0.826605064774044,-0.367614099681018,0.217095290395193,-0.953488678949809,-1.74896310863776,-2.3646510617938,-1.81413332035747,-4.85398157420959,1.89481630245659,2.11465918581998,-2.50156649669016,-1.51647726143218,-0.614426069949453,2.41133110824884,2.26037991415739,-1.84549798098049,1.88633952136242,-2.25514615491384,2.55028028746454,-2.38723720638523,1.17738649730741,-0.849543861511603,3.59259184099355,-1.53959487114896,2.12033330873112
9,-2.59491976273221,-2.85112787323237,-0.260257001463452,1.41893900487361,0.0510162362907656,2.06773315245634,-1.119991889273,-0.881594400658855,3.31389707068314,1.92914016644281,-0.804266049412832,1.63366965002383,-0.817127596402223,-2.12091218497489,-0.217365062464845,2.24386099682104,2.71679199400909,-0.753964976207751,-3.00960103249043,-1.23618667518886,-2.26728794485981,1.14565518280599,-0.659968777441997,1.81302517525835,-2.60818616668905,1.82733379979395,-2.01437813964078,-2.22918553366947,2.19658381248847,2.94834261288695,0.72847098294408,0.6231954531349,-0.0024844998117582,6.24369976236311,-0.41447063670541,2.60158587190163,2.55464674066413,-2.94266263906506,0.451846187085045,-2.60510337561075,-0.502421846448383,4.73173491893569,-0.285248275877857,1.57668706220481,5.74170417218284
1,-1.76353594565408,-1.62507393821325,-1.89781070310675,0.773231558808496,0.442960468374999,2.26988872534025,-0.336510650815737,0.208002642037436,1.35854048226843,0.586725979562691,0.851153483879407,1.11809246638293,0.985998950800397,0.416273597007942,-1.55958798496076,1.80407752650534,2.4160319004863,-1.9615273110556,-0.222393581056835,0.824929115084219,-1.88582243197118,1.7933318680586,2.19426627672575,1.32503019845978,-0.43181935732503,1.76196842850362,0.548940522137289,-2.50937107296875,0.0367515674680194,0.399076527431158,-1.27225978445649,-0.431170065032472,-0.930854558802182,1.28195890273102,0.930239056421013,1.53117670110796,2.52481003491812,-0.195112715737639,1.26001042668999,-0.21710549946089,1.93696402972901,1.04296207334478,0.925266163470676,1.10251556497955,1.28096496443334
1,-1.17134530696217,-1.23139371584119,-2.75161164757077,0.618704620401367,0.908763700858122,1.6688159359062,2.83837837549604,-0.516259649340873,2.6232016017711,1.81037390541476,1.72563034033928,0.30163909617674,1.59776106821504,0.0177112205023801,-1.88151975801584,0.951701545572783,0.727360529361049,-1.56168930621381,-1.2998656482944,2.38963959539426,-0.80060627752767,0.284839600282656,-0.0397353517400443,0.166248574864839,-0.645108543125917,-0.160858374814173,0.763971732716787,-2.51946859099265,1.2168385740008,2.12997374322948,-2.51387444946434,-2.60832448317764,-1.11479378317213,5.2806918617286,1.61782144072111,1.61836245634729,2.00052845380083,-1.49049968712428,1.77487693838538,-1.3531154660105,-0.0179384013859578,0.8652061724242,1.53104541369375,0.3298612962496,2.11568870750885
2,-0.408649761522881,-1.85891221909331,-2.44455642025927,0.755021725790145,0.673921745493909,2.14393316848556,0.0601000961928448,-0.998412771326316,0.703190153543724,1.37145240699934,3.12394849005065,2.17605379519651,1.81888027559827,0.138105070685364,-1.97418927764785,1.95629199966565,2.93143392484829,-2.32380926836335,-3.00015170578583,2.70071075313227,-0.360098329293369,-0.983029206577359,-0.842094573086533,-0.209384218366781,-1.07257510496722,1.92108039044112,-0.488590645533219,-2.36366308361957,0.865189088110416,0.548080053853998,-1.57454553044531,-1.95244788349724,-1.18888760004869,2.04733646229884,1.36130844745294,1.63319003094959,0.892590898089982,-0.545920681677587,1.77081717468758,-2.42964078331226,0.91897438248622,0.823199354955396,3.02137589557856,1.43972528817895,1.57951912505999
3,-0.77405945045165,-1.37406265275992,-2.59181416105657,1.00302148126336,0.0660204013300564,2.18356466590625,1.18472394534282,-0.133236919236596,2.27618937716992,0.0671615675562197,1.61173433910146,0.13465903616669,1.29312182702724,1.58083353989232,-0.0517811487106253,0.70861831598959,0.786746922660809,-1.43695810095782,-1.70728032404313,2.13062130141294,-1.00123724933803,1.72271302511386,1.76495578995192,0.926085278144583,-1.83615996718178,0.0251676346683498,-1.65209960570365,-0.488454936230302,1.68451437628522,1.50330774122085,-1.44701862256886,-1.17669987850739,-1.48952227036496,3.73012757097243,1.51191038191267,0.228374731557888,2.44069316772702,-1.73840959211884,1.17818469531817,-1.28867365667829,3.0802482052283,1.76683959199132,1.31052473146674,0.547285126711299,-0.761232036850491
9,-1.5846494911747,-3.24949338622814,-2.65284770676332,1.7886398293024,0.537955887468137,2.81844375094629,2.00308992909372,-0.554042358300694,0.276653645406585,1.87177049609881,0.640945564250451,3.15645564494236,0.217263996944318,1.97901280141202,-1.45985848479493,3.05040051996771,2.5734537257268,-0.12026416678094,-0.630331283274847,0.915644162930477,-1.82429091766487,2.84349526936979,2.15829003899471,2.91237684242783,-0.39501122047169,2.80797461209746,0.0363903882536994,0.0065130890474167,0.635110156941939,0.488566721120315,-0.605722669216273,-1.33627895866555,-2.12720256848289,-0.849334331282025,-0.622031778368343,2.6614282425027,0.607791133053578,-0.647837548000444,-0.836974711522714,-0.271506790478794,3.46545862090814,4.44209501693694,0.582965516345864,2.86484789470543,1.07437669655331
9,-2.60332858459046,-3.23041930176761,-1.86018853535426,1.81046630592742,2.58290381469311,4.65673671605011,-0.106907936686704,-0.664548465165143,0.61374718856307,3.15024215685286,1.41615291762349,2.96967934375165,0.783269654583394,1.29596894429663,-0.999366162189385,3.72015742429008,4.23041260765943,-1.57500878960358,-1.85611371404723,0.510900796504991,-2.63371128372668,4.02463860284164,3.65274977955693,3.64624138489868,0.0380105488430766,3.38746766537064,-1.0089981289139,-0.208688763049974,0.754436934211622,0.745357759191986,-0.987925140754544,-2.14444650481163,-1.78358245302446,0.510236503086815,0.570383007410181,3.39982506774407,0.643133728962525,-0.0544812743498549,0.968833283212783,-1.76612512912217,1.7354998309441,3.96290745240257,1.4997198847529,3.35632550627525,1.71084510467795
4,-1.50255627169234,-0.723030552407995,-1.54828479057313,0.262764828573676,0.819807457552488,-0.121834746288489,1.8912306414416,-0.250772751027582,2.30435165776985,-0.572922333697826,0.627754789426781,0.308092059931732,1.87799975652211,1.11570080566903,-2.18516517492057,0.13732633055533,0.132509290803387,-2.52982437006157,-1.54258251651503,3.23057207625467,-1.71787370458702,3.46097030868656,3.57504920629595,3.11325517204063,-1.46236448914978,0.158838621814469,-0.471237838283669,0.215731966949771,1.16919034348649,2.12255492707112,-0.955854191010895,-0.811247909732631,-1.09621672234314,3.66836877883628,1.39224534536745,-0.332706297006032,2.74368544898574,-1.53754213799489,1.88402949004372,-0.818798294760173,3.84333603766728,0.94907608026523,1.15612399380628,-0.231329337318515,2.72129497980454
7,-0.725664236243556,-1.38576058756409,-2.55846063254195,1.06990095367214,1.69646827241359,1.56598438350803,1.60892979834689,3.01967838501755,3.55792832493709,1.22512225364643,-0.568750517336462,0.476411629506593,1.16895973322432,0.509667435848613,-2.50903999766943,1.57753763212177,0.155550732040423,-1.97276951386102,1.15208403998568,0.713839419575612,-0.670499114975114,-0.735032055574615,-1.89425671221772,0.282522397799561,-2.21124067752185,-0.0834611447426707,-2.05940973210613,-3.5581815188656,2.55721443384262,3.10538111381398,-0.64583262067798,-1.55363804410033,-1.02644024346129,5.3637968047443,1.97959212501748,1.53626104292406,2.74767738953518,-2.13790094828051,1.46969628606228,1.62319254540237,3.42520606798605,2.10390663652678,0.578334839429204,1.02078695210922,1.56225643535295
9,-2.38007970506087,-2.99343199576523,-2.40123554047768,2.30399717929175,-0.0418108820869498,4.12091988555238,2.1704279523237,0.687458375529426,1.87788146386618,2.33463401873879,0.208793685494065,2.44459882437071,1.0869566247519,4.85399489404272,-0.6076641167117,2.53942996161773,2.5372860103565,-1.96013090983911,-1.27951649730304,2.80238747014593,-2.3645336045446,1.36639687096502,0.264224065555214,1.39262544770637,-0.28412042027863,2.17885966076768,-0.114053801326443,-2.57174262377253,-0.0883807117298056,0.430314290507744,-1.32063297054749,-1.57774732935538,-3.39116056263721,3.21752782241456,0.064324780375163,1.83877057552374,1.43429357371238,-0.410522305962679,0.584126068491514,-0.857325985270411,4.41301787445265,4.28656334375574,1.87754170779565,2.90246311493199,3.20282890846126
6,-1.61030745742119,-2.13805311285955,-1.74657626679162,1.27243316368302,0.428246110327274,1.58294912848371,1.76046936414201,0.718757318600136,2.384293570025,1.21435373616963,-1.14381229770669,1.27184090620562,0.0569134956758908,0.211318985392995,-1.58745665634955,2.18793723212824,1.57565912915895,-1.39326955833732,-2.71181327645363,-0.311953116030332,-1.5071138423761,1.8676129746545,0.599406564991909,2.11316958343874,-0.893306672486717,0.729519072968048,-0.67364886113703,-2.17544779103106,1.16483791894146,1.29374477717462,-0.744660455826625,-1.56569592108011,-1.30033944689551,3.9275672809133,0.255091371074803,1.06122788866302,1.39015272330732,-1.20125588158532,0.35477685281202,-1.70691565256136,1.8452175870136,2.40685561458457,1.54733045435179,1.3218840098378,0.951323214543357
4,-1.4072968267153,-2.13149101634369,-1.60403608793046,1.21954573015852,2.9354803919117,2.04301879399986,-0.171540011055937,-0.497436649805161,1.44495156996709,2.53375072628569,0.545257728766688,1.10970341744632,1.53372462698219,-1.62774990363015,-1.60828096909601,1.8432360525615,1.53413563825511,-0.388023726836203,-2.79648569567642,1.76868655627227,-1.20440127218352,1.44650317803754,1.00375746830423,0.951252818023845,-0.681637358820031,1.74545028162427,-0.661309320540194,-2.10005145185048,0.758800013522295,0.0432211989324837,-2.64121237364469,-2.18331583556017,-1.17168611049451,1.97001172479897,2.10345079090075,2.94565238765054,0.923898750353251,-0.722744720515536,1.62283997962651,-2.29195384467568,0.892270802911286,1.36848608721781,1.9194077331593,1.66593633372312,2.11089658888512
6,-2.53527735740223,-2.88380065799163,-2.09239379560391,1.42588638824846,0.751412063687936,1.70090246964284,1.21179386236371,0.624149962236244,3.2204649543351,1.33354169054713,2.49259543885879,1.87034887255952,1.12467832584314,1.46014280774541,-0.80934817725057,1.81101103255082,1.76569905289924,-2.38983126522257,-1.45802869484944,1.10402184186794,-2.053144831143,1.71514153028371,0.714807628938,1.25638013073607,-1.86731935336758,1.67151593825226,-1.26474730482513,-2.81218374844821,2.02858962401177,2.56746600149835,-1.35119055597911,-1.86965292012353,-1.71849655005873,3.72329384104953,0.193025010418182,1.17796410819967,1.77711432609426,-2.09106239157053,0.805475434825461,-0.689545189127084,0.724816135541351,2.68080124752731,1.00183457891307,1.723893902852,2.61552767659797
2,-1.86479237855331,-2.79304042538408,-3.78731252453739,1.11821607813434,2.99356223495683,2.36823280422068,1.48771314360126,2.95214303553063,1.9003184377031,1.05778418613296,1.39735163345955,2.07989311343853,1.86919082483668,1.26370625079112,-2.24507000398886,1.72802004498717,2.09090209971343,-1.17600478576066,-0.414728419268269,2.41231951923429,-1.87633116864157,0.139551205845726,-0.0714932068586908,0.421724149457816,-1.5165971972797,1.41012508329243,-2.93995336738699,-1.80780981536356,2.46349093418971,2.95591088368663,-1.84862272716991,-2.67783632891275,-1.99563885196006,3.96633899394844,2.5867392272559,0.648695130344404,1.57227332890866,-2.00819192046779,2.04303429775653,1.14697959091786,2.77743814248452,1.69058946585506,1.88555616530241,1.60943607278884,1.38407982914894
4,0.133616742078608,-1.19422919019103,-1.98903850677366,0.899690819201808,2.43191363110286,0.951596131075904,3.77904155104848,-0.319527814138323,2.60877854639367,-0.707518598024059,0.526931832599424,-1.09962288379877,2.12487733377948,1.92137209776774,-1.45859271425198,0.0030789083326995,0.229105332542358,-1.17104530878302,-2.4774058164196,2.21139449736587,-0.237919772790975,-0.109083698581176,-0.400685233906634,-0.550573865752675,-1.31138160343525,-0.968268880340604,-0.344176427161813,-1.9311389097566,2.03690335220979,2.33770137439585,-1.85886545259976,-2.04720749864378,-1.5557933428998,2.26791259888411,1.32149992504903,-1.29205448853125,2.64788802651993,-2.07500259698379,0.87103635586529,-1.92316382084801,4.23450830876463,1.33508823855474,0.96153505343728,-0.467756061093947,1.9226756891279
5,-1.06429811300174,-1.74331076063553,-0.215720443130019,0.6961699130041,2.3660842023274,2.12415238397706,-0.353001612255196,2.36424722051804,3.14394737631966,0.560029651102813,0.808424695752631,-0.40475694511647,-0.036007780712312,-0.989970568009723,-0.14915408881485,1.4264677464148,0.184440597162953,-1.88278972741684,0.0682058626627344,-0.56053148231948,-1.02810815482125,2.98657830031342,2.03088023835695,4.29321954103517,-2.77512326329588,-0.724588477645151,-2.05572447326045,-0.366894006708147,2.6242624399833,2.96762309321378,-0.710316752100854,-1.65951167487312,-0.709242699069474,6.16123589815242,0.116718758215648,1.06228630989521,2.62041818634041,-2.34903928414323,0.391913016386802,0.820285719387128,1.20697377861362,1.78632206411634,0.275406834399142,0.53203799631834,0.68945970390737
9,-3.45452666530574,-4.34731722184581,1.25427521321272,2.10200879567069,1.67061994355337,3.77219554835569,1.95766609869958,-1.04136110008433,3.62305191721343,3.36609816162938,-1.50353220713331,3.70953531886618,-0.371601440715367,1.0635452135943,-0.0063900223156732,3.44626196642472,2.89647936705367,0.641104275238228,-2.28986623784425,-0.920342488933964,-3.38295352814425,4.58421669947043,2.72316648868073,5.47540330639968,-1.85816798655831,2.45914649630383,-1.28998622796867,-0.810786972670519,2.13071976270962,3.4269178776088,1.29127905308755,0.427931338278104,-1.7950897799613,5.0389666736384,-0.757980676086263,4.63846682100488,3.12222982166981,-2.05256274837449,-0.771499709684699,-2.02189791793579,2.58424081011209,6.34303222356109,-0.499887215827335,3.34233803061284,1.31059660068777
9,-4.22939436907611,-4.0178972866198,-2.27960166118984,2.83576960074047,-0.0787194360819441,3.81027167387495,2.00741973103031,0.0311038508636877,2.53079970563534,2.78900143892578,0.0424718034970584,2.42214555409337,0.0513630861639407,2.25701540966128,-0.595834283925629,3.15076178301259,2.00641304011485,-2.0287927222128,-1.63975878638874,0.508199619629835,-3.83451305766491,2.08785182457993,0.7194922752999,2.3923253791653,-1.8515851229289,1.38223949484676,-1.38646274818339,-2.65363734785317,1.67137100325702,2.76784807096478,-0.850140993653873,-0.795994900915723,-2.76624233740733,5.07498119326702,-1.41751891653837,3.00736292266772,2.89221514597667,-1.86582620653932,0.0625214238116031,-1.08133043965011,1.98159005336557,5.09787900784211,1.04232081886482,2.9777921189169,0.0405662174901901
5,-3.79925374327341,-1.11700553444319,-1.94130153262275,1.29742550006525,1.4266254304932,1.59576264752391,3.64350714559939,0.46786803680563,0.702800920663043,-1.08111945361277,0.484935816777831,-1.30200123694606,1.25373164664875,3.01716653506485,-0.300845428574025,1.27398188752279,-0.387179574942913,-2.38077949271132,-1.63403982078134,0.674150250476443,-3.76796932975748,0.913189745124632,0.862126031054265,0.627645162459839,-1.2540301088555,-0.944722381321976,-1.31806980650224,-0.874087619313098,1.59908331248958,1.51692141559192,-1.45109181612233,-2.30873121524862,-1.42394528519792,2.86131366396998,0.0056337371049307,-1.1250706834052,0.105152065952787,-1.27079023735431,1.19277570953436,-0.835867255562941,4.16500511811525,3.06486609677331,0.895139746700669,-0.211287382489825,0.800351796104806
9,-2.36819832963998,-3.38799125216636,-1.77464897753902,2.37752948687888,2.2432824258573,3.60521592309217,3.51919102290448,-0.263635847828996,2.37279828622345,1.14194244238148,1.18576118110699,2.31208856344019,1.15930182900162,3.82733516655584,-1.00633230272874,2.37409601337268,2.16679315149299,-0.908539766318364,-1.84461612525282,-0.4441369965661,-2.87434751525613,1.8854238436935,0.446033226647253,3.47735861357377,-1.53708464203851,1.55348802577975,-1.24896528798278,-1.85474851380632,1.61778091352731,0.823157345845349,-0.417716798736577,-0.952072655630913,-2.5941207348748,4.05057577784225,-0.547502203331975,1.12239149533689,1.88575603822319,-1.69674135434063,0.901279039285962,-0.866436580119848,3.40590777642808,4.4182569996719,-0.0450818628164029,2.07099839302398,1.5131706452259
6,-0.330471090287778,-2.15607756381119,-1.83832855743228,1.5873130475212,2.6420493047049,3.16151728700425,3.82435294654349,0.0990446383761752,1.27121469167698,1.49891488179381,-0.170121540738534,0.897819677423656,1.3394325573195,2.77515796484912,-0.942540268416206,2.22066891477591,2.40825545612194,-1.43719399148995,-1.88985824479452,1.6630375344063,-0.296304178125319,1.35399158328651,0.79360756084167,1.35287764680802,-2.03117140012414,1.27299236628347,-1.85234441576799,-2.08330566436608,1.7589449349945,1.42514942782117,-1.16779548980411,-0.882653012506386,-2.10789844383694,1.68352469243961,0.536341878341418,0.939232459744218,0.869683701232466,-1.92206803808877,1.88249095379945,-1.11614153306925,4.75346668596149,2.52763362606105,0.613099405201057,1.62000634417254,1.96435984054576
0,0.0935859651919922,-0.286462625404219,-0.762618482231671,-0.23025501499228,0.712051300144179,0.259075334725181,0.995493244747217,0.974523899907035,1.37033447213233,0.996095125532936,1.06579834548806,-0.839432110149165,1.16845899333999,0.284444679145363,-1.9843377155182,-0.108779011593889,-0.691423324687103,-2.91262857490503,-0.674707723956389,0.736147698661962,0.103848002603982,-1.54561116302288,-1.51528503166211,-1.17404082516198,-1.1950377037963,-2.1626494987543,-0.360084673909328,-2.60367970652544,1.12849906441159,1.33287556197043,-1.82250199049126,-2.07310471752572,-0.206329163037282,2.55234028202083,1.2734918984173,0.820438193072927,1.45504034327358,-1.20622595874865,1.02795727716039,0.088667347921346,1.98728764425418,-1.42894845276821,2.49490573349547,-0.385447459223499,2.61820217256825
7,-2.57441117286042,-2.91852048532849,-0.946758744268085,2.09347212824898,2.66929248557147,3.1562239679463,2.20663948201839,0.94869147130758,2.78347041408293,2.245929526828,2.1508255038769,2.30483230995601,1.58065036850134,2.12781014649647,-1.75331064436582,2.24515492051746,3.07589662519578,-2.09768894023106,-2.60464496462188,1.30462687142974,-2.42882459113971,1.23083130100367,0.39630763174476,1.49637308697571,-2.19465541851996,2.31444590034178,-1.44045167859691,-1.76240118686377,2.37325684841234,2.3197373982805,-1.03590080124633,-2.50045516034788,-2.32861220077473,4.55279959120391,0.712564114142625,2.06123871036853,2.12039859514981,-1.99498431361948,1.08904269177841,-1.43152682576274,3.4586835152454,2.99935727751857,1.45379028736005,2.0888039507169,3.09472285080692
7,-2.70416066281585,-1.60620709128386,-0.245199415450262,1.47203471151913,-0.688349100432309,1.30975024967162,2.48229214676391,-1.24371152223844,2.10058064353173,0.239760374766516,-0.23648728194225,-0.769216551976254,1.29202479340611,1.96503348416849,-0.577305325618879,0.888613965019517,-0.668818148441072,-0.4836573853207,-3.25255088264544,0.700206251786913,-2.38096333330352,1.69140639074437,1.01963872636976,1.81596561057693,-2.18223270751801,-1.23336370785979,-1.12136848202166,-1.60337633049624,1.97731546673851,1.87896824773913,0.540536448874128,0.960831982088587,-1.45147700822878,3.20369792477813,0.536095696370066,-0.279445719815459,2.53165122142588,-2.10807105685721,0.723813209788091,-2.58021529846521,3.75059433580416,2.99526039687799,-0.227834048596416,0.0207088426582224,1.65502232514921
3,-0.885331624185483,-1.78589143283358,-1.61362555667902,0.754761769901496,-0.417592411008159,2.68456576260308,-0.587582416966192,1.16335269934763,2.54107158036401,0.616434061537902,0.775027066641532,0.883532111895156,0.873381301876099,0.84585137337748,-1.48395098467392,2.29398510143418,2.03340646126621,-1.60293807462537,-1.73209927295754,0.302788716610092,-0.831279929983975,1.86587429977057,1.3519478522731,1.84247722460069,-1.0329460078104,0.960392822872566,-0.45617182016314,-1.78815902780685,1.57817198174164,2.7139611904522,-0.459389780990848,-0.964103536184047,-1.10886155376611,2.20983626576288,0.533352213992562,1.75485518520168,2.35702877295642,-1.47213967196517,0.324070096889671,-0.610714574476441,1.88105302792644,1.24099863063101,0.174722517355436,1.30248576014319,0.996569193373415
6,-2.57891541333094,-2.47529451837111,0.155906482367299,1.64167978898979,0.633935667451876,2.61406649594165,4.35143461333701,0.195199343666778,1.63834767326396,1.39516234707352,-1.14591187217017,1.31237386346046,0.120822496547788,3.93075545302308,-1.60745755737116,2.20636936922537,1.81691156410676,-0.826297327024584,-1.97128375932302,0.597636644982499,-2.88052662683238,2.70816010735189,2.10398868863595,3.29779909320494,-1.55124659852985,1.46975029650024,-0.772869392435008,-0.903530990322405,0.380762484607929,1.14106250694585,0.280622872459066,0.233744885768791,-2.00553628168148,3.02289435147499,-1.64970514782028,1.44177335073284,1.52126266865898,-0.490526498826123,-0.645438309468197,-1.09868901823159,3.70604985526937,3.30370429281434,0.658872927742621,1.32137512219164,-0.178179906258763
1,-0.0848235411815336,0.486619052889745,-3.94271851051273,0.721662386772155,2.47120189712804,-1.00113569473427,2.02580819684256,1.61818454848075,2.86196654788253,-1.84819329961569,3.83058955079715,-2.15053683087498,2.37583807503204,0.763973482881078,-4.52526275713775,-0.532789025595692,-0.586308901706893,-2.69463983358203,0.208763934695761,2.30721250956901,-0.203395170581666,1.01944503037791,1.01304958709915,2.38819825110664,-2.31329907209509,-1.87922514832287,-1.27732061915692,-1.95959447586321,1.52412760143427,1.88478597037561,-4.4017962226472,-4.56382151468228,-1.40398219053578,5.77363643222372,1.86494385307809,-2.68443175302657,3.26380243411788,-1.91822993188095,2.91055178196166,0.405584485661463,1.49388237060063,-0.585338275896341,3.61745075808667,-1.25520393332537,3.11476166006191
9,-1.5783240907404,-3.96227204621392,0.590455100372314,1.40066147335561,3.08645453094612,4.27113374410321,1.82945586330781,-0.956936589556146,1.96092926554696,2.95997832876777,0.929353597234927,3.21753326528826,0.520340373288017,1.30527432870349,-0.734668334157622,2.94614367603539,3.62418891159282,-0.330722862242984,-2.8580301604707,0.309689596239523,-2.16313763412092,1.18788152288317,0.0661545680338009,1.61789555309511,-1.95738088853208,3.13241839380242,1.0482736267591,-2.26997673348308,1.699480070671,2.65305338654908,0.4387647223365,-0.476722362682732,-1.84851062988782,3.18488515462907,0.512758919935603,2.89816946747267,1.50463328833844,-1.7094493977087,0.0699354381069809,-2.09459803559309,2.98891460554185,4.32819529098367,-0.881349336555116,3.18335487582588,0.843931433964871
4,-2.07022101711267,-2.00100556120814,-1.94859207850868,1.37516587912782,2.61088976084375,2.85173088651823,3.00535978691108,0.149423547791054,1.53649233978954,1.92395352689302,1.30693218505805,1.25228858783911,1.37778981408583,1.36551151509728,-0.455593119479425,2.3828802354519,1.47567075961208,-2.1802531140599,-1.43808370183033,2.39296425166086,-2.0780760740575,3.3391178596319,3.55700254559242,3.43728950960698,-1.12976691786217,1.22467977226122,-0.759211956645521,0.398723984341096,1.11461983796041,2.28768603416488,-1.4212131069832,-1.55029770631439,-1.68658752249784,3.54576298587621,0.648278374278535,2.46743379028189,0.565976256003504,-1.35987383258887,0.889669705195138,-1.04900691156127,3.18393090003133,1.39084136071582,0.512953508471443,1.60379148011993,2.17651253766533
7,-2.75317071512323,-1.98249919580272,-1.02018934559361,1.52814789365037,2.50413551811323,2.84639743154976,1.84373276878402,0.0270011788752461,0.812866751412465,1.61589821720146,-1.02288974022077,0.942330228939247,-0.394635474733711,1.31013725314145,-0.0351750945214868,1.84059191134759,2.03750361178637,-1.51987577707251,-0.783608813758379,-0.951221767669478,-2.82791760952734,2.8577554857368,1.68668718784971,3.01219486674401,0.266610615762087,1.85451547259194,0.100982889515619,-0.695023131946584,-0.555987947036867,-0.375818060865462,1.22884231409806,-0.0600565732530055,-1.50124216831292,1.33622762005658,-1.42968084138022,1.30356462628755,0.786278004916637,0.195511856106508,-0.150766781384948,-0.68506818995024,1.26561249300967,3.43709720394223,-1.20299862088627,1.68595799174639,1.9273741333386
6,-2.4175569064323,-2.60020792071104,-0.748830388111355,1.66360249536663,2.90596748789659,2.8686932106775,2.9053093647334,-2.03798760899089,0.923566141158477,2.10712232023284,1.96051970457451,1.60669963138281,0.980301920034168,3.49373658300749,-0.752988764963156,1.38115525354363,2.1744550796813,-2.00659996092076,-3.49355128793019,0.666914445246546,-2.32203916471187,0.664418248190038,-0.13420550477511,0.990669608609805,-0.735608511074228,1.65245922770147,0.350192783489984,-1.88242040061005,0.798554604867323,1.50313360606811,-0.943371468173771,-1.82668318003066,-1.8750988453908,1.16153156533388,-0.792422844273933,2.48297175604695,0.900530996574671,-0.814614464886425,0.42792492054619,-2.43993783969465,3.81177692162672,3.15425783202787,0.869626966851406,1.80568020629318,1.82866082906379
4,-0.912945903554073,-2.10376709158983,-3.46491779035443,1.97172458996458,3.22173384157096,1.5234139857159,1.63503017555923,-1.43361870843319,1.93107793635811,0.297730427004985,1.63655172978072,0.179574703807452,2.2496093966664,0.232863329047171,-2.27096943971833,1.13597760674959,1.81821073450437,-3.57502553398226,-3.6148366439165,3.08367746229724,-1.01010017296971,-0.0849770412576587,-0.209582919408481,-0.14246629726253,-1.19359413712137,0.407140022402539,-0.822343300650465,-1.77271378546227,1.14924097775366,1.10675638226743,-3.08647694117358,-1.70740714621618,-1.62183846823508,4.87505448413679,3.04468526235257,0.663773636147214,1.43620937972255,-0.994732534548954,2.29130186689508,-2.92410828809957,0.0462642904382256,1.58387811522721,2.58284359106711,1.14813344707754,2.00281021702569
1,-1.18804419163709,-1.11033083132879,-1.49806614955587,1.20882453849358,0.707817522084415,0.160711272700644,2.50229205798698,-3.22792194920337,1.59185181637685,-1.14171635143572,3.28784271957092,0.0542557720700063,0.210804282766068,1.74788182106014,-0.769826769064178,0.347399311817034,1.80586295627352,-1.58544511377625,-4.47054580280444,-0.445778097180513,-1.52324361293759,1.84667829731846,1.40003173632687,2.61394796261164,-0.934764742077242,0.782974781367612,-0.301763904130783,-2.39027010561074,0.919156324725949,1.10243959603928,-1.1106154482668,-2.33579146932492,-2.22824162046583,2.59034529010499,-0.683199042729149,-1.26326305885578,2.59239138251467,-0.785691001142564,0.408201385254993,-4.07203627261151,1.63150641577973,0.528608004299685,1.20810148692948,-0.129089951177811,1.45173172333127
3,-0.193947533940349,-1.19340056509718,-1.39098059868006,0.891765082907777,1.8419403580587,0.0652367777571702,1.82511680719441,-2.32724852177306,0.736914288294606,-0.222353667755791,1.12424407845795,0.588553086341517,1.2250954266293,2.56904990754415,-0.258135682775033,0.356199896913308,1.97663737879683,-1.51896344715032,-4.44488612353651,2.47275070045415,-0.187301300088734,-1.09912499145376,-1.48624752561259,-0.843734559096786,-1.57843670484675,1.42049820068458,0.299870019807456,-1.48512800142139,0.817680295525973,0.806039335709221,-0.861838240617742,-2.10172020438166,-1.99019473223397,1.76995010096062,0.107119487788587,-0.69202969234581,-0.0887029720912849,-1.23072136003,1.41965049262041,-3.88367949454156,3.03641481027627,1.44484799109315,-0.534601759281993,-0.119638462365222,0.789518716530257
1,-1.02227242611376,-0.0455879421465695,-1.17454886184267,0.826658587278322,-0.170415972545504,0.0419251348725698,3.49875891451784,-0.112438208871364,2.2197442256003,-1.13018199184829,0.129887862822275,-0.519974972970532,2.10448779173446,2.6514922275884,-0.212206841512481,-0.667582619004802,0.618267072666426,0.325585769790144,-2.47550106672365,3.05023047699726,-0.792797364019785,0.401530417838875,0.543452283646508,0.722432609087195,-1.68375663307533,0.21925462210448,-1.01260371292529,-2.80731963375634,1.75755937020422,1.84046818763919,-0.323173238096434,-0.818101211191614,-1.14617650750758,4.73097297603438,1.28823885881199,-2.06247154962262,1.96877404539526,-1.48304975365766,1.39840572991719,-1.78448462417543,1.97691843523073,0.705647438803276,1.11556877930479,-1.00115213989841,-0.972661719190135
1,-0.31249264675449,-0.232895509621771,-1.08545839064313,0.852967605796477,1.76578293794526,0.962382005946965,0.0804995267621835,-0.803629984300887,1.47662698429165,-0.560300137310054,-0.0558376811959593,-1.07903659586325,1.74571148683726,0.831704551043634,-1.69688515269576,-0.300538981523934,-0.277269057149949,-1.39494225392069,-2.3143806325475,2.87638368734575,-0.459833281026596,2.36811227624693,2.66252040767253,2.28272171581396,-0.695999614766466,-1.04824711836965,-0.100037412763082,-1.08879448246997,0.279892051264944,0.946505045504637,-1.07521816106812,-2.01120059460856,-0.87470177209,2.63799433244194,1.86002887517139,-0.371476050855389,2.07390316793034,-0.976458403609927,1.91713520972101,-1.46285184188932,1.40538163053193,0.34047494924939,-0.151513528243672,-0.342246262382929,1.68108533411332
6,-2.20223203775158,-2.02442661061724,-1.51300692344059,2.105526238325,2.72606508452742,0.832650244861457,1.56237218867879,-2.42463655925215,3.66525372109089,0.624942815400553,2.80737928599517,0.279645423169869,1.68086757247024,2.57122349101646,-0.990009220873393,1.00289726607558,1.33250588425421,-2.20238605188358,-4.65865813785678,2.18756158656609,-2.4714302658946,3.17054211213207,3.01581039505092,2.83572105547631,-2.18433063451724,0.104287608507884,-1.4962481063012,-0.651100706949757,2.66057379279022,3.28379747911015,-1.93813245087116,-3.71956638351824,-2.36682310037597,4.70304635311438,0.958020957974499,0.362924327785482,3.22094664949062,-2.57602755327743,0.950671471124089,-3.70736648666928,3.15209649311284,2.77261023118904,1.41191668172876,0.215998079699164,2.94913341575201
8,-4.02692118529619,-2.28198727369925,-2.28582731056568,2.27625013616908,1.05599462672297,2.00521493494265,0.462155493808865,-1.14649696855468,2.54984268141117,2.3300301111857,1.49804045339926,2.48161410721108,1.46481842056052,0.291994320269973,-0.468548052764419,2.9782198882325,2.2253964450429,-1.40703527706869,-2.90926318126665,1.6177687068707,-3.93772144150871,2.37013578761914,1.58714456982843,2.18745108476096,-2.59980163387486,1.73328014256709,-1.2968753797392,-0.977271360657161,2.22116032834452,2.56454775242311,-1.33781115052026,-1.35463711110025,-1.98595966490567,2.90979187552838,1.51712457742006,3.49731297306709,2.39634651796968,-1.67913307401126,0.531578521551176,-2.34180984786704,-0.0780518213902993,4.11268152208014,1.82844123519211,1.88871334643563,0.998435138384935
0,0.221779166763227,-0.532745256042295,-0.862435147502825,-0.177769312267169,0.994649047182073,1.86556829280624,2.33952534276282,-0.415318659318102,2.6673467848255,0.793121239207136,0.634878979161579,0.427931047937335,1.49754594114802,1.11408878831537,-0.406442436965627,0.821642477449547,0.611572231458152,-2.63766031707146,-2.60990523048289,1.61040591473042,-0.371388436234994,1.68859834815621,1.27218824888715,1.71324883069096,-2.04333108773667,0.524140645409945,-0.0300187419269917,-1.29730848249097,1.14461600644462,1.31479853385978,-0.827029796753032,-0.901893506510342,-0.754432411559318,3.8483292354639,1.21762163453409,0.449109372795514,3.30971516552235,-2.04407698644014,0.928174575581882,-1.51186855584125,2.59107058252247,-0.364374734117828,1.108384204998,0.699691055796417,1.53154795871327
1,-0.73630631305298,-0.716530417256196,-2.11361106132041,1.02824149657959,2.41002451445146,0.543236771991457,3.37298060259458,1.15615963418781,1.68416942602582,0.58985999869591,0.521713900716435,0.0650035218855671,1.80037446333523,2.07583547919599,-1.25942188172455,1.10871552372014,0.0917893665643982,-0.0904732249981133,0.116790412311993,1.73045975620456,-0.505776431879301,-1.57234454687762,-1.67099089036522,-1.99468972462674,-1.96252589651495,-0.812641614418316,0.136218437488102,-1.89561370878445,1.15049489174274,1.57802218124731,-1.58199163760493,-1.37653113589546,-1.50372964738897,3.33265498521511,1.29997750952389,0.162771512676759,1.17119826188291,-1.80132086213536,1.58237911544199,0.206196354115146,2.74981443410058,0.466475736988004,0.494557818605716,0.0680513790479846,2.65859087853379
4,-0.556675628248423,-0.97523131705909,-0.635530116329537,0.434951494554089,2.22975504637875,0.459845956446367,1.19540456920809,0.335833095088403,5.06705706488062,-0.84313594818659,0.722751354018111,-0.431353934446355,1.1678175691243,1.77809221799115,-1.46781322469675,0.0540230359333314,0.156277696815344,-0.598539758925977,-1.81301240640248,0.470730979044017,-0.550398560671121,-0.103260580113506,-1.38963113890442,0.0901161623767213,-3.53597712327652,-0.895689999096296,-2.49901667135383,-1.83595386664039,3.6139107558144,4.72418609889648,0.108860839661214,-0.956273513169059,-1.05263826359787,8.07396035876143,0.910835805493741,-0.692671651074781,4.11456857759325,-3.54711774095251,0.402051538272304,-1.26947624403094,3.25027474963609,1.84950840286533,-0.382990408097574,-0.729203822713097,1.47228476776852
4,-2.49233819581777,-0.532367315310788,-1.46613342054383,0.317006945458992,0.821957123166415,2.14651614543199,2.95031977436053,-0.712000099924598,-1.11209118674607,0.653052359140505,-0.278174582349986,0.484676893931631,0.50544955195528,1.36432488047597,-0.0518348006382067,0.973708304406021,0.280511269520804,-0.207497501386968,-2.85080219203015,1.20607054430063,-2.15140478467271,1.0121229764039,1.18696314596648,1.41277117278096,0.404385306649763,0.204675189536945,1.6399556356921,-2.46824660095138,-1.33420169400199,-1.36655072023296,0.339381859729705,0.17601820412119,-0.700703622277596,-0.777562277698665,0.329668424902778,1.08360554886588,-1.41277775678859,0.995318431326934,-0.0178430726108214,-1.68515657022479,2.01528339754052,1.79265151598236,0.10830284327327,0.929775416606784,1.03459192362106
8,-2.65485067132418,-3.2624590005751,-1.59676048489425,1.93022057024122,0.558176108291264,3.87719795783339,3.45411695108825,1.0618298776643,1.2820107241534,1.56417870385679,1.00278820474081,2.07715066607621,0.85375446070406,2.77906696134406,-1.44853079437643,1.28934273779202,1.69596155118224,-0.988868878276515,-1.63376838606508,1.04783972439455,-2.55752357235573,3.39266892504684,2.52140060236551,2.3495058306463,-1.27058671536106,1.29469845352898,-0.782882090317995,-0.71685501039108,1.51275713374628,1.745556275013,-1.14957966065103,-1.4403183816124,-2.6701795893967,1.23860207109948,0.085352806799036,1.72976756236626,1.69282673576455,-1.2196598175023,0.68167165647954,-0.976084301176889,4.67813210642243,3.75415012377548,0.438608823053725,1.72866014725443,-0.225225147464477
4,-0.941711926463904,-2.37549534123191,-2.17471868777539,1.63637400073563,0.27395809084472,2.54346694756205,3.31847737989461,-1.8647614079445,2.47146376145063,0.513426323652877,2.02211606224119,0.474777940279347,2.18134051609988,3.08915599207352,-2.44559384382352,1.14140474418749,1.76546722228703,-1.57994144322502,-3.60211317828092,3.22312795893901,-1.19313955453739,-0.177910572626085,-0.450980652115186,0.143807908191784,-2.20845473616954,0.519142473901157,-1.15480357270811,-0.578818451956472,2.06539496931542,4.02703441834315,-2.26962391872139,-3.04752860850963,-2.39070432537582,3.87426297546731,1.58695726908461,-0.635686516888817,1.48192531297551,-2.58443399407692,1.5456775420772,-2.66288865408925,3.646823571782,2.05894182224532,1.59950457313523,0.595304584026416,2.10962627368349
8,-2.85686622515428,-3.43920954179389,-1.81318313673189,1.92174408794375,2.78571340418641,2.28194464662399,2.42474133575479,2.23483066404695,2.33062638275283,2.14781956008959,1.59361454868878,2.30923530161021,1.01469978113371,3.56193900230201,-2.54356722823499,3.00697918927532,2.54544808540427,-0.328910066982779,1.27848641045662,0.892312922393824,-3.46895312339734,-0.0834276408087555,-0.889900273266831,-0.921287865169406,-1.5839307444219,1.96966039622399,0.138781547434924,-2.59306269713861,0.807409732720543,1.91273133812674,-1.36762834206756,-0.818053217690932,-2.57248803585752,1.49320468576174,-0.463999122023121,1.95383826595567,2.3202483485757,-1.62928105511665,0.69483411115275,1.54463968108902,4.73356418502703,3.63079787714767,1.25961894449521,2.62253924150366,2.45692570988592
6,-1.31833047052778,-2.58733593944776,-2.1969673061524,1.51217933471184,1.19951672938235,3.23847792593654,3.58196168083485,2.93464612254388,4.71562725023632,1.43938716118795,0.60292136695248,1.33439457255631,1.0169277208796,2.49570746214072,-1.83213624611481,1.09533335965606,1.35041397029406,-1.39673988705803,1.63816446306716,0.82703182127204,-1.50735494354486,0.490312413072659,-0.951347731477492,1.01724758177488,-3.34102729259513,0.552815525684456,-2.15211758610997,-3.27176218118855,3.61488972918493,4.32478481812243,-2.11318099015755,-2.25978416115699,-2.19811595060514,6.80144625396461,-0.392716878761979,1.62729439326385,4.34647285451562,-3.09709930346358,0.944813937278587,2.06477744487715,1.40955758276024,2.75029865913607,3.24427007743857,1.44877724829894,0.427629817156756
3,-0.434141496259951,-0.64149934159753,-1.90804637643914,0.490169262909538,1.49422303015708,0.608854324078913,2.76678469796417,0.726191154338922,3.05129941439439,-0.844844929313595,-0.432984088919494,-0.432800291840406,0.856924611888531,1.93461226076036,-0.0407357000717506,0.461602269865561,-0.137189833621435,0.430784723555633,-0.123003231678329,1.70405742549964,-0.370192355733193,0.34992769431401,-0.51376163670081,0.934493479041667,-2.35137166358077,-0.503326063846849,-2.02081673305647,-3.79280752996677,2.49975522597586,3.2192905573275,-0.0150395037304825,-0.387677525468746,-0.911215127550406,5.63113643260837,-0.183968953017797,-0.64700373014896,2.35562337929609,-2.51132819509159,-0.105495457836724,-0.15781343493501,2.21260248641581,0.922610951139654,0.915697422321183,-0.285427739857446,0.63256855102012
7,-1.21230210641236,-1.02475015492794,-2.51745324623463,1.62025608269242,-0.385552936101834,-0.533773659700009,2.90097803713355,0.923157783656866,3.24896648065183,-0.500549244652719,1.03882901874049,-0.278618618341692,0.538941330978084,1.00662994437584,-1.53617507962552,0.760244084916637,-0.263980701041642,-1.32521565202179,-1.69067686754286,-0.400991027047785,-1.19810139278794,3.50729422270905,2.11890145502605,2.45630303842813,-3.07731868797201,-0.888524664180778,-2.86515686624143,-0.549594189861153,2.94376038880285,3.00121479332424,-1.16469807961038,-2.06730354925058,-1.7240666133014,4.00732280771301,0.222111875748527,-0.846740174362756,2.76553829111457,-2.69601418965499,0.395404461256379,-0.998409777387709,1.75793923710903,2.73230635477017,0.745505854476125,-0.302049038025852,0.337089599022671
8,-2.99227365702352,-3.08053653104569,-1.98998679889437,1.25658658465278,1.97595769128909,3.8847625136981,1.85276768401283,0.816808595175132,3.04580792436676,0.555330372843985,-1.65471908976164,2.54432127459632,0.0886472830835165,1.87366907941365,-0.447665786456607,2.19866174866609,3.13224949301477,0.145613917825621,-0.682440816766936,0.436825864949259,-2.90468339673486,1.20057490491509,-0.531109177730213,2.51243072537912,-1.65368414808359,2.33924393352785,0.0615779355652712,-1.54775978277838,1.63564768350209,2.53955071646121,0.614962080550585,-0.249141402087005,-1.53801720739581,7.2224099552583,-1.00985438872082,1.09134483972019,2.52895187843257,-1.54545906026244,0.511908733309276,-0.0802359578584835,3.55170070173719,4.07873737532191,-0.781859355780844,1.98018465348315,1.88918204472549
0,-0.217355928882055,-0.353056051394875,-0.924162551262889,-0.113105738465853,3.12441230308774,1.01570383906684,0.502012968942343,-2.97846734049598,0.0335164211655894,0.942945776744109,-0.479924069941215,-0.507550078628648,1.51523082926001,-0.0305598697701949,-0.526270777748803,0.155644928775767,0.695539928053185,-1.54710419971257,-5.32716461647228,1.75122600195122,-0.588167933163196,3.34584104481265,4.12148787856176,3.96028792416207,-0.391615567378509,-0.138464965013771,-0.734383776418288,-0.848249816009041,0.167826163590962,-0.77238108920754,-0.999870467733549,-0.869658508821702,-0.0397474518276823,-0.0601936849132563,1.33028601012146,0.513232689082854,-0.0823309439808953,-0.193077357165152,1.2435962165615,-4.15129599040547,2.33522224288726,0.0985140568907495,0.677683768560417,0.19930859178771,2.51013048521126
9,-3.51416110557856,-4.39713898190848,-0.769504130173762,2.78243024704557,3.5613001371508,3.43522166769169,2.48333995925145,0.353494751568087,1.76223510929601,2.28943394724415,-0.322995411647341,3.19879591077183,1.19129999384616,2.03495427637861,-0.801168667638129,2.74870533740869,3.54130414617651,-1.00348313027865,-1.90887974437221,0.900975126872779,-3.40390189429193,0.931033458966868,-0.342831066110614,2.03789979631338,-1.47394132529172,3.28706266688396,-0.903685812633756,-0.687128903421734,0.945739113363572,0.590103832748917,0.271353223128489,-0.997319972465275,-2.74904312245564,4.00725745417967,1.6986477693701,2.44270500969206,1.72352067549131,-1.26909239089088,0.572114583549397,-1.55181043874711,3.12118015868943,5.86574053271835,0.246832143494582,3.25991329645716,1.83571614363533
0,1.6902416859524,0.548450755992898,-2.45894637504926,0.120451791388111,0.0393959048879172,-1.1804674158701,2.73891955617626,1.56710173357433,1.37745179650445,-1.78275227325804,2.32014369461026,-2.9258578374216,1.05511733325351,0.725242150453488,-1.68638800541059,-0.806940719746534,-2.73091666083956,-2.31152340279379,-0.590199476515482,0.0543826659101092,1.35597545664291,-2.48757707585169,-2.70441396813964,-2.42997975899866,-1.66441460497636,-3.06653301018253,-0.652251848279687,-2.97001611990561,0.915485816450983,1.5392611987492,-1.83423327935519,-2.02644780761467,-0.651060463989726,2.69983321270375,1.24700512562237,-2.7634588307087,1.05422282583243,-1.67414210408126,1.93003926018254,0.258874068169138,1.31971190894537,-0.769648978404725,1.02283617612618,-2.02221172864349,1.34914618947557
8,-3.10841264446024,-3.28650432534929,-2.56406569110685,2.62149967071276,0.987489459312779,3.23075157983011,3.4217043023827,2.09745215687603,1.08780178633304,2.59263036553899,2.19883753169653,3.28075230881402,2.32473882346642,1.40586675850418,-2.95175011070423,2.40007363449935,4.05560813688472,-2.89636274114673,1.00111562461548,2.31969599205987,-3.58978660008216,2.30764292586647,2.62147238213635,2.37311023975255,-0.135703720465873,3.70794897719104,-0.28199766694272,-2.1572470893719,0.212256954697977,0.405968008195566,-3.61167581769253,-3.77208191541579,-2.59822487413996,1.61829902917984,1.01477385791458,3.18685646525589,1.68249756068255,0.0118145264021872,2.43796842906112,1.07112514717952,1.63406025323808,3.57865147612814,3.26342913575535,2.4854335272646,0.239997429724811
7,-3.39497941027815,-2.00594339539754,-0.463429554202995,1.53668910441279,0.0351874465365668,2.2790623249593,3.42055095212639,-2.04958042358242,1.85727000166032,1.19843745931751,1.06037605152105,1.23762348492781,0.946244953946945,2.83323565571066,-2.14487760937847,1.80728877552634,1.16798099465106,-1.7092308380105,-4.18612661067196,0.0679072397870881,-3.66567044883413,2.64872891956992,2.13779347089626,2.52509158302542,-1.33694794798196,0.482030120866696,-0.71295713707306,-1.57716265619966,1.13467083615021,1.65499625491874,-0.116009674642819,-0.352254627869512,-2.19950243402472,3.57771753130036,-0.157181554218182,1.53528335978028,1.49819127342107,-1.83273076529728,0.818997041684801,-3.03243443844716,3.31947643465159,3.20012977723159,0.707486121522403,1.45901597852646,1.84744112021962
0,0.608207707240724,1.15044377732068,-3.09747542139918,-0.263555776482942,2.9909695548405,0.013752525245976,-0.548773395627922,2.04436391508218,1.21759727135318,-1.36903292874627,1.81721659992269,-1.94047521588983,1.54865406661929,-0.964851732080375,-1.37290548179913,-1.05777004256914,-0.64317294743528,-0.684371401140531,-0.43747327081367,1.9781055690562,0.548542155476806,0.377799751188589,0.792224859551584,0.200348654822176,-1.38758428848128,-1.68774604496488,-0.121724804012069,-0.289048729927134,0.660430156090227,1.6670021540256,-2.63326465850526,-1.14039924397098,-0.499675964041465,1.92555557155636,2.25541272056124,-2.28213865486775,0.627518944351513,-0.825419524087988,2.62864925533621,0.21111455359747,-1.34018923682678,-1.1976987998864,1.72514196689118,-1.56991038192847,-0.14240235265323
7,-3.05768539044692,-3.64869870451467,-1.42425435578444,2.31281364407218,1.11360718083826,3.58772384647185,2.32751043662954,0.295062058154397,2.75211928210873,2.69701442106709,1.80067878004829,2.22142957096228,0.79500722926322,1.04114171587798,-2.12948983534503,2.91149901487815,1.63255369240957,-0.780067030301411,1.01950729575686,1.00093956270533,-3.32351697603621,2.58121466908341,1.81816647199216,2.52973936732212,-1.81676580008279,1.11932225771063,-0.557374124641138,-1.08266183587686,2.0367808766164,2.18813715039766,-1.93138020201119,-0.587775924272809,-2.40405240955657,4.90137395823663,0.269803554258858,3.301039229215,2.50712362541463,-2.18292023081998,1.56516523137434,0.940949153940154,1.86621803544871,3.54666678056701,0.919716396035493,2.60016653392922,1.7732750272552
1,0.856193123779985,-1.61144939489935,-3.06838456705447,0.494838943313762,2.4846451685375,1.15202224658201,3.25067914046096,0.898163305152529,3.40969924288247,-0.319819779782034,2.44166926834111,0.244976196980436,1.42494527336312,1.34935756589139,-3.08979289599863,1.11823690192834,0.687438099031947,-1.41751496766574,-2.04078908620184,1.86571057823073,0.276119295115806,3.44713326544847,3.19829485936938,4.03924268022504,-1.62599533791271,-0.389576190828066,-2.41944858767012,-0.698671514084514,2.31743563787727,2.9901895886711,-3.34118185080895,-1.62101455210321,-0.990306570000353,5.56597124491418,1.22292882538978,-0.398616119745896,3.20406708333687,-2.04268353749611,2.052118966447,-1.14878602945322,2.53434554002193,-0.66509805652457,3.00652384992907,0.176043503737107,-0.105015854910257
5,-0.980007374215851,-1.89274144429504,-2.36471321022274,1.15593711562203,1.65492273966413,3.73668394598585,1.46050002313238,0.860348574700212,2.62137137515919,0.99491148948935,1.3909295214211,1.65521142135214,1.80872545153646,3.06766524790135,-0.643591890731001,1.70218858242139,3.05636224990814,-0.864397345731882,-1.11180775833117,3.13928207926429,-1.22201888944509,0.743379299307888,0.351693251429473,0.542127591524355,-1.96725738086747,2.5060735526984,-1.36790319340902,-3.17260820642451,1.6261289418479,1.73249651739513,-2.03325363164574,-2.09086320921935,-1.76364474274789,4.1748303817878,1.19502685658319,0.778095646683292,2.56435234262762,-1.9089975897058,2.44469175026272,-0.381145044669272,4.0778734080903,1.6700167943,2.15647433724076,1.48890952073145,-1.65190789572622
7,-3.05309531683988,-2.29807165345565,-2.7422642315929,1.65945394147594,1.06218630334667,2.44870932022713,0.473653415176385,0.833215198031448,1.33723886965122,0.496183415068142,0.263417858680009,0.176388403526582,-0.0528772096074284,-0.171342340923036,-2.03946165837696,0.77427977780589,1.55859826914318,-1.49915172589249,-0.591343245932382,-0.873476400980541,-2.77440905840644,3.00285952136011,2.4952101295927,4.54828601657047,-1.99145645092603,0.30876191946328,-0.566722828025805,0.108484259301397,1.02378760960769,2.56230076248849,-1.17139770540136,-0.503089474672179,-1.64213527183662,3.09526927641769,0.457339229909682,0.18064448547005,1.29491962693913,-1.40262024250472,0.0272006230420272,-0.509646478629265,2.03662762901632,3.35464502436622,0.652583390070548,0.522682229455365,1.24373114441685
3,-0.188281324684961,-0.538908302309579,-1.77827551449666,0.88231240166771,1.64169938990491,0.502794031487928,0.931821961434702,0.293443777000694,1.00409324118538,-0.307389375781178,1.28799788257396,-0.76119910034286,2.50128776802235,1.9407712793596,-2.18059532611089,-0.0186650122779869,-0.46455490370007,-1.04640972332629,-0.94385532241481,1.95663031187927,-0.538302708807018,-1.73021654080812,-1.32700601108283,-3.36242684885399,-0.871823774261442,-0.740213350138578,0.323987441899141,-2.133895151925,0.918118007045414,0.509317484410628,-2.4005993718964,-2.15428884492794,-1.69268184122671,0.364211405240417,1.61737329629939,-1.24203638545857,1.23824773599343,-0.757465199320353,1.93618209201543,-0.178562725015691,2.16382449775216,0.747264179197032,2.94258159006639,-0.703304337958055,3.41017415539396
3,-0.860656662390364,-0.511664692056106,-2.35455202278877,1.08961987013441,1.79198671098275,0.0265880618386494,2.11216299343246,2.54095166004005,1.15150771824799,-0.356028429641431,2.12781898153081,-0.62811815614571,0.991797928694691,2.14761023670182,-1.65596971812917,0.461387498639376,-0.0421042989276863,-3.47048403801707,-0.369037344684051,1.48368506171651,-1.07979322007717,4.21709411114749,3.94233235675629,3.43316436955859,0.217539673726161,-1.17941973560245,-0.0459960064818056,0.5659676596883,0.143124698444596,0.40859975637004,-1.44427707886609,-1.72995353068709,-1.71286895572549,1.84460432758481,0.0864026464433902,-1.44343707139103,1.54155955490763,0.130403947586697,0.557208373946838,0.225678400135256,1.86725921388852,0.930435194052104,3.04029376227802,-0.444312197821473,1.28751417566435
0,-0.213889781859551,-1.65258042336205,-3.93328119648703,1.06352993739151,1.14173122906768,3.08349489579083,2.48444654186426,1.18781750134572,1.15985493495059,0.744366649412059,3.82124421750815,-0.477831840103017,1.95417976773295,1.05537750333477,-2.89696904835856,2.17528459603026,0.550180381899623,-1.91107735977943,-0.802424090616066,2.69610988807845,-0.358676682534825,-0.617724533500005,-0.744273838457857,-0.456279897964359,-0.52557460710996,-0.509978006621185,-0.411058731507368,-3.41707972928791,0.0384269019468675,0.125010864392125,-3.31992082671692,-3.27259845872289,-1.7083115487038,2.00946533718869,1.9347322371867,1.57243090175697,0.692892338159273,-0.290376933958713,1.19059411906887,-0.213070457042207,0.159395636778766,0.0130201065066426,3.07912518384248,1.00374983449271,0.381859637830168
0,1.16768753796112,1.23363534797295,-3.21037957286387,0.346555513467791,2.65651775132481,0.207231142808819,0.354358688288842,-1.54281507211019,1.91998834374781,-1.5710557736667,2.09687536058159,-3.0188364459749,2.18230302827943,-0.101714083082254,-3.26417227736027,-0.313674054096388,-1.02297339649229,-2.44797319666707,-2.92115098791209,3.93347455443598,0.563726766435559,-0.46582102773174,-0.101679049993646,-0.237471596651305,-1.15180280995133,-2.22001744452564,-0.386284336059713,-2.33147290564161,0.794338733699614,1.31878809050586,-3.52830219152472,-3.47136287855604,-1.00642966870635,3.29968852673721,2.50673537495748,-1.7743320480634,1.47037169626385,-1.41734068980302,2.36916278369988,-2.4497801061592,1.94516934644735,-1.48668977881582,3.14269587264111,-1.66464460563842,1.44765143095066
7,-3.40671297360989,-3.14495559422699,-1.67275397580907,1.85314661980917,0.689733449084741,2.17544301792968,1.98657276841756,1.15209751684822,2.68696780345282,1.79138678262301,2.37259564201196,2.24427217377458,1.95400813007076,1.43994774748875,-2.80844666037374,1.72873097065873,1.87537974649168,-1.60210734154129,-1.58649506215057,3.00007067661534,-2.58826647758301,0.275900100175672,-0.528089780146764,1.02769725928586,-1.87795529186968,1.44501386183167,-0.779167678370483,-2.95732382150536,2.05239077578836,2.01609224436514,-3.05865762942631,-3.63929332755416,-2.33335762714936,4.66079955822228,2.42079085977364,2.4307057872742,3.23127096629586,-2.20820459269045,2.06323446100599,-0.742609591925222,2.25422616022364,3.06041902897042,1.52551565259388,2.05230726286166,2.36489770617186
4,-1.14855522299762,-1.03533917487436,-2.03421945159612,1.35190243138681,1.49499647784564,1.52124564080016,2.04986501870703,0.21706090323923,2.5889278992698,-0.482645232289808,1.40186715107476,-0.0019480197207285,1.47350181299875,1.01437853662287,-0.888175714616512,1.27580053853157,-0.42052162480698,-3.39581147579017,-1.72189543794279,2.43748231739754,-1.24638031251833,4.85966985723097,4.09619557488028,4.79424478867135,-1.49161089362703,-1.17599586983554,-0.609190824431787,-2.06669955249115,1.53929737186604,3.02556627854601,-1.8145329560907,-1.24157425291131,-1.63953434781565,3.65201485578085,1.23854777999166,0.033864070046285,2.77068048793099,-1.83385150275558,1.65199030987786,-1.19991561737473,2.17670966711938,1.72145429414102,1.14703804196546,0.175833461215999,0.280417174586855
9,-3.77792337091715,-3.4291453608044,-0.94945524559643,2.08789927579621,2.57110325565748,3.38938812997719,1.68059916571791,1.27050030879276,3.30591211807855,1.27936121320812,0.353189877413169,2.01033136750784,1.59311341285096,0.960164363109921,0.186566701418601,1.40906215120738,1.9583684096362,-0.501883189591964,-0.424678974428127,0.936121990199528,-3.84561818686064,4.27488674997632,3.10176715175192,5.09619415760045,-2.68661113617121,2.24325018026042,-1.93074293601228,-1.55352991217029,2.38699761393824,2.79018973549726,0.402539460478165,0.537435943158579,-1.96798874326136,5.75165649842172,1.57016501261589,1.85616508280736,3.05698582780748,-2.66438194147161,1.1599871964699,-0.0964310486788933,0.45945019902003,4.97534658771503,-0.461652419593959,1.37912295446836,1.00685769191322
8,-1.8995966202717,-3.92626580028336,-2.74106260073534,1.77830018631313,2.17792799799239,3.20265454425687,1.60976985588282,0.409733939114626,1.04713586589925,2.1836342608822,0.567930887916771,1.52380826191762,1.27264919519166,2.22508419376768,-2.74677228192064,2.72633675322599,1.42577250613052,-0.183873200706986,-1.14983648650481,0.637969305689213,-2.2454726395017,2.70400618669199,1.97652268270728,3.01357512679628,-2.45489343840688,1.16413798137948,-1.87033813505101,-1.27977950151171,1.6717449789913,2.11269906992643,-1.14202036578063,-0.273123849264552,-1.98052225045475,1.78635757132231,1.18099823730593,2.31146308856588,0.759340089551029,-1.98421445090481,0.427508083590478,-0.749209531864856,3.00172144798072,4.06805614358495,2.49216022179921,2.45950410939009,2.84414026088011
8,-3.04365683835687,-3.70193341664964,-1.32622760416997,2.07804694218151,3.17031547696479,2.76162088124032,3.86370278746584,0.476648552405584,1.82419545277377,1.98091542677655,-0.43605252379731,1.78234943169499,-0.253120055609101,3.64087548172088,0.480777690064987,2.89281585389968,2.21813832800745,0.0516827283445405,-2.46791872238945,-1.64679944427231,-3.35282287823831,1.25951164048566,0.156047144580493,1.09976699634607,-2.98642969277127,1.28738678475548,-1.78828831821259,-1.19250059528388,3.00533349011548,2.19086313110586,0.364146300231641,0.438506593877975,-2.64027477610675,3.53333029894126,-1.09621820601547,2.03163349218349,2.27759951455821,-2.72097868150864,-1.23018808046921,-1.04942818533132,4.43092420990762,4.49729306997224,-1.19864745742222,2.30168711595475,1.67822119595647
1,-0.146389279215135,-1.60319873988957,-1.35841923629642,0.380470977388118,0.581689238274669,2.28298703263929,1.90643014952704,1.15416063166308,2.69884326010558,1.40969038925434,1.2272579581936,1.98694723988102,2.08138909819419,0.853793288222431,-0.432905391843845,1.08079818642217,2.00822947963673,-2.3974074654387,-1.03755851807521,3.68436410088863,-0.437952607796468,0.0039513516171387,-0.0873334163212035,-0.125745855228772,-1.57054527169728,1.32628022137157,-1.64005267934529,-2.03058739389806,2.53264991449691,3.40676435205614,-1.27971816854183,-1.60094738627048,-1.00999636471573,5.01142479241252,2.08064498094051,1.36677700779675,2.79498508107128,-1.92812202273694,2.22933644430887,-0.0374947145070127,2.16510513984707,0.47365849097711,1.17735345635478,0.831019607928419,3.19194506427213
0,-0.428905581771689,0.398782988748574,-2.2523656585596,0.285388489657786,1.39700535473879,0.108025992572728,0.342655765652314,0.916408812555824,1.26360496435133,-1.26269133880766,0.0321139889402254,-1.45626794762408,1.13962509303245,-0.523741232203058,-2.12037441573621,-0.471327846511601,-0.0770046332642832,-0.0292856904847171,0.861791344234423,0.366622514187367,-0.518356472086753,4.15539242361917,4.80768250610524,3.68147632190894,-1.88634155688314,-0.870643687472542,-1.38728549881958,1.0112524844785,1.91246017422497,1.58036275043525,-1.22238241945543,-1.78733071195278,-0.812029567236696,1.4143214020813,2.19882804262868,-2.31134181600535,0.929660360261136,-1.85941791954955,1.02408490776552,0.277220160795528,-0.933225325026942,-0.307875181737252,1.16197700126723,-1.36245846290417,-0.202207703952003
9,-1.82832043517209,-3.15872078722596,-0.605935626547475,2.22551512253247,1.16750724274182,3.99155912536096,1.6855714209203,0.299159126603216,1.28877311604865,2.85006356328404,0.391278661068146,2.45758536325067,0.286266011307841,0.680082135449734,-0.195301332110339,3.29602760253225,2.16566381335229,-1.5143621076255,-1.06880687447934,0.499097064868228,-1.94103790381409,1.84076115492078,0.845139901017976,2.09893198651169,-0.894341838164405,1.96663290732557,0.60945114212481,-3.66699839670615,0.6482649068754,1.21598687712574,0.0416034519068307,-0.164507655065976,-1.66226325017672,1.51416579177653,0.273913001690657,3.31324854921994,1.06006910230465,-0.273746303627195,0.38586751255474,-1.07570490319122,0.943691875783836,4.33708187760413,1.23319526485402,2.87799049485151,0.352720495181161
9,-2.4203617384063,-4.21454539470681,-1.35297729935697,1.88220117465707,3.12605509900665,4.55326379600654,2.32092911106985,2.25540547394091,1.60495941079001,4.02457291503852,1.81183604957392,2.7890895961549,0.236989250066371,2.14567860290991,-1.94463695382059,4.2822829297506,3.57540980732854,0.183609027908418,-0.0156519859005401,1.43925144298739,-2.50190121457065,0.932893632719578,0.0235321548255609,1.06197629609689,-1.27542854378062,3.26141686667552,-1.41443676658879,-3.08388963963262,1.4792566760424,1.02556286819816,-0.896129653118437,-0.505403761295264,-2.17478968460653,3.60854997046546,0.397475592520994,4.47995981408342,1.07833462991597,-0.912179443152443,0.0637118332146246,0.602095378006953,3.66071292891714,4.18571802229066,1.91002364162788,3.65048022379868,1.74991086574924
1,-0.52573178756313,-2.43841642593699,-2.32162019302616,1.23707306058293,2.18733515806855,3.18126375799315,3.50734789724838,1.38874176794506,1.63088843814657,1.54220150660928,4.20358113276488,2.74614303597783,0.858166514388686,3.34843630659958,-2.64272013764412,2.14850994237505,3.76460863132895,-1.69707904042627,0.493619078872124,0.292101726217668,-1.05143984057318,-0.0584456302859324,-0.0365645510798242,-1.09242975478998,-1.41885852510019,3.27564035299678,0.0677675930108168,-2.24364731803995,0.416466621869566,1.05827071387622,-2.19852362843002,-2.1215703401123,-2.46868255926615,1.56421601609782,-0.214432123538282,1.95920480983039,1.19479211229071,-0.717860444782512,0.858430984722648,0.599060803796507,2.51458495676294,0.873811204853401,2.17475497613831,2.09748944837163,2.53320622716083
0,0.70137302194258,0.0967918521074602,-2.31183401728898,1.16324983269488,3.22095488999501,-0.139050898474112,0.758750980993715,0.783112119720474,2.67303458614816,-0.677642729583924,4.12608076510285,-0.779738713485443,2.24755497791775,-0.234321947145619,-3.17633053197798,-0.0945386310353373,-0.39102553354863,-2.62848570465186,-0.0625227130961327,3.39793871162435,0.648424497898009,1.94664023012774,2.49669725226266,1.82262312667547,-1.77478175942793,-1.79403091997583,-2.51439349066998,0.890604222889404,2.77295357974434,2.71612874610587,-4.16389081644835,-2.71810472426443,-1.80425839880457,3.50722484620992,2.20736748838147,-0.495705238170006,1.38916183584228,-2.43716818711713,2.08667331826895,0.206588959553005,0.915196806225618,-0.800304549836032,3.51744965886546,-0.59442189949828,0.591470934731162
4,-1.50333442430498,-1.36876052411461,-2.55877672824929,1.35758146005155,2.86378685727653,2.03987502635207,2.63471812468846,-0.646107314897694,1.56040508500499,0.67744499090675,2.6232815892948,0.98366621389313,1.65616175555231,1.99034031207452,-1.11286580232455,1.48351331040737,2.63656299757777,-1.45319135990597,-0.841593756303675,3.04342395971272,-1.55008622715062,0.543365545710744,0.211545596255202,1.67094493594188,-1.79690315834178,1.80002894532394,-1.19048565560428,-0.18844562540541,1.11252326721674,1.44872776361121,-1.96222795331866,-1.37582947722756,-1.51670502488145,2.40605151820812,0.863750978210942,1.14983609701167,1.15619007055296,-1.34388118753476,0.383313553435944,-1.02776557175495,1.12731574492712,1.93885731293512,1.43056787691475,0.851173773848351,0.116478299391697
8,-1.38694085846973,-3.37385178847566,-2.35573006151126,1.91208783012337,1.80867894024675,2.53276108179003,2.62155823247618,0.648765668872358,3.27749374131219,2.27840142585879,0.374895728032118,2.12293799926058,0.608262991134797,1.32302417101813,-1.13134265929603,2.67034101196199,2.37627278367963,-2.55688063415894,-0.858099379941736,1.55098354111386,-1.79899677992051,1.52642178337905,-0.0734767247607988,2.40323462865858,-2.25647179473504,1.84618045334869,-0.871760157986994,-3.17093240552459,1.99463087128857,2.66453507005935,-0.351353927458397,-1.35226148712864,-2.22788133487031,4.89938928996929,0.659780351770441,2.26144109123679,3.49669115277175,-2.16981581042264,0.940808893251685,-0.404430512078982,1.40861578659892,3.40579736460688,-0.527087474997884,2.25238671862159,0.17858684865717
7,-1.39108363985541,-2.13694326694718,-1.27366556803278,1.46570246236826,1.34263281304839,2.37933990468315,1.99950524719948,-0.268259010305626,2.17350184219715,1.54761284680018,0.748958947035371,1.16999829953375,0.909044311745665,1.30384967895816,-0.928709852744839,1.176850093079,1.48421565483874,-1.28266414707516,-2.389176037099,0.628434212699221,-1.85784225434172,1.506468139895,0.610992215647335,2.75410226386093,-0.93644261389977,0.892294513223796,-1.17782092759089,-2.39489992578447,1.74126557445915,1.89214262322893,-0.649701020667212,-0.623798623770621,-1.30611741114897,6.01007500008469,0.461869105195603,1.23050519475917,3.30607467879358,-1.03123115838387,0.448221421497296,-1.80218006397698,1.2506609800163,3.19758278236496,0.311347319738246,1.02179194571974,2.70221266748517
8,-2.5644520446601,-3.0327438512681,-1.98656738555514,2.3745913643378,2.99720064857378,2.89468591253157,4.35023128523413,1.83277605374132,2.8753872878032,0.556253669319964,2.03204204267504,1.73699951614253,1.68745187358575,3.59028926506449,-2.25067016692312,1.63001077594495,1.81158271766321,-0.498938872422982,1.06836915990229,3.00182739350506,-2.71705263973115,3.84690375228498,2.99724744828921,3.35236074414632,-3.08032332841103,1.37056626192844,-1.54124276769687,-0.888083026157324,2.16591815944965,3.25159287133446,-2.17846744778091,-2.7127212221149,-2.70340302003227,5.53596112279993,0.96482684278753,-0.105696772075212,2.54129989881096,-2.64050037917851,2.20734747788439,0.919113865020857,3.16755477204087,4.19686565933315,0.840712153861441,1.368849401354,1.45443366763278
9,-3.05388009771405,-3.52950577922315,-2.12367468060505,3.07156759260663,2.79992179489382,4.16078251714418,1.319499346865,2.01883080608908,1.82953167630871,3.00637922315036,2.8471701302418,1.67958504384801,1.60581041663684,3.13345118040267,-1.54376579973902,2.58600185354712,2.42327755756306,-3.07616628089522,0.775002173027056,1.41132379988326,-3.45130700586397,-0.392853213076408,-1.23729454438958,0.842518896735701,-1.26726477815963,2.13271679318054,0.0843686167035147,-1.75087457838095,0.477957024403971,1.10386935626451,-2.16774839473231,-2.46427723357857,-3.2326533731552,4.38773067652874,0.879445244183308,3.48418425920809,1.29836965629483,-1.08512068259161,0.660197471992093,1.03783584958821,3.41633476180836,5.50889649839875,0.932152307563685,3.0843696648903,0.0209017612154833
7,-1.13758278128866,-1.04127945109009,-1.14396732653166,1.66587062096706,4.06889327837099,2.53908126888735,2.63408121862298,2.03159750297376,2.06948219298869,0.608780644140724,0.42902545669152,-0.0484052548763225,0.0446853302946286,1.97386618682929,-2.31715306768948,0.437902390874041,-0.509288066226089,-1.37407864152127,0.933156139802521,-1.7056776637794,-1.05979223579158,6.29593929796612,5.46856802699024,7.08165254327469,-2.87896914334257,-0.990254581341907,-2.09998914615351,-0.923374277026793,2.62445517399465,2.80252968604011,-0.80911740404681,-0.437321259603935,-1.84861868201716,5.28249705059608,-1.30859345486114,0.709041794607785,1.72798186185993,-2.43243159017659,-0.705696250149799,1.27882587292599,2.54633039963418,2.75919322082517,0.702845194518534,0.39442033697535,2.00982601281857
3,-1.19943456950969,-0.715447721404883,-2.00258141326479,0.54728416705266,1.58378008527951,0.291127802983208,1.49993624847233,-1.26767808844501,2.33023199155808,0.421090319156739,0.642843603985487,0.100041795876546,1.04768434340298,0.0942571526519403,-0.302261663533544,0.720159850701758,0.174132014449452,-1.05970296732402,-4.13961987804303,0.810373034161499,-1.25403905868907,0.260105037050116,-0.0926026125739672,0.749699737704913,-2.10861343457957,-0.355554682428428,-1.18649529276392,-0.86747200983215,1.73011451655196,2.21736539189537,-1.31210924946483,-2.12948119452749,-1.21480485734488,3.95799040329219,0.889347178547531,0.788598294623351,2.80934558817169,-1.92066071829336,0.896909705900246,-3.44225738806356,-0.0214653852482513,0.935352725105201,1.75250516526913,0.220712919549071,0.109344815287
3,-0.792516510985389,-1.89586533406399,-2.11107170808301,1.30443937330554,2.81464315622813,0.839090374994852,0.929846809965972,1.0821225605595,3.00846173498468,1.10917969931565,1.46380008181463,1.66514746902722,1.91428544032538,-0.0679733205916475,-2.36647338607721,1.38582973630877,0.861380119266111,-2.56344470560895,-2.32915398505144,3.28621416994151,-0.792973834980005,3.34998424453088,3.13492228609075,3.44939113740536,-1.32999053160235,0.549327954901866,-0.96013271605148,-0.204659767219363,1.24391749511742,1.74617348924284,-2.75345432006373,-3.58315574076231,-1.69479628399073,5.36549145220369,1.31516054294323,1.2906785182245,2.40620410706492,-1.57933192467152,1.50876352231132,-1.50762174692151,0.367124359873563,1.262317696455,3.32091115798114,1.14850453248491,0.995293552970569
3,-1.1571919549658,-1.0212689767101,-1.52537640781344,0.456410336601658,1.77142195377637,1.16660399648232,0.413068584244873,3.68137332113363,3.85996895434398,0.138969287708336,0.0371130453014086,-0.0483663028681155,-0.372319969904154,0.296132886580817,-0.419670173217211,0.531097866794373,0.802170600793001,-0.340456078499179,1.84619200638641,-1.56618834770209,-1.33478730745872,2.26204189629305,0.79718410506244,2.89571384953226,-2.03305991623595,0.489606818855596,-1.11561989212154,-0.0105369514728353,1.95345230608337,3.18712859746873,0.129546482027032,0.0273701762631568,-0.413684229656331,5.58309982160789,-0.109597657368178,0.372134326491695,3.75164489020085,-2.26251155468462,0.727479497121654,2.28908066310336,1.4954348772991,1.08256569512768,0.930688707245634,0.137461046735731,4.59562806322495
1,0.63130595219214,0.569041464309078,-1.75237730310092,0.577694136326354,1.30089907818052,-2.10703493827861,2.14345575876749,-0.493227289446339,3.49831705148272,-1.70430167623729,0.832871776860542,-1.97731540281058,1.55444850935169,0.385627350914669,-2.79421202033779,-1.47960153464199,-1.63646325623144,-2.81871952169113,-1.81593277041759,1.70394930232992,0.599236119861495,2.76202211685164,2.57700847105449,2.9026785907754,-3.74104796685947,-2.21491329527859,-3.23641798790851,-0.406070657488678,4.08620867922268,3.76602917483867,-1.63768049705846,-1.1328122421488,-1.30476654639812,5.60795216469176,1.12118039832147,-1.77008573880272,2.20108991321875,-3.32694253387395,1.93604790039166,-1.32041804807909,4.01381740380873,-0.872510318724477,0.826684711313729,-1.86801813903099,-0.230777084920129
9,-3.62005731266737,-3.2701991703788,-1.67727846018008,2.20127941529608,1.02795339712877,3.98308685138482,1.35609156102837,0.238740235387772,3.45011640851502,1.92148244565964,1.44628190602482,2.28796935184397,0.161167750038004,0.631131731839212,-1.67341027634852,2.66353683635864,2.91636912810509,-0.16508860613316,0.860317308791362,-0.551678152585054,-3.56111970570044,2.43262967678538,1.16411393116284,1.72294003542694,-2.64442058868075,2.05253614342079,-2.26605449962373,-1.73411334439481,3.03818130882263,4.20681156000089,-0.312832312352062,-0.329026729649933,-2.05421396648341,4.44339553184493,-0.879755471623745,2.68520911367528,2.48785657044624,-2.8651675798483,0.658043244721667,0.260016576891747,2.18321421555411,4.56561726725587,0.901031143692358,2.24697782248545,2.10812779985881
7,-2.91149652029926,-3.06922052402988,-2.99280336601947,2.21124883975031,2.77432424154564,2.46661110089551,2.35535625702279,0.0230049943678672,2.87869543979375,1.95574228745982,2.63364183108756,1.99322883038683,2.51221340708951,2.36602050650424,-2.58162567983687,1.84020652349336,2.70742431212226,-3.27885959868736,-1.16337243276141,4.15641233514785,-2.98788760357212,2.60390624762267,2.22534153649036,1.61857556448167,-2.04961484039214,1.94112802305919,-2.0922374633543,-0.84421712565903,1.96436266144674,3.39734179336939,-2.01564129731341,-1.16815366936428,-2.12431424645861,3.20423124561592,2.41070764064022,2.72960363908661,1.88050976551551,-2.46045073697091,1.70969384055774,-0.790284362986467,2.84974536962245,3.78427251946333,1.41723313188693,2.11608217843701,-2.05366967214064
7,-2.80270536176107,-2.67775566582322,-0.597630019212741,1.96785412159053,1.73615600508607,3.04804951287625,2.47164771515327,-0.0581684562956586,2.70710342113591,1.062978676321,2.41234388013219,0.912937640201002,0.816982071650567,2.98300968680691,-1.07848460042037,1.35949530754411,1.27086330307454,-0.742874480422762,-1.58480136065255,0.775847739265201,-2.54814002372719,-0.325939184172898,-1.1442812489588,0.613685300509664,-2.06978630972423,0.419315661184282,-2.06238286594277,-4.24813473556599,2.77606081102226,2.40848534654351,-2.10492904859793,-2.08140245576675,-2.6840385073396,4.202464045496,-0.4555507104262,1.2399370823741,1.97180404183378,-2.55535614443415,0.688603112647016,-0.970724239332552,3.04198923896332,3.43960135505777,2.1749751356889,1.33971088067102,2.4741343183548
1,0.400423695901753,-0.0890593904075644,-2.28281141777343,0.302594029247506,2.12814363785087,0.833286480279779,2.3969355655817,0.401329874157944,2.12583923698793,-0.970864366841794,1.78614120049338,-0.584826660592221,2.48311350375019,-0.40835968400129,-1.31129615733993,0.262057441181588,1.27924367693734,-0.962303930503865,-0.850523166061985,3.8702123360559,0.0820041630047034,1.42531371179533,1.64468343718909,1.46422738546387,-1.46064773074003,0.714279684226359,-2.08067851535044,-1.28367792109739,2.20077805191969,1.46430348334971,-2.05667363577163,-2.9093037848932,-0.529119232501006,5.05040266889335,2.57074135727394,-1.18501094995612,2.78110284367119,-1.5755846432679,2.99600918991667,-0.50318165267923,1.90010822234928,-0.181930461300375,2.41305286395114,-0.623218858701712,1.64748643525374
5,-1.59844027172801,-1.36590712042769,-1.84782841494118,1.31002502416505,3.6605395564219,0.149784662552571,1.34912521206593,1.66595376014205,2.183295077423,-0.224661756582568,0.27162658449707,0.187562200656315,1.46526129273062,0.122309520629637,-0.466728553648381,0.830463153039081,0.701264742522806,-1.02028012063152,-1.60421190747657,0.830000745138285,-1.13532579822805,1.37917261074181,0.996478047857841,1.60371701925974,-2.34114738837232,-0.297969560276243,-1.28653072306669,-2.24626348250191,2.28318944603033,3.2497597465988,-0.444650015307936,-1.6409479426317,-0.92917735208701,5.41622424482,1.46966626606348,0.479820388242718,2.68927473862929,-2.4337963893429,1.65803303767272,-0.570617365800541,1.6545643153848,2.2096215706898,-0.235355098190267,0.152373639775178,0.578190844784738
6,-2.42486463939107,-1.98114593178988,-1.17323653108975,1.54471751443346,1.54183943874236,2.75263055669013,2.19778905629753,1.14398038477075,1.29799999693162,1.04038128190649,0.578795384218045,1.8155333015825,1.07052217147539,0.783971870081127,-1.05296980972385,2.43107526206867,1.93400669579896,-1.93842358179081,-0.589282236649222,1.51983695026632,-2.4723984383159,1.8634050098195,1.28551969606968,3.49052851545661,-1.391763779902,0.834014457558854,-1.06164864026325,-3.12732647556352,1.51870389303797,1.41069495706381,-0.777018137814981,-1.2136719542706,-1.97608448353807,3.48173780203886,0.429308450066901,1.56983469106776,0.850566885294397,-1.36483363944442,0.766885997046607,-0.177779360754062,2.63738585471328,2.47852607537854,1.50704161334146,1.56912214682739,1.48625421257948
9,-5.36123411907711,-4.3745618145417,-1.54614576742665,2.62984314759578,-0.523877413483248,3.52369069665358,2.79476681044682,0.427245091703533,4.87617588952508,2.31716945487767,0.365162527551597,2.6994931568579,0.0286651539611948,3.33203171405813,-1.83186423472583,2.7318571499309,2.18352369620459,-0.728624758964588,-1.34246199504337,-1.07408926287782,-5.21766307600084,1.69424621729735,-0.239647779160639,2.64626061293337,-2.69814291751388,1.99325129059832,-1.79725704236908,-1.95370442976553,3.6893451095757,4.2272101467791,-1.00997753537765,-0.679814260663456,-2.24754168552024,8.7626913716139,-1.28966835290544,2.84784463465556,3.92900259423634,-2.73922105025158,-0.0219479303819309,-0.884228167703086,3.77247133202282,5.78950191834599,0.424304294066831,2.64524716857171,1.5466958770379
3,-1.58630429293584,-0.907004672617362,-1.07022470718124,0.996041866401293,2.74571425214575,1.86785805305396,2.73884252158411,0.0755921370652319,1.71417492225453,-0.10222911675945,-0.695305427102031,0.0126948824986541,0.626201050872738,3.08073012391247,-0.142155804713763,0.247444301267437,-0.0482724783789374,-0.998899917732244,-2.84287920104805,-0.651486656738069,-1.52299813728615,1.44109884877982,1.32473403906786,1.34748039710389,-1.34315362730028,-0.674053639472319,-1.29576651327717,-1.42967858578763,0.779952134357883,1.0915756538115,0.897293721574108,-0.160733135979275,-1.68832937672313,1.99605381994927,-0.368000128773407,-0.279238803413559,0.832439284354005,-1.02851775623144,-0.228410812372073,-1.51173541157358,3.01503688067782,1.92821060400407,-0.817202576088484,0.269165251326616,3.58581973583978
0,1.60594676445204,0.416068733856272,-2.92235740140957,0.122624339129592,0.0720851383015062,0.510399834338318,0.854926951020977,1.81470623106874,2.08948661104486,-0.929701968796939,3.27950952968789,-2.65727931482463,3.65205375425226,-0.160650531889469,-3.11080438647502,-0.436144258930548,-2.07730988555063,-2.73611244192259,0.269362798933849,6.64285507275479,1.02618466874646,4.28386174068458,4.85525889380818,3.14432735115811,-1.85835581202717,-3.34962237927498,-2.06320868729815,0.805787006885652,1.9041070742606,1.7042222195759,-3.25094823410022,-1.95137980196158,-0.490793410084314,1.76024247266813,3.0681342657606,-1.69182407073238,2.20049273527697,-1.94359062036783,2.67680020663788,0.398063957188169,0.890056893278709,-1.50896210975684,1.84280106713542,-1.69607486776984,1.44797555539261
7,-1.85212044430411,-2.66071907348686,-2.77915523406109,2.41871168506103,0.260443815991268,2.72227394514884,3.86950172381307,-1.54497422745389,2.3420511240785,2.20520500511193,1.54816955354565,1.31808370997405,1.78151516696311,4.00515311631704,-3.12647235039655,1.94735617324058,2.32678039404867,-2.72226059410665,-2.52989561535852,2.75351069174346,-2.0691917732621,-0.14301736035087,-1.08735979259269,0.885141446624446,-2.09478547145336,1.73550090920229,-0.807371208515159,-4.23432962226992,1.45528891296158,2.75696842858969,-1.86317492158701,-1.15245853109167,-3.15411984109221,3.64497009766528,0.39680262275954,2.59853034774117,2.1235314633588,-1.88086011436996,1.38607985548535,-2.03689252882513,4.04977117104677,3.32671030583849,1.56711605847309,2.10428374555556,0.659259873213681
7,-1.81547692985855,-3.08002401527457,-1.82138174264075,1.76992624141704,1.22537730787829,3.39596920833055,3.07383784948569,0.641178809055273,2.0817531363058,1.5567363081891,1.20223505385754,2.18353073148889,1.6248848018885,2.48830160837651,-1.6638802255888,1.95940562298532,3.58689456865793,-0.975203527052939,-0.534221338727676,1.77784370463035,-2.21649628482881,1.36196942940492,0.747314774284952,0.90472040043009,-0.880102497425704,2.97080195182024,0.618156586986739,-2.31781518885226,0.471528889111794,1.38274577554298,-0.951285181967703,-1.69110090236707,-1.9376102018296,3.01961533702954,1.14296503769581,2.03850802812948,2.06607286859376,-0.836287236201378,1.62369290262254,0.249550616480911,0.616022623649144,3.17947673492982,0.231791682184739,2.23317370097044,-1.94560340627793
5,-1.55356051003287,-1.89419819421719,-1.79921607327384,1.89781128820658,2.07431107204887,1.86070055688758,3.11348450708166,0.922697123209636,0.624387731098288,0.686032233909522,2.09070989500702,1.00486822173374,1.70248833608783,2.49514692320833,-1.88227096039398,1.45373089703484,1.04467412358266,-0.758991329753375,-3.50538829594369,1.56903557934331,-1.5018671857645,2.37937925724725,2.22496321752352,2.55771361563602,-0.914739535014482,0.793399895350567,-1.43142239477419,-2.00031589325544,1.56694022402009,1.49052242085682,-2.03849742260387,-1.25112399685769,-2.60296938958405,1.6473763603031,0.502896074537038,0.393539037602514,0.714048346018688,-1.09613145618483,1.09887714610457,-2.00957190153128,3.4206316212691,1.91974018193794,1.38032048850011,1.25368393639864,2.86744669039421
7,-1.25885982886828,-2.17802275811866,-0.842072126300534,1.22779704739646,0.326538588629575,3.52742441691545,1.80605038662171,1.34177712591367,1.9449074923726,1.7453562015075,-0.081917748226423,1.38760526851514,-0.0450171391413516,1.97512506408681,-1.90197520884391,1.72507800232773,1.01829159411942,-1.19771895485431,-1.23402037978106,0.211576736706864,-1.40918782538056,1.17055070006812,0.158899089541047,1.64274360978139,-1.78088104380033,0.429949433376385,-1.67358837787178,-2.27918392676117,1.70876659111599,2.2263926889197,-0.384230069297926,-1.55797629618096,-1.20651616409945,3.97446702324896,-1.48429649770295,2.30423152769245,1.92826332630279,-1.95268787038578,0.242310798825306,-0.288313489012085,3.84602023680678,3.11838752035135,1.12164185152526,1.67380619256871,3.18982976878308
1,0.132810193637022,-1.98379656449082,-1.38697134048268,0.230422075980231,3.03011557127508,1.97937156739552,1.7028210703074,0.999485610129057,2.27850240129456,2.00406037176355,1.77599768514081,1.50593745828132,2.30009567742617,1.39069448901387,-2.61659219760566,1.97916449021587,3.03539503946989,-1.39304678209184,-0.604440691047984,2.51724146231933,-0.0988632778211283,0.343136820567167,0.355452165067127,0.469120675606345,-1.85674692094337,1.79336492194221,-1.27142781115614,-1.29037985821178,1.53345068079233,2.36434106567274,-3.14447245356104,-2.51008021783433,-1.04503241838467,4.18957835857018,2.40218966972926,1.79109367635486,2.30304341530687,-1.9014592454887,1.43359997011085,0.420556827003864,4.39239060604814,0.051083788011085,3.42403853192408,1.31137055652142,2.56350208094554
2,0.995500686183832,-0.0661356376768296,-3.68057889665226,0.203020753147329,-0.834275340563192,-1.46981219398756,2.15214631865424,-1.71161609828104,1.49127794119731,-0.865510558310455,1.22891165943152,-2.86983420197573,1.48565599653563,0.0077023620047241,-1.27141050003519,-0.740909280546148,-2.18807207738186,-3.06984685571176,-2.77862620688742,1.54662452448254,0.848402640227635,2.85330893775009,3.46816327135846,2.50569462024418,-2.05606774001084,-2.85021509021928,-0.917323592926116,-0.639676748939801,0.784711569090721,1.0987897496522,-2.67623632115785,-1.96563835711862,-0.892689779377065,3.76182265299024,1.13584312374803,-0.878407284819625,1.91913840016028,-1.58309186356731,2.13394354465732,-2.433932565532,1.58464493679117,-0.427968522243636,2.28812257820337,-1.18332291971448,1.55183406601826
5,-3.37936714557125,-3.24907918014789,-2.58493577429109,1.72939371058313,0.880852738422148,3.86142407746109,2.40052747097464,-0.0961438847471223,1.40636671128185,2.05004396608432,1.59484426800821,1.67407945872548,1.00237869771883,2.15222312618123,-2.67949101529818,2.8231862670107,1.14801476462216,-3.4825256002322,-1.84738190754042,1.70601243244635,-3.07370929491967,1.38966677560887,0.965871059312042,1.88467423710536,-0.599882730785662,1.11088595627907,-1.73407900428985,0.621635782748274,2.17034062259186,2.26170104523563,-2.49502021037171,-1.56874413564897,-2.22464636077249,2.08760599500178,-0.931244260180875,2.66550209329328,2.16701169163726,-1.18418020578818,0.828351505846,-0.669759431856536,4.36871629787482,2.45550990564219,1.85256634020836,2.48258345743005,3.03643627744042
3,-1.83064053677456,-1.76579759837283,-0.970845532586738,1.7945170743521,0.735747554382863,2.6460933574827,2.02352440851726,-0.080983321110176,1.11234590119127,1.38106018277648,1.85506581804718,2.05461296524112,1.49335895627157,1.99146948197485,-0.758695770644666,2.44556429924403,1.83918151579736,-1.60770931668397,-1.03915285032875,2.55266180876514,-1.84300945432033,-0.0805789255554489,-0.13720458200874,-0.246431197786394,-0.494100548313798,1.86520932664603,-0.19400081674787,-2.61231552955477,0.387302982321985,0.988722467191476,-1.59865257987064,-0.97481241275672,-2.36875628294714,1.34065826173829,0.580079527992139,1.36577556286933,0.921883912717026,-0.373977220458389,1.59126115256899,-0.920686088174516,3.83626886215288,2.08559985434361,1.23749248557264,1.54391101853388,1.6365946730168
2,-0.957722877242186,-1.01020846506167,-1.15575090988936,0.834767186498895,-0.110236900887414,2.17585818539971,1.92861295284953,2.38610527464602,0.766464608938674,0.347610839509119,0.728372924231748,0.934738324910327,0.777292146166707,1.5063317210758,-1.78643455390183,1.9366174018056,1.80030005693457,-3.15418933506991,0.0833792737978226,1.40665950131379,-1.40614339841332,-0.804086861500781,-1.27650347592432,-0.546624816978995,-0.213841524885185,1.5581605689791,0.700573395818209,-2.18104533558306,-0.0160056811137432,-0.122908970982225,-0.95084969927874,-2.62205175920186,-1.57256151555528,2.20511006582179,-0.17755199221324,0.839826861145064,1.27562555505369,-0.154581215773062,0.0923430087053917,0.584928447570295,2.44775963468186,0.951511491778299,0.593336202975671,0.957348503389046,4.54232669465548
9,-4.58737918345247,-4.62335819870906,0.714278004001743,2.33284456962663,2.36309045987537,6.64737512532283,2.23182446492856,-0.866312468364894,3.19204709482077,3.99648193680825,-1.44230968013051,4.45175869895718,-0.553536053091526,2.51627903013101,1.40381261982885,4.21187177322783,3.55600018634837,-0.141247980155936,-2.80269415692318,-1.85696434371022,-4.86367899467371,4.04487770205806,1.70701497310137,5.27909314003898,-2.07821535677018,3.74054601830682,0.0761814279744171,-2.16165244136151,1.49544717385296,2.43643639812449,1.96954837854527,0.19927631657555,-2.08679277810225,6.55285742635233,-1.9150948500416,5.58145987126399,2.94924810533276,-1.62511410594939,-1.95471970397862,-1.97741434556176,2.81292886251522,6.26604108969099,-2.76401346809278,4.46839775294817,0.110705232216495
8,-2.32039691662066,-2.78987951994489,-0.945861397694162,2.3155590145767,0.610171288208337,2.72104092955478,3.0313059017743,0.89451647902929,1.665146920867,2.07245293031983,2.64491079387634,2.54993681863251,1.55902925039487,2.05805083569124,-0.393222234545578,2.39569514353966,3.37884881884331,-0.807299160440933,-1.9237527118715,1.91310893357812,-2.68952451428992,3.60986556514151,2.83152575377251,2.78113895104831,-2.15251007963636,2.64993871154082,-0.867129342253582,-1.81315430275165,1.92766548936418,3.19476052633813,-1.37612937355108,-2.16714421076484,-3.29198825553226,2.2640458853142,1.1482220417854,2.20819018954697,2.11358614204816,-2.03681538505126,1.71833273640432,-0.996543676361756,2.37268463249157,3.96576344415535,1.19385897619025,2.45586754697692,2.81000209378522
5,-1.36116427537705,-1.4698445868322,-3.09320418824461,1.35597639788024,3.72219266254692,0.0930213832534728,1.60688773799501,-0.934713393817028,2.60905718016711,0.03738363392984,3.50905768640386,0.306335001255023,1.93558411169328,2.03637883710983,-2.09157564868578,0.620772422620732,1.39039772754795,-0.0538670721242605,-2.52467592924976,1.81323029608056,-1.37274694719282,0.175518016740256,-0.305748670396599,0.520098931460069,-1.69740733667595,0.52756082828003,-0.559732803204471,-3.4961383654541,1.29593082361809,1.23838319169616,-3.61803317086086,-3.36178854015284,-2.04655226804139,3.37824921438967,1.53653421083953,0.18489428751685,2.88164737701083,-1.60262803067754,2.55851454188012,-1.60615952769644,2.86348601620234,1.90547968432456,2.37251507324713,-0.115300692688631,1.9285919297543
9,-1.57537868824784,-2.47609281897435,-0.176285203351188,1.27877214647006,2.48903720028629,1.90073862756134,1.87378908711879,-0.0481462509024576,3.01802547259842,1.80416482613728,-0.591601587128481,1.31262393570938,0.696656048666969,1.84500331300809,-0.59580654482873,1.65398783242792,0.828835617320012,0.210765946361429,-1.2797051638152,0.703120258537193,-1.88853174296341,3.72619388645292,2.8900355858951,3.15639910068534,-2.09119719281612,0.0913279952265378,-0.458511488591244,-1.26180452102929,1.37471236260306,1.72349983586034,0.0612645519667617,-1.47111511826829,-1.14292058631244,4.08173424526518,0.0481516705174518,1.51034078606356,2.70249213119541,-1.72069147048006,0.425475546464566,-1.06689024122398,2.07517006054536,3.35515405730284,-0.741055635282143,1.3133790598953,2.52165107828517
2,-0.659610395818879,-0.185556025851077,-1.71767053767062,0.401843651260079,1.62809411671921,-0.468186708274574,1.24096587954637,2.99509766675238,2.38782085641946,-0.763786655612774,1.05363981578142,-2.04894630673305,0.644130896186319,1.50460719081851,-2.46536440681549,-0.842681267142748,-0.25602946337921,-0.767106242902482,0.393490574399594,0.145878428031174,-0.586838885379142,-0.872541634577588,-1.37178089058657,-1.19727284339424,-1.95777713080637,-0.646648286924416,-1.19050849249706,-2.73505833494687,2.2767940998777,2.03466801239228,-1.81049298862393,-1.88695773088823,-1.10880488137983,3.90434824789339,0.0082066113307042,-1.75495701601521,2.29014085544961,-2.07509833144246,1.331911769331,1.09287272556243,2.39524924258807,0.664460150799343,2.21569653364415,-1.63159917678447,3.59673130404754
4,-0.267102358006791,-0.604305330014557,-1.11176967154382,0.365499045905063,2.59783312063111,0.42102013145216,0.0384382296881449,-0.748972432558886,0.517532181343534,0.0001482931042412,1.26855128715836,-0.259259022570193,0.678961941316451,-0.46152238314866,-0.040324686407189,0.714091966887154,0.536254933841069,-1.81819701742105,-3.65530908627182,1.8066939137345,-0.30826906550556,2.9710019371461,3.20922149376867,2.78822945534144,-1.57375703369252,-0.654745437287827,-1.30434728004687,-1.0945784227023,1.53774176273724,1.84862687010846,-0.834775920015663,-0.684094825221011,-0.645548839135363,1.32420057738865,1.18308241708796,0.466758468767724,0.397131532225889,-1.24488629191012,1.14121984114458,-2.76606574094783,0.63448502198837,1.60412176413089,0.249459287489958,0.209853872957425,1.30068555330945
4,-1.39455116731832,-1.41624880294133,-1.35576636040851,1.70700405885021,-0.306855993984311,3.20713200899547,1.95123025334561,-0.350251774022764,2.20393645051853,0.812675894913892,2.69185640382613,1.22299225596312,0.0378517115661721,3.11881392258919,-1.24537209196085,1.1441069738888,1.92391992540837,-1.78900658440742,-0.708047542755882,-0.213418432615663,-1.68640948575005,0.101723761641249,-0.272176337647282,0.0959544369659295,-1.85422164349622,0.804103111091362,-0.62314458999069,-3.53879975762189,1.07068343264197,1.880663292199,-1.84796546264799,-0.867304901651992,-2.66984458076173,3.46229376583797,-1.14917927850432,0.595356382806757,2.77761616781781,-1.59946616197015,0.413471966326502,-0.16353280051147,2.73144718082566,1.87356412936194,1.45724832199253,0.935097450113898,1.15881298276565
5,-1.53716726278927,-0.956728784427729,-1.50271268608691,1.92721599481665,1.6310323135363,1.29572453728667,2.16231692543702,-0.0284342301858609,0.900609729985274,-0.753366065685553,2.02674939750902,-0.282551409383123,1.25955952347185,2.11326300353678,-1.68677467151847,0.102290084419338,1.33193056848877,-2.29749450247898,0.16952561331769,2.07230185774996,-1.90274153044338,0.28012485756165,-0.0013568209308431,0.570146506919394,-1.14739526911236,-0.166406178983982,-0.743389646625046,-0.529563553312826,1.19496559064824,1.61621357017453,-1.94623228927865,-1.55943223949255,-2.61533392574587,2.1598072893403,1.07617066772264,-0.887988393328377,0.77599392420971,-0.849711504741416,0.984774625636705,0.0379222356968719,1.75134919086984,2.58188915083179,3.31290656374207,-0.196339115496246,1.08621605865835
3,-0.99971749486826,-1.72296276997067,-0.714530526910041,1.02250134061767,0.634555184944533,3.03966741108177,1.76577568758852,-1.79266450799271,2.01852347570064,1.5655654885112,2.89110278884303,1.8482579785479,1.6966871998691,1.18725889030211,-1.0947950816173,1.70468466211317,2.56059529182946,-1.87362587654109,-4.25889564029745,2.04470840582759,-0.845288393250612,1.93234640329461,1.84573683065258,1.49560530456156,-1.81112837314439,2.04326231470377,-1.13468475242456,-1.23720361870302,1.2565825048146,1.79299632538701,-1.83532380738744,-2.39527730753303,-0.989476733445043,3.19810057817143,1.19627303231361,1.3278915923455,1.80686562417669,-1.36777110063618,2.20787116191468,-3.43257468581591,1.88715433546217,0.873207316975529,2.62327852026547,1.64647854199223,4.03065505212469
7,-3.25229499481298,-2.66956835412823,-2.41731323497032,1.90841050695967,1.71112993472606,2.29168796761825,2.51100360408394,-1.12853050191908,-0.0682844860750498,0.765997933157072,1.91069046436133,1.53640747164298,0.879483688329596,1.95945684863098,-2.05945898752037,2.09782652470548,2.35581567310799,-2.3778553097924,-2.45725287951603,1.02255677075209,-3.48221713877696,3.48174504863551,3.47528638398888,3.82855495676196,-0.938602006961575,2.27574618327726,0.12920335732672,-0.547065506038963,0.650044963515082,0.110401801585437,-2.62542778546013,-1.77030428810697,-2.33095999664453,0.0248577176077798,-0.138536106188005,1.51041977149384,0.149966788628417,-0.95176208437817,0.840042122255653,-2.05075106041329,2.79908328503342,3.13941821651422,2.04955886364742,1.5919031272991,2.51055737753218
8,-1.87473755326835,-2.53718537950566,-0.944181332405264,0.95635208688925,2.42171829204762,1.53859942990323,3.01697643006193,-1.3393157430013,2.37600740893993,0.226367996456769,-0.536448444635307,0.410181618371633,0.571496554340734,1.8587027181862,-0.284009459884909,2.12136078979987,1.64397677108109,-2.95654668460777,-1.78117479770235,-0.883922974055706,-1.53428841179691,2.32144406222168,1.72199194204672,2.4505379133873,-1.43826008486113,0.160069821308762,-1.07665714385379,-0.380654331889495,1.36297910974941,1.90910868008262,0.578468238439025,-0.755007426962404,-1.12936934427237,3.58284930567889,0.207163131879806,-0.101817213644439,1.63432216152534,-1.60569572041359,-0.0671814314029821,-1.8696496022246,2.4221360043266,3.03596137382233,-1.06282095546827,1.21954353891205,0.251310119039019
9,-2.44594546244381,-2.43205316888703,-2.09814940332892,3.05479065506691,0.126035766867289,1.79593925358724,1.73746710204826,-1.4946537088407,3.79558075064892,0.308971423745906,1.61811252934517,-1.29573758950083,1.63606774187095,3.68647208684229,-2.82369968237564,1.08535083315517,-1.10498833095106,-1.02634048622466,-2.84588311378725,2.39775906723414,-2.46357724884528,1.09189375908769,-0.493536829283541,1.24305784020444,-3.98421295397829,-1.69983120265984,-1.50455659122937,-1.71162698916258,3.17489676845065,3.91423972494252,-2.13669136760747,-1.65876614513176,-3.62294189964821,5.78522083380829,0.527303959987724,-0.417253433721714,3.26207534718644,-3.70796638941952,1.44762837516815,-2.10000242168671,2.88459554132251,4.75746245366036,1.73870081840901,0.47398938660938,0.351829497606037
7,-2.59533061832914,-3.5343931620802,-2.15190040591903,1.85608871734707,2.28987896122986,3.1535897998127,1.68188865221174,-1.08313874269941,1.99625545278783,1.54471195752246,1.97451961504137,2.77027741549378,1.64120797140044,2.01309777672416,-3.18666227653796,1.97762009956942,2.48858219429643,-3.18455261596496,-3.53342449870988,1.75944094516367,-2.48967397706896,0.386597958968913,-0.393527286589356,0.456617573014537,-2.43515798384341,1.7127083817306,-0.440099979566805,-2.18344539629502,1.74800789693039,3.43472922601139,-3.06741070808696,-2.17308944817394,-1.96824494080237,3.37970210843946,1.1946388199482,1.9694019970662,1.28532514797726,-2.28490056941348,2.93455524329031,-2.28606403793003,2.99730003488683,2.99753723964738,3.70093928891552,2.13280709007944,4.4859396571974
2,0.782972130430913,0.357818858385765,-3.36526104287677,0.302102383392688,0.885104051404263,0.0348737766913856,2.6871634007874,1.50986553624156,2.949109177847,-1.47354608076041,3.34505381902369,-1.87234488125137,3.04291422361729,2.06765959693959,-2.64562934156007,-0.536474994219506,-0.244190752665685,-1.6905680315969,-0.532732091732558,4.30167167263753,0.308948456493546,2.72251176381184,2.97707590678425,1.42341509559275,-1.76153158271888,-0.899391180611317,-1.72557725916282,-0.293865002191608,1.62375008991027,2.53345881156542,-2.98411112531352,-2.34094579753638,-1.55750908890566,3.03224487029977,3.04160943372411,-2.27756205489974,2.85957552669664,-1.95710739467642,2.27974162193951,-0.0304283324667225,2.55023640006641,-0.118864882126248,2.10895902438634,-1.46049916586187,1.11880461081126
2,-0.123473837319777,-0.868555650074936,-1.40494852688114,0.605529027557818,-0.0838574389170904,1.05722193518453,2.58668744201077,0.878063642248594,2.33972889129882,-0.742306936172001,-0.0844476113855159,0.345464905393177,0.526509671977495,1.91690701795944,-0.950276786247455,0.487139074129158,0.65833408026373,-0.186231121762284,-0.487887832616248,0.143388106078278,0.0209289681056557,0.685213778055098,0.347390932044302,0.279978514034548,-2.34847634468073,0.174009207581877,-2.17785230580566,-2.10812854627089,2.38754846399389,2.49873533999616,-0.906147072555012,-2.31480382240958,-1.12709561723874,2.87668217267579,-0.418201806668362,-0.620710752276162,2.01911576863123,-2.46586107548124,0.751165596883868,-0.363777840511927,2.70388517982046,0.584200673110396,0.186451187300309,-0.353572287245184,0.41305795806752
6,-1.54826005738611,-2.2372840217862,-1.58975722463809,1.38488687803403,2.63755706754676,2.7472575486612,0.260246631892371,-0.682958467568694,1.18347865787582,0.878749281154794,2.98746946522851,1.49253909070665,2.1705391209506,1.71630786547287,-2.00531568624756,1.49712172810442,1.58712666350083,-2.35295109912738,-1.95617123669226,2.97119541567176,-1.69028487779767,0.940262816799415,1.18458842087951,0.664389741520989,-0.885415161765387,0.916933300725166,0.246756648264452,-2.48502613652765,0.285863384786456,0.312409724821622,-2.82869700418225,-2.36877022411858,-1.60716522709823,2.49383817766927,1.52548225393135,1.33421128147063,1.4337915286411,-0.400545387110086,1.27217971495871,-1.52941578799692,3.27994803761582,2.25713753922127,2.53118820287737,1.48601886501028,0.573771423249954
2,-0.129632257187831,-1.44833580994566,-2.77547083197739,0.334843311016831,0.911740086834606,0.435708856193818,0.738715105433208,0.0989313745273355,3.7735909430237,-0.27980686006792,0.973629136564406,-1.20442108399533,0.488886929472985,-0.993959395675701,-0.58303407823081,0.0448327771938534,-0.132452725618424,-0.0743491461468205,-0.836224307341065,-0.193299475407083,-0.763317938433275,1.57763745016342,0.696208527115927,2.3777403862555,-1.85676641214586,-0.797041314776673,-2.04042003713609,-1.71686418937581,3.03828949532593,4.30469762116709,-0.910083090238259,-1.97463124461808,-0.695296636183071,5.95732084996159,1.17746023381331,-0.134703951938573,3.9617365718454,-2.49682107179805,0.421614363162798,-0.588822923835048,1.70529172984134,1.30889465514012,-0.13800960185609,-0.397992516336135,2.52420323298906
2,-0.678916199232348,-1.69965192067607,-3.64164376802968,1.56155392439862,0.872100916274657,1.68419465653047,2.8329256788985,-0.872659351130007,1.23612125683935,1.40011764610264,2.28489451562917,0.33314345176834,1.82559200420677,2.64435254996261,-1.92932829061163,1.64973487655344,2.26692940597778,-2.69895087160742,-3.15729453386726,2.32445475499421,-0.81114708715525,-0.0614204361720218,-0.0615553499546122,0.211200365359932,-0.992104428059102,1.6024164211161,0.337319034470036,-0.350375802028673,0.696852804289317,1.48762522185619,-2.55660383955093,-0.441378415521832,-2.62140527071386,1.95022117322264,0.480594955156426,2.08963811952596,0.959334972824116,-1.38443696973314,1.44916571761287,-2.19577280515078,3.48879980049001,0.958290405483395,1.20770040771352,1.48844255340911,0.950958245979184
8,-1.4871032854017,-2.10535008491736,-0.871843494034512,1.46437161284285,1.88482509180659,2.30281315586591,1.55303832085649,1.37357838007356,2.10549961930146,2.46173707421172,-0.431741755986746,0.495165641204367,0.728842074133176,0.808178304135876,0.470722674607156,2.10171106069712,0.262765401033438,-1.40549192444501,-1.79488741238336,0.874339660405317,-1.76940074538898,0.03478139272041,-0.492450559753636,1.47947321799993,-0.974408093334854,0.141495356285956,0.487297657685344,-1.81224548427091,0.248203915730947,1.40563402890732,0.315492374401374,-0.468857843220101,-1.22190778065973,4.68864172846891,0.115882061230739,2.29144474940397,2.70305060855015,-0.627909528072913,-0.447060965722159,-0.413576813560759,0.442175934483408,3.51404411117473,-0.709747859889472,1.64859327276562,1.34482831691231
1,-0.234285874477384,-2.05600278702421,-2.66110178440357,0.699193225868816,2.2151681638934,2.15108656445844,1.64445294735065,0.476551654734715,3.4199383954902,0.329267872152531,0.548735032620817,0.526398306238733,1.59983330881698,0.402403112144867,-1.7170126069752,0.822572372586054,1.95580905531103,-1.43497999847883,-0.848553261318823,2.73187932474963,-0.355110574977648,2.12304175858091,2.16827586521865,2.02052737765002,-2.55977656506029,1.09606277489176,-0.95567520955687,-0.752828339127772,2.10800858286453,3.58624686049466,-2.48078052026809,-1.9934252287939,-0.771527262042984,3.81369866039154,1.31012374161271,0.567007361175692,3.35240080548764,-2.49138148569723,1.76856981601295,-0.162066734814,2.75102363312383,0.144333308833258,1.1498097755295,0.528844182006914,0.926959971403018
5,-1.72755442460008,-2.9040082331061,-3.49207578214165,2.12536257670343,3.90232289072006,2.67694573971554,2.94505197979739,-1.13258628852306,2.06251271866964,0.825508658150574,2.63122770186624,0.91161207341736,3.23918674794987,3.28445728393233,-3.20442817765243,2.29714337510719,1.32003446440164,-2.65563299739005,-1.60302579976237,5.45528235406088,-1.78122413028426,0.357906114987965,0.717901795926213,0.834384588462873,-0.898952092102113,0.755935336222134,-0.677045419465081,-1.69891403288236,1.65897367303907,2.45261239858845,-3.70264780967466,-2.74609975478362,-2.61018132418111,3.79452164512351,2.63280681129586,0.308799269593529,1.83683161833011,-1.61960856893647,3.09077716650777,-1.6281597140074,3.95749405350743,2.28310365578516,2.67491534644095,1.6249349463264,1.52782845835773
4,-0.0509836052606513,-0.43970012848291,-3.12640785019858,0.991596731188957,3.26198816474251,0.478371081567273,-0.947949618316896,0.377476356242638,3.94768783478258,0.693048663208334,2.52855604214367,-0.858920503653008,1.86349570732639,-1.21198880344906,-1.66320921303068,-0.492460007081577,-1.19150972634739,-1.1690683993435,-2.13558005307841,3.71431251381011,-0.597668806616352,3.47937177816201,3.12164734228657,4.31588460310737,-2.02555605478026,-0.985284333835675,-1.77709855891123,-0.571009641874157,2.20384505376255,3.29127565364699,-2.38388938831752,-2.20867542650444,-1.13037202147279,6.72867501731637,1.76264787551484,0.339288054277351,3.92882081115795,-2.5434538580646,1.85313900575791,-1.0381892111367,-0.458944070204506,1.06160495359469,1.97680356501245,-0.890606091135257,1.41240167604834
0,1.58284591607637,1.4235952956049,-3.32971958902105,-0.135765724238544,4.4917842977488,-1.05911026081783,1.6704084880461,-1.3237323872917,2.44771816275211,-3.12947561111623,2.21561479927698,-3.65435921415545,2.60640078599183,1.79076763994356,-2.87917666714111,-0.800248156983208,-2.39749488543797,-2.70501914698592,-4.02141102992505,3.942259729049,1.00001469610717,-1.52897451477809,-1.15373206144402,-1.5517121060427,-1.83979838649063,-2.90539077299404,-1.64764127736843,-2.11936620294812,2.35930467883738,2.11487124437178,-3.61889105666253,-2.8411488143741,-1.53264061715297,4.97562255221172,2.10785005794903,-4.17871745957642,2.26761730257545,-1.96898237190771,2.21261376653182,-2.740759278543,3.24885542957868,-2.14928811577679,3.73693169589289,-2.18152164676965,2.01969170454623
3,-1.34621330830415,-1.66818819432867,-3.42671032897411,1.01949705166131,2.22354915579505,1.34017269166726,2.35187153048722,1.76583841761344,2.38521328605283,1.75466584126265,3.96043003576728,1.0988369942411,2.89735400024994,1.2324233478212,-2.66193022610281,1.43551196958778,0.981658962906908,-2.45056901834864,0.888914460632627,4.46315480922163,-1.41208154745481,3.7582766962033,4.25939964180232,2.46027940051214,-1.75383590150443,0.50315481769202,-1.79298363813572,0.52057462368648,1.3422511724731,1.49398724051545,-3.4898694903597,-2.60551117007403,-1.43368636265484,3.41193940883021,2.7085162739625,1.82528407040319,2.00758373385742,-1.35204794481288,2.44687647110363,0.977120407023933,2.42428490211362,1.39426741928905,2.86614211760061,0.975175766458549,3.03835904428504
1,-1.79221342381378,-0.598314592298154,-2.4095830562046,1.52917345360023,2.90174353176156,-0.79527609023898,4.00276432819649,0.772721537621996,3.29471661450324,-0.685357657372294,1.57805992652904,-1.10751839747622,2.40296191266345,2.91679156695985,-2.97955026726773,0.425630386125088,-0.0665292885344797,-2.86040888988701,-0.919731753219908,2.71753776844087,-1.47181916242613,2.58453401503455,2.45947774996916,2.91813850084502,-1.532427884742,-0.945977981853513,-0.960025267713677,-1.84708228916467,2.37210111372298,2.06717938866422,-2.74373081341777,-2.29338067577288,-2.28355836507112,4.85806068199171,1.14353655945102,-1.06800708025312,3.45714953379761,-1.82902807829352,1.45330074697639,-0.521560508086138,5.91735060063468,0.498380771901912,2.88657353767018,-0.425255066212176,3.41294009958027
7,-2.8678065597487,-2.89408579260703,-3.76686933049626,2.20397756887809,0.57219892930862,1.43200592137199,1.06241285720785,0.535504301208112,4.0513550756031,-0.575027250195886,2.45157092402076,0.160343986516638,1.60308368927668,2.09634905237324,-2.22985703826817,0.591432943416775,0.987243702340743,-1.84301186967973,-1.16160031167267,1.90102937053145,-2.62354156754822,3.84710216956265,3.06414758825362,4.41236380237403,-3.63585161185837,0.0670384284242213,-3.33980575944933,-1.39930919141849,4.22923998914028,4.46210833982315,-2.47755654950407,-2.00937098628997,-2.21348297642968,7.00155070399082,1.34850515957304,-1.03323147601782,3.50806082720013,-3.34862842996765,1.5149385313089,-0.793798925583974,4.08254880084055,2.95455062962961,3.21795619393912,0.398320918408576,5.02506960113913
1,-1.05630130260458,-1.23792872313263,-3.16456231937081,1.2184682044442,3.43933824133084,0.800849817168593,0.711467792897304,1.02727236718844,3.18093673656511,-0.637633984918514,2.56942758168879,-0.869797121507142,1.57096569757315,1.06994435097905,-3.33855945527077,0.06692972880723,-1.3199953851012,-2.00906259863495,-1.47072594396206,3.01971301144979,-0.558819418641232,3.3600556634485,3.24039620645392,3.21955222660926,-2.37731522240993,-1.43113444244295,-1.36903684015568,-1.74680716683018,2.32099533418299,4.04445234603512,-2.85316691464498,-2.06866177355733,-2.00477202074034,4.8424624845134,1.173714835391,-1.02930066136397,2.67014683567819,-2.48899175711013,1.68246717095308,-0.730825707428375,2.80101086207576,0.543906177613917,1.50936992004681,-0.216520370292552,1.92234575418982
9,-3.35137582595073,-3.13766566785232,-1.42111861340066,1.92050758621965,2.53518470579303,3.48195247873405,1.61709336279171,-0.974316303306996,2.50757229891823,3.67706154360678,0.980400316317692,2.50343594583576,0.386447434320277,0.257208477241034,-0.593920041161455,3.15545487882808,3.15877967509628,-0.0060857225681525,-2.37513924724106,-0.149318265736955,-3.22830054186972,4.66444492952483,3.70586243221434,4.46447800484798,-1.39791800675612,2.07188011069117,-0.168205112812579,0.33724736922738,0.408139011961115,1.82614115606512,0.0761101571161455,-0.474406446840554,-1.8682921847725,3.50059308314889,0.10364619327199,4.26894110811518,2.47317186203913,-0.81935589707668,0.360646335068232,-1.53653086863944,1.03515651155351,4.47413469712651,0.83216509758058,2.97516380883031,-0.463699803583961
4,-1.76559607425966,-2.16076788873202,-1.58434427576654,0.934998249102138,1.23166903553659,1.52054329962284,0.911462894827901,-1.25637239615909,2.984225494895,2.35782254181162,0.544475568516441,1.39627145020089,1.03401506403902,0.0039269603772959,-1.62631069861566,1.73944871339878,0.567332109859726,-2.15741826495887,-2.34578268598082,1.427710810398,-1.82530499439713,1.49368310808892,0.534304897049777,2.05542781422834,-1.55494496589293,0.13602490483071,-1.30324688152226,0.354729558323115,2.06679769323493,2.26647729671997,-0.754372366014151,-0.954567696459383,-1.08612931960519,5.39988441047461,1.00495256137497,2.67016488696517,2.01597379246899,-1.88792593134863,1.60548020619378,-1.72442706486064,2.81934074138052,2.2487233501405,1.25761376495499,1.29705125566352,2.92793617011815
2,-0.992207882025279,-1.02735106583111,-0.810970647516624,0.973878105312654,1.93058981427302,1.31934772558479,0.334742764968541,-0.038976242758348,2.49731844267301,0.629535391419708,1.55858774734316,-0.197402565005548,0.493894677584504,-1.51645715639278,-1.24301534567578,1.5744035595357,0.422523034301497,-3.12149679829553,-1.73647005431901,-0.0071151321751489,-0.892748235314973,1.71357182619701,1.2481121657799,1.77078686795387,-1.19055956783149,-0.363314145884726,-1.71741011446559,-2.33996847117054,1.63414127465058,2.07086331136123,-1.23780949658402,-0.665871747274649,-1.198150502971,4.07606289455922,0.743240196911349,1.13580451289214,2.55233434050454,-1.67895100773945,0.95706133623213,-1.58315166530776,0.297903439880002,1.00279466428599,0.0923596679905903,0.388971173142809,1.02398708196158
4,-0.996216825609014,-1.38200134630069,-1.75139914781128,1.20049976858019,3.32605214750303,1.24594154031834,3.10632806188267,1.08241578076864,1.28780746545237,0.766525895383859,2.12281010398654,0.436871995176678,1.66204036165647,2.58799392012027,-2.41262953333976,1.06324918434322,-0.212982724600809,-2.41290774917461,-1.63195206293194,1.9391032126165,-1.32139457995134,0.974952303127921,0.652108761811233,1.4125721618894,-0.0366699113722134,-0.472711782905157,-0.727927380074818,-2.38916217322235,-0.17121122646438,0.582866013405999,-2.11403925256018,-1.91716105689455,-1.7892002477171,2.59653473057614,1.34933148808572,0.167383328781254,1.42736930630483,-0.280265116522569,1.32289083421183,-0.523164595911091,3.71992821442611,1.19937749553522,2.17445825004175,0.638901877028209,1.53018217231144
6,-2.62856337031607,-1.55133732870511,-2.17932197083041,1.5766122597396,-0.849713920979606,2.58968368580976,3.9000670251536,0.643006624895338,2.02365983808089,0.659632148171226,0.251550138498412,0.487147674037444,0.473338274721037,4.79002656740731,-0.411309691729193,1.37393691047331,0.242740745474842,-0.768508891903438,-1.98917657509578,0.494138068920076,-2.2644936356316,4.30280381783548,3.32154748527307,3.20640134179822,-1.83589731626412,-0.383372294457406,0.14418904755419,-1.09694227186131,-0.091859511496409,0.544968838475298,-0.576914172391766,-2.32066681618809,-2.80784572662522,2.13456975960984,-0.810396254892839,0.293160964973099,2.12839058888425,-0.94818706275011,-0.674524431210768,-1.40197729343358,3.74198225068498,2.29864950077688,-0.0387829533492793,1.17360118404905,1.76221430218187
3,-0.573014398458589,-0.935478985438088,-0.540104271298753,0.434564787100714,1.44286974163818,-0.206971154112003,2.54572833358574,-1.92003302825168,1.74275094818501,-0.431409028760585,-0.10773127142564,0.120653119842425,0.325870201657756,-0.294359309248966,-0.74656648252123,0.466667166316606,0.476190946268059,0.866560067181717,-4.64195545794445,-0.0304630463215713,-0.817886110596299,0.991002519222864,0.324353014656936,1.51992236181012,-1.34775294134268,-0.133947527287238,-0.36990566034418,-2.07256380485288,0.439574127579716,1.4129660282208,0.582714588240887,-0.0382227422800281,-0.318663690545356,3.74105391449639,-0.24374020104296,-0.557736097296014,1.72688797721473,-1.48280310903862,0.442939198999169,-3.80324366003308,2.08194244280149,1.78045703461414,1.58167160807966,-0.151748595457708,-0.4143626682969
8,-2.48226688395042,-2.65874564207282,-1.75162306828861,1.5281139056928,2.61794201819024,2.83398297740472,2.33165237367781,1.06143139408509,2.23010513075423,2.91922142395471,1.53164298881657,3.43090525100234,0.805545594455258,1.92836316169986,-1.8187538580183,2.52788793714848,3.59113568729833,-0.67999728889663,-1.34743776772197,0.0851615235482422,-2.48729371084563,2.08172293523883,1.00452298703339,3.3384245997855,-0.752028155159128,3.40681542785243,-0.566259446670751,-3.96431956686304,0.757863564415377,2.09471214269471,-1.04424636516578,-0.800589375662002,-1.86767125081254,4.4036613562505,0.434092679232255,2.87368116540824,1.94486813754363,-0.822926894520097,1.26641983478744,-0.554673397336292,3.059640225768,3.41339473705281,2.39828525305166,2.23280112137583,-0.326498577909297
7,-2.25464180084897,-2.36648220742179,-1.2441065840553,2.01543206090067,2.23786962756741,2.11894238873154,4.11654528348498,-0.35863593985851,3.78154015898287,0.659765433480602,-0.342710857123968,1.07822803180289,0.236330115538328,2.83799738286504,-0.652838135376778,0.942392493815432,0.700518747461462,-0.487403750315803,-2.62447665668228,0.505513768696552,-2.28035457671778,1.12080129461575,-0.549672252052586,1.69215917542652,-2.89655317085775,0.255872827626558,-1.28098684821536,-1.8991077347722,2.25016333905231,3.92034552256662,0.466266314031973,-1.11256044185746,-2.18963552696092,5.42381224210628,-1.3254447870415,0.27737358522503,3.29547462455396,-2.7526249796348,-0.784363914317935,-1.59277720358415,2.30905234493424,3.0235728717854,0.195357493658626,0.853410128390294,2.82922602534583
3,-0.621509828345722,-1.48035300216986,-1.99496189457622,0.512789747626681,1.17210225623754,0.479687760759454,2.03553272974964,-1.5447834384698,0.153746236584353,-0.653175302431648,0.58724851432473,0.688483076318128,0.0707224222488287,1.02991940803116,-2.11437723174362,0.51791749727412,1.17299777256998,-3.95765456390045,-3.4931362592853,-0.533533066925507,-1.04175598458566,-1.57678942859127,-1.81799363710068,-2.08067454912959,-0.968677959528314,1.0866828843874,0.459853438875186,-2.72206981615741,0.148811491983762,0.359712052573673,-1.39325445363577,-0.863297520707218,-0.689190463441939,1.08487193106695,-0.974166055076325,-0.181083485475726,0.518942742425138,-0.255949587222602,0.785888619677609,-2.08953560237728,1.94107670575747,0.908612590421855,1.62389060295728,0.647636440428327,2.42448835517356
3,-2.30837653219865,-1.9181633195353,-0.955757902236878,1.09170073541539,3.49701436531299,2.69267828204049,0.537157640031034,-0.515431663391609,1.65879858366833,1.17453621318816,0.516235879193147,0.556731694294888,0.0172089035370333,-0.0833184306794998,-1.02797792807637,2.20249823798155,1.47685233067078,-1.14383576698597,-1.21360817020058,-0.595718535006881,-2.29603446927133,-1.27308186626046,-1.89623458687755,-0.625751961542668,-1.91356560914069,0.554865010090433,-2.10774997956068,-2.23403951538799,2.34708588946916,2.49335507759739,-0.575950657546903,-0.807419587009179,-0.74417830333391,2.40136216428109,0.0409489765191638,1.17216344991506,1.5791470414112,-1.65587424249435,0.197859578620225,-0.86854637250355,1.49150415419063,1.94519315409853,1.12973392835167,1.23068785518777,1.79237994070114
5,-0.0591564511187448,-1.96647182430165,-0.579142575700476,0.934104690067998,2.66129680385555,2.71502577052205,3.53861318137509,-1.36776913887867,0.885550030183768,1.61581779686,-1.86932913174992,1.34331864445505,1.48933728292576,1.60691987785189,-0.184327273323243,1.27888810328159,2.15397970194686,-0.465643609399943,-4.85670901782512,2.48595823928456,-0.255689247791365,0.0619068469272433,-0.400803389627988,1.60767380690219,-0.435278900128755,1.22861681542318,0.154014759519355,-1.93967926809034,0.27834827438595,0.582349467346374,0.334352499579663,0.645332812601942,-1.667774945514,4.93496978637914,0.627356658497214,1.65920229808058,1.15766340901402,-0.622035881683217,0.574930177683825,-3.63833755841101,4.35027898574315,2.05809876788036,-0.258234166245044,1.75517890760677,0.993229624757257
3,-0.0453922124216034,-1.15818749897336,-1.78985781086108,1.15477191828196,3.26047833566088,0.688376780276738,2.18093655933137,0.943446923936916,1.8175334617314,-0.908627179014753,3.48166282180142,-0.988208135009746,1.46889382344225,2.36074183257761,-2.36497785086476,0.358596193493005,0.698437837571581,-0.783328278633347,-0.904858220375134,2.26357123603364,-0.401043924422908,0.909216756460719,0.696973833479807,0.925852452725963,-2.48940240357033,-0.0252570473426081,-0.407311943112389,-2.33167748100087,1.59479790127307,2.19517722034444,-2.4600235743587,-2.02069567311632,-1.71915937116019,3.25540921472085,0.375288894618397,-1.27966808064668,2.02355453125536,-2.382544590147,1.49214502373936,-0.0943960579204373,1.31068541776921,1.26617742689172,2.50975451305717,0.0063166739878449,0.478460730131623
9,-3.89885096396074,-5.07103660212766,-1.56838227115235,2.56159031170627,3.83822653015173,5.1032711264482,1.78628910319255,-0.0706973255992382,2.30445184656686,2.14197635690285,0.537832669921202,4.46026466828331,1.48414389380298,3.33289330697211,-1.9895757613213,3.9167926249415,3.1695944846281,-3.40703827068599,-3.70030962916689,1.6485588483231,-3.43199158639055,3.58697947908473,2.90407015874798,4.69955561011943,-2.05035201177904,3.32606507800599,-1.87425046139931,-1.75173576060707,1.41533846689526,2.66215824192208,-1.94353722636345,-2.28839722314646,-2.53655703413532,4.64599242463107,0.367845901207874,2.34506808542471,2.1539104279089,-2.12167462110086,1.29509590221987,-2.53376406778354,4.41075993342198,4.89881903379972,1.87315205907204,3.78767310107928,-0.0778180139581252
9,-4.32738258680508,-3.45636161532753,-1.17512371544622,2.38721297970039,2.9759560894715,4.53234610278454,2.91818487139583,-2.53671845770037,0.0978788905030785,3.16376252851183,-0.235707498527468,3.61831236162845,0.0994578439518765,3.78058548565539,1.51198798481431,3.80487369573482,3.88683771668488,0.0459525038277092,-4.52973647892646,-0.524102650709573,-3.68050516339721,3.16716625287717,2.11687247541705,3.93115165998091,0.245348431444482,3.30155275273835,0.410612391033474,-2.72804432681684,-1.03642059782978,-1.16279150311339,0.908936309543738,-0.711813202120061,-2.73449351169412,0.960978704936333,-0.971476975413548,3.81327280365302,0.663446131968571,0.949408244168078,-0.348836549702351,-4.12381832949486,4.94620791627579,5.2698911028299,0.438780984362333,3.58511910277213,1.68775607091517
9,-3.62747773611288,-4.51471841093812,-1.64826790452032,2.16647732964665,2.92747546502482,5.40953048648008,1.51580000579593,1.82470684131241,3.50012837828979,2.68157004714418,1.53235791064379,2.41487370208303,0.298570511259858,1.13616084354654,-0.618330802461715,2.79866499290483,4.06489748904822,-0.278990267997611,-1.29335622357792,0.242868374245563,-3.58646145989454,1.17370624421116,-0.690708279847722,3.56343420120334,-3.42437093043935,3.11214263007349,-1.8623571249111,-1.3407815849,2.89137232098531,3.37008703856771,-0.79944792296407,-1.98122030738223,-2.02348465624255,8.40627264936136,-0.104927731658938,3.23731702742886,2.80422574144564,-3.29124597826569,-0.273501232623699,-0.361481583467889,2.86885746374992,5.65311183544371,-0.660294080084221,3.11245087725387,1.66530658156002
5,-2.00281999559151,-1.9150055982077,-1.93903577358215,1.60134886152178,2.94786538525171,2.20384720426718,3.63790257406869,-0.584697510210039,1.82187936407451,0.80121769770224,2.7361521423028,0.79045549811073,1.91154167659155,2.3001655825396,-3.02030799335865,1.42520813826869,1.2236296201987,-1.11644827680409,-3.25583926067951,2.70301134567805,-2.08445295740054,2.52499414753476,2.26435455550932,2.45677461618088,-2.06046669517344,0.542304956976602,-0.421864635011032,-0.717031409744036,1.21336853023309,2.35543662647734,-3.00397489829762,-1.51105051853553,-2.31650577218674,3.11498740569463,0.975397592073953,1.16582494238178,1.23631333231158,-1.95459407221555,1.37899871413433,-2.36261757488149,2.1730953724747,1.87465129339968,2.86671212869442,0.795749373529261,2.32691004561921
0,0.879099549807642,2.43341906504496,-2.31251477875442,-0.256545798869753,1.82570039221924,-3.50339970311978,0.358175473979486,1.09570107810381,2.06763103844598,-4.00813309730889,2.67899397296252,-4.01097071223686,2.29088130165208,-0.65128982132176,-1.40003160034973,-2.12680759347589,-3.55197752082584,-0.30466296583507,-0.798421945300873,3.23819390387441,0.893504310106757,0.57898059165221,1.27584799997628,1.02406854980222,-1.39880115679506,-4.28523471367967,-0.427611743251788,-1.1821998172943,1.21612861702012,1.24311881868171,-3.27599906291645,-3.78775386881192,-0.823173871486344,3.27064520152811,2.97129852764647,-5.08370602279757,1.07921896430664,-1.66401377366584,2.83498140604805,-0.562495423166414,-0.151110963654255,-2.86275082180919,3.53830915127396,-3.60967565935999,2.87248267050714
1,0.634372724633619,-0.633626780472145,-2.49792293708355,1.35067981654993,3.55604912468873,0.128871434917824,3.06375927999962,-0.333258177777434,3.32646763930932,-0.807477709226351,2.5300054628769,-1.81771996905824,1.91705301213518,1.13855333206074,-2.37424749550587,0.0602941891689663,-0.98425719741266,-1.49048063792154,-0.142238082399797,1.4642383310401,-0.0098900829282185,0.96239079347608,1.09049947099488,1.35614981879797,-2.46932397877637,-1.83578543354355,-1.700471492921,-0.647368717431453,2.92393941610434,2.89669981476021,-3.18442773751682,-2.9344366493977,-1.60142923247831,6.05683802826539,1.91556873981858,-1.51843724691115,3.12521220461115,-2.18165800739029,2.30767348109496,-0.189551642078277,4.100080945909,0.129200852026573,2.46998761208998,-1.12527749305516,0.0684487131516604
3,-1.52035524418788,-2.38309371910324,-2.97403152189855,2.27492333886985,2.84896370598628,3.21730677754141,1.8319541922116,-0.862496971156235,0.934781888265457,1.542496644599,1.84821310728976,1.74862047458565,1.85480860279478,1.92932684179951,-2.537409342891,2.37252886202087,1.31956036736305,-3.31267033575987,-2.66539054088963,2.59283561419102,-0.975363221129951,1.89566223822484,2.18447653240934,2.82449951379016,-0.569084558697995,1.00774083267253,0.691060381353966,-1.81099067352315,0.0667034120764531,0.511148997166422,-2.27068021174709,-2.5192548778243,-2.38726729649564,2.51434726380178,1.30777054028093,2.45325074844956,0.74222635445806,-0.456688421491596,1.81311166321921,-1.93589008589285,1.31900247300924,1.92989022767624,2.36826426226841,2.00225508488511,3.5429290340213
7,-2.42656179447962,-4.29442559623203,-2.08617477478331,2.48464683976937,1.32988163606571,2.99133783694063,2.85766127919455,1.25534128859467,2.24296984130067,2.333301220543,2.08133188836076,2.04037503957617,1.9624140835769,3.44571637320289,-2.63828086359512,2.48097754035681,3.55625373017069,-2.22254885817584,0.190726397599448,2.86533259229722,-2.37588454858212,2.29397064237695,2.40769820593534,2.08496951530724,-2.02356941273083,2.43496664042653,-1.27110885484042,-0.768554136371069,2.23547381243336,1.60292810961616,-3.28939242037238,-2.91562916753096,-2.63977628093284,3.48932075745114,0.736525369400239,2.59319801901128,2.2602821394483,-1.43541339393491,1.94122192354044,0.587506375413435,2.83845410691179,3.33132019124891,3.27942906099368,2.63545871902357,0.606987394620482
0,-0.0906152421577869,-0.433661943703928,-3.06565846701195,0.743569410397564,1.0754882775032,0.158423826376968,1.60024402848591,0.657796871278055,1.23468695814479,-0.162449358447875,2.89858184937278,0.167447893094343,2.14262639888888,0.800643793720548,-1.71041882798047,0.683894785247836,0.393172667917356,-1.74629942441975,-1.3472700412421,3.07295424797449,-0.338756241822854,-0.535577018092615,0.0978729181124866,-0.376673683976932,-0.101913148089981,-0.180310882577071,1.03832737661028,-2.2332822760366,0.463442262623157,0.245151301408019,-2.64175027615811,-2.11114086431739,-1.67391360496053,1.96951700997228,1.69017049412519,-0.229547589358562,0.925995262718133,-0.653472547634032,1.55683693758034,-0.634042196700737,2.54705627843215,-0.326576539070865,1.91796686052577,-0.0520049156951044,1.48793086169421
8,-3.87562318086381,-3.78100787514029,-0.65549719339859,1.48432423991564,2.35179691752126,4.64143207957836,2.02255267586822,-0.743292015497415,2.32707769706205,3.48619605960367,0.0984167234544264,4.11159384562271,1.03264656882949,1.67675113420277,0.637902451878805,3.45809168611388,5.37070057066687,-2.238935573717,-2.5498024976593,1.42455489471976,-4.14730243535765,1.10895746877381,-0.137558859831814,1.88873503004287,-2.28643729302777,4.31452095025059,-2.31430106920321,-1.59411729669084,1.98569964069575,2.36406349101268,0.783109737308586,0.500603159570853,-1.636536066228,4.82271385308298,0.776200238499519,3.96859662047758,2.44316537013204,-1.63078587635165,0.111014500303893,-1.72491789425392,4.53706471371826,4.43167331335875,0.142973653869274,3.3369366387518,2.47316904590516
6,-0.496751282133098,-2.27262138788276,-0.405248750848602,1.39297171096577,1.35754274050303,2.82156948403996,2.96427068448094,-0.585919382426186,0.485614763933859,1.33820868651362,1.14538547905321,2.56556095105514,0.878559385407548,4.15943312453777,-0.519465796879726,1.64591281736565,2.79862611594769,-1.57652288340665,-1.49101890908289,0.918437270641506,-0.764598166592555,1.28195447729133,0.687255137643967,1.51627304276148,-0.654266052266969,2.37472688231344,-0.774817469833845,-0.0228486220714558,0.312186608070847,0.134722802008983,-0.265244944574158,-1.11599369695919,-1.50143105121473,0.622214909419573,-1.23668847622806,1.1381554359704,0.0635047490617723,-0.570528558201798,-1.10038756546587,-1.25066743552121,2.40173693296594,2.48680400723964,0.637648908552068,1.71571106957408,3.71102501207719
8,-2.32094397125121,-2.69021225004972,-0.830663479084381,1.83009655813646,1.26650539370995,2.503041424143,2.1206827770045,0.0350647892841439,0.949106674340518,1.52132779435787,-0.112361049582333,1.49007720155033,1.08799491183955,2.57770902249275,-0.504081181164648,2.43670314699913,1.61495766027786,-0.928973723920899,-1.82342475993866,1.0740964417288,-2.18685411359946,1.33300140840678,0.806285504752948,1.25229516262461,0.17526358920839,0.690481491771203,0.341522002584989,-1.60334573388511,0.390347336306181,1.25776023937456,-0.449981254683819,-0.606547594876894,-1.92387077488234,1.67914049099948,0.168092406492972,1.51719644147198,0.422130397792055,-0.645015628163512,0.724297302841355,-1.21475122350133,2.21522274426488,4.07938273412833,1.13804690473222,1.98124747837066,2.71783246285344
0,0.95098915745346,-0.795077258009761,-2.24654465648082,0.438892546876644,2.96001889138899,1.38548932025455,-0.0196890145680186,0.298163550166063,2.17381669787884,0.191195372924678,0.8377756540127,-1.80969604810607,1.67424918703451,-1.5365999309932,-1.39660909340184,0.356640542998625,-1.31626599278118,0.0100246820040724,-0.898304729538066,2.87297776556159,0.0744487071238044,2.05025654534587,1.96843523849888,1.5525467541477,-2.11749303013461,-1.80542658912312,-0.929539502170531,-0.52398734458992,2.14410187173388,1.99229727358318,-1.48207076319534,-1.58716100641281,0.10738164669361,3.52122757503999,3.21668412458268,0.112075135223327,2.08849136038849,-2.15031506423675,2.16507043040566,-0.776349299021747,1.44688225447855,-0.183729903584733,2.03514453770059,-0.515526114729782,0.796908744263333
8,-3.77689216951813,-2.96132601788301,-0.729963207232056,1.30122817413056,2.49491446443376,2.64454851570495,3.00202960701297,0.152110200001418,3.21876805841304,0.886150379260233,-0.740597071051969,1.33498013385053,1.64265324190971,2.07620736368062,-0.767417563285731,1.39134586906436,1.14049507996759,-0.409291089773871,-1.89221347716131,1.7216360669402,-3.32583281000325,1.40124706179567,0.214000518546677,1.63484869367545,-2.05751034168632,0.762922684501097,-1.08749843947893,-0.592685828218104,1.84155454054301,2.2251711655272,0.221100652050835,-0.92646232297688,-1.15941394115074,4.06527776980615,1.43902826138796,0.569448394023254,3.3393519080636,-2.01129815314692,-0.120632335270026,-1.27160761892428,1.37002905016823,4.02443535830146,0.620428327542683,1.71519479961922,2.61869685089377
1,0.566507343353116,-1.23794342184508,-3.47168173989712,0.247489220895784,2.99652760691941,2.66481310386137,0.88612485069273,0.90946786519581,2.38306427422163,0.322554289971754,2.34662681997949,-0.451211776256507,2.73258703893949,0.221094064366845,-2.82900342801245,0.193895835532233,0.933078666850777,-2.84438642482908,-1.33297849029253,3.51622147263597,0.616727403096865,1.8026682121158,2.1467521091342,1.50158963844123,-1.51125456262358,0.0503632770870332,-1.31162466459097,-1.25487216381522,1.27589270180801,1.17484217175513,-3.11594964454841,-3.08330262663203,-0.981621222715259,3.71132264507053,2.92461712773998,0.19094406299879,1.63577213886634,-1.59430187021946,2.45589189636331,-0.642724440883253,0.808329788453959,-0.360296701311571,1.65570172805436,-0.12702204791878,2.12634490648741
0,0.12554317337602,0.0304079524591294,-1.97230497980827,0.0208339229243981,1.06988446305312,-0.222307634894408,0.993333373286731,-0.660774607063807,2.24482606046118,-0.147100300353113,3.06777568558821,-1.55064925688336,1.58104119414043,0.707156930340368,-2.09863929785409,-0.348288547680671,-0.299257810129782,-0.488434689956969,-3.0496726096059,2.42711569442675,0.0489327017015294,0.439870109262259,0.118264909628865,1.19730377548125,-1.30142183248637,-1.68623181209119,-0.910274723861628,-3.09314675779601,1.79208222302596,1.03515849178665,-2.01339005240751,-2.02486248689771,-0.900343276424637,3.46041133763466,1.05219801226153,-0.70562095311466,2.18834632391471,-1.24910200290664,1.30067220857808,-2.14933424829017,2.45776781209052,-0.53936623344732,3.38299124772963,-0.566176140126625,1.55073901247092
5,-2.22048106555617,-1.85219961846877,-0.607243334059492,0.642836833204029,2.15115594314062,0.944991707175709,-0.30814647538373,1.24523091286487,2.55267126015628,1.7706647063952,1.37440670870446,1.11433312928189,0.337024570563248,0.429699581785235,-0.370560346492816,1.26039590495121,1.22478399620929,-0.4208770737189,-0.932035235573637,0.771538613510526,-2.40088995941063,1.7086564051048,0.584843687659481,3.37148343166133,-2.41688583886785,0.138148141908907,-1.39527846887098,-1.83515337106618,1.68068330640593,2.19027013658622,0.302337413549873,-0.805777230408498,-1.14394913998582,6.96951716878539,0.353856085189777,0.966406672085357,2.49982317321511,-1.87680458050108,0.945279893278536,-0.413338492677393,1.96678056867111,2.17355274294473,0.125122056368629,1.06183588635783,2.0907156854754
6,-2.41149045101728,-0.825154574499354,-1.53181584603465,1.5653220435613,2.73399451972918,1.21200083547962,2.50881149412994,0.434594048297729,0.165799781759583,0.482401715622255,1.63131230663473,0.376129891701819,2.28061987215224,2.327384487405,-1.43557645938959,0.905626570602482,0.827245325088533,-2.19432680661569,-2.12822391506023,2.79021035482131,-2.07413816822627,3.08541696835917,3.00648233290775,3.39627872622511,0.331637335898166,0.0604688512366995,-0.19054855599543,-1.70676961495788,-0.335950298021877,-1.33365470042189,-1.90570762981092,-2.49576657448814,-2.5611393716348,1.37999259798354,2.0678348758544,-0.390038808867279,-0.143700665660922,0.398692141051174,2.25401624037262,-1.19117591414143,3.41848325668802,2.38881216465111,2.62347103956001,0.400840311309065,1.98912290459543
0,-0.477593750627298,0.15323739335762,-1.1393013699212,0.39945722652091,2.44955504727641,0.239836603434809,0.223388060416109,-0.342678329646117,2.37991573381775,-1.49935529843357,1.45525032417827,-1.24676255002393,2.86597386429715,1.0639917202121,-1.20426367190958,-1.06249126081893,0.24913891744611,-1.26991876451771,-1.06208360901215,5.37029407218952,-0.928853264226821,0.14067543389324,0.269334723927684,-0.838540488696565,-1.8722435755758,-0.595361374194414,-1.81098066104478,-1.47725543544613,2.11486870023607,2.40527883980537,-1.72056376819468,-1.56455457442016,-1.11950356859005,3.46057462794526,3.52073346036685,-2.21899015329543,1.25387698249088,-2.29436080592357,2.11612171472139,-0.668134063256357,1.78326741220099,-0.332212262449431,2.85668317982934,-1.33381372465058,-0.507217031663427
8,-2.63944069889234,-1.54213490286201,-0.41527473924185,1.11801376181274,2.71296071507667,1.53243333596681,3.13168698929079,-0.0430992221583038,1.82683199240984,0.984575116325242,-0.413193774332127,0.741531769503144,0.66675194586569,2.66096198602698,0.220393665022934,1.15144883992958,2.37274156672959,-1.25287245296204,-1.80806745433402,0.469688456626171,-2.47718380822317,1.99991406338844,1.15671310875198,2.85732650260947,-1.50189159874748,1.75222524683585,-0.977976578025264,-1.61456380558329,1.23574176003242,1.34976058651691,0.823275638993711,-0.694380041528945,-2.07732930856931,3.60318077681126,-0.484451008626056,1.21041576048334,1.10353168187124,-1.45779027808278,-0.375594531285866,-1.3342898686517,4.84563244410831,3.2539399694936,-0.179402055146446,0.606785064703452,-0.463808154253344
4,-0.719332149384678,-0.91701940329359,-1.10331997208213,0.867296273831486,3.24227393045332,0.437346149078542,0.0370857768842927,0.478694344597208,3.94181946397453,0.92468059365323,-0.518005031106813,-0.915386979572628,0.530679929797197,0.0109830785244938,-0.241529005654,0.677456225062074,0.756177899263851,-0.63679849154583,-1.81776129155877,0.661342290630227,-0.11669308614514,4.08926252234719,3.18869316488559,4.27997332243295,-3.14583712339595,-0.311812489319271,-3.15494391000058,-1.41263535936364,3.39814902645062,2.88788658822199,-0.484987994459352,-1.29105302197248,-0.455308205741702,3.97813515905053,0.507906012084391,0.663730293469212,4.08172916163593,-3.08413290449789,0.0999101438676515,-0.894627433960375,-0.206801864273418,1.22899213889661,0.801300762003104,-0.0107568525897641,2.38403245852551
4,-2.31204844200135,-1.60962650010438,-2.57922065812898,1.25004751197881,3.59701242777706,2.51041970368608,1.53154657495348,1.59235022812928,2.38269651983533,0.368293122898133,2.08440484389807,0.296729918246918,1.62130892996625,2.62815687589838,-1.8035603894822,1.45268447620013,1.82927201246495,-2.45046613580544,-1.41988161983473,2.28398904738883,-1.91171857511448,-1.49073368556245,-2.1655128930594,-0.290069490997501,-1.05752941302774,0.840526334974682,-0.321706914541664,-4.41742563088791,1.87742820248055,1.89195642808149,-3.28523955724341,-2.66637760360261,-2.23093531944983,4.39092989898492,0.832132251702218,0.603748088366284,1.25439610988307,-1.57939889726548,1.59785795642146,-0.0339687781664724,3.70497743893304,1.39468715369457,3.92593412401938,1.01357105362749,0.559507592866261
8,-3.2370006525814,-3.0114293270157,-0.578485341677831,1.58166189116096,2.33371429592405,3.17393540122621,1.18809642660573,-1.81828519301118,2.42751472938133,1.48807738482761,1.23122272195722,1.4923688562429,1.28811377366244,1.59657641242046,-1.81533027988383,1.80364448254533,2.2163622602096,-1.03240522843498,-3.01626998426517,1.46603425049845,-3.16783627172131,0.84836467287737,-0.0623441415995409,1.38785491974076,-1.727494860634,1.5186801186996,-0.615508481058989,-1.37662955731074,1.25778607466987,2.60797212804007,-1.27804857679576,-1.97008582532675,-2.24622385451161,5.18601474853951,1.16957844056936,1.50834601503718,2.58538675676167,-2.02307613221755,1.09539066565842,-2.61433887416015,0.338810977557947,3.79085460028331,0.562148608838328,1.67538793105703,-0.150426526490093
6,-2.43123949516609,-1.74562029508135,-0.526199117215563,1.44278232651609,0.184038125001729,2.11181660325874,1.16794621865808,-1.2848298825029,1.549015986503,1.64727736735486,0.214921049873107,0.374303819610352,1.1846953662306,0.901340649044442,-1.4176518971726,1.90480642049934,0.721662075316528,-0.914230340075462,-2.88700180758711,1.02311507683547,-2.63413860888319,1.05089752401079,0.432491825336637,0.461236348367676,-0.240975699555625,0.118091746894004,0.455580334011815,-1.73247944622065,0.9731271634618,1.48833860722321,-0.746352831902084,-0.619583021904098,-2.04713383250684,2.61589175039211,0.659149726458946,1.67712801190258,1.73591029739088,-0.640716891662624,0.84158879041617,-2.50776392242873,0.776917208227959,2.80811674504677,1.66172559915208,1.23113057512364,1.29024218842496
7,-2.50865692121698,-3.05408916078456,-1.26546792562845,1.49556567134567,3.81955194193647,3.80684403352657,0.339384755330335,0.293827854830561,0.649680068113001,1.72623044073086,0.276776786089064,1.21387955997974,1.24056665893919,2.1720427839144,-2.03614789009597,2.05915176159516,1.42997140195746,-1.61905334425338,-3.19547648486498,2.13809492504785,-2.5083803857574,-2.25580609732795,-3.2288842043527,-0.664797893768549,-1.62313768754324,0.632283094359125,-0.513731941180026,-4.82083064572313,1.04132160941744,1.10833033013702,-1.4762278307895,-0.40445068705295,-1.68312228921367,3.27263757906238,0.259911392060121,2.40642862043278,0.16308025635063,-1.11626458386119,1.10206479035212,-1.77580052985861,2.62550431123506,3.26577773551199,2.28164304799868,2.05860801959898,1.47130270528014
6,-0.809637163207269,-2.54849333487946,-2.60454507319381,1.61944102257363,0.66205631170817,1.96984705079524,1.81363540845796,0.169579224601057,2.54878664111563,0.661749458385176,3.1560479880618,0.386780033353361,1.34828199156181,0.756755037723683,-2.04669550843123,1.00181584985768,1.64698266134721,-1.83980424638466,-0.914395831966661,0.425180582094357,-0.899751311570411,-0.54355641820574,-1.22761309029632,0.15764050526607,-2.32114250589713,1.02434216844664,-1.4557815156304,-2.31461044229326,1.97659995557631,2.73558887004794,-2.51407854406958,-2.15456090167369,-2.02612540684523,4.4237951946533,1.03573878485848,0.521898161830852,2.68338042641816,-2.22970288470271,0.901334115408539,-0.369702047586541,1.74843707019958,2.44441324031379,1.30155166987299,1.12321638260529,1.60052800827296
5,0.347125146838662,0.19091978522177,1.1923932203276,0.479446672593824,3.07849076629558,0.236763880948333,1.20833921528037,-0.352818760861143,3.00648046734954,-0.192518142361887,-0.022498417344619,-2.5288325575519,0.676805365394702,-0.150951842124068,-0.476098780792293,-0.435466146014845,-1.78007614314029,0.954056964190632,-2.02565077878643,1.1269524900673,-0.320925698812732,1.51093508982617,0.656737915945088,2.65864610761293,-2.06009312563636,-3.11589396413534,-1.61376967403168,-1.84582638020566,2.87951112313845,2.60686023389477,0.0717761674589275,-0.979579321176957,-0.435304219523464,6.43035570870315,1.27174382089412,-0.556178780197844,1.80894549242051,-2.1531654084467,0.0673663605028598,-1.47391146271632,1.88934306685091,1.37728044516789,0.372086492781892,-1.06598391875414,2.31101808567184
9,-3.503570097614,-4.00720015979184,-2.00361596707493,2.23360309113073,2.94268264609625,3.6456720765268,2.74092731309753,-0.669734968035605,4.54319700564451,2.04216754691615,2.07840756011734,2.52225493521086,2.3784443335656,2.86444507848157,-2.34071165528918,1.62752841224485,2.51408278572253,-1.16934935022145,-3.2266619774216,1.91678742094221,-3.41499805223423,1.35787389747762,0.405077403459736,1.64761843581949,-3.57766569048808,1.7584002589672,-3.30001946307931,-1.00119568007426,4.54123512600064,5.41202266106948,-1.14730920156238,-0.103337273808584,-2.47688250396977,7.24222306403493,1.41504196572547,2.71512127646466,4.7347868160216,-3.75317172205615,1.48492869898085,-2.48967291037263,2.1477902865194,4.7537924288819,1.53375386940079,2.52537862009471,-0.314970464115783
8,-2.65526472464783,-2.32148977442077,-1.64857713126687,1.64352827812439,0.539298416501844,2.34729784820865,1.51349913815607,0.837581131932545,2.42721537335859,1.74401557871886,-0.312589518439774,2.03965934203467,0.34082855236219,0.375409133509529,-2.20883631692037,2.09953170661573,3.47261339934039,-1.13930601950838,-1.5427733665872,1.34226760939319,-2.14738244985571,-0.10685564872038,-1.62053789443745,1.70456672610182,-2.2140792010765,2.54528254027959,-0.228272755174815,-3.86796045085739,1.46667639450608,1.8078714382575,-1.29502312903858,-0.0745098842112256,-1.15790323518788,4.34163776751177,0.265443257576044,2.48390119576737,2.4311718625595,-1.94835299742509,0.241141503817216,-0.512938182077306,2.25344489133992,3.03308307412419,2.24495630698835,1.70111572858541,3.05159039865479
1,1.00236144395333,-1.73569923083071,-2.36039676654889,0.484733813114498,3.69269562217182,3.28024108453025,-0.288898082454766,-0.370500416282406,0.990995969643132,1.38817158199745,3.57593394853734,0.954091911896348,1.47730271798834,-1.02640327633125,-1.28115890743054,1.6574603256067,1.76893293619674,-1.31011448138032,-2.37434866610018,2.42773448954044,0.874513083679797,1.4968217148445,1.40608461290964,1.77139246902586,-1.01820943936716,0.87657796757059,0.0295411060274359,-2.63845766122731,0.874965105718847,0.434936750584672,-1.9158332239935,-2.60659677630229,-1.07168511586147,0.782682923648043,1.68112574563551,1.97078841876665,1.37065934240192,-1.22701430686725,1.64248124880242,-1.88343629586733,0.028265206740267,0.201099371789806,1.60863207356992,1.25186805945053,2.30148308436793
4,-0.391888258045408,-1.64173427197585,-1.19241579284689,1.17151397940347,1.35636394355676,1.94663754065985,3.37731967229037,1.40067748932126,2.93537478518886,1.25284664863607,0.851609578033528,0.937828129687469,1.19064295049675,0.89802994463452,-2.19533957121043,1.83426908136419,0.965669621267437,-0.971597879112282,-0.0838675329076379,2.23426698829689,-1.03950203229827,-0.510044180829843,-1.11149817652554,-0.769803659628518,-1.19504366294253,0.946505997246963,0.0602409836248159,-2.4978388132912,1.72242904035513,2.00973573367729,-0.937930312593803,-1.48929852508177,-1.96316144143967,4.48129270862866,1.24407259435634,1.61035214440885,2.15692817739298,-1.41584967070746,1.28565432026408,0.446471447888784,1.94836080510424,1.70955688716717,1.07855512392048,0.917745378849579,-0.270298373791855
7,-2.17848479202284,-2.31678655280013,-0.375136109485861,1.93347921082973,3.61002737886558,2.02346333308796,1.03301335693884,0.327751756672542,2.97449899942432,1.8878807275305,1.55371953549086,2.50244852395658,0.949884700897023,2.57654728969738,-0.0149521579161944,1.23419598855515,3.0404036706846,-1.15061383590218,-2.13223614287823,1.35900380001385,-1.83105142599088,-0.270510593402654,-1.58463735529173,0.488970764587095,-2.40303873753173,2.33666397864237,-1.76612056474285,-2.14026819828374,2.1043858228589,3.79944447421614,-0.820497759516416,-2.41272181969048,-1.50677760183261,5.86226747135474,0.0531327403456736,1.71098150454317,3.02443222268821,-2.34641021149009,0.39472719495758,-1.04736728105364,4.26648537893865,3.62635908725878,0.549249049934813,1.73622090342142,2.36457349458043
6,-2.41368315053938,-1.70982856072365,-1.3471955451392,1.68435818804875,0.566918727986129,1.68272867463098,3.00599554415869,-1.18606311603372,0.454708811443741,0.0276365517485842,0.559995165884248,0.903740632985273,1.49490335853982,3.26335136605888,-2.40682840253542,1.03964372262104,1.03398231006803,-1.46440343901264,-2.41369209308155,1.28825197712114,-2.19575513121386,3.24742541113843,3.35381086522909,2.86650142995651,-1.09360677361375,0.702356536076153,-0.390998761956809,-1.3769229271799,1.57220532579874,1.01423683061906,-1.3860880329668,-1.53369018309887,-2.02518969488142,0.878341283308772,0.460225981035219,-0.501425500650504,1.04257267590875,-0.699357982754633,0.966981985726294,-2.0612811607603,1.80373150295137,2.48792018290802,0.134461506535407,0.687420102742329,1.95611473935942
9,-4.36434699431872,-4.48383945846085,-1.19785153565161,2.52353725120018,1.39703792677041,4.96253795335543,2.71195414982796,0.686611374931953,2.24673450123838,3.43560206498356,-0.573583934595732,4.17916082594877,0.51892469186577,3.53894883069422,0.864089619395233,4.00879554970968,5.20255998455041,-0.421735399747788,-1.6920922206851,0.215329508343884,-4.31671036100883,3.30639006517416,1.77996180799011,5.68802561971446,-2.37612442478794,3.95001835459952,-1.7061501179511,-0.927364644435367,1.77581806846248,2.34642889048788,1.17093755207639,-1.46396325905525,-2.89606109928556,6.15152718358246,-1.29033539270986,4.66723657436215,2.49554516659338,-1.88851844899886,-0.465805948692775,-0.960278524354588,6.28938500590291,5.94358886664873,-1.95795082493189,4.08292167219379,-0.902940152136065
2,-0.66938286552674,-1.15718661696949,-1.92075648690161,0.963732526291967,0.636761776540085,1.18732122731163,1.49796595738326,1.46855063470328,4.38514563369141,-1.09983551186991,0.864537611996083,-0.658671042064537,0.932382435760265,0.654681406532355,-0.579374778119926,0.322683859264367,-0.941714051437325,-1.69713964780789,-1.39967370658651,1.02639799386082,-1.0232386342131,0.457172054179233,-0.333144044536085,1.49644466393731,-3.51348035435813,-0.99833417399396,-3.0919454849342,-2.8943452952929,3.68001863448415,4.62378235638821,-1.136633287224,-2.21373376720501,-1.53199136912552,6.52366457916843,1.00560641785373,-1.2180408582904,4.6145123712236,-3.51898702004948,1.14835824946714,-0.583847345682262,2.52305289094503,0.984175258072766,0.588351429208164,-0.157508851133277,4.8089987246407
7,-2.25516560521771,-2.62125372687707,-1.36710701942284,1.53006572130793,1.96152160094549,3.46627207922768,2.51228579606485,-1.9791744207936,2.33069820565466,1.94086578379144,2.24608734466004,0.968924897110302,1.62208060977161,0.767691275888291,-2.28460078081616,2.2928653273168,1.15897056483518,-1.58411751347438,-5.73481388967599,1.97755461898981,-2.38484572378585,0.483957758210356,-0.358249462234817,0.735870131057396,-2.08733383057859,0.614313105313753,-0.667251343525404,-3.34809045609898,1.5672113660957,2.5871377558666,-2.11182600980279,-2.4986481301178,-1.42728469692843,4.6546432701743,0.78724460852009,2.2784394090531,1.68182287379274,-2.06230096377817,1.23145935691313,-3.6863310433041,1.34461938570954,3.54374345693282,2.38903520458939,1.95770044259299,2.36390191929363
8,-3.28711344521111,-3.43237701439844,-0.409483650080033,1.95845003613744,0.771008905548915,3.43119591334448,2.67640723918368,0.756098784419449,1.05556826056584,2.56583891723206,-1.38267035009282,1.43552279884674,0.420652927020241,1.2421869157776,0.095786491199188,3.095663784651,1.91106750877168,1.3507947685738,-0.871286355696284,0.196455869498665,-3.29400243227088,-0.857724098402667,-2.08489844954788,0.0390662141109499,-1.11332632628768,1.12701188554543,-0.477721784413676,-2.54887197816393,0.597036289651343,0.972051063207181,1.01178858882615,0.369036981083578,-1.85085271486889,2.29356838885894,-0.111434637659055,3.07865180715655,1.0063197426458,-0.899382828350315,0.328304858526695,-0.523164063628136,2.12498225388517,4.62171888525942,-0.715400966819379,2.37823943400363,0.396462332505933
6,-0.885983490868658,-2.09254150200457,-2.59827136649653,1.47052914448391,1.19165667349092,1.58254637168042,2.64972823018379,-0.845749052892823,2.58851655666486,0.659334253087064,2.570978434661,0.682154380852843,2.03601666990064,2.87241428900914,-1.42519793711545,1.15488672424108,2.44508182609237,-0.756685409239869,-1.3321072793134,2.6478003175321,-0.942381103407809,1.41367639768308,1.14535927463579,1.74190396433718,-1.09936935604357,0.890944484437831,-1.41053305249656,-2.54682738489628,1.59678807559174,1.64334315439563,-1.62600124067016,-2.93232794479876,-1.98198321446245,4.66538551380773,0.713207209278055,0.897592460181609,2.33541674089949,-1.17103483778528,0.898819228037764,-0.759962722420599,2.68385195876253,2.21158566741594,3.35680248600944,1.14048260234597,2.47069667479198
8,-2.84411020892882,-3.81663663377238,-2.81553014966252,2.51866707579568,1.27898607024944,2.77689323494522,2.7405492709583,-0.0839242953627013,2.26772765494761,1.35488723720193,2.69637489319899,1.49614526051925,1.50774735806145,2.90609114804734,-1.13136578754864,2.44317358129543,0.999738598053347,-3.18853769035827,-2.07181910357443,2.54893630356135,-2.57338172967565,1.15418381081126,0.549418733413108,2.02451567069076,-1.41386581311928,1.30691422724969,-0.819236720227938,-1.32663296310465,0.794571871144328,1.53761885938557,-2.06957405635159,-2.38526764113429,-3.44676449440446,3.45961776449231,0.105188211181586,1.72927548768408,2.04514009078148,-1.41338527560891,1.38466347321963,-1.20781402186584,2.4606082167862,4.21553076594476,2.75837898919436,1.84678906045584,-3.20654673904907
9,-3.48765137750857,-4.98019496570749,-2.06416896616513,2.59978895317663,2.36055157997544,5.26143932576996,3.69024718962372,-0.550040832137783,2.16306685098717,3.92799416771792,-0.549125676463336,4.22691474474452,0.6202677507276,3.16517069382928,-1.66101370594393,3.51108100792935,4.18490274638038,-1.70716294222054,-1.80502427483325,0.556732600518476,-3.92858702107274,1.48966067681174,0.480819698535043,2.83224372722888,-1.19799941242852,3.39452371633525,-1.37824400928255,-2.14785677183969,1.59394139871234,2.38293493564181,-1.12721697085053,-2.22048620310714,-2.62424317115658,4.62984917835736,-0.404529714357274,4.76562807063522,1.88893447071119,-1.57439290708372,0.645887706513206,-1.29927870285658,2.38004015355375,5.39291196149928,2.44144303597648,3.92345846194231,1.62675157374461
5,-1.31822842254041,-2.07709200988292,-1.99556847588051,1.60258492588311,2.74406908199126,1.97812118253957,1.32411348072852,-1.12768613009657,3.29728626882065,1.24251050722906,1.81308291683289,1.541056369685,2.1369929533416,1.13476012023082,-1.98734087843812,1.21105118394133,1.8115861361202,-2.32810393398346,-2.88956326578818,2.93745079875779,-1.90920143372825,4.23709911928187,3.9267026726868,4.02367574131757,-2.19314852546026,1.344629524933,-1.10984080885057,1.57894450654638,1.60614677301392,1.43719950756038,-3.01099234585297,-2.96687535041799,-1.40996532421537,4.57119662040875,1.79475302706713,1.21494520722594,2.85149634166027,-2.05001681522538,2.19482213334505,-2.34621955427194,1.62188911054762,2.31690764067389,1.54065629678535,1.45663337532586,0.294535914058438
6,-2.43336327732348,-2.04151242573176,-1.05596077237509,1.37201532217651,1.19119705085834,1.15167407982106,3.32351988149247,0.400776894443052,1.96734270362206,0.81168950378615,0.683327949011551,0.919631463356944,0.870834542311749,3.06984793403938,-1.10356853687728,0.972401450194744,1.3572930175132,-1.76894833722759,-0.867938391942167,1.13058993131729,-2.55696565276707,5.8744666072396,5.40463583480882,6.14390953825327,-1.2255332838913,0.793814102193231,-0.408729824410771,0.438049512874892,1.10394799737637,1.6291366142781,-0.788030373507658,-1.72973888233969,-2.30806829176747,3.70070891584285,-0.235432878645262,0.206266433859144,2.16356710508771,-1.28684284537724,0.303276742945549,-0.392007790023339,5.10355650599455,2.61455378073647,1.68959516143262,0.804805098076947,1.31711440857456
8,-2.29142750049132,-2.3388557538121,-0.438778587414665,1.90849793573371,3.4536691729087,1.43822395112066,2.23723082851047,0.553214075905862,2.61154819617487,-0.010681314779524,0.997536626239102,0.532865485007955,0.909050183073369,3.63577662349454,-0.0561292778376954,1.68262768850699,1.11473306952013,-1.76174055991726,-0.251253892003362,-0.0171449463141505,-2.47386378896066,1.52960877962893,0.358219770807049,2.4153985769081,-2.06829276683502,0.812774663941044,-1.37136723154304,-2.22434365178393,2.16560383188959,2.68630107021194,-0.654467974166627,-1.43017374156265,-2.1236662717007,5.6225704960326,-0.649490579157699,-0.756363475788328,1.99908168654394,-2.20955979964066,0.574082635491251,0.328631933523842,4.06882306994928,3.48235973593549,0.0817197668306118,0.84142637731846,3.86452324250737
4,-3.32056031027622,-2.11232617996024,-1.45991014515808,1.05518205395801,2.65403142263424,2.47704377006668,2.33090190965735,0.521159017705752,1.73676560338868,1.45268522719474,0.478973141530974,1.17405139785996,0.823566623515656,1.13613955948347,-1.87265083985225,1.07231657953531,0.983394042210131,-1.17078918063307,-0.719664983406626,2.24001949197882,-3.36791365622682,4.26688868212199,3.74723197688541,3.85006218737122,-1.13531409625081,0.714169753448144,0.801857532620141,-1.03342786236963,0.413968457697161,1.66062587037556,-1.14278372223308,-1.87093564943098,-1.01464293615082,1.77161101965203,0.358837328756383,1.91904640330857,2.10990789092331,-1.33861889713912,0.971325280779349,-0.239671101853298,2.24394477685128,2.36317240389583,1.60666750758943,1.67715044690173,1.65601445222981
8,-3.53618136680633,-2.80458062999895,-1.41593025725961,1.3303042458941,2.33827565856018,3.86413801649266,1.67377425411508,-0.407494735493411,2.25884564302522,1.66775125225684,0.355295454244745,1.59965228638681,-0.262498231005711,0.52032011500478,-0.0528382002805755,2.24951172831083,0.717730265183708,-2.29634524639963,-2.24039373720976,-0.741863123420843,-3.18931852935464,4.04997340316754,2.91760048132704,4.34220778342045,-1.47178382399808,0.200083556745285,-0.570219967041499,-1.77464278617273,1.65069285356396,2.3418485552528,-0.210426245548614,-0.359475666803479,-0.988783306953106,2.52906801341181,-0.923551338341436,2.36264303813769,1.87038720571972,-1.51743829046569,-0.689225444676076,-1.57378888331356,2.85803650429195,3.44148657707399,-0.890489855889265,2.11248988153733,2.59841948919423
2,0.34123758121277,-1.39186765627307,-1.42781306365086,0.842567779010205,2.71151487786695,2.70772932349159,0.739455783108558,1.45508903407049,2.68233036853917,1.53162689973811,1.47184262599509,0.114203640859103,1.14474371261393,0.610256414368188,-1.93484543380008,1.74401185889107,0.264187082308218,-0.290380716244837,-0.310541987286981,1.5332924588716,-0.729621403210323,-1.64954734330666,-2.20912791742307,-0.546752318878931,-2.15797622813376,0.258418576453751,-1.75462625895823,-4.74512709317372,1.92867393290588,2.42083703175046,-0.893070519518284,0.044327839170118,-1.81858019877353,4.81296273659749,0.55216816451315,1.4976966850309,3.19329658942857,-2.04178736542197,1.36653719938823,0.315602502678394,1.83495774752505,1.37203419317993,1.15648012493217,0.980774787344951,-1.44514278735004
4,-1.51158540293334,-1.78269783742513,-0.663881296539066,0.964441503328862,0.434296380620501,3.23805513864705,2.78533922431871,-0.400312807416855,1.95455545270731,1.26677499624081,1.03387798025691,1.46114007268988,0.997857728450257,2.93130745864452,-1.45826768995412,0.814462478134022,2.25899711452381,-1.72677829697917,-0.806189722832501,1.91506674258457,-1.60772899300564,-0.0950317324934328,-0.563813217827371,0.364519454768564,-1.92032102337964,2.28265464692616,-1.50093074606028,-2.3627167332813,1.99912377372031,2.69825179803437,-0.0041784901337882,-0.290242898302716,-1.63136614721153,4.23056066725863,0.618266183240038,1.20947546628347,1.88381292990428,-2.1103826744229,0.533544734259177,-0.955943868397959,4.88511482351066,2.17618527015028,-0.839892344242079,1.31004471906437,2.32967188078237
7,-1.98658633902911,-3.66299175774042,-2.69558197455921,1.73234796300963,2.59411114001794,4.74011981636398,1.60928825367791,-0.801380473126566,2.61176778988443,1.99988097657292,3.19778486285899,4.02129525472039,1.16556314663536,-0.242726535102689,-2.1542083654926,3.10212005906146,4.53070200529373,-1.92722839600285,-3.21061931800813,0.504609182339603,-1.30283129552675,0.2526356646574,-0.524820416083867,1.38236550671951,-1.26186131842233,3.99141163754488,-0.424273342370922,-0.561068477903768,1.65262760516451,1.86379218800703,-2.34044829020385,-1.0334722735664,-1.38705554222599,7.41408229731555,1.53524916049897,3.21447438759319,1.86895539143811,-1.68773567329594,0.739989957418721,-1.88794875798171,0.0380730176385956,3.04590769271941,2.47443670221732,2.96432876254557,2.33596334650872
8,-2.7968317878426,-3.5582143875005,-1.20929248611681,2.51626462572659,0.534564855162601,2.48936142639797,1.89515943678247,-0.686468606829875,3.42586828687026,2.20504278454952,-0.560310699279648,1.91058160131919,1.66265141749865,3.81167178444995,-0.838967689846792,2.19491823339945,2.13352540731951,-2.01412752013117,-2.64903821013516,2.44730870748793,-3.09524815979262,0.617982939681357,-0.587595600330387,0.822724641324345,-3.03047228262725,1.73163788754576,-1.49183051197244,-1.74282706983733,2.27532323348394,3.24340644970457,-0.867473867740547,-0.761346795896942,-3.14216205666448,4.98131607687077,0.266384304573539,2.06225813553051,4.01312555938265,-2.99801087539552,0.477334100930442,-1.6966039701345,5.59618229350598,3.73598541812929,1.8813684663756,1.96880863048475,2.91927291616057
9,-3.60710212859511,-3.74738506964542,-2.19751384874222,2.39652159927704,1.89367225146901,3.94189867884597,1.66051587490328,0.143446563967253,1.85861509289397,3.0182776020128,1.97763167181884,3.5258623340001,2.13306169505856,3.11036363101418,-1.55478239716861,3.45385043677127,4.31482667655103,-2.11019229694915,-2.96565870779413,2.92132766533486,-2.99175270878881,3.35976229096828,2.78937627651215,4.41813651013461,-0.672674553448575,3.41221763352905,0.267343343539597,-0.792102753289908,0.589138819934798,-0.403066492659336,-1.33268759950419,-1.81541785504798,-2.62114173004296,2.10924576154037,1.2958830128392,2.90415357450833,2.31881413117965,-0.775522282713972,2.0485037162592,-1.87221454267294,4.44334138912701,5.06184741287943,1.87040374155508,3.34922925094213,1.10087833221147
9,-3.89775497612587,-4.79301014410345,0.972468333400269,2.18563512472944,3.59041762150504,5.32928056545225,3.13626981563129,3.19662994508062,2.73687548476289,3.83425738692234,-1.73525347806495,4.10805822294732,0.568406106862177,2.62467000104815,-0.604189436757041,4.42401793117286,4.36351247488538,-0.219844437049681,0.359529831283045,1.54156358325778,-3.25020226220925,3.19285065235476,1.84914432822359,3.40265413899036,-0.783544398777116,3.2983767498581,-0.981021555079551,-1.09570401414438,1.52926702809364,1.6605018762652,0.442045349877431,-0.164242434659605,-2.32549012647588,4.02507150073734,-0.395948715270167,4.58053055418146,3.03598750824988,-1.50270674512773,0.094026653112639,1.19085169605994,4.63689525076964,5.14597158169662,0.0462283728299617,4.48847954400718,2.64160672760884
4,-0.714742069219438,-1.75494926811018,-1.94785665579361,1.07096373249758,1.25696532414406,1.18434828651477,0.657433785147783,2.49471096646765,2.85423604038178,0.983537329929394,0.311323895757748,0.676319934617156,0.788173222998372,-0.46812828949686,-0.322437392833562,0.920218697440381,1.08034118090644,-1.8614567595066,1.28296108380533,0.469070866456437,-1.0767187743938,2.03535614873916,1.16384648777424,2.45914035932683,-2.55534741489635,0.316443816433091,-1.15462071034509,-1.3039913635932,1.86053612987266,2.83408765658518,-0.991077395098736,-1.6354811215263,-0.920689426596975,6.39158922837693,0.832121116791659,1.00459425249155,2.20438141153312,-2.0197731322407,0.898578036403265,1.22798638347124,1.27414269615407,2.14286144494364,1.27244528520786,0.458242780817854,2.91407865661371
6,-2.54802821880139,-1.43996209989332,-1.20295312824178,1.71898456104172,3.64578308219346,1.65402514527163,3.87494547356884,0.891817612049864,0.0802301704641055,0.116006029895611,1.95248860418245,1.40991264610749,1.46656713372098,4.11757283112012,-0.0457020706071644,1.16671013856431,1.07933020423914,-1.41842395315272,-1.00015017180101,1.88252507566992,-2.2783246172413,1.72040614242208,1.42405734687085,3.10011184075136,-0.277130646896334,0.468018365845156,-0.454778659065888,-0.296177434074048,-0.0635039125080847,0.096866994811907,-0.69617376514747,-0.276882714566319,-2.64524466205741,0.59937004305211,0.168141869571358,-0.334833107884535,0.801766722697112,-0.280129821337282,0.319559797524519,-0.142145020611623,3.82513798199857,3.18119420990723,0.457626782428918,0.918916643268489,0.252262336655015
8,-1.48293430776019,-3.10678616771969,-1.48808478669929,2.15908196845057,-0.070726434639068,3.77830137426351,1.88543187910479,-0.847869746987494,1.5185631440924,3.12156612187735,2.16472449645868,2.84866521463236,1.76100092305856,2.10080044103976,-1.28401324349392,2.28994938339707,3.05965246699937,-2.03801990861677,-3.67990472760717,2.36451284691136,-2.07665344563212,-0.378841262272888,-1.3600462829759,0.185052390107984,-0.991071029017354,3.41133456102591,0.206956152611592,-2.6769636195263,0.524835527687155,0.96955533305709,-1.52262930813534,-1.90150578948286,-2.25874682833399,3.60214522911484,0.929522372963799,3.33767213138819,1.79196414874144,-0.863572059685523,1.36669312369674,-2.83766852524176,2.37052388622044,3.61297377012923,1.26304984936481,2.76573806583274,2.55305454063546
4,-2.09828148991565,-3.33344449275774,-3.4202159643992,1.73573351419666,0.204753780183387,3.18562253771598,0.275944707296252,0.7035618872143,2.28700477043475,1.0989970512279,3.62703305300719,1.91772505705124,2.18614425834081,1.48604004791301,-3.65218365400242,2.46858073599959,2.15682545835732,-3.02278508206977,-0.940371627518704,2.48348677231013,-2.65936904167749,-2.02518552524402,-2.70000829952732,-2.05729127912697,-2.45418757426793,1.16334450373618,-1.04170708572045,-4.47423229029476,2.05439450798013,2.14424497850598,-3.8965860921514,-2.94738579793283,-2.35252741645323,3.19582219962525,2.11814086002765,1.35350961017436,2.52413659828802,-2.04280054621158,2.55569346698704,-0.214557918411066,2.17147966127749,1.38103141036327,3.04037058871938,1.99370305813944,0.716986782155947
4,0.0289796520169582,-1.38906743754791,-1.98056358263711,0.701985532832977,2.77080860430072,1.32035301909975,3.36123607469735,0.302367790200984,2.22918545642808,-0.265679782507101,0.101821457450948,0.267615813372556,1.51273077450538,2.50811830205661,-0.16453861574283,1.11665083974608,1.02996240862787,-1.13264735372876,-3.56090022425641,2.82959779117878,-0.199506347271032,2.67588262988827,2.3505034632964,2.41865901849562,-1.49570325196566,0.483585021849345,-0.705296425628092,0.302447649623692,0.989232418285469,0.921103840318257,0.0715491553303098,-0.641186880613179,-1.31726694653169,3.27046392071761,0.706673067053235,0.0389910966260307,1.67835037730553,-1.62660919727499,0.654615278886088,-1.76688760881855,2.98495579409181,1.85709342970364,0.315293337222218,0.423824453592245,0.0391421306098571
3,-0.421110502239395,0.253477559021721,-1.94548655678002,0.697746315438629,1.87340902746882,-0.675076477012527,1.29038835613865,-2.23798171991126,1.34104981800485,-1.41010084033573,0.0707768199847664,-1.32674707081661,1.25016000317199,1.82121338632019,-0.565102624446375,-0.739871445233086,0.244236917222937,-1.38284973666754,-3.58888137636636,0.725106041684543,-0.600168068277986,0.897238401551462,0.427010413408219,1.9513666358438,-1.80172152018746,-0.468967063834497,-0.195941198024702,0.189601252484924,1.33716513589564,2.34041144536601,-1.06844265325363,-2.00028469263935,-1.98667831970076,2.72836933539251,1.01610190125219,-1.94176390047742,0.796420585746674,-1.57998548008267,1.34110535420581,-2.72169890561016,3.3538702944127,1.03302007084497,1.40805082535005,-1.33814383182095,1.41776903350947
0,0.566879633314841,0.124349698547536,-2.41183022782891,0.445557866223434,0.63693038718333,-0.0545685537848843,1.61689718650679,0.386560327790209,1.58422678703082,-0.627794218934663,2.79675295631273,-0.18273375882821,2.13265843629882,1.09625861129632,-1.76291993112934,-0.330665355699215,0.846349767688516,-0.893907680157205,-2.12784148915364,1.70811661967296,0.530580473936257,-4.15548196418278,-4.27278576773583,-3.89521600224308,-1.69779309985164,0.391290242341749,0.162182630615997,-4.72691606618329,1.18519526037365,2.51271321744927,-2.3663528825315,-2.61974092643628,-1.1716785475724,2.49762326632323,1.89584122235431,-0.589840253546317,2.21835457674309,-1.78672223416922,2.06855588494152,-0.996004345453738,2.05911827297147,-0.917282786504287,1.39794292538107,-1.03306463292292,1.40125324643799
1,-1.44488299856449,-1.23144432254342,-0.10083689391431,0.466191643940009,1.1322664740552,1.45602238707899,-0.474812643007893,-0.109015664165986,1.40862585991198,0.434369722631183,0.546148354390056,0.711311839404661,0.968277605472794,-0.335327973834843,-0.959850776075674,1.02950143767538,1.55141599403639,-0.504577733961354,-0.687138194220023,-0.202325362482497,-1.60218205061274,2.2971129161633,2.34714377758119,1.82156862394557,-1.70361462929078,1.04917457889836,-1.02605745681672,0.21913722322561,0.716900070060739,1.49846402472684,-0.105288086858998,-0.674357321756281,-0.821236292410664,2.89917071097184,0.894455345972161,0.555667352394087,0.949490942861467,-1.56913516510237,0.733415901814434,-0.420292481473179,0.21049705982921,0.511133948004123,-0.463818823471231,0.550431937258938,3.90419757970594
5,-2.76412077242344,-2.27407436631197,0.408078334097804,1.74888066566365,2.11721070102547,2.41981234653137,2.72822774414659,0.395059697605901,2.58907310424999,0.533859668050833,0.430871039308965,1.14379284297861,0.69144752863324,3.45366940633457,-0.834650750773143,1.83340564748522,2.00766287952348,-2.26135290882579,-1.12737696856805,0.27800403625882,-2.27113874104186,0.296428471380558,-0.558355497135866,0.795171416894154,-1.47848279090224,1.26612081339295,-0.826874001862958,-0.567529051836708,1.90732492871117,2.45750409145847,-0.457160329360297,-1.46540699049909,-2.20976523386367,4.34230531870165,-0.846860319304868,0.901643595690322,1.68501552068817,-1.64888331121639,1.15466681253404,-0.421782543098436,1.61343696063704,2.92883079678266,-0.324682860403095,1.43253717691299,1.67952869390107
4,-2.11666898005927,-0.675138449598868,0.174004009904306,0.514475388613213,2.32514596186128,1.22487336054037,0.687450519525551,-1.57170294326192,1.65454199590619,0.525214950512542,-0.505515563274634,0.232335982203094,0.182820420111297,-0.571161834072172,0.291208564423318,0.933482468804105,0.818762821913973,-1.85762381146337,-3.94879675893693,-0.0343940303678418,-1.56328775352555,2.2754042476908,1.47360255336735,2.9912538759746,-1.50380841988555,0.299434064435794,0.0133317387920118,-1.20297608154525,0.493179278977138,1.41404518576401,-0.0651822662862514,-1.41183953481632,-0.361268932177886,3.31162043740259,-0.0775298570236859,0.987317736537067,2.01889665724937,-1.03649181941314,1.04020690430448,-2.97590924439137,-0.202857408571789,1.69782283808463,0.72058264048076,0.553002687134961,1.11610254435493
8,-2.59057901578089,-2.4289416037703,-1.44844483313901,2.32148768428266,3.08519922490577,3.13051350922079,2.78957781784247,-1.50315049983512,0.306661279091687,2.29855912887689,1.04342182478915,2.34179504015908,2.86110546841846,1.8967369157032,-1.59598201077237,2.18389498473003,1.39561283599068,-1.4203099378373,-5.08461781238124,3.99704033334209,-2.99328094773526,0.200212177634733,0.214765951417907,-0.160524638280231,0.463913905800553,1.08861443330626,0.906886904190888,-2.97764468925832,-0.730381212195162,-1.07770226264934,-1.51762766454038,-0.997350166879868,-2.67294658799583,-0.379942489481852,1.88339149504557,2.86881279400035,0.88407366842145,0.387185591082614,2.25814739516699,-3.48988502469024,1.90054655868672,3.53456434028992,0.869158110971508,2.25141974979192,2.10218660028423
1,-0.399786238021788,-1.47912585983785,-3.51143438523468,1.24214835767436,3.16314677802599,1.75612431383804,1.47701076947967,2.3174886368642,2.69237281388247,0.334636902023297,2.46474461845799,1.12754638117937,1.39000236597564,2.12269891971356,-2.52203557355173,1.13410028765126,2.41706347472632,-1.06990246777227,0.836429347949679,2.11217878237885,-0.372682741315661,0.434677210659772,-0.091021247286722,0.646301108567512,-1.86942645766269,2.38558257827096,-0.811599385994815,-2.05260654327543,1.89417054480769,2.11586899747358,-2.74615968837236,-2.3427354049314,-1.97073621297204,3.72897134863496,0.84975862814119,0.113214209734036,1.59855559389214,-1.88313266456624,1.75106787202493,1.19122217318978,2.58042858470168,0.461147129934533,2.87036295718262,0.874048543730961,0.0264411818716484
3,0.0941840568834608,0.409776772921825,-1.77065964092574,0.224107011526526,-0.0737463060210612,0.798759463436751,0.874391904051614,-0.0541492362312099,1.94508663743007,-0.938087134235538,2.77982122397808,-1.04987707425885,0.660680169323419,1.83209443857979,-0.466062409193725,-0.659541510149782,-0.0126692730047279,-1.14939852824376,-2.39123074941658,-0.444901750300966,-0.292721418413826,1.5092407274218,0.858386754651396,1.48948108658106,-0.808425152029462,-0.780621407799153,-1.41486558130352,-0.959209768011062,1.18731744377511,2.35606950579251,-0.585739688829644,-0.950128875160772,-1.06432937953419,3.62525068533143,-0.328137435550184,-1.24005435232866,1.97099249454893,-0.818417036324973,0.885733436267622,-1.51187878028007,4.10661167337114,0.870768295942086,0.966711777329494,-0.814458804489543,0.0618211614510584
3,-1.36688768943133,-0.658182675607882,-2.10735409749624,1.29889514908963,3.38879427518134,1.50388108193369,1.14021919570006,0.843303286088799,1.45626079223683,1.01053175648862,2.84638151708806,0.882381384430062,1.0891081498526,0.776742748890458,-2.3589063745856,0.643002929725591,0.743221251670501,-2.07664998333868,-1.98187374215799,2.00578743179793,-1.38893348740951,1.55380620081513,1.26505608636173,1.77938958405266,-0.949433130479128,-0.0346095169759312,-1.3071298275047,-0.0787331672884236,1.55769935697762,1.90938674907062,-1.52993808893463,-1.4914524860516,-1.90237020573399,3.23111018328643,0.668607708993712,1.26102618674292,2.01579806483607,-1.34443501490612,1.19571338145475,-1.11471210175099,2.45315913443463,1.20914226667144,1.2442535588133,0.288708843256343,2.03852309770679
6,-1.78563494700906,-2.84013001809133,-2.46839614378388,1.84531123864918,0.973836719529501,3.0853602648139,3.32152144184202,1.84625487308162,1.8122555599527,1.61626115581909,2.33010036919925,2.19765947167059,1.75479082240279,3.17544105245851,-3.06370097487609,2.35326638374448,2.74479480437938,-2.59794671320861,0.424536186349885,2.33892872233909,-1.96723816899375,-1.4076515245724,-2.10126308410383,-1.92420863596847,-2.69366519312996,2.04837584545423,-1.53600494206208,-1.93505795444309,1.93271938120529,2.15656339402674,-2.55782088091757,-2.26432495381932,-2.57195113239319,4.00683051457701,0.780810454294855,2.0741456072531,0.981097501763677,-2.28912269391429,1.30240826162235,0.50413669755839,2.7722881710825,3.19527961833673,2.30617617797235,2.29716905987936,0.700546050655249
3,-1.48319510866129,-1.74949796735407,-1.49250569906074,1.24032271816299,0.660597983212724,3.017487043967,2.92384311722898,1.34825728764286,1.11295003078773,0.850112535551729,1.47575723155348,0.805811955112114,1.05325885663639,2.45982040530885,-1.39841466857164,1.00136808033062,1.54336218587478,-1.68080229334422,0.450111605129358,0.905650656069586,-1.85661546057116,0.598294448003561,0.342218275369896,1.55868940122061,-1.14552681388185,0.4066133567076,-1.28443698392888,-2.52579259344833,0.927771043491029,0.867695682101344,-1.85743955231594,-2.54596879388832,-1.69105230195432,2.64571032449663,0.330082762333894,0.828823136065439,1.16984284510426,-0.973575152472101,0.39178021751768,0.716023837171048,2.23368741844048,1.37440002700735,1.34213749164437,1.02172573742946,-1.2188100106991
7,-2.69990202137876,-2.60975747476465,-1.0516185788621,1.31926689267173,1.79733423691447,1.83541135318264,1.59523477169298,-0.0187741286740773,1.70939943120192,1.43604827335696,0.260629796971963,1.36499801619319,2.04774009062271,2.19045831708771,-0.838203451020568,1.96893348626772,1.75801761739279,-2.14430244042047,-1.88933593368445,3.60464801992196,-2.57804712617587,-2.52227628733805,-3.16073188095553,-2.36625055872906,-1.77126195104539,1.14034213896415,-1.17448175371104,-4.12973974886254,1.99172724042566,2.97167668925847,-0.358433638287345,-0.743873514602646,-2.17402716327635,2.9766316529175,1.52608932685441,0.975014046033598,1.50233973110364,-2.04180395844146,0.540924019601571,-1.6717724937164,0.129801767938687,3.52430888063391,-0.0728375813263627,1.51662918370375,0.0271455999128527
8,-3.76049274659295,-3.94918735106691,-0.246003638384621,2.10948724843009,0.797778925073172,5.01580955502164,3.36521345773983,-0.436688650148678,1.17863340800393,3.05522203832398,-1.10374772206539,3.33757993512864,0.297110196868218,2.66867227760075,0.150010622973957,2.48437909816457,2.91801310558742,-1.46510244023257,-2.64395794555406,0.410724812077218,-3.61719749124111,-0.806265035442869,-1.73743894958003,0.279937683288903,-1.60668301424794,2.15675776925305,-0.0012231553245269,-2.62322228902323,1.18458791636168,0.698231543862443,0.408509771525312,0.387413836158475,-3.18409420358462,1.82603483855134,-0.461505418088205,3.56930241732743,1.34491091879903,-1.59614130445811,-0.237415544816884,-1.6725434849627,3.03830761901513,4.14801389863596,0.371666491900864,2.96174246417441,1.84291754965887
9,-2.32289177906034,-2.11735524009555,-0.0558456498972147,1.9748505454947,0.245922705193081,2.83986295266665,4.28620723975975,-0.22795404312771,3.18497436141062,0.805547833325275,-0.213301220230225,1.74203854829592,1.43902876947286,2.97299168354201,-0.692893828592126,1.47165400751187,1.55002370390923,-2.06197587859971,-2.58368485696723,1.6422375452453,-2.14329811775517,2.56404750348435,0.913556732400694,3.97022012300673,-1.25512264005528,0.481508255587453,0.857205606000062,-2.19722318963426,1.45009421030991,2.22144701762085,-0.217965640774022,-1.05622451897319,-2.59982318730285,6.01795445907278,0.19909198743483,0.451768744310173,3.14158132442523,-1.49124254249744,0.0634311944892202,-2.01050034149149,1.31424218037109,4.1263705536766,0.287995802790584,1.43695092112827,-0.545192001239798
4,-1.27538192706303,-2.11469886426251,-1.37209059721869,0.995249601644081,2.18566412106872,2.41270928421128,2.69796177187035,0.292007707172284,0.644170337209019,0.534488366536325,1.61215840949887,0.242919025070911,0.457650914196383,1.43762349094689,-1.94242213209153,1.64384224383888,0.574836167183452,-1.03155538220046,-1.63633698075374,0.0135983540247739,-1.24362260364617,0.949346438820775,0.64632383748598,1.35167605082327,-0.717126132073406,0.0370351295147207,-0.432511319973355,-2.22904159779641,0.526612709888211,0.3455515570498,-1.51746498802238,-0.947195725652563,-1.66266177108268,0.511790504637999,-0.169571659410935,0.549416810056186,0.983284043339648,-0.782048980232545,-0.264707623746554,-0.932573588472685,2.47692971069433,1.91120171759415,1.21363998690532,0.959997029598809,0.648189196311879
0,1.15383464286079,-0.41777416058911,-1.62381420550008,-0.175710202690619,0.449565995994164,0.365576394290389,-1.01845279842899,-1.72471907324081,2.21498355014667,-0.732866997613783,1.43173101899059,-1.0388868306819,1.24286979613825,-1.89009378521288,-1.20688422469129,0.103657370711935,-0.508593672730355,-1.18293038457412,-3.78905589615047,1.64131975063683,0.898396431027621,-0.996698958451059,-1.44065663081305,-0.803507952108067,-2.59861967105651,-1.09558684645558,-1.6978974397008,-3.89147427896573,2.61098539003868,3.49871717273858,-2.79498547795856,-3.64796978102728,0.143776131307122,3.22116509785127,1.56480983151254,-1.15018999902561,1.97452434602653,-2.46215492640143,1.7966945353257,-2.75427088229345,0.497554216020511,-0.94498088247368,1.33176984356961,-0.900039390881202,1.21292117247191
6,-2.14017544265157,-3.56231985103152,-2.19828589614054,1.92759070241194,1.89680648353818,3.70178415830942,2.62609131056094,-1.08208644092282,2.42415987241415,2.82571075952898,2.15507358813722,3.29199863396783,1.83427823760844,2.19289012855032,-2.61535955508272,2.54495252872716,3.18329612274237,-2.23746629332224,-3.12978420751045,2.14649442997626,-2.33069399149175,1.43217969558724,0.708520939194596,1.62553139430774,-1.77682628754919,3.1528258092241,-1.32877907678776,-1.19106105801184,1.97301293309581,1.84844106031542,-2.47860220259331,-1.27767026214475,-2.28348484459774,3.59589408160597,0.824982486626079,3.14082056453626,2.11519232603752,-1.61372962875578,1.42889199891018,-2.53752867123028,1.74383530227967,3.16567155242346,1.80303719667483,3.05609010096911,2.10253395055351
8,-3.71626312544717,-1.64401704747239,-0.680641868270502,1.85448385017467,2.13467738664049,0.561860273118651,1.38442297690075,2.36574268763165,2.42002726478324,-0.213533367155188,0.641018537994116,-0.227490434904453,0.466988288905611,1.2821785460029,-1.39022334263972,0.538692064289586,-0.502296939873253,-1.71952666217376,-0.446023211963178,0.144010814215989,-3.53300971490296,2.38669571087514,1.53189712575517,3.22861882250133,-1.41671761575755,-1.15325540581011,-0.78729621130631,-0.705221702530312,1.20249931807834,1.77236107271705,-0.416574504036057,-2.54076910991782,-1.87118941978934,5.18312240071067,-0.386272565520996,-0.0924655050183757,2.00222304946429,-1.54219815070066,-0.115032207693003,0.28320654623026,0.436852194688144,3.87517901802677,0.725502788674363,0.246184179835109,-0.213032152710867
3,-0.288515276915514,-0.464488547561587,-1.09474957472181,0.95592006937454,2.58557608136502,-0.935657202077499,2.03271897876057,1.67156242838353,2.22223962590539,-1.09701997923826,-0.340409177116493,-1.96088374353591,-0.298899354425407,1.51389008375028,-1.04884033393907,-0.299321311197678,-0.227953735835235,-0.985129079881184,-0.950725513267316,-0.0674375048693716,-0.484320795602405,0.858233620912974,0.226276238791005,0.702649478120647,-1.80594278753052,-1.47809476586975,-1.91565774298932,-1.20724678010139,1.99751475633154,2.42948329658947,-0.85884235923832,-0.870818493812788,-2.2217306546008,4.2199063067387,-0.299960998743816,-1.33755102711658,2.3660977810213,-2.15001133802873,-0.178538359993349,-0.116361922390974,2.7057470078416,0.975736080891981,2.13299507844951,-1.26478161125869,3.49046763385713
6,-2.59555666586241,-1.30599897598111,-1.38862581292652,1.53892393592462,3.67710993424302,1.52774865161099,1.35697817227722,-0.740621461604142,0.734642000078028,1.66812416825611,2.02529352670222,0.393837987937349,1.93515080517786,0.816915934381291,-0.825607034761886,0.83969093646019,0.634271698189113,-1.68971875746487,-1.59812078735355,2.3233937925428,-2.38397207112306,-0.788428877444637,-0.977214207061357,-0.226374834747074,-0.454006221211325,-0.044113028435091,0.0975795401095805,-1.53123825727629,0.490736488866042,0.578912418123519,-1.64474250188925,-1.76187660447476,-2.10107624033481,3.36748097893564,1.9003017505999,1.96735320130531,0.797619626341677,-0.402538539316151,1.79880086855507,-0.846015643192885,0.9463312978762,2.93753001547439,1.66715994788375,0.68236782355035,1.62200023880337
1,0.297216205935072,-1.74980247781844,-2.41453189267997,0.732060875579268,0.851147161525016,2.39785199215079,2.89549666414167,-0.383337202312973,-0.472538012701522,1.31084276943746,1.36863670006178,1.95880382447086,1.43407746853453,2.23006080149518,-2.10763893664245,1.44197005917241,2.63799032461769,-1.69949278059159,-2.4596636034876,2.0953589972037,0.125622541005803,-2.58651845506161,-2.50005106175178,-2.82893379139079,0.744977670572775,2.00101030791523,-0.346306843943655,-1.7577408391172,0.0726726296261507,0.158843659726957,-2.21131229381893,-0.893729273610307,-1.49164055964624,-1.5509273164723,0.681924027541178,1.71804093039007,0.139468033305988,-0.0313459963709616,1.60891130126534,-1.72069795938151,3.52785190022794,0.214833434856127,2.58378615784948,1.62709741686957,1.22750630937135
2,-0.592081029164062,-1.34636637666845,-2.15380263367754,1.10415958594144,4.20394676380906,1.39026299685035,3.26548036682768,1.19518017568848,4.80263651609136,-0.0667548229755272,-0.363627584884075,-0.223379813635747,1.90438815518693,1.8300400090406,-2.31644944173315,0.624370005561261,0.702918851479031,-0.518906949711987,-0.915642196538464,1.29346019624733,-0.790880340908409,0.464442797201286,-0.144408487834461,0.400664902597813,-4.19561101169,-0.260073457344635,-3.04122894500071,-1.93486772526752,4.23851852636243,5.77056571861485,-2.69027978303812,-3.67312370850892,-1.65073297159613,6.83252368815936,2.02411114912322,-0.754972422863575,4.30610882348182,-3.99952108007352,2.21503142717335,-0.341325092965351,1.98403626558287,1.06479794500584,1.57849666469808,-0.0411027823948082,3.35699849435395
7,-2.68535801652251,-3.13889545529443,-0.883038533923087,1.36162226758597,-0.50342364228367,3.08062626648386,3.49757989629184,0.651522356375288,2.8187807999882,1.24829784292833,-0.0434750133726678,1.62606911545315,0.776049048563795,3.11388342203293,-0.69005492315881,2.07075765396797,1.44337676222135,-1.05594049573056,-1.39241912735297,-0.273094564517344,-2.74217527265961,2.21168904490378,1.1615908519636,2.91795567752197,-0.540256959189643,0.830052527712117,-0.259685603297052,-0.930792354851798,1.70242766433305,2.4167479171551,0.167311230734951,-1.35078473041406,-1.83023273190811,5.07794132536561,-0.183344879645965,1.45598343253432,2.68204640371305,-1.40938265208788,0.150435458943886,-0.652824274018992,3.59906643729825,3.50590456134477,1.10382581057376,1.79027730462466,1.54211697445768
7,-2.46307531213695,-3.98898526115814,-1.17666208815407,2.15968209934425,1.48168383440541,5.19024672734177,4.50797997411502,-1.54339577065983,-0.618803592658668,2.79627716964531,1.90722102467062,3.21877901620662,1.49601404353923,1.87039104698186,-2.91323597718999,3.09322571346404,3.2615913508456,-1.31880699246682,-4.79154123863768,2.82202781606393,-2.0449900581711,-0.613038415983559,-0.501429257255228,-0.299633014420611,0.591542397749666,2.49200361965826,1.90403291149246,-1.45863966715976,-0.89276908257955,-1.16086963929387,-1.97645292317895,-2.02095650903972,-2.43970426000149,0.0645312551644137,0.949759946801694,3.47462099806904,-0.648413456614811,0.529583109176942,1.00686252944075,-2.96511666312654,0.390321974688505,3.54642554388563,2.8144670781269,3.20269508871609,-0.727553230349785
8,-3.30803455622671,-3.52583738427668,-3.07981162861578,1.71647415121931,1.06335364236472,3.14843024508611,1.7218427006781,1.07989866332037,3.14154971356285,2.30541799089973,1.5506504497782,1.81701537437342,0.387624131175324,2.77149293858548,-1.12330440219251,3.16268977872913,1.21736823259388,0.0393830075874703,-0.336213363270005,0.411666451761582,-3.40637353744839,0.876556656395481,-0.454400066249524,1.21217634330956,-2.23689440585655,0.695127426041321,-2.25271411561896,-2.65964337419355,2.5278676524739,3.20230533851986,-1.1330257461239,-1.28678212150563,-2.08720864267394,3.04616710686055,-0.476034105642145,2.8224518145636,2.90372083574086,-1.867103465082,0.489534582296239,-0.223811749780493,3.15841190570353,3.24202437181156,-0.484745989574507,2.61183056893389,0.395489276301586
4,-1.18024531756755,-2.2474692212154,-1.14055817264141,1.49196505090991,3.68094609521771,2.66208008408068,2.38601033766225,0.0490156907006537,2.74704981099882,2.46822541480534,1.45750761065233,2.22915004104792,0.210192856465798,0.864286021194873,-0.272750098330659,1.56923293104204,2.28220072058987,0.197150375763104,-1.21818177787031,0.386481066896906,-1.34205310388245,0.782775109153929,0.0835720240984001,2.25081150085849,-1.84769999574151,2.24261158425455,-0.881466652226029,-2.60482460923728,0.762276667427631,1.98609880251118,-0.524024345475069,-1.12121989719945,-1.42947464274519,5.27679825819973,0.351249369809167,2.66336624065391,3.07808964189556,-1.82922785923421,0.0326415662316731,-0.792748901770066,2.589883902132,2.22981501837348,0.815995857449602,1.82553602401554,-0.178702521296252
5,-2.33432848803057,-1.22726202886102,-2.52493354986089,1.56035179903792,2.00991800233649,1.60706813238482,4.32061854801539,0.150440177043051,2.33856235217606,-0.397005783180206,2.42084983013055,0.102679672174714,1.86568929908403,4.10556219547937,-2.48029784681794,1.28038384594484,0.709677812854236,-1.91552402151987,-0.894111376314557,2.32396377471414,-2.66420488651919,1.54998843918466,1.15296616771365,2.1823075881741,-1.58694478440265,0.214902007693641,-0.548469900159096,-1.00029124921365,1.92244541970743,3.44310252039108,-1.74657865112791,-1.85207765824881,-1.74425127651235,3.89532823744777,0.543962789263208,-0.954204716244879,2.21358358292821,-1.74144133262173,0.916563110985773,-0.244879081662953,6.16579150673725,2.86573825804194,1.88947217145784,0.52095379709378,3.10854415920602
5,-1.76800045433959,-2.82053655549022,-2.69076472140943,2.61072690910521,0.783606247623267,3.05319787921866,2.98553603939649,1.2928295616507,3.07526961942569,1.83315394211046,1.38946022212761,1.56425565769626,2.83015815854498,2.36463655845253,-2.7035030837229,1.95083624582264,2.90862669822904,-3.31409840383992,-0.759878021158321,2.96176768345189,-1.70721878920791,1.83157089150512,1.77268109231227,1.42194713322819,-2.52734790119563,1.8841697835599,-1.02926967290352,-1.62708949840822,1.73037882682569,1.61863028782434,-3.24009915013506,-2.78179431221316,-2.83178188840802,3.88701605151547,2.98450443061625,2.44770915383049,1.92742334130335,-1.6642823685792,2.73995046090628,-0.0691256297820888,2.16621402517935,2.69605385386725,3.77174731913318,2.08135227955408,-0.495942339906467
5,-1.41540186020604,-2.83631448848555,-2.25616867236837,1.02862742797085,2.46835617064945,3.3547109199649,0.383836016305066,-1.52039718410983,0.57571976669843,2.62661367910547,1.06735081957284,2.44262353058697,1.46418734535729,1.07018351671066,-1.47486028383737,2.7405282767251,2.19313137944977,-0.794037061496067,-3.09044067972659,1.40702010536736,-1.6133837907168,-0.936914561232846,-0.971363307413278,-0.783364887779859,-0.341159025313438,1.56694954637342,-0.750048118690503,-2.80791539005139,0.848440603239387,0.832598832937416,-1.04167824547593,-2.21315205257087,-1.77823871930899,0.829499265108173,1.00624466184703,3.11898076090651,0.733601973350089,-0.669319547812903,0.948946405933794,-2.74298371772062,1.8316498396026,1.75246155501649,0.270402599120512,2.12664523242578,0.0342580707034238
9,-3.46235258627629,-5.33294148868582,-2.41436838581331,3.15607645273231,0.673221488009373,6.85282501231045,2.56739245502827,-1.65766096068259,-0.490046059199285,4.56302784869467,3.30803194732131,5.8844088970778,2.16982664979182,2.22827975379996,-2.81393917337704,4.93864413828739,5.15742380907633,-3.17665446472316,-2.01758687340015,2.15925228794143,-3.51178497122694,3.11482943769157,2.60244233887605,2.5580603732557,0.239725595803637,4.8092920987106,1.17990929284569,-0.630915429502117,-1.08552423447039,-1.64992948613834,-3.15165701276166,-4.2376704017848,-3.67246082281852,-1.41466973055217,2.34724407420228,4.92880897083654,0.216176184837093,0.143015907743357,2.33572471355104,-1.6752731224368,2.05480418224056,5.28022509904018,1.29019434557096,5.05161510561392,1.84974219450385
2,-0.964947813212387,-2.2452395643104,-2.7075937663191,1.63292454850311,2.19296512511699,4.21177840242579,5.01180318074669,-1.91546945408165,0.457918113485193,2.62582249260287,2.68724557474319,2.16247725735516,1.77726589442316,3.12996730601914,-2.91861619444192,2.17690303296603,2.82334378503884,-1.20040201415495,-3.35940290144495,1.4218143755174,-1.23568782988553,1.12429418839121,1.18051071472799,2.06770142529109,-0.419697427928692,1.90230346883701,-0.125296798726997,-2.92012332033382,1.12605743206999,1.19267788095995,-2.39562750964148,-3.6287099844051,-2.69160060648368,1.78570263197444,1.13119210091218,1.88787822930241,0.630519119176313,-0.960767813743802,1.43406211539534,-2.60619417346098,2.81331118905086,1.27664260859052,0.809963385992275,1.84616315520689,1.02880098465847
2,-0.3002438598461,-0.757714858148438,-1.90879028840358,0.517773304930753,1.66264064653624,0.970219602759322,1.37381675518617,0.020935840890574,1.37308628771498,-0.602901444458456,0.95767160779784,-0.118256154225799,1.47937484712833,2.14361623599302,-1.5767696685261,1.29005762073542,0.995025074871057,-3.48852568431244,-1.11342244925874,1.60809667566099,-0.535477543207684,0.585309413668107,0.0740747056145689,1.0512112100115,-0.90163874980842,-0.155646852295923,-1.39697704953,-1.83359749439256,1.57858686993605,2.48402339870083,-1.93107702665919,-3.03235787598245,-0.648591186253679,2.37819445206209,0.397385049455212,-0.982808922060204,1.70116190972547,-1.0756235367595,1.47926808632623,-0.876074763808839,1.84475310375134,0.452537163852226,1.03413508021598,0.17609815491454,0.333439429748508
7,-2.01752423755825,-2.10690114396955,-0.914850884423749,2.26621031715948,0.824405526942963,2.03160911981988,2.58897012105935,0.604020391398492,3.11714120468368,0.709433070305972,-0.39008507635415,0.713511486690497,1.90067376321923,2.2197627782807,-1.54921999351977,1.64994862854025,0.319865136605413,-2.77793737336192,-1.43965207059815,2.06381648248722,-2.02997475131262,2.86731444423207,1.89928195808845,2.73210043260083,-1.82651858948576,-0.193409810331414,-0.889433607248929,-1.14859851447621,1.72871105494936,1.92798855653392,-1.22267184065121,-2.01708448163739,-2.20064733322664,6.03608862210424,1.00126679664087,0.877153776387281,2.48149834860089,-1.40073829942487,1.3656135779355,-1.08317438972512,2.406336927724,3.32658620076409,0.193483745340925,1.23906565849284,0.79479858668057
8,-2.92735062918778,-3.34783912387499,-1.53032880571133,2.45579073531519,2.14263579628959,4.09439309892837,1.95229547195692,-0.0172120154395927,2.33415115502357,1.90662119343602,0.678527428541975,2.30730284231104,1.45575867731151,2.43558273032139,-1.79077884170918,1.58444166655328,2.26510507473014,-1.79256200772322,-1.55077581555019,2.13701460655917,-2.79714956559414,4.245059373993,3.64349393348054,3.31858542929648,-1.79775557278621,1.65079649549836,-1.70686813129805,0.0179865656385649,1.46690433055691,2.07872700094679,-1.93879157584274,-3.38938284913023,-3.07614124899418,2.78548473108564,0.6080642207665,2.26377880047203,1.6350062526023,-1.31186977587529,1.3075125642984,-0.886509218608954,2.68822943863391,4.00368850177808,1.61947870972273,2.32339159040037,2.81598426588653
7,-2.16403344370699,-3.63955851991018,-0.69686289377763,1.89047970822584,1.93064157926345,3.82109612276312,0.843214012483471,0.548328686700042,1.16132946325828,2.86111569827194,1.65543581883144,3.59132986878053,1.77168870074635,2.14644892960779,-1.67378630603158,3.81433677949292,3.71186078321326,-2.16131499119508,-2.35472613801103,2.93480618059878,-1.81926321228708,2.04418407987266,1.5124534510718,2.21476547176334,-1.34717115168955,3.0530874191495,-1.46674670013827,-1.22615011307285,1.69108169567418,1.23922798956649,-1.84595313592354,-1.08662872328896,-2.25618565331558,1.62510202432737,0.865392297473992,4.20426218020212,0.841720065387015,-1.75107152523419,1.66625766496195,-1.13194231628598,4.15571045454019,2.57556210512885,1.72914222806999,3.22673781749393,2.55601683068014
9,-3.50438586894854,-3.12811283644099,0.318622771946654,3.3936065380807,2.07842884865908,1.89536303565996,3.4804587533297,0.361402178200241,1.37022063613686,1.27942839406751,-0.0354428441724826,1.96181484014987,1.01772759690839,2.85885198642366,0.167979268681544,1.73822752248314,2.6986152866541,-0.0735298855921936,-1.62533705554067,0.698196464646581,-3.53477253962819,3.33504546970565,2.55736527166324,2.5906433365973,-2.00318297855742,1.80298759762694,-0.638301138637044,-1.08920041778107,1.09404392353195,1.33536333986364,0.323221587077102,-0.338636385999029,-3.46536384157907,2.69090718954996,-0.062006721324277,0.829357084271769,1.5093894624183,-1.18859803293857,0.202259470693083,-0.838600254697802,3.64150447191613,5.57786619009899,-1.42469728764541,1.70122043929494,2.02604940836222
3,1.07172969844632,-0.209451415909971,-2.88503775941881,1.53327738020855,1.63398552030565,-1.09540474240725,3.23726480987773,2.36188884461782,3.13197987483057,-2.20676815586945,3.07452311211776,-1.6342511669888,2.32327396434668,2.81370454584273,-1.98849127473883,-0.722039646990756,-1.34247958218653,-1.83474271174185,-1.6238229120364,2.68058223956286,0.210871808338076,3.85526957123635,3.55884321679971,4.69390804432387,-1.75094493668036,-1.82049134866655,-0.978898681416859,0.345789919711243,2.04947492954664,1.82180930790839,-2.1723057752251,-2.602082445963,-2.67874138443345,5.77900201180934,1.93541941247773,-3.73387088809266,4.06375778428656,-2.20374021838255,1.97582506576272,-0.264804560910501,3.83342000146277,1.09225081544555,2.18868530673275,-1.45505957942843,2.12554977251976
2,-1.95776824457889,-1.85196922466607,-2.36586046783678,1.32453699644918,2.23130283204765,3.24277603966525,2.52316401035917,2.65732320259674,-0.133831797632547,2.10441219938608,2.02137929923246,0.509069245042946,0.869905506630212,2.32781877714806,-1.88947068452239,2.08888817352877,0.996409200200912,-0.722562943421623,-0.0556819332533656,1.93102494829934,-1.72049325711291,1.20431056340743,1.06239641529274,1.06648487430154,0.173203182145687,-0.167674456540388,-0.487653552793308,-3.8353339533121,-0.26864831564021,-0.147619578653926,-2.5019659884687,-1.71418038237433,-1.64770555059194,0.796878641382133,0.0832816540490852,2.01597266201234,-0.0177321757287353,-0.0393388558351939,1.7255640260968,0.935215182128918,3.12644301031398,1.17912760528952,2.04910041033351,1.72642700021567,0.801723146129597
2,-1.59636506588715,-0.954738423442812,-2.24576278008298,1.30895157189114,1.30147489195565,0.855800664392114,2.0578246659669,0.248652896368678,2.68808874912935,0.508534686382638,0.697286997385941,-1.72241515437772,1.62436215876849,0.659584676553564,-2.16573861353594,-0.1928743349384,-1.59011003171023,-1.81834631501032,-1.74051551846005,1.26547815954465,-1.57130505021184,0.706804348771602,0.576970790422528,0.83396146362059,-2.37465104987258,-1.64013593103865,-1.27452280921514,-1.88850327787045,1.69692956310315,2.64033819210916,-2.32572582116704,-1.75803815082321,-1.60781117150057,4.87031675823373,0.555885705738197,-0.385057049443353,2.57554790839241,-2.03596774074068,1.28699383481248,-0.763773723797512,1.06576759590015,1.0218105313256,1.95850112980162,-0.583794706728556,2.528127547823
9,-3.57446569269914,-3.27432128944186,1.09075570694466,1.53122442351563,0.88432858234059,3.55830362309183,3.23377296558902,-0.754666011054522,1.87624656172778,1.65290025465277,0.0062915594351085,3.00216916387097,0.0947623272946185,3.42521044181711,0.638604385253471,2.28647522757302,2.76849333193669,-0.197446997874478,-2.14205963038797,-0.556362984297847,-3.60559720817955,3.03538833791248,1.54178738948304,2.77026044417261,-0.991364063313281,2.36065692357111,-0.28141715936432,-2.37351597250141,1.18185738544421,0.559162824745326,2.30641680030486,1.9503212546782,-2.2950302970156,3.0736855050039,-1.22362179143958,2.16571998578787,1.48700454544709,-0.939867229566527,-1.15546733804135,-1.39894501729473,4.02285476734415,4.94196405015631,-1.39332733260644,2.27811240154137,3.95619224148438
9,-3.73959179265319,-6.47026363835442,-2.77525637816578,3.05113483756244,3.41947449055733,6.78088292918689,2.15359060285898,3.81163482017013,3.44588515217834,3.27246741470174,1.3213192195858,5.13022338257135,1.71710905093399,2.78587891065742,-2.07818106925575,5.05906569846715,5.09093591511427,-0.414219793283086,1.33139207016349,1.66438056710245,-3.66048033748794,3.88832935908808,2.97754648160556,4.35929782347081,-2.89281096403965,4.29285014590494,-2.00713672619777,-0.70185317398484,3.0551004192066,2.39219120031353,-2.39909843886359,-2.18876243927134,-2.91314288023972,6.87441569303489,1.41229800194769,5.43718518311487,3.79114796531185,-2.47843135363818,1.2435331294587,1.78873607112624,5.01713985279436,5.53815857262228,1.12867306835683,5.19524659346705,3.14395507478963
2,-0.373381016905028,-1.79223892390142,-4.53668121371266,2.2211415587624,2.05885036148135,2.01535652305844,3.22533608931253,1.30462465531473,0.779446576332452,0.284452711942799,3.71013590029494,1.46385234919316,3.21673690398484,2.07365761751764,-4.6062826047942,1.34350076000853,3.41749515414633,-2.88220171734617,-0.936950180099345,3.45582928973405,-0.65505602701482,-1.16689934369182,-0.855377947615115,-0.607777299977307,-0.413287187691263,2.82908444622442,-0.213438220323183,-3.45628902416855,-0.0264935420654806,-0.36148074999359,-5.77506150829189,-4.9217413098098,-2.53950703154795,1.48509382962699,2.83325030525192,0.222086140075322,1.0801193959791,-0.306778048171725,2.80312711288299,-0.320197193587117,2.68442626823449,0.756163379524098,4.95461538039029,1.18085421393913,2.09918752971635
9,-3.17431167998047,-5.29591690692781,-1.72727901229446,2.93948108986494,0.504884502484892,5.44664902357073,4.76363323401119,-0.80303493131225,1.48624900133464,3.81494694128212,1.4657701145241,4.60724201192172,2.1317750679037,4.35428461322347,-2.07743974443401,3.99304625871394,3.83760496785702,-1.59924704730839,-2.67721783049032,3.27464806589243,-3.01396128226734,5.29857805717196,4.12773688039591,5.18468567526351,-2.83331475725623,3.5498482386247,-1.79094252473259,-0.809737457512178,2.34830163231792,2.22235479412154,-1.73332307514632,-0.717586625625581,-3.77380694207299,3.38267973943033,0.142207131330621,4.66853347841411,1.78974592295047,-2.00500192115431,1.14509896200458,-1.79462507025591,3.43465973290269,5.72913547208216,2.85384872701153,3.93788361172702,2.29412325434291
7,-3.48986322396734,-2.24846121757659,-1.325889042671,1.80583464925588,1.36070673491197,3.62063323529284,2.60021698528977,0.965106936783339,1.89510904461875,1.2327749721605,1.31725365052203,0.295866561919904,1.81759901629826,2.4544448579897,-0.829598682556994,1.55439999850831,0.126557415119893,-0.385365413518145,-0.270536877873111,2.0342161259432,-3.4412671537397,1.38199176620336,0.935355813714516,1.54227002373049,-1.24230291138297,-0.619010389141131,-1.56072202000539,-2.88809766277359,1.53033497933049,2.20751248973657,-1.19048938045681,-1.59679361404588,-2.58800793565253,4.41465341040224,1.14163227533858,2.35726297693956,1.25118946908678,-1.49187579546157,1.81575692906584,0.457105704209388,2.87381232656936,3.14854217901973,1.22092164105091,1.38003264711937,1.25865565719426
6,-0.90634053166437,-2.51419836411138,-1.85867927957862,1.40621431435443,-0.580231800754018,2.22459603076569,2.45295256437771,-0.381877227259326,2.07018070913595,1.3515174595048,1.73020596962296,0.416188840167768,0.468442445024648,2.44328294419015,-0.874974677199123,1.79557534762785,1.12094043826507,-1.24989600309292,-3.04757478538464,0.892807324694072,-1.29706539336191,1.05862414629314,0.19162585972009,1.27483943097575,-2.83948623714831,0.140220951300328,-0.95765343343843,-2.5448570085759,1.14441530537798,2.22808303948199,-1.31383873698213,-3.43360066424526,-2.30896319730572,4.50332393953844,-0.384541674579668,0.596367933821727,2.36140181728509,-2.21633931463678,1.01723113467713,-1.91737702906014,2.41922391417522,2.46908734700358,0.215820332764427,1.23514109725885,0.531630283371151
6,-2.68823294914362,-3.48637062555963,-0.713910243881001,1.45704207338267,2.65923665504035,2.0553787115899,1.63204547915431,-0.561303349622234,1.27253907506823,2.27513712605918,0.752381342122466,1.64351924959863,0.993585533956603,2.44384995289663,-0.649559301840911,1.99956002483628,3.17590755069347,-2.03838223175833,-3.34214075544886,1.27984278331206,-2.80147092814246,6.76764983942832,6.48254487355874,6.91205175138067,-1.33149075670086,2.47135112575591,-1.51460564738932,-0.400393143533071,1.7485124110031,1.23575267933337,-0.829909529395398,-0.848199402826222,-2.51433407235247,1.03617738700793,0.47851279617458,2.03876372037651,0.70965019242978,-1.2742897170725,0.888796428071746,-1.74112728806522,4.00941743697722,3.20560560047922,0.9672318867424,1.95272397971006,1.43122048332781
6,-1.50733982771764,-3.34710559134247,-2.12673259289845,1.9790261387026,2.80896039516602,4.12445079807154,2.99544131676904,0.983435542390349,1.51297924408787,1.87884427567966,2.14192219679847,3.76601762291993,2.03937518154857,1.94977680555172,-1.57287160494243,2.74352598531209,3.00941314339138,-0.929390648650514,-1.99513692025082,4.29866662466593,-1.43225547968903,-2.0159148225491,-2.98787582949402,-0.660332993353737,0.0220774968694052,2.64127873373452,-0.244531428393515,-3.37205721868702,0.571286427986119,0.95448081977683,-2.98028264337799,-2.75297906427491,-2.37104147406567,2.40819529386372,1.51035111805167,3.03896009180861,2.01453573668851,-0.11953687275611,1.31962336368028,-0.895414156143501,2.41022113904989,2.65500954177005,2.47008759292865,2.79098698589391,2.95560947016335
2,-0.837304165179103,-0.164739545512891,-1.6811802381635,0.241820924475594,0.798500315040451,-0.250654627835348,1.3367952497332,-1.08205968812487,2.20138903873166,-1.6341128053345,1.23150531240246,-1.56479786389018,2.01770227882711,1.61800364077299,-0.498172627716977,-0.467540109464687,-0.985692504108493,-1.94949202202634,-2.36019267523221,2.30908175235929,-0.551543322461738,2.35415984445668,2.88983028816738,1.68442384148184,-2.19130327726654,-1.24101925370179,-1.62264262114472,-2.22054743358869,1.82068604497628,2.04031546623426,-1.56879898746048,-1.36305266863221,-0.969810497096882,2.26758697487656,1.48342096587981,-2.55350550541139,2.26655525487849,-1.6769062227209,1.98764587132589,-1.92252562550374,4.58475974345209,-0.165419387780734,2.06153643873749,-1.02945697110403,1.03826178043754
8,-2.53798342014743,-2.2382639385467,-0.39158019980289,1.38415383783534,2.41030683493422,3.52480666348931,2.24629038657021,0.106774074703236,0.983585536832585,1.65849964895196,0.598032404193686,2.14123065350727,0.389782727581133,0.955148466709443,-0.653064449178427,2.12305958915547,1.58194021593984,-0.633369717713604,-0.944009732176735,-0.313191276214538,-2.34275508409067,1.01795908028749,-0.0329586801260218,1.30743903329467,-1.04515486900292,0.896086695698328,-0.864079769582518,-2.92657595274274,1.03121406899396,1.19276428067629,0.272191792403021,-0.936457199187499,-1.35480496131839,2.96078157112201,-0.0464166142896194,1.95156339290262,0.730764844747486,-1.0312640611909,-0.291666169059299,-0.266920678829425,1.04590837872253,3.23578218679096,-0.466133550213227,1.75214332259314,3.92456984276395
6,-1.55500415125101,-2.23635339389757,-1.80553065954106,1.78749534530522,1.51469503965823,2.23642404175866,1.89929308859615,1.62731138875476,2.54676333399509,1.3969021175605,2.06799089754118,0.239898085877983,2.02418125564943,1.77193345164331,-2.62882194209973,1.1552662183412,0.612569863938896,-1.72487446911732,-0.322319908999807,2.62042158093353,-1.35325232053239,3.15080033423679,2.70134264133729,3.23708494721533,-2.37530220926453,0.318831783533702,-1.52086447669984,0.786937790555848,1.94309764192192,3.72832432060292,-1.69880181096752,-1.57126984840988,-2.26080998124041,3.78993865890242,1.05618074829239,1.27476767528114,2.45402223244916,-2.09420182682624,1.68959217834791,0.11302800470641,1.59739467684933,2.66187491441722,1.84324289795644,1.12477058525096,1.44905746753781
8,-1.47082760342907,-4.83467871536802,-2.15718526624674,2.74889120050921,1.25500953063318,5.57615917430049,2.42200348749819,0.365960730105952,2.20309059878657,4.50954715217772,0.58414095382995,4.33527125329419,1.07024003417419,2.27649514491109,-1.41408876274924,3.95935965133366,4.42920031312089,-2.46589656788117,-0.794554386929174,1.56067987419213,-2.29607364507102,4.63978619500708,3.93395641208913,5.32339392758028,-1.33222272178169,3.79372503308485,-0.441731480866845,-0.105124459061861,0.422876579835597,1.06447331808449,-0.9581879203821,-1.27130657981941,-2.44169049922141,5.12722508533459,0.376060990265846,5.71264580104168,1.79278781134495,-1.37499805299643,1.18549503441484,-0.715935564303513,3.6024068626702,4.639504251942,0.995402140792049,4.1881613201226,-1.29210411339094
3,-1.61411019524873,-2.12143478810019,-2.331362679242,1.41007548067741,3.71894523185047,1.51486146317632,4.19118525825344,0.112682324649932,2.88057541386739,-0.534058869175772,1.65548707575884,1.20937251757502,2.21587931752776,0.417086908612134,-0.743420175947225,0.512627674198888,1.54852434942382,-1.18935652584052,-1.40620596216852,2.57622341264906,-1.39789926296426,0.955440789983838,0.801913986324734,1.1924105259492,-1.74418435309708,1.09738153723408,-1.55223082432346,-1.61847060653951,1.91546368226697,3.23774878478408,-2.46078328930887,-3.2780686172241,-1.99305950473393,5.87897080639966,2.56864337795355,-0.173002404116347,1.93715166978732,-2.43282506345654,2.28821522963246,-0.625210918984259,0.893645766066508,1.56181017492993,2.02292858228592,0.747626139079521,2.33760305415181
4,-0.889811394568066,-2.54828610067923,-1.27792785559807,0.869616199496119,0.526506356645185,4.26447789837142,-0.572164760213434,0.919738664762553,1.4415971976543,2.11301725320386,1.08120696371801,1.3670569743054,1.49785415088167,-0.238061715655922,-2.72629276864996,2.78211151508822,2.47472156477522,-3.05750798050753,-1.71815548064183,1.50162055534893,-0.676534238389091,-0.425999106245626,-0.706392144493027,-0.0106870408195827,-0.454843744548201,1.80458159265372,-1.48824303448763,-2.15484735331808,0.123498919230504,0.777425367228318,-2.34969235984205,-2.3292536139824,-0.830321364231273,1.00864325110493,2.02635179370039,2.97308171600077,0.906838829592541,-0.731688213024603,2.0808624783741,-0.818841743641932,1.64725277449024,1.24044192653804,2.00317937342255,2.09240996482524,0.22143062722321
1,0.184579976771133,0.0549620385989183,-1.23586354272339,0.460973410467547,2.50673832293413,1.07415627361992,4.32550314603091,1.10331356642388,2.86427648274812,0.0934858416791863,1.20584840101582,-0.49576486397146,1.97681881531889,2.07458267784288,-1.04246068816515,0.712057261249393,-0.713032090820299,-1.8125091098359,-0.489783941124079,2.03011912377556,-0.209752445630928,1.19166678117426,1.43905020164773,1.2924014046718,-0.695019746048112,-1.70162402622128,-0.66560864323882,-1.38698727184108,0.901046351577993,0.976343489819148,-1.75976673955035,-2.24260629971464,-1.76450889140359,4.6010297272498,1.97835596485859,-0.665344745054006,2.84363051025142,-0.950323207814816,1.26384348406988,-0.363348258852863,2.81345962262491,-0.411047414485761,0.592195041324598,-0.327444431278903,1.21548825803323
6,-1.17348798816189,-1.56405314290183,-1.28262907089654,1.83715561579008,0.917327635170841,2.4355588622031,1.98915525082111,-0.573748348680426,0.849523628574221,1.31371917345546,-0.967001050097476,1.64106520914512,0.967562700800488,0.836685195518612,-0.711663734234865,1.16052151904943,2.45321609457169,-0.453566003488057,-2.1415965955098,0.396890517934617,-1.2283657909842,2.16798443272321,1.92036814484868,1.29359380950879,-0.2921444952165,1.18633956878067,0.151219447892803,-2.30306639286949,0.665042693355681,-0.296083899286726,0.187969215726742,-0.828436000309588,-1.95122268465381,0.383188224934062,0.62056340847952,1.62584460167173,0.367103587223408,-0.167091507911005,0.647293639628085,-1.8027349906779,2.04009787194219,2.74881951635541,0.0820346951619239,1.54406582350717,1.88396491082701
3,-1.79246813718331,-2.08924842794596,-1.67618695653425,1.00149613125305,1.98333966182999,1.11604672538791,-0.762768869367548,1.66994754886894,0.934538229215389,1.86965267344078,0.788462169302516,0.191700886352614,1.49962827751,-0.600741965205058,-1.05736772486474,1.52783084973251,0.275515257095501,-1.02208816354329,-0.29743607683638,1.99763145231518,-2.33255613981925,0.530915092011358,0.952890709198778,0.223378480334516,-0.781184299759663,-0.0790227035690906,-2.09974784011399,-1.79040068844025,1.59094042687874,1.16585873526981,-0.324311716899619,-0.734916545207369,-0.281725610553079,2.5524947674971,2.50583659143433,1.79793041485775,0.881028326690159,-1.01058913162804,2.1187294996798,0.305324807590394,1.34114432721067,2.07482220529166,1.48754369367392,1.09617450949969,1.7412572040157
0,-0.827861223321168,-0.0895240010256947,-1.0867168416202,-0.137342608307723,0.237821098471272,0.0990669831235313,-0.246750300423828,-1.21349471034649,1.29654112716561,0.440065967007078,-1.22686391066611,-0.636187216782557,1.2159005545998,-1.0578860687307,-0.72831995782612,0.360468218566547,0.442705095083521,-0.321958461911962,-3.21259308371778,0.743050954837243,-0.612312223752197,-1.37984795267244,-1.1944506162034,-1.52045966888264,0.210871662228765,-0.108364015176528,0.481958382826676,-3.45993433743673,-0.606485577746575,-0.719948883725061,-0.215561382549127,-0.700135120942199,0.0512396585502963,0.865530903609158,1.43628701740193,1.07393172142139,0.486688211054502,0.115211928945705,0.75053012544369,-2.71945432286627,2.8831548027799,0.0933848597519226,0.814017222381292,-0.296341183459515,1.3202407386372
3,-0.301702367173428,-0.97171116061607,-3.13497543384783,0.554427974348868,1.84158006885728,1.18283317626926,2.89981470106002,-1.19656913043073,0.781032791365341,0.644989870294805,1.53112513398071,-0.321818488991412,1.46145836314259,2.09946525333465,-2.69970178669437,1.38845846076518,1.38029432344514,-1.21791065527684,-3.02296343488582,2.03114971418325,-0.706487041366156,1.35270850149905,1.61867587216383,1.26556916523714,-0.104890269800074,0.154004505313868,0.848454405870713,-2.27639749578489,-0.854492555014749,-0.251163666902393,-2.11688466868614,-0.745911123978272,-1.09301395761777,0.973354432631247,0.678720548764065,0.576393223405997,0.983139089959105,-0.470177716407769,2.15430196780231,-2.65999765282581,1.4109513196431,0.777505950954847,3.15702861498471,0.707043279273517,1.11648656775399
2,-2.03585941867458,-0.140839860461185,-1.49338496010085,0.901242695334746,0.612610844041601,1.3655789787826,2.93206760772527,0.0688481933196155,0.0853940844241654,0.707902806624942,0.725138774193717,0.86527317024341,2.40291794275136,1.45128429311294,-0.235582795912658,0.121923569088749,1.70630000457759,-0.990131877526579,-1.49283787315132,3.00135933832956,-2.1241627655456,1.0246368305554,1.47634384855341,1.3448993047765,0.39056657064177,1.2226378422447,0.179990855919344,-1.89696847453872,-0.291557012823902,-0.164278726186583,-0.980310509200564,-0.760637291543308,-1.57100749348276,1.3342764216377,1.96330090021573,0.959897108224164,0.266184581072594,-0.035688985296668,1.10309471078242,-0.958865771059864,2.47904178709389,1.35544570878336,1.26526981566236,0.32423494184237,1.66196061827699
3,-0.331234605556143,-1.13425966351309,-1.06919759620001,0.781676825623699,2.59727619345575,1.25748975591077,3.8790659009104,1.20552619898103,2.27912225022473,1.24835624151406,1.76536321457908,-0.599756458724338,2.49952333142664,1.61453544578457,-1.85909305932928,0.663611450019837,0.019952794228847,-2.12323592494499,-1.66172531335325,3.44160691325454,-0.221699357489923,-0.71011072134054,-0.747344846966305,-0.436862338799852,-1.22695884722792,-0.581393702005062,0.0048505370907556,-1.67830796764421,1.33527178689486,0.957839153887389,-1.74169869002649,-2.09891411774833,-1.49346435762092,2.1814969113733,1.762795239283,0.98108887792004,2.53413462661208,-1.13696059084531,1.71912744374705,-0.483506821035519,3.35781084708978,1.36511400758914,2.00790644885474,0.57233609663006,-0.374813062411072
1,-0.628779911517696,-0.708647119021573,-0.873341221542273,0.703423862629566,1.72048889729524,1.32251797430696,1.36263953604356,0.881889158556544,0.96851034998149,-0.0397299816893722,0.821801257705896,0.208834374469228,1.67349858913067,0.298160142206421,-2.5795369444429,1.07388671759794,1.46753314074502,-2.50916044596275,-0.686069452053539,2.64360317596998,-0.728390117480843,1.46747330930536,2.06683954797392,1.59396286279133,-1.07341021755677,0.309434448133113,-1.16774480551169,-1.68315508903151,0.952402640313313,0.0435238600874255,-1.46635797267166,-1.18306930466394,-1.44011148016734,1.71033398765602,1.36950185249673,0.190667786693947,2.20767918935693,-1.1819677540395,1.310211223019,-0.202676146000272,-0.0585748781037672,0.159702059447044,1.32595134665859,0.14927760494037,0.187063748135566
6,-1.67441886307755,-3.34223126022297,-1.85091701860838,0.945012710999812,2.13044855308235,3.31005410860238,3.28150016403228,0.985849109308437,1.31224859495826,2.87571369537099,0.423679665034898,2.92797650167194,1.2215981873933,2.50128837033762,-1.48728358580462,2.69967659455044,3.11399180772687,-2.48182231804718,-0.813480319275565,2.42877009279836,-1.62291431997383,1.11635842773996,0.97155086307654,2.09088263649954,-0.080138823797632,2.66065851054998,0.134496772385674,-1.80942119935432,0.269843943468358,0.247455462130112,-1.46534250356144,-1.65771881494699,-1.59356506875418,3.1897075867631,0.937070700891536,3.01942022030744,1.59246921378713,0.112317676252014,0.995790416715927,0.122184648253133,1.94321701391425,2.26151455547599,1.17113579472071,2.3368795129153,0.597831981988066
3,-0.590413003446219,-1.05051052943428,-2.93831449678577,0.130534237850451,2.70145454532691,2.50636934011004,-0.169131843392008,1.002783011267,2.80122673066484,1.35084381965741,2.03818023253424,1.15090174828676,1.55568642978583,-0.630846108351745,-0.521779809111541,1.20488565104342,1.93018495262284,-1.02718017890154,-2.25414878376841,2.88798822986872,-0.995652439600232,1.31485590004271,1.26318934271944,2.09751581163587,-2.48095598758807,1.16800240578286,-2.03298420157853,-1.64322729084367,2.4772547853385,2.86884223886552,-0.71024694457613,-0.50703820130498,0.0185096652978819,4.79123743315157,1.66319212477087,1.37192571796792,2.41829855319996,-2.25183883897246,1.76045773888217,-1.27277842641317,1.9907440481457,1.0307957910526,1.16958975888454,0.284015916823503,0.466638540620152
1,0.149572525280556,0.575059449459747,-2.40897093252611,0.691645232476776,1.2619000048739,-0.860426630915176,2.98576510849047,2.78655750588029,2.53086347009762,-1.82215830925791,1.3028237019873,-1.47433185099997,1.3787653407518,1.92968821235498,-1.45587576515397,-0.560944004244962,0.0100715335901462,-0.309475191581037,0.956545217288423,2.48688629268336,-0.371163562101629,3.34482813080882,3.06652272775074,3.71048263374157,-0.995080313502348,-0.562752732448723,-0.11178743473615,-1.91511153783814,0.744548162419818,0.431296243020239,-1.55314191827416,-2.60464159758309,-1.10681636640872,5.30635404066922,0.670081291184708,-2.60161183467671,2.4791808009952,-0.887454837567053,1.12836254098997,1.59928614441537,2.92087790420542,0.463332362271983,1.42490674844882,-1.124464212483,1.51117052634147
4,-1.90474703016988,-1.99754254248448,-1.84699063456271,0.878562761240972,1.4986484721757,2.09237891715696,0.398221649587898,0.146072445904925,1.11435901541182,1.48109819377544,3.65018935183327,1.51853279586026,2.04796794172604,-1.17750871041981,-2.49338405408814,1.88811910943872,1.57263595825743,-1.75347613425632,-1.72833794346636,1.25270183206966,-2.24083804593343,2.09347117629316,1.71938092397007,1.88242316408287,-0.507465960439861,1.38462736607157,-0.291505517283525,-0.770137651050973,0.828509152053113,0.63712882195847,-2.44067923618786,-1.76818096831141,-0.687524210870225,0.771774763601164,2.07113958355331,2.40504983776203,1.62196758694749,-0.583876855813195,1.69374445516802,-0.93979970608522,1.04892744437977,1.88113433937779,1.91054613291476,1.64350091720849,2.65363376566763
9,-3.30560744788173,-3.59599287807291,-1.43244693043653,2.13884735890125,2.56437907667413,4.99331112540748,3.95004882299951,-0.96028714380152,1.3564230667807,2.56427632377336,1.81974451535731,3.41141815164634,0.231587500629968,1.83843187049962,-1.05287366532399,3.26859826817021,2.71279149709317,-1.96570289540967,-1.88378359882322,1.4469348082319,-3.61704040799301,4.29691425638413,3.6159621796938,5.55117525100332,0.571221646203885,2.00287803331208,-0.62257169431033,-0.980069303279101,-0.364103888669714,-0.278306221997855,-0.897299240739017,-0.678136854476246,-2.5451959222527,3.28991686203118,-0.529543107704824,3.28944474506456,1.2315727485502,0.2364287507748,-0.0412228180284279,-1.49780316763972,2.49709949202663,3.96588114067531,0.704476390813651,3.40090433105121,2.64060636784578
2,-0.850491084427135,-1.50341050048207,-2.28598853135275,1.04908619414651,2.74804095556054,0.732825594278714,-0.236041088082359,0.445805713577614,2.87747412362921,1.42600558079242,2.77380785713516,1.5017757832124,1.8462153752719,0.567000945774059,-2.4809010618579,1.51781831176742,2.31690805200524,-2.13178255453879,-0.0815714837113886,2.53741292327895,-1.00701621488165,2.47614783634692,2.04322120109514,2.99694580584129,-1.64221160345215,1.88737357977706,-1.03838380089119,-2.72293935600969,1.79953393145227,1.90397879550046,-2.3517089696491,-2.92834992170614,-1.28300739783695,6.25082112322807,0.99808801331374,1.83578955410588,2.53356408764405,-1.98097959354854,1.92828480083454,0.211296596344627,2.61563142536303,1.09796547085266,2.21183281551537,0.845101011610916,1.75703964914013
4,-0.831798001249082,-0.447844746231225,-0.439276862287685,0.250306476783003,2.66636343603924,-0.134451297697034,1.57930763967591,-3.01721658592236,2.89447858390094,-0.490148322291272,-0.0373998668032481,-0.646571480236637,0.0993594108589642,-0.0805248715024485,-0.155976477574846,-0.400781802933566,0.436567582010499,-1.54898385016767,-4.12399590422686,-1.23152686847802,-0.451529124239523,0.659983195860748,-0.505823096156394,1.41659119349712,-2.55040062792378,-0.154273203258848,-1.47116440112463,-1.88156351381764,2.12079804147422,3.03451132527601,0.579987911049814,-0.0637192589355058,-0.702043268791056,4.80729423168452,-0.455133449804903,-0.704201790194516,2.88278903298541,-2.70504761766949,0.223665162366508,-3.63130665877344,1.34942979540629,1.21416116138635,0.26351308342972,-0.65090338601576,1.58079604722351
7,-0.976432876115376,-2.6116415082304,-2.50746201781294,1.94489484364567,2.18572014450272,4.19278380939043,2.43369161357317,0.210446696580814,2.73903958222045,2.45676140529554,1.318591186593,1.97415534468577,1.3347411254761,3.34269746852738,-1.54255029148909,2.05321298300606,1.37369091084111,-2.30952357962822,-0.947656208239185,1.35715862724709,-1.00353965617469,2.56211190089897,1.92115739479196,2.82078037817084,-1.78024607126595,1.08300368095745,-0.730902016064362,0.656676120840957,2.15112473508509,3.18943853253259,-1.29219615391633,-2.08366832593532,-2.38478447836894,5.10435929878301,0.327923712631756,2.69871188442937,3.18444595514521,-1.6570759645977,1.0334972505506,-0.749395589464139,3.31504033019378,2.93700304846196,2.09404769718617,2.43595251983297,0.393406974770698
2,-0.923221498212196,-0.503502928043429,-0.991438559870086,0.143766645479624,0.905697501439918,0.154850264219021,2.6941703470349,0.534742076157623,2.30645529028052,-0.181608082205746,-0.252058610365961,-0.830541114151306,0.651108017734731,0.652144619108468,-1.36044447414399,0.266387837684501,-0.0266716728608,-0.866179546458721,-1.31458621899501,0.989879977031848,-0.640646185513964,1.98317769888726,1.37303978265208,1.17781192768379,-1.80304822046866,-0.212571697343636,-1.07034769895613,-1.87348026417957,2.21841634055948,1.63541774772722,0.0512572652449708,-1.01907702716879,-0.556025240809531,3.26048484505956,0.0443611317588242,-0.500104831841946,1.45722625201179,-2.08651307778042,0.0430454227603733,-1.00234432386694,1.1493264034637,1.05730574247332,0.780873914188525,-0.558902376399319,-0.307639578554357
4,-0.873693216102397,-2.40368319313148,-0.413429093570937,0.615132425787219,4.44641637672977,3.19262255858087,1.53644032553588,0.0576060595704664,4.03133531308959,0.841164544182398,0.310613538791463,0.707379589195544,0.256656365147634,0.719407838182317,-0.600519400052965,2.24511123044552,1.65576019254922,-0.0348540206153746,-1.2378702824798,1.47852300184368,-1.05161305001675,2.58540272428588,1.21320487883163,4.02033551114811,-2.35347403539764,0.69051725366753,-1.3328592596592,-2.64085893991106,2.1719311565053,2.44350615607671,0.563741889345489,-0.436637278824199,-0.130137383215741,9.10099738031871,0.268330358849592,1.41574727674469,3.89115030481444,-2.38886497741595,-0.0607531562048816,-1.05019972368899,2.01697618161861,2.25004440319983,-1.35274076684974,1.5096348519399,4.34359887982837
1,0.250675164045988,-0.603659260101361,-0.49908213407282,-0.117763115873991,1.35417252268949,-0.194322119654554,-0.434385230810928,1.61427135687743,3.63554430908767,0.133167085094302,-1.16790016543824,-0.739643468536723,0.30793011085491,0.618524695611789,-0.358443712018042,-0.64355390118846,-0.372215257727253,-0.1766174541932,-0.0760003437843975,1.14872893049426,-0.0186342660333813,0.086260485492284,-0.957307799952544,0.54042353141582,-3.24265850750881,-0.80531965625489,-2.3408115653523,-2.75224886317002,2.84881274170575,2.90470678554461,0.225328756389095,-0.586280249624986,-0.146689722517231,6.62134223921117,0.0644430796089621,-0.395718659963668,3.19790347721799,-2.87510181556213,-0.335433737547065,0.68835954644552,2.27449677013262,0.161034075554075,0.566362764219553,-0.184524212126896,3.51705707062596
5,-2.49251635693674,-2.60109092278903,-2.04272704833349,1.93153692471547,2.0796194726787,2.83181976398915,2.96630360448936,0.767026870629395,2.80350712873533,1.91646795731718,0.566945949149736,1.72995021452765,0.784576622650293,2.29605706112589,-1.92139559879222,1.64522303596625,2.93982068755123,-0.937549433052489,-0.488501138959631,-0.0366676624469866,-2.56086192145879,0.143141183958489,-0.61359193677482,0.905382694341699,-2.07567757711337,1.62417270384561,-0.734221606167023,-2.03467719523167,2.03356135190045,2.38622906733796,-0.95798506796731,-1.76047697828301,-1.76207591712748,5.74928720774102,-0.302596193093717,2.23678209340767,2.59152664062946,-1.51938087925427,0.780052917957381,0.0798280158117302,2.1227822257907,2.66369341505024,2.43242561947752,1.81922002095024,2.79833767496084
6,-0.600713722614409,-1.04265111125477,-3.05980265112444,0.98380678593028,2.62520744660917,2.92436959039755,1.12635814672165,0.149299018419256,1.7097742592566,-0.21990815870912,2.57322007155408,0.671526468804523,2.92902809572252,0.426383654368994,-2.39287097387213,0.386009271930019,2.33761984775849,-3.71370391956596,-1.50527300787707,4.11436871882287,-0.671110325152822,1.85677252651598,2.16906552981221,1.03596878477423,-1.28741117621146,1.04661988640988,-1.60011082855793,-1.6275802212426,0.315567782956752,0.886356571320664,-2.50683349788938,-2.2491916584641,-1.17340976901533,2.4170030378964,2.64615546418855,-0.0411661217541129,1.486968841933,-0.659344451090476,1.3112550087449,-0.697727078476371,1.2162546138509,1.3650228840843,1.53875382714965,0.381550269555025,1.73203668632617
0,0.124110440636024,0.593121726971857,-2.54515750311663,-0.0125275049316311,1.07924189550811,-0.623080595601678,-0.122316563140322,-1.710323537658,1.93515104132025,-0.503181202485183,2.60208835112805,-1.55113054957335,1.6484129907349,0.0658719244915423,-1.98197969604419,-0.0758062486084393,-1.6339247764175,-1.54721203053202,-3.88379369971103,2.22784876027944,0.0380086493122207,-1.12709134980695,-0.895317233446957,-1.64793178489325,-0.961753784877536,-2.07662774217514,-0.550423194222398,-3.05514691907955,0.170732604365367,-0.0912660591112452,-1.86182414407208,-1.26304999069041,-0.252111206744084,2.12705451844103,1.96269765653135,-0.0395179974646351,2.19204237734818,-0.621223223174046,1.58819503745638,-2.73489167876321,2.14251015804212,-1.31667476476963,1.13582126305416,-0.867104511828328,0.707840347773842
4,-2.25080976397544,-2.32545755115608,-2.14567636567559,1.28569960623461,-0.0960801096852748,2.55524924224561,0.998646600676926,0.347893858595888,-0.147572736279689,2.00490068647608,3.25969620941332,1.79266327385154,1.89417939781183,2.43823353045773,-2.63363058643308,2.60616609252062,3.51248084908697,-2.80386945728905,-2.46315103321399,1.95980513147413,-1.88939604721933,-0.66099105676488,-0.963089487161106,-0.57357786219127,-0.11261675436321,2.32954065948158,0.705738792317227,-1.67134339733535,0.110556488017111,0.542218586341262,-2.73935722494056,-1.54252079673686,-2.09302611818467,-0.170849884835056,0.799635156452596,2.22224467984851,0.0296892786761829,-0.469209027840309,1.06230961585023,-1.62164502356705,1.92318764561383,1.97325942931038,2.87809814279233,1.95823400156557,2.2567671288593
4,-1.10792909246713,-0.626284773170086,-1.1252024750478,0.56116338078944,2.28806095567842,1.80051354626396,1.20242216786802,-2.82416024497924,2.04947009830717,-0.106879057693398,-0.916415594915157,0.0845428708403016,1.10227707707863,-0.631642569223659,-0.896781494125863,0.56613470797404,-0.256543036890928,-0.164619210873394,-4.62484613183494,2.84440575843872,-0.830887361952751,1.21141042222416,0.92885679487629,1.48363663822604,-1.1649984875969,-1.09171806886731,-0.931172800422418,-2.76162486765597,1.2703886209283,1.57198339117854,-0.192059249784895,0.477649723477433,-0.134028646063319,4.88941950225492,1.81491185706715,0.705381539795163,2.71776076280487,-1.28336005255074,1.02053935631071,-3.63723416556966,1.54024955155109,1.70755820135342,0.194934999474341,0.216661924710355,0.0528056347853043
7,-2.86025678326393,-3.69739032773316,-1.52082451969212,1.96366958752069,1.4822196277813,3.67829530200328,2.64249227869796,-0.972582962494179,1.5959500159674,1.97400341995618,-0.633395878851459,2.023151611362,2.13953751777177,2.69956397857284,-1.541029979056,2.33312469762178,3.35538027023024,-2.27477197847467,-2.70661165504004,1.55984064833461,-3.03376335170386,4.49877777503211,4.15498140439822,4.64176762997253,-1.22145247539231,2.41990512924137,0.0027586135294137,-1.25823533556038,0.667234459496853,0.853886467943885,-1.14713783368105,-1.28748306410021,-2.3309057508079,3.98035627460222,1.58460859081645,1.62958634145738,1.29407286567156,-0.768996337383305,1.58136799105205,-1.76784443191467,2.72365094702226,3.65044370308839,1.75561182244684,2.51514896844265,-1.25633332926389
9,-4.00356284525462,-2.52020705444227,-1.30671642128429,2.21653793126702,-0.20645739169951,2.95167286270797,2.90671767472287,-1.12466590839542,1.4142460369848,1.15877147352713,1.41033626231532,1.48461027238104,1.41714461060193,2.91189748119127,-1.88714574621196,1.54634110865404,1.87944414524312,-0.649479869503377,-2.01500600650545,0.722040444724205,-3.81743405606564,5.73247796813002,5.04618076559551,5.95293706578737,-0.617025975050749,1.23517752247388,-0.749188612796229,1.90165079668968,1.19655432372647,1.52408845392684,-0.430742238461302,-1.50877478160887,-2.22509090340245,3.77899648251079,-0.0107948357868594,1.39231429957945,1.77418902778207,-1.12984084015013,0.725994802569449,-2.07765793756049,3.98682708758217,4.55044329111503,1.58016481097127,1.82570907391607,2.30350972476537
3,-1.62774551231951,-2.23441354215857,-2.34636162019677,0.915911431902197,3.54374863602811,0.86562159615194,0.985838243590028,-1.8331161937471,2.22420660704681,0.0323960450281492,1.64133031847461,-0.87500773438027,2.71948086929456,-0.134894904971795,-3.44857179673166,0.422021087641543,0.210737409175248,-3.83407870089211,-3.89870604189294,4.0988214442481,-1.97925493938092,0.55365976196469,0.81666853739058,0.350103649575391,-1.76367598637515,-0.811602608944257,-1.32498013678943,0.483877566502086,1.95767392639455,2.63031660775774,-3.05071191794831,-2.23406308104857,-0.912988437293837,2.37669236256948,2.02512203520427,0.527637464723497,2.29198473079131,-2.27554314521799,2.08797991136277,-2.98935614132067,2.44266938841234,1.58277814441165,3.11391153141919,0.307201298721463,1.51751389552487
1,-0.498987851195406,-1.76502518614705,-1.91152828057912,0.189713613102271,-1.43925295737968,2.58028336258549,1.468786011458,0.304945108854122,1.82583396779946,1.42269058602325,1.36913009418624,1.1770781981531,1.56579819563061,0.630686089065804,-1.56662761856647,1.24907175709713,1.91366684969601,-3.57095100510711,-1.05146323921474,1.76393774899537,-0.581274287599579,0.290936042149396,0.103139457990525,-0.230222248162631,-1.07534977461047,1.58391489533383,0.314139930012632,-2.97511980439239,0.342703821831412,0.681751281893456,-2.13961264291747,-2.93934078238882,-0.861080638553922,2.63658418906142,1.42749946757681,1.39776876047808,1.32439737206486,-0.839691336975848,2.357336113213,-0.681052024538781,1.02426315408362,0.0411219337071635,1.52011372358884,1.04323042519686,1.96886432328612
7,-2.08992609336898,-2.26483719445018,-1.32319072012298,1.77926984953973,0.895487755376781,3.49755923494043,2.65034323511129,0.52277313809868,0.576647907284411,0.505740965660456,1.000652969211,0.975195811029056,1.37128944971257,3.21596095415328,-0.903348119755886,1.40441349567905,0.0015431586060097,-1.46350292803463,-2.2856602964284,0.493489696881504,-2.39355286175388,0.902554720543184,0.620640891114737,1.15842493509382,-0.216828182004111,-0.132606844291562,-0.158634888816411,-0.935170554976444,0.246016630495035,-0.449801906710719,-0.827793902872694,-1.59506125110882,-2.44082806484205,1.65570973439258,0.442730185085124,-0.289867513551814,0.467703480357294,-0.414929788276561,0.914386512475111,-1.38830678317297,4.01039711681722,3.64399247960306,0.936084882957351,1.13814113050171,2.6606755511911
0,1.51363871894166,0.925949993733568,-2.94270198344167,-0.321729300067696,0.760647227049127,-0.490747031327998,-0.0904666957448393,0.358709722339562,1.70364861559312,-0.574705715507879,2.6629955657984,-1.24193144131854,1.5043939017668,-0.285112998929958,-1.19480487314833,-0.0780568920192022,0.468748703438403,-0.933615904311396,-2.67576117387977,2.96229317541731,1.42249836258348,-0.0454780639030952,0.722164135457564,1.19856383830501,-0.569574610712741,-0.637091953316094,-1.91191710405778,-2.29522644503137,1.35989297481685,0.638883862431003,-2.88344719890377,-1.93094798089682,-0.413022601301701,3.36168673308228,1.25731690753301,-1.12284473077663,2.02388240512901,-0.985487736843324,1.83919058824112,-1.64336087263409,1.82690552523763,-2.29883534816231,2.38701487196316,-1.09157841160893,3.00003722607437
5,-2.62554010097617,-2.47064112440171,-1.8228605689926,1.24737670586562,0.218492418514167,2.94588256878932,1.96675518968188,-1.47992893083269,2.17092466856285,1.70878395148046,0.0669882636143843,2.95661644326407,-0.46039457406406,2.65949654320769,0.227564762043593,2.54196806542488,2.44860105211703,-1.11018948580575,-4.12163932051125,-1.93455502055751,-2.42151897918604,2.49298275746562,1.22754974331911,2.83975888146917,-1.42815124103814,2.23903235770501,-0.642772830572291,-3.36955052801595,1.24219701199838,1.99509454398537,-0.728932860484654,-1.53564524794145,-1.41834632760813,3.41251297343531,-1.74594787168402,2.50778717751137,1.75420064373677,-1.15862737192758,-0.933672780100586,-2.80704863666469,3.01714546679498,2.46490827608509,1.37887853668764,2.2801581422281,2.51627955708714
6,-2.50882131744609,-2.22274813751903,-1.41849058606901,1.88406069371899,0.217990616699145,1.64446854435729,1.1619800083677,0.115547618358104,3.08781361171813,-0.36331708029476,1.45342168118656,0.30353608119809,1.1197016421078,2.93375322874692,-0.740254541057759,1.57188131216263,0.398604818312456,-2.65855436863079,-1.86801170743102,0.73351748853618,-2.43624026185727,1.12748654642723,0.262643390030806,0.744260218638005,-1.83085022928429,-0.0645663295377441,-1.88774443869923,0.285264489971591,1.77417394615193,2.20644560916566,-1.6942828650061,-1.84947370774309,-2.39335042065798,5.62418758487502,0.845714411147487,0.0189156303465136,2.95584192219109,-1.70918772788802,1.41808599259013,-1.04443363283669,4.242487873422,2.88000332104208,1.7826633907171,0.727576508064105,1.60169541262283
1,1.26023111940757,0.537434050114767,-2.63526988212927,-0.0165591384168307,2.42412436760917,0.400536488489456,0.182642445368192,-1.61269140803263,-0.229534206735047,-0.192304243178889,1.56602121645502,-1.4116054885692,1.59600539546261,0.244670080991028,-1.8934435410791,-0.443914507401384,-0.135340488380603,-1.75934723942134,-2.58483079196096,1.05985924304023,0.922656489914836,2.33476642612357,2.90162100109934,1.40455116592107,-1.64590450958798,-0.854143075927412,-1.74790649544623,0.0958168822878058,0.721656273938018,1.6130215490189,-1.54987133993712,-2.33984724669071,-0.259177559829288,-1.6794756915765,1.95441048896679,-0.871307953491863,-0.0448992552711676,-1.30365187149862,1.41293379996915,-1.82350635694852,1.25800246475991,-0.435613011243577,0.296434153146061,-1.07422762169444,-0.434439924090007
8,-2.31557165350502,-3.64309623400991,-1.26114795724074,2.39662353365143,1.95979740023474,4.25122470004637,3.67735600122376,0.932017779746875,1.38437067227156,2.53110243776135,1.2577808129364,3.64886466928387,1.49488312057529,2.8130959692304,-3.01203070333905,3.36192487678101,4.50174262667154,-1.1193177590453,-1.25662338466903,2.20748011300036,-2.8898490286668,2.01315207200712,1.2436941134078,3.08678427485739,-0.351886738597781,3.53810408256148,-0.424734383930104,-1.35117004129758,0.065129237261594,0.193369282907712,-1.78360353442806,-1.44557679262699,-2.57533031186837,2.5727859022594,1.17565986759472,3.8607547437032,1.62473471194772,-0.070204395477385,1.14232486335274,-0.73916157782687,2.96277012534493,3.35883938146647,1.65341772200887,3.67178649617301,2.9194621181211
5,-1.81281604896684,-1.70660085359171,-0.691047614299373,1.16604429244326,2.92435866398901,2.13793859222994,2.87056736867187,-0.405948602321538,2.71321799463077,0.325488979910227,0.490063026155848,1.38406317441643,0.588519143356486,0.585475275396193,-0.294848466802257,1.87426489165664,2.20532963459447,-1.56421859024986,-2.65918154210667,1.16443051116047,-1.99962466127291,1.13752434848357,-0.0719786339434048,1.30870014340255,-1.55355963714158,0.827295997751818,-1.35882341967826,-2.21638854323366,2.15079913170535,1.99808143533504,0.771437446405274,-0.896476082980336,-1.50225269653991,5.44656330718242,0.120331307705236,-0.225329917932962,2.75235884747666,-1.617409695366,0.322323511813984,-1.96902251312935,2.21668173119622,2.60603497747764,0.673184322242368,1.08915823767638,1.06772174354499
7,-3.07584993626303,-3.08340043133851,-1.21365746441279,1.47187584893879,1.59565898175537,1.80557683968679,1.30442419944942,2.83744277823676,2.91882501835055,1.93925255513523,1.32087724977086,2.13248880387703,0.0980661817195421,1.67577794475294,0.478829634025198,1.93933273679743,1.93272435438874,-0.920056553190477,0.162862023310533,0.495268444234171,-2.5818252071422,4.98122663188964,4.21508366157947,4.85915929067747,-3.02924016028253,1.11319339731881,-2.8477597007729,-0.0456982567973034,3.36775368260684,3.8354812234587,0.0213563960388619,-1.02199247451891,-1.94495784120491,4.51559633547719,-0.841847020081547,1.91679122332131,3.21212384220448,-3.35366843749993,-0.364213006022375,1.34515075631085,2.53169190728829,3.84608987071212,0.173396898079063,1.96280665029889,1.0436258161741
7,-3.16546472708614,-2.47374481672567,-1.45329622265933,1.33261712190369,0.480623402494703,1.67917894693502,0.71990300683716,1.16935989132206,2.22480349765247,1.53125886227172,0.475616104530108,1.36064817961098,0.409447671806475,0.972921803334151,-0.296441563517474,1.81536040337915,1.95494741738865,-0.53692003734465,-0.850747063775313,0.930037956505715,-3.33662679533819,0.148145111923087,-1.09109516062588,0.908017112276423,-1.21160946989121,0.946310023310664,-1.89844160255977,-3.22660400095484,2.33418762155146,2.43690792583494,-0.115044060143491,-0.791985648883299,-1.92089479914249,4.25376462364496,-1.00910182699214,1.5710062041929,1.64511036889969,-1.66805590346958,-0.0836986494348401,-0.125978699512879,0.666951390032828,3.36533637158458,0.489874661750049,1.35239838484356,0.97796105165787
7,-2.05277219562616,-2.59452527210475,-1.81401238610225,1.57768621844721,3.4831958986816,2.31676016663164,1.03795202362907,0.725625818796422,4.55634269266717,1.40018181669663,1.44858997272546,1.64660711590486,0.661372444053803,2.18169401999918,-0.125618631868197,2.29379937510018,1.85685422881936,-2.60200738252918,-1.38015877346767,0.458578086442549,-1.71460389971653,4.95606162949708,3.26370737080046,6.27606726987589,-2.56319765582032,0.881698123969595,-0.9142034618657,-0.86484042133271,2.6274367035722,2.6536934800117,-0.844869901419683,-0.54443773634096,-1.55601708299816,7.73719263567665,-0.329384435287654,1.43543155170164,3.83361247210161,-2.34485103856005,0.528706851211671,-1.13163359588116,2.58344936298632,3.26915379748459,0.230910868210649,1.0552883791197,0.504330532350578
2,0.0188971137727731,-0.867156522845887,-2.71906759979899,0.388081384336346,1.45332580749171,1.47582689881007,0.567101077012571,-0.674166939731646,0.397782104532992,0.583697707831901,1.16553547689344,1.09539368829675,1.8107809116231,0.249394207594693,-2.2657590988946,0.752587435287005,2.18385600106298,-2.36171538008384,-3.26396956758338,2.47223146173957,-0.380988249466,0.758758755620633,1.00444094268386,1.16593817181342,0.233637435354485,1.11483409844595,0.424687438089167,-1.15426738521872,-1.07934084737734,0.206519921816424,-1.64601568092378,-1.18074950136874,-0.486141945473786,2.24063218707107,2.43946214772596,0.467023006775139,0.87574484182056,0.483675685152494,1.20882766631875,-2.29656586802141,1.74294031418756,0.346542743324936,2.30396256249694,0.605195540631832,1.60269646368782
3,-0.340069394831133,-1.40420020892475,-0.729111181900538,0.319473516874276,0.660938687605076,2.01224152446785,2.26180222836966,-0.860373330325251,1.17915743285908,0.752045463701191,0.951804112885377,1.3255745663929,2.28466169126839,1.60770225179776,-0.882456946097624,0.561875842509283,1.78450497680981,-1.02090751371993,-2.67995093970084,3.4656643429903,-0.77404565025005,1.24180159298413,1.39338941241062,1.7718974493036,-1.14864291649643,1.51145837759141,-1.11276413476693,-0.959646856890319,0.923119652359373,0.495960430329688,-1.40967029786434,-1.96162316850142,-0.73992775104359,2.67411854680631,1.60686970283316,0.739603097628522,1.46489979833969,-0.953960535860206,2.3366648855634,-2.11877257632276,3.00903845660958,1.35105343857507,0.621147538540031,0.62410314180587,2.09402648266453
9,-6.19306043505503,-6.34255350236144,-0.7106275863775,3.63823545391416,1.47932310537897,6.22562149751511,1.83047039099905,0.0031841640504476,2.20009422774814,6.1186326746307,0.648392810052491,5.83087758251281,0.796333327768739,1.71003069296583,-0.652727522213061,4.68344585414482,6.57465165275442,-0.0586984925178424,-1.93298156136427,2.61983438626728,-5.37409061989627,0.445744954723334,-1.30469862419716,1.01750311812802,-1.0194779020846,5.92467360341098,-0.987466582489199,-1.39462934421926,1.15129597099511,1.4480236681656,0.0082337726883526,-1.27061632437766,-2.69335830773493,4.21770782904803,0.424241330301098,7.95911745613357,1.51537642075937,-0.990951777117721,1.16324755372343,-1.2229015390635,1.9620406115253,8.69863833501613,-0.317412386784027,5.61167386681385,0.724121240578275
9,-4.0580727048081,-3.68016850365179,-2.34118806687591,3.24177745980757,3.07187718286412,4.37591604172983,3.5225668836874,-0.373385895874203,0.757303802319372,3.33497360554822,1.65417257650512,3.30154606596261,1.61273568714287,4.72524094693008,-2.1190378422082,3.47601346076553,3.83728115065555,-0.455503669729451,-1.7253265041898,2.66116151341497,-3.50423247930665,4.66408740789472,3.99051679602702,4.55925545613983,-0.0418656572322653,3.1399040741413,1.63601224641057,-0.287239133554685,-1.04125697748272,-1.53639900454445,-2.01304539646612,-2.12655323538312,-3.43070934971913,-0.0539264844270559,0.529911920230447,4.5422325365022,-0.379636120975628,0.525308364657328,0.706236093928711,-1.14928129681218,5.82857063680413,5.55184892873175,2.07286032781648,3.66561826521884,1.64757294819604
7,-1.88771907457221,-1.63679687404468,-2.23538246123627,2.0076690077651,3.33271675641587,1.09093412880384,2.72112129319389,1.76157705025135,3.22283060871191,-0.112244356757075,0.668645322778753,0.0483428529598352,1.31896881078763,1.68347287666828,-0.902174976881688,1.31492087420268,1.40868407496723,-0.251221028707957,-0.683715008465148,0.688893173414619,-1.71377455507401,1.92903453758578,1.33592078225632,3.42100246580312,-2.59168445074361,0.269089360483573,-2.32773285908443,-1.55147420215663,2.97164037686268,3.88543496498038,-1.40512681554578,-1.78074251574926,-1.89989444931648,5.83079593331932,0.761362174744018,-0.588342519883327,2.57163618290321,-2.49327892671786,1.89015223777877,-0.116769238636313,1.89846374310977,2.91341855929409,1.59791792494406,0.492144686338448,2.46696453641775
7,-2.97002045433993,-2.73768411047209,1.23398975245173,0.693428416794542,3.56246671328077,2.6190711924647,3.57083106773686,1.42707136682089,2.11264920152363,1.35389049120453,-0.516420122986773,1.57685110225187,0.047758121042238,2.21761248403313,0.504368406912331,1.74334999816252,1.53487672593454,1.4235194920006,1.24638949446884,-0.40079748392969,-2.98062109556488,1.54397003408592,0.498130667998576,2.28045112180504,-0.87040513643241,1.35208574310874,-0.75832398199153,-3.08015808989977,1.21514946366666,1.14367395241205,1.82285058554125,0.0330408407785445,-1.62222682517257,3.96313950787426,-0.443603483041136,2.77861309739863,2.13114027718609,-1.22036317530309,-0.39081714716571,1.1496351178978,3.70231314861824,3.26377503498078,-2.0921962893192,1.79770228027231,1.37355250457913
8,-3.35180911320807,-2.11523712757099,-0.0801692401188698,1.72100165066057,1.23983463612349,2.22495954412629,1.94587863263635,-0.353777212525135,1.89820439821877,0.865651876209182,-0.71922599963748,1.57064787934044,0.947949163621088,1.7531651033438,0.25982538031975,1.37279716285934,1.1890759666612,-0.410526919906921,-1.13341650912863,0.254389222929365,-3.57591130658815,0.947532878572264,-0.111329824468198,2.03073923909418,-1.66876225192486,1.36819498580818,0.139434045505353,-2.54248628448581,1.44506934953894,1.34106029747154,0.195780609471237,-0.606706152004501,-1.52614173282048,4.93845912768391,0.356317533948859,1.38763422677109,1.27484718540698,-1.63134643524236,0.561354282694505,-0.742152981751475,2.70071930190616,3.83498682504455,0.774236906531538,1.30897160276033,0.189152028599824
1,-0.0391764831548526,-1.03444815700506,-2.96322288122926,0.803032419783963,2.71690532268152,0.770040233426292,0.140953963085084,-1.00775242830247,2.47859686210245,0.720106045831201,2.40139980682235,-0.861573895748081,2.10904853204075,-1.04481178809618,-2.27570091240192,1.01253582553939,-0.284475313963627,-1.72320113841398,-3.08612179925339,2.68286939965216,-0.216661459685041,0.847435531186514,0.573301000321567,1.50823058589937,-0.859068465486066,-0.732267155725162,-0.685571939847957,-2.02617665475502,1.63621153105253,1.40689419256572,-2.8789322157005,-3.0013620065961,-0.997488183787327,5.21929032054453,2.9081342763046,0.528667061131995,1.99088235971604,-1.2820055856965,2.43795028384731,-1.86378025285621,0.889887305295996,0.137602720571856,3.15942619713184,-0.0892429908333646,2.52446062020834
7,-2.37678366605419,-4.24648971869561,-4.58945688015953,2.43829108920278,1.02440389329536,3.99050643943381,1.92763989160292,-0.536320748389687,1.97766016912295,3.16237924083235,2.68690871095404,2.77517360986975,2.16671857071212,2.07438592903446,-2.32084261010012,3.30303394337858,2.63994690211785,-1.44813861978543,-2.68503038228544,3.08007016514299,-2.58743138959365,3.81432636551314,3.34432088421089,3.40753872368352,-2.33743766676456,2.42003272284159,-2.15888720376682,-0.197922656589423,2.32314740214734,2.23908282680657,-2.90784539675596,-2.84332291993776,-2.47555141808946,3.21486178119943,1.96551615972099,3.29728930823205,1.17033001899146,-1.64960784365707,2.4771104817271,-2.08487098628486,4.44120149935413,3.67253612737168,2.92231391889863,3.2441184232114,0.237156382524831
9,-5.43088794862997,-4.06178253450386,-1.22305563265676,2.33282242540205,1.18211211348953,4.35080502954552,2.67598459672179,3.26973428546514,2.4833680597676,3.82878848045889,0.671865378955124,4.40053763359621,0.432944002494267,3.6183169765793,-1.32213187347716,4.83407741133068,4.82687156894141,-0.634501953395703,1.30492318702982,-0.208788043500864,-4.77509721341622,0.44790111112821,-0.777381744625602,0.677929264737965,-2.70163175606987,4.10477691087802,-1.357582639033,-2.45422462995428,2.17804194344415,3.79292905941536,-0.702963158044377,-0.219825599429523,-2.94835954249832,4.74465444624485,-0.480879852697819,3.4657200875528,2.14563889439731,-2.19383138340551,0.248528412082473,1.77811244996774,3.54703555920483,5.03425481560734,0.75428125951666,3.66228047013911,4.36598163716107
3,-2.59548231656623,-0.983484906755596,0.155355112950019,0.730206321263641,2.08477377277518,1.49506748038235,2.62260181202237,0.473322436319564,3.33335508079244,-0.45071951640187,-0.744371724964213,-0.629947749376013,0.226485331199283,2.01945909247342,-1.06170510173114,0.168763673543198,0.713583977603557,0.712099532632513,-1.62853094803409,-0.761881013540459,-2.28696453590968,1.27173435634546,0.0045244041542589,3.26846138204725,-2.43062418484464,-0.365682679187199,-1.14297049853863,-3.00219051866269,2.08754237136243,2.801636993731,0.0807270562883095,-0.0005759700008479,-1.12749955204331,5.37372310052393,-0.980102077929594,-1.16334638324126,2.86616021191116,-2.4817559119297,0.235615366862152,-1.29559760854125,1.75116621071612,1.45832685954466,-0.578486635319493,-0.750335297236793,0.689317647068151
6,-2.86387462322205,-2.1193149511795,-1.77875322176027,1.46268249107495,1.57231865422653,1.50053740048364,1.09213289368633,-0.685762518429967,2.47466198951955,0.596866036579569,1.83130465827764,1.05011675217474,0.783197928795353,1.53469755512554,-1.17199578700698,1.50316028209511,1.88517168874838,-1.78480629273549,-2.32236773025178,1.15423498560098,-2.79422839549307,0.99765126380021,0.120520990450801,1.20993907183904,-2.23911691965452,1.04167414619035,-1.03269551885872,-2.78297044064236,2.23468868363725,2.19799689544322,-1.39468929494914,-0.0530687988853336,-2.24029857322415,4.81811544578856,0.234055283196717,1.15914776115957,2.78734541844518,-2.2286776759386,0.741256359601091,-1.72007290452095,1.87559007352875,2.64110727003654,0.835577486896187,1.31581128134224,4.01777038321417
3,-1.37683687115646,-2.32306863732815,-2.47373096281612,0.44546341923802,0.741178320458949,1.8559444438715,0.88764878352547,-0.330749489101864,3.10518863472698,1.76349444493461,1.11035560871414,0.393584069250429,0.443588021082932,0.0324891549275485,-1.89208666542573,1.58356597079904,1.40515526417526,-0.919246413535376,-1.93570930866539,1.05064101792959,-1.42883896084894,0.332421392564566,-0.482004944364975,1.50923668322759,-2.94621038571572,0.923477318143371,-2.28723260038285,-0.507835105611729,3.07138714766293,3.72652028460979,-1.6809156469303,-0.81725866636256,-0.483552942834553,6.78728426625044,0.719350474593583,2.0728811308062,2.92672729742287,-2.7030101635582,1.52493878388014,-1.43554543143858,0.613530164274513,1.60694566459353,1.99836750221541,0.785363265630653,2.26027461042305
2,-1.38728398185692,-1.18923636412283,-1.19809613189964,0.211818657398898,2.81230566009169,0.0856471672495258,1.82002638452808,-1.04403991607913,2.43153492995765,0.941800014531799,0.937654283513205,0.279386849496256,2.547102067725,-0.567110844118588,-2.16261324298922,0.0315831219992532,-0.0232603985986657,-3.20711217585342,-3.14142667806647,3.77875172158415,-1.3612145366426,1.85647898614988,2.23667326638212,1.75781979806556,-2.56733210671346,-0.495441710363206,-1.1021389123636,-0.539129575518772,2.18319858306985,2.52612065545337,-1.94658043271323,-2.06621725610403,-0.473858508813762,3.20163054996124,2.60203001911846,1.36289795207637,2.42738428064068,-2.79956045888513,1.31669850424307,-2.41501374606023,1.54120431086148,0.684299753126803,2.76314694597934,0.0271053072787301,0.696292943482063
3,-2.25453370045107,-3.07539730191458,-3.50013945860925,2.00290399608815,3.48381877004208,2.31064628332618,4.43972516453041,-1.10679011133814,1.47758362561258,2.07555815333234,2.52855274372539,1.7748512285834,3.10368520411965,3.83598598364917,-2.22451086815732,3.10662988458801,2.67877834350377,-2.41059775339187,-3.5808780901475,5.55741155155683,-1.69138201385176,3.01513263475492,3.36898165108557,3.06203418072354,-0.980796569822088,1.97156706738391,-1.5677180107486,-0.859317644587896,1.75815183978828,1.58102548927571,-3.47949801519086,-3.38762035347423,-2.96178690041193,3.1585273427789,2.17272227904952,1.93629587444052,1.39094782089107,-0.879222535146507,2.09192174669297,-2.66558363419256,3.45533060399595,2.08240423251594,2.32808485128775,2.46459070800086,1.85868110550305
7,-2.2421833073949,-1.6916723226992,-1.48452700452021,1.81725036447586,2.36063740265966,2.26517400134197,2.67181193301853,-0.405019302325885,0.675249814029446,1.35383788523981,0.843867190067855,0.595182090644058,1.02126747190499,1.41415604816947,-1.89856015175232,1.6946017845597,0.550774433641066,-1.86345704752596,-1.81332089388914,1.14578846098277,-1.79538096591236,3.3022446101119,3.26500720230111,2.64159127387634,-0.939803144903198,-0.2657225252263,-0.999300775525821,0.93602910732891,1.12178259168707,0.160944828727931,-0.98196599568813,-1.67403286695727,-2.14675042417966,0.336289649396295,1.1349420427982,1.34004340365927,-0.280820927391954,-0.750393338117121,1.59888832440844,-1.41691983094496,3.14584843633776,3.23109743813087,-0.0066498527543994,1.28300397615545,3.56053436703705
2,-1.01943121190432,-1.27385883415385,-0.678265694332399,0.364071219701988,-0.935185429757201,0.65070318745102,0.440249518083263,1.41890004010392,2.44110794455662,0.928777920444111,-1.05897978587214,0.326041040225335,-0.40391719595443,-0.52251571187091,-0.288762273989144,0.817054451760243,1.11393094951951,-0.624970157266343,-2.28611701622045,-1.66874562642486,-1.10498590660704,2.17219771635545,1.27783349601072,3.37940304248429,-1.8144012035278,0.309479103284974,-1.44065457747086,-2.02102167951472,1.68149188566419,2.326601441146,-0.0153505793835573,-1.71167350445899,-0.41396986580145,4.8719476205375,-1.43853049825884,1.67175429675105,1.9818913605317,-2.05669844349473,-0.0578717080570532,-1.21168264345885,-0.35295230105431,1.62350190247461,-0.501616936180973,0.551560233144748,1.03752083345605
8,-1.9116822673169,-2.4178073514163,-3.32734321527692,2.95569662664309,1.81747145560907,2.46506434427958,3.66416926365473,0.0098727317252893,1.4695235845358,0.929362804593409,3.40615921407216,0.903439891818737,1.69994809668328,3.52898063296321,-2.81235023187739,2.49917733039762,0.653008587428911,-2.49078290935707,-1.55367694150729,2.25843494383238,-2.42586565459577,1.82932713312018,1.19125336011639,2.9376407513064,-1.63041302783586,1.22698232242691,-1.24096717498866,-0.206221909536173,1.08670094311198,1.26599314547986,-3.40286986276534,-4.30302279533617,-3.69787639416805,3.05161007683759,1.02219077405184,0.350799661988757,1.28897376845343,-1.62725918860389,1.49153625447547,-0.966954231211859,4.78704358648627,3.42471065323876,1.63379264043413,1.69484775739201,1.39428123116686
5,-1.0351062050696,-2.12711896559342,0.210945804379398,1.0139055614525,1.21402557415105,1.98187323647816,1.96896299737003,-0.15151041804421,1.78475935888154,1.63682798363108,1.44320099334433,0.0123006290640775,0.829123246541877,1.46735181227926,-1.12734782727992,0.912565757634488,1.39672970190857,-0.720111819372399,-1.50299262571087,0.266654338469316,-0.913564280679526,1.88414210883889,1.57818069807317,1.30750708657779,-2.29954213804012,1.05144625394205,-1.49147631106607,-1.3310616495684,2.46439055298841,1.76257568066843,-1.35550981050586,-2.56457161189247,-0.76442008876192,3.86135204345407,0.340355421485204,1.5891815435916,2.96133998937729,-2.51938237552052,0.353250117231717,-0.923033390331765,2.44362277718315,2.0156632890578,1.11949420495459,0.908777205947006,2.69707215068488
1,-0.844900042815354,-1.82874866880294,-2.3341135039067,1.16096756471758,2.40570400292467,2.49792637660354,2.3175833819107,-0.322833157857958,1.24060085297476,1.24606003226441,1.8090588425848,0.912225096699303,1.50225495901354,1.70856157991426,-0.325215035310555,1.60289019759579,0.892664424273737,-1.78831844515594,-3.25995787957761,2.56085959320185,-0.947294995698045,3.02894403910205,2.84384827007192,3.53541470836556,-1.40074458646162,0.16816675844721,0.299788718933924,-0.714753280013117,0.935775970371633,1.08869322922205,-2.39110395009281,-1.52093616984846,-2.33045450244282,1.2214067295536,1.43829242279564,0.533031029308873,1.09822021184554,-1.02481335617083,2.14550454409359,-2.17146807526694,1.29747792949202,0.674010293744058,1.25986848408922,1.09389545739616,1.05855121052513
4,-2.20452804756246,-2.62469244258396,-1.45048580273492,0.439612122220998,1.18084995236424,3.06197736868118,1.55489739365422,-0.251063121204919,3.11378609963501,1.44471198339256,2.01547291850322,0.979352705445415,0.498420345868508,0.927360423328836,-2.19389369781916,1.64028341310945,2.3951026840416,0.324517532478867,-2.11153679928197,1.01208469271028,-1.87568932514721,1.24243419528322,0.290385344750446,1.02289104336058,-1.80180916798453,1.83318193590739,0.388937408624144,-0.843158183117676,1.42911870631782,2.22068379328631,-0.941362001108287,-1.32680021339782,-0.906933981310098,4.23877850350431,0.331067737128051,2.38694521826847,2.84881160544288,-1.65288976811365,1.05339475546303,-1.54108345136172,3.13059395818615,1.54693354589402,0.200546475816782,1.51548607211974,1.44303578278607
6,-2.54553166048343,-2.75421629897337,-2.02810994405191,2.3110578640558,1.97795318896932,3.09409039263197,3.44181215709952,-0.91381444619145,1.18577412373697,1.08769278276934,2.05866499675005,2.27594213140987,0.743118898500273,3.60388992515537,-1.39278246808002,2.29302479593368,2.26603097781618,-0.0237742798437448,-1.92261639428214,0.0894929737933269,-2.52069583743527,4.80269385802791,4.26399298474579,4.79006096678354,-0.555665770000082,1.80776740483251,0.382267611053737,-0.0046404060285767,0.0256539306369302,0.590648425202373,-1.82211320881806,-1.09844643739084,-3.14135845715003,3.24032061860074,-0.629416045664374,1.65477838544262,1.20115275174969,-0.230610822978375,-0.139466570691758,-2.00833369218575,5.16273074473851,3.12026949414526,1.45350901732424,1.77402045897984,4.69556615330397
7,-2.7486411118243,-3.87228625424858,-1.75740013228551,1.75885032085204,1.65736547058957,2.96848972521229,2.45197310116586,0.350931076653778,0.270255038383154,1.90036469556464,1.53110898302265,2.9041215862456,1.11273715408478,1.43427474713593,-2.2191895238461,2.35321678603046,2.35462244543142,-2.55479948285672,-0.693624790295133,2.05527192533259,-2.55253413816048,3.14652702341577,3.18127858601901,2.45250051807787,-0.69286677044051,2.01657030654413,-0.579961015086137,-0.645971865056153,0.547508026401665,0.329488530059248,-1.65546263306969,-1.47091235282531,-1.85277393766658,0.326397025379367,0.551559099330213,3.30304679409576,0.358178512248168,-0.510420211153119,0.703541026051325,-0.263177895393659,1.96225682226316,3.5856960407186,1.91740112941946,2.97168694565427,2.79846178028838
0,1.03398335782747,0.794836437886359,-3.44340110719011,-0.179354168000832,0.284646391019281,1.11023864279633,0.3573432891035,1.25931504945153,0.969969135370033,0.421875532608147,2.45840614762502,-0.941849995965794,1.64161709253301,-1.15317075299392,-3.41759711485021,0.544326335293472,0.598089263130161,-2.51054784863639,-0.8871260588115,1.24290706164346,0.522150804873995,4.41792732501913,5.31695196521419,3.7129713836262,-0.973444817392916,-1.00638588881022,-0.84917445130315,0.153078930383983,1.19482041004587,0.707143479808855,-2.98219919910771,-2.70783666328143,-0.385783128127305,1.09571282582293,1.94123017706101,0.807329523857568,1.22468515447521,-0.987730261944929,1.66792852093209,-0.199543757204002,0.835145171518506,-2.27504595388173,1.69334951780592,-0.635859676201898,1.85736393893119
1,1.37714561860832,0.340105290095139,-2.98422045126681,0.408626388922216,1.86786428132361,-0.349516305728763,0.617700062285305,-0.0748453694075151,0.778251997595715,-1.21270858631349,2.50561964000393,-1.56891489467833,1.47010054852517,-0.320652708893984,-2.41101498017482,0.788334572213356,-1.22380155843795,-1.95594467354273,-2.63685709216068,2.90312717613726,0.909908801865834,-0.382986682462291,-0.427163783284174,1.51539150047031,-1.41072759994112,-1.41682170705995,0.0222104392945922,-1.54393638371745,-0.119500821613804,-0.100194981165511,-2.62238296431709,-2.6325099473366,-0.87316783240097,2.11441380490608,0.910616234333889,-1.36063202620417,0.341542881754121,-0.684165658777119,0.999854308549758,-1.68119698873033,2.07671178551007,-0.27419966243383,2.46843242415013,-0.748644583204747,2.45923790972333
2,-1.29961372498005,-1.36514413210563,-1.80496950611053,1.00602276778155,2.67122334204076,0.594538333150241,2.48374128857127,-1.75161037616234,1.3906612604746,-0.575534228361316,1.19158099715801,0.582869272367346,0.260818086448779,1.8053907869455,-1.12707331175495,0.747345258076072,1.67172438974185,-1.60701772936284,-2.32455836622617,-0.410120898656767,-1.49566137700948,2.5408905845826,2.28539532886838,2.0127247060139,-1.7368667808876,0.450857529699553,-1.39107064933822,-1.73137324324601,1.18747490866681,1.77728972000608,-1.19310216711503,-0.253447120705054,-1.39661589172606,2.82197431412234,-0.012803090889561,-0.110772440532302,2.16700974967379,-1.61818321257784,0.0710612941786324,-1.6243917780316,2.96605491353906,0.83808321900083,1.50733258610676,0.418281087998234,4.69187540852378
2,0.415633578542138,-0.422110198163234,-1.35255923262445,0.392655969832282,0.527401219979357,0.255522124385516,0.838553689997578,1.02792246167347,0.612565651340949,0.207537926353439,0.447778530961906,-0.417765310086055,0.93737866548939,0.364466334990515,-1.37399660106825,0.264205422269465,0.280336294345064,-1.11572870614759,-1.39579475766942,2.06091797223416,-0.0715870571621263,0.692840153716416,0.257687463350248,0.536860030934093,-0.890764361802252,-0.546702505473146,-0.100081812342302,-1.57554639388485,0.788794514053869,1.59824333492631,-0.835118366408922,0.454053510137152,-0.799579806301739,-0.399461823315699,0.871274419120873,-0.529078670631363,1.13510688580963,-0.95260827780681,0.299138037987089,-0.805344072214545,1.88765203005527,0.812780630546032,1.11894781383282,-0.410880264215336,1.57647345390335
0,1.65121677559464,0.0372844186661261,-3.0874807352949,0.617048535055785,1.69294492211749,0.541830539607216,3.10122460733333,0.604462899328724,0.0945745628305681,-2.3894732848468,3.09130405437357,-1.56435999035087,3.9804828119827,1.38674622724967,-2.36818600414338,-0.930978141508582,-0.127354768023401,-2.5053344912619,0.289515583395195,5.84315475372291,1.19664380877485,1.66005198886478,3.08134198741616,0.840244513026659,-1.59988356821639,-0.431100502149595,-1.27392879610219,-1.09737577625807,1.26564164845909,1.92731975971143,-4.45017074259873,-4.14290458410621,-1.45198661390989,1.30618952645472,3.66892133184629,-2.47043610471562,0.954353998005664,-1.28048256193277,3.30646146794191,0.293922718131832,1.41793769326165,-0.954551156614596,5.00425203469281,-1.4906440796868,0.402160298107464
4,-1.76421984534971,-1.63674433082708,-0.393735268824825,1.04142313311442,2.63854490357822,2.3719515910569,2.20312627812437,-1.90461065103712,2.33827227413631,1.02807179553382,-0.141567519319848,0.311302651815339,-0.12736650158734,0.235567373627763,-0.547450704536943,1.16881307465615,1.05084459324563,-1.71894364544399,-4.71001408732168,-0.494323430982672,-1.95351021030196,0.763245825142527,0.39864801327845,0.945870837844478,-1.21824893759553,0.199161829402142,0.0575095949790301,-0.512545947880177,1.96489685441246,1.93762212826053,0.573624798257615,-0.463747658109577,-0.768130813515222,5.79025007541423,-0.957030843756043,2.24786753025028,2.05526024031196,-1.84231908303866,0.0536900026463337,-2.95575138283962,0.356200447106461,2.24134832604691,0.485354433403859,0.945899633988319,0.705956419369151
2,-0.45353292406095,-0.151665147479244,-1.1724237598691,-0.0831721519717956,3.15558468925654,-0.681067535486574,0.425008261566782,-0.967684353118523,1.87907716776128,-1.13287036911504,0.153456770495269,-0.303424147982038,-0.588088449260436,0.574989383736071,-0.116400342444931,-1.03874287482535,1.00350898130709,-1.046601189019,-1.58004182542926,-1.3083086306189,-0.833284906014018,-0.0814801560418935,-1.51833138751378,0.530214267319884,-1.68862137788793,0.530764381969875,-0.515515310834772,-3.15746266027437,1.53509338688645,2.41163481693149,0.810110999204378,-0.308382894419382,-0.211257103094978,3.87404281707092,-0.969677199995792,-1.4290502773572,2.35504784804192,-2.08746261764569,-0.137344833658809,-1.19494373668536,2.84080630696562,0.272881329493994,-0.0795337222316198,-0.803357381657117,1.93963016492682
1,-0.987142784963058,-0.667001127261203,-2.78197767732494,0.388535775697712,-0.295051560434659,0.955661324593267,1.65821788161405,1.87459547014068,2.25687050482703,0.301896386631813,2.49955146510374,-0.608210517650234,0.881668947373534,0.605395998824958,-3.01959406155361,1.01680663554117,-0.271132373133646,-1.18469819321779,0.0356110294139653,0.938279726002266,-1.07462059288015,1.93905370493308,1.11054321011721,2.13965923677999,-1.34650222850589,-0.755383202232121,-1.94212964178516,-1.87284594425464,2.2558242136335,2.77138223177395,-1.75510066840871,-0.716542996469592,-0.440139351477288,4.68289472576655,1.4408382928008,0.256732537961107,1.83477991071188,-2.18001131226646,1.31492984157477,0.197887078811475,0.597565223518176,0.277822963910787,1.71849416316381,0.17578885510875,1.56942044143401
0,-0.960890219061546,0.388162557532624,-1.08361744695495,0.288723773521413,1.59158307256259,1.04053203514071,2.885905211966,-0.0648390549569434,1.47434466673193,-0.861259721655615,0.10921518960227,-1.67777891559309,1.21707180631328,-0.0855297109017263,-0.824048856557817,0.15993434890725,-2.11408519478999,-1.14509791904176,-2.04901145095762,0.89341223175027,-1.04884872492001,1.85488430658998,1.58040171954016,1.66704455196984,-0.524546277349766,-2.82704812413512,0.0777782101201837,-2.00563598485324,0.946710772544747,1.27433349603068,-0.774523907714562,-1.97315345217245,-0.29874933978244,3.08563136447494,1.39081921974519,-0.859386146612938,0.79938784081321,-0.492989343835365,1.29747295422245,-1.20136139450645,0.922975639795212,-0.956318268551326,0.449562438970447,-0.765650339266167,0.989122474756636
4,-0.712649909745624,-0.574116855673667,-2.42894981398284,1.62167130449829,3.26119985647222,1.2148091309126,3.07467041552358,0.254771684102234,3.08212539903574,0.0805662174549534,1.79684396371059,0.916309795565598,1.99579546546807,3.18007008459114,-2.56127641895412,0.907963697769141,2.10385944753015,-2.20392103560568,-1.71537235854014,2.16189645934339,-1.10621193462471,1.99912208278252,1.51413721929368,2.98395272560467,-1.78417246773901,1.0607748856584,-0.698435962321352,-2.49334254331363,1.30868630634826,2.471813389069,-2.1134423909109,-2.05090288548149,-1.78951126444547,4.46764241352211,1.50286132897307,-0.836789385687389,2.44547956535736,-1.54196966353892,1.9155266838591,-1.29884749781162,2.68691948775719,1.73809523449849,2.03413239789172,0.297339594708069,0.537575691555842
4,-0.0318365242729498,-1.15789052824696,-1.48431801230829,0.997248276886799,1.43082613087182,2.30701776245846,0.584093119585754,-0.317264649280296,0.511251615181736,0.235528169770633,0.982818484748214,0.2450144145239,0.859933160484037,1.66250772419216,-0.783830535785514,0.512550738980914,1.07584614705443,-2.09037841791046,-3.04096475570991,0.0306263005414589,-0.129674956459859,-0.218407557027481,-0.885950834526493,0.495116401229238,-0.416912344128427,0.58388696672352,-0.0699746087788742,-3.36389676327444,0.486127896364158,-0.274208604468558,-1.14725770413593,-1.67656628257514,-1.01556804364674,3.04030621938292,-0.136555940907511,-0.102836334170322,1.15299533972621,0.627178017439249,1.1291934098133,-1.75306993582894,2.08281694657229,1.27272650542623,0.503182399351932,0.527775327315978,1.41442612815238
3,-1.13116668493889,-2.1086109009415,-3.16570836434548,1.05564684604486,1.93829661994878,3.63623018753164,0.869981394276374,2.63604420080936,1.07704533631274,2.06192572093926,1.07859604028762,1.4956350237088,0.893176132104404,0.0493925164598161,-2.03904075085229,2.0866488039957,2.56670830371372,-1.19715669296958,0.313439274058152,0.848285597592214,-1.08721769708646,1.39713372270318,1.11215655516543,2.34685072560011,0.0867746810014937,1.10653742754997,0.0253228279340034,-3.79077520329956,-0.0961962906105237,0.37785065407978,-1.73606004343257,-0.938310043588691,-0.814259148844475,1.61284754365389,1.290568645127,2.48439358325167,1.03167012088569,-0.107872070857413,1.13831850565367,0.757574623604641,2.66801835136204,1.34038493215054,1.53268700512162,1.51050090978876,-0.560058697896836
8,-2.32076815273292,-2.94248169833719,0.432205622830237,2.12463474996087,0.985544727615254,3.71369475316618,3.09267757194151,0.343075034613515,1.16977832356639,2.87083508865949,0.542173644462416,1.96350406654527,0.439862823657116,3.04159138990974,-0.94104718388428,2.59719547427956,2.22020568194377,-0.757148541926077,-3.10954032714317,0.0128652911041718,-2.090405396153,1.05722673832672,-0.0183779584847112,1.09658014930118,0.652952763762397,3.0370835385586,-0.257691027489885,-2.50936311832475,-0.333338595599381,0.706044526496553,0.0606668162360676,0.45634919451968,-2.26618678787876,2.03597088144238,-0.517385153786265,3.10836023008645,1.25048002964437,0.604066796344607,-0.375093903539997,-1.66994439403233,4.01116822739397,4.2888040115769,-0.232139239206242,2.84013348828035,2.8099869107878
0,1.08339952366431,1.05561706217841,-1.21920967358098,-0.2951718694556,1.59342193715404,-0.734551056011236,2.18090992266383,-1.42278237941616,0.113515236492177,-1.33983021082032,0.826280683902712,-2.7105301083378,1.68762990458555,-0.284691270939472,-1.01578871732208,-0.884538484345988,-1.91796012353194,-2.68990113122871,-2.43792397594503,1.97163761290771,0.545797548937696,2.00063769467438,2.48234055162342,1.78277292123838,-0.0739076080291859,-2.1239758480471,-0.518208866496676,-0.853066152264483,0.254663269885712,0.362838478170633,-0.882922548282668,-2.69150680982262,-0.355103799665744,-0.0174485832014588,2.07983334407112,-1.85035133554907,0.160481726714847,-0.210529659981383,1.05656595478195,-1.88863962691421,0.779425338361868,-0.795651365364136,1.95735960715292,-1.75059116462644,2.03975165333213
2,-0.0908024247156203,-1.82461712437348,-2.31523993939192,1.31423143208946,2.78512074669697,2.42753714710177,0.765525368245914,2.1107419501879,2.99858117601165,0.684688173259793,2.46289179088959,0.246959264022572,0.788334678743384,0.400254406548236,-2.50409746462349,0.624202176807416,-0.609940875722027,-0.683634122621897,-0.439906503200644,-0.187541334982454,-0.308419170232787,2.38153864131597,1.83684729358848,2.07789201544682,-3.31968703662344,-0.426581098930056,-0.92083508171755,-1.63481403323038,2.86949681897697,2.87317319722477,-2.65767508686675,-2.2893303709058,-1.7247086903163,4.10834990581151,0.348488833559291,1.04871969255287,2.47016864372042,-2.51988438756474,1.43208955564447,-0.102409649867243,2.34502332497847,1.11337158806831,1.61618187670821,0.68825036421459,0.0294135982856317
5,-0.929307159740949,-1.16713138046888,-2.07509198968366,1.11025660993424,1.04950097524882,1.42951221777134,0.199162479433933,-0.468448281272381,0.494353157042963,0.674601794163446,0.982156466323918,0.960137386475393,1.54714458069999,-1.31888007788235,-1.68097012595906,0.508475601256548,0.539682913906419,-1.46763895421063,-2.3943446306513,1.64716035431018,-1.00819407525612,-0.369580158404264,-0.517544648917648,-0.51710921074067,-0.708467236393284,0.711134002694845,-0.416912247719645,-2.212215655228,-0.0133673940589455,0.341250856208755,-1.62257731553835,-2.27141731586636,-1.12489656874507,0.174498577132633,1.94137393448199,0.66889495831329,0.862828840481383,-0.49327178193559,1.80286415414983,-2.01054653500543,0.836483996703497,2.00158998519725,0.287375901415774,0.477496646156513,0.988426782750385
1,-0.221806195967504,-1.61837755178347,-1.25852313940143,0.769314846784828,3.82044556303793,0.316668321932394,1.59037703845492,-0.596582654059493,0.417564492360058,-0.347652278231523,1.21437509545002,0.397384859504839,1.19937973369031,0.55655827533767,-0.282642025098899,0.93702277059052,1.88729665474456,-1.39141470198036,-2.50127504537978,1.66701907677197,-0.406322127513823,0.116750691250423,0.14666523290812,1.27652081035402,-1.63310803457215,0.250810833822046,-0.483483876468704,-2.60035453479902,0.953681962788342,1.58872516722495,-1.27455846809039,-1.0246331495957,-0.952312404282101,0.989437745435642,0.9345821008439,-0.217287274203083,0.355778308962833,-0.984044921293304,1.33312184643538,-1.09223305241761,0.836139972055636,0.579340324013066,1.89028318999414,0.314708991524815,1.21541460298183
1,0.0400807006808661,-0.360327633976996,-1.28279020779905,0.314513593343005,0.207791498588311,-0.0514943804329915,0.96166602284143,0.266441637894189,1.72754159681405,0.78810119344967,0.523772628015304,0.375617967776288,1.27296813435192,-0.2600307651067,-0.0598272429363724,0.404186338434789,0.654499521017383,0.074693627806504,-0.97534697872638,2.172794622076,-0.174712584119718,3.62132979265381,3.36611316413908,3.7732037239763,-1.10816861762751,-0.305100186285223,-0.402828404825901,0.120561352528019,0.313662060242335,1.14382963757784,0.0740786908647062,-1.88315637047609,-1.19650023605771,2.00427339185169,1.97935555997681,0.698404655445549,1.53388403602606,-1.02115580448229,1.8011733648862,0.147862198548608,-0.123380441193384,1.0945783404931,-0.0800550911382403,-0.110010660796774,2.33440001853171
3,-1.20096029990836,-2.15998325076074,-1.8383874422106,1.33000884836613,1.32092147967626,3.08759848199157,-1.06126576047439,1.88070568148642,2.57405890953657,0.868688894624229,1.59077361007005,1.53573699649742,1.47937895937017,-0.26819654029556,-2.61221636097778,1.68511858043623,1.49675254642481,-2.67148574908676,-1.28072912093772,2.6514180726606,-1.58340048859681,2.66420854492577,2.59809414187472,2.92654618848558,-2.89366346638832,1.04129018252888,-0.890828487411626,-1.67652200020792,2.19163139982965,2.6336946128641,-2.60858621158414,-1.93721208982664,-0.852484052712251,4.81015456840384,1.84883216828254,1.08420106340809,2.59862796755921,-2.5436933205767,1.97371116765947,-0.235274387307451,2.76211136240126,1.68493575095167,2.09034277264277,1.44420585043379,2.76546789465091
6,-1.29812023872978,-2.85950825580245,-4.03612832651099,1.38165784945073,3.54477749842973,3.70191339176724,0.5906068052036,-0.87281828006525,3.96909987785984,0.973084086526301,1.55896121729625,2.13240816939026,1.60098322032917,-0.111237809791345,-2.61985764249606,2.01983871682742,2.83894358638276,-1.38919309076594,-3.55343591947889,1.17028034137766,-1.41237712202818,2.85049431419385,1.86111222736841,4.73011201152508,-2.25151369879735,1.65508269389699,-2.0523375609275,-1.33274265731452,3.03323447182929,2.99683665400141,-3.06383079854944,-2.787098407969,-2.10391407389026,8.17650788970429,1.4872744060756,2.04126786525588,3.29160082663351,-2.57724100177176,2.33105101634842,-2.44417152035066,1.55426810675315,2.43370454759626,2.07086068549769,1.35225278675507,0.758436769618288
5,-1.34964328767429,-2.2356488106359,-2.05515451159878,1.53475307786608,2.31725843010988,3.40370431239994,3.41448494690839,1.68614185508546,3.01861321294857,0.718920988921036,0.277733029080576,1.55805711147677,0.958390686519905,2.8062477382186,-0.585988717061853,1.95315179505521,1.68848060538161,-2.06053414889558,-0.124404612431774,1.29131665108602,-1.57045612677504,2.48548288640845,1.73094102804302,2.30791900619771,-0.93886549665733,0.791004078590643,-0.616347502491229,-0.657735474343664,0.790270765483521,2.36330180215638,-1.31959009406325,-1.74509640794527,-2.02975594891801,5.69130034830603,-0.459619955888178,0.478008771037405,3.64072659128044,-1.20873736182264,1.13195834275899,0.295164185326881,2.14722658766709,2.39477800652812,0.0917597378828701,1.63305597618031,1.25506913717042
5,-0.727646054283916,-1.04677054093855,-2.66634567093807,1.8023487909397,1.30697912720622,0.881594374633906,2.09674875472592,-0.766304308397361,2.36330330775202,-0.0421250203260387,1.35927296945744,-0.334933276248328,2.20331617562219,2.41499461385131,-2.17167613635933,0.570335496312399,-0.79293207800452,-3.08961350861688,-2.90003411749993,2.18412939262229,-0.926730616859051,5.6021116395609,5.55272754423211,5.48619596258868,-0.676318354298697,-1.16276106906717,-1.39566669654011,-1.42232361724141,1.75610117676972,2.23959437915347,-2.71114123208741,-2.58717395447209,-2.24958628474534,2.73011650194791,1.63868538225559,-0.201884934094297,2.60106477725456,-1.38006409390512,1.44898849676262,-1.92964296084104,3.88316807151947,1.97914175724718,3.58496232832778,0.112763898195123,-0.0314407776961849
0,0.864442960486553,1.50564951281168,-0.674557505271719,-1.72819358167155,2.3195775875433,-2.07079020195244,0.509993207101923,0.477668765258024,2.41704496431005,-1.22055269748301,-1.14895611417006,-3.06917975914893,-0.401215103756826,-0.402740076833063,1.0810427977566,-1.37474068570218,-2.14502124134722,0.386210996299812,-0.26990375052705,-1.4716881918376,0.380044050540419,1.39701070939627,0.459353366774134,0.877740810475133,-2.59304942338695,-2.75421207936101,-1.50357185012239,-1.32853624519363,1.8205385579807,2.39880676949792,1.80262989511488,-0.0002043264766029,1.06387016065205,4.81901560460942,-0.515430933520944,-2.11762389286539,1.66060248650131,-2.10049285500277,-0.821551090650105,-0.0623914821224669,2.05376696482587,-1.54815502204388,-1.50959992446297,-2.19221916906392,0.764839913055134
7,-3.07961365034373,-3.19460884255682,-1.19434518983909,1.73009549389213,-0.923201168057616,3.10066544977558,2.74018967329509,-1.2430370020004,1.24427666106692,1.83377964490537,0.865839081846501,1.29795256803825,0.432081680491375,2.74240422393083,-1.77490549329872,2.02300913764145,2.68109429502949,-2.00944736902264,-2.4985857042109,1.39938378823472,-3.3154746536973,1.074793227656,0.414687982104516,1.78692466002814,-0.789991068537749,1.88905730569247,-1.16095020784297,-3.65264974582046,0.685980678993657,1.04965243261918,-0.780246310550173,-0.501156634443893,-2.25214044232486,2.75088099227835,-0.990584218262764,2.07411929077676,0.914640801564934,-0.859274619091811,-0.126468766667462,-2.09187496119423,2.18632857393301,3.72121170934623,0.368417098514939,1.92122135058898,2.907136147877
7,-1.50739490265136,-2.51933124402912,-1.11694138068319,1.34911091908989,3.16243157799405,3.34474648939576,0.135866345854076,-1.75840099945993,2.11428543592107,2.6944788585274,0.885989502100132,1.39826662826213,1.6398676036758,0.782379063761676,-0.80580150755932,1.33220102458093,0.57573303053333,-0.354319436112116,-4.09582760040654,1.61291494094594,-1.92223236686014,4.66341007578132,4.55916951319772,4.6226104817911,-2.27288569426272,0.628547912923655,-2.64192485267258,0.856017900793772,1.98511750619377,2.14258584514927,-0.393289238846724,-1.72693853713804,-1.64153638475681,2.81775438873551,0.567956868984811,2.21655113939268,2.15373123442438,-1.82692445007496,0.603232079280668,-3.20884109024645,0.0701076715318257,3.1103598603619,1.11976133804325,1.75299142587403,1.81215292629614
5,-1.29402645827888,-0.548560415136553,-3.16426057024093,1.13941458725167,2.91394197010558,-0.0104696952808174,2.69327771981959,-1.64343217482492,2.58507539690313,-0.317613641494091,2.66193333321702,-0.525022707287023,1.79892297699927,1.97979922895994,-1.19698759739349,-0.0552250803716737,-0.366579760515244,-1.84151098323752,-3.84750441949917,1.47068327386429,-1.40289475367089,0.618089540099275,0.0483375272523964,1.43361081643035,-1.79885320245206,-1.02463197571272,-1.2135175157607,-2.86848603163358,2.0955224148178,2.125421429813,-1.95966183074907,-1.92910096872581,-1.13639083788786,3.4648368667324,1.42999496485905,-0.838102213095592,1.88645988304197,-2.16022235032634,0.920499322442669,-2.54311646792819,2.89083987276987,1.79942142857065,2.23065451569411,-0.671369689153287,2.43073576925209
3,-0.581990913011326,-1.31207827744003,-0.0902583341336104,0.833283086418047,2.70323807311728,1.4219865421203,3.20263166602791,0.0101087162588787,1.11047084193173,0.341490196233471,0.254889887448929,0.52272469148933,1.26829826716555,2.47280822211794,0.0312589669096604,1.28725685116351,0.140169144772888,-0.0539765277926933,-2.47687250331438,0.57670417996363,-0.730288132091292,-1.9209004166399,-1.74032073773254,-2.47287915782221,-1.15320384613939,0.701965612703639,0.150811547856866,-1.81801658590422,-0.0913907354489813,0.260538014753174,0.117844110141963,-1.19453662202664,-1.89849093066526,2.18105848725116,-0.333376087779593,-0.207799716416694,1.06008816356834,-0.36414508106842,0.566491379850877,-1.40746001331474,2.44220583567668,1.40604880573754,0.894514865003154,0.406881225579388,0.667966183574454
5,-2.78266861244468,-2.49927471448796,-2.16926629056223,1.45045801606569,2.86207054542961,4.09867108723851,0.968004446162821,0.0789868272217844,3.37145802831339,1.41228605901868,2.34310384984682,2.49386761218002,1.21011357451219,1.16046114740311,-1.31432808214512,2.59725200784345,1.64308389153093,-0.909044791033112,-2.45909096798582,1.13569078809407,-2.48825695886206,3.54556379287628,2.57003226934756,4.0001487666603,-2.01968772456955,1.3857924079543,-1.84579520913087,-0.429196033102537,2.22621671792907,3.04204398752245,-1.76119088345602,-0.854944420656151,-2.00184994155148,6.32870649918517,0.540927860351723,2.40249261470772,3.12362503608498,-2.25956302365582,0.844771810655739,-1.34172535673197,1.15578462487375,2.36789889070718,1.83928987047951,2.19046375442556,1.57349595042017
7,-1.62855868757814,-3.91010572759091,-3.02177571780227,1.87510259452615,1.27907384949327,4.07897352804966,2.87659236810141,-0.71273624003969,0.635968922021742,2.80980621687004,2.61545665502032,3.73970591384308,2.06986787892117,1.70739523829829,-1.78948400446977,2.90780341983685,4.6988778512288,-2.57432578076566,-2.34594657971715,3.03122910377222,-1.79069177019845,-0.511328084867202,-0.851524887766998,-0.921859999599243,-0.530081883304223,4.00900581808856,-0.31760004139306,-1.83991860852309,0.739578751212568,1.27919051766069,-2.35382965247731,-1.87624973257392,-2.55743591379461,-0.0701612571817601,2.33473773495916,3.36037562087025,0.196088513793691,-0.643724180096738,1.90028486157318,-2.04033989663191,1.83369960419975,3.39569059117492,2.32797424666046,2.80481451961551,-0.0420696825378772
5,-1.09086210714048,-0.450097838237529,-1.26528966320431,0.725640200968381,1.29775054229592,-0.120237791799477,-0.004635264793527,-1.50879590788811,1.74006353077153,-1.56403447818424,-0.25754480935827,-0.55864443611275,-0.134598435088625,-1.5413615324592,-1.46539479531575,-0.765796308902709,1.10865612098224,-2.34879085798279,-2.77200566302016,-0.817079868239535,-1.35219276414358,-2.69385879686084,-3.70058123080048,-1.8196859264189,-1.31351802959589,0.0928032740344931,-1.45572243323943,-4.21539496230554,1.20556106678072,2.01557511251977,-0.602140513455822,-1.09280160880975,-0.0869739920855651,2.52623316750724,0.301274081014744,-1.1057674367353,2.20608778513096,-1.42124571760185,-0.25882077128114,-2.55586428741075,1.57459365379146,1.54129540218309,2.69405651578535,-1.09147929617576,2.40265972107562
6,-2.32652032057953,-3.43580444802585,-2.45451721513473,1.56796293088332,2.83976911948095,3.23119975959911,1.76327837883064,-0.121255588387637,3.19477369546001,2.33768378752427,1.48541166018403,2.19697525782338,1.36990168517285,-0.0026432706395258,-2.11778192769799,2.24126836521065,2.4192233871458,-1.81375258701246,-2.32935944309719,1.99815289697561,-2.1871365195816,4.69027979908148,3.92141180088142,4.68736572109707,-1.66178140490932,1.70582121243094,-0.805458425396161,0.691135100139627,1.76144639623512,2.74839598706824,-2.11046096357166,-1.88288885451807,-1.56252963621004,4.84583690079025,1.01615309018888,2.59912613991817,2.95018313750901,-2.31603613398304,1.29609353321323,-1.493199282268,1.12792764891905,2.96561769217332,1.05716308867083,2.25030844075103,-0.323434739983955
1,0.0618988797052341,-1.57001893981915,-2.13196558788669,0.653470259918851,1.06555512668238,1.64149261947181,0.299599752023045,1.12816381105466,3.22369012195365,0.57303577712837,2.20006034142118,0.26599918747338,2.27549984939654,-0.752906815355254,-1.50896473121045,0.474058117964651,-0.015664812520108,-2.06219612345031,-0.837781046048228,3.84327915268327,-0.235187561046975,2.83014305687242,2.98839878588363,2.55726211881934,-1.20521591571636,-1.0184534926014,-1.47688030574799,-1.81941328130523,2.09649053641156,3.07574495964523,-1.92119551551143,-2.05555419885831,-0.796020406315122,4.61029459062228,2.49658058969396,0.720311487858833,2.6541003969259,-1.89326613670499,2.55778265102221,-0.404027654472287,0.843588509386239,0.29338049032658,1.94009884510273,0.493723838943455,2.03175718950994
7,-1.40422087892392,-2.82012918508417,-2.13710109919971,1.32991419087987,0.816479908068184,2.88011634652845,2.09653790886551,0.789266119490021,0.393169187333207,2.34088216414459,1.33448441297615,1.35179298251121,0.603105772892564,1.90371220968927,-2.32740096467421,1.57702883624041,1.78494651772383,-1.5763897736144,-0.290111327416212,0.551922364406886,-1.7516654775896,2.00480110350428,1.55555541102327,2.88728169044507,-0.875859351603867,1.81554529376412,-0.496164212724004,-2.26420624505191,0.273250060050976,0.952744116198458,-0.860709754114737,-1.16756843905152,-2.05301771995593,2.19311312536381,-0.0450463544773548,2.12975717102608,-0.467369185677625,-0.832449550900288,0.687253322212491,0.146278138114811,2.38276961377463,2.36096136242001,0.258487139314812,1.61087912951533,0.854064854467602
5,-2.58477499982825,-1.60242115243272,-1.06037391008887,1.1603104598601,2.3677004822917,3.04729066499393,2.58461394517064,1.26037212171796,0.87253706659666,2.09287696932017,0.159432601414829,2.01082426102544,1.61290672152484,1.05818963283942,-0.340777999920687,2.5369066183282,2.18499082495106,1.00378512353878,-0.0775668139862713,1.03222090304763,-2.65082256908441,1.39250736351803,1.38341419889722,1.10645612777251,-0.103466192059136,1.33937926951214,0.276918384935665,-1.42843301702616,0.071360943726645,1.07896384423477,0.0393042077553472,0.13059658964131,-1.53083796615395,0.651986373952597,1.76832680480601,2.19996483866855,0.837460534455063,-0.0716616845098632,1.08494490074025,0.427503621080467,2.64348116331311,2.48283671144253,-0.972451693819599,1.61378353165545,2.77920695663874
8,-2.84605121185182,-3.36944891217783,-1.69835950360315,3.05549273849999,1.38530436541102,2.75457010042743,4.69536516518673,0.978570065986168,3.17551685602493,0.69814891459964,1.40764852128285,2.66735787350147,2.55781568557401,4.34723625765974,-1.07309603591404,2.02960937549003,3.33778670783412,-0.707994607946403,-0.418365382151436,3.8544707533336,-3.01651248337884,3.95305465673937,3.41862709821029,3.80751106349857,-2.0937160171359,2.50730507096223,-1.15264003171186,0.828974948057736,1.99457041157223,2.70201332987226,-1.41535959649148,-0.85786974614534,-3.2287782100604,5.51217847253411,1.13577312945663,1.13115681177558,2.91147684628677,-2.27665693499902,1.73754884548073,0.135524758037811,5.48478137078621,4.41810009879587,2.57417891291285,2.04767883867474,0.645423367868187
1,-0.575806613226982,-0.826887339137339,-1.67298651295314,0.516329957487495,-0.323027797298549,2.00341829920499,1.62167009683034,-0.188087486543858,0.364489067792972,1.39573217193378,1.49039865327404,0.720614640229416,0.249239227416204,0.153882192310794,-0.879563723552662,1.59940115377583,0.625892973031045,-1.88244843922324,-1.1312117928552,0.759132023747243,-1.10807457768415,0.760414367065801,0.251220799016835,0.662277536991919,-1.37070274258074,0.0773257662547832,-0.16907458176006,-2.07605261623634,0.615310942157304,0.670662220130692,-1.70734541491246,-1.88842491303985,-1.28881603371934,2.02281002583615,-0.365201187767837,1.40319724532876,0.95075333210768,-1.14479826855757,0.534651858271724,-1.04390101266861,1.08041108877798,0.368292397156943,1.07803013088171,0.862599228398557,1.99889701938653
2,-1.17899228741584,-1.77900117590244,-1.40439464802337,1.02833146406286,2.24338263687436,2.34107983112465,1.76293931644345,1.34533879984809,3.42957087492211,0.178482698595705,0.260263130243048,1.44569946418425,1.10333818418138,2.90435480036445,-1.98835568300524,2.39816977158051,0.77779144673516,-2.37261782626844,-0.307242180358809,0.672028845027702,-1.30201037247446,1.2467354010239,0.149704637889875,1.87969734224891,-1.64287226048687,0.252823878075936,-0.603255693367225,-3.50495495164889,1.15621686620939,3.0139082362939,-1.58265340089814,-1.84598906056157,-1.85856233031173,5.18356506656121,1.14936197419339,-0.0969606966903978,3.45867464780334,-1.98540523180934,1.02835314826021,0.262510045258978,1.81323041289665,1.06644291567168,0.817611862871238,1.13313698910967,1.9441572402115
0,1.90384685018319,1.26168458748635,-2.78288206173873,-0.123229976516828,0.186926210167644,-1.39590215844956,-0.27879933954194,-2.91684032101807,1.78553742612906,-1.24051878747578,3.52109179892222,-1.96695078699989,3.18934211637699,0.30429699065912,-1.95065016597745,-0.315053669661932,-1.07335798639756,-2.39874395738948,-3.82016653305064,5.36360525619282,1.54937036583318,-0.949138091390129,0.0503637747682519,-1.47784767707975,-0.700566991566331,-1.75831956994125,1.07817206148612,-1.93567467891001,0.602961156331698,1.33078395589202,-3.72963885943692,-3.78431358830198,-0.894041024358931,1.79815908448702,3.87177867383682,-1.75262655060625,1.94869301715478,-0.874118138209959,3.26054650594535,-3.53189790565372,1.07834644745654,-2.74574608099635,0.902795509847043,-1.46558495310578,2.15026307190888
4,-0.255119082931696,-1.42113836268016,-2.05645105607923,1.79767129630586,1.49174722211923,1.84907494300061,2.88403384384123,1.20076473989121,1.33248050479991,0.355617683269146,2.46655617390909,0.446340715853309,1.65580507720721,2.33006342029368,-3.90407012997869,1.23214446101955,0.663481021142335,-2.75827166783801,-0.912186106732648,2.31996798903875,-0.715785307075117,3.165184498647,2.89391176971212,2.60713298770554,-1.53704049529119,0.765612871836996,-0.250153501951084,-0.197760886897894,1.2160731131234,1.80132839481126,-2.76597528988197,-2.25291188405097,-1.92199670572861,0.42654685636366,1.27525991128085,0.190422085260966,0.939229630184582,-1.43808985920646,1.8944840630709,-0.255121228721671,3.263299987,1.84889347372057,2.00823087368839,0.733499697215277,2.34681305616079
5,-2.14297846842982,-1.68903066287871,-0.883403091197904,1.32238236757889,0.481162335341648,2.8739881226421,-0.430969368958526,-1.77020473785842,0.504563072134051,2.18970823082739,-0.127073761418465,2.1555228877725,0.974014272018608,-0.411681304567244,-1.18894145881684,2.54085423750795,2.85744032200065,-0.639710061514636,-2.53144805037715,1.45154250301211,-1.61224204289479,1.82272101938036,1.55012762962276,2.15009514316095,-0.322329992275444,2.31997884272049,0.345864351753205,-2.03310453533043,-0.0555041587484614,0.205414188230156,-0.344720658427221,-1.41263931402976,-1.25244070386773,-0.467045430095429,0.592773229162187,2.78414266879438,0.202816223375066,0.135236929085845,0.902431938923616,-2.13031145901549,0.208972711201633,2.12293579307537,-0.285883705525044,2.10603305029146,2.10060011419035
0,1.30517658578809,0.725246158468964,-2.55842869722069,0.0272209306791467,0.906117307752884,0.616110212457653,-1.00003715192049,-0.280391844234081,1.75355297204896,0.370984470237065,0.347383281100401,-0.949647552709835,1.38720978640319,-1.58893228020879,-2.0895689378313,-0.608290947582189,-0.81199290459601,-2.0110668466607,-2.20973039786174,2.33351037178876,0.613907918867709,1.00159081565435,1.02802806579714,1.45941434604702,-1.04148787242388,-0.870235721397646,0.280346372994667,-1.31236145828873,0.730576202662772,0.957494551295106,-2.26176668710217,-1.4814081512151,-0.211756272804866,3.36239219054448,2.01217637216737,-0.461699211599762,2.10164065553206,-0.606210484590578,2.0190778268113,-1.43975636250262,0.137804505456811,-0.657805657335403,2.58667114010601,-0.876839237293398,2.88024428721813
3,-1.60779062693126,-1.18643139445044,-2.15383044586324,1.15420988044424,0.0745269671256986,1.6480519469625,0.490088073924537,1.26056764785031,3.22691351280084,0.0971463237886547,1.89828726217577,1.01773635819564,1.45143562520727,-0.0388439190120011,-2.10957370882539,1.40328358423573,0.553705474881202,-1.93264218499076,-0.787186805432051,1.64534821264327,-1.64086205525941,-0.519940095906135,-0.987438340636025,-0.479900387662403,-1.24946246752937,0.157555408556616,-2.2044941416255,-3.4759174516928,1.69026339529488,1.34351968100682,-1.48193823464134,-1.07559415026877,-0.773647400679699,4.69161335969704,1.56387416305319,0.414155328748481,2.74115159560718,-1.65761210812113,1.00274140674988,-0.266999685843169,2.03750211310676,1.33779007154656,1.40046323736489,0.51096145844075,2.96239058275992
0,-0.347802502995386,-1.23244896239704,-4.07963743642624,1.01254828120058,1.81029572563259,2.42435913768531,1.42936501336456,0.172121600083351,-0.0383292221642897,0.651913706019205,3.15107610942146,1.13268638472095,1.82383413376373,0.672293959945086,-1.61758139892492,1.60584547595047,1.6565032805409,-3.02309105089853,-1.30681450560755,2.43844468538516,-0.511709792343933,-2.43845019902345,-1.91008491432277,-2.55382517194377,-0.302492496946993,1.5538986484584,0.151608588713427,-1.18871556484974,0.17340699915889,0.614991092466625,-3.89451466241126,-3.00685977822437,-1.52502547266471,-0.0467423789510368,1.34851952932794,1.24423781602051,0.514035156342137,-0.482405369344733,2.62600803996595,-0.822306369735622,0.999560275247089,-0.302065060689146,4.05048813264873,1.59902953071642,1.10559890035954
3,-1.36888038161196,-0.875984482672614,-0.912070080845381,0.732116683720097,2.23959313797756,0.451292873989529,1.27936522292061,-0.39607338062788,3.13748665296214,-0.3120905740349,0.186231985773744,-0.268408636672931,1.02002000027181,0.389210824716936,-0.272306597016918,-0.527652604038182,-0.51428348484759,-1.4520110176961,-1.60183817044238,1.26167774028147,-1.45451444210948,2.04328807698275,1.15296135118557,2.08156219212489,-2.23652298096149,-0.831512666647162,-2.40785870702984,-0.0672383150837783,2.28289715841272,2.61621197839334,-0.0402168474531623,-1.05818617274502,-0.212162139286084,5.14783198903606,1.39027572123323,-0.462989293987904,2.58089894545071,-2.08103475329306,0.912365120728297,-0.961180326664809,2.15228743050201,1.55312924072122,1.38752866137172,-0.767211717110675,2.04547299802923
3,-1.4260873818222,-1.62296483317847,-3.1768537836211,1.00278795594601,3.1025405128028,1.0925469197524,3.82013611427094,3.04020841379844,2.67249367194065,0.981575747694859,2.3089024118,-0.241191557336428,0.755133239372082,3.14690056832052,-1.79438497167311,1.03478458841928,-0.357265991536624,-1.85866055389228,0.545456290873074,-1.03949143909494,-1.12005525376868,2.21665196375354,1.78761697401692,2.51214360824569,-1.87910545694335,-0.154499374291808,-1.11089610387374,-1.84078178741847,0.690557028499373,0.485823343788593,-1.46614065907932,-0.42881035175452,-1.66933271029039,4.88750439137326,0.0159353049704762,0.029999761953205,2.08263873216353,-1.44014679260695,-0.113066499435606,0.873695219863753,2.70465391305401,1.53138820411271,1.45036710575432,0.478483914843136,2.14320393399896
9,-3.65907550492465,-5.1331628581586,-3.26495305051496,2.38213236266671,2.42491399580765,4.91592157522277,1.05938280982568,-0.500220466333214,3.74409413165746,4.5918056997554,2.09580916281019,3.176576928955,1.45426966134417,0.126158290336035,-1.9852163474267,3.99554469219391,3.16992706928642,-1.76663177542842,-2.15017889712545,1.6098984161046,-3.40030309270181,2.82165265644524,1.38869180545636,3.11516944613265,-2.31336943250569,2.83356669460585,-0.760324684091817,-2.2760595092001,2.438315906854,3.41916607256876,-2.24976075290386,-3.38438324962112,-2.48163518278063,6.75769258148947,0.716729392332249,5.68748887466157,2.67670182110667,-2.28934426220882,2.34051560153658,-1.71024058889262,-0.296974085317327,4.91610657003645,1.41360728047135,4.01850669264716,-0.441282238102113
0,0.0974145646488801,-0.291088124952978,-0.852437614230173,0.0354355163665521,1.98407982926601,0.348044498468128,2.02199182599479,0.369259189481273,2.08102161848832,-0.428073838791633,0.855213183243141,-0.903441035191267,1.48871473394776,0.365259058831866,-0.966467098241141,-0.009790601873913,-0.204263581334079,-1.08861135800138,-1.13544305396739,1.13279090374909,0.0840602852638437,3.25731146494824,3.7492651048436,3.27207584324219,-2.54573635211129,-1.79424072421975,-0.465021569179287,0.420001560321491,0.780508921095686,2.37973894478261,-1.30213074757809,-1.10908536234876,-0.716445724265203,2.61595429990985,1.55427487292942,-0.629659174205393,1.98132680045684,-2.14273548871448,0.914593178219956,-0.71695455141506,3.51091371686758,-0.521280551592976,0.563346654019329,-0.526255648414179,0.165001734025664
4,-2.17311361189791,-1.40084794226649,-0.45989403157883,1.1471862018394,3.26522232759178,1.61165649442184,1.36455225513832,-0.470177011944081,3.07148837954777,0.545486162929016,0.365935059847695,0.149955502442322,1.16621457317761,1.33071904871907,-1.35062410535826,1.33665667285273,0.688616931298074,-1.16638222654163,-1.67341089595863,0.965567643652584,-1.71842842977366,-1.57087945818234,-2.4339819738184,0.63073302214992,-2.67585510226584,0.274570241983807,-0.6971451165204,-3.53259090909144,1.56256770241264,1.57297554567246,-0.957944526764676,-1.9386580259842,-1.45306501263353,7.13707161550645,1.35042562892173,0.986049458935623,3.41085879273688,-1.75026760880027,1.7122078226638,-1.28867819191609,2.76662835160343,2.26245778198452,1.23237461872865,0.614767475522259,1.36352392581801
0,-0.017912701989989,-0.351636940700544,-1.26759553674679,-0.176500851062034,1.0740772283484,-0.175871306180283,0.49121466715189,1.27127930729832,2.26194606617323,-0.438775943576258,1.46302341997396,-0.804694568446224,0.66320648961638,-1.8225594922108,-1.40167496699636,-0.253085929139053,0.484051247918696,-2.77976291515303,0.959848995629139,1.19239579939487,-0.285360955833767,-2.84775626937545,-3.76464059012677,-2.07153891953917,-0.698088491123347,-0.86052846834576,-0.424748160468529,-3.77041227400339,1.14955924697496,0.976057126945084,-2.32205644570343,-2.32829207869097,0.623806140766491,4.22612391778069,1.7131852761,-0.978625642800991,2.58305190042868,-1.15756872439065,1.66899302494467,0.966045440107236,2.23292564614735,-0.850681498128793,2.85556569784084,-0.903174262237043,1.94049820465313
9,-3.18971635692462,-4.48692801974299,-1.39839711200767,2.83394365711527,2.2550047416388,4.62034684052098,2.94507856472126,1.53977357679287,3.27256528883235,2.58154216894865,1.87347126190111,3.36596040773614,1.22889592444292,3.24119749234568,-0.831183761326504,2.64309843625879,2.95517818879061,-1.68887792025355,0.655004241150178,0.0349080850421484,-3.53217263518737,4.15163498415581,3.06006459835635,5.13181927060023,-2.77746484056628,2.03224739894182,-2.07792663544069,0.383378114414721,2.30209078548992,2.78175912892621,-1.66034584486139,-1.11442216493855,-3.07738201299211,7.00644008502591,-0.0556057413286777,3.95837868875171,2.40735113229126,-2.68446347793713,0.823340517687634,0.969164275265178,3.20345494528782,5.17859435816713,1.81805702812212,3.43105234612455,-0.348989611229087
8,-1.23542374734137,-2.26283766504467,1.1381531196722,1.06483390137522,0.775804445779857,1.16476718190639,2.53523266377496,-0.902356671406789,3.10214820152763,0.744379552025231,-0.213828159449262,0.373206550377794,0.0098803401651281,1.90924245161805,0.279532740400785,0.767022114409812,0.264253431871879,-0.997129753171901,-1.39852701396098,0.0095645969331608,-1.51682987200437,1.81512574438086,0.0641529011150768,2.68773437379318,-2.8618372865478,-0.0184136378121747,-2.0272572491844,-0.671107207433717,3.96573775166322,4.12236604947426,1.3954700638763,-1.3701593342267,-1.38670452271353,6.91745007344859,0.165384742480295,0.182677813453019,4.04610266121029,-3.10376727639578,0.0231641831752287,-1.57038731940412,2.12928420689318,3.30404611890523,-2.47321439353979,0.616890733411969,2.60659567890212
2,0.991524289169344,-0.889573023696398,-1.18780741245002,0.43778991224501,-0.15008615652352,1.07534509161454,2.19852550776313,-3.1038973998648,1.37231286862509,1.11872114731047,1.49634798357949,0.598567110193207,1.03810353176013,0.777626068269562,-0.654496266251965,0.685374547790685,0.885877709140735,-1.24314380604961,-5.28443707884662,0.119595432943916,0.492726361048749,1.10187903573491,1.07957947694158,0.889364792492411,-0.974614449189783,0.0050279860797841,-0.3083759482733,-1.24451728589775,1.17124381036312,1.08323636545017,-0.740213702769958,-0.3576243472142,-1.4560203598912,2.51706489022914,0.556467414634158,0.354248876958979,1.23512683340605,-1.33115302130588,0.0063956551524112,-3.79665307258359,1.64898236650696,0.372829958537398,-0.0418309769046965,0.581858548132588,2.43768839845031
5,-2.24107047363342,-2.32079171547453,-3.27072808856429,1.83451383132243,2.90370497108281,1.94579820797391,2.42668984329137,3.57541170704307,5.40212583190386,0.311986718450597,2.67956752416149,1.17028538540712,1.97790984857177,1.80838256241657,-2.81924448703336,1.35736155766337,1.52919669446757,-0.375706288441953,1.04244268513519,2.38850368402854,-2.04909372366179,3.5693579037973,3.10590864834919,3.44564610223967,-4.09020579276878,1.04953720295075,-3.94282555410792,-0.0747338711883294,4.38966392120928,5.54235959893517,-1.93575663032931,-2.50589626894885,-2.52163577073996,9.0073057894355,1.37441011637247,-0.197462758712859,5.1888611234355,-3.63975877982591,1.37946364051451,2.01369560891325,2.6456117770959,2.334886579297,2.01853800923356,0.860672325373362,1.73754856523439
8,-3.86649578120511,-3.01041769490552,-2.09917057642379,2.45234582120718,1.69418443498331,2.84827804285383,2.07773851268709,-0.25903403582423,2.17034967675098,1.48039959008049,0.50240116352752,2.28661337062598,0.874524839466687,1.56356580018108,-0.777377919904401,2.36235324659407,2.25485862159907,-1.69744188478603,-1.88018327646509,0.362940612408207,-3.09187198988887,-0.0908170494325988,-1.57994615007527,1.09336971749979,-1.39340098870148,1.6626817277719,-1.1489618792905,-1.99478262041384,0.990342615854638,1.26901609063446,-0.463846177126028,-0.829331950446916,-2.22508167368656,5.70340417125987,-0.152556293843985,2.07132894125544,2.05317157285626,-1.65653335057803,0.176366648880646,-1.12542074322515,1.54772340789402,4.56065309032194,0.492591217778032,1.96351776127816,1.9864504961786
0,0.498622910721904,-0.878530309102238,-3.38213393287156,0.408319290841831,2.70562963413352,1.37763318958811,1.01499638741554,-1.16730325895065,0.799734330766776,-0.598630293845415,2.68131683752354,-0.171392354564966,1.55528157370212,0.622537901516941,-3.11696806499005,0.414192882973795,0.0817481718124231,-1.35774687261348,-2.77632438709257,2.68579323395549,0.64960111409877,-1.02941406709106,-1.24481982894295,-1.5149351262085,-2.18057984649866,-0.341565163163585,-0.08387988702913,-0.897876622832342,1.48564451692711,2.17605750294143,-3.30421289465897,-3.72206617077161,-1.27337284840978,1.42361739306063,1.97811125485935,-1.04584865339361,0.718862467051783,-2.05082775955465,1.36728106222213,-2.46269417923697,2.35624369074779,-0.641702978583294,2.63938693389006,-0.0600805939736776,1.54963009346446
5,-1.26211040520617,-1.74881517251176,-2.6016817853108,0.582563518164849,1.50298517086758,0.157556327454743,-1.2137472385131,1.21673053338799,3.90182712051705,0.765795750554038,2.32157287595751,-0.165738429042632,1.18713090095135,-1.94346785350442,-2.05517180437441,0.133148396681357,0.105728753695158,-1.56962009779342,-1.71951188968437,2.36141113565787,-1.59743633991698,-0.0698250778819568,-0.979735513891629,1.28995975114714,-2.02170195896719,-0.380811757878378,-2.19581831088597,-2.03572081325095,2.81349871880838,3.22228951135265,-1.83213251552146,-2.18688188356806,-0.671293426591095,7.85421287960869,2.28267238606682,0.625103576149793,3.51369092270355,-2.47313372076657,1.50213138853667,-0.9432322715154,-0.317432592147625,2.13845552865225,1.59364710140719,0.203181713267931,2.05327248141168
3,-1.07009129313116,-2.10810315566759,-3.25596959502608,1.47602991881855,1.72189177447595,1.47951170745247,0.626736005518353,1.20253393830606,2.57246306902696,0.833130197713645,2.69068157813661,0.090544778409919,2.87929195893709,2.71456341433437,-3.35259380354187,1.63493429632774,0.362374709601155,-3.76083907335876,-1.8686300473423,3.77844169305947,-1.48679638188098,0.592562390848395,0.696398387192456,0.668284409038513,-2.23133108052762,-0.291790648433929,-0.310367820642312,-1.76565436846974,1.28170379495996,1.41849051370865,-3.69912816098718,-2.12294480366006,-2.48350119353302,4.7871180176109,2.29272070276296,0.402045005188026,2.51673691747559,-1.85274315694744,3.53640128102053,-0.612781785102385,3.30026279901141,1.35621587642125,2.74212751653818,0.847311068191437,0.645220830822182
7,-2.46832573613072,-0.746563206688676,-2.81080549514594,1.23107959590706,2.20040804876257,-0.20321172242413,0.654643416992548,1.32532306490646,1.88637094287036,-0.10196177418962,1.89401065941509,-0.314643935563338,0.878252957503477,-1.48485719148871,-1.27800433772788,0.0915878663636225,-0.180606603947421,-2.15693826587309,0.0727457143841909,1.64255351552213,-2.07032947236447,1.80746002806413,1.19954934581432,2.55983065401415,-1.8322463394767,-0.0275605960807396,-1.80855668657912,-1.78978916029961,1.62049866622346,1.71409888077754,-1.27146267294708,-2.03886327138411,-1.18120634189154,3.9151532295863,1.33154835812415,0.938706533657565,1.51147287718601,-1.66300241890497,1.51181820545655,0.67307393187003,-0.282194780205421,2.43133145592237,1.20727484935542,-0.506494958358457,3.72579916803204
9,-2.76247834247627,-1.34437613617892,-1.76536100424118,2.18497840255456,2.36781955118114,3.17137787628524,2.57904506991589,1.33713542658564,1.80270888031952,0.957304661973252,-0.911476308247472,1.7945603070415,2.13902068980605,2.02728440717619,-1.55503728131266,1.69669946860992,2.23295167498201,-0.950922583585884,0.420336506463828,3.59602614549476,-2.38658117762304,4.76141762457067,3.93741589811237,4.55970961046295,-0.358752277975403,1.65481846304308,-1.15035178456447,-0.163710316378975,0.692837879836002,1.09701155208641,-1.16574389146015,-1.50579727098629,-2.24112736008114,2.72483104518101,1.80695925731266,0.878985135917267,0.895231420210313,-0.80138741341811,1.6740364678751,0.102066103879601,3.12906881530191,4.31516175566094,2.65301715112161,1.01727257337825,0.499376756336293
8,-4.06414847466433,-4.69410346701419,-3.38836366454778,3.01110939756546,2.43257835578319,5.11098366859548,1.62608879336975,0.132288880153299,2.19661637319931,3.0637879961455,4.39966605073723,4.38598832838479,2.70647434280794,2.2051689905707,-3.51550618986487,4.33209199818403,4.61775114961028,-1.56707206294858,-1.7680847996124,2.65900765185041,-3.58036527637552,4.26409466408879,3.97779714759993,4.42177030968114,-2.6432907059984,4.31147678554218,-1.85481308551571,-0.302655050116188,2.67037207832434,2.6887912789527,-4.48155922070334,-3.56675348044073,-3.00841284138901,4.01627256157996,2.05797569540979,4.71969569168039,1.95908870421692,-2.39993532329527,2.74169704351592,-1.07383939800188,2.77507563382074,4.31551765779334,2.77533522262589,3.89808089880779,1.92479780000214
8,-2.45393126112968,-2.74786912435492,-1.11715628455794,1.79865383690406,1.73101383298028,3.43290810431345,2.58259700266424,-1.43406074496759,2.27914396371497,2.42270679277906,2.25648491698202,1.5830187824779,2.38110245446439,2.54549048958735,-0.708366151912333,2.35098494122032,0.540174609048189,-1.2960620773932,-1.66186924022329,3.80616731835232,-2.34771778334774,4.07026067915234,3.80765367801761,3.90632846194655,-1.93053648910806,0.290171198196963,-0.54399983218808,1.48386498159107,0.558394510309318,0.66850695879859,-1.08638618931017,-0.776383188030659,-1.89079328742345,4.25551622909322,2.13371986431689,1.95472187061548,2.57918925730592,-1.41382961581261,1.80445429944833,-1.599595023226,2.36273616331162,3.93347948535175,0.0837410991021885,1.99393240855205,1.5003087653162
8,-1.52459711824325,-2.6836842921758,-0.0072127177241755,1.29426133112965,2.65941350728434,1.12925320331714,2.78496459879964,-0.452329430880325,1.49282663063309,0.399986897909691,-0.957387925638163,1.30150915061157,-0.319530578127355,2.31703478498504,-0.0136026412635747,1.88499004202181,1.24337377951838,-1.33915475114782,-2.93475460709573,-1.98576646993809,-1.57550432152607,4.81931567003276,3.94502410943118,5.15919965248276,-2.53909773636662,1.20275993805603,-1.40218741621254,-0.904921512006739,2.16919369979364,2.2955255635338,0.946349977106289,-1.36247999881442,-1.71416414805211,3.08762521107287,-1.33528601060213,0.52232827019029,2.1152126818839,-2.20387444739717,-0.594340144321142,-2.01244385228442,2.6885067291665,3.69324105681475,0.170035992696681,1.31403432160428,1.15862178296855
6,0.171014797550124,-1.8997264663164,-1.80397441856445,1.09981457330096,1.94841485493999,0.700703783806858,0.847584147516302,-0.385650016345752,1.10466396940402,1.53851734683281,1.40343683565353,0.528159370252406,1.35823779318071,0.238968052335692,-1.5051139406559,0.815716935387696,1.48407694632897,-2.16688697270229,-1.5492329395515,2.30753441984661,0.132088010880231,2.25122502710164,1.68001922988905,2.17124282025382,-1.19539528246737,0.763941727757703,0.350078110923091,-1.77315073219557,1.16152106387857,1.85961914558424,-1.94848419427583,-1.82712146707543,-1.68817883229926,3.16932239448742,1.40805651359714,1.80725877971806,1.21992855060344,-0.959553449467149,1.06144917586231,-1.36312719003926,2.4534506425831,1.93461526378845,0.0238002655205081,1.30196926423904,-0.79657365375888
0,1.4358082992623,0.0207851143307951,-3.51565131171004,0.846328041907906,2.18722400804964,0.0392611976055687,1.54920421830631,-0.591974133118306,1.4425511220336,-0.753721350523065,4.15980334458426,0.0832426543543001,2.80332498276971,0.42833304414481,-4.20724789991665,-0.0619315798622386,0.400956918726774,-2.96376281749674,-2.52674199682703,4.50036822313898,1.33503977247145,0.0068499182502109,0.771325431791748,0.481159017741807,-1.04274415342306,0.389396975418203,-0.158097226763564,-2.29360772989142,0.363558821863764,0.816038714753139,-4.40642097292673,-4.07786497666672,-1.8183723331436,1.33520594894082,2.18918826995042,-1.51896387267957,1.50366827283399,-0.489893445976123,3.20679032918127,-1.85518103888819,2.53820123558467,-1.53791223407698,2.82981087970847,-0.829384945453177,-0.174594636537305
5,-1.16461091525173,-1.74607605476495,-1.40724769621795,0.754977264249736,2.67889460921678,2.32564478909672,0.906644083507042,2.14124403630939,2.18897039767966,1.48670325717524,1.83355331769072,1.32965591415858,0.911311791126064,-0.0937666133412312,-0.570752946298255,1.48505627051114,3.54169250463055,-3.28721845231399,0.911704722668167,1.53103435909793,-1.46791496847858,-0.185066733039135,-1.18763623540321,1.1920132417588,-1.608299168617,2.05460246725206,-1.11052187912731,-3.58318899635244,1.57721437971289,1.37563024495747,-1.15402785669259,-1.79161833551661,-1.02022435447484,3.79707800432473,1.47460937711842,1.97647212214076,2.39709014583041,-1.0253558544919,0.44128425410603,0.961415094792013,0.877018131332683,2.12031680192421,1.04468906868873,1.17663496508478,-0.309550646672719
7,0.317344725344261,-2.9902740017405,-1.85420182537224,1.89551326643238,2.30031206582669,3.95367691718891,3.44890740596335,0.354674885824247,2.1105728992089,1.89570511835263,1.56186771812195,2.22244790226324,1.75595857727059,3.42275233319867,-2.74740924837498,2.35116342108791,2.49273383141613,-1.36633414116766,-0.934016324324494,1.61765603089596,-0.446881209232497,0.65151176956899,0.175085254577875,1.18790111131941,-1.77864478624017,2.68645188846909,0.290907472044765,-3.28908234413706,0.385511816751632,1.70130459275294,-1.59002727845939,-1.73067272205517,-2.77592983764208,3.50297403893033,0.535515028054786,1.81199421004123,1.8603540952188,-0.822492784475859,1.17339438466147,-0.382291448375058,2.58082576434273,2.44431713323371,3.10180487514523,2.33697635038458,0.89921299198429
5,0.0311223917080228,-1.33653966285322,-1.36570630479265,0.740249337399738,1.93255302980308,1.33124612758511,2.24499173320152,1.95506928903467,2.58220441366667,0.754373391584724,-0.0980491791509936,-0.0134698346384756,1.88819763650448,1.77029713820744,-2.36357284760644,0.785687248768002,1.07148040789954,-0.545051155537611,-0.0888960370713034,3.48764254321734,-0.231993532795975,1.60008326378098,1.38637813038379,2.95326811684494,-2.21305119923247,-0.271905880537336,-0.870188238617715,-1.70703034240276,2.07104985750268,2.44588164708245,-1.20540338682999,-2.14239301982268,-1.72247504194074,5.61507267352187,1.97678032689134,0.210712305341551,2.97583493142267,-2.33458364300206,1.08424738476419,0.418464081392856,1.50817268934428,1.63851807925572,0.498112163705524,0.279976456959694,0.687943752986525
9,-2.94603756317684,-4.12189772111908,-2.17351372477682,2.21262376720252,1.9587148797192,4.61863421873915,3.60191266645467,1.20217979666715,2.86199173207668,2.61462836613942,0.177215637068252,2.81791792309298,1.50716139465297,3.2782692978477,-1.43117757271631,2.50575543059506,2.64154926730458,-1.30210767425383,-0.0622797266622656,1.99380386269592,-2.65014284156691,1.81905138580444,0.628031889304914,2.51995251695913,-2.36906356158967,2.26287118746538,-2.06520933373141,-1.07610664452006,1.65024167372393,2.55967513702773,-1.18136263006358,-0.848025909098337,-2.96776710982668,4.15125062521506,0.120791437900091,3.08543964541768,3.31143829078574,-2.19409626302279,1.20284942729266,0.22750949187669,4.0829705334898,4.16777963923494,1.38106937461054,2.87904726772654,1.73542785132535
8,-3.93287515249126,-3.88608629017534,-3.42353685703889,2.99319285856228,2.29605520480958,5.18750567668507,3.30689850147385,0.322355476267454,1.62706491881609,2.02640751621886,3.33580349723095,3.06194358735306,1.63735123964711,4.56258004674426,-3.39176937677488,3.80176055577822,3.78492278185031,-3.83105551227777,-0.752686465801804,1.06374136435643,-3.69150693003357,-0.320357957724527,-0.845553532136956,0.945057107339876,-1.58335015955065,2.89346154108232,-0.372547403540164,-0.889187305368954,0.434331239284073,1.11059092316427,-3.68255621007463,-3.20740363794062,-3.87176371245542,4.4411764275914,0.0516552076071726,3.30329657141566,1.39228184462834,-1.34683797695206,0.646449950389014,0.284438870963707,4.45099396250286,4.71737158523205,2.31544718950064,3.60090976094265,-0.185900676641045
3,-1.03132450601312,-1.3489905302151,-1.26905728785819,0.634700708603152,4.156832087835,2.25769643455013,3.27906106246356,-0.346605654344754,1.26120052431187,0.357196769540818,0.861487356443722,0.679838808122835,2.31360357483375,0.618247694821588,-0.172331492303714,0.997654424807733,0.618420855967153,-1.04705853003776,-2.36497751877624,3.3688212634944,-1.22790409168176,1.33897120480848,1.67211959385843,1.25883249023915,-0.470538391938103,-0.208408748143227,0.798431579820195,-0.76380009336904,-0.0335428759775231,0.29057358385168,-1.07281655848508,-1.06147551976183,-0.716028279518071,1.52156332010882,3.11202466192261,0.321015064502847,1.63907407608214,-0.223335978660107,2.17979403329334,-1.85805296111654,1.02784799598468,1.38410394351734,1.92875631004055,0.744530144715596,1.18198415685916
1,-0.845007985120833,-0.100712476516938,-0.81608052701302,-0.0741838931837466,0.776537435367277,0.698802890101543,1.19136949862168,0.393420541805273,1.70465660087047,-0.789247346320749,-1.28371915137746,-1.35157710808733,0.169954774874707,0.197704003194366,0.233753178471383,0.299098386407605,-0.595730727199195,-1.06422492451158,-1.27980390427704,1.02453923273271,-0.452483582798939,1.7085626488108,1.39488369546447,0.925820766438318,-1.63209301245773,-1.3469353393364,-1.02246480058824,-0.689761576905846,1.26312513637379,0.456381862260271,0.272705572056064,-0.096311021112669,-0.446753693688361,2.31896963843597,-0.237099686385336,-0.907564968294663,1.67545507183761,-0.809128326276328,-0.0431610489507312,-1.11296666333137,1.60063232504478,-0.225522651483258,-0.143825070705842,-0.627746736658765,1.33901938345874
1,0.396465134300185,0.147897448811452,-0.95679408681467,0.0186468519297494,2.9745144976007,-0.201201367265155,1.34753727976818,-1.49468203813575,0.878847360529902,-1.04879629470156,0.709781231055426,-1.66784311338371,0.196924617700159,0.156525728870815,-0.43841984060423,-0.18189495626371,-0.584941860096476,-1.96050641232887,-2.1969476457577,0.1189948833563,0.0793416524678155,-1.4663214668882,-1.43870286966315,-1.81777937867278,-1.4371526663246,-1.52729483301496,-0.261005575621823,-2.98788821876481,0.250624544060968,-0.0314182659832341,-0.0339649099521062,-0.6879410595675,-0.368111641441983,0.710109037668971,-0.607990810615533,-1.74184306914831,0.901973701301899,-0.789067636614909,0.139116952154141,-1.85381852216086,1.86573933252202,-0.0363414580578487,0.141870987330492,-1.41361444644647,0.100928226363574
7,-2.02873791291413,-3.71780877800457,-2.12840215509856,1.70432553972653,3.02806823594151,3.79650070837098,3.01217501299171,-0.150288735123194,3.24543890372486,1.18285572347147,2.04190574372299,1.32846903473947,1.92097809087415,3.3662987579063,-2.44453377215193,1.8783475650287,2.44089643199551,-2.17943655744126,-1.54010443644868,2.87264020651045,-2.180727827211,1.57394664354926,1.10921621304438,1.91976361034152,-1.54313868867577,2.28417478025592,-0.448900097157424,-1.49077637610314,1.39714430536118,2.09925478711384,-1.89305886405078,-2.10683532673415,-2.35567721267023,5.12809895207451,0.872129502654441,2.01895418275611,3.10262093071235,-1.80691116361521,1.61098277922448,-0.929859923255544,2.81277385481911,3.25186294559011,1.71795930469505,2.06229017840331,1.98051029426247
4,-2.22238583371513,-0.524028547542908,-1.36333920346437,0.306671618601073,2.52795873486678,0.253007655424386,0.346226940529025,-0.0556652645247681,-0.455874205529431,0.356776524111055,-0.623914949438584,0.0081281146365186,0.609825456303156,-1.50915609756915,0.208755537335048,0.341124540245324,1.44272973824935,0.0920285282181088,-1.65148502543046,-0.0087793173607659,-2.21106200823072,-1.04224481498941,-1.17810073417296,-0.882627785598223,-0.199886750514856,0.172955574158696,-0.509716763595074,-2.18228756721102,0.229131079097202,0.0145162780867067,0.287215384065663,-0.64685588740898,-0.0606348318425404,0.473723767623274,0.827905247697372,0.442389393715987,-0.240855638727625,-0.493906108165111,0.372198475409525,-1.50654015707654,1.68897932577644,1.92639181595809,0.297551705865259,0.273472810631142,2.58405390275339
0,-1.90797514079458,0.200005702718576,-2.40542462665351,0.540671184861668,2.38857670174977,-0.0959437797328111,1.82733798362674,-0.508080152264026,2.30166066114904,-0.932692619844833,0.907783772342049,-0.906428615535952,1.13095787924697,1.60329685092297,-1.45725185856019,0.168970760378619,0.478936336420821,-2.02345518172594,-3.14092732999715,1.67525518481967,-1.2903574444298,-0.269729637784894,-0.447806939182056,0.346494090317863,-1.0563674155106,-0.416088165161947,0.379721986950688,-1.36726490569534,0.473008980367194,1.86436232338912,-2.21855618717648,-2.73177666527638,-0.934539731346434,5.23767167352542,0.916372972453209,-0.962200697942355,2.04330615406219,-0.860899025314603,1.24903655641329,-2.14314869581297,3.4370003219901,0.0757705323269247,2.67363789987298,-0.581390658350939,-0.129051117541817
5,-0.198733608134299,-2.12841027234811,-2.29602940727763,1.96828549599238,1.1676738744532,2.22827883954857,1.28409877548716,-0.0876192113200194,1.37924950764127,0.472816728792282,4.27645349135432,0.469051343936753,1.24383171748237,2.23442177137758,-3.58333015352011,0.896422787855087,1.33721817851656,-2.6653382172584,-2.60184876990298,0.734877091777214,-0.757516452084098,3.34486974794021,2.86461150802479,4.56847738250622,0.0388106416914086,0.445022094872173,0.190757217026171,-0.378771215537626,-0.346849495948988,0.923184286617146,-3.1982773399221,-2.63545397706718,-1.85613651206249,4.12771208757979,0.936780364717706,0.748933587955591,0.728745408038913,-0.385222881990743,1.20488314749048,-1.72216208907961,2.12794581242309,1.93381935197851,3.02178983986502,1.17411829345147,3.27638272096955
2,-0.603772493113105,-1.21736979243977,-1.3076825520236,0.837855083026608,3.21096001571695,1.68758743566315,2.46179652142255,0.217400837130842,1.36665733947722,1.22957141294146,0.221759940918558,0.061784137373585,1.50374422108235,0.612635968536505,-0.741220442949089,1.1427323678083,0.864044475039134,-0.910847693501856,-1.37653383710701,1.49915385945065,-0.810220444692119,2.03006247477026,1.98199975623392,1.46734418503195,-0.737193831164112,0.0203480499376131,-1.36283304527077,-1.37506556442566,0.290455861961621,0.329270038287728,-0.357105685172147,0.273674861691945,-1.2517952760512,1.59372426121568,1.6431378811543,1.22390186817981,1.38089371324785,-0.639025117176131,1.31801408233513,-0.709358013711443,1.68852096105,1.29192347296724,-0.0901905600162991,0.736138161610558,1.93984962267571
7,-2.03803240702691,-3.20419403361663,-1.41942785275643,1.45119430390633,2.43923049141135,3.90921692358149,1.3721965638336,0.970161537541797,2.11557735162948,2.35318459095692,0.252539621779465,3.01427151034461,0.670403445923125,2.27109266666211,-0.538254400415365,2.28235815865121,4.07382192948567,-1.30814220655294,-0.658974439484835,1.5071549010713,-2.00175778237963,0.0974827786776888,-0.839902247820955,0.655008987343047,-1.19440961609617,3.73732317528381,-0.394524227080243,-1.31907776476232,1.65779016765977,2.05060375960024,-0.2195492938649,-1.36693755909177,-1.07738262035176,3.25975307901646,-0.525765284616964,2.95107507227728,1.01047660046981,-1.73938419900992,0.338765676243911,-0.494765600263033,2.69588647327809,2.83591694875837,0.539062811667993,2.17555859427182,3.25444776729794
5,-1.64567655581665,-2.0407612084265,-1.84031852752795,1.79503176010979,3.54788774744865,3.09963104970458,2.90171735459622,0.447026258928086,0.78267246547974,2.18628720349827,2.65020182960623,1.42807362209297,2.3558819753869,2.07881961264156,-3.2831189704511,2.22737850877676,2.31627609328223,-2.16883749663728,-1.27329076808992,2.95748754153255,-1.67443658211708,1.50589278071487,1.13037904520994,2.00454793318864,0.0984335779986313,1.90073462076882,0.282899191480707,-1.10808623743299,-0.169199167890867,-0.438579890769265,-2.75033126594183,-1.95984037157008,-2.30927902537173,1.5771941699864,1.54459111778862,2.20925087356182,1.36272656555403,-0.320051938893994,1.74108315398815,-0.652556593235022,4.10231698649854,2.57040728281998,0.621272318451443,1.96706292353544,0.866431730773247
8,-3.00904826662682,-1.73250370637805,-2.56681608420543,2.30627879139203,2.42429920796533,3.40859362716226,3.36789204317927,-0.215588593577082,3.22189969887428,1.13678501176624,2.78358428818232,0.852212622861437,2.06266639912951,1.92798572668454,-1.17511988553126,1.47301037996841,0.0953886464071808,-1.4774505681355,-1.55941204933147,2.42584415501629,-2.84010655795905,1.08122360373159,0.169155972054776,1.70832415129031,0.7591627534323,0.0288098961537143,-0.769720256913092,-1.21925876717165,0.507224828970716,1.08298310046732,-2.13468437641505,-2.57321022249915,-1.8016961567125,4.88004173010233,1.1704816282275,1.54794400818696,2.9599277073272,-0.242648208963434,1.85081949836217,-1.17036332910777,1.89877922960827,3.32904210969128,2.56179948456512,1.74837533387751,3.00589123863339
3,0.0571316707857922,-1.80540154275805,-1.92797223184301,1.20579755680278,3.52119522590459,4.50597991775901,3.19312207189949,-1.53874236228667,0.389031895587646,1.67110076684575,2.18794641055536,1.6559935519651,2.02213579532431,2.87245958216913,-1.74463171610197,2.23526558957726,2.43443775538052,-2.05093872403447,-3.3467935486098,2.60019493118222,-0.464688190122707,1.32924458952179,1.81671937855345,1.08395069256417,0.0921182133155489,1.65480208071352,-0.530030310826888,-2.03854414474806,-0.394885978771678,-0.956622719538266,-2.87094945808318,-2.10695522879112,-1.79072602255055,-0.978896178652132,1.15572075877267,1.60520899053714,0.479102469776073,0.122283265759279,1.41880935387971,-2.62838562562708,2.5423222018832,0.592090005305798,1.46645722664856,1.87658349770444,0.129262358578003
8,-3.83747832674477,-4.69278676160537,-1.53271985424462,2.96452781761361,3.09241603657556,5.57676734026112,3.28450865300827,-0.628627044785819,4.00402340303658,3.01638470728623,0.502914413653467,3.79987951203121,1.57775943815453,4.51157298462798,-1.87717440831231,4.15880338692379,4.0221388064477,-1.89476693039066,-2.23348039477652,2.44483204902755,-4.07610949761898,2.23166967686078,1.02394293553305,2.85015393600509,-2.01341595736394,3.68623230977907,-2.59802303336658,-4.18712432080248,2.84381394893346,3.03690519491904,-1.69244298982996,-0.209103395244295,-3.48701612539765,8.12311995249097,0.412367297689146,3.16500181471372,3.38759371688789,-2.51455218383546,1.0197320505481,-1.88035978900511,5.68379714948814,4.66358988909086,0.983950134009851,3.93897491827432,0.522054945711216
0,0.0812521106513656,-0.0891459198650267,-2.78039516067197,0.89036281462089,-0.191981551172163,0.116500202720064,1.77987392231949,0.308145944129725,2.34666403063491,-0.343983712156559,4.11081908649723,0.511109390156143,2.14562643892314,1.49362159617282,-3.79722242978226,-0.0903466424578282,1.2434028394151,-3.40816639583165,-2.89476984284998,3.83568099719102,-0.0206045609786502,-0.447242316340154,-0.640746320947292,-0.492968903400361,-0.784011381727416,0.49412495493168,-0.166767389577787,-1.17942316820655,1.17686223402996,0.850625107320215,-2.95866928304583,-3.35977287438595,-0.719676591116256,4.53566493327717,1.90674757985697,-0.442260051126089,2.75995721618713,-0.533308879242252,2.09748301136703,-1.81474107290276,2.33178249370474,-0.634238583747299,0.946735590638047,-0.402711654127807,0.22581860417984
7,-1.24461893138554,-2.6875305436843,-0.156986636141093,1.03218873854947,1.77132674715713,3.86674836863087,1.288127661786,-0.538864913677652,0.65800834376193,2.40960121966137,0.325794675644891,2.83838085196714,0.12389905226764,-0.586949003659993,-0.275691146425712,3.224199578861,3.31026634316567,-0.170198478206492,-2.5200156764946,-0.770049362790829,-1.24903946104644,0.395119442400751,-0.338612815751076,0.680905725799354,-0.998958726025288,2.89497969527378,-0.150034440637628,-2.57935432866085,0.672859201994226,1.81330913235631,-0.119676170512832,-1.33613944955416,-0.85643812255029,2.24603546298456,-0.099024270941635,3.41348664195665,2.02129382904929,-1.26286012377151,-0.0555603319743939,-1.72833303310874,-0.425224711959433,2.82080865307904,-0.167144856033899,2.33823072709893,0.45024532544278
8,-2.3366566901277,-2.60106579684696,-0.528179477306377,1.73408845876279,2.59140304631146,2.01234121641848,1.61711655709255,-0.470226230950842,3.18441575438052,0.36565730367717,-0.482633754390952,1.6614618602981,-0.386601977439409,2.91057742913,0.0007430235098213,1.6068870858851,3.0759860175161,-1.22421949855076,-3.36560087375975,-1.27365458440114,-2.38693583690533,3.94947898173558,2.69566631754793,3.933469982341,-2.79038102509174,2.5030247909108,-1.64827763790739,-1.22676614416021,2.43115482524271,2.95753309611729,0.685508233057595,-1.08567403920875,-1.80627418100327,5.18020124689532,-1.47853676360271,0.264562771864688,2.69558564117409,-2.31627600286409,-0.0974714132109248,-1.96850231727384,2.97776227676317,3.68833750599348,-0.57232715265774,0.924894816719236,1.16287726928142
1,-0.50641238272354,-1.53641680616618,-2.7179562724367,0.707242961609089,0.374201290201123,2.75188003148633,4.34635722519407,1.58945299128296,2.66639847464586,1.56826421806865,1.01603519119991,1.60434964453789,1.44026134569813,3.17899210653568,-1.4043656954006,1.88829736389033,1.89757196506589,-1.24227818444307,-0.0328852566205997,1.25466861104248,-0.456132679506731,-1.33577946233798,-1.9342560093174,-0.617503432279761,-0.402637490714613,1.30557059128806,-1.3272311035243,-2.81693979207892,1.66157469742312,1.1050309612431,-0.863260025354175,-1.20746336431958,-1.84840692264889,4.02593846085505,0.896048033560724,1.44148034661122,1.88972739399378,-0.969070527852621,-0.425994282404125,0.622836070517647,2.73479961399103,0.50972895544453,2.96081740435868,1.56137930517829,2.04794438935247
2,-0.683468004366095,-1.03025134143276,-2.46116594423646,0.68429394232861,1.02868751876331,0.871564440984328,2.02159958061036,0.0877942955304594,1.41123630614053,0.0406909887841213,2.02138562909711,0.452032452230675,1.4192826093521,1.75388945527267,-2.1074700283265,0.967281504677644,0.506787554891296,-1.63578756621108,-1.97385519806634,2.67561452872811,-0.742663872380547,2.28615674078433,2.32154333830679,1.48663536110633,-1.43711843466979,-0.166193154540503,-1.58573984979068,-3.3794114580341,1.45385466862192,1.64076261521471,-2.82348782491792,-3.26020239592398,-1.49151959622664,1.30766621402762,0.867991381081778,-0.571701382101155,0.711384168175803,-1.77074788826099,0.988042664047304,-1.17525725610716,1.26546710677137,0.658836969113287,2.58674772848806,0.127079345505815,2.88393825413819
7,-2.04054613596957,-1.54620981101787,0.111937945727116,0.809619381018298,2.13780180660866,1.17878433737405,1.61127558163308,-0.757960622595109,3.10283932186607,1.29659132330528,-0.142132696867247,1.32785760397174,0.552896381901932,0.747303717508033,-0.130921509243493,1.44007618746965,0.810642354719631,0.386768967881735,-1.00496672425151,0.389611841995294,-2.02722542812633,1.73532791570598,0.766039684131911,2.45368482660111,-2.65796388399072,0.715693458648318,-1.73110813640464,-3.35305961185642,2.79430438771506,2.32400427661119,0.998550338508935,-2.90569623356495,-1.15823412879657,6.88259715055485,0.227991588210425,2.07548491578983,3.22302050541487,-1.90235411129707,0.505673648894526,-0.766547333932287,3.19234052068224,3.30056936825224,-0.168564038094167,1.30366232392995,1.22546829456285
4,-0.849464560952396,-0.63570520703011,-1.3488778195872,1.14557056705403,1.40238880166799,-0.597233095022594,2.18406416443731,2.44275613225369,1.65358333712033,-0.0555002267324285,0.66559858122071,-0.639589383697975,1.42293188995299,0.233131392555186,-1.52074872352742,0.355755776377166,0.109142469329675,-3.02442247018333,0.391865419016115,1.09461089445691,-1.21975216580299,-2.60249262036879,-2.76693542415968,-2.47465930473262,-1.55619546001805,-0.553751684832105,-1.46029905241751,-3.08496999396198,1.27576331812457,1.39331357051081,-1.05024137968121,-1.90586211570487,-1.22754186687864,2.07621731257291,2.0723483014612,0.251234124173385,1.72796474789755,-2.00012216378265,1.5448869710128,0.807450961750958,1.85968659878614,2.17567969728087,3.44066449790096,-0.439467461682451,3.58999994519409
7,-2.28883870885602,-4.08099255303946,-1.028574620552,2.03990223746642,2.36896948298873,4.74369782816518,1.96912944024612,-0.515824443431506,1.16214072130323,3.6403667656119,1.54471714710359,3.34793913799738,1.6241590636528,1.77823014761221,-0.562482287995282,3.49254337088249,4.3328313887004,-1.51548898521512,-2.99847956744861,1.70044619934255,-2.66118050282759,2.01062359956391,1.82418850428953,2.45470820623649,-1.21471564352787,3.38686510719862,-1.96190046781958,-1.89693860305555,1.18555631740242,1.18007063567114,-2.34963703307835,-2.01916603776742,-2.18391947248706,2.44975503766374,1.13342320150528,4.6656563087971,1.82412302230126,-0.740009354434559,1.5195357147852,-1.99362251011453,2.33822611186983,3.10979219618078,1.5361876643005,3.71936154940655,-0.995505916632215
8,-2.88382056049501,-3.5513424795094,-1.7472476657634,1.4609279256752,1.79947500902369,5.51467542843833,2.00099421940794,0.204397207314664,1.12449868232371,2.89302389885236,1.15093345988121,2.637501694951,1.30291124052639,0.964789039259467,-1.23933299302055,3.49521822251655,3.4363640134467,-1.9130835722938,-1.63542918591299,2.21738474595777,-2.60182467342292,0.989501965653036,0.599411500419491,0.977161722772193,-0.673720702926135,2.68445131079732,1.31727029101686,-2.34160646989782,0.053711807793037,-0.133602221058518,-0.892084202553507,-1.26040034650853,-1.23878322777765,2.56545964209638,0.245685211888668,5.0810594298591,1.79326149941367,-0.489713834147322,1.37766322633304,-1.02091539105808,1.41219235239231,3.85790621051479,0.0667944273224184,3.53627120650981,-0.756216930604829
5,-0.780856471227478,-1.4792888696545,-3.04139733669429,1.55356058488706,3.25975718445009,2.25243208691292,2.55376186125279,-1.22803912669059,0.225142470624819,1.29166534162326,2.42909515753841,0.833342049551784,1.58014707926429,1.16670939576007,-2.19942747378618,1.55673657429038,2.07728286253896,-2.12376959191762,-1.64495775445054,2.17006976485574,-0.534345436230153,4.16398771330287,4.36914750996458,4.06898532449278,-1.17508793115959,1.19302346246217,0.806671361016887,-0.506364869323454,0.849792573218337,0.972237543019452,-2.56331382694799,-3.27356467798877,-2.01695735322388,1.13990500417634,1.83531806189818,1.94343223759023,1.01112135255304,-0.885760564617113,2.40778683768237,-1.60021811948648,3.22200091476425,1.88251792754863,0.54791764993762,1.27354996475424,2.35130809741386
5,-0.321861537718929,-0.734189728590428,-1.74412864642771,0.989692294070611,0.574405105884817,-0.573201006859606,0.803766001662454,-0.74747279093207,0.789970856499755,-0.522490276897163,1.21475880498231,-0.723082933803366,2.51471512172977,0.729079930244872,-1.59786558887658,0.106967826618208,0.242516638430034,-1.06593935259768,-3.03793318806777,2.82460007103504,-0.354068349292959,1.4259520575842,2.08795140574281,1.35055716299695,-1.67137498351421,-0.576738060894111,-0.014191145252302,-1.46709823941246,0.575363640533313,1.59137099591673,-1.13348102979564,-0.699517438439149,-0.87227731742238,1.61205319973287,2.03094467762697,-1.18025815475708,1.01153026804665,-0.970952849508778,2.22323464824087,-2.13096826833195,0.604888070901067,1.5813148848633,1.83284759088802,-0.406980174921606,1.1898755787155
4,-1.52302926292985,-2.39567025762255,-3.12798772871588,1.69320308725565,0.284954988007664,2.2528042929167,3.16111316783487,-1.02261664710668,2.84562034867599,-0.0167939933867266,3.82088562764476,-0.0640368540536727,2.6762105263587,1.82302410396577,-2.50447003222258,1.81396870708541,0.0116032288861883,-1.25499695152266,-3.1326751353422,3.63071848937251,-1.47424484534231,1.66388486869999,1.85679526213642,0.40745343311643,-2.19290730300039,-0.159303219688385,-1.66099330603752,-2.08374914447047,2.31698810172827,3.19348741606095,-3.00205966829596,-2.59371160172783,-1.89305399099138,3.69364430465843,2.53652026576322,0.0500827373059203,1.23647893106183,-2.23022286874325,2.68366449938109,-2.27253172113809,3.5607518020691,1.38085911034617,2.2850107994036,0.96316737444143,-1.23483176585291
0,0.6308357485316,-0.0456083840542171,-3.39668707801687,0.270921463168549,2.35872877467997,-0.778037448213895,1.22205796237372,1.94189945449783,3.91294740979383,-1.05685214096379,4.33537912616889,0.31157418046064,3.23309053414743,0.360053367431272,-2.46191205340692,-0.183000309379382,0.518300268105188,-1.83010921253326,-1.96410848400734,4.67952970395981,0.616003512312868,2.71176358798587,2.83208260699885,1.98370068936197,-2.61041802599978,-0.299580251774594,-2.4029990308233,-1.18686114715248,2.98438544085457,3.58273449664104,-4.34094525076823,-3.52217212129979,-1.08165567394973,6.33603847864104,2.7652087704331,-1.15739389387516,3.23545158900642,-2.71907739106761,2.82577719640683,-0.548500771719403,2.27757598940799,-1.12288081289422,3.30986909781302,-0.981514988376008,3.06417275637987
7,-2.28598430815558,-3.19744218872588,-1.41921863995145,1.73220795950572,0.701816031239309,4.03224214249093,1.10651660660514,-0.526907563640159,2.75016077216863,1.57295925418935,0.136313120585553,2.03828773856049,-0.247526706863398,1.48074909167172,-1.88499579146251,1.64287299121906,3.0758106969985,-1.1830985189002,-1.8960286019921,-0.529854279010826,-2.11193959337007,1.74436753342865,0.430930462232772,2.51843939531759,-2.35967072829801,2.55678353407579,-1.62037987217138,-1.79253998741675,1.69421003855234,1.76918673684572,-0.612302723639947,-0.840795062488548,-2.02085348932599,3.38986405550684,-0.369110995535533,2.35950677009354,2.50325112384959,-1.62581168371389,-0.324857771775303,-1.40690443361995,2.50949114728376,3.33668978572308,1.71433222103697,2.14729582506683,3.89134106781098
5,-1.88192646925701,-0.716662856206234,-1.36325542312547,0.925905017994762,3.3350538793178,0.545722495581363,3.09971096946243,0.0602236991021387,1.26061167199146,0.321547704408239,0.0100712034425641,-0.603918311761432,1.10597273658427,2.62384042320564,-1.91222030579296,0.677711204918093,-0.814785798501328,-1.9221560921908,-1.21969057802445,0.669362511711415,-2.06534808410146,-0.0603082343204975,-0.647133382678564,0.653640144893857,-0.774706441317223,-0.994759190243768,0.224455140709124,-1.94143045872657,0.577479636305328,0.509072583128599,-1.12348452606661,-1.12310005111307,-1.63413918272716,4.21682020998119,0.557935682605905,0.485684293959174,0.559807246944678,-0.902026326997572,0.679355434559021,-1.05573852821069,4.26158875941419,2.31287723180244,0.789016767603868,-0.0968835495052288,0.482610937455405
0,0.0506554607568109,0.147652577148636,-2.08705786859641,1.33212209270962,1.51859564136641,-0.553198317158696,0.661027761528334,-0.07262330103451,1.21133941454456,-1.52739815795628,3.50094404784543,-0.577256861795258,2.24931928226614,2.10979878902808,-3.55765068526262,-0.975661959523549,0.302700003550401,-2.89889108590562,-1.2666559207838,2.93068860306694,0.241677608321422,-1.02402239979015,-0.483089281743117,-0.647264296822374,-0.931661259407047,-0.739246412344528,-1.36793511186969,-3.89184587378077,1.40956583972807,1.25235742469327,-4.57349961943243,-3.44349377035282,-2.68992927554506,1.70217540252311,1.85681040831975,-2.59331951083517,0.534180687813697,-1.15284686031835,2.37428011085035,-0.868143047666979,0.82248661872385,-0.593293460099122,4.42848553484067,-1.1809364954627,1.84129860957125
6,-2.7731424860128,-1.69867897048154,-2.89812944762543,1.26520141293917,-0.773945187934947,1.12346942295421,1.3172073816932,-1.2582443625118,2.80102113331533,1.05913306575303,2.18353910366942,1.62791310029771,1.94457802073086,2.52482546118086,-2.11266994111539,1.92596256480057,1.99915365809409,-1.13379337135786,-2.41071269836645,2.33744853673708,-2.49924330405311,1.4527201065172,0.874301044228769,0.617640218763538,-1.49278480406103,1.4951298606722,-1.30323899134072,-2.17181391762022,1.82633274910588,1.70655933682317,-2.24390157587199,-1.416775067986,-1.46429657009465,3.22889023142397,1.89372986106565,1.2290302841613,2.36806599743823,-1.77903880644555,2.30874327735563,-1.77375188314202,3.37467663863749,2.91545757381948,2.83942735604185,1.10812175749092,1.00034260075389
7,-2.82607908254939,-2.88979130161388,-1.86378787609444,2.23699413614618,2.78124690149623,3.76428183690423,2.42423921397665,1.08336078168289,1.67319274017727,2.00715143165258,0.730188753779506,2.99079803124814,1.59231126310788,2.40184724441702,-1.95844053564608,2.70792084886611,2.67516957592066,-0.836305131527487,-0.612571737623675,3.09310670166236,-2.73366609564397,2.25183503053066,2.02536168021016,1.8546961775362,-0.484061219605068,2.44789448102234,-0.220335878732171,-0.644779251153901,0.116052707409163,-0.100154156053078,-1.58765901851423,-1.46664152584036,-2.38025152989289,2.04291748630489,0.74740371025903,2.13597545530167,2.37846638652313,-0.33908579151558,0.826420040169365,0.0512353574082829,2.14503111767795,3.82957252573916,2.76594763778747,2.61457640247114,0.811833117376849
9,-4.91303890798153,-4.1180574137694,-2.15504179923951,3.25522213325361,2.190407998077,5.707346683049,4.10344538503386,0.490275587377243,2.1428155300921,3.80013091503947,1.47935964350738,3.84254517828679,1.25369926729739,2.27502918925385,-0.880513110938568,3.88724420814821,3.84282886082301,-1.89133478620183,-2.63355627535544,1.68956963171026,-4.64107615709624,2.05987003290573,1.3297670167339,2.95132793942054,-0.554502097487129,3.29098834791707,0.472231766276322,-0.645889359938389,0.380058585613116,0.704987897350521,-1.59143059761217,-2.08095390922528,-2.97219185435054,4.81246492642902,0.496576921870536,5.29523910858776,1.71244222856849,-0.498815264165197,1.12636299994356,-1.37362725899195,2.69701622574523,5.58639944550215,0.50488780230935,4.16275357837912,2.16877267482416
5,-1.24224626345358,-2.91424346992609,-0.386189931243074,0.893213939473344,0.211715426975163,3.99887796511981,3.15194775917985,0.576903524380587,2.13126555722424,2.85843735581623,-1.02853471316093,1.56332593757114,-0.240090244099421,2.49667726829264,0.187947104673398,2.67900963369873,2.6047406367594,-0.932559022335862,-2.29765396085476,-1.24200215635224,-1.2965127891259,3.80233738072559,2.934496118578,4.00945387917873,-1.24302161722022,1.87943161312868,-0.989339705887235,-0.780447275133639,1.29185715362667,0.982276763867446,0.871007312144391,0.250378665904766,-1.30776935760568,3.44813274057898,-2.25555705596544,3.1177431688259,2.05747829533193,-0.977975463227527,-1.1508351225765,-0.931211591983205,1.16194710846867,2.67862002333403,-0.776254358191588,2.46678954135841,2.65000110817331
1,0.717612780039548,-0.583291631508588,-1.57764442935345,0.706696085037087,2.98728586503589,0.959540933169352,1.79892190046693,2.1601851619506,2.66251345628217,-0.0745515849753554,2.6206776214481,-0.925733152226211,1.43084801779302,-0.320112783342308,-2.24297123281738,0.538863310326091,0.641236441938775,-1.7009165946355,0.364317206939008,1.83724004670884,0.72292742579515,3.47183048094489,3.47821741686396,3.17446543542103,-2.21707447108309,-0.248189714458738,-1.97757241983284,-1.02699006414402,2.11956704112784,2.6522371955906,-3.00407981191255,-1.8578385924238,-0.866699173484771,4.10419796640077,1.39940456752178,-1.45099044939378,2.45190742534955,-2.03433711682045,1.87844988464933,1.06737970427169,1.46034156470156,-0.269584287110924,3.18754225926331,-0.175257240414319,2.43281746741261
9,-4.65109086347699,-4.19904451040652,-0.926782305610628,2.62899778302194,1.45767430247438,3.81304454929592,2.53263561493766,1.1626854990724,2.52857882787749,1.66045598142249,-0.664774929655697,2.82868531292849,1.42536767859753,1.62598500873572,-1.44488921281852,2.49184926299964,2.85357762055235,-1.0747408305374,-0.528273763726653,1.50250411863515,-4.66022188934725,0.119070828013207,-1.27587583275693,1.68258528786272,-2.69811532257732,2.21922680325526,-0.704995897680216,-2.17817305453659,1.80955756246777,2.1924056915346,0.0712695218998851,-1.29954797201325,-2.32190162776939,5.85650828196673,0.895618017126407,2.60775923742798,2.20540265933187,-1.80634839001992,0.467012751466517,-0.532226477881528,1.36380222778545,6.00435523184147,0.486950955581897,2.43712903255028,1.06957204589984
7,-1.89590538522679,-2.68194816277342,-2.34056969402839,1.71049518467736,2.81762544627679,1.36624238632844,3.75755723498932,-0.541708497543655,2.82024131424351,1.66680322829976,3.60037176396168,1.37394834354941,1.30061523116806,2.44469082349526,-1.42968618861309,1.46360542798602,1.51831699573051,0.18979192851004,-1.80698189088934,1.75599750593071,-2.25337565601439,0.605033315747797,-0.0887563862168093,0.85159203279958,-1.71039948546819,1.21199730372218,0.0696109736029338,-3.90966837542991,1.25544306424283,3.11722692950552,-1.73601175825751,-1.20866403924292,-2.13165838664388,4.40367117513407,0.20281420064306,2.47207993057826,2.85227931620201,-1.67004263933441,0.958450124068344,-0.874116100104064,2.41093438918477,3.21597019880392,3.40087657734324,1.55584705350177,3.20410190269444
2,0.32307452296092,-1.12353738834528,-2.36702886548108,0.440719051625996,1.33576080286917,1.35352189770908,-0.768412032422302,1.70185868183813,3.72726549722806,-0.808272384461963,1.91916333203329,-0.0343704641192926,2.54433724168381,-0.183361047100763,-2.11073998479542,1.16901635935039,0.970054410985631,-2.66725365460717,-0.402432574904325,4.50833208715148,-0.124370638620068,3.06704119489397,3.01714949811374,2.51736206350705,-1.98758464787787,0.263716054444701,-1.98117703466333,-2.44009031311862,2.90927551518449,2.47505945838618,-2.48994394876748,-2.28487288485688,-0.761789002282919,7.23765059411963,2.87925391861172,-0.417093038784814,3.79155451552653,-2.15194580817881,2.81591752180689,0.460300903056423,0.788831036675763,0.433603600441713,2.43495348760982,0.0388032998595016,3.30552446882308
6,-2.32766283907301,-2.39460340024516,-1.66144658468034,1.76288287023744,1.33863883684387,2.07752356295022,1.38697322887885,1.41771078236341,3.519046100203,1.32494333544823,0.502124921989577,0.715028450669993,1.07301045273323,2.13962893300857,-0.737853216197636,1.14610297532556,2.36934783040291,-0.491174572709235,-0.69700555012807,0.400196344607547,-2.2887206182661,0.996554685391412,0.299599183841351,2.31218536126474,-2.77426317215994,0.848683958307938,-1.10057330714257,-1.89841445840256,2.54778699146092,2.53421642048493,-1.0520965187677,-1.66341243882271,-1.84503029451375,6.01406568328342,0.5059448184543,1.79620997978985,3.77329676423438,-2.59907014973233,1.83955263313413,0.220675211078753,2.96722626520696,3.21920932443522,0.440064191605515,1.16403696197151,2.251379244651
4,-1.17947959236223,-1.9408659671238,-1.75679907880465,1.23511039862365,0.426150525804398,0.488324726747178,1.00826625163379,-0.469938221645076,3.20275420452666,0.413451790182707,2.00304108330512,-0.139576879225048,1.02531086407721,1.44662133835857,-2.4441197659222,1.26263217581735,-0.121662794047585,-0.987472498371543,-1.72739348573854,1.93879381471245,-0.991307836376566,2.07814810359283,1.63820761006863,2.70335569272858,-2.77263793874788,-0.746340819718966,-2.32309623037607,-1.27309684735312,2.05635310021611,3.29193279071559,-1.91395089144028,-2.23448889380933,-2.13634198324076,4.85915348357903,1.27472704886037,1.12346329729258,2.19759746774532,-2.3458046488722,1.54908660793588,-1.1807807674402,2.41453390657641,1.62042005354237,1.88295385722785,0.654732835550735,-0.44315486395674
3,-1.73800179637965,-0.771110954503359,-0.64207706968011,0.595126039069297,0.970358709657471,0.675412170462419,1.52624370211519,1.28021842230106,3.60303947424918,-0.573657412790848,-1.49315805165047,-0.187186639809243,0.601822707937366,1.30861877086437,-0.314142774031365,0.704907924667424,-0.0227899849396122,0.373169908337089,0.216236021138968,1.00010001901618,-1.59921508705369,3.63893318170817,2.58576950240387,2.59019926318654,-2.77664052305644,-0.47308181385987,-0.932404925707976,-0.649248612571606,2.48642962359138,3.06901691073917,0.414875023368279,-1.60890373922851,-1.06189122457406,3.42604560695706,-0.0308519261659345,-1.41238952574579,3.25922340952465,-2.61244466163336,0.427902697886171,0.395313962141125,2.29199329978735,1.68756146855238,0.30216964287791,-0.443072701450523,1.11251299722633
0,1.18132716768257,0.0259996914113133,-1.91968114458039,-0.207494795630588,2.80063082149614,0.974609630328658,2.07875751285759,-1.2361297434388,1.26470940734916,-0.0535015726174157,1.42684540086344,-0.0050174925122971,0.99704485190235,2.02594591047697,-0.856569978269923,0.0510766256899052,-0.0398845423900858,-1.51754502400563,-3.38177096368214,0.176305240108692,0.981951689704334,0.962553266765928,1.07307655531879,0.337362310586431,0.149548592110786,-0.537227688465272,-0.735663499142863,-1.16688355298613,1.1514648230116,1.54026117407027,-1.37151527196984,-1.17159103438022,-0.738224651389732,1.91847444452018,-0.18969005084466,-1.30300063560304,0.683832197402254,-0.587525936112513,1.18875000915738,-2.54328987771836,3.0089753689961,-0.770502388983786,-0.108959711292467,-0.463599415251947,0.0801548568850067
0,-0.567419431871213,-0.407467656174587,-2.65289960839055,0.490202636561218,1.69368991853705,1.73934810771014,2.87781403326082,0.824323238552051,0.913326506254687,-0.0232233453329804,3.36666676217906,-0.36979711812565,2.27564473096749,2.18071136889646,-3.19660428759953,1.43528870299601,-1.21608249572396,-3.22075969408364,-0.705514558100828,2.72133892118795,-0.372359940411706,2.99687072984945,3.7996782877239,2.23721854682087,-0.326633620271123,-1.71268161880896,0.225684296375165,-0.237904612064105,0.420909713588017,0.767350160450067,-3.06931131578515,-2.21863277738702,-1.60416577680351,1.44119814703354,1.52901807025154,0.0907474320376047,0.819961318828382,-0.741943739267576,1.40031801811622,-0.502401542209536,3.03579224812852,-1.03124613520898,2.84289708624619,0.445909249701635,1.83807877717039
0,0.0033527067152752,0.768718415129129,-0.934032021870186,-0.638020035629675,1.47354521252566,-0.988095141672046,-0.915676764760854,1.62909299603394,3.1669019696282,-1.88419894474107,1.05425211498123,-2.83158815387215,1.47093242110638,-1.03854737702047,-1.42373509763306,-0.174384368358661,-1.67524961082748,-0.16451853309585,0.961751588066566,1.22373323628163,-0.297100410849656,1.01918217143213,0.445428959676637,0.415036936461886,-1.91948403700851,-1.92547809942072,-1.31991471424805,-0.525151596497303,1.82388286402684,2.49309405295618,-0.273485453682152,-0.359337716649185,0.0095138444082355,3.88080349663456,2.09176141890254,-2.17012432482679,3.18623154284335,-1.97887403068759,0.95952415680144,0.72738471784393,0.0449272604382482,-0.747140549390711,0.148567473855306,-2.33070536818104,2.36325830795237
8,-4.01207436389517,-3.14247268565868,-2.00069179238031,1.0920295290535,0.705713651059874,3.02364625448288,1.52533261035759,0.277081956444753,1.80835075419872,2.08240327211722,0.840938339711893,1.56732744743554,0.706365655124352,1.27373551801674,-3.01518439018616,2.97873999532556,2.94339848838489,-1.82434178589451,-1.00082443869739,1.15958494347136,-3.70614313104526,-0.0901231009444505,-1.35671226365165,0.736679983831529,-2.3719271932848,1.93643308216215,-1.38090979659892,-1.82798304661676,2.00116537322798,3.11230048581389,-0.652860602464582,-1.11366430812235,-2.23787062303366,3.65025397562604,-0.0037526368893824,3.22878080782698,2.30300582583536,-1.89452341664152,0.0539234756259817,-0.314294884400492,2.4528320620773,3.34055470083505,1.841725492336,2.17598634035421,1.32187435631209
8,-2.56443260622993,-2.67131223929453,-0.209805508141862,1.33831026959827,3.26382545207669,3.1920038926428,2.08632058899294,-1.38663270072297,-0.339240181900447,2.80055871988779,-0.999122294131134,1.30607477677855,0.209794597830061,0.802844581177547,-0.681229333063841,1.77754593567064,1.41461534848744,-2.08961271435494,-3.52414829869243,0.55493241574461,-2.68059968071674,-0.556569346346902,-0.925438957480414,0.511037757570663,0.633887040572619,0.821037871578601,0.900016747572014,-1.53688057025025,-0.92973951016237,-2.55221889167601,-0.259124925020629,-0.432589403236503,-1.68884200708078,0.721348659902354,-0.386682631262094,2.61533121145069,0.166221744165457,0.334286668120034,-0.345891112261173,-2.76862612105415,3.29749908159279,3.72508642308402,0.950744691152043,1.92042732117675,0.742095098685866
8,-1.67286757337934,-2.33780466951971,-0.56780340461768,0.456153904704011,-0.206539393474157,3.58934047753305,1.0650925939526,-0.144058555546444,1.39404509592218,2.26684533892459,-0.495284867732718,2.2276446527114,0.195790925311671,0.683610626072879,-0.320803768506562,2.80574281973623,3.38278344209977,-0.950595594592074,-2.11668503773478,-0.440851298110798,-1.53307146285768,3.47589229838061,2.74231151162679,2.69493694089974,-1.28294870957017,2.39267953232508,-2.05242020536288,-1.87195255909082,1.38760279860967,2.42254639675741,0.898692481218421,-0.286091076430923,-0.928832672061948,1.15028049331637,-0.139103247577679,2.95138369313066,1.33924126523205,-1.18187259381138,-0.623263023753491,-1.48310476221021,1.98783978111517,3.2904908302186,-0.647224629763106,2.25493470282548,3.01037655787121
1,-0.0090477492845631,-1.22150393695525,-3.03788573153049,0.917415380617549,0.972331024984068,2.75421362320097,1.13328324745467,-1.48216940637186,1.63884824726923,1.1280458174173,1.22928772616253,0.718069549302627,1.44457523786897,1.07148040287705,-2.84197191923822,1.26984383666359,1.46435267483279,-1.89474426978755,-3.62677029685443,2.32309027217625,-0.304415224282088,0.264088285419982,0.175964460633631,-0.0139849785185431,-0.835551426108076,1.18266297249597,-1.09457892457577,-1.88720000508428,0.784743717230541,1.464252608714,-2.52001588830424,-2.72945649286704,-1.89135459021628,1.83901567764917,0.720424035604065,1.13008621073965,1.17782281639681,-1.00982985091909,2.12603932480706,-2.57234624442424,2.57125706387356,0.592547336518552,1.64706524230216,0.836655353929727,-0.535662568068249
6,-2.50310732121496,-2.4750062566028,-1.65740428978502,1.35292605891538,0.743968443055999,3.48064562295083,0.850709919334241,0.524146540732921,0.321480338539595,3.17006009498131,1.20833426825475,1.92614598044068,1.65203114832802,1.43063139245466,-0.477300390722639,2.41080564392539,2.93287827918853,-1.65334135474859,-0.671290404496224,1.29558589600269,-2.3846635372226,1.84320352552374,1.63076292874093,2.01821090691851,-0.833923915020886,2.10614436554025,-0.525633285955123,-1.18191183154615,0.40512168209196,-0.0115531971894557,-1.01829510920956,-2.70226567205413,-1.71891321235989,-0.306987541010524,1.6546532482257,3.21565939498179,0.631985216149982,-0.563674928125606,1.69576617746074,-0.18107674705811,2.03116343838141,3.41114273210365,0.437952482199012,2.29356121414462,3.184333749001
5,-1.82841912537079,-2.3691234572769,-1.190682178712,1.31383914709201,2.78105136400164,3.48402295152346,2.94702989843856,-0.085071101344995,0.496915551552399,0.730478423398844,1.70651316969755,0.780692350253974,1.73135342983808,3.87012655492331,-1.49921587065381,1.85195440393059,1.63504149533038,-0.180670623125643,-1.67437090504652,2.92587701025012,-2.20534540188158,2.24496120669833,2.22154888110026,2.92943201714324,-0.467478643760353,0.807402377984708,0.260077968716717,-1.37288476200216,-0.202616952014609,0.52083939961137,-1.30752654361964,0.0267943923593941,-2.11727453018503,1.98872773924223,0.365586491953824,0.999798554355589,0.811311589367918,-0.915878672082884,0.598778693827999,-1.32233864007427,4.91892192559077,2.22297610783451,1.49422386594735,1.63896789288252,-0.658267130650011
0,-0.395514360291164,-0.305644605765134,-1.47451135468421,0.393264398558184,0.960974675486097,0.545700817697836,0.571302008074841,-0.386459384958687,0.494198413116063,0.275853465123824,1.44370547456563,-0.747996742938389,1.01107600417876,-0.729516305680119,-1.99062459637161,0.8213574457013,-0.30414839628506,-1.5128242029443,-2.84765509472756,0.657446473272636,-0.873285807375713,0.46253470884845,0.62433122380922,0.899049422127539,-1.04121746226688,-1.27902852079883,-0.379788261323189,-0.490035905196994,-0.0415011093454691,-0.0221939218912885,-1.89723049604427,-2.09554009642057,-0.577852252381307,0.601275972409574,0.509853311242962,0.338920138791458,0.917745494635847,-0.251069357412447,0.432431950947788,-2.00122345437418,1.4318957513215,-0.186376398794475,3.15310559205519,-0.201996291953244,3.18513965452812
6,-1.34498696414954,-2.61510730218946,-1.55615174485162,1.12778524951391,2.79396898528121,4.08052037781177,1.79523892742444,-1.78087860838361,1.37045654235791,2.6539855106877,1.21262732443429,3.46562246979332,0.30118751238548,2.77133251333119,-0.121202275185877,2.80727689571158,4.02296836619164,-1.02849779452633,-3.61831261871818,-0.15161421805538,-1.98800771450052,7.00992543058569,6.56924745406413,6.71462214594107,-0.515521663860401,3.61113008378259,-1.33875464016791,0.623488104137825,1.62789891218954,1.41661723104742,-0.266436956629237,-1.35022520911409,-2.69298355524938,1.57563505675383,-0.703555443698565,3.40657713707826,1.18849580412054,-1.01648460222776,-0.553255105063466,-2.91935650288766,3.39239372622555,2.97122588217773,1.16926294769959,2.75989282425661,3.55745923993816
7,-1.23222587136569,-3.35619376624159,-2.54236384782377,2.2030109964323,3.55415698980806,4.50842253007705,4.48969532030403,0.592064602050394,0.527132050179536,2.88040940277168,1.87648260128194,4.0770560585581,2.56965615883655,4.19353738748199,-2.90947017840219,2.32448653294209,3.69466032054214,-2.5116539713958,-1.94990411933289,3.75145754586527,-1.19625290605457,0.827952605820986,0.855698124959134,0.481759864660189,-0.412227373714505,3.64427280682726,-0.849133642264647,-0.0148219884034911,1.16418169007821,1.56008166887361,-3.13870967963549,-2.40087659643532,-2.52519773891996,-0.263974437872057,2.31741739613295,2.56902326191387,0.77997167380112,-0.849788060439669,2.115011717548,-1.06252218901423,4.99786676319345,2.7355031476895,2.70895941194102,3.40483799571808,3.29934492849496
6,-4.17852616190916,-1.70249627357413,-0.643131761894429,1.64488782235753,2.38423353803202,0.742119972794993,0.759719484873098,1.59082101139573,3.20429356321881,0.552453410160339,0.603868179091408,0.207347768340201,-0.413300879060017,-0.181936085310577,0.221134159968432,0.633295581183183,0.454225429083731,-0.775627268116778,-0.703245273235871,-1.50346424699539,-3.99526939609752,1.82125706178646,0.460841663203819,2.02122102405676,-3.00362388078272,0.223238456234558,-2.1061266593695,-1.43530129734385,3.37694827337869,4.00581068409522,0.521753013471303,-0.300088896093732,-1.35061738814604,5.48561212802726,-0.614731272911317,0.586558407345966,2.41842886610903,-2.70959574686858,-0.782951464344287,0.0978607616933618,1.4457354829532,3.92670008298222,-0.868397560560515,0.215318631686908,2.25941973124318
9,-3.60855410957605,-4.58925917185275,-1.53324012653329,2.50000510219707,0.640842988817338,4.81762502990626,3.08854865037897,1.94777896075902,1.61942348620613,4.35959156368926,-0.250040174615367,4.36333290292205,2.13773821001197,3.72260536334282,-1.23111201568813,2.77394000455095,4.98852736161266,-0.876615901221484,-1.06881060519632,1.72743577612055,-3.78239824748883,2.95251008578647,2.43237472535391,3.52811556614944,-1.01436458003752,4.57038832510594,-0.736333055412462,-1.72767444813282,1.47785748451213,1.13815030560288,-1.3678616338996,-2.30385830792548,-3.05956366339247,2.86038799458113,0.907341152317657,4.67928359191012,1.78928367365027,-1.47623396952081,1.71736948443194,-0.17123642084503,3.07816996549394,5.30849452436411,0.528536538087246,4.03207724445222,2.4114517175069
4,-1.0401616935215,-2.68487164719209,-2.63588312276873,1.67322340487558,0.0550321231270769,3.31319379292372,0.990799513218798,-1.30811144673381,1.83004400686689,2.08767726599555,3.85053863841968,1.34156024947348,2.08603472566685,0.565689430961095,-2.39661524073201,2.52064695883178,1.92515433116544,-1.87468883871737,-3.66730116262301,3.1369039670458,-1.55736812781891,0.625456273506114,0.682841077780294,0.637156747459475,-1.57899157292608,1.52496264216248,-1.72135078088458,-1.45794990257265,2.65457055313227,2.30788645859444,-3.32563401552855,-1.69138647206144,-1.62207551714513,3.16204807843064,2.14961551479271,3.04409337362399,1.75040068220951,-1.53894034913659,2.38824765083774,-2.96438626338102,2.43152844526691,1.78192847836425,2.69050702524493,2.25537050491568,-0.869811670264193
2,-1.23697479559568,-1.47422893100138,-1.76480252197321,0.834956400401072,1.41264447747871,2.1458253120503,2.67014879738852,1.2390791771161,1.15386511583666,0.369960927144435,2.15316604983946,1.15817432021776,1.87787565510991,2.64471564523992,-2.6531995652333,1.23870891098112,1.52751368836529,-1.12222517738531,-0.419207984909309,2.7943218861568,-1.09718161001145,3.08965670587161,3.21191538823654,2.08553447891091,-0.80849198092241,1.26151480452822,-0.019907111485191,-0.382446740696041,0.525984854391934,0.710896952176274,-2.44459179435778,-2.78292170907826,-1.85185119024625,1.29797783356762,1.53474478349691,0.58352765060903,1.00772175452139,-0.514992180722101,1.55300031730935,0.128935837741509,3.27352149826534,0.803793559701775,0.887785639028449,0.905321135673622,2.27009872861581
1,0.239986131227752,-0.938596285055542,-3.07974920402707,1.22620359571015,1.48726097531734,0.424243440709287,2.65452370770294,0.0035018003947391,1.63289349686496,0.599796328123553,3.50922773376502,-0.358082200854492,1.47702365815326,2.53525946742068,-2.17209229929224,0.882885378899416,0.536622169318022,-1.09820621383042,-0.413703034933262,2.93347426392339,0.265489089279528,-0.0794590288571927,-0.267429685694887,-0.13639820727095,-1.69633582977332,0.258471023243689,-1.71351060941268,-2.24556968269629,1.52584904337998,2.64646919295236,-2.73378227166095,-4.16740130264663,-1.86369490115942,3.36695362898111,1.15924243389547,-0.242932514289313,1.00661558192625,-1.76152398801732,1.75471547501517,-0.201687865476997,2.71973460691248,0.322784770504257,2.36263030347529,-0.166932464774086,4.26781497766525
5,-3.46025524612414,-2.97795288441014,-0.939096784532869,1.1340575395135,2.11445092109039,2.46527389781382,1.79204660930965,-0.154280319816781,2.53649117075419,1.8002801092201,0.0596499010742384,1.32983227800136,0.45557313125732,0.680221284034331,-0.0996140079017486,1.35716891447783,2.17984133828055,-0.859967565928567,-2.05055314148317,-0.767922739327534,-3.16088516982415,1.06449375804322,0.137912611542138,2.50558227824732,-1.65195904331507,1.40447743934035,-1.94799085079344,-2.25970322210709,2.68802045042816,3.62092737841433,-0.0313065141154063,-0.444763089509072,-1.24900474409732,5.24606334553353,0.308632213008098,1.3451421155318,2.4028443858394,-2.22049679448563,0.215151117501284,-1.32893959405629,4.91034310907593,3.09740966664471,-0.396125787578608,1.45136843090633,2.15882169871738
7,-2.3927048028514,-2.29910740857398,-0.964839118640979,2.38684604580096,1.76857124087258,2.80774632315698,2.92885006917617,1.10119464576988,2.44944412002686,1.71582038831437,0.778323798164059,1.92582443921608,1.11023563403016,1.20726187835472,-1.29862030845934,1.79048129180031,2.24685230799001,-0.116917504018535,-0.006201150855348,2.71838037354267,-2.76180045339164,0.715144992913971,-0.180153719718757,1.51318788132066,-1.99443628519862,1.87655189988527,-2.0439235289091,-0.916879749788815,2.24368093398031,2.1775990941255,-1.22611605575997,-1.82525969429279,-2.60326040039449,5.08688535757855,1.60008102702763,1.79076749968606,2.34224884470204,-1.94461696028296,1.83007616396219,-0.0226654966104018,1.8894307842254,3.65773133962959,0.535159816356641,1.84498148535922,0.876303103528513
5,-2.93590475781239,-1.5225407924744,-1.21276077774729,1.10299748213917,1.44007788166373,0.397884639387703,3.27411971911971,1.43845377991229,3.35091568226861,0.0841412188244828,0.413565220501083,-0.815677603135571,1.07334731356078,2.83202940279413,-0.698372064937745,-0.0185390425953714,0.305539193906513,-0.410623584261304,-1.57701702049434,0.862633200420192,-2.5320994665751,3.34154500982443,2.64870750403737,3.69523220599379,-3.17799235453555,-0.318744974703545,-2.44731926788437,0.319338244816069,2.77767875880728,3.94546525964563,-0.156850240868217,-0.867196351474815,-1.49569366393745,4.79850922670188,0.156804083421635,-0.533301249865321,3.43265171900813,-2.86548964619006,1.43080328059752,-0.354234707752738,3.14562702952361,2.2559857715322,1.21643330158474,-0.0352564362353182,-0.135150676597417
2,-0.360860413699532,-1.30704677916757,-3.10121450847309,2.0669408626041,2.7845110591384,1.73999395135753,2.16935650093095,0.268372835461097,1.08536046569078,0.194642664369665,3.22091468179156,-0.384194651183023,1.47571244950735,2.63455035867084,-2.56115415465042,0.399313948773617,0.627470507115803,-2.82372056205977,-0.8282501517411,1.96142687235682,-0.504776943830762,1.05586146711937,0.965990519062407,2.0413531886986,-1.35863226344616,-0.565419302789707,-0.919263772560106,-3.1134925511875,0.374450219405162,0.387442619841784,-4.180935419938,-3.72672265125934,-2.7043039488358,4.49618653289243,0.408501487084918,-0.85171206723966,1.80511312287203,-1.15508419245941,2.30389630367976,-0.242109948892995,1.74034952865766,0.742240998324126,2.38419725047256,0.505149568709421,1.01939569990452
8,-3.00726013298183,-2.1175005857536,-0.636400446895803,1.58634284556168,2.70430061653561,1.79790001539294,2.72227742218657,1.0790481312372,3.08415634410349,1.22689878248811,0.0484579934757153,1.38559163201748,1.64511929174955,3.02601095734117,-0.427444715842806,2.40324409896396,1.33701446093384,0.0812064046088972,-1.42266524833581,1.84643043680412,-2.45788244829223,-0.559155517674116,-1.52886089497264,0.499166059961797,-2.02473473218912,0.382284869790482,-2.13538993770646,-2.69170243258044,2.08220601765166,2.76297259233967,-0.0306806821475423,0.62702939344951,-2.1625810597273,5.72923629112468,1.3120702868937,1.3706221209631,3.34913055346962,-2.12639973758314,1.82335618946643,-0.570933695143657,3.18339342466338,3.75857957357915,-0.618734637304433,1.51904855648608,-0.707225490939302
5,-1.80899416628938,-3.13901732363206,-1.59527170895481,1.49706451444541,1.07599093228781,2.16224639917615,1.1350367959654,1.92096312010337,4.10944941645334,1.52792192289617,2.11026109379991,1.87033007581439,2.10284146325981,2.41140524560681,-1.12848055004771,1.65016924392128,2.1721597669526,-2.54468443903678,1.1703144889678,4.59461303364088,-2.01588470831526,4.17716179126667,3.48300433557834,4.69071619434741,-2.96388561555366,1.38893559690847,-2.94258966353776,1.27391026187801,2.78702454201222,3.39266495687458,-1.64645840188289,-1.26008104949249,-2.19670306610978,7.11895114024926,1.94844792878317,1.8263071409536,4.47933225275459,-2.68605043291164,2.09963504087822,1.31521351908496,3.44955182677729,2.72397360255558,2.11788818290594,1.92759352387364,1.58708655953848
4,-1.04677454420153,-2.57151316326942,-3.62981590316133,1.17406749009402,1.94852122763789,3.79136741748426,1.74092277024186,-0.688759044626345,0.239610836960031,1.95445246620188,1.8308973689824,2.62041343741831,2.27583778973464,1.01410160859684,-0.78600449283637,2.08555703041693,2.73486305309693,-0.568775439828818,-3.12675399974887,3.53797515589134,-1.12070532290716,0.793038114815533,1.22291357505968,0.737256990125557,-0.192087743509125,2.4586206561986,-0.075623675933618,-2.1691632764325,-0.706509385049645,-0.69647882979746,-2.19331427856506,-2.72667358038731,-1.54800282820975,3.08998821854513,2.11812114564825,2.1190275801784,0.701635067774783,-0.131031816044931,2.06939846760671,-2.38611882709541,2.86118515997657,2.06832355450773,2.84395454642887,2.41185081177118,2.58721633219453
9,-2.24366445367905,-3.38494440732547,-1.48982904512054,1.83631936402377,2.23434151216374,4.0217856075334,2.20039264584888,-1.49416918265523,1.42844084066965,2.46782407776118,0.898347500207974,2.69592240957744,0.795491883539622,1.28054231932358,-0.876576591210863,3.20055738278595,3.06103302924838,-0.100547045201923,-2.92252499578735,1.01714442767025,-2.38796853660453,2.68182619826441,2.00949165426847,2.91729988990035,-0.98751552015928,2.54542406442095,-1.22116549925442,-1.92509432234441,0.670203504196422,1.79628307566097,-0.174202644437351,0.802243749279345,-2.39849840833964,3.27013393473644,-0.116123756411739,2.79857534194986,2.06778974124187,-1.08507470703042,0.202539915254128,-2.38857183880832,2.86672032704161,4.26195574071847,0.324732037863514,2.92498324161153,0.704888793565787
4,-1.23816389909385,-0.122091817782829,-2.02766406049997,0.810753623668824,1.61220709537984,2.34346423282932,1.17612703594638,-1.65505673055875,0.897292178559867,0.411212771099062,0.417302839436453,-0.155371969225183,1.43984358350409,0.570510398885957,-0.481362875934465,1.44354032175292,0.26290986268136,-0.760291973237555,-2.75761905614517,2.33232687713949,-1.45274624727691,2.41002401108665,2.13896159210977,2.84594724512946,-1.01571869817235,-0.0287539582844134,-0.568712235484507,-2.37170368496437,0.682677904268645,0.605649215806441,-0.328844989634236,-0.92132401178072,-1.14602056645875,0.766856006864472,1.59005345127164,0.456197514126727,1.27640879704233,-1.1561849718478,1.79464554424433,-2.16851572561116,1.39696018982432,1.78594538200499,0.531816287408368,0.459933682843246,3.86941309646367
5,-2.22768304299189,-2.02549077614286,-1.30380891157117,0.998885428989839,1.12948602543166,2.5509416750153,2.47383803731589,-0.162237492002392,0.83705673992361,1.19658474474064,0.462266921004332,1.70903005193245,0.20569924648182,1.14641421734173,-0.968438133640076,2.21047863288224,1.27864170784681,-0.501499533995657,-2.20570950926529,-0.50131280663168,-2.26528283898946,1.39747058533637,1.12865164646287,0.108908147629233,-1.29131776812198,0.981858808456214,-0.596467831519412,0.0614515283185846,0.355259924878935,1.80118505420435,0.514423482362803,-0.117302476411184,-1.09110836647886,-1.19182394038722,-0.13874101065786,0.906018708457623,0.580438703956333,-1.20056061277185,0.0413987453124985,-1.25258671943301,1.71544741822702,2.20087082715758,0.218164971946244,1.24644608966519,1.14902565317459
9,-2.41822164342362,-3.98359136092405,0.162408571336573,1.78723868985669,3.62220709907032,4.41614438804439,2.24361805185369,0.949937907103953,2.68802160049001,2.50650093049075,-1.7426049721539,3.98358378488832,-0.200786942532783,0.312645172552245,-0.0959877396022422,2.8934580961628,3.72634384671388,-1.43591030631383,-1.66900716922095,-1.49369483426076,-2.13531207078372,3.24100317786737,1.87652119052361,4.93950808474762,-0.928272647961683,2.95625549187419,-0.78225723461833,-1.46422915404934,1.0807694030217,2.70146415545859,1.13005552771912,-0.0581046408731677,-1.20193586490327,6.00303345499531,-0.0785785789457897,3.54055349865924,2.58038115452738,-1.05926283563192,0.0404442078956876,-0.617268026337846,1.53948209154825,5.24240870885374,-1.08799220905045,3.02232015344417,-1.13710753689762
0,2.6870302168511,1.806538491319,-2.07997069437232,-0.146820882317011,1.26228340723486,-1.12224448925974,0.226992357559822,0.0604701472121096,1.47699729103619,-1.40783900670115,1.27170916725021,-2.81228492662615,1.68901396972037,-1.03293866556767,-1.16235150247901,-1.65601309470803,-1.75771809155495,-1.77163488339992,-0.884813033589236,2.65416933290776,2.53961677582268,1.65913431414584,2.56721567407921,0.395003920046007,-1.1443849037781,-2.34442242781535,-0.812723937292313,-0.098536679913557,1.40402983194631,1.49919975134987,-2.30061866639921,-1.71000935942598,-0.40874638139249,1.64547827822646,1.70474056759256,-2.43895414773827,1.63321172845415,-0.81320586879102,1.22659381033811,-0.596468433220655,2.72365390827289,-2.01442214092131,2.28200138954834,-2.48252224774192,5.04429135972014
1,1.62139358087485,-0.656673798648638,-3.54927651110771,1.52897033845594,0.405800205814257,1.74211941543331,1.89008590893746,1.40240191477798,3.39715812129445,0.27450298339216,3.56399008980693,0.3617728111168,2.25592890756445,1.52663088210219,-4.47829194490878,-0.0148012101804066,0.932860796387838,-2.88803291619671,-1.37642268154568,3.6689371186316,1.34929442698953,0.879248816643581,0.804716382376956,1.24008579399903,-2.46856978171274,0.681380429307787,-2.72804030990127,-1.18186759523966,2.93269752463793,2.75875754628979,-4.24039021214226,-3.22733949347783,-2.7603095765873,4.65837151127999,1.677215253699,-0.737236420017553,2.63795858144078,-2.62010858299854,1.99798417367997,-0.830956012068782,2.52893246107276,-0.684026615821609,3.69079612198246,-0.0556889831491511,-1.23641073818836
9,-2.00120988811584,-2.20490984703382,-1.47820194688885,1.71032122483217,0.267913946428139,2.87724401327935,1.81177266824357,1.06486302756314,0.59329468027467,2.0055202671017,0.887248349262968,1.3227251607791,-0.22146048472853,2.41159762150246,-0.902335967393617,2.07121222934097,1.23095044840909,-1.41253912201307,-0.270216014607043,-2.00795740740156,-2.07648891899924,2.99061143492415,1.56321800442778,3.42722868138792,-1.16597712328924,0.922919490365605,-0.21499071221748,-1.51546657181461,0.791802313762612,0.803290772342113,-0.774105835845877,-1.45251777345982,-2.13279213360434,1.88972446495556,-1.48462130880737,1.71254537673739,0.739176116871199,-0.755010640617991,0.0504190619226547,-0.0015079776172572,2.71071924847384,4.71189009119354,0.916226030177492,1.51988099181387,-2.01344138748646
5,-1.35499455477201,-2.41823182545997,-1.67168412803389,1.07782690578789,-1.56636382690429,1.85763836640037,1.02099492591862,-1.17618784598846,3.6116487727085,0.0641482662440097,1.08860615481832,0.899423984263662,1.57272345875436,0.723955966328246,-1.25671602631533,0.269904778080461,0.976761687486351,-0.69856391800935,-2.4808762118413,2.97779133541659,-1.58883701709412,0.0857986326958119,-0.439993106004338,0.203990242914272,-2.1583027436107,0.594153066269601,-1.23162991191898,-2.64779417006507,2.00579659726732,4.28245306903025,-0.911763117618221,-1.16049413864481,-0.805048921889703,5.90154000207114,0.864581845782339,0.368942090969781,3.0576819219063,-2.59638024156756,1.30886458514607,-1.95599498520851,1.72949106681321,2.15131329877807,0.50412250416398,0.505766902103242,-0.150272029627026
4,-0.850978747778378,-2.12692393061796,-0.658026571178405,1.805642515931,2.84697885234645,2.77538763799235,0.745524885594398,0.898688783137821,1.05468952618113,1.23707195243756,1.16702240746112,0.463164612882407,1.60711701666272,2.25043265002919,-1.99325797200154,1.69813953126464,0.403740751944313,-0.460106845157683,-1.90794215980488,1.7067457656863,-0.428106762545733,2.41370054711606,2.44839967918985,2.18805276367436,-0.825951222136342,-0.478452981021599,-0.144614047856046,-1.58202927378971,0.941216509642093,0.500274281362512,-1.3805156574576,-1.42758100364924,-1.70108123992861,1.85767851705923,0.776421069804534,1.51320733449333,0.765996425160099,-1.07940865669308,0.588327096347922,-0.870438504107517,2.1533560235546,1.47903500639145,1.41499357813274,1.34942131256483,0.860765306215888
8,-3.24087367161433,-2.56240972534202,-0.721101225860205,1.38283108075018,1.34916137773694,3.27360822257881,2.08719356598136,0.173747384401438,2.16614691978717,2.12929362152624,0.90482509582943,1.98674195301229,0.0169555887811008,1.20198265599386,-0.533569527078326,1.21622558221834,1.88975810847058,-0.0349566912172542,-2.70075504927036,0.18969436516341,-3.39777529771511,1.52294177855679,0.511495935174032,1.69284868513081,-1.29298466259098,1.21502500022228,-0.293064724929819,-1.11185311172527,1.38236168264308,1.69537787936792,0.227877585914211,-0.183077314472113,-0.897369956680349,3.42941374324177,-0.703901525623436,2.30070179630197,1.85550017393401,-1.58729573088698,-0.284665276033956,-1.78622569836531,1.40826866516806,3.93610354378131,-0.955874729435399,1.6849940102176,1.88425863230498
0,-1.87531726894278,-0.201589231666848,-3.12977261820237,0.883055467681232,0.847135946693721,-0.309270849182409,0.96027030005395,0.335923342708729,3.5022107177227,-0.948660269301317,1.66307566893643,0.0232241161618569,1.82800869845212,1.3922892073338,-2.07550587813689,-0.0834836815627117,-0.0331870141197282,-2.81138516941175,-1.95757769835577,3.95073763601841,-1.66199497585226,-0.45586075988461,-0.518988624856941,-0.557755686735124,-1.94027800090315,-0.354628081596032,-1.20780731653898,-2.30620183570968,2.03962009864795,2.44945509503222,-2.38662850493582,-1.3417769800659,-1.51562966659945,5.45129496949408,1.80941022143794,-1.40120492133119,2.39886802945269,-2.21382169425421,1.97672353028743,-1.24748202564324,3.21738443450554,0.499752256170495,2.562844990387,-0.82850605451676,3.22596898845172
9,-3.6169931690317,-3.63374618309417,-2.23628978261744,2.5660614562719,0.413120737350863,4.16620341504536,4.55497843257723,-1.76642584632875,2.76317422796286,1.98757802854004,0.968674681061831,1.92223564116512,2.07014395099811,4.7500137361244,-1.43422918678684,2.50119693671444,2.49363726939344,-3.23955298078862,-3.33972757061201,2.79621133958476,-3.62110192503402,2.9074637703192,1.89779639205069,3.00179030009442,-1.39862210761025,1.53923577971976,0.154485328071972,-1.38973627416918,0.905812425692342,2.26657898529334,-2.23534782493059,-1.25475198710265,-2.95798405679287,4.33313543522419,0.773543609690408,2.0860570432025,2.91167360006868,-1.36406141737324,1.51681169828858,-2.63384387972041,3.37936024429296,5.10424849175397,2.70520494689831,2.70809010229035,2.60484037207633
9,-3.90269644267239,-2.94524049446165,-1.21130875337877,2.31639535786033,0.81328831243149,4.76665610637234,4.30451816834316,-1.24377843916177,1.2482460438183,2.1052601034801,0.663116619371033,1.51099311747882,1.1453845222602,3.73574135617477,-0.711707277613441,2.17808973309301,1.39822838907404,-0.35844297942983,-4.21465969813439,0.829796409510733,-3.95197876885541,-0.253893796374232,-0.805357557918875,-0.356407382149812,-0.264205999051785,1.4115814737131,0.728187687771496,-2.95487418513867,0.0051070167482318,1.14407077695094,-0.544920708623916,-0.620915085795934,-2.9538265978975,2.88628945365711,-0.192971201039495,1.87398136238941,1.41177832028587,-0.128142189666671,0.226141275196727,-2.81443567116944,3.65470940793743,4.7507063973118,1.21433322468747,2.5594657385753,-0.0586844280024715
3,-0.151850418776178,-1.49303317865836,-1.00110381450153,0.467115083159453,1.57666640147084,1.17388846094649,-0.572787010270196,-0.264233084725276,2.05056849523227,1.201719806621,0.23494740722329,-0.758323636881205,0.659851952228291,-1.19428435860762,0.0729923186800127,0.938012929428161,1.35506003511783,-0.778969937013291,-0.668544608015902,0.952374310485329,-0.315359051320647,-1.61548581114776,-2.2529271232532,-1.46190389507683,-2.0730416779709,0.261211653242471,-0.89380676641209,-1.66519076767714,2.9394458747549,2.45745658497822,-0.135043893452153,-0.170321308404899,-0.552247583225136,4.96550291526623,0.829231452019576,1.75045601880754,2.311150818644,-2.51156831557188,1.13867652945936,-0.536661864271255,0.574546939087645,1.30101243060782,0.312819469268813,0.392829406253205,2.47906457841924
4,0.449096980412051,-1.17579970683548,-2.62025420593335,0.642510039939217,0.628846877505604,1.69635803772198,1.36975066711249,1.21020698258927,3.87459081281094,-0.044613310677654,1.52950139657153,0.0149968587216959,0.757855897462128,1.92393921547921,-1.96494158284552,0.423697366537756,-0.298749422607235,-2.4407115766395,-0.236830760719094,0.69060885251111,0.363924167617814,2.04907376130494,1.18206020244204,1.73045729904776,-2.44838796887987,-0.713958869833687,-1.93814170791542,-0.447502571825276,2.72913923520161,4.13344472048826,-1.56846455533766,-1.22486008148359,-1.7493907661469,5.72567437462819,-0.178309090249728,-0.284566513387449,4.2020077729114,-2.58904523949486,0.407567371169434,0.0538824169488279,2.51872235648375,0.876555114594968,1.09386315354102,0.299930552515226,2.65319757289091
2,-0.94572286928052,-0.350367039903988,-3.23726554351084,1.40296020859892,0.91892190994764,1.08237582236392,1.84279903412156,-0.0017966361458371,3.28841975535162,-1.54871064230068,3.98212965367567,-0.342001745294722,2.06420813166966,2.53937772375861,-2.20330967248454,-0.368535691651294,0.866285444283092,-0.467241025258733,-0.468146639906221,3.22811346298017,-1.2341881297064,0.744953020290796,0.446132979721854,1.59262033406218,-2.29701463825192,0.020969748523306,-2.17710156953573,-2.49247140372597,2.67338621138429,2.09439218584447,-2.89506945865152,-2.75695453788861,-2.09868317015939,5.63257686190498,1.15060424715881,-2.3506857504672,2.50268450256367,-1.95296896765919,1.81182463500195,-0.617522890603495,4.16704461496326,0.349703573800929,1.36150191115051,-0.948704064588876,3.69112054353334
8,-2.25948776028069,-3.60159772370483,-0.900558193110523,2.07949915099291,0.537046422179961,5.4386419512705,2.05172326010528,-0.170973129578991,1.75077789318699,2.93038022350875,-0.187649970895268,3.5780838131932,1.65345441915615,2.86787264036473,-1.77203184133874,3.57134733174402,3.60823017682556,-1.31036301962441,-3.08371018650896,2.67999482920665,-2.16900806112233,4.2930743935898,4.22014626197079,3.95138030228588,-1.23555536259483,3.50466560703482,-1.39440356712473,-0.431865812000631,1.60698158776919,1.22802592424003,-1.14163138542731,-0.92449596278556,-3.23949924500566,3.87792326412467,1.13308880455165,4.5022110890255,1.52236245243819,-1.45067144550893,0.762961345723065,-2.08636198219642,3.17092267085403,3.64241529267882,1.18401117607248,3.31381172240809,0.456321201154659
1,-0.0016956975662999,0.268019648247241,-2.52629677853588,0.638092652095666,-0.749480599988426,1.17974235066268,1.26957205059706,-0.423002314862562,2.39301087632948,-0.852025723921912,2.15740610591217,-0.180863197213243,1.42072502610666,2.12174881336417,-1.19866171882719,0.595200356522453,0.616317097350983,-1.50251968533347,-3.56160293268809,0.327398805249688,-0.164174853128193,-0.998956040365535,-1.42608015052055,-0.737085395644075,-0.120445784738406,0.0632014257337119,-0.559336278175985,-2.72919072344671,0.771090126522752,1.64376504420533,-1.45650139075935,-2.58734554013435,-1.56686660946203,3.72739548180525,0.443617166730293,-0.312793545780177,2.47250762929109,-0.99710364350374,1.61945764610181,-2.60151000819081,2.93596410481095,-0.399160396532809,1.62109321204593,-0.537964466210049,3.22084656954698
5,-2.77603223837946,-1.58555156599732,-2.28092898756347,1.69063441475102,2.36755429044921,1.12583306083394,0.935948010487228,-0.978498684126395,2.73376598565023,1.69431867475952,1.13659050819672,0.337048740527337,0.778600399753861,1.98424033949654,-1.97610103206685,1.69852989123326,0.189600519402817,-2.3182690536932,-2.09850064944954,-0.275939782024307,-2.71532826531138,1.74227228866234,0.870400305211487,1.38460746069723,-2.32134946510649,-0.250682544340381,-1.35394696092892,-2.15430760360144,2.20690786872307,2.97379845704825,-1.5301744514548,-2.04399082330141,-1.74258115786258,5.52711169416393,-0.216789224225815,1.33274821251871,2.29337383519069,-2.26000247265504,0.213174359645526,-1.0785690365228,1.84122771405701,2.00602674714993,2.45345548684859,0.913361724441286,3.19505285797819
1,-0.0526481820837683,-1.96137235821047,-4.03849431529331,1.64418454818183,0.694368019638821,2.71809849601767,2.26779644482393,0.0369084555238604,1.4923744739121,1.36604459591997,3.65893147659104,1.44286924809112,3.5901844359984,2.38561123944495,-5.3860863792779,1.65084884731297,0.825029066242742,-2.87918833228565,-1.97350075447989,4.7409323140839,-0.371934483130531,1.319274368551,2.09934755643183,1.59770055144176,-0.950050030920776,0.796872926390009,0.735204852037147,-1.50355698430586,-0.186200511149437,-0.113935004532034,-4.93264098592919,-4.16504881761474,-2.33873834030035,0.851248986660583,3.41009646759298,1.97927799308201,0.989264257231768,-0.159618916628311,3.42521794411914,-1.07213843729141,3.04927241708809,0.120300769026672,4.17643187172518,1.38467134918826,1.38774028709401
8,-2.60536972332571,-4.07134776601528,-1.7062979602503,2.40254506643914,2.72746329465624,6.061750837499,2.35484510456476,0.715017595281873,-0.150247698438791,4.28875906271463,0.806825229289709,4.92139006337753,-0.09776752905468,2.63009270345124,-1.74106175237202,3.63771528630757,4.40739099351533,-2.68235351992765,-1.45763868558737,0.262049190495119,-2.78870779657111,1.82006927346826,0.971030101959795,2.75425474325898,-1.14738434800515,3.9380098209349,-0.40143313333727,-1.02584079861042,0.197474793585081,0.214586170136687,-1.62126786535842,-1.72627822481927,-2.4255786489588,0.507040044531294,-1.22156172448014,5.49900709141421,0.128014566536534,-0.743999897198511,-0.32338942030351,-0.949692977118294,1.34037312930392,3.53244536632567,1.63979054459494,4.25981887804127,1.14308357304805
8,-1.15692917859844,-2.45381465852041,-0.942176998421397,2.23778945397582,0.806262544800656,1.8602476049054,2.85694717070966,-0.452447568183762,1.45175712642926,1.54274215052646,1.32916379682052,0.842772900120133,1.19111198860174,2.0482691730396,0.564893420633346,1.74448845092111,1.27832454953901,-1.35669661937278,-2.34197259154997,1.98287692178836,-1.4866283139358,2.63175973744069,2.13247793728672,1.59577988202734,-1.14858365293142,0.0671887509359826,-0.285825222189705,-0.500232587212112,0.777807764950241,1.48033645691879,-0.340009030211721,-1.01017370167445,-2.49629819429522,1.40379682032826,0.867594200454932,2.1647074004103,1.57017187639698,-1.07491748744019,1.16003443389167,-1.57488096993703,2.13205590243297,3.86834115657375,0.0818114048100331,1.43185166087003,-0.752240249518467
3,-1.0299176406298,-1.78599903454997,-4.06746160330507,1.16590010702734,2.4008734929826,2.14376920277414,1.32162795580995,0.0581123626540438,-0.0233013526368646,1.13788864640608,3.09215704885709,1.11232542866056,2.15979076909784,-1.09007752079325,-1.64225379500136,2.10406614298968,1.04400239090388,-2.09436496630275,-1.5483220311215,3.63362103079008,-0.676128834160022,-0.0016408752929965,0.0889854299024492,-0.277042896356695,0.142053899093833,0.801216991770123,-0.279041754297214,-2.46017874899437,-0.483421054034732,-0.475938531601832,-3.14639134360704,-2.70480055360464,-0.854043613405916,-1.40612966730813,2.66912262963605,2.18102331007144,-0.287677815846565,0.295966985611155,1.67725421340149,-1.41692967757453,1.17343975077555,0.87000096527806,1.47107828470496,1.48354001591206,1.2122417590986
9,-2.90434356627164,-4.03780849857877,-1.43996737402315,3.00265807472014,0.236459334385495,4.48921114279551,2.88670837002102,0.863210214505233,2.8201231855571,3.10993942754001,0.957033846995764,4.03593960957877,1.59155140085375,4.81485256852551,-2.02217546614514,3.10237955229838,3.87729230060832,-1.25806519124031,-1.77812225207374,1.59165525059614,-2.97928566971091,1.10679214051033,0.31591171688008,0.301825722544095,-0.930223578043438,2.88158020194785,-1.05479600400967,-0.972915659101254,1.27525500524619,2.46934694604742,-1.07945487299714,-1.00959417173253,-3.60547575894334,4.77843501611474,0.138926317427221,3.48469073093758,2.81870909232191,-1.13352895604167,0.866411825800161,-0.910389717927915,4.45045223794696,4.61975033533652,1.61646774316789,3.61790990099939,-0.646153946136778
6,-1.38627921873598,-2.60077417367422,-1.65798517809578,1.57296829491,1.26501920068407,2.49038215568985,1.64533917516381,-0.518923418999308,1.46933369788108,1.54172172297451,0.988140280527355,0.116157119519463,1.37614640200881,1.01125873285742,-1.45619879440038,1.78302823522739,1.41641724446777,-3.0287893757736,-3.09447369024478,1.97430874079637,-1.91159379705114,2.10258957183981,1.67343859739484,2.2289755741772,-1.57933944422167,-0.161599756369867,-1.99235165524258,-0.721743886705127,1.74124309778587,3.04438879521417,-1.11038078484009,-1.24779556352056,-1.59631952820709,0.517983987604296,0.845647782380554,1.96569348463947,1.72678414933146,-2.04226978118263,1.25372839130092,-2.02337529272765,-0.42735270820117,2.75482280526147,0.606587450900483,1.22067964656822,0.987602810771996
3,-1.48194050357926,-2.56832677500254,-1.46755403639041,1.0227226259315,1.92846255364614,2.93593232392839,1.46491312890392,-0.33140908480403,1.26095673645114,1.48820282033079,0.299131946890161,1.14363435365503,1.55313009471038,1.7592924410233,-1.51797184639144,2.53514986920074,2.33673742555347,-2.03303214952483,-3.05829250094345,2.30912090469773,-1.49891791500922,-1.72380271145704,-1.74803105607713,-0.998537214462402,-2.06894983111211,1.54923446556076,-1.23127854386897,-2.59941991495897,1.63564059348157,1.82406601840661,-2.13492259144444,-1.35763807297974,-2.05928178205362,2.54850324626511,1.33239728965447,1.87460741494756,0.738489593626749,-1.78116687241642,1.55817503671535,-1.96147802209414,3.31728768621568,1.7947639385075,3.41284786025525,1.90736803228432,1.85976702780229
5,-0.791572428682081,-2.10965808146674,-1.5621438860569,1.04532118228477,1.98411088663543,3.82254414024721,1.33611706105997,-2.11794681440705,0.147330074313606,2.51124138583312,2.64950750160684,1.34506464317238,1.89957204100458,-0.138864725249436,-1.47721383168705,2.42982284837401,1.03456942988102,-2.92974737720823,-3.06108490988721,2.77817490850856,-0.918756417773328,4.07958883752942,4.2133971051119,3.99531842129211,0.344708215463672,0.372887154823914,0.710394624718998,-0.153364344462637,-0.403701652517811,-0.868280000288803,-1.39992789090071,-1.27870583656562,-0.87941597463503,-0.0339636011264557,2.27795183775285,3.03983332517093,0.460147701484475,0.0695233004098495,2.56855995852733,-2.49124617372503,0.810675672288708,2.40177301692462,0.404943560537287,2.0351313893189,2.91886874735226
3,-2.00859663555198,-1.15758618615628,-2.38932842437869,1.26383227452604,0.193199452907266,0.144932418545515,2.91462819231382,0.452265611501671,2.66639841582847,-0.864751445286939,2.65341779392591,-1.37715099425444,2.97472590131875,1.26725966046303,-0.890972064609894,0.165852655629838,0.106220336145485,-2.08015640260049,0.630029435179459,3.36812798930733,-2.07224036828376,0.974773116500215,1.08822205993145,1.61753213851667,-2.95418031016447,-0.984422379227273,-1.6072503769993,-1.32369171038451,3.01985089269155,2.7403125083837,-1.59576147899078,-2.25426419564686,-1.1981028798608,4.09676846138263,2.42761898403165,-1.3851251750949,2.74728901602852,-2.62426712395201,2.91387670933079,0.154180565637007,2.57016760508354,1.61282724097019,1.85130932004906,-1.03306119402732,1.76801862856833
9,-3.30891901319774,-4.30099061442859,-1.51060180728651,2.13042511705301,3.46674501805536,4.67006840175244,1.82272526872336,-1.28770094147352,0.681196645195745,3.77975452266362,0.696062387187423,3.23814941873376,1.5128356453177,1.36874308833037,-0.182643056898472,4.29768292435003,2.19130082248533,-2.1769173994193,-3.25848093867496,1.60225212011482,-3.58985475385762,3.0951722573892,2.18077197836727,3.03523259350721,-1.88028451332267,2.29615947793773,-0.07414840591127,-0.401868691620049,0.184544289814706,1.1862968772126,-0.375568235529929,-1.86504555705379,-2.52981044140604,1.24555300901699,0.930343292840614,4.60588609048977,0.258345522812246,-1.28581562514861,0.922027569184709,-2.31842569459495,2.86787438941161,4.78780646648161,0.370197961679263,3.62991544652329,0.817943825901328
5,-1.57138336268822,-1.87462054751343,-2.59951769694096,1.76708687564536,1.45412757916119,2.02943102265504,0.744122102363331,0.0339745590260652,2.46824039210043,0.649190492842393,2.676564246798,0.509295820877718,2.34082334276536,2.00389240142262,-2.57481158602723,1.58004686180041,1.3564260119186,-3.30330064005749,-2.88670374969448,3.50234368420132,-1.61679904605152,0.827613268440082,0.602257715100168,0.69840013194058,-2.54504551701453,0.663838329601233,-0.278114797132515,-1.88847723737403,1.14541140993645,2.99888314464389,-2.69926735895025,-0.404529378587881,-1.72892751972055,4.35614231556095,2.30995341844969,1.04386852805879,1.98828579697152,-1.92383217908579,2.32782932374501,-1.71999635084384,2.87364283935009,2.38679706538405,1.97275469378404,1.00831741262096,2.54211623173177
6,-1.79197985119372,-3.39991286349038,-2.87002726933874,1.6365322340213,1.93555028569115,4.01667475254011,3.59914619853266,0.140745132649138,1.96091800617771,2.82790110872707,1.94433240483517,3.13630146170781,2.51753944764535,2.43269365351989,-3.67603827218846,2.69042551159246,3.67560570393034,-1.56879732736949,-1.21327828966024,4.18250851925027,-1.77905337036681,0.375650979669534,0.442801315932044,-0.0982794690512827,-2.11600748370538,2.50798329911769,-1.25394612991576,-1.63171077575227,1.06913583254201,1.73504756299452,-2.52000572773137,-1.98433254622993,-1.67358239056562,2.00893342379953,1.5119813429978,3.30704293458066,1.71578546380579,-1.3362081723241,1.863661973866,-0.760804832575957,3.54217998502353,2.82982509991754,3.12327514967319,2.7538879866482,2.95269382954561
8,-2.7615052206457,-2.62145716035972,-1.66944602272242,2.28404118116013,0.174739996602643,2.69103706395459,3.33879394536268,-1.03867591946745,1.28637721295853,0.867622539577391,0.72290114188751,1.53125243257342,1.04957635149412,2.71567030935035,-0.174130596786975,1.76649204193134,3.19855060592221,-0.683064298452257,-0.441255402714391,0.823386145401556,-2.97656268275872,1.78504133973851,1.44013264210575,2.61854516064906,-0.902830433037922,2.05983178190695,-0.412486725497021,-2.05781668492785,0.565703441472633,0.686361423185912,-1.26248521499988,-1.63523478809888,-2.29470829820048,3.60288832891487,0.5584133092788,0.798210281030492,1.103247557931,-0.414281597911105,0.484648312120763,-0.650368993683903,4.14916270463395,3.87693532917802,1.44636555379305,1.78328900718406,0.839009211293267
6,-1.84371757162293,-1.85093853838275,-0.741147382914662,1.21647192654041,2.54699023588357,2.70233355654681,1.07112955633499,0.712634238295293,0.591656798776292,1.77474292238297,0.982441993321787,1.88731573005359,1.31405176358604,0.933823055449354,-1.76052499494761,1.40345902622689,2.53624916644348,-1.14129418027263,-0.711348778030172,2.5252429334807,-2.45207252859492,0.177387586358805,-0.163744959455645,0.346534605075559,-0.494469845667355,1.70188984612128,-0.119075596305203,-3.2319395743551,-0.0436274497963384,-0.225668562050991,-0.713619235509297,-0.856669357089299,-1.48468013694049,2.26385944343627,0.534597200573633,2.26932729414788,0.243069977311923,-0.597436270609187,0.0538832149272492,-0.358011047802086,1.66663418937288,2.41465876640968,1.48984802427636,1.47682193566895,1.22717227037439
5,-0.486306950587787,-2.98669532678142,-0.639937179793021,1.64998944273269,1.3807772687969,3.64493822488651,1.39336441328214,2.98945967656953,1.15268403008734,0.783112182435553,0.143842364274253,1.0873791009799,1.61685493806415,1.75235333806719,-1.41049406616292,1.90588031474761,2.26277807325103,-0.470444743923594,1.09724549764207,2.39811963297279,-1.26944214771631,0.886532678874821,0.966039468207111,0.564573976046283,-1.41214462361482,1.05468008862175,-0.990160251367822,-2.19457693931152,1.59721887255015,1.7418133668871,-0.690567735232605,-0.212804539305706,-2.07697336715994,2.94228579277406,1.63572775863931,0.852998850228257,1.322026849891,-1.48563509149788,1.68585636243851,1.24954346470566,2.18463500547574,2.06113365825924,-0.240518265391666,1.70447778695064,-0.345951148813316
2,-0.456622854523373,0.472771563627127,-0.26146280204672,0.0701936784749584,0.29504270413893,-1.23549121458215,0.0957281022120258,-1.06642356871678,0.475442525411067,-0.620832593617715,-1.37303881894866,-2.20919437144409,-0.507064796996386,-1.00352162700568,-0.9032385537196,-0.798966617107454,-0.975040667299049,-0.778879698205911,-1.98407123979542,-0.908586269310282,-0.7241126712248,2.91601676752021,2.59238697333612,3.26640176479703,-0.714471492503859,-1.98527846683798,-0.273703677373068,-0.576285021923323,0.421565786493163,0.705051756045633,0.681209227595909,-1.01709194391431,-0.102248607552035,0.928127145326685,-0.721720670796817,-0.917567735021807,0.636197588693582,-0.995148442435172,-1.06149988732152,-1.76870386607483,0.644753483294884,0.464473388747223,0.283985087734801,-1.11676418272953,0.97264232734937
1,0.649599907109987,-1.08879301182805,-2.70434893866567,0.860307046895886,2.33590832135398,1.28893373581585,3.14861216560826,-1.15223918823341,2.5264915120024,-0.336386387509105,0.123174653588072,-0.242403054622253,1.22164333931251,3.63607938064961,-2.27352606946849,0.258336569795558,0.863642985565242,-3.4783732320117,-3.61587067328775,2.16440963357505,0.117783013480459,2.27362512252588,1.92128431673679,2.70389850653935,-2.71833827574968,-0.389844354368775,-2.90919691555222,-2.75749605689832,2.64797636191637,2.84615435767476,-2.08950160967135,-1.71209021325696,-2.15106656584804,5.84791040989285,0.332683241968723,-1.03615181089573,2.91509705791299,-2.45930516430968,0.402725382207359,-2.49134091804137,3.03941894033142,0.824447070514055,1.35328443481165,-0.375173561368484,3.49734471548356
5,-2.82384846459442,-2.25924741259356,-1.47839726368054,1.5896667088661,0.550240450376942,2.08802800471119,1.66766780774651,-1.19485354474069,1.23483638529226,1.19479868227757,0.946786814025392,0.738446068227191,1.38838503892683,1.10831764200931,-0.584088229939361,1.23664114108668,1.35510684916437,-1.90987671517056,-2.63771686684535,1.07730475269262,-2.38858600972459,1.38126235488369,0.853494605489855,1.43183575719632,-1.14024963203289,0.964112211040165,-0.491860064367232,-2.13217098324656,0.833415407681385,0.874604430377523,-1.95119850022644,-2.43977227563835,-2.18359591270205,1.38710716641409,1.2149037943729,1.41674309144678,1.07015024212853,-1.03721596106393,1.84841598060563,-2.20770758658673,0.784443768171377,2.61562738637667,1.59084083069403,0.991887946050393,0.305430766920094
1,-0.0785728984655369,-0.910813931233763,-2.12433862197676,0.957038475740926,-0.451647905546131,1.14976426899312,3.23318892197566,0.0845616734537039,0.858046820258767,0.0368321804190692,3.51641559801149,0.0833525535981998,2.76671737155614,2.75331243802234,-2.75640057623456,0.683313392450858,0.838177248807908,-1.74032995582708,0.124760566207483,3.40875203927806,0.187457818715908,1.69693866475256,2.41224878887043,1.02552002904824,-0.515918021720514,0.110134191292129,-0.65521887982467,-1.42959406834881,0.819408884847283,1.06704813289,-3.48287130465528,-2.86897040529286,-2.256117697944,0.987274420039208,1.90082975018246,-0.524931256040702,0.541955012184109,-0.900531940343675,2.55674281989696,-0.224039042450028,3.11704647572832,0.243080242848199,4.99057535250808,0.401452508270402,0.177284754222908
5,-2.64476204023143,-2.26714195539513,-1.37328963772035,1.18066982003066,0.0584828119651153,1.80102282991787,2.83759390615191,0.713394351870485,2.84124484127602,0.690646200129771,-0.0586341173944059,1.36760125705286,1.0021046498523,3.16831977632622,-0.647144581963123,2.40373077407833,0.664639454092028,-0.168419028873447,-0.201165453454701,1.95576198169473,-2.38044016781501,0.302073716080054,-0.299138553150072,1.5497533230756,-2.5396636884894,0.938572980018101,-2.85938175199886,-2.96215851765797,2.69015684802463,4.0027764964102,-0.555629008974438,-0.129353606300536,-2.18940720728107,4.49249777442816,-0.171713867555708,0.527048382685611,3.47383186364408,-2.73045039192851,0.288242728712282,0.072100618043104,4.82654723770834,2.81496049351178,1.34078250658561,1.2603671270462,-0.222201671305592
5,-2.08736410257537,-2.39603723246248,-3.03475831605068,1.57817418732036,2.94058545889938,2.39114051407758,1.07834383605876,1.11684172893399,2.77756104165162,0.431845012141292,3.55142618947639,0.547360396616978,3.0078285228542,0.862851912923295,-1.6725523090694,1.61116680915741,1.07632947013183,-3.13001743867794,-0.829551547255653,3.90023488857698,-1.93269213138337,1.66807625800649,1.70135502661597,1.15027932176766,-1.72675025811141,0.486999741548685,-3.07499908329497,-0.906576896280868,2.9445080900741,2.50455464056843,-3.48124987555467,-3.61686478442071,-2.19689283226352,3.99349136868647,2.8327858017445,1.04937418628741,2.53651586950047,-1.80096526832743,2.68637249523585,-0.297651492215606,2.13236834480547,2.32088179382741,3.19380470544903,0.904605701921232,1.61112451952288
0,0.900343871258698,0.215603566016486,-3.45485346536193,-0.22817054191634,1.1031581041696,0.306986443517472,0.633033793567296,0.300294225304918,0.942994983871601,-0.762002315098399,1.88224406670164,-0.376795488887131,2.50722897229075,-0.9415320695133,-2.09053813547737,0.370133689202228,-0.422819897092563,-2.73838323380855,-2.52287043487518,4.68472877432284,1.23736630968939,1.43772508429105,2.40714853677618,0.623866812797417,-0.872033497408909,-0.780392449995444,-0.537908092229246,-0.278679113546974,0.919175612755483,0.7646178999617,-2.85396280559491,-2.44481089242686,-0.171428823306284,1.7549739686659,2.93725729373255,-0.571408925449521,0.408207951307557,-0.966691147939919,2.86101036175423,-1.30567735315628,0.776526389635314,-1.789567236664,2.53583949301801,-0.735663072463754,0.545011124886991
1,-0.129073168556205,-1.46533354026092,-2.59249670190558,0.899182895394045,1.97927983463311,1.53679788050085,1.95131424467652,0.242230341358889,2.04740390070647,1.22671211034469,2.0001407172766,0.80665423749418,2.20148585297762,1.62852750477476,-2.06053305903649,1.14973750999442,2.1836746572551,-3.5462475524413,-1.85531989327859,3.91338057007136,-0.413337954794627,-0.252397681052762,-0.305797263542159,0.396082800055551,-1.54372453400474,1.89700777695283,-0.817722120913287,-2.25463497030897,1.70451024224459,2.00111944572699,-2.36667147440714,-2.05914537753181,-1.53806615089136,4.26619395227181,1.39218870362265,1.51270098660618,2.0478679376389,-1.87647126814395,1.63753860808661,-1.0484026997585,3.09427074882065,0.055253429505191,1.52800576050315,0.761313612628392,-1.41467986038542
2,-0.485063775223814,-0.149413345949898,-2.27178529913388,0.898065764070594,0.780138007341139,1.00532527961859,1.20173687485913,0.942860632503279,2.75746730135283,-0.236336448775921,0.291914741931845,-1.6575616813508,1.0652927061681,0.664293781167639,-1.46263290169108,0.635843977214793,-0.323408875811809,-1.92754233083882,0.217928210081649,0.272250442180278,-0.348905166904087,-1.15006118456458,-1.44143401913103,-1.63381110198082,-0.93623371642533,-0.899951062247818,-0.87706536983702,-2.29425913598644,1.5437852632907,2.47718568087092,-1.32740165767494,-0.859634810335089,-1.40899767991103,4.0325156664348,1.10123099033364,-0.533983692129673,2.66487693944773,-1.57775127351069,0.855890529940196,0.374966449167035,1.70080102008391,0.523524691777313,0.0089440006223218,-0.5046583783339,2.45259440780702
1,-0.53388708816114,-1.3565091945512,-0.746091501064439,0.655717511300328,1.3917906991869,-0.0113772077085491,3.79301181284653,0.946323299881771,3.34511518735364,-0.466473824958266,0.0645165913315006,-0.518309563322047,1.86933520370768,3.22498624108127,-1.42692154038939,0.368764804711078,0.0874183819883331,-1.43255782215126,-0.202163662168301,2.77953991958041,-0.979848201548193,3.12951699277221,2.81416085373189,3.59667231228899,-3.62945185556324,-0.254897058605732,-3.21989322793682,-0.685283321357842,3.5842979386003,4.36415251527411,-1.0306578741695,-0.303039343111974,-1.91272776065669,6.38019628269256,1.45071766459857,-0.784869659004241,4.03512011248683,-3.56101064011921,1.05059018762722,0.408396013217652,2.73438421944961,0.222804363120562,0.0130248178601459,-0.0353824609483095,1.93515002884187
8,-2.30822794897201,-2.24686779472271,-3.02857343684553,2.06243732218901,1.97413917683844,3.76526105545965,3.51997430063741,0.682457694968212,1.17791883085435,2.81754635021046,1.19804420876557,1.89180400867847,1.68676874561588,2.28499646695585,-2.07039749914732,2.68499702330638,1.33851574468716,-2.35262722691978,-0.619240969975882,1.84546150711426,-2.30780065457755,3.97995508384372,3.89368178335513,4.11886502111879,-0.722886802178831,1.25208377963501,0.474013067589382,-1.30236768272556,-0.0632983061605843,0.76622464278647,-1.62129139535861,-1.06779409840037,-2.60681146070936,1.6638540713765,1.29309625514556,3.36962353009665,1.62964208473112,-0.356761366132373,1.32245956981265,-0.296302182513663,2.1313880284849,3.42110065467842,2.51304122360757,2.65061482446538,-0.928637164951067
1,-1.6753931571224,-0.389200372345741,-2.72094902290458,1.20058460140495,1.28939401099613,0.263391063002441,2.90079865679667,2.42564447913325,3.07768189654121,-0.115535233283561,1.29759973549096,-0.463051126123185,1.88137566410337,2.29686433171755,-0.774602393145364,0.365558975361711,0.640219047959215,-2.20531198823186,-0.0177992349285391,1.56810501421971,-1.72464126761401,2.26392367351005,2.22029633747703,1.6333199627545,-1.28793033609718,0.0165883710159065,-1.47473739665831,-0.797993890333834,2.0288673282803,1.25140191426811,-1.86909359881274,-1.5138300871468,-2.09878449144903,5.8014022334224,1.43504772622312,-0.324460320007035,1.85001090335931,-1.56115533695932,1.51516840222936,0.63711317864836,1.90661459882105,0.393485108269333,2.86337585533513,-0.254540854410807,-0.812883093263259
9,-3.4433772211766,-5.05947621811063,-0.772502043676551,2.99410603888601,1.23342334767416,5.043164728252,3.34940824649437,1.94334220863193,2.62966457122492,3.63264095388961,0.63853500765111,4.91542726465587,2.16225748091201,2.52833908199231,-1.31190675511022,4.17067653064499,4.15269492968937,-2.80026552234947,-0.306837962122258,2.88337002966823,-3.64129853623062,1.51660480117876,0.358890110982158,0.921213485871101,-1.29117756128333,3.95581984043237,-1.01591505296389,-1.38506038056651,1.83089731364205,1.7768692560938,-1.91219789198475,-1.90519977284015,-2.33251007272083,3.02112091870766,1.73127277414614,4.91562880990618,3.02966874954067,-1.9027081388545,2.37541182222478,0.0680338927877469,3.16337363589639,5.29925721400083,1.18669608680897,4.35691247760322,3.17648631821191
2,-2.21260114566282,-0.410429767299816,-0.303937734554681,0.605180880725403,2.94808895189132,1.44634261845495,2.19101792359632,1.55567179968059,1.46707787980746,0.264912772234656,0.838111841895018,-0.0064077619310569,-0.82769556870493,2.15667691979019,0.667141207450758,0.400795114263793,0.888928031818407,0.205410143417084,-0.478973237496204,-2.35283392383641,-1.96970951785664,2.31250367188673,1.70386088068787,2.83481550821419,-0.58292248787397,0.182680781565446,0.650368125878879,-2.30437806798728,0.736754159689217,0.83440264390738,0.572321355484544,-0.233517836826478,-0.904133308990045,2.31226086268795,-1.43447272528719,0.0630039260317489,2.15417621072739,-1.17538973024077,-0.627095426165305,0.0083221226665546,2.12109396275038,1.30354316119052,0.0413958194135309,0.274257411723272,-0.506419583980723
6,-2.92729465263669,-2.56708875667894,-2.05974516892501,2.34848730882155,3.21388678556854,3.51894969202601,3.92573898486189,-0.739099234016967,0.56336481362835,0.775262204099908,1.98949197358084,3.44455586573251,0.0016118816504577,4.57548189355828,-1.32352385306454,2.8945520616386,3.34269668595528,-1.99592943492301,-1.7467002062695,-1.20628968328766,-2.87191598050237,2.60699328689545,1.6032948021253,2.92472638126422,-0.0048441966286827,2.79655469173209,-0.351529972443625,-2.2549876095113,0.300218614878068,-0.229000645012528,-1.64717812737564,-2.41450978847082,-3.00012328434682,1.77843985119558,-2.02173325554902,0.876680204678841,0.379540999330652,-0.543554870055222,-0.0750505097163696,-1.62863714242203,3.49729480451507,3.30736738596563,0.672568134958297,2.67728997716073,0.460392966937909
2,-0.941750840083055,-1.79783819485289,-1.79499604595615,1.07724421872101,-0.523738124387802,2.49376117739949,2.77740629993818,-0.405551245187827,2.22360445794758,1.49467835853086,1.53944124854544,-0.124202706669136,1.06007061418014,0.427152731583776,-1.95311285607908,1.1751828568119,0.462061059124023,-1.63918493753191,-1.80302634260346,1.03006083213295,-0.743846343405662,-1.18872904456677,-1.37737089715726,-1.69049443355744,-0.346445181199731,-0.622389211544794,0.878872869086231,-1.67399042192156,0.394662231184366,0.287363396648942,-1.42909286012851,-1.64345759524305,-1.14593273811222,2.70139294883998,0.317812442196967,1.26710824231805,2.40320814594833,-0.984735703521367,0.219514175659734,-1.28802174032622,1.13585156940564,0.936540902640043,1.37690960422492,0.782331512523856,0.325116840690758
1,-0.143817119057847,0.210396154393231,-0.206553798805111,-0.0090216944746133,2.71685457616316,-0.722646219521602,1.38818908709916,0.844509363754998,1.79567711683949,-1.68053734098525,-0.474717017411026,-2.17534620891925,0.91611370564735,1.44162234834588,-0.345491254355305,-0.159978155430185,-1.5183299042207,-1.06703063691929,-0.817040785338074,1.41228536923458,-0.274109624426718,1.69975665938769,2.0260902232389,2.02910001006694,-2.37572614742221,-2.30309119103926,-1.4659854103172,-0.773746090912285,2.01718349382781,3.61064320599762,0.262859406421244,-0.477774086555104,-0.0401580552207828,3.60643965197096,-0.182670751182098,-2.98486029329646,1.45684308897456,-2.25635377435295,1.25986381252093,-0.205154814784639,3.33198177037484,-0.335555087054077,-0.787774239074436,-1.45388741243927,-0.494714532639733
5,-2.02932488765871,-1.85986982244723,-1.73271462227821,1.49212051621142,0.984265199473723,1.08725973074659,1.06861618677667,-0.604429433901959,2.44404772204253,0.724212428062103,0.890571338521887,0.391080076125105,0.807690717602636,0.713619157074839,-2.20372418355109,0.923028137203711,-0.065311601073304,0.274628942792253,-2.00725757468524,1.35472642492976,-2.03943948464267,4.08806609698746,3.93928790420079,3.11082554252324,-3.04798749443821,-1.01361313630759,-1.83227425664682,-1.45232197952035,2.38233070555878,3.82114982239357,-0.878149564871513,-1.41493259042944,-1.92948284456089,2.49000094517344,0.67908750455388,-0.0643681872540667,1.96727265996877,-2.73023944191705,0.616040361490205,-1.22149432132485,3.04434066889892,2.11356582390971,0.553032622419215,0.283873466688417,1.43744126347506
6,-2.98740914164883,-2.4482199714599,-1.7022624745274,0.851159453660816,-0.957831459532191,2.00152413688282,0.57679839875616,0.996058813752099,2.80405884801993,0.798660641014422,1.04753751388842,1.17711507257011,0.942698207348277,1.59972676384464,0.156581094701182,1.91111385257434,0.443112613471211,-0.854915772721759,0.064392450844695,0.325721869674809,-3.00871679261995,1.85583841238826,0.986044700184074,2.92958432105692,-2.11038401818162,-0.182994940308656,-1.64005289861816,-1.46716779871807,2.10601427396615,2.19621275263643,-0.859256417211736,-0.124479678324652,-1.55172599809339,5.54748905071252,0.0957260087252658,1.25246409990142,2.09259843563319,-1.97735163604815,1.18543867834085,0.129565807982665,3.00170144800403,3.17481297234298,0.828695559329008,1.49339704065531,0.582037560302274
7,-0.807009969079303,-2.62157789064676,-2.23901784304251,1.72878172141157,3.11834461171968,2.84124785363539,1.35775524195055,-0.118614598693466,1.01426078629266,2.57868720228771,0.741108607836423,2.16649012325455,0.990954622577297,1.7620408506159,-1.53804517639496,1.86447390859911,2.82826038961313,-1.41421960868686,-2.9151796124444,1.31415240849596,-1.05116491457186,0.518604610693607,0.0801855451367224,0.846255774405724,-1.23562794316977,2.44716103609187,0.292721861340664,-1.49311413156604,0.642197030511783,1.03655294174325,-1.52703500427287,-3.04615654120714,-1.56659959728922,0.984878981834402,0.614932279794216,2.7089937465228,1.50885225694914,-1.10799847436578,0.73150122458542,-2.078702926133,2.13008696238609,3.50413165052677,1.98367165394844,2.17662979072203,1.73573720259613
3,-2.53317269355199,-0.878196754835057,-2.04311706710085,0.786516979875299,2.10015754840131,-0.35707178201141,0.343373885257844,1.47116333952389,2.36066867778521,0.460117924324482,0.686717532115938,-1.06094180972022,1.82083140896792,-0.254549933988764,-0.61657622139386,0.307526778470527,-0.147206928785745,-0.884398780032227,-0.102281439732523,2.85403624815954,-2.13349770804359,-0.92351093940731,-1.06459387245633,-0.754161590466996,-1.69350980441824,-0.842199099888786,-1.61737453594498,-2.72236294290078,1.83875988223493,3.02937838630902,-0.777166525933559,-1.91812157929537,-1.15279701879793,3.71058758471188,1.99122777107642,0.957945665522577,2.24880896950387,-2.26480675678891,1.81064190181924,0.142510450909839,0.700961122124871,1.84964352922958,0.275392974127499,0.0141773953646875,1.82733913417082
0,0.752551028832103,1.01108820856413,-1.97694594334947,0.0862816138510665,0.667021190727103,-0.0809111539224976,3.80163790355072,-2.39222755538717,1.46253105405381,-1.27821233978027,2.10701729508189,-0.790662812756208,2.14340615553644,0.709225604221802,-2.24359327725483,-0.481638691261019,0.955480024597303,-1.71920586511974,-2.97942930940594,4.00143577780397,1.04415302160119,1.68189317371161,2.23123711381013,1.01868215471347,-0.34077678225116,0.178256006739596,-0.0705794767911337,-2.98771584060443,0.827358804869512,0.737527566463332,-2.13594848193345,-0.9363875004454,-0.592402434497832,2.17779569737111,1.59057810537264,-1.62639723381301,1.6714617838064,-0.785364290098394,1.38700861481154,-2.84917398166252,-0.0362418913937948,-1.38209068985636,1.27607206415572,-1.04671034984124,0.681564053317843
3,-1.06546185109911,-1.40107712938497,-1.54923902038023,0.879286623050019,0.323158421893105,1.940119400139,2.01494777495682,-3.17103881564855,1.56316315272474,1.03138268325918,1.93667779492393,1.09254343562025,1.33940919741859,2.21641554799153,-1.93030273649315,1.10839809472814,1.54603421494031,-0.671280020149488,-5.02701198320969,2.40083436018086,-0.961134014565868,-1.71902305906267,-2.07983814109987,-2.20880022183243,-1.06557786755604,1.4411210428746,-0.202875466396795,-3.19647895578035,0.323501406548231,1.07044190747651,-1.49555122021688,-1.58077655731474,-1.2978099356393,3.54855561135678,0.651799193179672,0.712907318396935,1.20049893336526,-0.966296140319959,0.981017909282035,-3.92072091184372,2.83833479302858,1.39960967703368,1.89055108327114,1.01178547972703,2.58448563821124
8,-1.60230903933318,-1.88877315452244,-2.6170859869594,2.95441720252566,1.35722327030345,1.73012545543595,3.69698769622568,-1.32324618856989,2.71383867928311,0.819486372047509,2.59458985796521,0.83635101614485,1.31908499179166,4.01596462768662,-1.65726012230946,1.84465614980405,1.43683911065556,-1.90189429983833,-4.16104399714395,1.34456105585544,-1.66910038753307,0.893023302245887,0.0150492936368546,1.68983577118943,-1.61451676067406,1.11128225239989,-2.93607584529119,-1.87238455900741,2.47767286901844,2.48385649714971,-2.84803363585599,-3.2440759116061,-3.95018421468337,5.4125600932248,0.148994768318683,1.28663977356495,3.08732233934858,-1.93284626437261,1.1897442170071,-3.34272654080074,3.13781302831756,3.46231734373616,2.15023880714551,1.47280149505324,3.50841620840685
8,-3.68558061229325,-3.48625517027979,-2.70412997564535,1.9971469381666,2.12325710847582,4.19716558307544,4.2359586219741,0.690615496496372,2.38827192631059,2.07432833215473,0.767285969177318,2.86716015974639,1.95118751214364,3.88402238417656,-1.65218185497635,2.72888692558774,1.69720245907411,-1.86071453180997,-1.9362298757721,2.45976425977969,-3.42309147371189,1.53089980761567,0.745089367490815,1.9959492783715,-1.98855996719293,2.126073426005,-1.40511513557278,-0.0917109363817581,1.78479635401424,2.02034011431506,-1.37180111364058,-1.39861284347218,-2.56183836162887,5.31813864656065,0.527305391397481,2.29947859430852,2.09732694001273,-1.96906563820094,1.21911878958124,-1.13956408096148,4.42357444930713,3.44255535264552,1.39899696639863,2.86029110399102,3.03431811225792
6,-2.82653910170082,-1.47469195404268,-0.48636820651405,1.07365496480707,2.0043967948879,1.43098572822961,2.35198272045497,0.762735728881901,0.670108016227815,0.410269740789633,0.988098663694048,1.35177690788797,1.10790186885336,0.792594902520963,-1.89718132719869,1.51412745794231,1.50548919254481,-2.14680159423441,-1.30275442204569,1.84626993738323,-2.80484064830844,0.887516599162635,0.401923636237553,0.601625815022975,-0.516245938097192,0.943257984328539,0.659644876372263,-1.3694503311948,-0.0879846025335095,0.959618873688231,-0.763000508606261,-0.547505474955866,-1.45067680205246,0.893007108056075,1.49093731168297,0.566460886717691,1.26689617164806,-0.228916069720751,1.63273983675577,-0.786743377200734,2.46057236843383,2.58686744855158,0.827809773008051,1.05485020416583,0.92418417045403
3,-1.74577515034898,-1.3538803021495,-2.81442037580752,1.25280626719837,2.32287752359624,0.872387288636729,2.03367242070213,-0.713802812561232,3.34717246663338,-0.124664875692552,2.60952693019633,0.0643449853655385,1.79618204707297,2.07061355621856,-2.6286517088008,1.11144998183235,1.1385963377361,-1.54109621608282,-2.72167333472806,1.69350966254922,-1.57903507574778,3.06753051037102,2.56528664628566,3.63510963068259,-2.96607776383921,0.261271758833927,-2.33228496414324,-0.194874070120826,2.55944176894763,3.42532502505155,-2.77929560926152,-2.2885970109566,-1.6278933425616,5.52797152416901,0.659075820863712,0.030037705443943,2.19958328803326,-2.30272912395882,1.56697913287767,-2.08392457513686,2.90985976558569,1.70337917369134,2.97149944084646,0.633781238077513,3.55102456761708
6,-2.46131856310411,-1.2930029387813,-1.42479687121032,1.20112123335006,1.16387720590224,2.81720378123747,1.86860594960068,0.97131432970741,1.36153604649297,1.04957073043022,0.703469828754348,1.65562629859347,-0.344053902370524,1.18464838440085,1.0271091062362,1.8035674999109,2.28096431428605,-0.600084231208821,-1.13975125624808,-0.983508266691298,-2.13695931822609,3.09345583505119,1.89612530001547,2.27417238917555,-1.96307802886106,1.60839738704428,-1.34488394125069,-1.26709454146424,1.71485836383028,1.96239125557751,0.210739412771707,-0.717744005142024,-1.25553387509242,1.44652406360777,-0.454979736280051,0.554696080085462,1.45848996566511,-1.86640690474001,-0.639579596758302,-0.388010598565596,3.2556764054098,2.44350551611638,-0.894179213553911,1.14648178935799,0.859845991848433
3,-1.09660330429174,-0.946891196637411,-2.52344646983026,1.02575970227151,2.72840217076334,2.11461113429622,1.04840062733071,1.30470899512848,3.12513922569452,0.114851778215632,3.4767881581668,-0.404971934833425,1.94828477801208,1.22152025581588,-2.21342250318663,0.61607095179066,0.996833758598041,-2.41623842306848,-0.658491002516251,1.1777370201987,-1.54304343552708,0.953039103781003,0.561125537380476,1.18690453972774,-2.57714095079089,-0.336630257592867,-1.32337761679345,-1.20259181783811,2.0453826561224,2.63233103564309,-2.58867001539283,-1.50266454991105,-1.78914282834447,4.79203994674108,1.92042078471078,0.265392831967421,2.59516916722235,-2.15974379133334,1.29914093376756,-0.0132090948956902,1.83485154844414,1.19754746346109,2.50047792917466,0.163530188322635,-0.436536523989588
5,-2.40147790683708,-2.32692950302805,-2.51915626417604,2.17702306442705,0.345367189378649,2.78667744548077,2.91310599471521,0.410775610648717,0.921573850056473,1.97968495754549,1.8603671181664,2.40578557958613,1.40815525343398,2.11455256939497,-2.68242175772287,2.45373745157953,1.78251246655077,-2.87393153039582,-0.918319052690953,2.4788371561295,-2.43111905139011,2.02581677183101,1.63366743970158,2.17316841169841,1.16895189353459,1.40413353813989,0.815981992643243,-1.34957884559933,-0.219981271934151,0.866611928904999,-2.04654549242189,-2.11270727267889,-2.30712520552774,2.01124238775193,1.19174605326697,2.32692145202142,1.40998405593803,0.18328151930833,1.5948920665269,-0.907448050255243,2.1805860822449,2.79542036792948,1.73374044599486,2.25203049994743,0.685495216691702
5,-2.51300074237415,-2.78416560034272,-1.69293730456147,1.49375708352013,1.99987392432625,2.75792661724621,3.32833950305977,1.06943243402791,3.37580993493904,0.634587596557894,0.690152127912805,0.632105490920586,1.44207036838875,4.52796616407041,-1.91245109513201,0.56039571086069,1.68887597736365,-3.57642000005824,-1.07805091861968,1.80603867588917,-1.95827919682736,1.23257257327206,0.195565924910047,2.121841414773,-2.56185208020415,0.532380349427668,-2.4620923107611,-1.60742596137596,3.99170460510395,3.54440172243663,-1.55894551222849,-2.0998385550186,-2.486011842257,4.07918447082455,-0.963093464981905,0.434095760326403,2.07180872794559,-2.76196022973827,1.83342440449576,-0.963117276708934,3.8679909361876,1.87215478257832,1.01347180923362,1.05742826855071,3.14982013734664
4,-1.2960036230985,-2.5352801256964,-2.94781802946547,1.43734361589496,1.60276330976281,2.79227692763763,1.44146376817344,-1.55524608997521,0.825601696091363,1.72980856012719,1.18310848587438,2.63219762153569,1.55133178745208,0.719004931736529,-2.27148176094646,1.68049352272261,3.26994419883467,-1.95401742494378,-4.13051910769336,2.33107548893287,-2.06867333642021,2.58788598164763,2.812186023574,1.56566742895485,-0.79886968282225,2.63344845257149,0.180751755294239,-0.966412098827957,0.578099977574163,0.041233680172871,-2.95068570732996,-3.04028026378151,-1.73310003292683,-0.363814189940012,0.985911055376052,2.24629155842431,0.878412108139137,-0.722640382068676,1.40231850690588,-3.14434998967923,0.70955388146664,1.63975805388216,2.37610350095178,2.02140829746228,4.17525485481193
5,-0.96667719597932,-0.691494059497608,-0.802596910134406,0.558763679305673,2.11798238443411,2.09132205430872,1.89742781955849,2.10796410288421,2.96386522468669,0.611964548450988,0.218275372556638,-0.760484454319258,0.694702748929127,0.494783748028744,-0.504022660727355,0.995177683175469,0.345146851555682,-0.18790903424499,0.370876821376498,0.779219624199826,-1.45495970392102,3.83824303477013,3.18198413807293,4.43003091886412,-0.461199081075402,-1.11957016966461,-0.269717059508595,0.228072979119827,1.81991996999873,0.68413624521373,0.258656110407091,-2.37578966180115,-1.47811761950676,5.29454920079825,0.352904074883346,0.0194766899622552,3.27018882890477,-0.844714596593783,0.327757459881669,0.408333663417826,1.92595946696991,1.44303776184624,0.30260374395021,0.408016607274895,3.89807506854765
1,-1.70336653073936,-0.704523041988929,-2.72579074191081,1.06036333564969,1.64963234331852,0.665990397941253,3.69607340590816,0.308975075648948,0.162231224164225,-0.238215483704115,1.19974836542816,0.660355673443955,2.04194519905517,2.92623157014488,-0.675094385169323,0.313731896918763,0.806873964143476,-0.736238699060911,-1.21365398671365,3.60900644297153,-1.46023223005422,-0.277136879630795,0.128538521283973,-0.820745678899327,-0.646169419763836,0.842160779375046,0.505993440687175,-0.650396356387091,0.313689213266916,0.788990452844747,-1.87611935674401,-1.44571653796596,-2.06224621733971,1.20783311506949,1.59037039311431,0.203417345830877,0.589105141756922,-0.784566480757111,0.603377522854061,-0.89523007447028,3.77647298433987,0.874751709118514,3.04381433825634,0.0755046605616648,2.63632338951307
3,-0.335227217381312,-1.11128745789514,-2.79175741938113,1.29452836476858,2.08613032324251,0.498519693540601,4.860070564769,-0.490349191257207,2.52094370007908,0.129000840753816,1.45642954938572,-0.177093862437865,2.14948240467989,1.97641057707838,-1.05352246290932,0.953633649932709,0.247042659570589,-0.0212496595117663,-1.18545828897796,2.73076776193105,0.0116496721783501,1.03120178019057,0.995577970522692,1.15671081200676,-2.62055842265276,-0.0595742417045005,-1.4954684430087,-1.37482351872743,1.97157726690417,2.36239803110928,-2.01249444503757,-2.45197836404105,-1.6498386633986,4.61179824474832,1.41563765753165,-1.21403089598076,1.44461030825512,-2.37253605610358,1.45870726716386,-1.14152864548926,3.71820775787031,1.19654558152313,2.1291873059969,0.0389267380332068,1.77510081574661
2,-0.210818370738421,-1.08061219021846,-0.37274949563754,0.366773660191307,0.590880074028739,1.8423936318241,2.27207211027023,1.56570190655167,1.00156466051362,0.0691902904156445,0.507119209885052,-0.494305183156824,0.292750015859366,0.406303705030015,0.253879752266001,0.923599967156273,1.07717837764501,-0.276247959430685,0.906766382828738,-1.70809274906438,-0.215179250723379,0.321582663815686,-0.375512312248074,0.940182265275548,-0.428851089013712,-0.556014308668778,-0.0958964277205112,-1.13629200492743,0.981518393481654,-0.180408076260204,-0.0604577623639418,0.0027493121163811,-1.08529583302819,4.60978174348885,0.404768304644233,-0.0578105559095653,0.107475666095635,-0.660857949861682,0.058315334219331,0.833010816263932,0.779095188601862,0.748833303518389,0.100538685721169,0.123811870264071,-0.213624633703335
7,-2.55727820892919,-2.47516164993219,-0.533358559187206,2.04576495872233,2.72398151198439,1.50009036598949,4.58550362244511,0.225758221521424,2.57981474847433,0.663691931552517,0.85175557683846,1.87572345599252,0.321893953815441,3.35261490536649,-0.98033976018477,1.83674070507425,2.08316597463296,-0.393923664077009,-2.23894390871877,-0.262756483850242,-2.54183571651077,0.675457869966417,-0.311056141372762,1.3406911024235,-2.6163323444099,1.87421868351704,-2.54394861485894,-3.07189854390055,2.51595500503737,2.45162643749075,-0.3451258714207,-0.0325026924813234,-2.65882361980421,5.64013641998281,-0.531722085280933,1.33315591032106,2.74574646246167,-2.07781860011342,0.228959029432603,-0.889390542294693,3.16538981848592,3.19337195173854,0.729966394544975,1.77898819106295,2.81371339848626
4,-2.71314209484088,-1.92681829165761,-0.369306632681168,0.566896559739601,-0.325847408573997,2.74190902909608,2.72107795443019,1.28828543157122,0.94896203706848,1.16938847477243,1.40605224800428,1.39938749649746,1.02782815244706,1.23434093837369,-1.33008352976557,1.55994649562172,2.69116344161305,-1.05548474858283,-0.82000957601845,1.78787077997369,-2.32817961065528,1.27580688115633,1.36208137206896,0.499618004393267,0.543781671852537,1.56413845710527,0.300741002882733,-2.83075822282178,-0.418455124870868,0.0362089854669186,-1.10717852747436,-2.67609428840261,-0.763423348683069,1.65793508750818,-0.054004004742661,0.905446364683395,1.10677638373997,0.308709346085914,0.490945462742726,0.149710552254467,2.8794621247069,1.78955531042355,0.336718224371615,1.32162061206227,3.20180092879274
5,-0.990035529278527,-2.1714787610581,-2.77109396839779,1.62598218305158,1.27362951884037,1.59122965684321,1.06664206763431,0.539759900496736,2.92962628118326,0.9905691675411,2.26722563822358,0.222794925134321,1.25638366123805,1.97879420510115,-2.96560659954939,0.991169188026661,0.938869822292289,-1.80984757055529,-1.58394797018211,2.04005348005377,-0.843101380317284,1.00564596390532,0.645018307265329,0.853905280021493,-1.44849342349627,0.0050213971929666,-1.78494949484232,-1.4419176812912,2.87498755789251,3.18077464696935,-2.84892293036801,-2.20230125078128,-1.50222882545353,4.22169396335206,0.315265600468288,0.354004904124607,2.50917481523772,-2.18153568411456,1.41963332286926,-0.829991006241123,2.38840931243318,1.53817416690623,1.7404746283321,0.836427095481659,1.85209548358407
4,-1.85563519020601,-2.07438595709143,-1.67407344727699,1.26073868334496,1.12289855280508,3.26740571314949,3.4902055421532,-0.0242337446105712,0.554688129323046,1.46371019308889,1.06602654498546,1.8103971270254,1.73525592382047,1.17269270568032,-2.34397050752576,2.3711064179311,2.27849473271996,-1.17309840657122,-2.47981711925291,1.83825222614692,-1.49094195454134,-2.61177469102303,-2.51140975915225,-1.99887105949876,-0.0961119539221656,0.902784580942561,0.187533168515972,-4.56249828995821,0.304102623185834,0.361598339153147,-1.76038001507433,-2.82455652191569,-1.66004820376795,1.99329730035232,1.66634497047074,1.66589958492958,1.30185862818344,-0.0875044459529929,1.25956427051534,-1.47950635514371,3.11245330803241,1.45800900373114,2.1175135263492,1.53414851417091,0.0270489700860522
6,-3.42031423479611,-3.9767600912627,-0.291961837267929,2.28954932032417,-0.0506733462257869,4.34214590678019,2.87407019285197,-0.858176915455208,-0.479007127914751,3.11055572767573,0.148555415092096,2.95215111788571,1.57273124135295,2.77466886083731,-0.871062944690966,3.11953206431018,3.61252467540215,-1.61154182846336,-2.29024828129569,1.39042085927106,-3.38825841526242,-1.65016781576054,-1.51250894172374,-1.68515202296618,0.0139150948417948,3.20726172460288,0.503192246861348,-1.87697387190296,-0.247107600287658,-0.798904019264195,-0.524771786099455,-2.41605504104073,-2.92914359143044,-0.667651341972394,0.795528454636661,4.48510137050119,-0.0937518200611328,0.223745105872031,1.26778948294292,-1.45950968819884,4.22159599779008,3.7476096350717,0.957383228541937,3.40375994525956,1.54317962108262
3,-1.1611936633667,-2.16699461111312,-2.30467062999265,1.20370436673989,0.59458895344152,3.63035577906709,1.53581012565943,2.16286448800844,3.3316426914849,0.727464535451175,1.16122191920024,0.89433428151364,0.85561828385277,0.48901133012961,-1.43418148381414,1.53821180554194,0.909263751834957,-2.33774418323834,-0.69996073174192,-1.3719125201563,-1.08700614862708,-2.2443307560888,-2.75889534542399,-1.88491154645454,-2.64324537981526,0.387115274087127,-1.68555540975547,-1.91010494740648,2.57442435042885,3.46494059345195,-1.93501760747356,-1.06150642133661,-1.82438970038393,6.34280021461809,0.372644220427853,0.902399353352832,3.14533421414197,-2.45271760206078,1.16007551969574,-0.140490516159391,1.49949057041722,1.46562753274861,1.89664032404515,1.36396714009396,1.47730424974071
4,-0.746206565726094,-1.45197821933749,-2.09487622206413,0.515452879823335,2.03485901527772,1.68613086128877,1.74099671884814,0.187459161278557,1.20894752790063,0.178081577251914,-0.908712704886863,0.344639309980583,1.68688283384007,0.525570900352563,-0.0967031884869956,0.721698416891258,1.40310570349116,-1.16618013559426,-1.56735854278541,2.05695310098171,-0.686542058078736,0.569142137232638,0.58935429441733,1.70362797465327,-1.03287964845521,0.412892896925608,-1.22976316127224,-2.18423286443459,1.65594312223684,1.48765271558049,0.123211167879856,-0.0324054590755103,-0.902827269494376,4.49515236207156,2.25811477514996,0.850875781166917,1.49145525314264,-1.48982272402081,1.60419782713938,-0.90850750455263,2.9185721086128,1.83325135014863,0.708939591930681,0.190233754118529,2.64148712723992
4,-0.5198300002804,-1.64489247202272,-0.424771025495172,1.42362043676342,1.88649347490776,2.26288502704103,2.60710294342707,2.35315131168702,2.73273237146171,0.243097298716878,0.852870537841651,0.396224289588747,0.15769512006772,3.3947643346945,-0.291758397606228,1.15851482720325,0.334095988715883,-3.09568706616497,1.61230099113445,-1.112046638263,-1.14277781710693,1.54020300144916,0.455089854528975,2.45882447385052,-1.85294819227392,0.399917985950755,-1.47928028211238,-2.65046152952011,2.19215412275823,3.03990533078669,-0.560614362423028,-0.779960775856507,-1.85428519942374,5.04225620888837,-0.947519049015099,0.214756442662813,1.6800516751197,-1.99688576501108,-0.246782505430398,1.60354613404766,1.64282180053252,2.0643669541671,-0.144844415205844,0.610687687057036,0.799855165924364
1,-0.260217267341233,-0.31958661743468,-0.421367857477047,-0.0839596729791137,0.713654788801181,0.0620695818471556,1.29947541961284,0.049330612424522,2.63558718692853,0.348022300674074,0.0307163231848364,-0.506341357175918,1.96761018141284,-0.788076584354682,-0.535539405255045,-0.0809104864589412,1.27180379661856,-1.40389683908048,-1.34749784194989,1.61040608314647,-0.599993838323299,1.30315413065453,1.079024929199,1.04610149274715,-1.30901817445808,-0.136115750480458,-1.37242475993428,-2.19837911627769,1.59933481389529,2.2892600434963,-0.904294473628123,-1.53566401462732,0.159258453931008,3.20458449960807,2.5467152742755,0.523538116081597,2.53671820610989,-1.71112871089238,2.60499559849161,-0.784958803589498,0.882685428164972,-0.560008163617915,2.10064534671965,-0.413917642721384,1.36554652253908
5,-1.18769342667651,-2.50850516196277,-1.88058431516778,1.82198496609402,0.72288752551126,2.1097014355454,2.840778840282,0.74593917366997,2.62020319806299,1.6751802802307,1.56845129737703,1.16891201540231,1.66449957019406,2.86440737992289,-2.03961307834332,1.6016508044146,-0.115600210608653,-3.10412901133984,-1.43557180657925,1.69015984153304,-1.45089021183907,3.09882175531485,2.90848451153652,4.53548450371094,-2.42707518609796,-0.632020494898351,-1.33284677174257,-0.4776553768528,1.8852988769783,2.22635416446104,-1.59014784231017,-1.2074098426961,-2.79675355468621,6.3152809069358,0.654473262055471,2.26092017700522,1.87355539012738,-2.08715503820629,1.40945772722757,-0.660300064884054,2.39639399144601,2.05578067654247,1.06520650543679,1.47615656299262,4.13664388063394
4,-1.37167776765516,-2.79004358512657,0.0149335684847309,1.04096294513042,0.759293677551904,3.48444218898683,1.65213731622129,2.09251345318734,0.654270507851864,2.07593391541926,0.626132151380914,2.13105432205495,0.258790481262001,0.891209285348564,-1.79989282468416,2.10141865925487,2.6619497585356,-1.8558033280515,-0.345959059595085,0.652502567929205,-1.31482639937137,-0.0480464222564617,-1.09424030240378,1.38072553947022,-0.834395908585834,2.0288679679044,-1.1814644902711,-4.01522907275685,0.977927660837819,0.650086759007345,-0.411465916681132,-1.29062131234501,-1.32024632127196,3.06804628891443,-0.410688456289462,2.37945371038453,0.648618100195955,-0.816694061619526,0.212372275597826,0.233653213065176,0.921937518391443,1.64276069650285,0.209354783226105,2.29391369076559,1.51320242685876
1,-1.01296216623926,-1.53458862624873,-3.8239331317946,0.89461938675514,0.996816693795327,1.27404908092592,-0.085341181269411,0.886649302351502,3.43361914557909,1.38008911981834,3.14339844188877,1.19694807889027,2.92886196999658,-0.458283580258199,-2.68086979187142,1.66521787597478,2.03974091738361,-2.75627930982571,-0.275022104209141,3.7661794496715,-0.957417430662784,-0.507904773754851,-0.352368458970277,-1.55402637242811,-2.9158408982197,1.91331525886985,-2.66325502037306,-2.20329071276906,2.69540003066151,3.56059272980018,-3.80243525245029,-2.60793398480786,-1.08832019698848,4.43154955629689,3.07906999728947,0.877360180205692,3.92406620064242,-2.50299114580327,2.6357298713078,0.189580648597848,2.22485532979754,0.105201831636472,2.29530838262313,0.694010006934024,1.27971315923054
2,-1.73004339524738,-0.661132480862352,-2.11290655699699,1.14682324168839,2.82586790930204,1.39983187966501,3.02753065632864,-0.736450812704991,2.46112860742771,-0.168194700898124,1.98105567815495,0.302021139894609,2.08080690368527,0.675578518841308,-1.07497181946491,0.859683328000476,0.271430855684461,-2.45862065557221,-1.65869010127379,3.07686254589501,-1.82901385332486,2.54201686426045,2.70196719427768,2.78733401335089,-2.23849337326595,-0.539336185777408,-2.45914441962414,-1.34706920556671,2.61558982342845,2.8163421507292,-1.60680445440489,-2.32764922433765,-1.18009740434664,3.6250359455651,2.43460464369854,-0.763503372752155,1.38317032502154,-2.08871256447253,1.74340284938377,-1.2253744751406,1.92681356896214,1.23297870532706,1.75915311314113,0.0061761186630331,-0.618303949946895
9,-3.32145308778185,-3.38365933798345,-0.276686113296579,1.66001114275143,3.09432210453903,4.45685158123144,1.54281338204925,-1.82519603775679,1.32298536157472,3.02095848630794,0.801428965680405,4.23937518968789,0.728132198177482,2.92077863646798,-0.20503884958564,3.00964151928896,2.71968452511038,-0.649055154726903,-3.05010978929525,0.46118066648514,-3.28431394778793,1.17086885867542,0.457796783537473,0.29050082744427,-0.259741404030512,3.01240897339289,-0.22028298737606,-1.32392654455264,-1.12479474036942,0.934359569851297,0.0572462234201124,1.24763254829761,-1.48425956503735,1.13122690130636,0.0558487915982121,4.0695485941482,1.49415615465949,-0.209787230514001,1.31781845430824,-2.21596300894011,3.92455092512616,4.72452042568815,-1.87107750899539,3.08664189171407,2.46756569656857
