target,aceB,atpD,atpG,b1191,b1583,b1963,cchB,cspA,cspG,dnaG,dnaJ,dnaK,eutG,fixC,flgD,folK,ftsJ,gltA,hupB,ibpB,icdA,lacA,lacY,lacZ,lpdA,mopB,nmpC,nuoM,pspA,pspB,sucA,sucD,tnaA,yaeM,yceP,ycgX,yecO,yedE,yfaD,yfiA,ygbD,ygcE,yhdM,yheI,yjbO
3,-0.660068424726162,-1.68563661115454,-2.68715722945546,1.24372430681502,1.22454862121869,1.36318046626403,2.18414270697443,1.19860951945465,2.84224340113476,0.0677366291482968,0.745541617771782,1.39193444497825,1.37428978422489,0.984296196772159,-2.03727117397813,1.74167142168487,3.12478003121991,-1.50718271585862,-1.74560027443786,1.58443935869064,-0.890866039181645,1.99848317134784,1.53434930741554,1.37568721584212,-2.29909743569733,2.59632860829009,-2.13727566967446,0.153355297709751,2.36700593640629,2.28847309433835,-2.60706105402919,-2.39752473980694,-1.60989671883151,4.12165530211379,1.17033171419221,0.481699165478233,2.32898425954095,-1.94693827347076,1.47230916802776,-0.813170183623726,2.09256310447931,1.58445409467778,1.13760078466837,0.77734213538216,0.971502610118505
1,-0.773364156244843,0.786967757629944,-2.17327484702641,0.0446359347908813,1.96269691352067,0.14694983141192,0.697252711903927,-2.28247015474647,2.3487259297223,-1.0777203049893,1.44859177015649,-2.52309656949605,1.53732236634239,-0.885595989449644,-1.4070301066286,-0.653378784052638,-0.561967369331767,-0.842896948384573,-4.5839669057599,2.19193179636751,-0.688432469395541,1.38645446662519,1.1896821558523,0.948346264055438,-2.17043870248277,-1.63865700305965,-0.714138401811546,-3.07951978378834,2.0523268304682,3.41320383350089,-1.90278161815599,-1.4348430394259,-1.02618901976322,3.44646898554697,2.03280334862056,-2.5528417006233,3.00846555917417,-2.18369292790512,2.137831859734,-3.56318794399265,0.917172473369636,-0.457293916086083,1.86413973989071,-1.35231364595868,3.92276150033388
1,-1.08709001149475,-2.61428597903352,-1.75304689418484,0.893884373744241,3.34475828536821,2.1508237437262,1.35485318364779,0.392996762772542,2.97937942838842,1.55193112914267,1.32212066194906,1.51618738861853,1.68167602481933,0.0267253579326124,-1.12339989882215,2.31474838580875,2.25886763502073,-0.938602315125199,-2.11939010248745,2.09037006478925,-1.40387594373573,-1.18353807021287,-1.74088002906878,-0.104359144165024,-2.79568840737398,1.63431711689422,-1.50997261573296,-2.97004172063859,2.88311181381536,3.68160450280388,-1.69439358797296,-2.46636822603163,-1.21614640605796,6.71290394202482,0.932560853725538,1.72824759948708,2.76071117704896,-2.38731460856135,1.5593855903818,-1.68469690976794,0.0647416336146296,0.340082780983637,2.20488404854797,1.54372709818095,1.43132911979946
6,-2.5457771913572,-2.3838567427116,-1.2493727846616,1.63588186097038,1.96496653112742,2.49810158964682,1.99079579226585,0.699309180014854,0.536071595890245,0.90354193766509,0.607121767960648,2.94051137106754,2.01004103456598,1.75777938885651,-0.849154994286381,1.73435343597761,2.78911106493851,-1.28835087464936,-1.16729596925625,2.30944829676034,-2.16598076826164,3.03313065193842,3.49486257169124,2.68329844664594,-0.859445316373382,1.73367858790079,-0.837310216121452,-0.834709399488961,0.792846540249525,0.960508030773083,-1.33464238822594,-0.574171846829872,-1.56515083037592,1.77719776584274,1.51910748630707,1.49415490921686,0.22510496321438,-0.617976599415413,3.14641246156836,-0.112637945865984,1.42597582708662,2.59242288042729,1.18627480253446,1.56871775442233,2.51531381239035
0,0.4752555040496,-0.393354024030578,-3.84315883210909,0.567699656419032,3.31255425940367,-0.614471178124737,0.136430447563097,-2.00771327115668,1.62075301389894,-0.861049108524706,4.27047784122645,-1.19466653186393,1.19702019890058,0.405190883551912,-3.99022251207113,-0.0791623574629131,0.0237194552362274,-2.6150164023848,-3.67889691324596,1.95526754159749,0.390579756470338,1.18319677114499,0.903043759343574,2.14518707820033,-2.20376972470799,-0.983731883461614,-1.56853961966857,-3.72616817243565,1.80282515280497,2.90721052764802,-3.04478727319843,-3.53783528585196,-1.55172560446876,1.94493154090147,1.26788795792569,-1.11450752953329,0.669434750228093,-1.92227204377452,1.18921503222223,-3.02173680861403,-0.644866122087031,-0.863285349405432,2.36719928754804,-0.903141327622941,2.58824512594896
5,-1.05832091000631,-1.59963568944133,-1.86131424547708,1.05656284939247,2.48265902299458,2.36301747268691,-0.234898454781384,2.25880484053988,3.11652628245071,1.59335678313905,-0.249786346528461,0.69678025626118,0.859130664040873,-0.0116558244551763,-0.250198811783331,1.14271605556402,2.04222220292181,0.497860750088281,-0.837726300362584,1.59977841109025,-1.60152691580052,3.48393419137828,2.35178716948068,3.89342164329025,-1.33924264895014,0.730360855882983,-0.527598736232539,-0.0775652050116384,1.60931023700197,1.70124509243105,-1.41379410105509,-1.12430471917192,-1.1808066198738,4.33879618015242,0.968842254527002,2.16709183834033,3.02723984066495,-1.5161513608341,0.981696186733132,-0.313043496203261,-0.123954470157844,2.07039902693274,0.0180303623142222,1.02178046550526,0.0488975571993953
7,-1.17910558997543,-1.56947686341278,-0.911716588937721,1.57444737000453,0.373901814135557,1.96883221203934,2.65492284629112,0.340124415833176,3.24389617694298,1.04621438345559,0.254166971668536,1.5291375246673,0.78974682092559,1.99599929713032,-0.366966901638409,1.97393422436634,1.58294994162599,-1.59003836356821,-1.4047351843919,1.69190280266369,-1.04460963259973,1.56403075979107,0.48022061816739,1.97067432469798,-2.06426471468088,0.783210142578986,-1.43026151724283,-2.7115247479459,1.20084080675916,2.13644597909245,-0.298372352581908,-1.16117634668929,-1.5264770387103,6.51845967557878,-0.212308368099895,1.90440161645224,2.12169115854723,-1.42851641189592,0.923243326773786,-1.16800960675179,2.4423710643978,2.937163239456,0.377112250526183,1.71396056167453,1.71541931721974
8,-2.80487114644615,-2.95774727016651,-0.357541029713931,1.22586748172352,0.773221991930336,3.65488725247463,2.23705687857668,-0.136050813729393,-0.0886943192012462,3.37868854857748,1.26178996170735,3.2210632810594,0.817784281638726,0.906112567819381,-2.19419932742752,2.88701248953903,3.40611671629787,-1.40253318363704,-2.41756529710932,0.45564926137617,-2.43537129911503,2.98696526187004,2.28308950543107,3.18596272394215,-0.542705591721644,2.84863884655935,1.11566412779842,-0.942943493253081,-0.333025544254612,-1.10414923815749,-0.168027202113515,-0.77848099391948,-1.17322655980617,1.27347752251541,-0.065550911599482,3.49983480525033,0.306176056067203,-0.0414280312399242,0.602052654232342,-1.57513939069219,1.39152493225874,3.86794702344373,1.39665450051991,2.99223692691464,1.86862689639733
2,-0.529849803497772,-1.12004774487967,-2.46165968728925,0.737698292011194,0.212750248518877,1.49542184240173,4.18437094659009,-0.0702869791174131,0.905561465987897,0.412677807613434,1.92860587359282,-0.688024881044879,2.1526331444415,2.6912097541224,-1.98836550638493,1.05471394734078,-0.013049402299517,-1.53845786606942,-1.36541282169676,2.79753765228152,-0.788136846608155,-0.373985945501897,-0.800110750477575,0.498885513173832,-0.34931329821794,-0.563052531957359,-1.52277146572192,-2.01205350845457,0.0866920374053477,0.0570123775177397,-2.16529588326442,-1.32365502835932,-1.56488913991764,2.6126337395452,1.02729122859829,0.505210199192813,1.09109680284028,-0.542003400884669,1.83407804666167,-0.931801800227602,1.00751163417148,0.992508551155893,2.21210939069998,0.621283651057032,1.24006830530911
0,-0.291991414659761,-0.573085900668793,-1.20229869318021,-0.213993322888971,3.082111088879,1.64126254664111,1.4721510729173,0.193253120760246,0.469530116772402,0.0842838036018076,0.712986914515296,-0.50818714145628,2.33457321093595,0.652273805261071,0.0227389229490539,0.957554399627238,1.81891786119983,-1.76925162471086,-3.10078720385701,2.95208936974542,-0.165605870858625,2.60552119647501,3.37196296357373,1.53401271344553,-1.54196365093235,0.592927853257229,-0.614403361542299,-0.405114242487325,0.97557093147433,1.33930143691552,-0.539052447098463,-0.402421206925199,-0.403803203867133,0.211276753194031,2.02503699776748,-0.0719004004268665,1.17552427834221,-1.04450293887175,1.66426213286847,-1.56340213668806,0.770859876634362,-0.296884919768738,2.23036978644962,0.0931048136618995,1.85130171671334
9,-2.72939033579442,-3.33661927353251,-1.39236690126784,2.68010651302789,3.18376946473413,4.10302317749538,3.17531013531171,-0.786299758107913,3.62420251161065,1.84263180776394,2.35207736455888,2.4937193574503,-0.280669688654572,3.49497066909136,-0.0460870908029957,1.80573075614673,2.61792359729825,0.425201564590473,-1.71277232411021,-2.28833558065512,-3.00497961219243,3.35086974777613,1.68463358089829,4.90265306405782,-2.39037717485608,1.73217629877943,-1.58752809276846,-1.53566326770219,2.24931837075416,2.99613704543908,-0.944104302910702,-2.09742866586156,-2.84562526468999,6.54266562101057,-1.32183836516003,1.63643454137809,3.96566674105872,-2.41125065356627,0.578123980781903,-1.49577275134573,3.13285928511297,4.79804013074886,2.43055228033087,2.54561512537982,0.902271517345133
1,0.88203744144545,-0.947819243650605,-1.71515531215846,0.518728866068874,2.9393529657991,0.864458988835281,0.610237709130856,-1.22118069688422,2.49553430174086,0.566328897081708,0.819069689916869,0.67815448030398,1.00457326517601,0.453793450971071,-1.66231070132757,0.489255072946506,1.73651671917462,-0.859722460365583,-3.44800315786548,1.4543016539191,0.561124485276294,0.17746965491674,-0.134276066909899,-0.0946283141969292,-1.45310363876946,0.271112176469642,-1.22872788666373,-0.012590421259208,2.04948319161973,1.95117596145509,-1.73282112531859,-2.51042330412476,-0.796350840590795,4.29821996982135,1.37132592751472,-0.0597610839196565,1.87260977786412,-1.75767282264359,1.52791965725549,-2.80086503487051,2.4111094104173,0.0378674037299283,0.470225696418179,0.269021929490902,0.113101142372439
4,-1.36164923780211,-1.63542095471772,-0.293028458521264,0.997520427586878,2.42573288140223,2.00461546130481,4.57314501091237,3.92149035438541,2.04175254641201,1.04577083335254,0.023270971763897,1.3721776431061,0.372305470320538,4.37304340163209,0.0205584620950529,1.93491899460537,2.56439732487279,-1.72686989310297,2.37980414988579,-1.2916430010767,-1.18802606186194,3.42574551665948,2.62472469638016,3.8351170921014,-1.23102715067293,1.87841768215949,-0.52623290163228,-0.41617192010669,0.206277067969641,1.05429658925175,-0.245133575239555,-0.337794114479179,-2.10866594338085,3.71288232138293,-1.36297547817421,0.674708129101414,2.14207083990179,-1.10037169564074,-0.185723994489158,2.44846055348653,3.75346840107344,2.14861721396552,1.22415045968524,1.61656476258888,0.937517842474244
6,-3.25819914735707,-2.63670934857959,-1.68890427346485,2.13651367477458,2.38819367227499,3.29417549028419,0.809731601272354,3.10145613239799,1.38351030451602,2.51093327099111,-0.159601709632317,2.36288704851778,0.246612234774702,-0.891864155428679,0.0918555268008244,2.64067625349909,2.3090312750971,-1.69535571844394,-0.301961193945407,1.09907830550151,-3.20811583948859,3.38400781671804,2.89419917022983,2.4275795169269,-1.44288961388063,1.76440314199376,-0.524004416963662,-0.885574069049706,1.29963214796365,0.4740479238116,-1.2371988913694,-1.60169960094182,-1.85486785800521,2.16585534462666,0.615635150357699,3.11287469634685,1.41719123055213,-0.996965530920365,0.252582111545883,0.407945262614943,0.785868041376154,3.68289578023044,0.845626273011391,2.38917939585101,2.79618706601125
7,-2.25838223417897,-2.76437665965394,-0.694938641058554,1.71477999550454,2.98784541245125,3.07026172263675,1.22360513042958,0.898697030247801,0.546351387668516,1.26944850154275,1.71848972820629,1.7355916177905,1.96581029590776,1.16642190934325,-1.58167486384978,2.69963909393272,2.59151628406353,-1.99577329828462,-1.25069490510396,2.31697959303854,-2.62278661666042,-0.307584418715233,-0.510193272362885,0.829156653047618,-0.14558428629402,1.2387574540043,0.437112282637609,-2.74068752496693,-0.0944846205417071,0.124661028023212,-1.18080522742479,-1.3226283040951,-1.97135280624228,1.115571105557,1.75992387128724,1.81947823935986,0.359842628771914,-0.298721689546228,1.56554202016922,-0.726576526043265,2.89704760243275,3.59738608158232,0.60872439586174,2.23558016195396,0.89875434931849
9,-2.48556990093036,-4.50213184474915,-3.04859243933527,2.8833614399473,0.101450108703852,4.31823632285191,4.45030116733691,-0.60209672940902,2.58160788850284,2.74835675701542,0.295335200578942,3.20094852538854,1.65265868052092,3.48529003741414,-1.25035635870804,4.39607163410912,2.34986609679648,-1.17957328786717,-0.350709462696531,1.52263213067012,-2.38708698256366,3.91624654396388,2.66918426117373,3.86824688033785,-1.754347198156,1.30901992977524,-1.75692620644699,0.0333341925661881,1.65747369657944,1.85740789978027,-1.7083830164063,-1.50791025997078,-2.79306931070496,4.06759596766171,0.0194454369887174,3.91458838452381,1.99834780891479,-1.10184498534652,0.74318271197761,-0.535902439363049,2.15985943065742,5.45570159263384,0.977758143939472,3.78877241066094,-0.818629272295292
7,-1.43290372113316,-3.42040953724582,-1.7244360490257,2.41917627395218,2.58068936942391,2.66562819084189,2.87420076357678,1.48719371743283,4.16250715604883,1.00402495695006,2.21890106712322,2.55252713353089,1.95677692815833,2.90425696071122,-2.22117231079408,1.94997022573562,2.72585991873,-1.59491739122869,-0.835168041758265,2.69168418928242,-1.78093798069635,0.671207809753273,0.0419397595002117,0.442065047519876,-3.5215933146792,1.69464301707222,-1.66336510083295,-2.46248738934521,3.37736526928461,4.27061889841289,-2.20749583238912,-1.57098888553276,-2.86662579016088,6.26237479887317,0.999220073147873,2.36981815402739,3.08163709862579,-3.47627048889494,1.69405435557376,-0.482811774843035,4.64913225967919,3.45452085482512,1.64434021882943,1.77332521607773,1.45731356309363
0,0.194723377884618,0.477049817215851,-1.52718966830845,-0.0153506341568255,1.29288847805007,-1.50079311411301,1.21133482548812,-0.0939729697149949,3.73832436321594,-2.73298317172559,1.67597936235042,-2.76994610729491,1.52030470969453,3.05996687474825,-0.770094234590366,-0.905290242395571,-1.46874827604845,-1.62289450072537,-2.43210252431856,2.63748852953163,-0.14320766238912,-1.60499143711567,-2.06597112356049,-1.41480485135092,-2.45111393548005,-2.97401224026041,-1.50111061719917,-3.15067868151819,1.63764462530039,3.02136946606421,-1.2778387180592,-0.638853787930433,-1.35828340804501,5.81214294911129,1.02174138295635,-4.52324852096808,3.4218499176686,-2.45160446389242,0.787044785265985,-1.81752254862697,4.75980678776611,-0.92601688056116,0.991613797769718,-1.97808543194245,1.61021290545165
5,-1.99456744096996,-2.68101790986719,-1.6207148155963,1.43106612266014,2.55458353457553,2.52019552423567,2.68462644548775,2.62599933565127,4.15902922575822,0.973367796947578,-0.0348122052189629,1.16948066291044,0.431150919452915,2.71383128390829,-1.08524989910404,2.08718018299568,1.46535099310546,-0.266089143626999,0.655097469115252,0.082795136007215,-2.51552481092731,3.16423239115167,2.09053667110905,3.93297203825238,-2.69265070730736,1.14728499419639,-1.53955414241258,-1.71948257801236,2.82495591055084,3.37986527890452,-0.483296687460045,-1.24559372944963,-2.10277104313958,7.67826825572148,-0.0793629405855303,0.816674119689285,4.19546274212403,-3.08807053052833,0.103322276313453,0.901766210305152,3.33200145661407,2.58913124788712,0.231387486827019,1.73791434953768,0.386940465938025
5,-2.08665648112146,-2.18702457683306,-2.26282361921397,0.710550665335154,1.48849831145081,3.05170369215952,3.32624621177182,1.83687791257567,2.00627030520958,1.5905069434038,1.11036036923115,0.586763347015418,1.63548185221765,2.23880338788726,-1.92959326734432,1.365841531531,1.49083762479367,-0.923757673932498,-1.62007914009311,1.85979818853301,-1.97247428332964,1.352430296865,0.729856664459232,3.02942694494303,-1.19760171890889,0.574696221953648,-1.16983778047806,-1.28818306734519,1.3725025741026,0.753167183960542,-1.3995797469723,-1.68398516178019,-1.77976330567724,4.52418547467265,0.596672995275426,1.85342564474279,1.25795577202219,-1.08410631760813,0.940750848994562,-0.449249452468788,3.11523916567541,2.38284070428421,1.36292698917348,1.24836217527679,0.271168273205714
5,-2.14431556676284,-2.17739508616066,-1.6812215114393,1.14891963772352,2.07986096802401,3.20464107317396,4.03559902021617,-0.601809841871501,2.38017813511299,1.00822691051872,0.111131540597078,1.80383916534654,1.247920101983,2.44281173263946,-0.930891454810743,2.23401671130703,2.51023526723093,-0.896767137162674,-3.44958669804417,0.78331781292703,-1.61784748833043,1.03792352551991,0.385843968868612,1.05291025916206,-1.40461915878905,2.80787078762613,-1.34109575921814,-2.26536285488738,1.9354263326374,2.28918780304804,-0.312245832171909,-1.28186512704656,-2.13715364230229,3.83842872647396,-0.0137364679510487,1.26615853619699,2.67297303114473,-1.54465667087517,0.678167902577331,-2.57247896904428,3.21692683218093,2.45854997033081,0.243361226490979,1.67903313629039,2.89326164237017
8,-2.87053963750247,-2.95230149886737,-0.682774539192084,1.84577795842246,0.064568178508507,4.25723966773836,0.159714806473937,1.13614840420739,4.36837732989607,1.43920940639476,-0.978230774655479,2.25288796502864,-0.211757866316,0.0094025256108831,-0.701801064530892,1.55707360393194,3.69149793492367,-0.800177331493464,-2.40447537765721,-0.74803314534392,-2.95806322417222,3.59585817074223,1.96331097739926,3.70708916328749,-3.60882964165124,2.37431674971933,-2.8411007917236,-1.93238556410229,3.17161339156663,4.03776238111639,0.605999507692817,0.242261225226679,-1.32203724180452,7.88748933696274,-0.60998744272423,1.60829741970153,4.08804884158567,-3.20136409089303,0.436181044902598,-1.30263353196659,-0.421030818998991,3.92017715709216,-0.572525303602452,1.83725088401718,1.56203985480663
2,-1.35738054540222,-1.03984540174787,-2.46052776998829,0.989575101137375,3.38011587251181,2.44363030206293,3.160946286762,-1.13918188225718,2.08610967290081,0.318523747862356,2.0313418792713,0.0658499197355197,2.87400819452062,0.97672432433083,-2.60934287731965,0.418619019592056,0.942010145099935,-2.24735650513607,-2.75183858239502,4.55176684342647,-1.38935306003958,-0.612485909538875,-0.616032557141861,0.117813133920957,-2.05754327129697,0.662078500977437,-0.553487743599603,-0.885770848729097,2.22955173635631,3.42054185108988,-2.26225625866787,-2.47723748663639,-1.48889566620303,3.31668365452213,2.42728112538401,0.538116162553824,2.52843595188683,-2.66958455253537,2.20851842329537,-1.8909086800721,2.18394865802424,0.576327153837572,1.18199727707485,0.5991106806906,1.58124108131491
6,-1.11777688065918,-2.17935674568567,-0.0039919459482191,1.26511450979999,2.05547514467311,2.41700968914244,-0.769250856259592,-1.75344918987259,1.24446058667691,1.64080742590386,-0.622461805273775,1.63698380285668,0.0371438577456011,0.841331850159342,-1.60848692864355,1.64206522644345,2.71489226948212,-0.781290940661948,-3.88733237972627,0.909168303731274,-1.18546947596807,4.20443150380556,3.44787141947835,3.66040653639881,-0.384952882639349,2.00475637725714,0.922000105330088,0.758342738132587,-0.420863177156992,-0.0238979368462809,0.301097471355716,0.131183850597108,-1.38648479095611,2.30636641657478,0.270133590972547,2.5826123491642,1.62325966865734,-0.081735552626328,0.205541137937368,-3.11758138158966,3.0137790748089,2.47138421373588,1.15605080280007,1.53038659919034,-0.0945233324542923
2,-1.02947511894325,-0.941186810157777,-3.99322700569525,1.72762946232605,2.35582714858595,0.227762916223416,-0.0561351331707153,1.41585580778854,2.36384250710424,-0.224727383450069,3.70188219890922,0.101444259743431,2.70250484830648,0.979361565982602,-2.37341570453139,0.549604766511354,0.588775403753297,-2.23805620073607,-1.93702142383496,4.9770304848992,-1.06320802435987,0.689532643211063,0.518613116059205,1.51788185780755,-1.76500931484801,0.153975747695009,-1.74456981454299,0.730080183885992,2.05778698994565,1.53763225123354,-3.34903484870957,-3.03754586164422,-1.62415458007032,4.66506084747078,3.53974131343789,-0.652574802761724,2.56318779370586,-1.52782957303003,3.22479956560497,-0.643191617295192,3.53104591220949,1.13280736637848,2.80843190446407,-0.333574366853004,3.77245893335587
1,-0.628323319063419,-0.625207251377337,-1.45347039650201,1.04419390290558,0.749553864938412,0.776509446988282,1.45473554492023,1.03512978100894,2.06696181421852,-0.912083093967636,1.9180763361912,0.286753452073363,1.54642471506851,1.12555016613554,-2.43154100419324,0.421944045587781,0.801425249754234,-2.73896608637755,-0.18529758139474,1.50817340106996,-0.963052126016758,0.144600132334537,0.196794794011573,-0.273116253114576,-1.86078433430072,-0.130769099450452,-1.44722561012557,-1.28393263762806,1.41145063490568,1.91874999603637,-2.71742882058365,-2.05303183711508,-1.69938010554506,2.5919375783767,1.14832174778158,-0.831850421009672,1.81615290392202,-1.80903691164988,1.516858172931,-0.0268512259146662,0.595606708752388,0.687462133458522,2.13607525621601,0.188317307741924,0.271697910731574
4,-2.10652752952165,0.420396900732645,0.54509331933659,0.185227602636597,1.54662256934736,-1.96666534683131,0.792471778616434,-1.11896619057047,2.60410796437948,-2.23538286860746,-1.46826267843932,-2.32693200780668,-0.37209212687699,-0.338334116838795,-0.428259463681522,-0.394307673225626,-1.14930721847404,-0.993410735875265,-3.70513413481214,-2.78858093980832,-1.85444470942819,2.16382077862911,1.54951400173137,2.30824193257545,-3.04656960491423,-2.14271259912444,-1.16282031653009,-2.14541185842043,1.75190597324085,3.14676431201281,0.754412088270121,0.114227903206741,-0.224175471132301,3.75180585333452,-1.26344429421283,-1.93219184269159,2.629287942059,-2.25584519689853,-0.530047250757521,-2.5429221531929,2.59761419523985,1.88857779594767,0.623520355223446,-1.82996720316003,1.91708251185945
2,-2.33698915279042,-1.99278302671726,-3.11680974831908,1.20661642621093,0.897030143245508,0.042187893062042,2.56449706212463,2.9281957292844,2.35796648284234,0.444576070710368,2.62018960768612,-0.613094254215431,2.37353885747499,2.19592607786425,-3.04626663364147,0.516117425099593,0.227220163134548,-1.56616945264882,0.526132497041971,3.75596149905466,-1.95746380943891,4.7088437004502,5.41537484960755,3.69800640922794,-2.72332974079192,-0.870882136485951,-2.05409801725236,1.55691792764244,2.64294290931226,3.86946246818587,-2.9969647693079,-1.65540940200232,-2.14435534957399,2.65554387583791,2.07617734902305,0.569030375412964,1.46153903805892,-2.50598123963093,2.97834930963913,1.47572323087602,2.75058462388657,0.903880518340975,2.41859544687698,0.355066315815757,0.775860859166019
5,-0.668163931547785,-1.62012307040302,-0.888936131360908,0.73620393832514,3.44302187852017,0.138070136556518,3.75943314336786,-0.282799079542198,1.92366052789222,0.479292960347529,0.993078588770439,0.418617273687347,0.436127387152992,2.42775231411504,-2.36781908781056,0.87751819132915,-0.295946868769909,-1.07281438414936,-1.76202455511043,0.89805978151061,-1.03270288466833,-0.0999563294591543,-0.493718181651825,-0.847658377785454,-1.27508602746586,-0.200869441489405,-0.560937456687173,-1.70069539636464,1.07817424906292,1.25422578648299,-0.639664647054191,-1.11494136716093,-1.42646335480167,3.67280534646083,-0.638416901244908,0.0926706490163297,1.38245985341932,-1.08395796770434,0.45146765900747,-1.33121282227847,3.19052708728448,1.39091493215804,0.858647005275807,0.142590128204001,2.21306034520657
1,-0.801543760390308,-0.657903577937378,-2.434899861142,0.667222119760061,-0.276606550432311,1.29257840016183,1.13530639654853,0.0583686763835679,2.29593068718804,-1.05128377307241,1.93691556191799,-0.719387483768693,1.14065819360735,1.55449688713866,-1.76343210018391,-0.136308801122987,0.373519341116676,-1.35433575218334,-1.66135969711677,0.773919527628697,-1.14759542544054,-0.214953019632267,-0.623998427163378,0.148632248975053,-2.22648396470448,-0.503970173873947,-1.81996338061472,-1.79645671218349,2.03325872592266,2.34514741319229,-1.8329926868156,-1.18730623989997,-1.16109281942081,4.74271660147326,0.781925439469373,-1.1641141941177,3.16153657507587,-2.05251056445238,0.270588670032771,-1.43827802772093,2.74527981154977,0.499445251261335,2.61491888954706,-0.314279173800417,1.31217234094076
9,-3.92114479372856,-3.67743985500541,-1.58648735965258,2.63366906403186,2.19454466090072,2.84556764968911,2.8315778643227,-0.92623284072291,2.85589901831641,1.17007219522164,0.826618325079707,0.88747301532796,1.67725492044988,2.087366015668,-0.518692296948539,2.85935768760723,-0.0508266495112595,-1.93430680998662,-3.23154073431268,2.18151202853063,-3.40206708431542,4.00755256239733,3.53883162976468,4.04419164221168,-1.86376458835827,-0.160553831928648,-1.29553328517061,-0.572627500038639,2.47643176642957,2.85236405213531,-0.951779896453744,-1.60143717197337,-3.05376817703216,4.12693942622718,0.726031379415673,1.92451212373597,2.9019308862725,-2.52445477121192,0.814082954350261,-1.92557681478966,3.33579072024004,4.5352528492938,1.4920923035617,1.89604069997236,0.452478323319352
5,-2.32495958903294,-1.47531665036718,-1.27364682155493,1.62914901886152,0.795504855992125,2.37226209546135,2.28466997582574,1.96838084262898,2.58154327868041,0.806869868093124,1.64984919288165,0.177899149595147,0.849056963316565,0.800893552060227,-0.684894247680062,0.944845575922241,0.560841035954739,-2.33044958157223,-0.439291385202966,0.638263619350867,-2.37635194397663,1.2627072324847,0.526979254840433,1.98272238193173,-2.37237313977705,-0.172294667281176,-1.58347768730674,-2.48926250552453,2.26073617207528,2.17245326923041,-1.55822329985521,-1.33826964656315,-1.25830768457212,4.57395402744264,0.321925166011314,0.412231534160177,2.72282110776592,-1.92269850213583,0.335626631176151,0.054746753365529,2.17800271999805,2.21144307992184,1.43835385435928,0.695940270660727,1.65796380928869
3,-2.27615174612596,-2.56470297932911,-2.61065276533741,1.18079927644381,2.09305350024499,2.9431683294729,1.24661432765413,0.856158604452984,1.76849603357723,1.9592459895683,2.72137929846027,1.81323291419421,1.06998405714425,0.530335894454945,-2.32681678794881,2.27062962801722,1.93795781711321,-3.80924090105136,0.377856617832367,0.887312576013068,-1.55298318807288,0.0775925774182886,-0.404442411164749,0.458989962639786,-1.03791437189638,1.38505385551779,-0.268069241968663,-3.41472279455539,0.70465331568077,0.295628876447523,-2.51530403248995,-2.32174810744136,-1.59563930187916,3.2532337597494,0.844258912790624,2.17186260025585,1.75204012936387,-1.1695141816985,1.66889929959971,0.401938793080804,3.52938552827011,1.48471939325936,1.5190786209408,1.68208623786011,4.21638101511331
9,-3.57385400443829,-4.23703142003392,-2.05361954573469,2.57998200032652,1.49299012618922,4.15483532851496,3.30226031979677,-2.6994357536453,0.1208723633061,2.22307229279367,0.88608712332535,3.22295826530619,1.04218007563947,1.8549738394412,-1.99263780152092,2.97374980821856,4.02556928662109,-1.96016691980414,-4.20942680920357,1.37853353993064,-4.10856163676735,1.49028213360068,0.753348927060198,1.5170765156393,-0.523622944881922,3.38709903045598,1.04306840522016,-0.959044193881727,-0.340605544837664,-0.059521634808039,-1.93748183847909,-1.72660245158801,-2.32527197565302,0.39321959253112,0.639973630571377,3.27064172674878,0.823993368916893,-0.472921908796179,0.982468247047552,-3.42489195836609,3.46386986237203,4.81655161735464,1.50900383750242,3.14638177068932,3.04915063857619
1,-1.06432094873459,-1.48068514341116,-1.64894976653868,0.368879751185891,1.30865312516985,0.97133457168561,1.27301782019512,-1.0867252708248,2.47055066454369,0.20860103726727,0.611567938274138,0.422682068921377,0.278102075952335,0.554659113200236,-1.34362686100666,0.497097348407539,0.408390485469733,-2.18857916924132,-3.59212537018447,0.915202988465714,-1.45236987353343,1.64712300895428,0.899472555112456,1.22100543443927,-1.47952819213179,0.202645549066055,-0.803994837779572,-1.39164992124702,0.953883053080365,2.20803451061239,-1.25511192966474,-0.831995527267678,-0.536837865922307,3.57224157375013,0.108730931622796,0.0428763329831106,2.90305937431819,-1.29721688837647,0.220443775934488,-2.52125384015805,0.557532909616196,0.483922737061802,2.02619635551091,0.230941982488168,1.48967105609354
2,-1.07006357886401,0.572709418684845,-3.41795258212943,1.24130944325419,2.27409834024485,-0.174446202862738,4.26061857143562,0.100188528889026,3.29358775036628,-2.55879220198683,3.47979636547462,-2.16459550621319,1.88367276364849,2.16175058149107,-2.79549307987391,-1.64375893014775,-1.38416181605536,-1.77799587315855,-2.84268534213212,1.89476519245913,-0.904374410033428,-0.603433383957346,-1.42129172120976,0.0248419443879412,-2.14081437687627,-2.32103342051422,-1.12313271213689,-3.76921244010454,2.86131572192039,3.18558809619135,-2.52501275000744,-2.01034877520152,-1.67190175035417,5.25040002571541,0.820302464925056,-3.4340931352896,2.38703101821037,-2.73401701698679,1.84367323717681,-1.75412012916483,3.33580363825804,0.446346899775359,2.97319183889789,-2.13090058689287,0.604820602616818
8,-2.45316319029639,-2.95082852665675,-2.18396565171712,2.1224500920968,2.14590404216959,4.7807059068678,3.25624533868214,-1.59301752283682,0.804824148101268,1.45987167391475,2.88947125988921,2.53036749647747,1.34949798130603,2.89002350379847,-2.61495505379061,2.91500441352057,2.32574587351125,-2.12783878167641,-3.93645271924823,0.923076213524936,-2.24447602062097,4.73728628436691,4.66642103550832,5.41260332790374,-0.927206393585232,1.54781138252995,0.615092171124353,-0.191706577453645,0.539017182709434,0.898470143202771,-2.55194679575338,-3.67651724972036,-2.55419399064886,2.04235506316136,0.305844390185304,1.73548523632526,-0.101503470621131,-0.861030994333406,0.988080253402597,-2.91786315385462,3.18773306324312,3.50639207709149,2.56832679829932,2.22976294977602,1.35821109249115
8,-2.25949889318119,-4.11772446236163,-3.63692727768744,2.45260795659516,3.12702342996851,4.87521983193275,3.41604543876781,-0.907983011237804,1.94251067335738,4.05475158303384,3.45436481397641,4.00634518634488,2.13384813088991,3.93578493870566,-4.20281028704109,3.66583628460996,3.94601555133362,-2.65140371103481,-3.28738212454583,1.17168781815884,-2.18003711626982,4.89222338538364,4.96900766229565,5.65968659401505,-1.26038266586873,3.66869793536033,0.419167935955712,-0.422848326917556,1.52316482196232,1.47864325845937,-3.811754178629,-3.49558628897161,-3.09989148818029,3.39061441357691,2.3564435187656,5.07123904090063,1.35768493136064,-1.48271679069435,2.57634873569273,-2.13006761824474,4.46604595364741,3.20116690603927,2.48930623706968,4.22833472896825,0.327537124321943
5,-1.54981992066583,-2.03062944637571,-0.775519696716477,1.96391510241779,2.31074585180123,2.35188757459098,0.429278459333809,-0.421609452586599,1.29141278727177,1.9671468706748,0.940946847863428,2.03607110789895,1.80390909108064,1.15991322630544,-1.81093721915162,1.93021545874896,1.97716195054112,-1.54765052524219,-0.641228681534788,2.87834312525738,-1.33812887381762,0.415463806179989,0.668661880794566,0.129707864815161,-0.296756542297366,1.64347114310223,-0.175200121708393,-2.4496582033002,0.141863994555918,0.0803307888207369,-1.69660391251792,-2.87505881614788,-2.01813089200907,2.40022356154285,0.865627933107194,1.75756147558217,1.27004663087641,-0.798441565451245,1.52259162335362,-0.476316017307478,2.48727930158572,2.12850611591485,2.83571300529639,1.57412986464824,-1.46650901858518
4,-0.888447202452652,-1.25628039635861,-2.01056614076163,1.51838493226199,2.18502454630091,1.56132643127184,2.75218908479199,-2.38328755241718,0.686523640572706,0.0021071914430587,2.95339820565218,0.361375301010283,2.12334852154628,1.53766124453612,-2.90385226991854,0.701995867832647,0.659286456130063,-1.35981158559889,-3.22026701301384,2.91149459396005,-0.800257366758331,-0.538775322681628,-0.15849678043816,-0.408732333264933,-0.632689176559657,0.211347798552072,0.410623315407897,-4.11002850111446,0.60694162544045,0.943669458817982,-2.40392695227604,-1.23781355843007,-2.49390060270663,1.01526937009203,0.87992662716122,-0.0433740701964156,0.485617308610525,-0.616198979304479,1.30615100162336,-3.02003905146099,2.62760240322368,1.34799309957111,2.03753607792947,0.817714910021547,-2.10797134817766
9,-5.04790854467276,-5.01281617466323,-0.597967556263227,2.74142335340509,3.37118323262317,6.46737973486388,3.54115037080873,-1.12002468012344,2.4657902254182,4.0902766098566,0.836509585994342,4.95591821281919,0.314245708090407,3.58494286605736,-1.28332730232567,4.82410382456246,4.78871518254866,0.237506834744956,-3.48686491071791,-0.463162802510228,-4.96809910548937,1.78680456131073,0.184400894485619,2.75145196633558,-2.0759602808589,3.74629546806469,0.315627041683233,-3.04990027575943,2.00711975362438,2.68531792374632,-0.137455057552463,0.167524618397158,-2.59687383526083,4.57071675389504,-1.12971529517193,5.45115844976034,2.42774836102843,-2.12622932041765,-0.558987697738009,-2.66569160055765,4.27514228459308,6.37424252901659,0.802848686184221,4.34143934072989,1.24786405265217
3,-1.1990288892799,-1.19868068665953,-2.62065606309199,0.949651626443502,2.66800086307964,0.642866464142579,1.64374024851836,-1.51362335542356,1.65185568089487,0.972441877489475,0.0834214213873792,0.267130325689509,0.212916518922567,0.427864491220789,-0.192155650838752,0.684058521146743,0.560982628492694,-2.45595910460049,-3.22495228393563,0.333117002260038,-1.28486934279648,-3.44075881516108,-4.43656748123134,-1.88387668201692,-1.6141365505314,-0.114370322142284,-0.165122832779576,-3.0900312803994,1.00842716036459,1.54508169795338,-0.639399866526222,-1.27359874554384,-1.17103776473652,3.25782708822839,-0.0487186052492863,0.70963890273635,1.6747564008856,-1.43111910693039,0.699923951390316,-2.26421030040187,2.31186330271788,1.87596841417005,0.442153293834512,0.45465560631505,-0.733069137873413
1,-0.290876947248641,-1.20669846006792,-2.26988841747001,0.559926232376789,4.21745180511814,1.68660072194285,1.45294561488871,0.490893528339219,1.25836544689787,0.706778227999439,1.06393138741496,1.16616713368955,2.28050502322932,0.0870948120498991,-0.844682781713771,1.73664561201152,1.48779577067686,-2.80362265250415,-1.79998973491782,3.11058863543729,-0.58521709538104,1.5451634199197,2.06631075116434,1.79021000956591,-1.28793028456781,0.738720655277839,-1.64576501082489,-3.09222167740852,1.59348953835297,1.89299888022036,-1.63373823404467,-2.47084660972285,-1.28525139404294,2.93360684190395,2.80466565150245,1.17060511273599,1.61722104724256,-1.15411206679676,2.2895619273276,-0.661877476709854,1.65333407376661,0.445326700685649,1.96299362947273,0.710540602203182,3.43093254889326
4,-1.52000277402758,-1.57848081429106,-2.93307855621438,1.70086649776064,3.8079094237416,0.910019422417525,1.41665095060397,0.0002751241255879,2.99581546887714,-0.296856094625117,1.99534420174113,0.348945068827434,1.91463613613323,1.4844943224357,-1.25349914874439,0.693158773265938,1.68304120759211,-1.67111495492142,-0.287214130356307,2.2133860182517,-1.29740758776231,2.25023131825386,2.10269355583519,2.83668076275022,-3.15239342180522,0.0292344442255894,-2.07774138707617,-1.77637599860213,2.45630736830387,3.12991306593806,-3.24689013849627,-3.20949051989089,-2.4993893832373,5.07530034845461,1.37172996131244,0.0081813313724219,2.01410221610555,-2.31484096040783,1.99069077289455,-0.0893445280942019,3.87077964257104,1.65185567494993,0.755894116623631,0.218064190560674,2.20684295598944
4,-1.97777151726156,-1.79224353330819,-2.7520776717571,0.64236461087221,3.39224069407583,1.78052648351885,1.55199957481231,0.235139186745136,3.48788359989055,-0.0774556171877594,1.18517224737731,-0.153370835170628,1.22712458412263,0.515450237166142,-0.938025850623219,0.696643138943388,1.01912151805673,-1.30255583032585,-0.318042744704633,2.50266549042944,-1.92322861765181,2.41656630854692,1.71437182344792,2.98010888423056,-2.20253131367045,0.0515580090042576,-0.674447720593755,-1.23349537777661,2.10266205096577,3.29954637507727,-2.05517321114831,-3.29835176744909,-1.27190420702822,5.1610130950433,0.920357318415169,-0.671816899534486,3.23754651162497,-2.61084983682359,1.43206348565505,-0.478702855539402,2.62392213898248,1.73223112284575,1.82001963295934,0.0347711846228419,2.82053855650149
6,-1.74222692652228,-3.26953883761184,-2.81260355640063,1.68545784614302,2.46341726816639,3.63533768394665,1.71517210470998,1.35856264606882,1.49539923480065,1.26542032714551,0.0430782357336159,1.87899973737607,1.1484513394252,2.56523140199388,0.0812487378438236,1.80402811815164,1.4019515616328,-2.07806049636082,-0.997061775025834,1.62810437575955,-1.58989719704058,2.05114388852663,1.8518224164954,3.53560824693269,-1.41478419122966,1.32718934635547,-0.811488919850995,-2.64337492811555,1.56507210720814,2.11871149750462,-1.89690182624606,-0.346847847994972,-1.85464381296311,2.79372013954834,-0.0622178537500129,1.52895271760944,0.856448653129346,-1.3595526947549,1.04276231757612,0.0843090688731694,3.34911048530327,2.69907469285244,2.50082621078127,1.67225615512321,-0.0385574200100548
2,-0.378706118363261,-1.17990855302201,-2.64673611309395,1.5757461990258,1.31261203233282,0.0819033969206974,2.54562232105351,-2.92128595853377,-0.0100885770003325,0.467010720719178,1.93573076296545,1.06133647752323,1.35555010913309,1.32111842182122,-2.36550964699393,0.92302392666236,1.42551852157311,-2.55471431335298,-5.2613557493587,1.45345733093252,-0.38227487300679,-1.78728225770048,-1.5267200873205,-1.17786635450671,-1.31781114827931,0.601403806055006,-0.657790487938342,-3.37373372418705,0.512257550669843,0.460718704367315,-2.94905132885222,-2.7432167839805,-1.8228493017854,1.76945660253628,1.19456307813571,0.501231952809347,-0.0926917344720042,-1.02638694628239,1.65952064564594,-4.38318766868598,1.75824298972592,1.13685661483774,1.82390548798337,0.491583329821786,1.02872115449267
5,-3.03110784903047,-1.93797992587809,-0.477076920305948,1.08311157194838,1.19421272775302,2.2023821993046,1.14811406498627,0.504203805551153,2.99659886976932,0.0308300912065224,2.19160637675621,1.03062010789079,1.94648627633915,2.6184886570256,-1.88302569596352,1.35861402841781,1.11809394852509,0.208939231680683,-1.00058925338393,1.89700187672089,-3.16941439863673,0.742859697833369,0.0303947297235257,0.947034484712213,-2.66985155161419,0.868808974254369,-0.547566465996381,-2.80844846618226,1.52611911926285,2.17669007121089,-1.33523069070451,-0.882121049610213,-2.06028073602795,4.02218924943001,1.0023093662325,0.562444711437814,2.23276233656531,-2.06301052333954,1.14920794011505,-0.298975581989133,3.16996107764254,2.50673457916506,1.6222868251076,1.08816918685132,1.651642393958
1,-0.0587822407206293,-1.79599541726629,-3.43701426001688,0.883768781002748,1.04559620228575,1.35170241413695,1.68467942174894,0.0596445013294975,2.57945984739875,0.278433840793848,4.45568117399471,0.933081409266353,1.47077441340075,1.29892536900025,-2.30130142368358,1.65687031164385,1.81968179042873,-2.13440282032511,-2.08129097325444,0.873643505438518,-0.359986765242784,0.613971653661953,0.469467229074203,0.784731223343952,-1.96528998881865,1.18447521236453,-1.13272935874817,-2.09110077907287,1.14669968087832,2.80361456244707,-2.77656823502948,-2.10332052321165,-1.6670677098461,5.17365039315098,1.26413995407175,0.54457094905277,3.18894353083921,-2.29654762471516,1.6612174431722,-1.26647320377983,1.88295460703405,0.342914235839066,3.75979076067904,0.885972659844273,2.85565510388767
1,-0.968056934904398,-1.03212737580951,-4.39237285401046,1.29956031522242,2.77662302382189,0.879004936226748,2.30468573192819,-0.32166602812881,3.13525142900218,-0.612732788274633,3.24163450698454,-0.65465566569892,2.43937523231729,2.40975162321727,-3.65389664990958,0.244540602319523,-0.768633830779399,-1.5480881177053,-1.32602753409652,5.09486656854682,-0.547166857152501,-0.143404699361545,-0.439620483469244,1.02972145003135,-2.35095525811581,-1.12346763039439,-1.29683434802057,-1.44265022400916,2.93375352176777,4.13927457794056,-3.89185442610014,-3.60894413293725,-2.01759122717991,6.36881684437735,1.83510144967062,-0.526874868828221,1.99932539080937,-3.21245901684444,1.43979560913193,-1.13429498734125,3.93426562013893,0.36958067293428,2.67038005035751,-0.474168684804953,-0.217318775865422
2,-0.0981181476743981,-2.05088947528825,-3.2064929411085,1.50217605110952,-0.265253251890589,1.19595008765444,2.92904699337452,-1.78663949035306,0.56427358083755,1.50383006246347,2.40867174871074,0.368404139270892,3.18214120074714,1.52788698189597,-2.5593199354931,1.57280649583107,1.24437021945405,-2.74625282860756,-4.03811767974866,4.01771528952983,0.0120417665979602,0.586963582812836,1.11364567709672,0.392370255956794,-0.788338176441715,0.70881809979907,0.30160103451251,-1.71851354825772,-0.0706581716547033,0.791080180394711,-3.67595869771102,-2.66589336765614,-1.92891118604542,1.00301018044586,3.00685390438195,2.25062140415256,0.084872938638124,-0.386776430113319,1.94512554314958,-3.14860941969766,3.69028244378698,1.1164255587645,3.39469936324204,1.42658783812554,2.12944787715521
8,-3.1933708953913,-3.07928726715707,-1.93623873847385,1.58547245360155,3.77672229039011,3.28976980198104,3.3779924516207,0.326273860218599,2.29347116331618,1.35126295806254,0.935803062542496,1.60145200482448,1.68409316107131,1.85228716624463,-2.26538203758642,2.13148165864784,1.30711819608186,-2.2543925055408,-1.72943925947849,2.63326455252394,-3.01197327600546,3.81054373142549,3.5596255460207,3.42086374581509,-1.83499498774444,0.93383753990693,-1.33665058884922,-0.953331952615466,0.855401318074338,2.32488023161211,-1.3815707571353,-1.35898257207706,-2.38630931588958,3.72520962865364,1.29335489478994,1.75906296676286,2.52886491138774,-1.59515622695333,1.31189386757719,-1.06654874965548,3.86539447593943,3.37184238476254,0.457054500509824,1.85058804042019,-0.977438190987238
5,-2.99348698457299,-1.09065997305016,-0.576258873239576,1.13684757663921,-0.377615110516947,1.31072877669794,1.38722084134905,0.555728055975305,2.80395055566452,0.227300250704205,0.401491456954107,0.781120559459089,0.492018141844439,1.69768753999554,0.281798236923518,0.859829028017013,0.620219197145352,-0.314239791287353,-0.0435973417095292,-0.508407063159168,-2.84689163086099,1.9557130933901,0.76973016910656,2.05677842229811,-0.513322263887964,0.387947146686552,-0.334007351912488,-0.681763132162464,0.252733926944253,0.771707123636802,1.00871326354933,0.417163847842967,-1.44411259199776,3.69536222550835,0.0437088277728249,0.546420807916371,1.31690103834963,-0.947623068895922,-0.340099538139176,0.389552130844176,1.42145760589473,2.54890179234561,-1.44213272590277,0.426346124127679,0.788821173929423
8,-1.87520605961303,-3.00703901596641,-1.41190723232687,1.46029116328646,2.41882561984608,2.45755895587975,2.88946432623953,0.550400082268387,1.94286905402452,1.24958566665533,0.206307160207276,1.15028504098881,1.29891670913274,2.69739369884391,0.15223386784239,1.64734182020452,0.619175686001881,-2.10247629186014,-1.40085506009832,1.10141250005807,-2.34371705902273,2.55046955754017,1.40251435239995,3.67227457933252,-2.37473456689686,0.333869005357144,-1.09536249491815,-0.412273204822749,2.3429390847571,2.69307929162968,-0.614090046539189,-0.781496122362827,-1.73598652771893,3.39588319178195,0.321417992183366,0.614804560463476,1.34980443748092,-2.06302943530271,-0.197855001152724,-0.388546256549687,3.57672480314426,3.46931447785313,0.548893704983559,1.66548193593811,2.72576425056782
2,-0.9026111842121,-1.15133201493668,-0.924472962908224,0.304840639524,2.19394344477134,1.07858580278919,2.45849189986631,1.09135194570084,2.34371394950674,-0.504587298668545,0.894392608641644,0.721209061550512,0.395174109089517,2.48372739439794,-0.252585339942349,0.854727304309917,0.466096071895433,-1.86185985184218,-1.12350511905285,1.16740869035181,-0.651998079473086,2.68931231161192,2.2949510856883,3.38888957320313,-1.83579316512593,0.197222754771577,-1.27462216425835,-2.43594414211948,1.61836698417935,1.84141846594676,-0.142334247202494,-2.42478719086367,-1.80015300909218,5.11491504911649,-0.0272137980630679,0.0592387842796716,2.0401032571793,-1.529629804781,0.531490923399945,-0.340271878908208,5.06872200113151,0.524594576205666,0.44461793033328,0.239327483225352,2.3881013700504
0,1.16210085663455,1.51429506749442,-0.903528094531756,-0.355362450496361,1.79056060355382,-2.04197989628447,2.32635057916577,-4.52913179002522,2.30813975198134,-2.2643783371681,-1.0461882483597,-3.10319382544109,0.524425976375039,1.49189020449377,-1.1321316728211,-1.5053328776843,-3.62828584362772,-2.47955790847224,-4.40180922510967,0.731085374194728,0.649756619749006,1.7037538193019,1.58058998200688,1.73493581824058,-1.74522906599937,-4.36275126817933,-2.47002718778556,-1.25597372297339,2.15100956301711,1.93217888314343,-0.241088536402905,-0.823449280341813,-0.458658951496095,3.00625765040181,-0.837319876762814,-3.54743173784523,2.56686482615122,-1.96872727393821,1.09629999744193,-3.90827543769432,1.58889515773889,-0.199721301776691,0.900918993582444,-2.32368988130679,-0.892951609406149
0,-0.322046566400162,-0.715375526154227,-2.89064941449658,0.875890235194638,1.22259300651046,1.78762935994643,1.66932128465728,-0.0285848413653683,-1.13769401580264,-0.145265957705113,1.73970860368784,0.672603115077337,2.25467708559544,2.60058672217352,-2.3337848360321,1.22963322453554,1.4349735279034,-1.75297401056046,-0.309938690280618,2.14552847353733,-0.381821499809588,-1.45788931865639,-0.387073952187872,-1.50482228048992,-0.494989734219969,0.841132217675719,-0.289429776439712,-1.96389238353542,0.324534691807154,-0.285664229338985,-3.04373387190134,-2.87032791706617,-2.28886523724468,-1.80326354764103,1.18445809470415,-0.598856229242931,-0.670165487127504,-0.490335189725034,2.33152435898516,0.306905518011091,2.83900830351316,-0.309140937121737,2.54663293267135,0.23493870298743,0.142206517576856
2,0.585428880988234,-1.45463282952978,-2.33337838009688,1.28329393378855,1.20438301595714,1.52974100929454,1.80525983103231,0.251201943649212,1.9283105106778,1.27419903899481,0.953690109663276,1.19301778116472,2.26530147837829,2.39784364110576,-2.39511950687522,1.94155683573961,1.4242561147677,-1.83634228422106,-1.76881948262323,3.42885236742112,0.452654936655175,1.78418579004612,2.23608639331482,1.65111749897027,-0.945255736521672,0.954037286319828,0.457298152613664,-1.23526052632609,0.194824541353691,0.550190750713066,-2.37451865821594,-1.60877587918664,-1.52949908497206,4.08867134754422,1.85715312306573,1.21470979194529,2.53466421257175,-0.554339120187954,2.63469052439294,-1.08321401130745,2.66983354449175,0.518647870507556,2.95237732510623,1.32211091286141,0.254349905967184
0,-0.249905146832882,-0.38171489968924,-2.89800082461861,0.488492945809118,4.04963246160103,-0.145965130503255,2.92976419762355,0.110304307575165,2.59444464459125,-0.917681588494933,0.791591979254506,-1.80592142283651,2.00591628529401,1.47429504924075,-2.0179308542417,-0.745691321407132,-0.430947133273587,-2.54676367140063,-0.316554594177239,2.51412122370827,-0.0275456132091985,3.05304747311199,3.26703827994856,2.42208564987367,-2.09234242762173,-1.0599480013154,-0.845870270313583,-1.08649680220788,2.09489147189077,2.40405751498636,-1.72354591822231,-1.5317265669238,-1.39355611418105,3.29562801662696,1.94126053596956,-0.96172017621705,2.20962003376038,-1.92827350041774,2.19889865693881,-0.261495049650237,2.0377041538435,-0.574835221777093,2.17187497522219,-1.07069322984409,-0.210418852687853
8,-1.39500666822067,-3.99461111371211,-1.85652358944589,2.08866639491339,-0.0750284270506686,4.35357712010451,0.646768509038583,-0.876611886754841,0.861027413205709,4.10374054106136,2.19502420200848,4.37590917899847,0.231252423014245,2.38338388705044,-0.510761039332251,3.43397280006243,4.35498880066329,-0.602554844206054,-2.27392388268399,-0.326834744154108,-1.74854398391137,-0.441513876220611,-1.72286008106192,0.118781496910435,-0.643423657389558,4.03687393803581,-0.253576623873609,-1.59941124170465,0.531860760355131,-0.0180637879820405,-0.944109540138094,-1.19389233893064,-1.85592753137271,2.46473119020691,-0.641545122550459,4.93461511514062,0.574203494645682,-0.128348367922409,0.210935753005808,-1.46419118015928,3.07365815397979,3.91129365314948,2.6680867196032,3.87936925641569,1.29307968418876
5,-1.87214132634977,-1.37252062540631,-1.19224929369743,1.17232640298963,1.00921036081183,2.76316703572225,3.65692366279368,0.777216384915368,3.19243984145329,0.986831114732186,1.49028400989,0.0026663965437839,1.30486932444687,1.58038638418237,-0.65770365142705,1.63923530076484,1.0583206998345,-0.37296542154312,-1.28021868415253,1.26174613809023,-1.96969939640471,1.56159785155,0.521254336363909,2.21463905500002,-2.22302661748686,0.196365075486307,-1.3262650780516,-1.2176709666156,1.99922538560215,3.01249618384887,-0.344470699124937,-1.91415354746484,-1.43030978966462,6.35719909462002,0.817052006878962,1.22016439567087,2.52096450874355,-2.18142959434693,0.965176593729208,-0.295445249951955,3.40920935712511,2.29071676445185,0.736365187957833,0.891709443905709,-0.772906567874486
2,-0.783872431679671,-1.50285917433632,-3.06936683612723,1.29403726397774,1.01160075086101,1.93349407769784,-0.533397130231445,1.10151815263178,1.97849360407982,1.38846793348771,1.62561974012227,2.05538667904423,1.55498057321989,0.787064914148321,-2.36004510242356,1.05794275111248,2.38764846824897,-1.09168469143356,-1.15335477313538,2.95273858247932,-1.14866363115942,1.97653013415324,1.86819820782138,2.87878215560749,-2.38955281162003,1.29572915951168,-2.33694508174453,-0.565464048884663,1.87709016992143,2.34574391398359,-2.75748725526504,-2.66012625130923,-1.72284123761822,2.89825751521758,1.78467746294038,1.48703151758208,1.34213447907214,-2.24121429827246,2.08676775341613,-0.235934305054162,2.70021629758078,0.992189495184159,3.29795806346202,0.644755236512156,0.576881915355117
2,-0.726364189623058,-2.05330618898976,-3.01590199882082,1.22594666744386,3.25058482106957,2.04166052744564,4.28958486948693,-1.01288117188758,0.981496402773287,0.16335416484906,2.32037854783317,1.52316402995665,2.71139647249068,4.39216805493782,-2.69363338787473,1.77782505479347,1.46397999712064,-2.33545365640706,-2.23304031673009,4.15039564117787,-0.642066296449765,2.06578646510836,2.8515606988714,2.19254725108531,-0.682995200738988,1.17384812672734,0.981578128353087,0.565779418724593,-0.676927043488603,-0.010360219252699,-3.15332860455202,-3.19622040303715,-2.99536392266798,3.53437517673658,0.841274358058154,0.157713910422985,1.68496990093605,-0.53699749537622,1.8243065123986,-1.82210859636904,3.86778339606708,0.0869888325712491,2.60670231540586,1.11917377511798,2.70744297730651
7,-2.48148797187232,-1.94439784959728,-0.627310259638404,1.69777677859694,1.58690520165881,2.78856273300685,2.35734522401896,0.635301157162884,2.05415284915838,1.31146177022049,-1.06635577575438,1.61147538617047,0.970258193122735,1.59358038647012,-0.716059918246641,1.78735590410714,2.67934734439041,-0.739126849766946,0.349957849440756,0.291366928673555,-2.78328559897818,0.103579168273432,-0.826207311322895,0.458277513380185,-1.96758526763922,1.21024123794574,0.151846924250344,-3.25788078204694,1.49571474731309,3.5852937614367,-0.118200760183588,-0.181440960822367,-2.03299400171418,3.49276641669333,0.509622749524706,1.35529894813207,1.83984204503654,-2.2302658122826,1.53115368227595,0.0985989761988726,2.4082748959065,3.35200743542936,0.33609039439124,1.62381069488447,2.07968398700914
9,-3.04952242341013,-3.61465859685697,-0.0966786473060387,1.88219993485956,1.87385825234039,3.96780845093043,2.37702396993929,-0.920639713645885,1.69820905180885,2.51821390483808,-0.193342142298106,3.38748404381589,0.0394591368924506,2.151903591149,0.468937661406475,2.65970325037789,2.49167765938711,-1.3050078039183,-3.79614115060338,-0.534199511964724,-3.09215040202896,1.93530548291951,1.01129070500513,2.97115915258422,-1.53108070904672,2.11837719145122,-0.17420231136351,-2.45851344461247,0.854863727109497,1.99572006202745,0.918443563637493,0.992416026526333,-1.03489891054292,4.37151439334313,-0.289095989115814,3.01636709737921,0.992460652887086,-1.66296498906949,-0.0765158791012814,-2.66764902075352,3.90882649827898,4.9411353653389,-0.0184894484462013,3.03100712748816,0.297999718727185
0,-0.0396825555302953,0.803338779017111,-2.58945675385049,0.337438029310582,0.955188566379431,-0.331229571278748,1.29678052660431,0.588478248605481,3.2021803238913,-1.24866244230685,3.30833849684904,-1.48885091514691,2.48639415695239,0.957878415844258,-3.53677585052305,-0.113129305288214,0.0359560419685725,-2.58347104761342,-0.345153874736094,2.09661042438299,-0.211094332764336,0.843178279177884,1.39328558055481,1.06331904303283,-1.30128591662267,-1.53526775064999,-0.996077843142943,-0.606406837704129,1.19514068784109,1.82604989136268,-3.96216660828684,-4.33768884474565,-1.0655654527174,4.848756311126,2.06971836299215,-1.56329468355282,2.71024242392801,-0.875623344702358,1.43952649611495,-0.31725468692418,0.737875143863137,-0.827123550279904,4.19166313587386,-1.25906887064812,0.963557985126504
1,1.50225460896505,-1.14688829577837,-1.80382835631909,0.258552396671613,1.58141199747333,2.52650075383586,0.773804985352717,-0.0532844634865948,1.91281827761455,1.19823772209175,2.6351425038464,0.896955936871343,1.79498499720477,0.616762227445867,-1.54662595604596,1.44865410346535,0.984974639050345,-3.52677420773975,-0.330005917928942,3.01244093991381,1.02287551324156,-0.622883590026963,-0.765512842106429,0.820427018429602,-1.43018083058091,1.16596573740276,-1.05588447956153,-3.02859504274626,0.94711623567663,1.7067904352445,-2.83383258575501,-1.86762515999486,-0.869195179936905,4.76928188967012,1.88927387334736,1.40300414345184,1.88664283266578,-1.1111698273365,2.34545868569408,-0.235186520130357,2.08174966930446,-0.104528082406708,1.54370593886244,0.882505457068629,3.25543565555392
6,-1.17550489135218,-2.40618800019016,-1.28292333698478,1.42099072207908,2.88428428463079,3.27345579610573,0.209491639338366,3.02537964810431,2.1453070597505,1.65504644498662,0.988500926132927,1.02572947557632,1.93127179835187,0.215739419145461,-1.35953215576209,2.21215156411281,3.11501678512845,-1.44985797335022,0.054244772188223,3.62950788904824,-0.97885140421048,3.39293321514537,3.38671211633477,3.12239536396815,-1.86372626347207,1.74211319170435,-0.846821453201445,-0.359794546084025,1.57477927994299,1.26786097693905,-1.18020224756638,-1.61673164279709,-1.24833041310953,2.66815860142551,2.64076276665183,2.43703560893884,2.28031922265519,-1.21295997329682,1.81431799664141,0.730638821929762,2.30414778485628,2.68155139344214,1.92931317052985,1.59787420971838,0.193964476556376
1,-0.82443996709786,-0.61082255571559,-1.95008083271882,0.458344263128374,0.263108928886842,0.869417636194509,1.94927385112363,-1.57105488312755,0.200200978680207,-0.606839357984437,2.40125215385749,-0.909515953721318,1.21723915813796,0.664362603147275,-3.06526894681106,0.591244757427742,-0.294026236202384,-2.26207706967633,-4.53803270692366,0.874124478796031,-0.991260664446558,0.744396663282278,0.697698577507983,0.555315963426679,-0.261589312428206,-1.41970720178693,0.615289630269136,-2.56649625477849,-0.0834465392381501,0.252514490273178,-2.6019854950155,-3.26018559228279,-1.59670230573164,1.65543101747276,0.543553825190452,-0.0737472713894335,0.837895463996791,-0.40605197618273,1.67228560400974,-3.59565754459903,2.62680065981225,-0.196916760080852,1.80184106667739,0.0259348291871055,0.139665783852065
9,-3.7262964434475,-3.47419580712978,-0.238994595357269,1.74018719079114,1.73553569668271,3.82743965900018,2.01986266947239,-0.826065375362461,-0.037431268488112,1.81928907111455,-0.298696465616359,2.53286851017476,0.154338937894111,2.21214710700036,0.539487835245742,3.02283231257442,1.91154280683935,-0.58342120597227,-2.69700530733268,0.351315616781214,-3.42153320330216,2.31243295938988,1.54498795121069,3.01390057881466,0.744931115667248,1.17839928072021,-0.474062748239541,-1.13126013616669,0.124952553505885,-0.847240516504429,0.954396446593995,0.969786820236116,-1.46595692014088,1.25464606040983,-0.754516538531934,2.88086718323339,-0.652004789469613,0.261671878783038,-0.0438924908375426,-2.18932776820509,3.34503137521101,4.77119890113801,-0.646862848130364,2.91513534564604,0.716269871950514
6,-1.72482371304209,-1.5050461238389,-1.94375602215915,1.995257368662,1.79736797741975,0.685249407667326,1.45036768031713,-1.98209022606748,2.29661271483823,0.134171469718812,1.10251220925365,0.261623801112162,0.125137410977201,1.64482812451035,-0.192310063934525,0.374389643765754,-0.0874640691203286,-0.863426222490964,-2.8332205525363,0.510758208215422,-2.05280423225765,5.3160969299235,4.60611727735161,5.66674504753737,-1.21732910765403,-0.334938273024535,-0.972366596408906,-1.79360178152558,1.27115947542148,1.66490757898775,-0.300261827355457,-1.82684385248553,-1.92122693897546,3.78571486366878,0.424019934347925,-0.217467080891125,2.03503406213768,-1.26068820041229,1.4475832666589,-2.22307750006046,1.24654757463859,2.66807539011389,-0.0642850476351685,0.309798423740964,0.272910359549062
6,-2.93001748122089,-2.83812396958877,-2.99955392630691,1.74002034939056,3.34334828867424,2.8322931896671,2.73618053542277,0.991277375508,2.02283381709478,1.50471908207173,3.32630052335874,0.68064650744111,1.75178957202859,1.31768080243594,-2.56309456596771,2.54105710538818,1.25417378684723,-1.27712403532155,-1.13048717845396,3.45469840397052,-2.87677907187166,0.248800753859222,0.0977512314838077,0.752418213903777,-0.987966320087299,0.695132403849203,-0.94025227826804,-1.71810444495913,0.948794046367227,1.51209130065092,-2.42686551732354,-1.61488280646758,-2.10557624723962,3.67623245414301,1.6320826222523,1.76483315504751,1.60333097025185,-0.781972159910861,1.71111158866138,-0.518882873874636,2.16848439035533,2.84944352204784,2.30451328932338,1.59631587029594,1.18611249178729
1,-0.419983823123128,-2.33699560394553,-2.03512452931505,1.48011646083386,1.60258680564984,2.08228509523595,0.507192469627933,0.3756013771046,2.50630086298971,1.65369482705651,2.29335312545887,0.804585019785611,1.82119139148148,0.77171769578789,-1.7829237427347,2.27069131531254,1.02514235077066,-1.83605253208832,-1.98845819666764,1.43684102298907,-0.30133081699141,1.80609046825481,2.01051655683976,2.2868615657115,-1.07120971086105,1.30700841384766,-0.26693867988646,-1.73684452251383,0.543751150272879,1.93176675941083,-3.15032482784971,-2.74377081900882,-1.71502532771999,3.73950650715075,1.55415410484868,1.16362579149676,2.08841796699187,-1.29148287604516,1.7722514554235,-1.21885653414009,1.87720181832132,0.612129978290494,1.7363666286992,1.60263837945645,2.83077488292707
4,-1.46381277744593,-2.14649981335821,-0.370677989070757,1.05405344082941,2.10873990677819,3.00189834286075,1.77502894807027,-2.02183928301338,1.33086230019085,0.775299609758018,1.60794102841169,0.988276490159045,0.798388136523452,0.0162854379798403,-0.380302386079546,1.52258430581678,0.779761934677642,-3.11848585912802,-2.39982022042888,-0.142596708795578,-1.69544200037177,1.29435709432468,0.310596586688441,1.94227318851799,-1.11554117360977,0.0775684555791227,-0.265953875645243,-2.57088517973894,0.274407901046816,1.0966255060004,-1.05873251987936,-2.44983338356491,-1.31397725258,2.22535822712155,0.837429405783175,0.580854766085068,1.21197878561404,-1.23562440135271,0.587770736951506,-2.12783560661478,3.15944649538111,1.66719764366369,0.942632813647204,1.37689112908163,2.87724087370204
5,-2.05513532703924,-3.59833472335621,-1.99135917682809,1.42397590574735,3.21015033976064,4.51126083021935,3.14361857983788,0.371026096066925,3.41606515786151,3.42624856480979,1.67504815424547,1.62839422725898,2.3948857689112,2.85148832015718,-0.878887657569179,3.11322783035756,2.21972317850299,-1.09429336878354,-1.7073804775294,2.38553926093428,-1.82883270440343,1.07891926614516,0.420389922643505,0.404397256466922,-2.61538183838465,1.02916918463152,-1.68740184286454,-2.1407062544938,2.16520166146561,3.60202953011987,-1.64504720251596,-1.69935055927277,-2.78696104874417,5.11794388490382,1.76404236989881,3.53149358944546,3.04855359919739,-2.7431131417455,2.17155692321489,-1.0214037125646,2.2896228493002,2.51929147141244,0.233988581492824,2.94526150261516,2.90118135983347
7,-3.87641474711525,-3.47766078533997,-3.96357517706755,2.5984698454717,2.40135479233839,3.68151058248063,1.98953940894801,-0.176994216696885,2.29760352269409,2.31144346481301,4.3292493782871,2.32416139460975,2.37646459252704,2.39050242404941,-3.58846592469402,3.21147064102959,2.69481600372261,-2.67797805348186,-1.50540815337044,2.36972522531533,-3.44509046641915,0.460297422954591,-0.148210094162211,1.29330559358411,-3.54753642746896,2.18513590061551,-2.08367729524276,-1.62831178991406,2.19145366050261,3.1347970711522,-4.18006009299371,-2.21410278808522,-2.86243220194643,2.05562652201019,2.07690072024825,2.21177841847049,2.01279787182489,-2.58577533743382,3.03902410255696,-0.891677153336017,3.51291233447228,3.05648057307364,3.94373182030607,2.39968603130195,-0.66390877930805
5,-0.157097127020381,-0.65328097898733,-1.17758300512029,1.37728489903212,4.1618120836616,-0.0674050010288006,2.91922219028849,-0.739035214295064,1.89436088788182,-0.545282767738158,1.44781541929319,-1.22867146094609,1.35383959805723,2.20975833010946,-0.774409999990964,-0.502863099822918,-0.123865586373688,-0.742071279469713,-2.51780073394218,2.78426341659642,-1.06468225041198,1.77000067600962,1.25278300354948,1.97542124880847,-0.843020907057122,-0.103084201692786,0.151696911734399,-0.0803515075965457,0.665608807107237,1.52903338648612,-0.58090379893363,-1.09872104536865,-1.55610233188315,3.4145790359914,0.57373598518601,-0.900731144561357,1.79334229348524,-0.909015621808301,0.929971545824791,-1.94603685770763,1.93497609305024,2.33425472052695,1.06962174005063,-0.600507486311304,2.03726318582031
3,-1.88280681271453,-0.966712635878344,-1.61105662187256,0.289928547219091,2.07730438683116,2.21171412058196,1.77149257996482,0.113010445326885,3.35580278917298,0.291188703011669,0.862965603049321,0.696045495505454,1.27156320434432,1.60635146304903,-0.54124248903562,0.29850898642427,0.623242696835131,-0.425282330833165,-1.33120971538279,2.53470684932581,-1.9571034139779,1.05327915664003,0.0184105384248434,0.0069724331024632,-2.52294222066461,0.215617677240426,-2.16853802767747,-2.85480997448908,3.40121646859178,3.21476255293469,-0.855132576040236,-1.88345332172616,-1.25700215247227,5.71780966064521,0.546682835420059,0.302151790551401,3.20122217282253,-2.73966664346676,0.430724761369746,-0.879560525450463,2.06961301680702,1.80165721363674,1.39820272313889,0.158877553089565,2.45336159315365
6,-2.69290059277347,-3.30071401452456,-0.393393894613977,1.3886959244763,0.416004564430799,1.51003968711846,3.21830047236277,2.19772741293067,2.98473308996582,1.66244386611035,-0.496409466965375,1.57814848046,0.337022517632209,1.99363043551917,0.447995495883545,1.61509195209237,1.79152015970205,-1.25459552087258,0.444047186749214,-0.166439808496161,-2.9713329452527,1.52514684550525,0.387367751725979,2.49382072291328,-2.41751823788638,1.08467336375307,0.140733528448556,-2.26491790893771,1.24399512170316,2.27981236958322,1.00149727673801,-0.656857449769694,-1.81701132648581,5.68008101401967,-0.302013037594413,1.41903566959075,2.0403233337616,-2.33644378023303,0.346478298421047,0.737477424230208,4.56362503605135,3.22489996906367,-0.0855611283742602,1.65226440883174,0.464329911228125
8,-2.72664042020364,-2.00818001341728,-0.717880255858101,1.85374433652582,1.54854357811279,1.98363395939734,1.82812131997754,-1.31491311733167,3.73420514120295,1.09808288045848,-0.128423413477129,0.270064006408591,0.298290155036756,0.513217399105323,-1.4498554291726,1.60569342527408,0.954070164329954,0.0205935427897374,-3.56221702416265,-0.754312282533509,-2.53734873110329,2.35665471140816,1.07715155835215,2.82515889093866,-2.8667992596681,-0.144285969187832,-1.373300269733,-2.16975270044221,2.98842041363635,3.77822479070381,-0.257676293451657,0.1480060193725,-1.85734272493535,6.04371764001608,0.154463354911431,1.1563779569394,3.56091370121466,-3.00555236947199,-0.573848409219903,-2.46163182784002,1.36203137191934,3.94085313687143,-0.0418699962548238,0.649279854788355,-0.388813632941206
5,-1.10010579439998,0.1969603571963,-2.53419381799475,1.2106701472031,1.71933984047992,-1.012245937495,1.84342597157403,-0.291170217044151,1.16109686013929,-1.0924681791087,2.16774281249167,-2.49364621037782,1.72792897151211,1.63761887954002,-0.723150743592169,-0.528061159488564,-1.46423571743816,-1.27817628933302,-0.872026232406548,1.51493559456186,-0.893403309800338,2.17997149905913,2.44391994574509,1.23080147429987,-0.384627123903777,-2.32331332849966,0.0265042179979408,-0.832128327609953,-0.0578514267256253,-0.308365487823238,-1.04008278736163,-0.896734171382695,-2.07656479020853,0.599367113987363,1.25940479470373,-1.54915201118555,1.9055139265182,-0.101032705755281,0.903684005185479,-0.836445222978323,2.04372832750093,1.70426061854722,1.42399196593297,-1.28373822453202,1.41362720325595
4,-1.7407971150199,-2.18384844557682,-1.8523170110311,0.755610473549524,4.26324282537691,2.27420418936881,1.75589992878691,-2.10492548711354,2.16435229509456,0.887239456329889,1.34195310948206,0.365479142467154,1.96260832676673,-0.126875855722657,-1.20195176094794,2.25508527182545,0.097517577492769,-0.391221999187,-3.97417645348332,3.52371779344182,-1.97181425224618,2.03227484607797,2.01820448392706,1.46145002634343,-0.185856342677518,-0.450101282210766,0.700531248523929,-1.99160147334503,0.0825929486092875,2.38501008276737,-1.92921754842194,-2.61327504742848,-1.01845744392037,2.21874664797054,1.85615880920233,0.901877672329762,2.89610054577746,-0.637937218117465,1.10808033614861,-3.18396555650396,1.36240051774181,1.21864835542715,1.4062125488503,1.3977969567788,1.31337931755332
3,-1.61656825848917,-0.370723715875356,-1.171968077382,0.401160595985722,1.4514188389759,1.000518821025,2.57316288922078,2.71198581201686,2.27920897796648,-0.386805132248119,0.0809786368747585,0.0797765169181935,0.998455994128499,0.686062988900102,-1.07608859122769,0.238355803919922,0.516418026575799,-0.324505723584348,0.465177945290638,0.775645621390567,-1.72254139120935,0.542753497894502,-0.197635451864408,0.416123743891699,-2.20752672265233,0.0601542497338135,-0.583240148790542,-1.75135966148657,1.80127955122692,1.49349257713823,-0.0880469777394016,-0.693959926480383,-0.640209248041155,4.92615018337613,0.768931654064702,-0.620679236401034,1.75243056231555,-1.92504811996251,0.652896707889489,1.07138072558814,0.451223503661046,1.70557172720875,-0.383907630485751,-0.512763723701692,1.77200230253966
0,1.92763041967531,1.02645327960436,-1.07356187723935,-0.281658876219264,1.87995180316244,-3.25430502365694,-1.3215508534339,0.0876210807218363,2.92636527911028,-2.38812555092898,1.02327226502005,-3.79298326429003,1.942567361475,-2.09606471227294,-2.44479860676506,-1.8885814056841,-1.39083784111283,-0.775759626101025,-2.55566631812909,2.16735903769972,2.09025624181615,-0.675829071720555,-0.569000649731377,0.0255568394280145,-1.33773331092936,-2.0998079691959,-0.656400174009374,-1.97173619753462,1.84129298886525,2.27368197294844,-1.24991930240749,-2.01058971176297,0.0103924695424565,5.06015923469477,2.15522439347662,-2.15316911578704,3.06394769223791,-1.56476157192241,2.31639143719563,-1.65775387342259,-0.507916750795104,-1.44467116210353,0.376535433900439,-2.51334544241209,-0.418969330143892
3,-0.733559774763603,-1.78155758900751,-1.80000485349775,1.87322514238755,-0.30233348863366,3.33047216650987,3.83693874880131,-1.41817988786578,1.16198857066723,1.25272054607711,0.490556461337161,1.0124969810558,0.927960886097999,2.4372673234799,-1.81451349794862,1.82776193537402,0.730503776307275,-1.69930971854922,-3.27145462009376,1.74915816228078,-1.078360898378,1.99541388232652,1.50976349168833,1.83768351431047,-1.84875834525924,0.544161461587709,-0.716441843299213,-1.1481745681744,0.996298232912455,0.692744798315628,-1.49821341274669,-1.37600411774424,-2.51600179612015,2.5270176299902,0.0224263177938917,1.71970339713706,1.32340474911514,-1.26715934068173,0.280587322765778,-2.68143385069526,1.85120453289106,1.64857452439608,2.08513786752717,1.61775348272901,1.62655976625975
9,-2.60242970599548,-3.62035793235465,-0.558384480916557,2.13948961678595,1.41649281107059,2.723070126803,2.58657074252232,1.50251350550776,3.59080536521942,1.72076204781985,0.709573793868227,2.89211668279903,3.16426205687745,4.14338246082645,-1.02650736190854,1.99780133105962,2.41876463307123,-1.41883001989713,0.819105735683592,4.87029486987498,-3.23168147260039,5.48142187354353,5.08014251715858,6.18759013540504,-2.80208344637663,1.6933458867641,-3.11387813791173,-0.138556879566424,2.57530607123083,3.89400616072649,-0.781086758531965,-1.78519339526917,-2.6138693594946,5.42123464878162,2.47874917460381,2.15986384486638,3.35348356518667,-2.58092196950284,1.60045659298706,0.930697488997674,2.58620079266539,5.20900623350025,1.95767730094546,2.22612462320782,-1.57175533354068
8,-1.97434069467887,-2.89868256922081,-2.21189991466707,2.53458855241331,1.66788147856064,2.91416742645024,3.54524361443743,1.74662417459735,1.03581180721833,1.18343699079456,0.75479118460143,2.36190641299378,1.88680815024895,2.66994217645166,-1.85914544794231,2.65979517041502,2.80610350824649,-3.43095404756288,-1.07671791307053,2.7941867957754,-2.36909996920141,1.38146554506916,1.24936129357108,0.681558730894123,-0.469348931723803,2.38054854681617,0.325913123552472,-1.2277093509843,-0.121202779666336,0.0084911292757602,-1.91831544780444,-0.81238982957489,-2.61204495435697,2.3017645434045,0.959825015215367,1.73063135358911,0.755292728128768,-0.495622013465192,1.94980913601937,-0.257936089885756,2.25879015342769,3.86226067463236,0.706540901704754,1.80857526894121,-0.775410307733707
5,-2.92430864782706,-3.10687768391172,-0.814892031761232,1.7147670910604,1.22244483649853,2.50284110366379,3.06721464667678,-0.876713833213525,3.19965018720615,1.64777756090653,1.46992059169823,1.72158635049433,0.230728477154018,2.87589350123055,-2.91093803126626,2.44202266437465,2.09156828069019,-0.259815505565291,-1.67116079683025,-0.891095445876525,-3.0609374104578,2.19353133240474,1.19168302101154,2.84242152785825,-2.4100787540368,2.07516285667302,-1.13432159430325,-1.99945516312932,1.88032320295849,2.23149341797606,-1.1866927897029,-0.836966572810757,-1.57255214341369,5.14008892793963,-0.661847951114408,2.0494643215559,2.94933757886463,-1.93585631296822,0.389658496549865,-1.60113640467125,4.0033838539506,2.54048524999833,1.49510106043654,2.2662323924519,1.63830964930567
3,-1.63871079263198,-0.798685215859259,-0.236829797872822,0.0137805270047011,0.970203378155319,0.658826131932043,1.88394263716845,-0.903583449931919,2.14755279657004,0.794763569116674,-0.77739415020524,-0.454126205757846,0.554089556140205,0.651063221306199,0.277820035226929,0.339156415917489,-0.0458123513216546,0.0847001004511223,-3.14599777546361,1.23591700874214,-1.44726687598235,0.574499933855589,-0.520027474643348,1.13298953229544,-0.942998590827425,-0.630122795572424,0.909636251642817,-2.80264091418314,-0.122947604802161,0.722366903824985,0.888450845171075,-0.579057779653537,-0.730765728482896,4.41836163808916,0.252852567003524,-0.155368241216535,2.21673213790593,-1.11382098692672,0.527310610559153,-2.56981719574235,2.21711336870928,1.35606244462444,-1.85287670790062,0.0141106213953072,-0.530556490442665
4,-1.92326258826479,-1.73797225482254,-1.22411530474103,0.726787153642921,1.51913659338159,2.00311790853777,0.728459638477003,1.19682970706791,4.5050935748628,0.150316227393388,1.32900467162641,0.257452142928706,1.3846494304708,0.136073531825405,-1.237157410436,0.540023964373314,1.71436210235912,-2.10467698701064,-0.615021927584321,1.55989826243877,-1.62694339850476,3.86598085155059,3.10282813431592,3.12292366405199,-3.42093228505019,1.19941974371282,-2.66762351751627,-1.29672911150265,3.86083973207448,4.92515244323338,-1.05660407646996,-0.893114646159474,-0.629162458758819,7.34130512303967,2.20136187307701,-0.0177288328792719,3.73510176555737,-3.32828028243168,1.97117659350026,-0.07710186456816,1.02524323137909,1.64165107021608,0.7296056731224,0.109345963588816,2.92504352522516
9,-3.90872455061789,-3.693326885157,-1.87386313302704,2.24314769947076,0.471509067091097,3.13124699624105,2.73675100562976,0.445998925752348,3.25265950721245,1.85154533693796,1.52790204797971,3.04918608431547,0.265620408654238,4.21833490008442,-1.1017061924611,3.43336103782796,3.22707376909433,-0.909202277178818,-2.48970196955375,-0.386457414962525,-3.81258380509708,2.2613923088374,0.46925583382508,2.79490354679875,-1.71597113518546,2.86761319624818,-0.618217350845597,-0.740818800350084,0.514386812448929,2.10167889489492,-0.37440157139031,-1.23335000262974,-3.07669927968427,4.88624864461742,-1.39382789608959,2.02959257756626,3.17681465845946,-1.62912913214243,0.291617242719449,-1.19300185847629,3.74600492545846,5.07787737430967,1.34825655630414,2.6075752968591,1.51666644988228
8,-2.73078669865469,-3.03834477719702,-2.51335910783178,2.62761573364727,2.11813977875541,2.6662696791152,2.91004884744769,1.68864489268263,2.30656563463339,1.2528084770655,1.15594692863432,1.49897633732268,1.57292309671702,1.97798373627509,-1.08745731855451,2.01167606785063,1.58481238340624,-2.1665094895546,-0.53144065840769,1.83552575079397,-2.83842053817816,1.23666502634682,1.1638442977631,1.38633702359879,-2.30177787893938,0.872026808806599,-1.1726137742404,-0.949836680867522,1.85105543295144,2.84559070237744,-1.86404970113927,-1.60314199146928,-2.4234005802063,2.87787905725047,1.45005152286059,1.36525335482765,2.5115615060735,-2.05013211737668,1.78219154366018,-0.086836066665765,2.09998019132939,4.87581710287735,2.43861941188097,1.74631470946353,0.339413546084963
5,-2.9853033809922,-3.06168524668044,-2.09717002153213,1.38462449968002,2.80000022571752,3.79087566878653,2.05689747049821,2.74516536017907,1.41902194250577,2.72185476652095,2.49937022075176,2.91468331227736,1.46935613011291,1.70030169661861,-2.42182074973093,3.04929920081157,3.61339333022584,-2.04762666240081,0.178822525530892,1.36954593144071,-2.73342457758864,3.73464073519144,3.54088519894469,3.68221200347845,-1.58053586573396,2.51443243002341,-1.32226954927094,0.0078962964384103,1.10134550942971,1.47793396878626,-1.44298729019477,-2.02460283181683,-1.981669829659,2.93722753969478,1.7018595108053,3.21356605108477,0.399846784447373,-1.74341946632808,1.09869911087864,1.05544555711979,3.30112684042314,2.18059540957895,2.85029079460894,2.64757201274738,3.7568489647368
7,-0.560837817269741,-3.02197587897029,-1.41470358845513,1.6905467844839,2.16113811606068,4.09664403787675,3.10211675120485,0.664846007232883,0.886777055434759,2.24051488516909,1.09637497379096,2.50265058136463,0.653907277525733,3.33591160788506,-0.578342915899651,2.92753618330416,3.24483921733558,-1.02045606505137,-1.8788526832614,1.21607785550802,-0.710038981305784,0.379935067629804,-0.136331872531883,-0.50935561294203,0.564511336860547,2.93617127759347,0.090218874771631,-3.5829594453693,-0.386653203466,-0.83938295266125,-0.490054827914701,-2.39862527967353,-2.13198123716036,2.08106408624344,0.0770062804020482,2.62053083970855,1.38479675031204,0.515833793476574,-0.173640778460148,-0.948591056394671,3.4959056766658,2.60784719340786,0.717630611105732,2.51961774776073,1.00623789661666
2,0.197408828477642,-0.0874307642219402,-2.51089067378756,0.778748105630544,1.39427230535484,-1.07595422488048,2.91203092527847,-0.0188279602544521,1.29490629988913,-0.299114201148607,2.23411416899959,-0.18698561252509,2.17377268477038,1.08633140353525,-3.56496504763565,0.369581398436275,1.01304008599122,-2.26825303144073,-1.03021964157499,2.62948125089069,0.367838776129508,0.956907366024132,1.34271822255511,0.857451898884572,-1.60273972370282,0.861256325240939,-0.985384109190616,-0.958597705241594,1.55130745884327,1.78217180919327,-2.76110370284204,-1.96829780123816,-0.681717847953509,2.84898924285081,1.21707528572617,-0.687668266568582,1.39978285155528,-1.40368030930415,1.53150215330088,-0.839321734710237,1.1649280637606,0.0265326413456126,1.84599000490939,-0.695738225989326,1.16584545792836
3,-1.26626652904344,0.269325027520572,-1.16956366920974,0.980900423423718,0.623663169267371,-0.331028808786286,4.54011577346641,-0.0238655119962581,2.34768149347954,-0.794341599319001,2.36489084538745,-2.07214872596378,0.965521022718814,3.20958181837734,-1.73593548110037,-0.57145673549756,-1.99861818363125,0.206156282548841,-2.7612961960625,0.239094834636121,-1.27825072455554,0.801930305524934,0.278816267562507,2.11435052388236,-2.22520983166433,-2.37467054629883,0.0305457863841703,-0.579005798600196,1.45343371927275,2.2321960949301,-1.74856921154148,-0.715422145761576,-1.72136709329938,4.27729891795326,-0.0295390304112317,-2.06371935069526,2.61724029587231,-2.0278890606042,0.996682502151636,-1.29707002542407,3.23795091107914,1.13190939839662,1.31977764926424,-1.33362734744091,1.75628490593292
5,-2.10157494258864,-1.70037481526469,-1.93153753518961,1.03641384318309,0.58066939164809,0.967852403045218,2.70783320802131,-0.230481758720618,3.02720707157953,-0.456558264222519,0.342854167666358,0.889983107550629,-0.235906561198844,1.72369225869148,0.0824655930473347,0.734831510527329,1.28576621801901,-1.1822289108134,-1.7735209735289,-2.27890680308066,-2.50060485156763,1.34012225916958,0.185652275503358,2.12435434070565,-1.6533101247005,0.29809636217955,-0.978842705892695,-2.84015487782802,1.6128329384283,2.65950982816349,-0.175328572019951,-0.621301680172377,-0.940241919214295,4.37519530486901,-0.203603608436699,-0.303417058322219,2.74430357540709,-1.83914030409726,0.383081025026334,-1.56703340349593,1.37620066323289,2.08811957994823,0.233530175323541,0.430954085381829,0.857043790218503
9,-4.46237489088835,-4.06643523819094,-0.990715282386607,2.8698981173842,1.33429064083659,3.69508389105967,2.74243890793223,-0.718486511586897,1.83971141237395,3.35013778393583,0.618528837062134,3.2527146541917,0.995254330275979,3.38418300919108,-0.466196487476738,2.8418935490762,3.5362006261522,-0.47102487922876,-1.27216880168169,0.806244062076199,-4.24179698435425,1.20849572853751,0.0885800758093629,1.73298472701524,-1.74673180505711,2.8665358677585,-1.04521734648753,-2.05925263598584,0.982743645003522,1.62751371767221,-0.932481552735693,-1.15698548027081,-2.40742316922163,4.09223097258285,-0.272591038844489,3.53101039081879,1.42395724863337,-1.587955669263,0.544963332709508,-0.930823743118092,4.62981696690879,6.24822170529811,0.822848149488063,3.0012580699505,2.23049722827932
4,-1.01492011531781,-1.6693909347016,-1.64376371393069,1.2129997760056,1.17385038225485,1.77563811529633,3.28165204971627,1.23300597605279,2.32158423548371,-0.0459402840979281,2.30883834619417,0.481231879547749,1.53841530322955,2.75832293076918,-0.700060712583554,0.960277859358439,0.711680861773676,-0.768706568488205,-0.208046538953512,2.40917608092208,-1.26386897919011,1.41754868792509,1.08951813734963,2.25692269066074,-1.67671550779784,-0.143892997458442,-1.54156969473546,-1.66392764896238,1.94416933590604,1.96638746339019,-1.58555045663608,-0.681574944160322,-1.52939119398121,4.45720188326357,0.967214303826319,0.0267204644619352,1.7742087019361,-1.4645846041209,1.23562957821535,-0.021590082899831,3.34491720424057,1.88428255576141,1.17365509859511,0.82975306306069,2.55110839707304
9,-3.08026399886559,-4.2492501928465,-2.24273903529977,3.31448075625162,0.704086946062149,3.45697969888234,3.66614973950846,-0.577261748876451,2.40992833284523,2.44043856160791,1.76325907763021,3.22128935631304,2.25755250168143,5.51086248073562,-2.40356619536025,3.26253288269766,3.62293759469905,-1.10016372590414,-2.358798221373,1.5648138891271,-3.46192092273279,2.55937267441194,1.74731540695518,2.47947052957822,-1.42219707256199,3.45759161884333,-1.07948389893672,-1.11580399124468,1.55681606870272,1.01461739581621,-1.99992619171054,-2.41357634900216,-3.79119786322172,4.55573919391809,0.953352986078839,2.37764469323587,2.25026889037863,-1.40710866228208,1.02307964176383,-1.62629720427424,4.84727409326859,6.26780009235498,-0.211459136835309,3.05476177909612,-0.315235090941923
5,-0.656777571073681,-3.23274325794732,-1.92553399149855,0.607853050660602,0.675874830535797,2.92685163877095,3.12852218534523,1.9882965209727,3.19230003079477,1.13844891678154,0.427602654236803,1.33524676493251,1.20729743159303,2.07244610889776,-1.15521712194104,2.38133438937844,1.00200518631974,-2.09574924722838,-0.391882083658197,0.756611167845371,-0.729405240255733,2.73268629156998,2.19263760073379,2.77700745435458,-2.72606303968166,0.220334667533055,-2.34792737045564,-1.33875080953299,3.20711640966064,4.18022987674932,-0.636837244192349,-2.46783739982776,-1.2088382571704,4.27155802052476,0.69112988686581,1.609866145941,3.41801469443521,-2.84890066135766,0.867323019352256,0.367199356967013,3.09120982155666,1.6437861319112,0.893264587766809,1.39826156542943,0.705086251685644
3,-3.00814149558315,-2.18411497395555,-1.40441816342091,1.28813219358097,1.16899076149644,2.75353202598748,1.68861303727475,2.74874009984971,1.53001522635998,1.70882887607592,2.40891162381246,2.63554230430639,1.95545919110603,2.02183574282549,-2.22375306107455,2.45290753846684,4.26301049735247,-2.57593390964874,-0.701232344000356,2.81671882899695,-2.62068217444214,2.07933547168534,2.13233075129275,1.61626486480103,-1.14536608618927,3.56478274313573,-0.607808131138638,0.628888422900915,1.20644279975923,0.177670828544795,-2.41822929821369,-2.20851710439368,-2.23860871256448,1.53552659959265,1.62528394399176,1.78159664251242,1.61883460696413,-0.869120710900043,1.3069409371506,0.647768212831504,1.80366800534911,1.54952568935412,1.13634199209723,1.81485480222554,3.90650894158786
0,2.10360327993947,1.0905125391277,-2.88791284729514,-0.576510027716012,2.91224924840194,-0.593328260951375,1.42928393011854,-0.724028498454847,2.48251095572395,-0.647581988154366,0.377969415196657,-2.00316114478916,0.905204150128634,0.756715532101812,-0.619937245607705,-0.979350758066686,-0.629131178323218,-3.0486589939612,-2.4861036306097,1.31455483059985,1.95689122690815,1.41930453935708,1.34506976679017,1.53311927816399,-2.48772398191164,-1.70810401756816,-0.44300575653285,-1.51842048904637,1.59394565310385,1.68295416198643,-1.56036849674536,-1.83346831865891,-0.488164861121204,3.94697131336719,1.17322292242543,-2.156371085906,1.52739543629012,-1.87223059483586,0.760818767471208,-1.54223045589232,0.676584588687885,-1.68221022173562,1.22142538909534,-1.73664039260682,2.02507798766543
8,-1.80591993974063,-1.57340728791964,-2.32392095907706,1.94000955273187,0.965030697931406,1.77438526893496,2.37184631383817,-2.19165154115672,1.30081574084873,-0.189085216097588,1.61094872224544,0.152688396072372,0.946638323747936,2.62448040080547,-0.786382258600604,0.955976283779868,1.65284303413055,-1.20251267129456,-5.61953126677277,0.801989664090993,-2.18175873931162,1.27601481260112,0.897503851419055,0.867918162520104,-1.31926224439125,0.932206590386012,-0.0523579110466048,-0.891013521848026,1.00662569899497,0.38293686284129,-1.25849882487584,-1.719095613311,-2.60374448504477,0.768703560219476,-0.444635728532469,-0.445078101754882,1.99225843731843,-1.37054834644816,0.707664003946704,-3.75835522863975,2.8529675749245,3.53273492865192,1.25928221972614,0.503929663398327,1.62530024400422
6,-1.93447080941019,-2.19946012403263,-2.20317825152246,2.35422709744186,1.72660967631132,2.38147771525853,2.72680262634601,-1.98070536912898,1.52052762743706,0.872013985088613,2.08447338230046,2.01158541098971,1.18814851069103,1.77383328035206,-1.97228144665265,1.87589256074792,3.49950449372541,-2.77404445628237,-3.86665207629596,1.40456481207309,-2.04438908614928,3.78272561400212,3.42233819589243,2.93232871166863,-1.22444711560688,2.50884028765212,0.724073567575663,-0.534590842517035,0.608149957227597,-0.0469618220023394,-2.1678041394945,-2.22608649703294,-2.3061531070602,2.45871158750908,0.122110042590504,1.32718652348209,0.726661147167089,-0.952233335919347,0.430730403362544,-3.34703827650015,3.31148139229111,2.9574827243055,0.532900533834385,1.43162465028868,3.29333034500951
8,-2.17377135115385,-3.42981248241715,-0.730385353923932,1.94300371201372,1.97108528988031,3.47936940987876,4.19772351152608,0.841945247682321,2.01936693388653,2.17267075953583,1.12602431695374,2.6619418014161,1.58897073016396,2.14159554734644,-0.474713086221854,2.2156143836787,3.68644062397304,-1.56177305473848,-1.08990180203943,2.39742916342816,-2.20302711774325,-0.991837708223527,-2.19525646144741,-0.622625580785279,-0.64735125672363,2.94740800899322,-1.0049197444656,-2.74993845531875,1.8335880481388,2.13586845603927,-0.752583204024167,-0.9429391594147,-2.43932939269757,2.93932067695243,1.3076059575594,3.10044438434682,1.9782505757492,-1.26361091491348,1.19244963542311,-1.16375800002972,3.10209651204308,3.39143373695333,1.47256374797155,2.62345237325371,2.76212040337452
4,-0.77602253125523,-1.8105719070774,-3.31227078904032,1.45072657868098,1.8040850282012,2.48240851270818,0.995058262234151,-1.72738445650757,0.812674939985032,1.2237425486855,2.11061456210851,2.13396595955194,0.371893357074124,1.39050625054413,-2.73990266047258,1.74486210976777,2.14127284628795,-1.99650059377618,-3.12499118612858,-0.752570437572823,-0.935338569359216,1.23697775259386,0.805626478782439,1.39895227489193,-1.36434460272331,2.32651872330764,0.704375400625029,-2.55475695756973,-0.358462969878149,-0.0889264861674093,-2.32300315391069,-2.14569359517814,-2.19287344985867,2.17612849947308,-0.480698547836222,1.16944579875995,0.489275272604062,-0.780112319935614,0.239304020681526,-2.25868379865911,0.883504511675358,2.02120581604713,0.929749157642804,1.68871207582012,0.967345655818313
4,-2.42412011294235,-1.83646803437512,-2.00526808838614,1.25946888714193,3.38606851835354,1.88968091326219,2.6529741068925,-1.35298950751641,0.821533702697153,2.04972159514332,1.12153535286036,1.27509776652283,1.53728614545394,1.71035323452564,-0.503801899493718,2.39706320515348,1.4309152936013,-2.01213319152926,-3.76722850260966,1.30449677420741,-2.00237363640522,1.37274742424883,1.53857615229304,2.08325904739998,0.22212689756005,0.719773277101785,0.217772473688662,0.0117504518552944,0.247900468275562,0.0906853578961552,-1.43479250112993,-1.30508389707673,-1.88042744804021,2.11923971991941,1.00079195560531,1.8743233458281,0.299159270716009,-0.0439637175844035,1.45711236263087,-2.91687584646737,3.06618633526518,1.6334530158632,0.783931054763282,1.45225598148792,3.45887676428089
1,-2.1455609477181,-1.4852842748357,-2.88169478741121,1.07570693976748,4.05801036624619,2.23144648530353,2.24251651461473,0.931245157049195,0.875851742295091,-0.178029687112736,2.35033949272405,1.52019444621055,2.05661998612951,3.12838540730375,-1.46169818063411,1.74564483183469,3.40496008388613,-1.77417252202736,-1.89322483283017,1.6633047070959,-2.25514598732956,2.17993784417972,2.2666435975735,2.6429967162184,-1.96274451764479,2.08472016027149,-1.48578787443574,-0.440982321669461,1.1731501499101,1.87262196799191,-2.72235208213637,-2.0656251371364,-2.47257818779385,2.08067643922947,1.1854936136464,-0.0911652968456735,0.975227400649074,-1.31538054711857,1.85877866999409,-1.17803031292025,2.70676393851886,0.797564067934326,2.33314787022132,1.09546991281615,0.945726192924788
7,-1.30832700996137,-2.37133477872297,-1.49641358265116,1.74546331824886,1.02331681799373,3.35548574904465,0.470627689754425,-0.980245473208354,0.476911381660879,0.602763612397625,1.11915634639065,0.807682396238954,0.45525751815143,0.0383326642878876,-0.669929378458412,1.85698550349592,2.24415802317665,-1.49113495172596,-2.75141918947663,1.61310525603658,-1.4697330372992,2.78521381457735,2.49442311172771,2.38829632428928,0.0035118218889377,1.43494057297268,-0.11994938300746,-0.285176379525729,0.217908039540482,1.70379441995094,-0.987673592011701,-0.623735574579887,-1.98489763037423,1.85245995020733,0.496103478668214,2.25393234235036,0.88526068068473,-0.416015915633085,0.325687246317284,-2.11717406874269,0.568908364963466,3.300979248318,1.07543091472538,1.31051158327314,1.59700243731742
7,-2.76388492586548,-2.97417707061517,-1.21717014949357,2.06307727331542,4.05587159094745,2.54743160041701,3.53252939343977,-0.0339889910431549,0.378643661712446,1.56037896004506,0.971017605092249,2.02924046708299,1.07220163050315,1.88039966171806,-1.46235039242071,2.72763894038025,2.34668566561265,-1.79342952802295,-0.870769176678956,0.825047041538113,-2.83783663159012,-0.220344859580787,-0.600556359938294,0.108627876359625,-0.606434580015653,2.10255091936119,-0.0181501316788972,-1.9214514605098,0.883269466475281,1.06901702190274,-1.07373901223172,-1.45120803593287,-2.65242210292077,2.02783859680414,0.188000307104983,2.05006004543375,0.306260601881238,-0.875468336266741,0.88439261320009,-0.174685736028382,2.19872318418398,4.09759065745914,1.60804250743393,2.08660767413621,0.346133430136948
2,-0.848565900338624,0.224377656408676,-2.35766128957877,0.434389543336362,1.68337396258112,1.20093754169675,0.268103839924016,1.20493452558629,2.77739846955263,1.02906757452473,1.97530593800588,-0.702469425223518,0.904251886314714,-0.444460509710495,-1.33847074292031,0.357023897691377,-0.529442218999612,-0.618568615417102,-0.839019535707751,1.18962575175912,-0.493036586280404,3.93100469899619,3.86864822436369,3.06019042695567,-1.64503998096501,-1.03461940809027,-0.945795636248548,0.712112871528735,2.08653421132733,3.01458175279856,-1.93378348877511,-2.32408591410168,-0.665309867485464,2.86715145367652,1.58541720853099,0.170566862547517,2.79842000450352,-2.04706846297648,2.10979679803318,-0.309510128836779,0.226153631502375,0.42375190555087,0.949838045828563,-0.229096484528047,1.899252369107
6,-1.78056698597254,-1.25217044205145,-1.06189046580118,1.3725775856936,3.98416291722954,0.577994258378234,1.15736859829948,1.76089564640618,1.8891877963552,0.010855980361474,0.839348983336067,-0.34712150599067,1.13941644547361,1.39368273117528,1.66968916163784,0.352821871892118,-0.424747378953133,-2.35760731360463,0.154296027858543,1.13042389617282,-1.79000944029221,-1.71808582606414,-2.34858336532388,-0.935391336052942,-1.74137100780064,-1.17786970506236,-0.738538690416326,-2.12864996181982,1.01055935321555,1.01066392586192,-0.281256238594597,-0.102357485902002,-1.49504423060092,4.22802302723031,1.10882179990317,-0.568058962344397,1.63752137481935,-1.43927321635176,0.926283769298438,0.400374130396395,2.85774987796831,2.58872106519338,-1.18569520099556,0.0972803733503728,-1.23417223756548
3,-1.78386560950122,-2.64757640559049,-3.31485735357701,2.12122201240949,2.80041339595746,3.21558494666728,3.29768460408162,-0.14319957800913,1.35102411773743,2.55057447801738,3.54146647457491,1.54046309122273,2.63865958177423,2.59715962914361,-2.51074530627894,2.13798062448788,2.1620741940191,-2.03937009663444,-3.21283012120263,4.93389802927687,-1.59649482503724,-0.845298254301017,-0.779614399395748,-1.41613563571829,-1.29896379076158,1.21891877681242,-1.38044950309637,-2.42574103168885,1.72567461227935,2.31799839867002,-4.13128276116142,-3.78927877639119,-2.652622248831,2.97667795827629,2.40608717008624,2.96299205414138,1.45404422329798,-1.19449162154595,3.04401747946501,-2.35653503290058,2.85154545347927,1.3228719956218,2.85980881710283,1.77061928470683,0.162984238154039
9,-3.60434222333041,-4.61606852415461,-1.46336175856717,2.92582353454526,1.82769503836594,6.98095544525412,1.28358621325532,2.3972542641669,0.47035673732498,3.96849038196549,1.51220804494242,4.62528917994845,2.45282605887021,1.09129783633079,-0.958459718310483,4.17826391597744,5.10029688842994,-1.03943535140355,2.1616977763901,3.89575053020226,-3.26335297753264,0.638343184845188,0.213583514228615,0.572943866245912,-0.844554413272536,4.96604413634614,-0.665660795247719,-3.75753395417605,1.10295531822612,0.668007522270413,-1.100072344718,-0.868998407472843,-2.94322614016046,0.724041399024186,2.46743669413698,5.70588085941204,1.79990710532243,-0.804291524613715,2.08394454383463,1.92479494311545,0.587423693664549,4.69133977117436,0.780115579136045,4.41990181748452,4.54516557465856
6,-1.82567265216437,-2.69012281649059,-1.39035692614844,1.52558257405179,5.01232194738694,2.06587806990908,4.34769194484891,-0.690279078378203,1.19225835943872,1.59613409800526,1.45209035608923,1.92491134992574,2.21758858271353,3.26297419803771,-0.528438613968041,1.55776906064547,2.11852675772095,-1.68958888868835,-3.16040304647517,4.04037301998759,-1.79980593749148,1.68681510846463,1.36460032768296,1.78835353720097,-0.88065391567198,1.78084441093243,-1.13697177008935,-1.41092925539007,1.24270205737758,1.82552171635262,-2.14070171677103,-1.14786321517611,-2.68450247651061,2.23243508256414,1.76891792173346,1.64745829888398,1.20564739773497,-1.22870718822757,1.36507694407815,-2.01520930142743,4.36721110811621,2.06700968135717,2.15536392289101,1.73188631121226,-0.922798532324412
2,0.646142259328112,0.138360443866421,-2.14530452387921,0.635560258284245,2.08196817236923,-1.67186191991788,0.733824867598211,0.554693169593933,4.72382360814914,-1.88634420779829,1.61577716685678,-3.23882644510646,1.61533246996682,0.704896817738202,-3.1112481096455,-0.908628491196686,-3.31381164385734,-2.09806418666426,-1.45409613306126,3.00500495524927,0.296890472859661,1.16401733943063,0.837767216593978,2.12023512644156,-2.89815397548676,-3.39032318213277,-2.53081615600779,-2.51342674190013,2.70462407854239,3.95953739129259,-2.80598886140948,-1.0372980563211,-1.00409219790701,7.78474962909949,0.922803693103652,-2.30895834263142,3.51696633832166,-3.43712249491374,1.00656008570303,-0.908151832872557,1.34134122248489,-0.198291968105053,2.46211351512705,-1.94634695732405,-0.0722669128309865
9,-4.07937675478753,-3.13347099609984,0.59413116431903,2.64531183976728,2.13704314527485,1.99643039205303,1.97507040422248,0.734502780921102,1.48340885272925,1.66311775382755,-2.29018403348994,2.17093541577031,-0.364621609807183,2.84727935284036,0.195749452964433,1.57380128383997,1.37993881188673,-0.382338076315643,-2.22596243979699,-1.505441191151,-3.87810526330685,2.05572372247364,0.203044405958487,2.88682500726068,-2.09264902863956,0.758255588030196,-1.39482022619651,-2.33583541497216,1.84050229752468,1.61339610341793,1.32791853564392,0.328795490399544,-2.11957412749553,2.14793689033321,-2.2872789226948,2.04811569018536,2.41146000716325,-1.70178274574984,-1.27189627300124,-1.14820526755666,3.8736737576162,5.88624923728729,-1.12540293181807,1.85754930390541,0.93517893808083
1,-0.0648596148638852,-1.2490804153896,-2.67556002518446,0.0266997166700997,1.16126180198797,0.529129120845218,1.02237006671156,-0.766024304222248,1.93778323293785,0.685764040946311,1.21832308650273,-0.93493434942662,1.34819504347759,1.6750412430665,-0.0411453421644976,0.290633662168585,-0.125962458191786,-1.32042901834369,-1.68811157585332,1.38408815466531,-0.289612233717984,2.46319656814108,2.3438530038969,2.15611863269646,-2.4588223185362,-0.411803436669011,-2.78605352564711,-1.26231222767484,3.19918744318839,2.92748683405246,-0.943385215245736,0.238602858439463,-0.672152081805294,3.56786546738719,0.948804516849756,0.262877298269192,1.5192337261528,-2.56550482356398,1.15010149508538,-1.14744128312997,1.85534299535589,0.566032745854886,1.03169998677767,-0.395666704580147,1.76894507893604
0,-1.55820603026131,-0.230370374080746,-2.28942274436856,0.633823820671943,2.00444284019291,-0.520690061108408,2.35817250363867,-0.863911259370143,1.72504566954385,-0.0570128463187924,2.10906090548367,-0.768786760530047,2.33315924609625,-0.206388040037628,-3.26270489602645,-0.0279579570482931,0.175002362932783,-2.58382636959178,-1.71178171433083,3.42204945827579,-1.28106770741451,-1.51707021084973,-1.36525729792943,-1.556240761254,-1.97993050961806,-0.760551101846564,-0.742442555520942,-2.83052308239171,1.99270342698027,1.82951202786522,-2.99858533184417,-1.93172427984175,-0.823002431726088,3.05398413700095,2.67693942869835,-0.724506088501973,2.42490452637264,-1.91901082101919,2.46538082017794,-1.16744053006872,0.724218268275026,-0.130097648902506,0.764141328251776,-0.767502561513922,2.39146655183861
2,0.677805061567354,-1.17486256867369,-1.08637272955858,0.90781629012213,0.898633082114005,-2.08770042069359,1.34445569492357,-0.535962611044464,2.17116604853369,-0.161276474798458,2.00068106629605,-0.108700071349459,2.55666110014808,1.39277877413099,-1.43903606982221,0.224031274853724,0.13528021914315,-2.53582425897033,-2.2125210427925,4.50343218296168,0.742830078636307,-3.07992128071033,-3.15418900138582,-2.83427850234394,-1.75696312055706,0.166408637972052,-1.17578649782777,-2.23125433483965,1.64469695134542,2.43022210413955,-1.91837516613804,-2.23298461267755,-1.21627481835939,4.83730441917768,1.98307572872929,0.0035117573259846,1.62104156190709,-1.86372526042717,2.56399667394205,-1.76243874531422,2.98835615020254,0.438555312134305,0.630344239209814,-0.255523739313121,1.91968593210567
6,-1.02585366655796,-1.75842016612474,-1.52820108405133,0.769882948428628,1.50066602221097,1.31012441360219,1.67795772593284,-0.175943915127043,1.56909453225134,0.127064900973717,0.430996230546224,1.29645227985502,0.701198875631721,0.229119908944539,-2.09883940564309,0.927527372645034,0.285851184928424,-2.17075490823855,-2.84640917934625,1.32234083062327,-1.4269603816775,1.20080596836722,0.655093077832854,0.629918659435128,-1.72647832026511,0.156210568905729,-0.776978648879339,-2.0656759876492,0.805941072719133,1.92664471731087,-1.03108118577577,-1.36474150726258,-0.685016004889175,1.33028644527746,0.674585272956808,0.634770401504723,0.762815410181965,-1.35506578282026,0.794781894134677,-1.90956388765632,2.00688357843146,2.45010693753024,1.69767111684841,0.868621435969588,2.34975139372093
4,-1.71475240474775,-3.19400781451264,-2.00076117179723,1.29468387930919,2.38934012450257,4.62408600471441,1.95576022646895,1.37233256584919,2.00945641873126,3.381777075771,2.4751216805568,3.50725415781114,1.49061959903675,1.84291469119022,-1.76590825155975,3.57276182462344,3.15523746956513,-1.45068679781183,-0.584031062302399,3.1864957775875,-1.28990496089043,2.14584721375946,2.04624587353605,2.63493017156291,-1.04679849277986,2.30730567753315,0.47220058177719,-1.76424055563618,0.884509127172349,1.65333956643533,-2.27563806398899,-2.60840586128372,-1.94190437997681,3.55866131430934,1.14693319034055,3.52366096563059,2.0640161084538,-1.0794254085512,1.45959125079158,0.0137342516592109,1.88194038782649,1.31950820594042,2.62519128879312,3.36858768056173,1.5225096824307
8,-1.77268656905837,-2.45551105257848,-2.16727319086527,2.1082084694228,3.04404000158972,2.51409495876926,0.904489577538907,0.855050481175057,3.40440530867459,1.42375637234256,0.948057438031166,1.5035829630591,1.39326541838915,0.71983877377255,-1.4479267823821,1.60827925698382,1.5280867496804,-1.47472779567488,0.542386160693668,1.81820865697068,-1.75531147007846,3.27010177209299,2.22775264682401,2.88415319755332,-2.7765912249059,0.380618679277972,-1.75980661555461,-0.5167740738239,2.25723744451922,2.50377739651968,-2.19903517635932,-2.9156059755447,-2.19879133944108,7.08251471067781,1.24474245296024,1.52161972229968,2.21215152797307,-2.69987556278533,1.19746613181067,0.121855335879815,1.6180900844611,3.24400026049142,1.78161103465746,1.54722045360407,1.2865066605544
4,-1.58410423898899,-1.43119151829143,-3.13338707471895,1.83524311377298,1.77497275698057,0.84372423619332,2.19895945429785,0.6756926041462,2.27332496189837,0.810861782787787,1.91167684648265,0.990824253332582,1.85910836577337,0.938362146081422,-3.37759374554037,1.58014761299892,1.41725934341537,-2.18383933555011,-2.23229519950424,2.01022285149558,-1.55251889977378,3.47663195275871,3.40535750040075,3.75591590298024,-2.05021554548337,0.596032812177154,-0.506270250599016,-1.84054739821465,1.98005822276154,3.25333610957941,-3.4102808273533,-2.99417558403954,-2.14617805902293,4.51538380439933,1.84122909654483,0.202910872256623,1.44578068978419,-2.29108441065425,1.97492718239548,-1.4577037855027,2.10053962126628,1.41007795393396,1.96048997461303,0.718768514579438,1.8476386401085
3,0.161875180448044,-1.22945690257754,-3.13158639746429,0.925183104475986,3.61758764577469,2.50887881427145,2.37830603346131,-0.386596021857658,1.69741109623317,0.147885890040567,1.35682890096161,-0.0535968833691236,0.376505440744588,1.33820275652472,-1.73850776058936,0.952172605089318,0.437384420017865,0.0792812727456396,-3.43815221931833,0.764916913398243,0.166164987346934,5.16330021695995,4.77294755834952,5.89895652646382,-0.433756926590871,-0.658741171851535,-1.15468360196328,-0.210335082131385,0.419680985280633,0.937287266592612,-1.35314291876397,-1.23047290743809,-1.25826498608167,4.82729992531911,0.479013920782453,0.511202514860441,0.939251222490424,-0.667609623558968,0.779012982768433,-1.9083108472814,2.30191406513187,1.14923625498196,0.98526754416152,0.89161559765004,-0.0388688846198486
0,-1.04436622432488,-1.54078852739138,-1.7519544136373,0.621602626463741,3.02425467120614,2.923048387812,4.30083289757522,0.998165838193978,2.62168005857601,1.84848788092664,1.53799217365786,3.11354487044011,1.29549454153465,2.12417219825844,-1.28002475564045,1.78970963972457,3.11849276231246,-1.1724162511929,-0.8184875442649,2.62664181716742,-1.09630883570933,1.26858299285497,0.909695371184992,2.04649314758317,-1.09744642794773,2.53582148462853,-0.589102346543441,-2.5747136726024,1.05678272669179,1.71404440581406,-0.745730350558693,-1.30201586170028,-1.21490871223886,6.04480404434078,1.35011734421577,2.43557423356588,1.14843987637597,-1.01626865707002,1.8708195815915,-0.367814696463423,2.51048081320539,0.551975275064471,1.3427080451822,1.84474063437136,1.99880539006366
9,-4.04003803978736,-2.84507524904089,0.370829910204804,1.47014104858466,1.9553682460697,3.31865674269409,2.6238217763289,-1.78500817926478,0.809852431573228,1.6345548791274,-1.78878856544854,2.19651922100012,0.172527355098842,2.06536062402694,0.263466586061367,1.82461963991608,2.13025497044358,-0.248115881466451,-3.6215387803189,0.455652792125101,-3.8864119070457,1.90203619782573,0.801498764951819,2.45942476969399,-1.03026229722193,1.5944134031268,-0.514465335252673,-1.06258915834719,0.326593962685858,0.302024064198929,1.31282826517084,0.728335472393506,-1.06906126573579,1.83493305023693,0.362207172192333,1.92647195187145,0.299842697220931,-0.629663069262707,-0.255477014024702,-2.78875410222132,3.16463362058305,4.70576266288314,-2.01810082142999,2.2385811652244,1.69398841664616
8,-2.71312076329087,-3.00184529521111,0.216296549843577,1.61140999112983,0.698726618264277,3.78861177743149,2.35002342299623,0.526399123398529,0.772957649081107,2.22403978762837,-0.206245326470614,2.1380861299783,-0.0690186762710223,2.05648605960676,0.264848506293143,2.26531674593038,2.5039193438903,-1.14543020348909,-1.72590259929062,-1.04883193620672,-3.12782559998145,3.7813123659032,2.96624156919446,3.63422438001008,-0.774698633657429,1.60504402772584,0.196157919204893,0.878008278111605,-0.302763188476978,0.501302589281098,0.666078955610976,-0.741713302104316,-1.65182694727995,1.13200587863932,-1.62321233198197,2.70701150460704,1.7231083088039,0.113628966489231,0.0930415754483487,-1.08570117354802,2.09678729127711,3.55469095300719,-1.24511013959231,2.57073586463226,2.35740309679037
3,-1.86292472821602,-2.27289334155343,-2.00227809088902,1.20688503381629,1.55448941870825,2.78646871343399,2.3267326980585,-0.222010840377774,2.61856047187286,1.11674070362952,1.42677130598071,1.29501835973124,0.593848399077546,1.99165982764226,-1.21299318361334,1.74313738402593,0.889168397215818,-1.53278967843481,-1.9462226610772,-0.006296056267482,-1.76543381762229,-0.402224028146984,-1.38586829198658,-0.309373343896199,-1.85927025422715,0.435109380701697,-1.27203347724869,-3.69611966439692,2.5981801297244,2.41336449185747,-1.22163682666031,0.0625134236874626,-2.06921555114419,3.48983051582339,-0.179755305615925,1.37282763979014,1.93700628480999,-2.15569703825813,0.570771874455115,-1.20656523552991,3.31496393035424,2.07983340782104,0.398597501980666,1.54497857640049,1.25049843609783
4,-3.59834032888534,-2.62976915552854,-2.84280218220609,1.63742042799731,0.423884359013981,3.696580057883,0.990414814498694,-0.123033358710485,0.725590287162996,1.97159053982508,1.13007994904884,2.09888583675111,1.5769387726691,-0.0509330353753636,-2.2551899077335,2.00019974003198,2.07248149366647,-2.35547642891829,0.33083692916736,2.24402614480679,-3.32597007342028,1.26033400734395,1.04751750779711,1.47125310886658,-0.890850055247559,1.0301532247865,-0.163470674465658,-2.08713521970479,0.599292535708628,0.644858742686831,-2.33117617884834,-2.18069870843839,-1.22301537450125,0.36774069556656,2.17184381864538,3.21417197402194,1.0052600757928,-0.549760181896136,1.91223056942959,0.219086987750882,1.88111785652597,2.13189699883048,1.64921322036193,2.3899094146031,3.31523012885295
7,-2.66004566840921,-2.39291336219557,-0.352294445179554,1.71198305239126,3.36640462835407,4.08274926256422,1.27511862303501,0.0396242134173048,1.65730914041322,2.00389373667203,-1.54955893589901,2.86639936207505,0.334479310259301,2.28960987240502,-0.133050186957326,2.31352787376684,2.79506952852698,-0.401113322037134,-2.72087844826833,0.505030637958112,-2.39378718688762,3.678213598016,2.99019416518123,3.23375982530733,-1.6550895000994,2.63734092047195,-0.398252856997544,-1.41329158308083,1.23889696802998,0.479248256344147,0.266304986675172,-0.823475393901161,-1.33309049576437,2.37599156890147,-0.160352161409939,2.75212433711124,1.86321786251585,-1.05356833197984,0.472862274528471,-1.90813875302341,2.4444886597755,3.13857190561253,0.011127661818208,2.37159929873322,-0.136379097123238
9,-3.2083629379867,-2.65441264784809,-1.75379479944741,2.63132814479687,2.10637492085358,3.69027247408774,2.90967947122839,1.90248543280498,2.76094607966351,1.45020238203945,0.301154339893312,3.17448774431636,1.10024336240396,2.58720495667328,-0.37288633335976,2.31583411662376,2.64200001597693,-0.122752953113322,-0.43772832836251,0.768787507332995,-3.12350879275381,4.09708066778748,2.70198367646311,3.81841544372828,-1.82328763555174,2.24766682582858,-0.939129680593459,-0.880506201698072,1.78548154201024,2.45588506794246,-1.45045763879121,-1.77733391004854,-2.96105199689048,3.01610156916912,0.442702020641632,2.66134835820363,2.48799452926644,-1.79902625509359,0.752845872327033,-0.073364238473705,2.95981303409024,5.042240951497,2.49637339886838,2.43981834164036,1.08697310926662
7,-2.76744608578482,-2.52541104929997,0.0903141652126687,1.68293922879107,1.93695596249905,2.31962761781389,4.25689588871189,3.20489552951363,1.66779103073118,1.56434008120042,1.84348470106575,1.22405265061493,0.833054310310677,3.8639055765593,0.214902634058199,1.22337641958067,2.40782170493848,-1.06251886542008,0.708400947548532,0.1187195772442,-2.63049533582971,4.10000222407685,3.37945957144948,4.1396763070849,-1.04482361889434,1.60856093751575,-0.265486451405063,0.189172593122332,1.07249382037768,1.61795598571752,-0.791896658844616,-2.79151817352326,-2.68873503926289,4.17154946671572,-0.44590340191665,1.57825514105391,1.58382423263312,-1.72608490028703,0.703012066034719,1.59065869715241,3.7416714332673,3.33024713768495,0.530436418885048,1.66718015395086,0.302940913192337
6,-0.964882192041624,-3.43075831310698,-1.9144675396967,1.43778577691399,1.8294231596763,3.118241871092,3.56446731485946,-0.48377495316986,1.89182705241981,1.57190781313903,-0.330150802595082,2.99404212997831,1.24095142722722,2.03454998383107,-0.652907118977309,2.02648898745515,2.23955136789288,-2.71304050134547,-2.25378005647715,1.03795451738948,-1.47954396128683,0.798062961392758,0.287419776421642,0.762888393156938,-1.85460089083033,1.84505131257528,-1.72573879291229,-0.566531761180109,1.91612593466473,1.60710484444127,-1.24529969398519,-2.39587738811057,-1.73991143399683,2.87039682573841,-0.117883180583353,1.9618286848706,2.51710172780452,-1.5478573475414,1.26479314837762,-1.86029404177102,3.61824151509401,2.6246413918328,2.14882936958792,1.85464888277672,1.73407140065623
8,-3.67646230258041,-2.62365670375257,-1.43622557901627,1.60342493254259,2.69237495004411,4.02203677515729,2.77578959691515,-1.02546275089675,1.04218533389745,2.30507710468433,1.71707165650035,1.30288269148974,1.59435211079184,2.23630872361551,-1.48504894747651,2.53103445553424,1.23083712212249,-1.8265231798311,-2.4150501773271,1.81727554760642,-3.56223228117754,3.04664949472948,2.54439789965026,3.37728751336259,-0.366644327074472,0.883724561563703,0.489824535010997,-1.32677211882933,-0.254616324761347,0.517360761885904,-1.2145899687493,-1.72318975628333,-2.00827459988958,1.12596004771113,1.04161458167632,2.42920171879719,0.0726899436494123,-0.346833614861915,1.68076713484196,-1.78307069665248,1.3757301109331,3.6312263458198,1.24518167431065,2.2430456213598,0.647503101360706
8,-1.54036551594039,-2.70843848155784,-2.32700907624691,2.07062316910892,1.80513246354424,2.40855215529793,2.32685986699234,2.33497532933264,2.10138105979934,2.02927330863466,1.42961060918142,3.01926064550993,1.44634847717469,1.77492359684395,-1.2800720294489,2.73472745112767,3.06427129953088,-0.283971825843887,0.440511822094732,1.34923635236454,-1.77255292280977,0.19580052513967,-0.417744768505553,0.546215056456238,-1.7220218441965,2.32226405510245,-0.552614347122493,-1.39283626863723,1.13088851539396,2.15907029211719,-1.15815911724959,-2.56899936160555,-2.20482666111327,2.39885744142262,1.02081978944623,3.19037110632132,1.61142452541592,-1.67153028039012,1.1769021777627,1.12969632829337,1.61710304023504,4.09300073475103,2.28919386406487,2.07040115185848,2.79509381794931
9,-2.81930879887681,-3.54315699367779,-1.10750599258359,2.84746763312789,2.7301251701876,3.80346225926827,2.23640445818515,1.38787306486211,3.87632065921718,1.62276674408031,-0.0777757615806972,1.93966061849774,1.50259956673722,1.58342636055079,-0.788602087767739,2.43831420629089,2.6326621926983,-0.417408676974768,0.136714368912508,2.24925993288581,-3.44773824048591,5.35742727034123,4.69837347136491,6.45603509994613,-2.66973108637995,1.75383959656525,-1.65034978800816,0.407792830520086,2.93127156719785,3.62809536243367,-0.991210877256327,-1.20145712324512,-2.57912379600712,7.61996222559929,1.08617691205527,2.0261687396415,3.35868911469742,-2.67267442279478,0.851616864833038,0.424960582871978,2.76628716897635,4.8153027316363,1.03803849532861,2.22682599390203,0.0872843809675759
6,-1.48438708502243,-2.10361821064857,-1.35345650760221,0.838414958426435,2.43919338705002,2.15826718640348,1.515789402035,-1.21955229675532,1.83384620051638,1.63795597908124,1.08147596448855,0.856308486491049,1.63461324451783,1.6410915859081,-0.308974442779613,1.55462538463718,1.1802042324806,0.611250450303139,-2.6929302399296,2.49087791675615,-1.36265676857384,4.13108222350847,3.90862135416412,3.61690350558705,-0.881239658220613,0.486879104959413,0.158306793890211,0.0648150792685951,0.144862765803555,0.786180550893427,-0.425272853561238,-0.381365639764933,-1.29983880504905,2.14075837704563,1.82995783387957,1.69537788901014,1.64260840525749,-0.514998568031779,1.10828882310812,-1.82318804981477,2.33767081822994,2.32947627260463,-0.355998627934944,1.14434863124184,0.356751415745483
9,-3.43998187382929,-3.10265612782727,-0.0888275229266409,2.1843331139089,2.33521721841951,3.26384926330719,2.49364316750396,1.04874488428554,2.41335548065959,1.71590309589352,-1.83750573432206,3.41701572226159,0.419723879538355,3.3763996603426,-0.262181117096414,2.5643102167516,3.56364487230744,-0.459289031103125,-0.60532935573265,0.0449373461936805,-3.45599734806807,5.87360791411428,4.41913911314504,5.37057132400494,-1.3691884227565,2.47912198118054,-0.237137349580124,0.0809181547234816,1.76506968811838,2.12372890126592,0.73529996183449,1.45605102689834,-2.64342018637209,4.071743469081,-0.847082965386802,2.33202329832471,2.76677359143107,-1.78808734783348,-0.570437663787385,0.132431635827518,3.02994652056037,5.49023671970603,0.170555593924838,2.53312178910602,1.19143900594916
4,-2.51425148026981,-1.90563703552466,-1.72230084193511,1.69611774116261,0.251862774668642,2.27080118751805,3.01194566167888,0.0060863928561223,1.70676454739626,1.70303611700901,2.73537541761021,1.86696920623994,2.28912435282028,4.49296866585913,-1.65550211076857,2.33201188864614,3.18348350242542,-0.406737208272752,-1.5973403542651,2.87807132879238,-2.47151900392545,1.02242788324773,1.49316835799457,1.29687637122938,-1.89240607338785,3.06377853573335,-2.31146176645482,1.07378076147448,1.85191273494706,2.05728041617902,-1.5487350774318,-2.19543290194853,-2.24435634888632,3.23479991547224,0.897351737607188,1.23281281739343,1.27469606229457,-2.12224975361529,1.14020127537067,-1.12249210347568,3.23983843364645,2.27804288475655,2.35018191464667,1.56029138407408,-0.472750477167475
1,0.262818990131174,-0.254079996284584,-0.666854868624951,-0.104626078943015,1.41411416870396,-1.22559125619183,1.92243409365553,-0.959472630095723,1.88482801706392,-0.931152602456927,0.933819700815518,-1.74296858015152,1.6602829775307,0.629400144619552,-1.03188134718096,-0.588362360790801,-1.2499592144455,-1.96937420248561,-4.81789874437784,2.9797686973401,0.346813400434767,0.038501762527923,0.475810697543099,-0.256475197080782,-0.762660836149199,-1.71420562991916,-1.13506765056535,-1.99763949397333,1.55801024792704,1.36497957681379,-0.550445533992157,-1.25790271756022,-0.883705315841541,4.07025042889394,1.23393166918781,-1.20327266940289,1.81871021528089,-1.58924254144731,1.31373279173065,-3.20637580411778,2.15717955140666,0.293701117729121,-0.287073786814264,-0.944451477652089,0.953641075454068
1,-0.577910033552615,-0.0904950643064567,-0.84691862090949,0.571394764966544,2.76450793851006,0.0846781778418719,1.06014598794215,-1.98000147523008,2.76763608534719,-0.317108972819393,1.45518636774311,-1.29681136423737,0.425358373068812,-0.207465831865036,-0.716574515659783,-0.9565250428584,-0.729903158367017,-1.29894004592074,-3.23012439130141,-0.168130396823678,-0.895441437875022,3.00431671222581,2.2381125050823,4.29189943345748,-3.42417441045355,-1.96512773227186,-2.19119625656841,-1.48582968285243,3.31230351567478,3.59047070008965,-1.03487646846525,-0.727975378281968,-0.709463167210195,4.2365741821153,0.292968176122793,-1.65590768669215,2.22219148364877,-2.62592000593044,0.366986167630956,-2.20900772295237,1.05366756685447,0.389335196795152,0.672111579867515,-1.16735542214385,0.493912802421353
8,-3.32805657918643,-3.34701854468537,-2.16044362877997,2.41911652555598,1.67181162071585,4.14228563075912,2.64272915442237,-1.251456186946,1.45098705359542,2.14784551932918,1.10763367543121,3.17483691512774,1.1572584216244,3.5243246369731,-1.85124046286633,2.76045208110404,3.19471460471681,-1.7464724669614,-4.10214898007192,2.6920850428771,-3.41913546033613,2.42681044977485,1.679571667262,2.76266101424218,-1.38965530656806,2.54979924140267,-2.27437237524419,-1.766716450818,1.85842300550122,1.36769382899065,-2.10717209475034,-2.35655612893362,-2.94125879214356,1.29047342663269,0.53780675744472,2.9907381498412,1.65342452770855,-1.54615679182891,1.39285932412601,-2.97615668634569,4.35877460384815,4.20875668784071,1.2334879271202,2.64242314610473,2.96859478970125
6,-0.120764104123084,-1.16161710803887,-2.33453717629562,1.02695842042606,1.29734436941043,2.40924794447981,2.69016385746686,-3.22345657644433,0.830309879647153,0.799160610564518,1.73502295612908,1.14294876106417,1.96928302171148,2.25497245678252,-1.04218608342377,2.03638749661374,1.20043557809381,-2.0723833378076,-5.35391175249977,3.00403601764092,-0.617051045556348,2.30415468982323,1.85345332322022,2.40509308805182,-0.613428605604102,0.563047817137843,0.793738142783278,-2.25163947320071,-0.436821158057909,0.0819398156410227,-1.22835308102979,-0.744384832436376,-1.79894200996681,3.61420311462317,1.48298761987454,0.853342504661534,1.41824583630064,0.0712810504979895,1.7286964886251,-4.52523667583249,2.76772660700411,2.21820393641647,1.5964706628935,1.01717908033888,0.718148633955603
8,-2.73043395653632,-3.04821369981577,-2.42874156541303,2.32688118607783,-0.459916059743358,3.2845754713517,2.59377197454133,-0.154416127180804,1.93834632108343,1.94674118185334,2.39432485955977,2.11521348623688,1.70379531892174,0.893831738271335,-2.47261812230694,2.76415546235235,2.39076102606715,-1.06921052284813,-2.66242586055767,1.94099819655904,-2.35793883829175,1.70590923160346,1.08572474636025,3.11027185407291,-1.75887653585029,1.29908148922703,-1.38392440024631,-3.27379248176225,1.44096321134048,2.18239661696249,-2.00220771356338,-2.24007686818015,-2.11911428695918,5.0446450572817,1.24861586830738,2.61520031190896,0.85550123914252,-1.53411654004408,1.5967908415291,-2.13642718807783,1.32276381797067,3.72102425389466,2.68916103904056,2.30472557447106,0.889973326351507
0,0.69178020908031,-0.42531863039229,-4.37424735330663,0.587925050445402,0.198851967929579,1.62452043427508,2.59339994993814,0.477473498346853,2.77148552569824,0.465678892241264,4.5863484457787,0.377939734995143,2.59810652244144,1.09574779509494,-3.14949205752465,0.91498138478903,2.28183495805333,-3.54665229619994,-0.959723992169314,4.62883662360002,0.889388669163207,-1.16881301629151,-1.47405552891705,-2.84866462990227,-2.05891499956376,0.799786407959734,-0.605783697894589,-2.75119031864963,1.41774103028173,1.23849395850019,-4.6569833358303,-2.96528338232025,-1.7956402333401,2.50245748673917,1.95857833569992,0.219953294343024,2.59587594720272,-1.92733980161241,2.86770903985722,-0.653972935532489,2.39668341318113,-1.72343661035239,4.44096090411204,0.335326175812871,0.775865295221833
1,0.0635560390054252,0.718046666798233,-1.34637351822128,0.376266482127478,1.3825143888187,-1.04661322206351,3.91692932677257,-0.764612517348077,3.32465267730234,-1.67454676773375,2.69627417522661,-2.22839323013772,0.935826203447507,3.08943998649136,-1.6147869713395,-0.665303307565239,-1.18837801303813,-2.17978576177143,-2.619199887388,0.893290850359666,0.360088399630932,3.06586626533574,2.26005966435075,4.65358093693263,-2.15599887022731,-2.33113267444537,-1.03533666038974,-1.47784867015809,2.01291475544843,2.49616003704494,-1.48977626928221,-1.83977880252253,-1.65254189196226,5.65918614029627,-0.596179884618832,-2.52730327700118,2.73949271605575,-2.03751896284528,0.174886683763645,-1.79090943071566,3.82808632615179,0.232673905976151,1.76811782293314,-1.6615284358846,-0.0306117337723663
2,-1.47762381240297,-2.28473671824395,-0.186609042782415,1.21693507883946,0.328068557002157,2.16673276290652,2.56290641723719,-0.860413549464936,0.454073799760355,1.9979566964695,0.994031031507021,1.28019434630711,1.53936619087984,1.77349632600858,-1.51922644611742,1.92668090462189,2.00944527230953,-2.15646973262808,-2.20906510663679,1.69106158773257,-1.58731245338564,-0.964290453043271,-1.0127441166686,-0.393935845757623,-0.320009348931318,2.17022419999518,-1.08669125150942,-1.91833340737877,0.570154192488377,0.908081682773279,-1.95571502560301,-1.94746353123242,-1.62355463887652,2.19119624463466,1.13685871242589,2.23872328826004,0.374216229314396,-0.840014111147306,1.91229187732334,-1.41889170100371,0.977702883598896,0.854091378852253,1.13724238865581,1.53262738728404,0.418170450377936
1,0.452338767374923,0.298249705692066,-3.37127903494582,0.704235534323018,1.75491869407826,-0.439195301017179,1.24520001094738,-0.105133770316234,0.673084652024512,0.809312131558184,2.7703061360349,-0.31638283715641,1.99589437298847,-0.0163011031973783,-2.96728943924881,0.524181588506805,0.893250333743072,-3.77631474066742,-2.13107873608772,3.13920886511557,0.295964400686099,3.04750412971489,3.63535026464264,2.3136045880059,-0.45472027267262,0.0714995058404712,1.20109317886326,0.959865606457123,0.509742507835226,0.970725930729376,-3.48391093674438,-1.18061117992083,-1.49996719000972,0.543982404861929,2.34458648819268,-0.0318132478617487,0.588668391022791,-0.741966841547982,2.78645462700148,-1.21662879744272,1.94884104856033,0.0501108756528157,4.43057718931954,-0.0838808209994155,1.43431819737098
5,-1.1661858136082,-1.3995224572561,-3.09464994123032,1.80190136271799,2.53432438189977,3.07779390616471,2.43846146446259,0.520551253486828,3.05538006723568,0.668924325053766,2.37826503719276,0.0252879738559864,1.47591819746472,2.58809191090064,-2.80482279606369,1.13674568862067,0.553559420268394,-1.68545716867562,-1.01113546885335,1.66340376936556,-1.24225900389279,5.02447854173337,4.06561281052928,4.95435022779586,-2.34355129337953,-0.0383003871440837,-2.12718120181649,-0.730233333022986,2.90951162189758,2.06986161541225,-2.78016680199711,-2.78470448900259,-2.10583821913221,5.23912311418261,0.93942750188807,0.547503981027551,2.98364818379444,-2.11299312719106,1.44232922584031,-0.756544480353754,2.25078932424206,2.24887421328134,4.19912758791845,0.682292715252385,3.09190651480409
3,-1.32855213542433,-1.36915349940744,-2.44039579033417,1.69326710331588,2.28292045168496,1.14278676690001,3.09582067534985,-1.2820473631879,1.87857185995677,0.447705074064808,3.30734944016859,-0.108966566602978,2.59291638767927,2.15696514041014,-2.79083712929887,0.691087999197368,1.49276940690642,-2.88335398044329,-1.6046404529786,3.28498962684377,-1.44399458690952,2.49413920885766,2.56073073645416,2.29262961533782,-1.39087213568156,0.615853603036001,-1.25061695379135,-2.59139063312883,0.758452424827975,0.805262212241957,-3.99915618548722,-4.35145007864108,-2.26810074024388,1.3508660986644,2.00020709420386,0.461181038541068,2.3194136369066,-1.59052373792288,2.48003874459038,-1.35269242938507,2.55889305869216,1.13127106761548,3.79351893642026,0.358808799008645,1.96371618386149
0,0.856921850007911,-0.086985228942174,-3.34687057562305,0.657185576642628,-1.03385139633697,-0.344462201206169,2.56547864257222,-0.414181691069747,0.841808026203703,-0.204304780127408,2.71233717847623,-1.59888149389309,2.67936778640685,1.07509973908383,-2.65603978437412,0.292740662988058,-0.386505588682178,-3.4728552177113,-2.37107300449506,4.14891033873861,0.519682708140568,2.00485749431515,2.57190118754848,2.14710821466294,-1.16374217023326,-1.82398827963945,-0.378736668234586,-0.726724154089026,1.46296532942571,1.05976655314956,-3.40765710216478,-2.90964632094157,-1.65567718895271,2.23703167465153,2.10300604515896,-0.720201159104061,-0.0422073682858264,-1.16646977989133,2.2502785912243,-1.76081863850379,1.54162212076377,-1.22216581357286,2.61056674708161,-0.744245377833966,1.45034998728747
7,-2.65830930936297,-2.88146370732721,-2.45751398135623,2.22570257468984,4.1779970780183,2.57717973489253,3.69623186470644,2.05696511059618,3.4830531517155,1.56525563866474,2.40744418280886,1.03691269148968,1.61664974092262,3.71351140554898,-2.78552549021592,0.70948127369578,-0.0828850921774753,-1.55425466461401,-0.474837300392336,2.4429429757304,-2.55998985930796,2.56956383649374,1.62946648263179,3.87876841762438,-2.66057865671121,-0.112359785686337,-2.19233657351108,-1.10042656714074,3.51566566372509,3.31423467471166,-2.90983574752228,-3.98080593817584,-2.60846561192986,7.84469999349931,1.14477344437757,1.26019699231407,2.77260085549365,-2.89917933843117,2.36943588810398,0.390587162685135,2.65668438418272,3.27999035663361,1.45344070047351,1.2548740540096,1.91675200561673
1,-0.823577531964043,-0.333484519611459,-2.22191771850304,0.0192367884461833,1.67698405446825,0.565558188086759,2.22144842202414,0.539767735099667,1.29986697104126,0.222691487147189,1.08788583331982,-0.51460342572491,1.37093224290552,0.274341459337778,-1.45034440360799,0.342005567546177,-0.756644924580816,0.147392711223819,-1.42703982082916,0.200351211653851,-0.80171175569163,1.64708394468825,1.44061571593405,2.58938133952519,-1.26163712163887,-1.24150772668198,0.687974533804296,-2.30577543096661,0.423351527955193,1.2650652942316,-0.547247616624425,-0.540057107788201,-0.672281224756786,2.25362414874654,0.520310387781867,0.259145153591789,1.96526965127434,-1.46827628354173,0.853368485451769,-1.11929332358549,1.71161043449163,0.729891234243988,-0.433575015170267,-0.325972702896203,1.92532038279427
5,-0.628335227353264,-1.8984567977368,-2.97668126921441,1.08212962022908,1.42023355237655,1.57067375741535,2.7714521881799,2.30240501238912,2.69853656472425,1.33107814602468,1.51192383620084,0.975436030389891,1.94266053411904,1.93468809796479,-2.37859786428104,1.63435674323429,1.30048012807474,-0.453486493895318,0.667462397407493,2.39407323231869,-0.747211019027022,1.27777088096267,0.742304259795739,1.00826318926866,-1.7126253830457,0.42465584398139,-1.13908443571033,-0.60249702100374,1.76530749481635,1.43442458813359,-2.41026586763102,-1.83259263851553,-1.89935902903615,5.07254231038325,1.88538843209855,1.52869245269447,1.50441492782079,-1.41064873300074,3.18849913733905,0.75631844139136,2.78529784456595,1.93588120308222,3.20838342169992,1.28204310952557,0.492212777049024
6,-2.23828308405513,-2.65294803237365,-1.6243689064017,1.8458642833487,2.88468912860064,4.08988500598282,3.01518009921231,0.61392399968476,1.40076204224984,1.98133198055642,1.86724852818863,1.65259559261397,1.03328375540453,1.75603729873648,-1.55713484340075,2.24493258134873,3.03163633452994,-1.30762793422163,-1.07607577493702,1.35793163311711,-2.60101952523055,0.513374435861709,-0.199036637277844,1.54665151438692,-0.753707105432751,2.35442179820473,0.149118555267071,-0.396353303323004,0.18958735758018,1.31304376326021,-1.25477403246899,-0.967889133275227,-2.21245799820771,4.22070653864043,0.880840638397518,2.17029652353403,1.67824412230423,-0.753624659115055,0.778877415724639,-0.472701526633048,2.82028602350913,2.53702930761096,0.741789598414758,1.96235661592432,1.30423681030341
6,-2.12541642999801,-3.4521472611073,-3.09166012014945,1.60065770341658,1.72708565116828,2.44585893920258,3.21528440855202,0.0074450993596584,3.91389486002903,1.27113913284364,1.5063343895815,2.39828717416596,1.32648084454706,2.06074842674186,-1.39467006834691,2.4444999220906,2.90192173438919,-2.13980549882502,-2.24534131100269,2.35997321286842,-2.40559688808212,0.72744732269144,-0.131079296524349,1.36124451091339,-3.15547952395363,2.23453662597634,-2.21927835762111,-2.97968209321797,3.41304062647958,3.05702726958238,-2.10330024936016,-2.12036484503895,-2.64064621456785,7.46476007682546,1.01334612283898,2.08085164459011,3.43025860716698,-2.88462530343446,0.936914762572433,-1.24455782293041,2.27255965177781,2.83439802165902,2.50200466620594,1.89575016930306,1.6868499272168
8,-3.83160022725256,-3.10823608205582,-2.01564303470277,2.31217735374884,2.43102623627057,2.12919695085104,1.15111523983836,-0.204209056442172,1.0273940757003,2.30808924159512,2.32313714324147,3.51507674262612,0.806701210077455,3.1642591347116,-1.91398181614443,2.67318143821659,3.12864526767198,-0.769226149784782,-3.15332413503557,-0.315199886791114,-3.86163716858548,2.17274639403489,2.00803356531366,3.03134190967315,-1.11607936605158,2.72186077779895,-0.366174111783498,-2.37227653850051,1.05329090774444,0.735947023056617,-1.16220591719167,-1.0300023813517,-2.70259388019715,0.714729871345615,-0.137470189510905,2.36696170623115,0.224699276294135,-0.822969457125985,0.741361606557844,-2.07153976010756,4.20934108034534,4.11947696416438,1.60929038119985,2.65456792496558,0.956413190194559
8,-2.31481316431518,-3.39175780658295,0.0687465424118061,2.07558935337613,1.91104358802724,4.63336030876947,2.02629639275891,-0.293445962762831,1.22547382905477,3.4577699400625,0.696574396336684,3.04803563428857,0.936581758650174,2.19544495180316,-1.40989817238426,3.56046714431206,4.38112655302094,1.52844051428907,-0.622271985698578,-0.0587504269379287,-2.34824774524913,1.84412846674397,1.27395237967711,3.20423235594097,-0.344439182263176,3.97116203918629,0.879523690142045,-1.19522339824223,0.0288199342048343,0.103359757266618,-0.596625325628066,-0.810999944990916,-2.31808151199124,3.26731631918948,-0.175376964133188,3.90883143417033,1.16490667229708,-0.464843854173767,0.981576849827494,-0.774760199136258,2.42750148427836,3.83437039017848,0.783090138614438,3.38559563056608,-0.360043726041047
3,-0.785968499868626,-0.551328866275201,-2.37323833819672,0.704546547346478,0.371199535786885,-0.0175294031869649,2.70181297192948,1.4735517556433,0.450487352405429,-1.48762623480543,0.613044523587939,-0.164370869468857,1.75493791206597,1.57975668430618,-1.7584711609463,-0.113979034486369,0.457320389674717,-0.370328938827243,-0.927234812328206,2.84867857904281,-1.02369830039223,0.468265476066368,1.03329355271056,0.173039062769737,-1.15106067459285,-0.265505737452482,-0.505641623638356,-1.9006365924154,0.409781293170542,1.37922385284348,-1.55626153256659,-1.65224441640176,-1.39877441228037,1.40659943824054,1.28157830709766,-1.19966678922439,0.653872984190061,-1.18963397073436,1.66453963402959,0.28490323338669,1.61072562202158,1.25259987945875,0.920378135229065,-0.590883589724638,1.86630390211183
8,-1.31215212372429,-2.80088157465889,-1.83152718579598,1.87679381838283,3.14668157913067,3.40392420456789,2.90239268836336,-0.364853679714128,1.14909415647791,1.87368285743512,3.17323356640791,2.4922908426316,2.59035610214902,3.51717718723296,-2.29603687696015,2.31765689231838,2.65009851331299,-1.46961899670275,-2.50760844800466,3.84480873549304,-1.53932932231936,4.69689124402678,4.93118380498461,4.90613639280792,-0.870006620556579,2.18314756668628,-1.77547762462932,0.619759720337073,1.68465132630228,1.97775967618723,-1.76096074081982,-1.73340544472791,-2.4037126133247,1.60161703098148,1.58348847175033,2.20326601384573,0.869499122108506,-1.20308241328114,2.40812599600716,-2.01601827055267,2.80739251684405,3.36506181673058,1.28009683153762,2.50249473881136,-0.306110650503445
1,-1.98974371593206,-1.16041197873809,-3.41509722627852,0.612052930052238,1.67067939424266,1.24171190465888,2.27767106107641,1.60848303219431,2.67858351955676,-0.190113602591642,3.77663648421035,0.178595665272796,2.46274623341011,0.720455422526561,-3.03080383716245,-0.0224563026900505,1.88541837440569,-2.86161165141613,0.362500188581676,4.50410679352332,-1.62683188893656,-2.03510513215685,-2.20113940378587,-2.53382906636421,-2.01414074995058,0.512732219034954,-3.14125917931194,-2.97764850386632,2.53737622556852,3.26276500318863,-3.39475871519905,-2.99314909922963,-0.97640658941406,4.18480559025837,2.54970915887166,0.0671803460830802,2.15395179699908,-2.46243101507258,3.0858026389493,0.614285161592088,1.84956057059169,-0.291946091492576,2.10926819080182,0.518179311911736,3.03490078788654
6,-0.111911857516386,-2.87476223223889,-1.86059232120652,1.37209157668337,1.84597872779626,4.84980970873179,3.26169224445882,0.507307240799043,1.50966282105385,1.61003690436808,2.34466609749927,1.81045424407487,2.23800500100801,2.33594149542556,-1.50853444147252,2.48531260758423,0.85548177978513,0.0245231321225916,-1.22239825312744,3.14008770019096,-0.352331739557139,3.61302630842219,3.62274917974291,3.58218246551196,-1.8216854291941,0.372183010609499,-0.197520610196612,-2.62631032853232,1.47510238285062,1.02184115380958,-1.58584927321402,-1.62855042691478,-2.20512438040888,2.44200036959421,1.84882183106085,1.96471477639108,1.63077993071815,-1.18568040541864,1.73072282129243,-0.699311355208735,4.85970626103046,2.39284112831508,0.486953767242282,2.63381932402795,2.49868725228069
7,-0.88486193918773,-2.42204431107316,0.454303838241353,0.691562061135655,1.48572784049412,3.29822487128786,2.34996704778435,0.334594030003,1.40282482643136,1.3937458586466,-0.82969855097666,1.21275066763674,1.05010225403972,1.8161763131113,-0.0573923687802927,2.28069113823533,1.00627974076176,-1.72855380334614,-1.2523178832736,2.8452019817404,-1.21833478054048,4.38164557616842,3.75727178499386,4.33625648892819,0.064809421092671,1.56106437046853,-1.01317113249172,-0.727325756074983,0.863998873554305,1.28529123429461,0.510558490388872,-0.210838760011447,-1.36108621904059,2.66168051550533,0.88864857838295,1.72781125021131,2.02277226852282,-0.609905593747589,0.13974179825671,-0.286199716142212,4.00568901433724,2.69660957460652,0.278285890722137,1.84080513529625,1.39378432292366
5,-1.55728285510688,-2.92724171122631,-2.76673340136216,1.88969320617906,2.09740287201881,2.74560677371092,1.08049076460519,0.323810134982718,3.14322976210058,1.90430201972802,3.51023104241562,2.29481107757002,1.74069656522854,0.0986108613947345,-2.3786199527363,2.46884295958109,2.36800210599974,-0.954630591431144,-0.0068472061785118,2.29942571276322,-1.16069296796241,3.29264605469695,3.1306265683243,2.58200016784188,-2.01166351848433,1.38333293840307,-0.300351599682434,-0.435217554045864,2.03817155236594,3.23600955295068,-3.26996081927687,-2.24551277851159,-1.81660577924666,4.07972945890852,2.32285655764879,2.74484334445196,2.62498120335301,-2.13935992196198,2.13320429719994,-0.308105485584235,2.31435699038095,1.85408958742488,3.23912000615038,2.28806461567813,1.40826403547363
8,-1.89116756446699,-2.080542230372,-2.37564120511057,2.91733105058613,0.157659990153122,4.42039464123864,2.29582965925142,0.824754843933224,1.23333884253985,1.30589564713193,2.92633745156408,1.87639837913993,2.20970736324304,2.54011431450866,-2.33900743644879,2.14163518590989,2.96818396979415,-2.12877887301148,-0.940200734120313,1.81192966987285,-1.80043997363322,1.94688175466785,1.59827144719481,2.75648944897411,0.0901025322541379,2.07034224034658,0.392680589894195,-2.80237469737688,-0.439301574158747,-0.400896949376394,-2.85063355831731,-1.8365561037143,-2.86555497242055,3.00193522499273,1.33173997651916,1.22575223061714,0.868784235050931,0.038009294891166,1.87982246630878,-0.3123398534677,2.4319879591137,3.51025564272614,1.06673369618229,1.97502001122996,2.11454035231191
1,1.13439121356951,-0.344379219825665,-3.4256837165886,0.897957584991526,1.43495044428264,-0.13641300076307,0.317374147360405,-0.428117426640238,2.53846283740245,-0.789715298303438,3.05913073639756,-1.32167122745023,1.75854588620355,1.42866012378043,-2.78144650442264,-0.407772764237836,-0.598346626896536,-3.45819110996156,-2.7684722684146,2.4036827001842,0.865799037295691,2.74969449973712,2.85889974486551,2.10471140728391,-1.34744152231249,-0.762672691570711,-0.644805268931714,-2.50091622366891,0.873927467411448,1.18546543415408,-2.77476455133252,-3.0033397945413,-1.23040867365766,3.2714387964486,1.49725828156551,-1.5028433220644,2.26353293905956,-1.10345429780141,2.36771699956174,-1.85042490774714,2.62032926800374,-0.24477446635813,3.18412129292938,-0.966412838722764,0.420427370947613
1,-0.130766625825196,0.864347460351853,-1.52774992843135,0.309565071797404,2.13174612003232,0.502723531408033,1.88988416389253,-0.246570255471096,2.13181496979746,-0.954566324260073,0.84753305818109,-1.21103069040437,0.656883032655201,0.81592573818165,-2.14678455738458,-0.632022150611298,-0.492528099271638,-2.22777991876628,-1.93210576615359,-0.424869143945464,0.086106426366842,0.61858769905365,0.210288550628455,1.6610688295888,-1.26269659348842,-1.0963988597028,0.614731477228182,-1.57854906016319,0.883222111134596,1.73368983878772,-1.62174249968646,-2.13985876363953,-0.855877979730864,4.49135097656102,-0.166685738874481,-1.6986251684977,1.74503533494665,-0.863024965432723,-0.0168663187490568,-1.66855292246969,1.94867610263322,0.0910660051254926,0.613762191741068,-0.554871684709554,1.44341696252758
4,-0.48457568052007,-1.94923596505735,-0.766124164418917,0.548028840186704,2.88946148811522,2.04636181347401,2.19720384176121,0.929855524953152,1.86750955700543,1.0135729261957,-0.60895258517956,1.91326095836464,0.652365308397778,0.129509878536822,0.36101963978331,2.05560748315433,3.28221991348732,-1.70575094858777,-1.55087809209436,-0.650969041079696,-0.670447828381253,3.6151909676427,2.8515271349682,5.17345596619083,-1.29241640247091,2.13965857345604,-0.686985018826151,-1.36843802008603,0.859010490434729,2.38032961770229,-0.16842467117591,-1.1497136008526,-0.766849074385312,2.61976443689614,-0.147582364986185,1.46750973570383,1.31635543304172,-1.57230946340453,0.478098113022008,-0.982835875071048,-0.089781173023988,1.73213491696771,0.255321706267705,1.25671644915663,0.138705415163401
6,-1.75725002374368,-1.4762965582115,-1.0426926340615,1.31024423035018,1.56838513863769,2.18625574363238,2.22432447414192,-2.37008327992046,1.08257770764718,1.16269042736592,1.88580517862638,1.29197785064629,0.38360865629013,1.09581325621692,-0.688385816118255,1.58911880748109,1.57636115514521,-2.77312109408575,-4.24719834088107,-0.0908881163250664,-2.10915819451091,1.82395684712872,1.03121272586268,2.80748220030375,-0.977324721907172,1.40619570124591,-0.411681077002603,-1.1478713185626,0.551925280515053,1.4597216005352,-0.823276999927021,0.0897402472581845,-1.19762093718417,2.69498338431694,0.160004682142509,0.871986480301226,1.27677714877905,-1.19881680884512,0.83806127256342,-3.52485206077676,2.32123988752999,2.49693166851672,0.970248255737758,0.771921155558028,-0.0603578961156648
9,-4.70677620022073,-3.58799956398088,-0.792608861519825,2.00188935067176,-0.415604681420142,4.38502998292855,1.82221244350928,0.8625871545353,3.05600835927861,3.47189483641748,-1.1160027140124,3.85922915814889,0.405598025893287,1.56631272542812,-0.431297482918188,2.93467764093081,3.51012485405079,-1.19160598710071,-3.0554169396475,2.14720367452983,-4.87528010191662,2.73964377460663,1.34733401429008,2.70824923448672,-2.26468782054728,3.52044406859933,-2.21844750118175,-0.289578825879773,1.75281910277147,2.60602035561857,0.655310324785107,0.0967286626815388,-1.99337690174449,4.25325239800624,0.310327396020161,3.86924619876849,2.38553981501318,-1.79389590527551,0.741894271822278,-1.63481579664666,2.32336746711793,5.10575390519134,-1.29383800014704,3.06360828675932,0.17738173672339
5,-2.75261821706327,-3.41645623287757,-2.47036552470257,1.69967248122303,1.624679524244,3.45470190040024,3.30259383071517,0.752003106164109,1.67483758316025,3.33658297149073,1.53748034726619,2.57722724810414,1.77255677537795,2.49250559401957,-2.69721500859005,3.02666694592517,1.97267460990143,-1.87201381206968,-0.206708769862211,1.63187746831596,-2.51546112000883,2.52958704947101,2.10813709293668,2.86177943423956,-2.08571168189646,1.64711473595257,-1.2252667379702,-0.554278812259905,1.50004671240061,1.47577493308401,-3.02790878352696,-2.40836263563223,-2.55103401117463,3.35790518190637,0.348141504700144,3.27537435851448,2.13248016464768,-1.49282060298921,1.09328740303766,-0.200357951790183,3.04859197836281,2.42989317274248,2.08056096304551,2.69821225581504,1.86458309870004
2,-0.0861407882038804,-0.834808198492084,0.823624919718022,0.391060296252734,4.0920315725862,1.00268235575896,0.314365142721804,0.275118408467869,3.50428048026609,-0.675563237562367,0.191556390402455,-0.860147698396448,0.457053901885918,0.303327039105099,-0.167960415230097,0.683288994149269,-1.08383002388554,-0.946874990287722,-1.84548581650588,-0.442069765132584,-0.297349813242866,4.47744988429277,3.45084397901346,5.88738389232096,-1.64444276227854,-1.46217388761352,-1.46646400533467,-0.0515845413550993,1.76710792840635,2.69952485275941,0.767094857449476,0.140361025724731,-1.01109927904225,7.0706765565508,0.445511169920454,-1.12686426520997,3.00412104647755,-1.92871965120065,0.245623395574268,-0.823792052721606,0.424616890512299,0.898273759829157,0.0184390124136323,-0.0110626802975582,2.05126916307941
0,0.686743634376254,1.00378849877224,-1.72229225957219,-0.161603848038758,3.45554327299372,0.238695843277712,0.416453781665753,0.669872476737644,0.865721781370545,-0.727000566165728,3.40386257992795,-1.10442238398714,2.38278276223935,-1.59866172872689,-2.92399297277234,-0.460176413418102,-0.430514479200581,-2.41588057302933,-1.5357444529324,4.49596486413912,0.794692280356086,0.560924670858925,1.55694921306832,-0.381039890579053,-0.968309934214484,-1.05880450866932,-0.711523642811382,-0.680590026562548,0.857756339512005,0.774219045489883,-3.3316464037599,-2.85200902717827,0.327028357877522,0.23285760378688,3.28089927464663,-1.73995957597471,1.32520752881194,-1.0114434190299,2.72495046538231,-0.692784409598182,-0.514379940573095,-1.40570683884565,3.00488627708556,-0.794952782161179,3.62855774117886
9,-2.96163703865744,-4.13008527832855,-2.07686813520925,2.89732136427263,3.43108615804347,4.44372536025137,4.08264834312149,-0.344360118112803,-0.320110775156885,2.19133964579635,-0.202860170167175,2.97689603165233,1.23253331659625,3.72494638647342,-1.3285500114387,2.95323963090674,3.39610136810457,-1.30757247233462,-2.31091242863889,0.923526532892509,-3.45969919492661,3.00129086079918,2.67975510998258,2.81369032931786,-0.169897964071455,3.02705356301545,0.500985276184977,-0.778856027008593,-0.309266287358783,-0.352264742779972,-1.20883399239803,-2.52432104291236,-3.09991111916441,-0.299721655469205,-0.553325415394168,3.15139894944597,-0.451905014311835,-0.169935884561663,0.83663235789707,-1.75654116100894,5.17623598108509,5.19862594249739,1.83953171146933,3.12693358027929,1.3435125866595
9,-3.91670740720288,-2.73536222714994,0.172836366641302,2.08935979949809,1.44875896793886,4.15384098500977,3.62988505047956,-0.650253990165277,1.3711110681675,1.16149198697182,-0.457799750322599,2.21442392360442,0.147608988185061,2.19868794869984,0.363872278664362,3.32149894670772,3.38323815854841,-0.721148523571806,-2.56566031731947,0.292050561716879,-3.93930970458135,1.92810224220311,0.866150845352917,1.88433520949823,-0.53387327174262,3.07824609280395,0.621058159354458,0.785246258207566,0.418094365644795,-0.334089116373738,1.01856939870132,1.3431851495608,-2.27424418686366,2.27271443346139,-0.401199909823063,2.11207552212247,1.50402179511376,-0.551499792337699,-0.071313567901601,-2.16002532016574,2.67176355092201,4.9820011163753,-0.433857654180659,2.28550320110858,2.96310003475696
2,-0.362958577930937,-0.823523902120588,-1.9248755735613,0.751558514726768,3.2727870963379,2.11204674043683,-0.760625768273521,1.66139967829399,0.114738493278425,0.352372715575078,1.71177584224091,0.203765720075716,1.29300824209772,0.439091107388323,-0.351047844239303,1.13727191380635,-0.117718034409851,-1.46177142238468,-0.339983220987994,2.6415961891214,-0.355760827490336,1.59551997479379,1.84274924422772,2.01571806277273,0.471840675385601,-0.145408697513913,-0.516747356084737,-0.310712391870406,0.787144238270729,0.0404972934494854,-0.807536574799449,-0.991634024061669,-1.09382935631396,-0.169091617278943,1.5996357150918,0.281177325610983,-0.736229594955433,-0.228836747530404,1.79644038110204,0.419411700071402,2.22994936149351,0.417246398988664,1.30958935677072,0.332262089775103,0.916788141793657
0,0.915822957996156,-0.266498555766914,-1.98509502017287,0.561255383147262,1.63386682621114,0.126289737602799,1.92603420731146,2.30807828985096,3.72876419429331,-0.948975599056554,1.07535205592423,-0.892471105408838,1.87532261591135,0.625136782741451,-1.1953070108427,-0.599818649764974,-0.283748336906246,-3.20037013554277,1.5481834192438,2.69148682522987,0.697587178567653,1.91659898037559,1.7586286014975,3.08903977080679,-2.61356155942814,-0.985951570772783,-2.34111169399324,-1.64195096694827,2.98248053681441,2.97474728246497,-2.62735721197817,-1.79208565247701,-0.97931983938416,6.61770363666611,1.74813311977125,-1.12838247963562,3.59074879510791,-2.50772222895037,1.95956501095261,1.48519831448263,2.97754730988662,-0.638598468400745,1.70636797711983,-1.11480601299245,-0.947190650280812
5,-0.993087880344135,-1.41519508881436,-2.0189767015415,1.33357168940762,1.01879337058772,1.92223756220449,1.07715453232923,-1.51445232871133,0.667129057747629,0.115419317731408,1.19095284306885,0.409259436321807,1.23058773675483,0.634496415489645,-2.57360926767219,0.835244539773957,1.26835747006995,-3.05834569107698,-2.49010936073208,1.89485980946275,-0.996740443680606,0.146745562439964,-0.382215308833426,0.148317110168232,-1.45305620754834,0.268353693714164,0.260118544171267,-0.903829078572495,-0.098898565307206,0.108241495289285,-1.29715559680553,-2.48385138848037,-1.55397326408119,1.96694269594639,0.770596269040736,0.144310452842514,1.43480376489439,-1.02647728554614,1.31197614004973,-2.2157845709583,2.77825066689784,2.00939766144421,3.38171912067575,0.463128733059079,1.29181011230501
6,-2.17821087373285,-2.1291489151525,-0.381994208830367,0.765550173280771,0.931069838774166,3.40016212981155,3.60292528641839,-0.636945228054166,2.74115613124053,2.2791073967861,-0.115414944569487,2.58912278686271,1.31471836252456,0.711826316026342,-0.421745156892006,2.67854983456393,3.17672832721819,-0.419712978027486,-1.06112243094733,1.35279865814152,-1.9152511678446,0.409685768399816,-0.346594830169503,1.71547256847376,-1.90798586447434,2.96933199570889,-1.01007373495818,-1.70034783869739,2.45203779904734,2.37117862388437,0.0385055173531845,-0.465842457337642,-0.717453547813811,4.21711425829197,0.88953706063103,1.97145271151279,2.38179647189118,-2.17675056167693,1.3409613857165,-0.917126134761694,1.76118119710005,2.23343522746391,1.03075317618521,1.95522956401803,-0.484790282544484
3,-1.9833928968013,-1.17616421455728,-1.45430510148129,1.20098677993342,2.26054421511649,1.72317844723856,0.739934246665067,0.0296982072093831,0.864712423518764,1.72502569602059,1.42017904993031,0.10158136993096,2.15685438382865,0.577139713601551,-0.98795284620399,0.626688383818267,2.02236766693391,-2.20760832886839,-1.57235436612291,4.26396905301899,-1.9102766278578,3.93422265134563,4.53376167193886,3.02127426342747,-0.804168924453698,0.552912134288185,0.142238908003547,0.12187195203281,1.1507984888839,0.940071381786848,-1.33760549423345,-1.7779751757088,-1.74802446364146,-1.46397169899433,2.53714234805709,1.63392803310888,1.06227263744012,-1.02389646558257,1.81936058386991,-1.08115146914563,1.4885216365503,1.68949387000603,2.68376594512401,0.900161048702087,-0.204170531130853
0,0.632460681586073,-0.73893818141326,-2.51873234702217,0.229546620718542,-0.935462886757639,2.51757067408656,1.05024683510334,1.38105893060817,1.82174252646329,1.24217054806034,2.58954392638381,1.24054584361592,2.0133723582072,1.72074940481911,-2.2313637034637,1.54410891785719,1.04522371515341,-1.79983761201537,-0.396541997063732,3.62137216958326,0.591953696731218,0.976974473796468,1.14955819102933,0.544339014455305,-0.44015429508255,0.961359724952662,0.0229351446500162,-1.41136174602185,0.325102908224681,0.396672588232619,-2.38451369605391,-3.01616976962538,-1.14125653126286,1.97402154886015,1.79765722790967,1.09491370021151,2.01601662201009,-0.0410527745230285,1.90376492057791,-0.0418745235768183,1.98696691278839,-0.670809350757336,3.43975804431284,1.09667666384454,3.31531238285514
6,-1.88478170431126,-2.85565238974084,-1.03363421401892,1.42903162681006,1.70275000739588,1.8080134310512,1.04271278874523,-0.878796405085185,1.92777771079572,1.29588600276054,1.04188963195218,1.46423642099004,0.969413878387491,0.243588306247408,-0.157091926014022,1.71234388661531,1.64409438537739,-1.11195625848406,-3.36798156887199,1.25940778688166,-1.63729380737227,4.35870285383744,4.10564444280748,4.60519042773631,-1.28317396874516,0.747264807890268,-1.38953623527987,0.891747012668859,1.40926219804954,1.15277928672479,-0.744667380460174,0.118139382145109,-1.67624429715264,2.95727586054867,0.974769647879898,2.48986557276469,2.19811861658478,-1.01873520872917,0.632716962951073,-2.52933111488817,1.88091288685107,2.4168292279555,-1.15984478912139,1.71064039705322,1.03656886862596
8,-3.08215473853266,-2.36594914046691,-0.723289398332099,1.87164496297365,2.64070416736252,1.34031620632217,2.62069379580831,1.01767078201421,2.7033764737084,1.64736617001485,-0.684439686837987,0.0991646829374049,-0.278475300299996,2.27066317595676,-0.365797615898781,1.65463431185256,1.34300715196747,-2.35524567556586,-0.814681608739697,0.533464786569658,-3.32056952637049,2.37080461456414,0.537120453612849,3.41710919166245,-1.70760400537091,0.980442279465137,-0.189000465554796,-1.93858067721297,1.91423281485745,2.32775875903365,0.881432944991974,-1.0489697278024,-1.96072035596005,5.82111003649621,-1.42721742047089,1.62347533191354,2.49803117465027,-1.95366606076454,-0.974833771405019,0.233949779000611,1.50593976650669,3.96946831737479,-0.163994956291931,0.727703631030902,-0.842379431023703
1,-1.07935219799492,-2.54060729227508,-2.64239241252805,0.985721936671397,2.48010309904948,2.2418220814749,1.60857043226098,0.801383674609179,2.2098877324884,0.468318135030836,2.03420775581611,1.71313886026601,1.96300765179189,1.6518539394015,-0.985400023386208,1.60397999399539,1.03631743543941,-3.78447933017385,-2.49339952699762,2.47718175920995,-1.62387299673471,1.30611691911328,1.68539138116464,0.751199812643487,-1.11951818685745,1.26705648108659,-0.544741510875324,-1.89799360670391,1.83699509976772,2.09480723433115,-2.53184907915785,-2.3067332965879,-1.44135788789432,3.36656826665654,2.71573782512231,0.590781378200248,1.77977968818701,-1.73218045933872,1.1528476464061,-1.50896105467783,1.50114961577662,0.792178167846411,2.33983858782534,1.41476460628877,1.74117835099391
2,-1.7560326209016,-3.15772519786797,-3.40832751940749,1.21390667983376,2.50735357005481,3.41360241474469,1.81635151576817,1.87854905679023,1.76685585082251,2.12514656115298,2.82933982179992,2.07637404413983,1.88509784698298,1.86224801108812,-3.70066110978469,2.39497934342219,1.83624581053398,-2.44140297490727,-0.885151780161618,2.50926404264101,-2.10392806718553,2.57975543431903,2.00392188148504,2.57622383450158,-0.97806227753215,1.19709748843573,-1.41626457719324,-0.20857165791668,1.23062623950656,1.16845061275723,-3.73233998482119,-2.45863237786509,-2.27091151642094,2.90285687443614,0.743335436924531,2.73432934924971,1.54269369314823,-1.40232469668718,2.07890710247157,0.0769578465699214,4.03362479672888,1.0064011169601,4.19715265345199,2.38533299370889,1.90433177703336
2,-0.455749574448533,-1.60171402861112,-2.05749684492283,0.797965905639071,1.12597375605167,0.716156470709853,2.16393766967952,1.9749432688988,3.00753837000909,-0.513009186245547,1.80593869013621,-0.235169247449574,0.927500486023108,1.26819566217091,-1.40881839328208,0.462924788279576,-0.623008450312583,-2.00814450391579,0.931056655787023,0.513362657925096,-0.118023998108971,3.22629076920203,2.79096040283215,3.67353403973325,-2.04184368076401,-1.12433651660148,-0.914313727558622,-2.58678419535494,2.2195146885589,2.66519751966852,-1.43554602388055,-1.71949188393858,-1.91116909835582,3.02579644401006,0.479180069578688,-1.08598562964767,3.39357727432677,-2.49173201458236,1.06095156543596,1.15888597206932,3.19903816638653,0.906855437899361,1.32096574827678,-0.0719077926663685,0.0472104564744512
1,-0.573349674820664,-0.36384187795098,-2.50195375390424,0.771884411801075,2.90387545785314,1.07227037824354,0.750262465131336,-0.495404825015335,0.350696350259476,0.770109346474242,2.66886021615708,0.651718904027154,1.54880636988661,-0.281755894819687,-2.06907407070789,0.783385244770075,1.54437107697147,-2.6067208843362,-2.18438900275801,4.15860357440714,-1.07223381564034,-1.26974112338695,-1.01587429763354,-1.01397823252045,-0.636078681720351,0.623531262806223,0.850794309536232,-3.03718075902733,-0.446754002676774,0.664294708663315,-3.26664580652214,-3.10122549912127,-0.886077172330294,-0.0376995562026408,2.17111298620884,0.55635288020595,1.31411761714018,-0.790973035800449,2.0026671487288,-1.33198379972406,0.79909854208926,0.14171097065702,1.98450369099979,0.0722031020806538,2.2046452418595
8,-1.82852931914124,-2.10774441212385,-1.08506424964339,1.43649030633231,1.51840596695833,2.60677838847673,-0.248324762399582,2.65773813487251,1.16271890613756,2.09795386656853,0.594730043621874,1.18380057950205,0.688934256462783,-0.894496210701033,0.413996201485655,1.98264820445512,1.56481680111544,-2.45481703660827,1.38021242689997,0.762397782589071,-1.86489990456729,-0.855491135517002,-1.23955902838735,0.439533788536171,-1.18315912071093,1.24123694206612,-1.21268729896358,-3.23142818167451,1.16509174047288,0.831189835247846,-0.104892412912225,-1.39935085607596,-0.967655967550512,3.31511603414703,1.11070158910273,2.6932838396876,2.20398163385484,-0.616769196048108,0.44077721780182,1.4158305784087,0.884070233615769,3.38498750740379,0.555988084589172,1.29700430083718,1.2041811979398
4,-1.14903012881825,-0.06836552246545,-1.92757572324478,1.15716657784399,2.40920155924759,0.235301066296063,3.91229607554451,0.61363654701189,1.95156466561599,-1.57993254861936,1.75631230633913,-1.09996867193077,1.08547899894294,4.25206406603301,-2.64793242292314,0.436691527293882,-0.71075604011254,-1.66962807121364,-0.0632943562349536,0.541646920774638,-0.813306413293714,3.5058430588723,2.69252393470277,4.76735233501339,-0.624389076483113,-1.36629841466166,0.427950748520123,-1.0614247776172,0.744899076349785,1.8447278615196,-1.59389475446493,-2.56385823858007,-2.04802705536615,4.50938737224431,-0.224494512973916,-2.21853503784776,1.75309863603293,-1.03626290939523,0.86954922556163,0.108069653283246,4.322865500194,1.44871320648027,1.58018686222074,-0.793998067507387,-0.661930071475135
4,-1.36947650730055,-2.48825250106684,-2.1675817201352,1.72477434256242,0.497624629978886,4.38015368337065,2.54534990794416,-0.738358575608605,0.297226424007517,2.64941349172103,2.0543647936452,2.67911582737731,1.35985638845771,2.75166445174511,-2.79023495267656,3.09868105734578,2.39818570740069,-1.70920463443491,-2.18148873326989,1.2312677612669,-2.23807326514674,3.21832995143346,2.95899502818841,3.23888688176065,-0.637799277741022,2.21896590668138,-0.506513538581197,-1.87805596614854,-0.0393775480283339,0.009397101217215,-2.05585959726008,-2.99985709818415,-2.49013654489384,1.10224994315259,0.665869717469539,3.31680107569857,0.853208006428458,0.0944668841279767,1.5461206096685,-1.95083741904159,3.35176634244448,2.34141303393292,2.34704131425007,2.67194396452557,2.84642340776148
0,0.699409022274555,-0.604399333823523,-3.86878602015727,0.853145468338072,2.6164375356525,0.715721658223282,0.0034870241973266,-0.336650363755307,1.5642279777045,-0.524184199070307,2.55136888816559,-0.227802574296779,2.21034692136045,-1.59317770192859,-2.58180851030852,0.0175988769648815,0.454666407075697,-2.37724959692065,-1.40222328518513,3.59522485110072,0.962934232821478,-2.52681658434815,-2.25414422680945,-2.92672356184128,-2.16566090512901,-0.460288722371568,-1.13348036269076,-3.4666940044309,1.1457663283302,1.67676994746737,-3.85381067946228,-2.63404691191792,-0.842787425737895,2.11646313182215,3.22629264898328,-0.12804584564012,2.16118563755459,-2.0038563290666,3.23264341491039,-0.842151959401483,-0.353265366205551,-1.12813817221666,2.97365355875959,-0.480541149729797,2.46055633933117
8,-1.49290497434196,-2.69076558978411,-2.08636595368967,2.08105347896296,3.3766296819164,1.67156079386957,2.12509068516058,0.353764187771766,2.75292044252337,1.26190931231032,1.44249099789815,1.91458415093971,1.7380212272367,3.41775762668152,-2.28213786542837,2.06269961013607,2.34473172175355,-2.3529493551814,-1.62757465311399,1.57749666364961,-1.31400728487901,2.14831349484832,1.4521409533402,2.06609995927635,-2.30248354426242,1.78940451987643,-2.29439928966323,-1.42269454781502,2.32608829942148,3.23362663020194,-1.36806378012267,-1.29836393350479,-2.93281069091732,4.67537573454609,1.57920511649285,0.160185971545038,3.23983423942752,-2.49413183843456,1.46762507078679,-1.16028942550413,4.0244528025842,3.6254198059471,1.66014536341897,1.1952890717226,2.15196722951811
6,-1.28412363528289,-2.46291242682481,-2.61065819718869,2.60610189530987,0.0258852136704293,1.55561877482517,2.71193919729969,1.52501705326908,2.04007170254974,0.659424947599949,3.26820194503098,1.44020924423427,1.49876239379438,3.50709098511561,-3.02851914022692,1.54281141708744,2.73009501972967,-2.26250703866877,-1.20264538558685,2.59408341961243,-1.63178525211798,1.29114938331942,0.717871424912274,1.58433252715756,-1.0453809058198,1.59364389665438,-0.17688664439834,-3.19063684825841,0.97360070363098,1.05318784999009,-2.66085181121152,-1.74264271666731,-3.47493969746197,3.87183352801424,0.557684324290953,0.441957560377665,2.24580800824113,-1.56609522072359,1.10787662760889,-0.210331362355587,3.44712597459022,3.2441971504201,3.74185583027812,1.48170225316559,1.58894545646863
2,-1.16157837249029,-2.06501782846988,-1.69472876048355,0.70989436090539,4.10813795922403,4.43024174123498,2.85204191196277,0.840654167885645,1.66946034282242,1.44619357243057,1.33834349503927,0.376719354810749,1.57164199447637,1.30463529447069,-1.58295944548576,2.74204405858708,0.495093312383709,-1.55420234255977,0.741918298243979,1.61707903981597,-1.00711800379623,4.39580833234908,4.45596095243354,4.99723252688045,-1.42687039330421,-0.0255155395895454,-0.882531570566659,-1.96630876417931,1.06896063742984,1.71338437632758,-1.34186983131574,-2.62842616709982,-1.04980292537036,5.2614634627025,1.76790541884875,1.70159097688423,1.31572950582282,-1.11225046608887,1.22049566942173,0.311421214392791,2.14421558411723,0.891565516141773,0.098436551344937,1.52032027059528,1.29360171165226
3,-0.914396740169975,-2.15994335505861,-1.58277350464858,1.50417759697925,4.17117113686778,2.47225115939149,0.904351320629097,0.90398623849213,2.60738653490216,1.26862737265876,1.25078832084926,1.0419742713168,2.69102434096124,2.80717995203735,-2.2994815072825,1.07103920893319,0.641597065084301,-2.08402859894691,-0.647665178396552,3.94261324584376,-1.08466056192151,2.37809515754629,2.45109916265025,2.4951536572848,-1.67808701168833,0.456812805363471,-2.57054079025378,-1.16836529681702,1.98801476097228,2.11156685118484,-2.95831454719501,-2.02347389731181,-1.70626913460385,4.39393883483555,2.64098462921122,1.14704465930178,2.76466273868452,-1.84562998047993,2.37643827317908,-0.0471719785440228,3.78209553149325,1.48300047174173,3.04829025164653,1.15914792939758,2.60931002374894
2,-0.489461393991972,-1.73728890543769,-0.782539142593224,1.01632178132266,2.96982526086305,1.89508855207213,-0.448440594525859,1.73012668481801,1.90500892646947,0.93763372495581,1.46097315535654,1.17698545478347,1.00498455137481,-0.214799605556445,-0.884668087489107,1.61515708965809,1.5220621877988,-2.04548002243613,-0.902650849993682,0.600201695651678,-0.991480393229951,4.15177815711117,3.62128137665762,4.47291392675034,-1.33321431731029,0.664643264934223,-0.664383139032919,-1.98193268055447,1.8122636706297,1.98605763933559,-1.64936876645844,-0.956366069781709,-1.04418614666524,2.35508960810654,0.982490893289893,1.31974122306628,1.87990235822398,-1.90586103465987,0.676608457923914,-0.0979674997429938,0.334046152255952,0.928032691933486,2.31911554132052,1.05986181079606,1.24671752896417
1,-0.334819801514534,-0.451020606598861,-3.76510554669236,1.3457107461032,1.92749474028385,0.367804571777971,0.258904691760611,-0.0951561941979208,1.45867919938106,-0.437019409478577,4.42479313542014,-1.15881799139258,3.27220209922006,-0.997837115587396,-3.55102552617962,-0.861615171261869,-0.0837269857573241,-3.52242963745354,-2.46856453020343,5.32005197061067,-0.278621275430125,0.872814479755619,0.975121222243453,0.139999727498772,-1.72006941637124,-0.26954936854835,-0.309324846573215,-1.52069712206211,1.37735630145543,1.78607209445751,-4.66291126614239,-2.68387141802171,-1.11810266984836,0.622204537276224,3.95508148666818,-1.06864423208774,1.65675830828964,-1.83187426399375,3.86262202871618,-1.42545098656706,-0.065022931396592,0.563347374446414,3.64023179264229,-0.773988889489252,1.63306810008358
6,-1.19015606440386,-2.36992777665407,-1.68067163409351,1.23290337475606,1.3789555883798,2.88348200571742,1.3346077420792,0.782343304295074,2.1119884674498,0.928877775215047,2.09765801853776,0.716079734357556,1.64898260718567,-0.131878549693738,-2.77540623293413,1.71141378592784,0.908514887458643,-1.54996190304089,-0.886326128215638,2.50373093545027,-1.22312980111391,-0.907073796822072,-2.01048750766114,0.0252712414576319,-2.46297314671428,0.983833180780898,-1.06502024725819,-1.84697242124298,2.02142718408557,2.55297809360364,-2.45555943008336,-2.11733302714052,-1.16510706435562,3.33893037631769,1.96926072401408,1.58852218582983,2.4060067643473,-2.24218722084398,1.70695900736032,-0.634390141227697,0.138270195484574,2.74667036998332,1.25669844492274,1.08752782518056,0.292141651762554
0,-0.145417567451433,-0.387525958990749,-2.11325269802395,0.320622727701837,1.60044165613644,-0.718682988017224,0.091839024207509,-1.14489584414669,4.13178113331146,-0.616180702139342,2.02838277526917,-0.983858409123571,0.460568483744014,-0.0515385030866062,-2.2226010868969,0.80047930626995,0.193909672019204,-2.14363705233809,-1.92518106493631,0.966232810662164,0.0339553885191278,1.64529018774469,0.406988007726564,2.09116983860528,-1.78590024572724,-0.195137860911896,-1.6145770383247,-1.63336924199753,2.02182807723115,3.50291063053209,-1.69084277294843,-1.05301241714565,-0.670691497817128,8.81583304081018,-0.457954430046905,-1.4035379470992,4.0911913588149,-2.43703284048499,0.865216099596801,-1.8127441848864,1.35177351263677,-0.309673521380221,1.83859826629696,-0.823347435312878,1.50817666373998
4,-1.22819489006194,-1.65667238707813,-2.15332711917326,1.55635208398652,1.47660683747349,2.53447809828598,1.7608344360999,-0.574396845439776,1.75906078564209,0.702324821246543,1.40265710317139,0.702602618197866,2.32387379883684,2.89919169693813,-2.6683606730472,1.52965631588643,1.26189855493937,-2.21257263446608,-2.63837006540265,3.0733168960337,-1.48014334411155,1.41737820126268,1.19005182964137,1.55112925395166,-1.46897202543656,0.392245399227071,-1.79758355619647,-2.34409282683738,2.28398733295864,1.06212727743633,-2.11577276470059,-2.56792712353084,-2.01332506261322,3.59409804468363,1.55436383724913,0.817082886780709,2.08721341966392,-1.54992901634689,2.17768820332037,-1.84226646131341,3.35649411153785,1.42624281300622,2.60224380012294,1.23865352622876,3.35341806690936
0,1.02591338026211,1.25926431502101,-2.84813077932036,-0.0339098801815412,0.731137075223053,-1.64953484336712,-0.321971827869158,0.717467682155684,2.21929384362624,-2.29070415805928,2.03926859014932,-1.46179907983273,2.52590921579292,0.600485829877645,-2.74555655928637,-0.845804332025414,0.0530861874665549,-3.48879386970788,-1.29535401389283,4.41807345658608,0.788458116051342,-0.0922808702041984,-0.0549898280236944,-0.14996200367508,-1.71013529121605,-1.33749963926406,0.11938250542824,-2.11229152885853,1.05892353443569,1.99569603712269,-3.34660255699806,-3.38810657653617,-0.811714521535295,2.48077468454031,2.6179968205303,-3.14230608098225,0.654273054444511,-1.34777044828301,2.67694081204413,-0.604400295279813,1.5635329272619,-2.1884980703148,3.15467653714351,-2.05685704760524,2.44625108807925
9,-4.41936638640482,-4.98521791322245,-2.35180889236932,3.40130302445315,1.44279250710604,5.70730863898084,1.31716296678722,-0.683579375128429,0.848484947162129,3.7751669741545,1.96928643858757,5.26376925881432,1.92345855037634,2.6290246585071,-2.64087992637689,3.83237298621941,4.6418820235189,-2.57684632350606,-2.08091706647133,3.7153791982806,-4.0226427141903,4.21242890782643,4.20970569732114,4.26667544618305,-0.393270519322313,4.29451400915454,0.0436062156514356,-1.17527493551986,0.857862644021467,0.408640411720746,-2.98513103681296,-2.47354624201186,-3.18495886848811,1.61172842589252,1.94612064266744,4.58354706168848,1.0655876113375,-0.401425232305495,1.94295980204983,-1.52841006963789,3.53120339210709,5.15937163935589,3.03320043457237,4.48054137940284,-0.778246497457525
1,1.02134739737704,-0.422492466664482,-1.82711897319288,0.257442821969852,1.65723035755797,2.3953115578334,0.19459087051932,-0.350109791857198,0.772658039183617,0.690158905681787,2.92790514513081,0.317188225982471,3.52533736656374,-0.113904358618985,-3.42660480717087,1.09732333715963,1.84107306336989,-1.63399744532567,-4.92731366328437,4.35519188314398,0.983509608594385,0.701715309345808,1.64907865184028,1.2969165513103,-1.18884217249864,0.368751912697798,-0.711452770330738,-2.01755142523047,1.11208641623086,0.403168014347548,-3.17835571794022,-1.98549956151815,-0.954772286168362,0.875457802787095,3.80155275714323,1.24227202205775,1.17351285879031,-0.647247526750671,3.37556819314321,-3.34740348674061,1.54741199531105,-0.851492757488625,1.45133792882931,0.624845245079681,1.21584465549709
3,-1.15875156613757,-1.6438409365338,-0.326084482747727,0.565005265687376,1.19261374805872,1.39583652340728,2.09906992123198,0.515281084443181,1.58224136177785,0.598451696429956,3.06795696810153,0.137956696510936,1.5427888484065,1.98194169150155,-1.02621791464571,0.694347907925318,0.431438041366623,0.112824825508018,-1.69711690000711,2.66120975850846,-1.1820289544203,1.76616103209398,1.44397226153821,2.1946958469169,-1.13681099228125,-0.117302998422932,-2.17205612206938,-0.480284598964085,1.13078537895714,2.52164138923058,-1.06839096065923,-0.573314760067481,-0.928343787244766,1.81762041158457,1.84190332282924,1.00630823698038,1.65024943226053,-1.56055057801249,0.828243397840326,-1.22519575240292,3.96738864554413,1.26134452568361,2.012113713522,0.996623403001146,1.36747701115927
5,-2.60487667344186,-2.64054216444544,-3.27190547846932,1.86413805164534,2.5575718506813,2.23514705219895,1.51885279856269,-2.47279264589949,1.1745706380021,1.50294883693719,1.65630492875667,0.796669365388368,1.32033470003682,-0.14493085257439,-2.19441731563436,1.56589091733251,0.695495396287483,-2.7153308558534,-2.86862038010254,1.58034870229172,-2.34531660203126,1.89248593736583,1.83693471373807,1.72339509728962,-1.14206192042456,0.304926969169678,-1.05951354107996,-1.0936761394731,0.873188091893136,2.33110883109971,-2.26161233320262,-1.79358193095674,-1.85313169556072,2.94187322681488,2.03671830346236,1.44099336266526,0.76076254081242,-1.36496094153667,2.05055009988112,-2.64623330867272,3.42152338333023,2.81524858414977,0.698046062612563,1.13894621869166,1.69259525002123
8,-2.60920148622206,-4.14289321137459,-1.89960228074794,2.27320608855991,2.08306298370359,3.77831051601666,2.24981987071339,-0.300267518373747,2.49458255307325,1.03047094123473,1.50319745836488,3.17616525110243,1.30372534881978,3.13350734618657,-1.87209438492665,2.76890123371513,2.44186578543795,-1.71501633400485,-2.38556435757571,0.947216731902318,-2.72191899054101,4.10710554435413,3.50509829315964,4.03768926435806,-3.00447787038538,1.73904613164572,-2.03332484302266,-1.06030429990292,2.84185343306274,3.7872077559827,-1.37930838593537,-1.18646104841484,-2.51702772738989,3.92929341963921,0.796110856925929,1.70654634413277,3.28069927460573,-2.75067210909588,0.557541192714058,-1.44867942332647,3.35065621361336,3.96504449761765,1.81218891307967,2.57885038838162,0.983181312073661
4,-0.948807629705884,-1.8306248074982,-2.73336336162544,0.852954727278109,1.31727156489376,3.55350380339706,1.09284327229649,-0.620552073970177,1.39137276303177,1.92250056140281,0.553613198888355,2.56561447555661,1.54060101716589,0.965128639956198,-0.784288381880925,1.68725123168601,2.71270859641122,0.120986560815744,-2.62298273863142,1.1945148637251,-1.39896218164682,0.913346042510676,1.05631448577275,1.41320591169628,-1.81366089348775,2.66765215918205,-1.58707838067466,-3.08588013097318,1.66362927246127,2.07766456366696,-1.08173105437608,-1.43471293860371,-1.68373093702866,1.68084766228657,1.21575834709966,2.44439931590398,0.818752830496084,-2.15517793411134,0.773181519164037,-2.27890226462412,1.3844299622244,1.71523382957639,1.90501229328621,1.92321446472257,2.6221237219638
8,-0.917347800576113,-1.9456755016419,-1.81239726467791,2.00367568905942,1.67019028868202,2.98305810345463,3.11461535924456,-0.879002528173213,1.83005757496106,1.05743292609695,3.29842789430857,0.913596170946152,3.16036606054504,3.65704871644613,-3.52656237968375,0.892652777024611,0.288081368945572,-3.45660167158208,-2.77438822653636,3.40998768502538,-1.09226033023713,5.18130808794981,5.32952317994366,5.09344090596391,-0.814761150630402,-0.628994671005706,-0.508741793609826,0.113569421308207,1.85729324595402,1.32759903854633,-2.38647126809663,-2.94977697974223,-2.56190764834682,3.6054124821463,2.57978310374183,0.681360952107181,1.92045383223135,-1.03202069777417,2.29157804586735,-1.96616439789846,6.01728021195713,2.97636212632393,2.41237594919441,1.05616699839689,1.06007614307412
7,-2.01453970492804,-3.18135807086946,-2.97761556999659,2.26038168892722,1.41661399301217,2.97559335196256,2.15166209470929,1.16814571418313,1.17818977196874,1.25915100941587,2.94417902815007,0.312941048480262,2.27584412634732,1.16427605326719,-1.83388322816291,1.24256411426358,-0.458903032673851,-2.48763508572707,-0.558631333573589,3.06529718051433,-1.9907181238534,2.03448780291087,1.7695136548295,2.53789318794506,-2.29526173276233,-0.861959154643831,-0.0935001259354777,0.0516999238607309,1.02750688540993,1.13405819454899,-3.11871893059037,-2.8207680476223,-1.62670908560877,3.27389127386279,2.29532006798566,1.59871683280339,1.3392944413385,-1.23474513084808,2.63333463248709,0.0564636876605233,3.16480910529952,3.16703011363719,3.22308151466559,1.37289716273578,2.42433482992948
8,-2.89416327600655,-3.15229515025296,-2.1545381172447,2.4517586731918,1.27645197701601,4.16906221258557,2.34420374737528,0.110836691482204,2.2596124629448,2.58435022224617,2.65299508406511,2.35226652811141,3.041376917625,2.06905881310719,-1.40047578275375,2.88695451326223,1.85386658138915,-2.92517293545964,-0.295521572550387,5.68979117595727,-3.30337476321921,4.38320032549312,4.74196973352529,3.06720592502928,0.0935288237554261,1.98162722009161,-0.02867166465356,0.622839937260006,1.24320285030338,1.19945113651755,-2.46611281361239,-2.72071430964898,-2.29374900333881,1.73832517641686,2.96882227363696,3.75841436019877,2.20198239477798,-0.924553571498686,2.31777048686013,-0.351776292174164,2.15835482799461,4.50437398673738,1.9828759741417,2.77126241513324,-0.85582846655597
9,-2.55950620034834,-3.99017400573765,-2.74715409788829,2.41738982102771,4.11058595600957,4.63048881405862,3.29840213077843,2.83840578356431,1.83556102851066,2.84063098698363,0.491036500369726,2.65050701053096,1.83325250510735,2.45598643079201,-1.53536048644576,3.78377657454946,2.57751634720926,-0.79127568531111,1.25729957916116,1.84348453495874,-2.85231954190859,2.41137762358022,1.62074800713685,2.06358924518566,-1.23571956581175,1.90895226296818,-0.210455805490814,-0.642691084629737,1.05880412119667,2.21064136298814,-1.50055374689871,-2.10753196564693,-2.37832940659258,1.77940912783983,1.60230308384674,3.86342506580924,0.893190434948584,-1.31098892916857,1.44765284222351,1.54740220387914,3.55908988894945,4.88383280398554,3.77753438657149,3.54041768143162,1.12144177190199
4,-0.964413971965947,-0.904110280423045,-2.24925635184755,0.664632306361666,2.60982517386982,0.892394599233144,1.84169400185616,-0.669441821999797,2.83405632473398,-0.270420010656238,2.40473272888171,0.344428548358429,1.40737803045762,0.986856438662885,-1.84170025109782,0.330663941326673,0.679810773185989,-1.75293159351716,-2.7927113431778,2.13773370063543,-1.0606361942257,1.38673247306758,0.102898099545761,1.48065781837936,-1.29609216806449,-0.512431354205585,-0.667884954646942,-2.70547480333954,1.45143510244416,1.04578913927098,-1.94633830445069,-1.48749569114333,-1.53360374030505,3.70316512430124,0.125164735352215,-0.302760538085863,2.05194674088974,-0.929688498138133,0.98326715154185,-2.21232155533599,1.61862902526487,1.27940417966327,1.78860364702875,-0.0396875591272204,-0.356654298698731
0,-0.511415432496258,1.9252416797278,-3.15050986895684,-0.293080224619819,1.81057047359574,-2.61527790815481,-0.130298677387384,2.272976460137,3.43055099254087,-2.15320308272199,1.39622138734133,-4.01426275863278,1.46154505671546,-0.731894256053463,-2.26766412086147,-1.83506190931302,-2.77599018040758,-1.66638918319721,1.29588882121339,1.72474297101806,-0.243671003951827,1.15914276920151,1.25406323828403,0.505457172398877,-2.44709533565302,-4.55633379359574,-1.19101689820929,-2.56195655925729,3.38168173484781,3.5906839291776,-2.7125115044026,-1.95255421627558,-0.435113086822183,3.44507372974407,1.15663929981488,-2.63589552312155,3.22336199404126,-2.54685845926007,1.52321361216256,1.38026935073532,0.518367020887337,-1.96808246829303,2.58291702510394,-2.82413674627678,0.875944885638565
1,0.0174638094827252,1.61094098839045,-2.0973820494953,0.404185380535673,2.28117481238019,-2.23958630785029,1.51444713082821,0.04744034587321,2.71888701183743,-2.36308506144841,2.61739405478913,-3.79354311862116,2.017822278315,0.170510636065771,-1.08282752014095,-1.43536647511485,-2.74764240793726,-2.47402256721462,-1.15705040240631,2.51206833052798,-0.135142782313399,3.83672606234039,3.88440967922579,2.56559703638969,-3.22540675793251,-3.46993467087205,-1.86898737745964,1.04566378826678,2.24662079291283,3.77467833555788,-2.01937053660216,-2.03262590790032,-0.601799295698228,3.44859188889922,2.01727103123651,-3.60251572682647,2.81308217111626,-2.63893705250745,1.85084772854534,-0.64023341970416,2.1383833629761,-0.286522997664328,1.90068602440177,-3.01971128176313,4.1956234391017
1,-0.379182100804313,-0.783445329232871,-1.17679279577594,-0.0226776314808461,4.1640341292303,1.35365251838497,0.19334190985797,-1.98639521559489,1.65310596677079,0.714986971482893,0.785363714990138,-0.425966713458653,0.166486664600191,0.474913403882535,-1.85397338701583,0.936497159929538,0.947125571551939,-0.890386793501219,-2.00475971153812,-0.741569470804158,0.145691821545871,0.384653217062207,-0.0539509616148863,2.01113705687352,-1.22742450129879,-0.0876726291034482,-1.84904118948477,-2.2079007109196,1.45928746506255,1.26452278075014,-0.337373506361669,-0.96542168122555,-0.24526017936213,4.30786681894858,-0.265157736254933,0.651609578374901,2.27527935357758,-1.14203486885539,-0.347519736354846,-1.98981832388045,0.768210400599047,0.623361985379642,-0.116257490586532,0.434354296190386,1.29139050664221
5,-1.97142469323834,-0.721526234754354,-2.0770329007976,1.53856747339857,0.705252182100272,1.28259072640886,2.16676136233686,0.495193507633811,1.98629909846123,-0.0012560926800378,0.539161711338891,0.151141967327628,1.38386823121178,0.694662977993787,-2.44353169137515,1.08553013493805,1.91658924076678,0.440774569003248,-2.29494468992722,1.850740310359,-1.78709517028622,-0.416135664153538,-1.11187778293549,0.866854509288384,-1.16184261162246,1.22075697173651,0.284580298132741,-2.68098118519253,0.362684750856676,0.739579996624907,-1.15623916679701,-1.57205311966233,-1.9221414468724,4.35661944085818,0.998558696760296,0.191062756906603,2.11979690349688,-0.841987458132634,0.452927103305087,-1.26403618807321,1.98238563197789,2.26987005130684,0.775921859974868,0.507370968972503,0.923806151538878
0,1.2520455478485,0.990075700332763,-2.83310382477958,-1.02810236367268,1.10663257746397,0.409319274091732,0.47360962896826,-0.484463352276493,2.12090809940992,-1.62244295198513,1.45897703807462,-2.96973322422239,1.81370835093573,-0.116639005945196,-1.390557632062,0.202780305759306,-1.58624060404135,-2.48910563257374,-1.97043146029658,2.17945326609406,0.994911558635702,-0.344740131851079,0.0597306520397922,-0.591811196231609,-1.77378971924568,-2.21306094685888,-1.74210273035871,-1.25150563125054,1.67271796196378,1.90447283028107,-1.34279720396223,-1.13595254408146,0.386258417173598,2.80109561476499,1.82047153143601,-2.41179302573368,1.72564307806008,-1.58136150839257,1.24202023610765,-1.34179906114713,2.18836673931985,-1.97037783772047,1.82336642118359,-1.47948870161739,0.827763461741408
0,1.41922316628541,0.411528441172971,-2.0777978226443,0.0626220422732868,3.41839126485805,-1.75464658661496,0.632510487320544,1.18109755771777,3.05947153670164,-1.28008142839854,2.87295297267193,-1.98915432443483,2.83826570952559,0.556891539515043,-3.32474976922865,-1.0050126413554,-1.33671570095098,-2.43694575971834,-0.949469862572096,4.36451347011994,0.733154447082219,-1.89357642897419,-1.62313009007681,-1.76853002410056,-2.44775520478737,-1.75221142163824,-0.8879106536377,-2.98421237738856,2.35107501865255,3.23453955156093,-3.85948755915724,-3.70027625792969,-1.05884553358223,5.56934108130765,2.79303020553956,-1.49438129503042,3.22068398914407,-2.45301920277781,3.25177290361486,-0.154840889889173,1.82689418816248,-1.7928374748638,4.48302318886017,-1.35489848962073,2.06870449211728
7,-1.30803297308772,-3.25555360930829,-2.44150907428668,1.54458803905506,1.33367215114352,2.61158953592118,2.51105669894688,-0.26653731424409,3.23151929285907,2.74473860555256,0.134020370756529,2.60653204179415,1.41149286655509,2.64554599902442,-2.01374237304297,2.64883825889631,1.41850413551025,-1.69904325497938,-1.2436346361915,1.73031643742292,-1.43907276984348,4.21248934163127,3.08619200826061,5.00155548851359,-1.74965033660847,1.5286497885314,-0.480404364218826,-0.98510592911326,1.28435479439218,2.43016154518944,-1.25157840899493,-1.83186439912157,-1.73123490649481,4.66788086336763,0.891184447673592,3.25387111486685,3.4289064481224,-1.74013089806861,0.754158957297482,-0.539999963826804,2.89534302612173,3.21278963746001,1.73152123092615,2.3011329207533,0.311370108152311
6,-1.81260647265399,-2.30473983309779,-2.69692179103385,2.05096536069664,2.38129410104884,3.81415472218612,2.04157413783472,-2.17873674565704,0.462355498430488,1.85510037221611,0.376457033360737,1.18927142636115,0.83552664977232,1.64628349429933,-0.986708041852062,1.9275243936807,1.07020416115987,-1.57839441573608,-5.1872845533472,1.90153911289026,-1.58183342751752,-1.32778281189614,-1.85678896205121,-1.06057787204015,-0.40630520191543,0.795910873171903,0.180236977942205,-3.08318028345346,-0.179215807818918,0.186207305930919,-1.32691859183316,-2.12917039522609,-2.06357091728924,1.94805281873207,0.719318721924281,2.48691661023045,0.657157536979692,0.25048848763151,0.437312685167788,-3.76156875584227,3.08350771842253,2.41526136796701,1.85122987184119,1.74819922473558,2.39082376869042
2,-1.03901118740462,-1.27398484717467,-1.24064908258435,1.46809167293643,2.64837127783124,1.88906879430109,2.05659184178147,-0.411128189612954,2.2201062422799,0.735377059429689,1.21841610499905,0.0354554553976951,0.400036966446119,2.55687979698987,-0.773288539508785,0.914224408760769,0.589827694427714,0.35995144236732,-2.66550263921546,0.640475416257087,-1.20517444202455,2.11661461393252,1.33648071158327,2.4173058193409,-1.47994898927299,-0.0414587536522559,-0.86730525547265,0.348182496610163,1.17783974206707,0.0009570797113205,-0.773748539337811,-2.60016912636631,-1.70061763119127,2.80317720499294,-0.470680583450823,1.08622277858242,2.62547928779223,-0.951373890183347,-1.21686470546832,-2.1851098664798,3.5274825372094,1.28689912339593,1.00530086535016,0.862549339053302,4.12211381617574
8,-3.05599367527927,-2.86718924848925,-2.32574079363207,2.35154193091346,0.232068344264425,3.20957183631546,3.86627657533827,2.63852680445953,1.36169223258691,3.05750555461052,0.382428284937549,2.8577169738795,1.86663118732972,1.32188057996099,-1.48812818676254,2.53833889458933,2.54949039270869,-0.584782937673185,0.278578907414183,2.17333435552115,-3.07894755608014,0.881138820926832,0.344636094420443,1.28344371758747,-0.394491389738247,1.95715287422527,-0.853834401831405,-1.42377845199289,1.12716878474979,0.866319660069856,-1.4710496677773,-2.65892645596547,-2.37629572422424,1.89908949028294,1.59603573263278,4.07025327750351,1.04903858277442,-0.925053883636116,1.310202725192,1.17878792500294,1.95138782593473,3.22394687809058,0.810405042282508,2.79818542968635,2.89050147208367
6,-1.11216873801105,-2.31876403864015,-1.76073507768194,1.3437020035499,2.16339526478606,3.80619444185289,0.752791017661557,1.05806502682832,1.15626160047636,2.57587589977824,0.517993487674081,2.77336625912333,0.976070790669643,0.461077194846042,-1.32498607527288,2.82097569142723,3.14218114597975,-1.13225006408584,-2.02159199780935,2.75445592137432,-1.53118632442042,1.97907275283533,1.557133213016,1.80893598816979,0.176284946235792,2.7455748382578,-0.858798886484947,-1.61352440566548,0.609688257734472,0.251843262161857,-0.755627722558576,-1.0155179651397,-1.29118522100451,3.48525180210281,1.17233200689318,3.06774155685094,1.46403409104116,0.0263575896038166,0.642120895313018,-0.669735349838393,2.92265896086223,2.77608030635883,-0.142942018211761,2.62271834655991,0.912356039193774
8,-2.21026675435602,-1.92465750353571,-1.47520692937617,1.67856513129349,1.32723376205692,3.2584175752529,1.88270493721874,-0.357090190121833,1.3374837835867,1.9216441178233,-0.555018978530848,1.65927092364355,-0.237587042935868,1.14725785322679,-0.580666347869802,1.45472573500483,1.52129135480846,-0.684370404251371,-3.03958606102136,-0.963724706488722,-2.13543559427544,1.88263791247113,0.758292455988221,3.28196513132232,-1.29562818442633,1.4826690500888,-0.296338973357408,-2.13671319949387,0.953426922165991,1.74387352136928,-0.777941335741865,-0.38454216849646,-1.76552894575237,3.66666721958487,-0.851460979143992,1.74938430425605,0.730127267130878,-1.29234757811826,-0.347746703105962,-1.85013308986842,1.30249936239579,3.66042378977617,-0.0472593988519484,1.70456938492831,4.37419410313879
3,-2.1369125605412,-1.67189969738961,-0.182595313051126,0.784819101216448,2.93864387792638,1.43441394395938,1.53909855504305,0.0227771470579307,1.66717870316051,0.988908812626837,-0.149776431073516,-0.568273182582423,0.499631280900593,-0.222019201462733,-0.181666913988566,0.306288831126295,1.29803266091666,-0.634298148031427,-1.64078917040209,0.309987879707381,-2.17743813225086,0.73376766158031,0.677742143443847,1.41963731112777,-2.65647181096854,-0.037058610281912,-1.81396813552606,-1.63312980151845,2.52122755788382,2.77242764224264,0.51375583256275,0.456157161444114,-0.667053056217272,4.27932501501081,0.775699532547229,0.866505674594389,1.71146830159444,-2.57350076703187,0.558265322923877,-1.3382203997372,0.512863620683095,1.73336706739571,-0.122079697719221,0.272893581341768,2.10258905538391
3,-1.1185791887397,-1.64349311401913,-1.6463555413409,0.710973553950413,2.12326561299062,2.50942746950945,0.644303374051496,0.24218128498339,2.71159254775565,2.0180855511361,1.16960993930477,1.64415722842517,0.8692309338739,-1.00480373313638,-2.42473033867273,1.99878203267854,1.01114581470271,-1.19813644017973,-1.65898486509641,0.0271201509110492,-1.24218021377808,2.11134781866317,1.6631502717829,2.32587946982705,-1.41030460050063,0.464710591125574,-0.860956657615286,-1.71896959752728,0.98072576835821,0.964149800237722,-1.44266567803081,-1.27138066994652,-0.297177444424696,4.02869536437252,0.399962991164136,2.33256033387971,1.62731976686141,-1.13385710871904,0.883450845724762,-1.07922293480983,1.01320476558006,1.42358290271613,1.86264590435802,1.73147562808768,2.12653557830743
3,-1.30348227248822,-1.89858510640808,-0.446028201462672,0.251452262074972,1.19493907429638,3.18221218850374,1.37477155383458,-0.0280997989742385,2.74060902175069,0.705469758736666,0.780190971644612,2.03133033393647,0.741809860665032,0.812470944666231,-0.459531909727561,1.29968793810633,3.07127246062885,-0.589707179487086,-1.94197471950418,-0.627300864415662,-1.54897875749363,2.90425149526251,2.16927510773242,3.07235082594516,-1.70008412876915,2.35559188046579,-1.41066171363657,-0.837802054792083,1.90904292368979,2.21632093834453,0.0761823697216619,-0.427715534630321,-0.264620196677618,4.38180847354739,0.788827370983125,0.969444171951642,1.80452509793842,-2.03413557782369,0.31409172513953,-1.40510320150964,2.56314092912273,1.43685464580233,-0.980854851083778,1.36958449285525,2.79201862852936
7,-2.02976905893505,-2.18541411803947,-1.45153453438583,1.65747542059607,2.32976847179817,2.66884246115146,2.63877110020269,1.20728139507959,0.683069436170284,1.89339236868315,3.2450162170179,1.87021041875866,0.658415857421605,0.79104994074932,-0.393445633780736,1.19280607146476,2.65430104417425,-1.88696138578078,-1.28660815215381,0.793585603803528,-2.34846137654992,-0.929864875419449,-1.45594676724862,0.687388395017279,-0.856504483295993,2.41276129232176,0.459013925144121,-3.12425750931014,0.593496756951508,1.17515059830309,-1.55727698821479,-1.29797812933789,-1.58147435769658,1.48421104633488,0.434897310958223,2.4574938472752,0.94211063025712,-0.862266670383919,1.09441668531214,-0.379784563453198,2.5869836175536,2.92712582788412,2.35476711570635,1.75357053616747,0.502489176861687
8,-3.31947930646704,-3.99383048834036,-0.934809437975997,1.84861750581724,1.95573841705273,3.65580635833718,1.29267604252955,0.431329894635089,1.75608936452337,2.47552014029095,0.497980559547289,3.25222115705028,0.915876539211694,1.32331681941613,-0.980805586983877,3.18458376739902,4.24644500277464,-0.641247308621287,0.482844716677445,0.105147626564975,-3.29480919303047,-0.148632280126335,-1.02054267864724,0.539066664195434,-1.49798704718491,2.88216388040141,-1.41215141873535,-1.88298049070581,2.60535965744252,1.83693004910119,0.0827053163785323,-0.802600298629269,-1.81200052180011,3.77427290378238,0.571400179093365,3.12358282936301,2.36823488190822,-1.68099731668726,0.256984912630689,0.273197524939387,2.94192062754993,4.30072384106877,1.15900114297788,2.99178706517749,4.38034069941857
2,-1.08235883211165,-0.753147957163103,-1.59855896479566,0.770562868340867,1.3757133377789,0.56735624524783,1.64676713002491,0.815354103039055,3.39671701383546,-0.319627627505421,0.774681210167683,-0.493839438344431,0.0478886978233506,1.83612783170556,-1.17011482312661,0.652911818639535,0.562161484789134,-1.07544684087823,-1.09339732701901,-0.861038009294725,-1.60148144607111,2.45734655824897,1.74197704608153,2.05432218674089,-2.11961509052498,-0.683873212514512,-1.76497080174545,-2.2026664541441,2.3680507048082,3.3519332973808,-0.967264815328593,-0.580958657558715,-1.28979531019205,6.14579279566251,-0.53265102125361,-0.397863698172786,2.9040877239229,-2.80754627041901,1.20691419600039,-0.234746498417162,2.99415869962386,0.715982055998062,0.682547570614434,0.0061229325110687,0.704641930578077
9,-1.9857512496734,-2.66580340078353,-1.82794285279085,1.46141349095476,-0.90113872801234,1.35038578683852,1.12312661022203,-0.976687150220197,2.02533898762573,1.72529821283981,0.389732181644526,1.73927608722893,0.645863398273975,2.20870836639288,0.969176204373432,1.67554409485038,1.96054724884346,-0.24086984300819,-2.11042572336547,-0.129012787518961,-1.96108620916517,1.27461698100542,-0.182987375598529,1.15164667945003,-0.290761047773587,0.987353001530404,-0.576834442023808,-2.16841087597659,0.3255855294998,0.107302182759121,0.0545085903379203,-0.376221736576811,-1.74321437933458,4.13086000354358,-0.393710580868225,1.85281829004427,2.04559011929988,-0.560117850213088,-0.319249312467252,-1.82300762350676,4.53234769626992,4.10115870732299,0.379694188182929,2.13004096837638,3.75595394308306
1,0.280350936978083,1.1773147926882,-3.26576418249853,0.255421685507397,1.48084476811211,-0.33001999021831,-0.002279049392231,-0.199918687498364,1.9550295709529,-1.15303265560788,2.76746753255173,-2.85812809396687,0.845060980111016,-0.378172244715047,-2.63370596994184,-0.76847912096606,-1.55728238790393,-1.53274897971315,-3.06353597366118,0.826561893432338,0.157727901736156,0.472926344037583,0.352907752447672,0.931436730995902,-0.336303487996571,-2.36178460669284,-1.42782329439809,-2.36259925211093,1.1700490925042,0.967723917857499,-2.3548013307069,-1.85758859286458,-0.413541718057449,4.10289274480711,1.34174651206614,-1.60643646739998,1.56017521702712,-0.515407295078067,0.149205038001236,-1.58541400015415,1.27464662666968,-0.159930494192633,1.94875359767236,-1.63024691092416,2.3728585406362
6,-2.57493569262992,-2.99504174799947,-0.652054057156718,2.51526834025799,2.72335663466943,2.56299323433804,0.522798349271021,0.251378782034263,2.22934220704386,2.03569393650469,1.52593372151819,1.74289569727908,2.18814338624051,1.9956696300215,-2.47797793063452,2.06134221799533,1.40082861296823,-1.5878433115468,-1.69316328259507,2.77962440808462,-2.62976462062337,2.99087687069365,2.92938533279518,2.4849253595351,-1.09920852652727,1.29407277612016,-0.913225937246329,-0.767499526531105,1.27011804192736,1.40538936084692,-1.97224861200245,-1.37479729129822,-2.96790598579282,2.39663468661644,2.15130563473938,1.80405966819425,2.59009739875339,-1.14045228738114,1.87610792760811,-0.922561769467877,2.02675235662968,3.63469445265766,1.81046470002484,1.97652969018059,4.72690987920455
6,-2.57945335423005,-3.37364919926733,-2.61727585571992,1.87640490568222,-0.142982268433154,3.91520888751727,2.54067277505518,-1.34096040879591,1.82032027895862,2.08469640274882,1.61297513363063,2.9297230093865,1.02678741158008,2.95447452001994,-1.55288594034233,2.00232064996526,3.6452008565631,-0.646433069082605,-1.48710952565559,2.13140016055887,-2.7379013242928,-0.327092374238282,-1.31537179371397,-0.681227665269736,-2.23231290923017,2.17437802661995,-0.905337217630793,-3.81577298836333,1.54557128405387,2.36515602364099,-1.89598922138302,-1.7119535164218,-2.21250978109438,3.11230262792875,-0.400594359045583,1.55573579055445,1.66132271688602,-1.75421375139486,0.750417842350323,-1.05977436637377,3.33124281506596,3.65944778315068,4.09748775415863,2.27444746534547,1.4521956408388
2,-0.605369243559067,0.611270332129229,-0.368252522077498,-0.219215245749023,0.569111771448473,0.715433769386632,2.19827111204272,1.24316906308088,1.5298092357879,-0.694933312393474,0.401730480840109,-1.46604906589438,0.17552969823841,1.00076016280832,-0.657862403494571,-0.3481740849059,-0.839778846931822,0.0019272638177082,-1.33789287725135,0.44796986119613,-0.256345613458923,-0.981213853938457,-1.53823838755136,-0.555809877687079,-1.56772587249165,-1.27496384382439,-0.837185045428809,-2.53436368110153,1.70136138581861,2.04490988216608,0.2663695267001,1.38426369526685,-0.906262142328202,2.26574860322325,-0.719062279835013,-1.44182983739364,1.75435936079007,-1.34952124165829,0.22835231485098,-0.420013102020261,-0.366145660885072,0.23627978798504,-0.0172339072462787,-0.952135483608759,-0.252930726016545
4,-1.50474109798908,-2.44461660054447,-3.22118064744486,1.36452863646433,3.2451068426931,1.55579290792271,2.25603914743031,-1.18494368159326,1.25924522385004,1.25262825190443,3.70424702871074,1.68248553528861,1.98144863542951,2.33104687347951,-1.12648807960436,2.74102711858743,1.99210156833001,-2.48925578986736,-1.32460241312172,2.50434152835565,-1.42562695106092,0.488854475809798,0.199321732779449,1.11981245721139,-1.48269148229534,1.46595530281807,-1.26224749254562,-2.15055496281489,1.15590525686636,0.581595737959606,-2.97716376168796,-1.31695068712803,-2.06734098077621,2.97165590289818,1.25396677192602,1.27035922061006,1.7840111734315,-1.31245838184416,1.05930209577686,-1.35518944658491,2.78375853265867,1.88845909717791,2.92398677401091,1.76098088190358,2.10365675656607
3,-2.99598006655456,0.758032186007561,-1.12808321222335,0.291415945596918,3.95635890375446,0.0603566279465448,1.56233195207419,1.03758373119595,3.12819036240502,-0.864276205844973,-1.45224412997127,-0.840688180010576,0.0619904442943231,0.87808896308738,-0.261106132367353,-0.968366936062887,0.885304904036207,-0.355945760843767,-1.89201119997516,-0.258017086821805,-2.30238600119504,0.560106873289674,-0.691543620570909,1.7662171668164,-1.40542097329157,0.0808797393297334,-0.47749802680329,-2.43464146947618,1.62578941229285,1.24924736474802,0.663790320777891,-1.29564163890116,-0.929082988577371,6.02227295880633,-0.348668475901669,-1.4336112890172,3.48865048202368,-1.67867914536827,-0.592106053376296,-1.05609364476981,2.13552292426233,1.54909337528228,-0.168534237265799,-1.17138860496891,0.378619556705969
5,-1.0515269378464,-1.72469822513991,-1.7454595371818,1.1576208261693,1.82662858608213,0.887464860863888,4.23601693467739,0.738823523415175,4.10366394362804,0.58324121832324,2.19285828700056,1.1623771652383,0.56432387561448,3.4615801230582,-1.11376499173535,0.708756810153437,1.14663903594072,-1.61294685552268,-1.40620382310176,-0.329814455133454,-1.06287735541919,4.41811826953989,3.27483887599547,5.19547128008181,-2.93187035835047,1.15046327550495,-2.47558120973782,-0.838822869756774,2.69294686580706,2.97729721171599,-1.74186401730055,-2.00197825920858,-2.48647826177989,8.89775973411495,-0.38406696270605,0.563732201422274,3.76457274645121,-2.8867454618404,0.332104254487402,-0.683241626960556,3.16570818944913,1.71440171401755,0.73666710761977,0.850020177106305,2.27681626798869
6,-1.07627742379003,-1.50783092516816,-1.91452247137099,1.71114493720226,-0.257601539633873,0.493093572218048,2.0553519200704,1.78321257936341,2.05856420721426,0.103877398169866,1.55322581077826,1.0092176145228,-0.216721222741357,3.57637393998415,-1.50665473209682,0.780336499278005,0.973046381704593,-1.38433929368067,0.318106569767103,-1.76663319698146,-1.04157378291065,1.00882624801115,-0.13759576035272,1.38174593826915,-2.34918703481963,0.649016217064542,-1.31690838853212,-0.247180497088652,1.83209597362201,2.14305582634367,-1.69986531479317,-1.69184615035214,-2.81875877195551,4.44120055804703,-1.39261944209904,-0.298898042581669,1.30311181842614,-1.8525944691459,0.674208809854694,0.649161207697437,4.40110657822544,2.52945379117076,0.787188122061911,0.86023962035925,0.355285228222773
8,-2.89780187882782,-4.55272577035213,-2.81283413359438,1.70085589488709,0.960489584619301,5.22244158788358,2.28698521134253,0.472312352159771,3.49447206278603,2.9514761917673,1.153915695029,2.05404901743703,1.96721313185281,2.71350463829125,-1.39700035659412,3.55053207249079,1.72756348160379,-1.01763269771365,-1.69171506160843,2.60826183119456,-3.30852574917022,4.58494957440602,3.68452093606236,5.22032412057005,-2.30477934258181,1.65450275882198,-0.734272539564176,0.0151181869690928,1.92212414575195,2.90676353856699,-1.097187076852,-1.12462096749881,-2.35745244512181,7.11961483850074,1.02801913713881,3.52164740577086,3.20809811019824,-2.28418325718266,1.84089631765891,-1.02460469140939,3.40976980722404,3.79882138183385,0.620524523649003,3.34066298095073,2.53948479121167
4,0.0810025017744174,-3.08951978955069,-1.7211677701343,1.17924055691498,1.34372606294417,4.13092254376484,1.0536118757693,-0.924653727985514,2.44394544060124,2.49916219645179,1.23106212333378,1.9909210377965,0.957219295917531,1.10132998753885,-2.22992950310631,2.72091788623358,3.32605229145007,-0.563182081717644,-2.82071130911361,1.84353555367756,0.0320162333697593,-0.643194566220818,-1.37771931395647,-0.187206449432887,-2.02567188573745,2.82506355838105,-0.555235067724016,-2.50529162772705,1.18480077909606,1.76086350312694,-1.65792247352132,-0.997314751982747,-0.916463799614767,4.75330868330638,0.811567180591343,3.5158057866021,1.86935415768557,-1.30422138460713,1.49273816869279,-1.91361750790659,2.13508194301645,1.81895665059976,1.17199493113641,2.62631283282441,3.06128293680262
9,-4.30629436548418,-3.58902684594278,-0.658962893078439,2.22942335288389,2.29645148974978,4.65171971258997,2.66187375181436,-0.179143846978373,0.0276408154339101,2.73075782283577,0.173117415852901,3.41400682604729,-0.104571873445673,2.32024424668152,-0.174341579745343,2.63084776866711,3.13766959892051,-0.391510191546438,-1.44022378517429,-0.615934350900209,-4.685487844311,-0.137595758377774,-1.04279293119957,1.02139743846475,0.286670537756682,2.49737198138219,-0.221616516889193,-1.52942658012367,-0.0150777250250504,-0.821840219823133,0.691172903512083,-0.947988401649365,-2.05456279492667,2.15187366779988,-1.55055290648719,3.55332300284488,-0.0059609615228672,0.525773244162722,-0.453397821340546,-0.890748182223467,1.60475258450066,6.0963173300059,-0.790524078582106,3.37969994144528,3.44767425123448
3,-0.367303085370895,-1.5622369095546,-0.798567079502358,0.843771747356514,3.49475814128264,1.00868605760212,-0.236238819006773,-1.68287817538087,3.11684157750941,0.0633200260014133,0.642360665362921,-0.0622218063908085,1.27894578233204,-1.1187829698756,-0.915598943641588,1.09808736327677,0.641148141860711,0.376618516155223,-2.68313644746026,1.82117133373571,-0.238194074560979,1.45525074821874,1.18006669279517,1.7836241154486,-1.9305806843291,0.244498175023805,-0.529727788508922,-1.73262989458148,1.51116286969113,2.655972582321,-0.892054839421886,-1.64805643218102,-0.476991633259162,5.07432059803129,2.04216233022823,-0.0406628906080704,3.09571839327613,-1.86920980708195,1.33283036173195,-2.37639671857341,1.17822113880907,1.41246370889103,0.893476827471942,0.335603932747145,0.627588776415873
4,-2.2218251667389,-2.66351460747114,-0.530519571250146,0.872270355241199,0.126305677491518,3.61058977044114,2.78285193693605,1.10724694435229,2.29069254063655,2.23394747751723,1.47837542943494,1.49673859352848,0.506809188101282,1.16092469153305,-0.847598666018145,2.29656982485078,1.9602739686596,-1.74773716380333,-2.21747356145358,-0.165940942530259,-1.74448599965573,3.47872376147237,3.25003933720202,3.1586864062784,-2.45259710232175,1.56771958355348,-0.183512877900937,-0.0305265658668008,2.21059260763323,2.38139099664112,-0.0629236271590405,-0.690104284304499,-1.25437748492413,4.6983901849793,0.267222357543164,3.39893820722182,2.12677869784123,-2.00466590277079,0.516150893250255,-0.888875185678864,0.0429458876792468,2.32182176994794,-0.930931779387012,2.12911852087267,2.00796844242834
5,-1.78934864196586,-1.23023447420571,-2.5521351727089,1.40401136882215,1.56614232799349,2.13234829666398,1.91886881792486,-0.409139263188544,1.33713819398869,1.38790258115707,2.33787973718113,2.20954646175505,2.00145683693014,1.19603239853248,-2.8523364847484,1.72289565261943,2.76693598156616,-2.13261761492998,-1.49072626911828,3.61430507665696,-1.81371354732353,0.392100831754323,0.321521923640422,0.463453273093461,0.10815830846504,2.32639806731201,0.653609110696815,-1.93888782410297,-0.204254824522864,-0.106527346850647,-3.22955949254877,-2.46703610277413,-1.54117941349268,2.4006774690626,1.26922272935213,1.65589925329564,1.57025160843321,-0.019125953623758,1.85547899358578,-1.15551319670821,1.44191880880513,2.22318794836184,1.8717758267386,1.50064539356281,2.58232726901625
4,-1.16128399433352,-0.89375113480891,-1.58339148459297,0.649594527007533,2.99833962470441,2.15159933020174,1.16566007677713,-0.301271762251605,2.5162214733811,1.24303775181556,1.81589652472353,0.896565748693943,2.27093805108075,0.300100290676892,-1.53864121039688,1.26200880469165,1.16302347636386,-0.477921942614507,-1.84750382741635,2.82772037391408,-1.03765639888448,1.65197606691787,1.25953765587971,2.31620533116728,-1.08373717613771,0.921888180156386,-0.165855633536337,-0.682615027544346,0.788582789656648,1.26795234529882,-1.34826899660483,-1.8069578366831,-0.936851250450301,5.16361939374799,3.18329760238706,1.33820143852171,2.09468104141798,-1.55671383729814,2.99781208749412,-1.38369803110765,0.780853181235819,1.045207854848,1.37449478122713,0.623952210106051,1.41150923857432
0,-0.0234484501859347,-0.470798228873827,-0.213943769358828,0.288615109955599,2.44867793976051,0.339740987195298,2.76858210549753,-0.253625950654269,1.29313533423607,-0.364060636294407,1.00875664208731,-0.850879233756264,0.884863372801161,0.791114661232395,-1.31226881285213,0.55150383246843,-0.234799688401845,0.0819321354445994,-1.71643719594285,1.43006830915346,-0.204698530820858,-2.05099473825218,-2.06868262292723,-1.34015008846045,-0.661068086814342,-0.493688599111945,-1.38664027953109,-2.62045544828417,0.348408761515232,1.43729363543556,-0.599254932595107,-1.23193082515085,-0.274040918064646,3.61244184215778,1.02422217972764,-0.833284351013904,1.68200928795321,-0.642116009838379,0.794773221673112,-0.858060191339552,0.451348934844074,0.20575434066507,-0.349403995976517,-0.0292770633020449,-0.24026136647774
4,-0.717770621231534,-1.24806283794096,-1.97145400267665,1.28441239950244,3.71417942990442,2.78811101233871,1.33465719583747,0.822467905250735,2.19580779379016,-0.0903912345020701,0.0059406339290735,0.604628148218036,0.110956022341968,1.31926564417222,0.0246568474354295,0.398028705368239,1.69343736171687,-1.8781183168086,-1.74959376270861,-1.92066957782623,-0.686213859606141,0.0956635864596539,-1.16580418271188,1.49766706754157,-2.1042835837887,0.607926520930194,-0.752669891900356,-3.54620252148067,2.0921559278071,1.73987720089396,-0.64676359189925,-2.16814894765728,-1.42888218108185,4.68277997180482,-0.696899529665491,-0.162532714411744,1.98750030780092,-1.87063263329519,-0.0027201481530311,-0.98475598484022,2.36382807909055,1.69019386698802,0.89136856702171,0.144299376081086,2.77236135028653
