,mRMR,mRMR_MS_linear,mRMR_MS_rbf,mRMR_MS_poly,JMI,relax_mRMR
0,2.0086111111111107,1.9840185185185184,2.008074074074074,2.108425925925926,2.004611111111111,1.9867037037037036
