target,100,101,108,111,126,13,135,144,155,161,181,187,197,198,20,209,211,219,226,234,245,248,256,26,269,272,281,296,299,328,331,342,360,363,368,377,378,38,4,412,414,422,443,444,452,454,460,464,47,479,480,496,519,537,539,540,547,554,558,560,565,570,573,576,585,596,598,600,603,61,622,623,627,629,63,636,640,651,661,665,666,677,679,686,699,712,714,726,736,738,739,758,767,778,779,78,781,783,786,793,798,8,81,86,93,96
7,8.04270688521986,6.92617463864311,5.82322045911324,6.07428705686223,8.49676730395768,4.98406532402809,4.66876571511084,7.39943104833172,6.13527436866596,5.72396193953166,4.94549693134317,6.41800328970968,5.70266542749197,6.40351976977731,4.69453993195641,6.33167415961782,5.22185907404635,7.08619301323168,4.33996610854215,5.81787243873192,6.79710326946162,5.64478095853518,6.05503505962087,9.28454269791218,5.62619649485766,7.83740808002011,7.51259261687429,7.41719494257102,6.082012610487,3.57626714393429,7.81658649364769,5.75373135735884,8.62376401649039,7.42839328922091,5.71831163812795,5.86563156082422,5.66801146700709,7.00423506056128,6.70780257380131,8.5347584429762,6.07015746053848,6.23769640054101,6.34577206916139,5.48662426368563,7.83878083085967,6.4067752653588,7.19659545659403,5.51091574537321,5.72894105959776,7.83652631740504,6.78142540907168,5.93874531604843,7.0370728111821,5.71587803371522,6.53776999043149,4.85550752393788,4.42866185099053,6.68780015595179,6.59770485344506,6.00218360402792,8.50200556850907,5.38996908328587,4.621815898555,5.28951881141206,5.46716516835407,8.31322538650038,6.95700726780762,6.01434485434166,5.66599018191226,5.58065032062256,6.00720480882772,10.0231984285324,6.50432896084146,8.47649595188938,4.44495336567024,4.81308187500011,6.71307713111336,7.32166806075687,6.05274837372595,7.01541210964918,4.56377437236242,5.52183192371264,5.52253958464213,3.94511566828641,4.38748208429106,7.49793363249745,7.17289770770644,5.25185861331271,8.04669216931385,4.63185683934186,7.96317016909753,5.46075543263832,4.61509906642902,7.17178010277055,4.82787931115095,8.60898841862164,5.16216576015717,2.39208952273849,9.2730888397934,8.03256759335796,7.13472821062113,7.88216571308296,4.9025663927912,5.83974412233526,7.65994117563429,4.25594224770129
3,8.33582171184857,7.74985807273867,5.5563756294538,6.26220595915289,8.90606464256961,6.00872568315581,5.16664261072132,6.91199324761437,6.06567186908107,5.67854840113407,5.13958304099344,4.09507039010139,6.59422486349671,6.56046314012191,4.64714810918055,7.7488518459197,5.49246951075537,6.76753759407153,6.06919546129293,6.04001352911787,6.6520587620039,6.61261733639036,6.17774047805553,9.11016180343066,5.98458131466695,7.65444012461698,5.38556574333111,8.41066299359572,5.38334861823319,6.19395244779978,8.10891026188681,5.22272793717021,9.51702147111836,6.81898603216415,5.92965273732395,5.95230396396751,5.05724853481018,6.88050952680391,6.87421834732709,8.57829351581386,4.64515147226226,6.81359930857346,6.3375597625002,5.79912242489205,7.72417315311913,6.36345728794372,6.805882176289,4.98082908236595,5.24210949631801,7.7312191250668,6.72753881367975,6.34388757783678,7.37464659621314,6.89714543421988,6.84904455994196,4.27860442162275,4.63716924785128,7.66404099487317,6.17746392962513,5.88226968298942,8.6864744525629,5.53565246539609,4.65991304494248,5.03154293462847,4.63514940693848,8.30023997965412,7.33399327042047,6.30224267556483,5.37502293220776,5.84734837740846,6.28744495950147,10.1419585845265,5.41505031036641,9.07931638298599,3.22728279829476,4.5085370254461,5.87752280297606,6.32314883522343,6.19556615369934,6.62654926901679,5.37356801553333,4.95131796029479,5.6378336769701,3.23112108275114,4.66736844067633,7.52536633614235,7.20443416800732,5.58751915380699,8.28307924626654,4.2838285733343,8.53783887562961,5.58620895208582,5.01801822619119,3.6089097674562,5.01246554430165,8.48245987325839,5.58191051571399,3.38818558987927,9.71798468781262,7.92487192922078,8.05480880168438,7.55979408291763,4.86352239331844,5.92097776713678,7.29057124122897,4.90856299246673
5,7.92714152675058,7.29193136029063,5.81388912075577,6.09508143165712,8.84960783722889,5.28522829642044,4.8433931631649,7.4816999402621,6.10517790846081,5.14498259274793,5.34632125262066,5.31625635298828,6.91927235418736,6.70276173143988,4.8307786274648,7.17529315124549,6.1787515978052,6.8977058628379,4.64327363810322,5.25889280195317,6.47704391644113,7.0175960235958,5.89749599929784,8.89658157432132,5.94721081393136,8.246897802469,5.18776346434666,7.18342075397814,6.33174949957542,4.57127386701518,8.11936955567167,5.19576633456627,10.1622787739495,7.13756730959841,5.89699552118493,5.48515671184895,5.31708413466808,6.46036222428143,6.52402716985597,8.79889704602211,5.80996387078995,6.30580395210528,6.27654264916267,5.61401192426603,7.99328362013477,6.32097345979595,6.93902087889051,5.39722095526297,5.65445370431707,8.32722871105177,6.42535926710871,5.95937121190649,7.12640956892196,7.01109117884747,7.51435967678148,4.78522901636146,4.44909198584421,7.61970796749706,6.52562793300333,6.09287169481718,8.74728769005398,4.74839230949607,4.93698816577719,5.07533156017252,5.66145760109986,8.35753166626638,6.15524832088551,6.54127162375912,5.72209164696632,5.64925949153891,6.21750655162993,8.57341589764885,5.80733920577837,8.76379291044956,3.89857785409285,4.63814701509134,5.97747816702605,6.12595129879753,5.21695955520296,7.02299094186347,6.46144319282356,5.59164168699141,5.41117794867534,5.87888363745971,3.88388896839349,7.59771123044777,7.06680574670642,5.23775650351931,8.39964329646249,4.58823273803074,7.99860802881624,3.2294331247566,6.07599406906515,10.5178290789225,4.80354118518829,8.6330238690719,5.21845819949432,3.61944529235654,9.21935055332237,7.55278909922548,7.38721129741198,7.57069480577388,4.47451535860337,5.38527019264172,7.07622130556766,5.21479508596915
0,8.72544902509859,7.05990242457885,5.27757468224231,6.15821212624596,8.57985641606159,4.66297403173412,4.89815157903592,7.76818644720793,5.70941562318291,6.02450849859772,4.76403020854445,5.18583954718414,7.23359255611285,6.08154390571522,4.58991569975754,6.49670873083878,5.61304261919757,6.64730700213678,4.41335778532089,5.69570232059552,7.58448858980478,7.00401791047011,6.2275389151448,9.65895858288793,5.48716939056007,7.24925562118088,7.35503710472789,9.34155908588172,6.08592162465051,3.72602111034984,5.78185624843904,5.60405287713195,8.96993723980591,6.55938095476272,5.39513798780279,5.80172364223485,5.64834252150709,7.56373452693559,6.19502427743744,9.60272674326117,2.96414050020978,5.85151627846875,6.18562162749251,5.74483483338454,8.0793795385967,6.16706764943107,6.96706578540364,6.65969527961215,4.2167484270008,6.58554708061166,6.81560215138553,6.520342223267,6.70698404917438,6.28046261431925,6.17681191445635,5.5250421087447,4.41265332365912,7.37548156096347,6.18809413718346,5.40538681071292,8.80358400325221,5.4034879297249,4.97164598976844,4.61759985074364,5.24684004412009,7.36235404563607,5.93620030879143,6.06524238386204,5.12070056212241,5.7706819186029,6.52902471783419,9.09861603957306,5.52588679900185,8.04382690701076,2.85089248015534,4.82955035964442,5.76136573653217,5.87360672259567,6.14636449939355,6.95389496657304,6.34862202301373,6.92553566800586,5.28937751101936,3.92743887943682,4.53476906145494,8.07056272361947,7.39834137803699,6.70862631654708,7.18144671692713,5.12678075338344,7.96423757207428,5.36509957469249,6.48462702109578,5.43156436875283,5.55865204528964,7.2894502320555,4.32954029784395,2.09808236214145,9.96724644972159,7.78024385066975,7.32955710361814,7.82493423204223,4.39920307085213,5.34221645982392,7.28597990835614,4.76224016577848
8,7.84711127842244,7.19683025595465,5.53607554989505,6.41452987743487,9.08349273410657,5.47093847222938,5.4135934593203,7.86422412894851,5.9149368609621,6.11284343117458,5.83774331883742,3.88460501614192,6.09267486890781,6.38193262920388,5.45353432461168,7.59467074276044,5.83624174650762,6.70188998885951,4.86236507162828,5.54654025957232,6.55504715025528,6.28284639986641,6.14286054360708,8.34421283686059,6.16786142255616,8.23469173757004,7.06960283303159,7.67460907258935,6.16728647514764,2.42133554194625,8.65370838225805,5.75466541860787,9.14423740683126,6.22780877500659,5.70222610035013,6.06706153828037,5.67396243886217,7.91819879044608,6.63888796007367,8.3857020200609,6.52369485658337,6.68420178105881,6.50727964975887,5.5709001083091,7.78543832436127,5.59000713817706,7.25590023425188,4.17280397158854,5.48777633704566,8.17150562324901,6.38614422898301,6.84668595302869,6.94927557568191,7.53343186517202,6.50643505329208,4.35812215872575,5.0162096436815,7.73179102549925,6.11755758060551,6.09697079353688,9.04740813999242,4.89270257237805,4.18859223211066,6.34027545539776,5.18388100663836,7.44847507146795,4.51056881181922,5.9137335128519,5.63187354622026,5.69341821517686,5.58832898733546,9.85109269288651,6.50487336072197,8.60082704040776,3.96225114071834,5.20665073384119,6.18443053378818,6.66277960177976,5.87913049339666,6.84466534606261,4.97314830852565,5.14299428946202,5.41076013360142,5.1360719341746,3.86848506611327,7.49949355509096,7.0567484708999,4.81354258604004,8.2414031013895,4.26161016294264,8.50114259283733,5.8109669207783,4.82082441465976,-0.0681816906703467,4.9431885219102,8.64795931794991,5.76201312521747,4.8735789831795,9.12469463212962,8.01605758798571,7.09223967040804,7.59226524329714,5.28184174743132,5.07271209041582,7.47137527326957,5.02381193884365
3,8.77108335526323,7.47881963628062,5.68626453893722,5.91520263166463,8.73536488590877,4.89139230320827,5.28721840223261,7.69883139166737,5.71847775077416,5.24572810089916,5.15220933364983,5.60586561243598,5.50486404374505,6.10713870306313,4.41391911610939,8.34476587087237,5.91683998289101,6.76377473604119,2.84981943921354,5.31115438772416,7.63233327632642,6.33941113670108,5.83450673822707,9.2499319661432,5.63334958241372,7.77349938185246,7.03888306828395,9.18790586990407,6.17405995685411,2.89410168683436,7.53029231696595,6.04388375419327,9.34236815361741,6.16176703207572,5.82020402099284,5.43703468539944,5.39023517492112,7.73065390485088,6.43122604156401,9.26925257054703,4.59089719200701,6.33398644739062,6.31506415517783,5.38322642340925,7.60965582730007,6.0699893558742,7.16050648696847,4.0648706895741,4.70410077906174,7.41837217525215,7.02105496101876,5.30102562342248,7.00222013396634,5.85279134538539,6.49567384490744,4.40296684095028,5.06677999981657,7.32700573454043,6.154444037619,6.03546064209879,8.53799806398455,5.5571875386844,5.37386990128172,5.77437848276113,5.36732180745406,8.08759199593393,5.31799170978842,5.4683860396849,5.46285516420076,5.87814870175629,6.55002226984023,9.47812443080847,7.02692563466226,8.6437498251869,4.81489715907473,5.03369879675783,5.96223213120495,6.27177263162616,7.3357576192917,7.15816862778817,6.94608275545902,4.60174395409725,5.26429705738328,4.97809027682741,3.86114094816219,6.8660919501096,6.78395007066429,5.25860577852552,8.22149677361494,3.93761194862134,7.53274368865937,5.85828673242566,6.38593769616506,1.18958751554477,5.44251121845222,8.06663110077815,4.7626151306859,3.0265877903182,9.47857572312654,7.8518498024176,7.4831866631406,7.32637163137928,4.50429002051712,5.20973195676143,7.14330194274864,4.83124066235069
2,8.01247043679324,7.35810710446436,5.17723502797423,6.55429619503458,9.00684318934929,5.0661627013928,4.60774617146654,7.27801677643104,6.46857798483306,5.6968735889557,5.01131230513844,5.71604601509653,7.80143108153298,5.83725646625754,4.37766406428221,7.13850080704312,5.64499030979374,6.80221443354009,4.33151421598768,5.68952771957133,6.61499428807565,5.74437416107646,5.8156962436111,9.51743444384195,5.65724490044982,7.76651468822375,6.71934400531433,7.7004369725659,5.86954505260181,2.70131739193074,7.46153761352875,6.0029273268826,9.11810092894209,5.79406754021363,7.50461167141406,5.10561373489623,5.36618885776835,7.08073404432269,6.712072507731,8.49022005647918,4.66962372767472,6.43320730827268,6.47327700067636,5.77912133720781,7.86525113643184,6.14230852402073,5.92684969150407,5.25776200638022,4.98301293253066,7.48584855834884,6.94975931613971,6.94499494356244,6.53471976734196,7.94534064084482,6.17981429117218,4.5060522176627,4.33488222163001,8.01233802197328,6.258641031256,5.88594547095287,8.55460611137725,5.65369922088264,5.08669280460238,5.43621694125886,5.61332168105028,7.61937796131932,7.1448631299996,6.01860532683224,4.99694268676205,5.78701905303721,6.05068425622154,8.84761963918556,6.40093795634959,8.51073486867976,2.90680338305993,5.06124244751287,6.31833223976101,6.30898678241214,5.24499260811939,6.65927727750563,4.53997107214443,5.52759488038141,5.87304053861112,4.86298563873244,4.20157099047478,7.16957143147162,7.21666818315987,5.77541916089906,8.32527664835198,4.41191880476097,7.84845658112032,3.45581464044486,5.25128362725259,5.80683057927002,5.51061416266231,8.03128401284641,4.6532209875898,3.11336735627315,9.31794880213867,7.82361710649714,8.18517237488927,7.58720532037731,5.18912618052419,4.5997744324134,6.92993681656978,4.25557858705996
3,8.12723223321601,6.74951149435331,6.16360143301968,6.22089182916102,9.1080243713213,5.85998037536796,5.10841255453966,7.41538672840392,6.42720125450493,5.92006415937144,5.73209449611055,4.57262247931706,7.8191515247228,6.29156482079349,4.44924160614037,7.20196322323927,5.78660253574119,6.99299136259082,4.34649072470185,5.21990042082682,6.89655333126902,6.33616534630524,6.01342269452766,9.16103453735521,6.36394302089611,7.53391662479472,5.74942463759787,7.96355370398483,6.27475767279742,3.55489164458064,8.40214063356711,5.49590430439061,9.78703918339578,7.21189251385507,6.90231731642207,7.17698203935304,4.91211135868995,7.42583368552108,6.38892940667744,8.68709323711055,5.54790038984568,6.58156258849137,6.24373856856005,5.56765793859066,8.10544774776193,5.76212735224647,7.09525765632264,5.22608912479084,5.27547739232869,7.80524850194701,6.39638180702685,6.55541421801349,7.00210454054778,7.22388379474934,7.29978978134347,4.422491427202,5.4365519523391,7.95784588786149,5.79261992171048,6.03261614880065,8.90033828733785,5.66323525268377,4.70200960695654,5.27003809070144,5.31640944286933,8.11315111471785,5.10912385184072,6.40373743679362,5.77737765643766,5.40335370013483,6.1768008480829,9.39607761057254,6.4406725266211,8.60279299976498,4.00948486042512,4.91985175471902,5.88885649004014,6.76945002782575,6.6828013424774,6.43011995822999,5.48195986290141,4.93507225056747,5.79474202319184,4.74304028507361,4.50361889160943,7.91894108670764,6.98401999398323,5.80548504624635,8.43675062733296,4.56960947441966,8.18867811220993,6.02205391039988,5.24642308908173,5.01901316987148,4.88519076635191,8.19685845284625,4.98250247726468,4.89226850719467,9.65280861137831,8.00720879006286,7.49456095227935,7.44390840439036,5.09595077617732,5.08638628665935,6.7733433644252,3.05857299615793
1,8.81570893568603,7.57245784802333,5.24383886492761,6.2289617444197,8.74671837399086,5.79293203389377,4.9702989871071,8.15162573816234,5.52272443232502,6.15682051560696,4.94106643597137,6.2137887618467,6.64153780155445,6.12770448654223,4.87785149555698,6.13521437993918,5.6371292976083,7.40672668782606,3.99045241655621,5.24750147998029,8.08020762235351,4.52545963245997,5.74123503332541,9.3825991018033,5.4333425115895,8.14250789471654,6.52031511036602,8.81742414909077,6.09885095450352,2.49104451558983,8.2319707510428,5.93769065032368,8.92270644458525,6.46794568885276,5.56170003527241,5.38804284187125,5.33330512870625,6.86828748975794,6.89427083587004,9.25138718954787,4.55695682190481,6.69690161677106,6.3674009932855,5.95142737093448,8.13830319227312,6.74424260175387,6.99343562943198,3.9677118019552,4.99441309763856,7.68354414853394,7.19689282646807,6.27692129717888,6.63353070665025,6.73525637705263,6.23966062178622,5.04959031393781,3.45703217864902,7.60406038473003,6.37448540144727,5.71764759546692,8.74071805022482,5.35146661931504,4.54939561038714,5.80153948006402,5.27301809066676,7.72741582665367,5.73888280125952,6.53243876216737,5.27815705454666,6.06249675533761,6.10042670042222,9.84586206108149,6.46816929004405,8.92632397993498,3.52233092280457,5.46119409639303,5.73113805353975,6.02434797870205,6.03289147116796,6.6034531868774,5.21561945607875,5.34894942977624,5.22311049676659,5.1538279148941,4.64848101589086,7.31686634846898,7.26110682659843,5.58443657532256,8.03607591684886,5.12923342620653,7.87551348617479,4.94731975747574,5.38247536230321,5.58950086604816,5.83395620943148,8.3373187444261,4.49135213878476,2.12681327684426,9.27372206963788,7.69387166439655,7.50492571351728,7.8834833075226,4.71796818236481,5.06910565509173,7.42628312130732,4.94916984758992
5,7.96850086468777,7.44775036246388,6.11075886306316,6.03060148093441,8.83647763478167,6.10306425509363,5.10780257460129,7.01987896417407,6.20143284191495,6.04819452526871,5.53000930713799,4.84847474498099,7.0058720945887,6.52538515255628,5.18459156836265,6.80041421566654,6.42253582653466,6.67428565594731,4.47457680559794,5.60537704649999,6.21726777423021,6.73037820111207,5.45447820059006,8.6273694231849,6.36695298676132,7.79884738978216,6.83374378067437,7.59467281030735,6.02528115914819,3.59504116932901,8.42983954190212,6.20761798406565,9.55079118819609,6.89933412129094,6.278612017486,5.84797084207835,5.68017699888027,6.73282383683531,6.75491040302322,8.44716550074036,5.316374930468,6.71418590127181,6.2537989750046,5.69145417634503,7.59947387823359,6.07160284870678,7.49976156086559,3.99261376593412,5.61470365925681,8.59390183820047,6.52820983294645,6.08906871634578,6.83274126767481,6.14814229236617,5.60576203836872,5.23224668321489,4.95233651809415,8.1102819637026,6.63912026592005,5.60247962493172,8.42431337949869,5.55616389558307,5.08726185714831,5.59065676289688,5.79253697443981,7.77838663568508,5.34881398090047,6.50781344774411,5.77461318749009,5.66556618301815,5.6511760844142,9.39791330866738,5.40552453923451,8.71519064786614,2.95374545443942,4.72082723342369,6.23990802689291,6.28965964388899,5.9006798288157,6.59901652792107,5.39238979262985,6.00649145516536,5.75738581669567,4.72480891689654,4.72388509901885,7.36500800532884,7.18080515094705,5.52109655105319,8.51034027675122,4.68324966109311,7.97555355910411,7.71779154804409,4.7662974825747,4.5820439680661,4.85170643285873,8.14203911786369,5.31308835454866,4.09770820775077,9.38540295756621,8.05056105142828,7.4389825844619,7.58718791628755,5.23516654221414,5.45565270072975,7.60445405683356,4.60480308874359
4,7.78478949369762,7.32071251672857,5.96071075479771,5.99300123722757,8.8001741645492,6.27848673398249,4.54419809322489,7.72808352356362,5.65246602806954,5.34644089763473,5.39732160066539,6.06661337356879,5.95590576532831,6.32944600132469,4.34718385236193,7.08001438406677,5.09283711301612,6.47859952758609,4.73999495330739,5.20688823186376,6.24315550817413,6.95251532810526,5.52870370721328,9.06519559571391,6.08224300034078,7.10699433226482,7.03147957241305,7.7940052700399,6.14737702765614,5.36402681501804,8.40152557282859,5.27189628807447,9.50311011818375,6.46126112678083,6.83423544868914,5.41817366550668,5.37665092680913,6.99346552986827,6.71766871599431,7.95800517058896,5.2989987377603,6.68145620900181,6.43844888180503,5.43591809519342,7.42094024069951,6.7258082957945,6.97866719840827,4.9158122760142,5.18135829150601,7.69243564030399,6.86751486623474,5.54046910943371,7.36971599488447,7.15179267537767,6.64034236308523,4.87719367183582,4.41093846673615,7.47913270471704,6.2922101680181,5.79390934037674,8.90905216244748,5.52153711913596,5.26785240473627,5.16204789239181,5.75835384123832,8.1727914753132,6.62814623688869,6.34643214383371,5.92628928782896,5.79621423211499,5.58845807339925,9.22232364995573,6.44120741524886,8.83950974514586,5.24076561808036,4.77066849158915,6.18019454497628,6.38826989424058,5.7069748091743,7.14666255258585,5.74273228938426,5.0794034699998,5.31066944248994,4.43155352713898,4.49148874551073,7.36814643891706,6.81891490814394,5.66419647338355,8.42113027177576,4.76045897899543,8.05638989080459,4.8195364259801,5.52871232262329,1.90082933789252,5.18495494300028,7.90096829977359,4.95422812576239,2.87054389645918,9.42914499960104,8.10429910012068,7.34373956133073,7.92054436093745,4.84432199648262,5.06807142958155,7.12549497655228,3.91726311899627
6,8.42607053655881,7.09193448825393,5.79213773147156,6.40916249093281,8.90989219411248,5.02869378307861,5.26834268647134,7.3058717616407,5.71627413856394,5.25592983531075,5.19142747577704,4.89123848891525,6.78094778868614,6.47474555555523,4.60818277093222,6.52164385837054,5.91220264936365,7.70735976359001,5.22122670350633,5.42899930772317,6.96992523938556,6.22215290723127,6.22550756350881,9.02912170587134,5.641704187284,7.59276335344714,6.69101696618286,8.78568063305589,6.08509954261981,4.5256844394808,7.0795702511717,5.35021971503314,9.42606296018699,6.81519737608788,5.80686677808562,5.93776973403005,5.88708274191916,8.24021228359583,6.02621083462964,9.05445475882477,5.02387363562118,6.12862641828944,6.36233072337741,5.49573476508315,7.61640929553063,6.57163222416471,7.10942153463987,5.16257866926492,5.01163217663342,7.80908015638241,6.81603602540331,7.47734742808597,7.20690183824867,6.61672715946389,6.07641332775038,4.92213810985606,4.32610954298928,7.52731928869538,6.25603380888696,5.97278245632621,8.64249877282822,5.15015544918578,5.17661365980493,5.21804043150709,5.42465808156263,7.81270033273161,5.96575977221361,6.58830996072542,5.5877954177057,5.66963279619905,6.52100983527154,9.29582776802943,5.54571148702206,8.35418733601128,3.51310324423102,4.43684842286428,6.16952852644206,6.81965051074671,5.40837821373725,7.19943023438176,5.23550508655863,4.00367075026686,5.07978152975136,4.61886529303661,4.95185698258863,6.93626241251642,7.03276793482556,5.31009382820028,8.25789106780275,4.35621801612105,7.14429216370459,6.22863952458329,6.01331829070935,2.94794046736696,5.16880360324563,8.45139881701972,4.81814581430137,2.65067942479423,9.29694001640291,8.06583724748596,7.712750012691,7.72386341155298,4.67650743210795,5.24554153787409,7.41314223237206,5.39048373426253
1,7.88039901793733,7.1671338348619,5.01575366403287,6.0512988015817,9.03908537158762,4.94906374233934,4.62849865610168,7.25311445011605,6.02467672097771,6.37237608384573,5.27109371878899,5.32279252054783,6.79077687937464,6.14852962297433,4.12442842409204,7.33442379715041,5.16951681124131,6.62904083071455,3.16886896830357,5.69045924206962,6.26109829652187,6.76521689375805,5.66506957418605,9.34808665969932,5.87710229021508,7.29102647372477,7.36948079574895,7.55715234336903,6.63464936090853,2.47434702354045,7.31223129173991,4.98655319579113,9.46053790122033,7.15202047387482,4.96918699989716,6.10910662956523,5.2458744221917,7.24011004953321,6.24079211723129,7.79284240357969,4.06951091391092,6.5640401251445,6.07672344665071,5.10532909519606,7.6296603800783,5.7991986519827,6.83613053439629,5.33753508293655,4.84176309192543,7.73232700094637,5.821857978095,6.29586952281835,6.75387905788601,6.21225936789622,6.12719151473296,4.27063329755871,4.79925907209365,7.42182377404612,6.40613728766182,5.52689756329638,8.46625157039339,5.51388241648904,5.63976164084332,5.34412428131969,5.76372035051099,8.11740251633529,7.03999359149037,6.04903254189896,5.10463709230315,5.33321905926536,6.18848927591021,10.1806594047235,6.71993603521577,8.6058247426072,4.56188422669406,4.77089680732503,5.98079077102518,6.50172816614965,5.80381190616731,7.14355729289353,5.58719979049907,5.70606146781404,5.38019141038853,3.26043347528801,4.6444109732014,7.26385713657425,7.36444990520589,6.19329915674077,8.30457038162145,4.10721401584908,7.60339772845184,6.61901959606094,5.54542908396601,4.73447229445925,5.19882210593062,7.80908802806381,4.65573629858116,3.30636056503971,9.72881357616436,8.01327306527179,7.93653958683394,7.63322817103132,4.78778838007806,5.10640597124213,7.23071619968735,3.8122992206126
4,8.11108415560559,7.71028758631396,5.67761884122687,6.16642540119357,9.43199531222567,5.16358076780377,4.60717255987734,6.71031079762238,5.84679247660703,7.6302109643504,5.86753344616847,4.36505754833565,7.81592205428121,6.62615294285776,4.51969740097405,6.7397958502381,5.37989609006799,7.37962976204889,4.05920648113417,5.66751625910581,6.70214068419858,6.07313514194472,6.25593420284372,9.02046226546788,5.94550847837995,7.76043486242888,6.16873052770309,7.83134477019819,5.65985182686721,4.28454597748353,7.39824500414963,5.95834975157944,8.72326207730093,6.82141034111399,6.17116224491321,5.72498825905476,5.78256640920082,7.18862293570176,6.45468472088654,8.9711940524088,5.27489392148846,6.4177161764509,6.20341467048309,5.89148651304847,7.76692198206983,5.68102336641828,6.85684181964583,5.3477028783966,5.14149556491147,7.73396148579111,6.65306740969577,6.29482927983065,6.99016665508511,6.39822947517536,6.58525315948215,5.23627551581812,5.50712421156935,7.63532882762262,5.92889164802947,5.8516362263827,8.41061243982641,5.19756088410669,5.06982154896476,5.70915502457366,5.65181923463913,7.97441015397338,7.33003471784332,6.29277850590222,5.38331223093179,5.75538151453588,5.42708397313244,8.29972763636166,5.56795428442758,8.46524890283535,3.22462360963126,5.68703814735541,6.07256637413174,6.6194036344426,6.05181046591719,6.87239078523732,5.2615759079112,5.28855421798913,5.66541841573699,4.88782534363077,4.67937585662171,8.05197656657791,6.82619282566322,5.49238129660171,8.04215243133405,4.96038030208954,7.9360856172808,4.42326490658083,4.47889209682693,4.41351408940624,4.81606787291327,7.72012786162236,5.25413238379255,5.4027685813409,9.43482607359191,8.14896465775569,7.12689292705234,7.67874769800653,5.36827898416321,4.73518300423925,6.90186218598955,4.46724191637011
4,8.10268360595182,7.3163597325447,6.18369092022127,6.25760065752432,8.86847192111704,5.20174505029035,4.66694766419442,6.43714098129734,5.62014001611576,6.19275928152325,5.61466304867683,5.6648039558949,6.06151529688622,6.71360037644869,4.85124184825235,7.04321336653525,5.32052591563506,7.03871136522413,4.95149324819662,5.75683309754603,6.71860366172714,5.08386177649333,6.80589827739931,9.05118813390768,6.28142580066947,7.35168462631732,6.23326757912407,8.53663738382724,7.09452156397776,4.01986889147438,7.15047883396539,5.3613535548416,10.3992055262806,6.80672449552427,6.20091967732479,5.6149510490498,5.5709718978696,7.64566273052329,7.15602268763409,8.76386503601266,4.32993675330869,6.23185510935781,6.24278854068063,4.83490518230475,7.63875543657335,6.05078092443145,7.48420677245401,5.25253726726024,4.72648058363956,6.8584694028929,6.85696184751556,6.21144647510789,6.99343197447134,6.92419915661528,7.51005267333734,4.36131004286606,5.15257046351028,7.90202658853201,6.16225518120737,5.91504393270984,8.80061185529837,5.26454065079519,4.35003349095494,5.66410702899629,5.28405558431914,8.0463877661863,5.88149521807253,6.73531519123857,5.75079285983086,5.70911685160373,6.06921492518574,8.65929439020577,4.61061135181443,8.33025042518232,6.56865108840906,4.74608962954331,6.58701163238214,6.05035546790605,5.05328913131102,6.86374488817112,5.27763268867696,5.94275569381287,5.2136236886177,4.81022013667778,4.53057829025164,7.68718518725467,6.99630999707591,5.5081384922315,7.71980434777291,4.35707273431392,7.82929756499825,5.46078117559502,4.5569098320891,4.27445272752446,4.76555259642551,7.71289799788388,5.11273820774615,3.58395432098927,9.59645896681498,7.9060836622891,7.46974768737473,7.4522111507732,5.06942278573996,6.1776581890162,7.51179394671374,4.55612447579115
3,8.62057858467131,7.42589171833572,5.57357684212513,6.49293606766866,9.20786877147845,6.09943952997114,5.16718220457732,6.81861886315134,6.27996120947754,6.84987652210237,5.62342804881267,4.03888008718882,7.35836449289556,6.03777915493755,4.72832483435055,7.1797430544374,5.86616707466484,7.29287687556793,4.19805221200009,5.374393225551,7.50377532662369,6.01855170715922,6.10527706591759,9.09534981619059,6.14259114879885,8.01415751236825,6.50833503322215,8.55789634974106,5.5453800026572,5.35062751399638,8.47339115464501,5.18078749384395,10.2754389431808,7.27086321418912,6.38499822372906,5.04436300059282,6.03175876527802,6.59206549884012,5.84772136852548,8.99376099968693,4.80957771537169,7.22833593908013,6.23866113386405,5.61063078395617,7.80705345608702,6.15766799289684,7.29040300837429,6.46099911172857,5.37812318530297,8.09780733959149,6.93781735346935,7.4323468663528,7.39894073880927,7.63904082026897,6.91927297475141,4.59673314520647,4.64413800195118,7.78610594144946,6.07038962461019,5.65068651230194,8.78618984205131,5.67278664940857,4.93900061346131,5.56128707360354,5.70058969990597,8.0821185157956,6.12097123970096,6.53069175316601,5.49132722944475,5.61906039707052,5.98835544299758,10.1267091130287,4.83200625923299,9.45306535221244,5.08589916677042,4.57097297641104,6.56271760018699,7.23890569383954,6.098612359669,7.04488693733406,5.18201595364353,6.4090552929257,5.68537695639012,3.64871960323081,4.5542587850181,6.61301503647896,7.68175101615254,5.47287465377559,8.73313338283281,4.77492572421824,8.46787077991213,5.07359769579036,6.7516563513648,7.23010229865073,5.32573978886146,8.46940604556216,4.82010676709471,4.23878337948481,9.36155081930536,7.89385857207476,8.37209910311535,7.20528524593579,4.37794883850735,4.93374499351088,6.73942795337342,4.77740222756107
0,9.35439134083166,7.29190974424659,6.84913949066928,6.4036756115675,9.34816340640263,5.99578921011266,5.41576491682156,7.01257610168408,6.5200766911605,6.3953054422118,5.99639006478754,4.54548874655585,5.15037010091634,5.78695824494438,5.35470317957605,6.84034185207854,6.1101713622365,6.84653527896796,4.76403172194023,5.76618338789232,8.6282128319587,6.17624080555144,6.23861405446126,8.56905538383375,6.47408809465755,7.18377822961009,7.23796669528309,9.46759410627653,6.11641059565847,3.83753013009535,7.60987342021001,5.65076965283398,9.90953496272951,6.64314757680565,6.47142682831957,5.45318185821145,5.54292792766852,6.94709769872047,6.35934541609684,10.2154829548444,4.28009807974253,7.1039201786111,6.15730791098121,5.57439238439191,6.41021051015854,5.97671093812404,6.90221292660816,5.44652593942627,5.06753976244865,7.8999134552892,6.48230985370092,7.00862122053085,7.17958554304595,7.31882624016065,6.48840627047876,5.1288884413883,5.31653405580547,7.96629298627386,5.71059713638236,5.87568538675365,8.5729283921808,5.38935033942762,4.07630384875249,5.30993708956008,5.15263263144167,8.57154645101425,7.2702560785203,6.32708052076963,6.32491853748409,5.75261681869198,5.4126450631936,9.04651380814754,5.1581526192804,9.19483832813708,3.62645459609852,4.6863372395633,6.1508543123706,6.34008160087396,5.64090911675011,7.13855253691907,5.42025053775889,3.7919002158769,6.34727329765929,2.84003504845445,4.7722466210521,7.47546751508387,6.66975941793813,5.50497638515563,8.76383820096641,4.68867070697756,7.85598502776148,4.66809215642792,5.96443443853761,2.11310953328596,5.54520321731911,8.72833125633713,5.58921106957462,5.8582315498564,9.34631731872341,7.88696786700383,8.04710105140386,7.62020862515892,4.85649770882043,5.60606925218304,6.83300317666895,3.63100274989933
8,8.99296062257906,7.15676208836332,5.62054398991603,6.20329886946691,9.04986678204144,6.05038084864377,4.44219041425138,7.53633565771793,5.91200011266387,6.14768803643816,5.00890499335065,6.0831595885486,6.947007030941,6.35342388514593,5.3346672498029,7.54230420539666,5.60352587089439,6.39138242906441,4.57875333484267,5.68029601746264,7.84359597288004,6.60682205756116,6.66304310961287,8.46907551600195,6.0497487193169,8.82179505117089,7.482158660177,9.11223672095114,5.99451112969592,4.27577589823856,8.82775837676201,5.99225338893637,8.46426714481242,7.05627375649715,6.53902736839554,6.36997025241583,6.01083803452106,7.18371742676462,5.93698766927032,9.66988611831706,6.28675913828906,6.72492650791977,6.14045295008706,5.73161672678199,8.58904394958791,6.42695814855071,7.24173806323742,6.33982822338139,5.80220145606548,8.40977257098629,6.23807816412732,5.97056582388125,7.15431032158611,6.89127451084358,6.14792809965791,4.91017123936427,4.13220309618915,7.44148645726393,6.00839978561477,6.2291169469124,8.59165474418172,4.95288667142496,4.61697329357884,5.27733913555702,5.94423951726252,7.44236365482277,4.47959828892203,6.19606567133171,5.3432784446902,5.42687673894448,6.56639245450549,9.31922186507939,7.06796536418426,8.7067938011894,3.96666984155633,5.25277461121705,6.30507618116634,6.2850889252822,6.18295029556485,6.74504766531308,5.31050209383055,6.83659704905743,5.43025881328746,5.58407606713235,4.658816374709,7.58154443882877,7.20110427714807,4.90737431929587,8.85181042337329,4.51714271915133,7.77978358526533,5.58015696245585,4.92541574703396,7.60063334521683,4.65215550667177,8.64157253233637,5.34270521352416,3.64714698381615,9.27587091330807,7.69463986016633,7.83413006830209,7.54416974132953,4.85526584751093,4.31941138966329,7.61275837089324,4.52395161117608
7,8.29207536289079,7.38888610408334,5.95183251541994,6.11729598452464,8.76995804416351,5.97422941493182,5.14662053293641,6.7926365223429,5.6543938203285,6.66423266765594,5.68414723468291,3.92052347957634,5.74840054754343,5.96510906387217,4.25096493119176,6.81899490550362,5.79353673028919,6.53575906065615,4.13518013954523,5.62359844295366,6.68976803032673,5.83766390889604,6.07207692504606,9.04845407031103,6.1228423726763,7.73197013530075,6.46214039250261,8.43804400321469,5.47995018907826,3.5347789793198,8.1265482353866,5.24279669602167,9.41264702630311,7.01698467862237,5.38140842749585,5.78566777683771,5.88231621039064,6.61536182217513,6.70797619913697,8.71318493653655,5.98178700384074,6.63476254920432,6.1100546247221,5.90617856271936,8.15006364329108,5.80276900946011,6.75144609557667,4.78851578397403,5.36280184901823,8.11832385953167,6.82957676196133,5.50274456156997,7.02916653932345,5.84465449412844,6.37369298538669,4.68079546440197,5.10735128787436,7.30972644825305,6.20446256396963,5.84682032869321,8.5859711414985,4.75901021496931,5.1142480071969,5.50475971980705,5.6960500912779,7.46222911949966,5.54913029517859,6.30820096370724,5.69090075010296,5.91884017369857,6.00109011082807,8.9842516127088,5.18599676474976,9.0394999357616,3.0190725234203,5.1366163014427,6.47909292999903,6.4324003515447,5.80599357813392,7.02267309708002,5.02695797506098,5.9223118474197,5.60887453974971,4.65317356869529,4.61846316224442,7.23198692503251,7.46119965690394,5.46892677197458,8.35267812357964,4.76080395177329,8.18511482228475,4.001908859789,5.76665298518529,7.61647010667538,5.35515785643496,8.2402842489835,4.99823190326675,4.37291711285799,9.09480776847372,7.84643576017906,7.60151531614744,7.65873921274693,4.96704373044947,4.64369270329426,7.35284428666511,4.99852851895388
7,7.75798803665673,7.66633518431618,5.52696559300927,6.35495898753576,8.96159085746196,5.68949962605057,4.16663171180807,7.83241997502369,5.73387189933374,5.93299834676444,5.27986347911005,4.41180086715911,5.26413285153808,6.33740404995596,4.26821970992219,6.9088215196799,5.68466063832366,7.03185732176598,4.1448267979309,4.6907241668812,5.8475258927141,6.13861126349762,5.89662245067959,9.48410128133016,5.94645974729784,8.8383145355239,7.98164556694604,7.67593673874337,7.07408848888843,3.14193976382516,8.1686246648981,5.57357165843225,9.07953859895444,6.56009448945124,6.62935061665209,5.587411840578,6.26861358972187,6.6756399779005,6.51835736798212,8.58053949932287,6.48347915641173,6.3538971766416,6.54356777397458,5.59951335733936,8.6537961295075,6.33584705563846,7.31057456238438,6.85294172640633,5.24750990126758,7.50669455075777,7.02598862967293,6.73135094480051,6.8746243068181,6.80912008234913,6.33414852594364,5.16571244022706,4.9203449178263,7.0267169181231,6.35463583669317,6.198006485038,8.3333894830959,5.25872349431007,5.0575753330281,5.73142307434205,6.08897436285735,7.90562123931472,4.62722759431135,5.61736828161409,5.34249344796672,5.71803736015674,5.69129412639142,9.66724012913135,6.73155054928794,8.18239584211898,4.6072201396481,4.7111988642696,5.86798949088812,6.56653637328811,5.26831944472761,6.70967555441533,6.06052304414798,5.86615764950886,5.50183768802459,4.37768335029654,4.56989431466823,6.45306303971969,7.41616666521717,4.90734929203903,8.06367380332566,4.71580684016685,7.79131852403959,6.35239107530915,5.05259586582795,4.64082781659008,4.56820789120853,8.80034551982423,4.4872901687622,3.15274534716303,9.2829561844857,7.52841915338523,6.68577836146812,7.46367950909433,4.68449829294267,5.33144074346727,7.44152475410962,5.13475469564852
9,7.98779050442228,6.75700307055938,5.95916974698641,5.87244532238789,8.73796330748833,6.18298285119868,3.68101357958747,7.82353315183225,5.82362395338622,4.99791130592757,5.65218405292858,5.57419974389525,6.46157988320317,6.62864773821128,5.09263182308105,7.22785263531535,6.01965574537463,6.35668492798089,3.55514414864778,5.2609792522059,6.24912032188048,6.40723152523266,6.24794964863392,9.22786175642555,5.68311434212394,8.6228423112316,7.33155003441723,8.23733066236769,6.11291527490267,4.13030849210058,9.36527699986146,5.69562648530416,8.75678325946617,7.15493411511207,6.57282785971138,6.0359107684786,5.19791921945498,6.39641940478301,6.4897237443778,8.65444008762903,6.97620268415232,7.18982210724053,6.07192089334521,4.88929403153649,8.16923587918413,6.45765153569639,7.13263943710091,4.99143950480254,5.90751608111455,8.03881299320192,6.83636898654569,5.19810240826405,7.1394259478705,6.32913253131419,7.01513724322448,3.93576132096983,4.29366384291427,7.90481158382959,6.4710775621208,6.36186924046629,8.18761287712752,4.75460533313283,4.70542932126575,4.91818312611346,6.25312752259877,8.7414257824771,6.23176688407188,6.85334533362761,5.63202594354095,5.70696214235981,6.27789913955055,8.93256035248097,6.94504938276416,9.17701832301684,5.78190463259249,4.40253073653156,6.40769931792725,6.01263167458089,5.77472729240805,6.84872758931786,5.58186050145542,6.74460761588285,5.6006938889255,3.57841199201976,4.55924488551588,6.56984565409781,7.6604472916799,4.64675856059542,8.79885857308621,4.14361665735864,8.56134483951478,5.33730683473057,4.69806678500175,4.70267609828521,4.28319229384477,8.71127646311624,5.04516243035452,3.82013447531678,8.96407833496385,7.85258101354331,7.39508166114211,7.39051140307797,5.09101637828746,5.64578635948244,7.25592673660386,5.28139838523156
4,8.46552712044269,7.51576283946371,6.24011968408389,6.12976656522618,9.16145795968663,5.29951738844916,4.58270541610042,7.35507778919238,5.58591862669157,4.36113557847425,5.00047456533241,3.72668378279299,7.2162402598515,7.48502124202272,4.33801808052822,7.32159997148471,6.36592428851217,6.40702759339179,4.25624239880514,5.39528604326169,7.70113502733953,7.54152694456433,5.73895870710153,9.14636272985222,5.73860366164777,7.26720646231225,6.82204358738257,8.35980476344506,6.14118665888921,3.32471003322023,6.53308690901256,5.89838140826364,10.1221451813858,6.66073802988968,5.75558511401854,5.7167960970054,5.98541217478143,7.16833961745068,6.53613247388072,8.6514632575573,4.42815295690822,6.01432067449509,6.47028036197102,5.17577992417096,7.33509671657009,6.07992367719825,7.92537176406681,1.96645424201709,4.15779717390981,6.633299184847,6.75413806949367,5.63825282829648,6.98675231655641,6.80575110829719,6.91684417256736,4.83646232515155,4.13815526864196,8.4413834755385,6.20595050844038,5.52852383345852,8.76123495331914,4.45073450441202,4.62331180272067,5.75257318455025,4.61817472282642,8.49865530680747,5.76599905066978,5.99478837477987,5.83284889257535,5.20946135445645,6.56257072488913,8.58111469120753,6.47845150825553,7.7044668878373,5.05720016662007,4.27880332468504,6.17172537760351,6.61563288166458,6.19831621135208,7.08626192690787,5.38304730885724,2.12318278774215,5.19702074314463,4.85316139220756,4.31290943179948,7.58909472578276,6.09666819708639,5.83954109457634,7.563237445599,4.19988519660578,8.06657206006168,7.18886327654858,5.52918737791205,3.3738784611142,3.86420369675281,8.38734690114417,4.8400630034776,3.14030734504766,9.54124527264748,7.46084573126203,7.40116067093239,7.33325067311533,4.73432932319958,4.72715720784189,6.66155894971667,4.48826087108513
2,7.84988931286067,8.09045797781329,6.12380631808026,6.18031584014579,9.20950699243412,5.37715685165753,5.25844413856267,7.51526710097217,5.28598340592622,6.24509501009224,5.50489016454593,5.67444279206368,6.57436753607268,6.84598451083074,5.20081484109389,7.5238743081502,5.34140422503198,7.15965236892808,4.46463226728529,5.20177488656225,6.02838768801404,6.53724971647785,5.93334290316405,9.02256776176055,5.99907681921637,7.24108273460048,6.98871945407768,7.6994927342182,6.59793117873931,4.70638294818759,6.76565533498383,5.34423435965208,9.29101717594996,6.97296945584128,5.99980669000574,6.10253140489368,5.79842871941698,7.06828619848028,6.74139181180031,8.48205939762535,4.32367747289966,6.08957956022639,6.32590319801859,5.4501827191858,7.84258378464458,6.08940099887213,6.5068233998198,5.46193428349765,4.91743471635256,7.28903910461634,6.5845657959023,6.76403589808325,7.17009993276983,6.91744731284271,6.20983451927688,4.67769181621823,4.2495664719695,6.65021028192532,6.00696974374984,5.6923644066502,8.70910296982121,5.71024640082217,4.46334372604731,5.35494160769849,5.90950002562984,7.8905032863485,6.63713129344915,6.28131422914727,5.81298915465317,5.70680831406184,5.92351327367988,9.06246295537508,6.67130586586043,8.41911916112672,4.25166886563611,4.90591553141688,6.16722961041919,6.46461911779901,6.19410367810604,7.04017024336843,5.74876846288112,5.65417207569868,5.33724088458024,4.58410174617309,4.72255587935892,6.57644730884446,6.77581451449357,5.74699577498623,7.85020749458874,4.12827359843381,7.91775813182109,5.19028568038579,5.65257279942567,1.30027387645898,4.72638553867862,8.16276502429182,5.29778928683506,4.1191217389951,9.51386190734241,7.62106715041262,7.63508578163432,7.34044867057737,4.70492971852307,5.4983993869245,6.96309987454424,5.79896845880735
4,8.81136798020574,7.9315292607585,5.74469527221331,6.26519974671722,8.80598645253659,5.40589334690018,4.72622551231412,7.33152346545251,6.06188517550373,6.16324707728426,5.43857301267594,5.4512668173432,5.03629706433966,6.32395320121319,4.61579378665211,7.26739463734112,5.37740922049101,7.35982886426667,4.09837403241621,5.8668484505696,7.88585629246267,6.78303658648828,5.84750637782956,9.82046845288641,5.91244509511077,8.30086143330638,6.99239723744378,8.48620712817102,5.67406512232817,4.95795080022864,7.32213494622934,6.46481011962202,9.36161247531469,6.52346137277834,6.25490098836305,5.41961429245425,5.50753305715115,7.1785731333997,6.26687248829296,9.56565570554421,5.10467562899051,5.81621148440906,6.03941542056891,5.68366224149969,7.69886453265956,5.97819472343168,7.53987338748731,5.12218926544351,5.11522400686506,7.46521653660898,6.66842304993111,6.85257465641251,7.26056340334498,6.6537662486971,5.98587231859389,5.20849441594328,4.66496695226651,7.29068474678998,6.30467595338566,6.12017295219284,8.39286049917905,5.37415261539244,5.05344584841064,5.18906135179247,5.79421460477701,7.56476310984517,6.3358973995818,6.62504462957325,5.47617512966769,5.71650992679829,5.66465256764663,9.92935820992753,6.79314026261827,7.94824492910503,4.24870993317738,5.15517688832634,6.21083148714511,6.73943779489112,5.88762510188827,6.6827790644914,5.87285837544545,5.50485295453308,5.65289834697312,4.56859330963685,4.48136807286424,7.34244331638659,6.82072772357209,5.44180812411116,7.87654548437295,4.75205566785986,8.62275106609714,5.74355834847641,4.83484013426205,4.55132498010556,5.10021925659096,8.10809368250456,4.40763954822827,2.92835698859254,9.59019030881102,7.53093099628049,7.15809676896368,7.52251053204064,5.10865688930074,5.11851241893228,7.20876378125776,3.98071943774335
5,8.26030185712223,6.94851597251332,5.76137486785143,6.42191235497798,9.00191728285102,6.34239653462156,4.7306743162052,7.39852466243435,5.78369499278758,5.81220131609111,5.35906072152709,5.51007208468147,7.26573951423543,6.18891802728445,4.56077192511929,6.49357026298198,5.49473027686798,7.03416316363048,4.23530291321169,4.96736367295459,6.82256346077022,6.17885908746772,5.71923338911033,9.22892852920498,5.98852153611861,8.20412335431356,6.52993751509012,8.30038822752712,6.67469489930061,1.32293493526309,8.62457397725931,5.64138850982525,9.09718680750541,5.93343979140538,6.03535517337129,5.47879899020617,5.66766639274695,6.80811074902352,6.29226943747486,8.58287000040304,6.19036933140589,6.55819271743342,6.3849066721369,5.5180995636352,8.58644460276337,5.69059979472421,6.82581306800729,4.49461065730629,5.80990188701989,8.38884378109233,6.62396536457758,7.61540652586304,6.76391791826335,6.38748985798244,5.71515645145202,5.00623126549309,4.87184017882859,7.1430121326886,6.27981253273627,5.62459369540819,8.57186616404109,4.90299098557981,4.88371808722329,5.41246734406983,6.06524992247579,7.18509632311129,5.09346956960746,6.41423111719989,5.40160394731593,4.90212271090474,5.64475959738215,8.94765963333217,5.08537866479511,8.84305453602332,3.74327374794144,4.90199842708054,6.15503398364676,5.92140293501058,5.70336464754566,6.65555931825901,5.92602643969151,6.21121523079036,5.19888142244208,3.63406420381139,4.55990499040263,7.2750291946431,7.40422409534677,5.65234746448498,8.7582776645729,4.76852982007267,7.74208239517909,6.76932650471293,5.58276444671472,1.40965344789773,5.13777474861307,8.15899783147068,5.00563431854226,3.61711040819852,9.37621035309845,8.18258320069821,7.15759366876374,7.71170525336986,4.82100500442542,5.1450350007745,7.38446501252049,4.68162468246311
9,8.78876166599391,7.04004341518945,5.898135425237,6.01571534264443,9.44680009193776,5.4086304851278,4.8828002608708,7.27708553110271,6.27538694174402,6.21527268900896,5.52597549036326,4.95208278309305,5.94778073934201,6.2412613624377,4.96919920421527,7.00178127027119,5.63734712774637,6.49415643896304,3.44612838306557,5.71413587338995,7.42869979424661,6.47025225290212,6.20769634617369,8.80815015960596,5.77868669587618,8.3810386547061,7.24608567098681,9.0864962729941,5.56187177529573,2.10469605511149,7.61392902389155,5.43056895983253,9.84642776395407,6.41203326482613,6.40717828006365,5.3347857068038,5.34895856511662,6.85288033410594,6.60176925638342,8.95069473159065,6.60826857230459,6.43546132574746,6.24712190530636,5.67346250718659,8.06671712055543,6.04031915373846,7.31547220759149,6.64573898765738,5.39843395293431,7.37751164632966,6.69669021314403,5.83291625789529,6.67678073934608,5.77210389547432,6.43723942077142,5.14931735197595,5.09016350084934,7.5830167959929,5.70345317615578,6.34025176096613,8.57679860418581,5.37362425548137,4.76572575381313,4.9407950108283,5.17461145564597,7.67142384160858,6.40691711048552,5.88318157570421,5.75575866531667,5.8802391950143,6.05750997350029,7.85440839810983,7.02407126900419,8.22136577405666,4.04960243567299,4.72519739559174,5.89132827201404,6.33046280434117,5.85302636471409,6.56768634007866,4.72143047817093,5.50674089274383,5.62442366017165,4.8530630129775,4.12488748101905,6.41067248915956,7.39642934475917,4.88910601832751,8.61599252910305,4.59047362901808,7.99337472739335,5.9429725212138,5.0321748829324,-0.662551877934249,5.10960151368105,8.5656995811602,5.6125691452699,4.75353769882584,9.03513367514139,7.57172631987271,7.58662934552166,7.73688971608608,5.0003863774427,5.17783063272728,7.3637047717911,4.31485615797577
0,8.41987717403831,6.99585979457958,5.4380945456083,6.3226260677733,9.03407762768502,5.80190710839751,4.68639220952557,7.47420129665798,6.07640093360728,5.74879999302502,5.81703862309987,4.53004272060248,6.89176737675141,6.69076941149516,5.3527875478017,7.39318597790345,5.80711787148087,6.53757583249851,5.2727166759668,5.00666412895536,6.97497531933708,6.17567035714368,5.77024423593887,8.5909070768697,5.87129263500939,7.67939514706953,6.13500009128678,8.28295725343804,5.99500567222502,5.34373221038225,7.77343880763249,6.1692775532829,9.6396815396113,7.13623523682509,6.73674318497166,5.90832111103747,6.19009451941132,7.96952249473643,6.24834502443237,8.62432469949477,4.2210085885125,6.89176994566937,6.34692122353039,5.32186344543601,7.55655574790483,5.84086173277876,7.56742533940313,4.98845351742068,5.20621840717894,8.03473359998818,6.46525953290943,6.77486468253152,7.24580941786287,7.18180871295881,5.84309198155974,4.75449021839569,4.86659416771946,7.69314753356727,6.07345614104214,5.57443053185632,8.39526235897227,5.09232605077154,4.46973732820776,5.64427753553176,5.47000973752975,8.12262287540026,6.04761394032077,6.17654127339987,5.5613381682536,5.37704870092349,6.14567442134461,8.73060733073617,5.87986130206738,9.35600995176437,4.30506613764949,5.13582500718807,6.41476421681715,6.1871680429227,5.91344314059549,6.95791697644431,5.08065439759474,5.11702273001749,5.68954989027756,4.18609726102763,4.30452346765628,6.92653654233155,7.27032301375307,5.81946407196784,8.54163941911247,4.62718722975474,7.40362447683332,6.97754566735227,5.90878387606984,0.964193591817621,4.82065341738291,7.98411403315506,5.48784250105482,4.96698164531169,9.64932775512033,8.0329509407797,7.2551605762556,7.32813675701463,4.73565152069715,4.99348846964011,7.46794979726117,4.53352575427851
5,8.38154225097929,7.20514734474953,5.52080653929784,6.33583775421208,8.66124306570453,5.7469434038771,4.86383413388257,7.41420327243686,5.93649942079609,5.45524189384137,5.71572385557066,5.43794262167441,6.62246365972896,6.2187197920177,5.04328346064834,6.91517836643734,5.70378220160476,6.48836797085157,4.50067852544366,5.57064021180825,6.71970092582635,5.68038608154912,5.51844078467083,8.42509989419105,5.84614092338521,8.57336225715563,7.2482876369218,8.29391723780165,6.60307758333123,4.89847591617438,8.33604340294582,5.81506539240284,8.78962971017759,7.13419463301902,6.43344564961283,5.93275065931161,6.29888422310319,6.65789020360843,6.48125308263586,8.82959386075407,5.13549869525211,7.14906860862865,6.57432982796897,5.97216172553848,8.29408530300266,6.06314568688564,6.9041848188046,3.99572574078296,5.72797558021446,8.39725703671313,6.97182456023528,6.46830196552381,7.21662756406256,6.77090515717612,5.97579815624019,5.1249534966165,4.85802804595065,7.110611024257,6.52943495643857,5.9446855013598,8.31200091631772,5.28589327561579,4.23115720679206,5.39534368522587,5.33868487470504,7.18687843375305,5.19743572251932,5.89172707933358,5.44591726943507,5.6272050252225,6.1017377982449,8.93712854070712,6.20396483638598,9.85151780235792,3.56541230835237,5.1757690964032,6.43242694121561,5.86751989666387,5.45879081683048,6.79778814314158,5.35660209370994,7.66491859871184,5.58872858267477,3.85264791179637,3.6812838930107,6.5931662718948,8.01755283039063,5.11412238485556,8.76212939323752,4.77686530061166,8.12789874242001,5.9219959167259,5.21245999337708,3.72925811303054,4.72498883350864,8.60780775694866,5.31740505947073,4.38123738003138,9.35361005102168,8.46527959026289,7.83411951695729,7.76145019393733,4.84847483221355,5.04840272745266,7.03579916753384,5.38461711378649
8,8.32799761314975,7.20708713268246,5.67044391593848,6.44076317867313,8.84439425081963,6.03304361164548,5.1991763247256,7.61773672115349,6.39771867600243,6.05489479384207,5.56469549393868,4.51820025982253,6.90732470020145,6.00269266767063,5.12727775492227,7.17745236772432,5.32420488671296,6.7678727102257,5.47001359430509,5.4273832655494,7.04105184497454,5.5569767914104,5.75272128133311,8.77312380789842,6.02522287068064,8.04296201017813,6.69555719410147,8.38063349440265,6.3543960830594,3.69582628540228,9.07040233333246,6.14743248002897,9.26636968727619,7.03371115997675,5.61166551058116,6.72974795488024,5.68144378513677,7.45439316788223,6.86922735300178,8.83802902774599,7.05756971091239,6.89908023403936,6.04222515050513,5.48876879631748,8.05036936003402,5.88558733573079,6.99545721337643,5.47797013320031,5.96303456726468,8.38003089065544,6.80114793148338,7.67034623320713,6.8888374492379,7.4703688473059,6.85672845328281,4.96902468502318,5.18808210739544,7.21793141647147,6.38665570085312,5.93965707586057,8.5730777591877,5.54269376638828,3.90436582743147,5.52449720128777,6.09128901528499,8.29414395228529,6.62326850231144,6.70312354851775,5.71604097308009,5.62415507719115,6.31450964252646,9.20216215608271,6.21459276687164,9.0337339837435,3.67574048401872,4.64779068808096,6.0501935716328,6.1724826689672,6.19926432228974,6.97731510022399,5.10309869334745,5.53301391478872,6.0625206557245,4.39374789600277,4.99711045947369,7.10803931385098,7.34785649939194,5.02458175432693,8.7147996003881,4.50173457180355,8.01026051351103,3.26504382935767,5.82487450850353,6.06681969551955,5.15202667367824,8.550943942462,5.31437897816907,4.53298594081995,9.0478516085249,7.86655220565764,7.72420106662756,7.28793380193048,4.82971976319195,4.97632398703937,7.14203992231964,4.9798804652146
4,7.79483359670348,7.48925127459529,5.55035778273046,6.29647438510635,8.94012997044047,5.24665801734971,4.77529847945388,7.00305739746736,5.86684285698638,5.93123208506999,5.60898675772157,5.87146955116845,6.647623638314,6.10242206360229,4.55514802707315,6.26563568335618,5.70063939658772,6.90928154938312,4.18023058045172,5.00405645772523,6.10251770453258,7.08917876078617,5.6616016412837,9.09074416020087,6.42267869505192,7.56965912601034,6.62600990302194,7.11168858413385,6.21074486706484,6.17555639129921,7.29310276833398,6.0692497222643,9.17475933375736,6.35432155936575,6.65043512595567,6.465517361239,5.96198902066689,7.02592216565623,6.54210077864248,7.83632043630982,5.11638392680003,6.08653902555418,6.15561957851092,5.63110674430127,7.88965840918672,6.2969016842484,6.87722597427225,4.79701141089625,5.54730939392953,7.95837830523444,6.8717881987575,6.81758829989489,7.28016966276389,6.87289308116017,6.4227295089816,4.90781509240187,4.90592276451156,7.13349747085816,5.95162430899966,6.05710364903174,8.30865960371824,5.65562814819758,5.42989217758783,5.86573927563784,5.92188422166264,7.48242346349186,6.61097481071111,6.28761651038148,5.50385401129647,5.76709031111194,5.72275037980727,8.67933973120992,7.00018367670282,8.66659960040091,3.85722039351528,5.35470552666051,6.33831809040004,6.67193701086224,6.26008364072573,7.04355023073005,6.03049114450632,4.69514170020041,5.50607939034607,3.68455435191499,4.38707483127424,7.82470659407796,7.09362472251593,5.50748165371901,7.99696655319924,4.74450779272118,8.0949598982682,6.92495249712976,5.86893158813697,2.49643879363731,5.17913131835781,8.43029863033097,4.76598915638494,4.18050326989841,9.31367562541919,8.03356426130686,7.24840000620303,7.84979557016008,4.81219222231404,5.79652855797504,7.07320320955733,4.03851222608142
4,8.62373453265054,7.40482270302962,5.64628496782544,6.10022552569322,9.07796113084219,5.62173815565513,4.48014617154237,7.02414543018022,5.790483171099,5.78076592431651,5.38580269446152,4.57083229669285,7.16220257020285,6.98157419080034,4.91788640773349,7.0803587317079,5.28679930704579,6.93101705684214,4.58950628193837,5.67959742224908,7.66944189152045,6.79953073775672,5.97169461176972,8.9278387506879,5.77583549414342,7.88188853240932,7.00473456055349,8.35745071519006,5.8583922775551,4.3778869209421,7.72337491336224,5.10876876316064,8.83988888758897,7.16735066227722,6.42759768022229,6.40678132442299,5.53250057211462,7.50793538647507,6.73937794497595,8.80914610881818,5.7065928756594,6.2579281632347,6.33811976861055,5.44068007356504,8.13999174990106,6.33427378219739,7.68075826387112,5.59364067526515,5.57100847868342,8.08921143630928,6.81631427267359,6.05988759804196,7.16739478180904,6.48230268044323,6.33577243626746,4.81715549461448,4.74574474527155,7.570212263984,6.61013371783792,5.81620960193518,8.57629044425028,5.60113671680233,4.9576331632992,5.66904481234182,5.58831970125323,7.55626022151099,5.57895713955433,5.85640697481127,5.75554212884072,5.89101224699804,5.29295669215763,9.36567597128883,6.5552125403577,8.56192250820907,5.01027978169245,4.93752573122419,6.0116887725938,6.79340658501825,5.77165729774337,7.01979782513318,4.5170800653555,5.54488372016546,5.11954565139165,3.94806841741499,4.54500198455598,7.48949429019185,7.12399401573209,5.67685479286299,8.17976452801515,4.48919395579034,7.63072247561847,4.30748109288101,5.21324657498603,6.5949459794905,4.67574758949991,8.18115759416046,5.16216637839957,3.3833794840014,9.26141438389452,8.17558637614405,7.32651225671133,7.67440250411868,4.98018761138887,4.87370000727047,7.39092474197596,4.67840569497914
9,8.41921765246047,7.46221056066145,5.57981597835924,6.27779315503821,9.24914357531007,4.92288231788007,4.39760989744966,7.34199956427325,6.29823897526791,7.18034640396225,5.82231345853043,3.46877376142239,7.18888968001231,6.58936276865453,4.46703329098277,6.55569163652624,6.66268202778541,6.93946944774575,4.53245640836442,5.43235739368766,6.98141430045421,5.67821881024712,6.45032624335587,8.92594394277712,6.25302155489103,8.72354408454257,6.70374049188394,8.39423961903239,6.45805278070578,1.19312035712247,7.6208086386628,5.98287938754704,9.40970664815597,7.96300587105685,6.25246928444951,5.50759624566955,5.62709143542119,6.98379851987524,6.34233877904153,8.57803761716636,5.50027628051025,5.96702728315318,6.53339863753601,5.62938293996248,8.43329947468387,5.64674350864358,7.17071320607953,2.7612507767781,4.62188066120293,7.12889488851069,6.90336145471592,6.18467939032972,6.7576929717358,5.56817604577868,6.58233832306699,5.27988961375587,4.97609437096607,7.4832332048549,5.83901521886658,6.12212640163478,8.6096839972367,4.96517212087715,4.47462609220519,5.14237726255314,5.22056095684971,7.88931838964461,6.33346267443823,6.23442570371714,5.50235464498031,5.57150056205546,5.71032397798561,9.24009714966128,5.71070143210609,7.70143004905263,4.06994668544231,4.80771290600104,6.28480158444394,6.2578041538052,6.11907645988209,6.7254874209185,5.19391043492651,3.93646162258717,5.83249546317654,3.9276806731545,4.2836636067995,7.93864192595677,6.40162208324713,5.11594305416642,7.51017602830066,4.78349380266423,7.90783635910064,5.6339245688854,4.76330893892441,6.52311846634355,4.60552582433688,8.51067556032217,4.98091740805094,5.01911516993564,9.47356013665461,7.17969177782902,6.88735256467902,7.53834766277468,4.99229605368686,4.29186306801551,7.08278326466933,4.85711736917617
0,8.86774798835003,7.48662856642578,5.74410420872953,6.30933302046362,9.04241571929995,5.44540281004316,5.07626592190258,7.2155549514993,5.81305533907655,6.80037268156106,4.94841973934754,6.71121229033552,7.37210991779526,6.68989562403529,5.08102159122735,6.76532030198457,5.24650914963027,7.53364094700306,4.93940976318279,5.99868318595955,7.60399818712685,6.19013458284356,5.78141244805624,8.96281736750842,5.43877889909385,6.99386957689798,6.23747364970869,9.10857063112591,6.02872660825504,3.43030579030535,7.54752382643256,5.82422856760143,9.85483215922387,7.53016404858594,6.23567665491977,6.16417121370532,5.6671763535885,7.18835272686066,6.46433913063469,9.37705737440294,4.74320024043716,6.80603126267786,6.36628204645649,5.80815406201249,7.62878242018624,6.53720050593721,7.01888937715787,4.04742825086399,5.39731405074964,8.19040670919362,6.96812054084447,6.67223400768776,6.9524852185863,7.34935288645928,7.37699844372381,4.87457712386384,3.99575593617165,7.27094636404266,6.2396345402553,5.45110387141791,8.43908130596158,5.68546832610077,4.82017143631099,5.58851523221145,5.7157696874893,7.72456342902323,7.13564388750606,6.69431182206674,5.62069601666383,5.80064454557771,5.56712806965659,9.26442060891126,6.05324868598729,8.98984562596251,3.07540711754452,5.67288786522688,6.03227467141046,6.61519659630156,5.96808402068242,6.67775633471302,5.51199420256149,6.09689305677128,5.55364835545798,5.4253196267839,5.32536047805104,7.8349092848424,7.00124133599878,6.12488921208882,8.3637299649368,4.74815609135109,7.91188679813565,5.78902878014136,5.04138814667691,4.79582703063188,4.51777020383714,7.79501745799385,5.16787632066841,1.90398518587291,9.72330650580975,8.27035752970681,7.2931619045088,7.37502471766434,4.99541167412645,4.48485724944449,7.25966084736571,5.02036347112937
6,8.62280769034776,6.89237369515734,5.91322474021636,6.46414691293968,8.88862749364494,5.87961816274902,5.85163798354338,7.79248833447528,5.86920810164402,6.56532507438379,5.29317941357211,5.23105871688053,7.65645254298742,6.32128714349007,5.30496267305351,6.70530105626354,5.71371612184123,6.57963361982542,4.61075720361725,4.97513521102189,7.29198009736274,6.24267148164162,5.75280495993795,8.82080060481252,6.08094292324226,7.58896904689742,6.39115007405781,8.62907017843936,5.66675829140044,3.12629810153221,8.53549598170787,6.02349123400204,9.05822631694284,6.69706554884597,6.03832498546072,6.03546598239687,5.85794782203832,6.49582839420006,6.40578202973107,9.11821129453521,5.74891789850735,6.53708938813394,6.38887568143011,5.73826890167275,7.93298741321612,6.05929197734181,7.20794372378763,3.59074653122199,5.90163897532179,8.33382097720578,6.77051330332121,7.32148727134623,6.8948713029017,7.11899556297271,6.36277066087236,4.67663338698087,4.79184818246345,7.39913716087922,6.31287411910432,5.98764234806941,8.62328210340205,5.77359218384104,4.39015548586102,5.30905311944233,5.33906295825417,7.60958979816298,6.78811774427257,6.36345287046112,5.54779464690874,5.95877905187614,5.61488815851514,8.89206874658298,7.24304255851623,8.94966748202368,2.88075181200731,5.05592695158148,6.00890652601449,6.80222828091931,6.10135615300941,7.0018709521936,4.74692220021492,4.45320743989449,5.54292766072821,4.56404117333584,4.74103697941999,7.02334101873127,7.1794418210358,5.27674589242597,8.56567360605124,5.06607886803824,8.33288884932695,6.30062104094126,5.13825823610579,4.32288591867022,4.89634688646283,8.51731318564444,5.12685842478813,3.3126617345624,9.12083707851981,7.98086892485011,7.08680885142302,7.71417150447932,4.91110790109681,3.9303992827643,6.8510491359417,4.54135027105021
7,7.97115861889714,7.34999250109056,5.89208307074993,6.47802570420167,9.34155974802091,4.93375804773847,4.93676182946449,7.11375231053059,5.50214624735589,6.70671976316232,5.09495868008726,5.36292916128901,5.01709147222562,6.29967363813923,4.63580313537014,7.47154522095436,5.32380340698236,6.99240294115696,5.91605857148976,5.27336231550406,6.29556689512466,5.69199185187815,6.15071473616267,9.46784109317133,5.64259699236578,8.0393873518166,6.28649748487549,8.38500859906426,6.00884687891297,2.68084171305993,7.44235133311757,4.90745741044925,9.27935360035419,6.72077662873622,5.69766428049312,6.6820441819,4.96014926750996,7.46591767799468,6.20453429694165,8.26428882640962,6.35852928449834,6.06600011894451,6.26554694571057,5.66038020654227,8.22068253458689,6.07731221600445,7.51688504745486,4.19919865484651,4.9567273633243,6.93983818879239,6.84366960950682,7.26657683924976,6.77022059448708,7.73172810231307,6.11393829337429,4.44828774262491,4.68574935020494,7.65791381031881,6.04072885591145,5.80539655752988,8.55987694581359,5.24502657691659,4.08177666144141,5.39211891491041,5.44027502891636,7.59688551526236,6.00402683531613,6.22464443288236,5.69644581473747,6.05019448147892,6.29555930210181,8.94916849040233,6.48113652146628,7.99528257257927,3.93200990809767,4.63524802998726,6.24385025303805,6.55909116849498,5.87124965845975,6.71429956560034,5.37116710084697,5.98818747078206,5.50045824247026,3.92676529762823,4.33517989226945,7.03833296965326,6.74822169087701,5.39738414444101,7.72230388100147,4.17614128405731,8.51916385821902,5.81034624171498,5.7563705276301,3.45238534179633,5.0876858567663,8.19019619515966,4.40510816489175,3.33738956464018,9.29281571155029,7.84228847208728,7.51850504416916,7.64648868392658,4.75018165491249,4.53067168995555,7.34735192396592,4.79891704314586
6,8.7228828985093,7.83943212350797,5.9011779389653,6.06118571779891,8.85127340420378,5.70016167131961,5.39103876561299,7.09700690233587,5.65384592576236,6.90983447861073,5.21852385028604,5.42876078183756,7.69372181242105,6.51364362373574,5.35260697080412,6.71456108536491,5.66477802312377,7.15679259575798,3.85285013367926,5.05327544100115,7.71648954439754,5.55166119259992,5.39439233667824,9.10616636007614,5.76196375789448,7.98762686365515,6.43395086589334,8.22309207990484,6.33997933276698,5.0563138462652,8.30549251120566,5.37782894857779,9.34056744504962,6.24586155604325,5.73945001267347,5.65109733114652,5.17196307813211,7.7199953685209,6.12390779454231,9.08030643112098,5.80847121285101,6.70939416919895,6.48591645633821,5.21125952732706,7.75836802898905,6.31451387434997,6.95888929034661,4.45384592623111,5.67518194803377,8.65777007650547,6.97023791413197,5.47693802910362,7.05128732533238,6.31533325217225,6.71872365828484,4.94116387104942,4.661133101826,7.41599943436147,6.17382448664625,5.82251974970683,8.46040671612858,5.20479957078105,4.25306319351468,5.59464188766131,5.68695447275857,7.29005026711106,6.29729616812902,6.12495567521899,5.70583731793522,5.77698026521633,5.03964824919964,8.22250949900103,4.77984527262576,9.20907410107967,4.98583152868036,5.72439651939554,6.02904274490551,6.63686441191939,4.94923060133277,6.7817598330304,4.70417843999273,4.8148525367474,4.97020951192292,5.37855001135378,3.96268952756875,8.20427000817094,7.2573635636294,5.1231416174621,8.41645219174587,4.64278704294977,7.81397406747048,4.33475161421235,4.47099200924374,1.51799823393863,5.04173085831966,8.19559281983002,5.04928342376797,2.91234842776727,9.44641955986465,8.26497615607644,8.14920635895668,7.71081654329252,5.33693624001466,4.84590495879701,7.14560939883884,4.81480004186615
0,8.41185382831431,7.13842331580331,5.95250371508904,6.51218341960843,8.65369698778021,5.30005842115074,5.24698182382055,7.18656990092154,5.54835787906967,7.90505047472101,5.36452501287042,6.29045906641216,6.43495832398096,6.21643850591859,4.55413744541543,7.18961223123582,5.6534574996064,7.50896199864153,4.31561421521489,5.39352082774625,7.62460902904789,6.2927213177606,5.5435737736554,9.21013341401114,5.71342309778453,7.10940821573504,6.46101369339836,8.13198653707807,6.1636676744861,5.0668210329263,7.03700370462685,5.23700055197769,8.75955930806999,7.53014022036492,6.19000763647901,5.65127287343675,5.62384593072518,6.38117837469306,6.86176453800299,9.08145028412045,4.86434717644202,6.66079692365853,6.48457578744875,5.49622687979483,7.63127263782596,6.24586443985955,6.62350598690843,5.22201220105057,4.89736888304945,7.73319905831028,6.51097129978429,7.30285412904449,7.1183512525274,6.62654028430096,6.43930624042812,4.91172249666998,4.27706108110409,6.87331255194365,6.52710366352966,5.52531841692102,8.90080071451122,5.47306402743772,4.8764069920344,5.07942652241594,5.94457509017201,7.72268112368567,6.30358035349537,5.94069321005547,5.62581926374479,5.60793204229719,6.31510611937108,9.61028794602876,5.21229109694609,8.58719583037649,3.57548041481676,5.40951562498976,5.89059368923962,6.80707591466174,5.47783836939219,6.67190377325236,5.7116177455606,6.04255682246485,5.20304195187071,5.12663771640402,4.74290807193267,6.73585567996904,7.25017018548598,5.95689054729517,8.44731164243708,4.46641108525995,8.57026001765789,6.27028076590847,5.56063186506045,5.39714002373788,4.94920288709842,7.96250925772664,4.76869790193322,2.79554513872972,9.63367261406533,8.30993687040138,7.0828740812461,7.71313044344234,4.72662174823582,5.31326723203363,7.46315155764726,5.81407754248013
2,7.97193496533585,7.49362088902372,5.88408609657127,6.41841447033701,8.97473258599902,5.27920007665157,4.91824608540207,7.04383052584335,5.35670209510353,6.98560534305579,5.02265266920694,5.38563129799405,6.93916509432609,6.20341079901045,4.71636428099551,7.16207574386313,4.85390728433232,7.39432368520765,5.53382368619945,4.99570609324686,6.43770987702193,5.25895967650075,6.03976108185723,9.35290411522076,5.84892923486256,7.51337771764774,7.37180433159182,7.5245421918443,6.40148423071106,2.22914184671753,7.76059991463993,5.9688904893776,9.4729897641379,6.16232807964585,6.27481362551246,6.19182780893131,6.07799203183233,6.24598632817445,6.88239481506876,8.53092794573661,5.19028219399102,6.69757994084677,6.2558645435008,5.49753658769134,7.61786571073587,6.40395374924507,7.89411352125694,5.37655856811961,5.62182811847033,7.87201988747707,6.65331748216056,7.31936154874933,6.93172868867577,8.18270095245127,7.30339397226068,4.98628732191879,3.94446640565275,7.84360611528934,5.7664236940265,6.04858751382807,8.86301060852048,5.07418888264847,5.00754097975828,5.34895077733897,5.5484544136443,7.84122954427107,7.34578299047681,6.53594337545533,5.54185320082073,5.99988912858093,5.44841750158198,10.0308555787699,7.89690747271632,9.19139573416994,3.70141010371036,4.89766819807419,6.08770331906255,6.71584647835277,6.57124910819908,7.00563065413402,5.52104913169684,5.91812300193419,5.1888268975994,5.30489547170931,4.81706691406101,6.71583226210949,7.48827673375833,5.76047035093228,8.20115546950843,4.59026396721669,8.10983311168869,4.75837004741142,5.10497670028799,5.40104625182298,5.17679909480219,7.96917129070505,4.86701685464957,2.61117505352246,9.31179462327322,8.04000856804989,7.32114488116475,7.37560424034213,4.8677933145992,5.42776244223555,6.76426392145976,4.33248937907159
6,7.95369034045847,7.27689581183975,5.71224449675664,6.33705161606227,8.94494571591016,5.74459026919383,4.68193567900396,7.12513478240815,5.32593905012021,4.64677761332477,5.19881584076159,5.51643628172974,4.81646158305285,6.28757482902599,5.42220246662734,6.94940097528513,5.7001411606476,7.08962423927132,4.42737188135225,5.47640449464612,6.68682312378999,6.29490176975971,5.14362114835217,9.16939223884155,6.04999699604142,7.90983596310194,7.56330567595018,7.77026391161309,6.428731744844,2.4108612433278,8.30165252776352,6.2867526511451,9.83944257383291,7.56479567790482,5.26521925934596,5.30717128836212,5.56799865527486,7.22958725882476,6.94294429615011,8.6710275186872,5.68662369319304,6.45291405271101,6.15129226425011,5.29258348928207,7.96580823060974,6.17179711295172,6.2168444300667,5.30636972909234,4.80948152917402,7.5906920817263,6.67591349126922,6.805357498304,6.71928165837707,7.49588136693312,6.7666447030778,4.95781350118283,4.74839669067093,7.36764298258143,6.93802883552176,5.90874126868818,8.28996141676071,5.21675588794573,4.74037458101456,4.87646619199806,6.01248667831103,8.10935195271732,5.40350525116631,6.62896513883124,5.83175979357291,5.4469798078557,5.96502259753346,9.72053406658461,6.89897508036506,8.78217938733665,3.7864888754917,4.99001466821269,6.10696351428049,6.49320242694057,5.78975061332181,7.13313086959149,5.92597826235935,5.27262329439487,5.43814832936243,4.90375877829417,4.36256211662589,7.44880647785487,7.22510240191275,5.30011066250071,8.21513813540346,4.58477647419655,7.45839207585804,5.23585771638737,5.32481667480424,9.26577345521539,5.02683465121289,8.29473469937846,5.29541027110086,3.71187442601079,8.98931725556293,7.59849262545024,7.48409320950287,7.74028896993242,4.59590995320335,5.00158195856936,7.18938250614798,4.94782172975843
9,7.98882734073255,7.50498989384587,6.06839903570512,6.26300164532215,8.94482958579595,5.46831303715341,4.66073664752318,7.20280609068689,5.48868020666163,5.67845207363502,5.14610466922882,5.69547655027343,7.27133379545424,6.76672632542385,4.50994984540514,6.73635358322365,5.44080743818756,7.38730619898093,4.62469387595066,5.68624044644177,6.63861121070351,5.95844948300148,6.15016310180931,9.2657472497068,5.92908350653803,7.47343167463551,6.91838929087533,7.82918943433298,5.84845282028672,4.79142403609578,8.06170652660466,5.89667303581239,9.70162897181282,7.44755195261406,5.64829538873028,6.01583587159545,5.62484533156009,6.94809687114144,6.45218846620447,8.32918408127995,5.95978903279824,6.48180146484723,6.41866488077565,5.51163045694023,8.29790860147514,6.56853226188639,7.35175789443222,3.66615040427393,5.41873041074084,8.07207257662863,7.27993049819339,6.19242682483081,7.37846642293849,6.35747204831916,6.48301804017132,4.56437334450875,4.60781120495108,7.09019129088828,6.07486659668701,5.92817442949059,8.83549585567852,5.48662840636876,5.15499965311568,5.75336700741532,5.99512298107629,7.18914312041461,5.92803405424556,6.46632763193759,5.56987641235956,5.95626637525172,5.44867052261872,9.63151529018203,6.77497238268166,8.51365753728553,5.1039388695586,4.84604375984851,6.01287525656548,7.12222301637145,6.45865219982293,6.20639410150364,5.02586655879033,5.52878246926071,5.06137327865826,5.33181712156133,3.97321531143189,8.46513595676732,7.15275028865821,5.37702207021266,8.29058510517976,4.69938300635294,8.45390894027015,6.62371834064944,5.69883268321361,5.62451220219755,3.97057985348463,8.69310691586188,4.80580139477757,2.87255202908153,9.48506643826843,8.11617213629274,6.89734777132363,7.32166941597432,5.16945213534975,4.46979976226993,7.22804970722508,5.04056505306132
9,7.87074744101132,7.18751389766296,5.66250904371224,6.07839058235261,9.416670824019,5.68482161947748,4.84997759129744,7.24961351173491,5.74619862315925,7.0219269530857,5.54842268941187,5.4493803977998,4.6757332190949,6.3272883571546,5.17741307110493,6.5427881617448,5.10587422982684,7.2802882028387,4.0702786997379,5.60209057653875,6.42127521267381,7.12062626443676,5.92249912407894,8.9656113791245,6.21980209126348,8.25775360346789,5.90312695740393,7.86867245075236,6.0697512570787,5.01880810092669,8.00711512794216,5.99872207765641,9.29646804197319,7.43418199407171,6.58980520070091,6.59825165217356,5.99974848315957,6.85237365391893,5.92394343249422,8.68181901645353,6.21407285325558,7.10823265706154,6.6110148244665,5.54544070614064,7.87138373862751,6.25066193179559,6.9520891397731,4.33437186288505,5.85199004152695,7.62481736587273,7.00409803652173,5.93664740431392,6.98019819720807,6.0656167654299,5.92401029782907,5.40380376816475,4.66556583168008,7.35283062263203,5.94405271286955,5.79374667279739,9.07794990939645,5.38112061251132,4.75094611677606,4.84273723818175,5.64243507991953,7.1480489585299,6.67718180274462,6.0023859851516,5.56699679963733,6.11848473697959,5.29382408240326,9.3398147897387,4.79263073131291,9.64467037908604,4.63176415086509,5.42964278351119,5.87270893753255,6.45948444660762,5.10336540255824,7.56734264096761,5.6834203708641,8.18331240123438,5.65611098821823,3.98206377174319,3.88809838313842,8.07362973390622,8.02859993476291,5.0215385220559,8.49421707339223,4.98730243217377,8.53706228881803,3.51987843874567,4.38063938369812,1.87002979329663,4.74781862681654,8.58592815426265,5.05101096747793,4.59649802564342,9.30925926536431,8.16239574508536,7.15642376115554,7.68591659433707,5.10861682542224,4.5139150670567,7.1512566544057,5.12309216734125
8,8.22662696735986,7.11658585860313,5.68250775936285,6.07869850256272,9.15579243510808,5.60442584966592,4.20614928083158,7.1201204073627,5.76419387243393,5.57416991839035,5.82693589991915,4.27963643456824,6.69875019785784,6.35943737437465,5.71653606368328,6.7538696585751,6.0161607193738,6.46615169269495,5.28636765938673,5.60756037677258,6.90392882211397,5.74117097029202,6.22066835611028,8.06171978526818,6.07397605409011,8.38304534244979,6.54006430579704,7.31436444556082,5.75690630114514,3.74552192096225,7.83586250918596,6.07839301614393,9.67665932591418,7.19293631818906,6.15804609097322,5.8510880988165,5.58063565830841,6.53935066290805,6.25300297907219,8.5899205514258,5.85680315247255,6.09416051737821,6.38159514954862,5.37188393018162,8.423158487809,5.37047073520167,6.78174802619257,6.0237069227402,4.53455040075983,7.16766247745634,6.39017928598644,6.2019371782342,6.93901126341325,6.61674050013015,6.62078178867535,4.41079347941697,5.73190604992547,7.45796193074091,6.32192009771551,5.81908828222906,8.19107667784679,5.12165152269158,4.22962884100208,4.52583561966425,4.62489798906198,8.38333973067607,6.25859048765,5.87974106794583,5.63959058817539,5.65268228987134,6.07332143969134,9.44833125058297,7.03655875831575,8.20203145580171,4.91106058217359,5.22104437435014,6.3344440523596,6.31097265341408,5.56471541456066,6.88388108192302,5.23753088981487,4.46812995461016,5.3460445171343,4.65174500214323,4.09610350334911,7.51155682351151,6.68801351782162,5.48096125240555,7.59373765839554,4.36279561260375,8.16481933364705,4.2823644225945,5.43899122370749,4.87212344039369,4.96511354656597,8.43583856359245,5.63215954678878,5.55200048629544,9.32698104620239,7.74551568214506,7.10628920568217,7.56802347974283,5.22075043762206,5.25621401615145,7.42604498347718,4.37457328817182
2,8.57067280679772,7.52121381507239,5.50270094080816,6.10700489700696,9.16731701159781,5.81329752908066,5.08178035377974,7.33112963435112,5.38447517113254,7.38976449161406,4.70871804362576,5.58692866166351,6.39737864078695,6.28820331958779,4.40817482817505,6.87249593947739,5.57751838944374,7.51775058256817,4.50381942686304,6.32731236945826,7.61432590126168,6.28909244032242,5.93121223673686,9.26778255170641,5.6572707552586,7.95136774020744,7.52157726756598,8.42486194586488,6.4345197086596,6.20196743581607,8.00956578347117,5.53484841774902,8.95114759356089,7.5229843615971,6.0080374693497,5.9975755881852,5.68336109874355,6.94327067791538,6.33607116671605,8.84626346057027,5.29792434797158,6.0793756377381,5.93943691747472,5.19272284479217,7.99599060472566,6.50263563293798,6.30225225243025,6.95689927524638,5.32036045915626,7.66249202472162,6.7729978369107,5.77500262297266,7.29543592392445,6.17809156544635,6.48421839556042,4.46610882082557,4.50562739339574,6.40660290155262,5.92371876650784,5.78067393830499,8.04618677820246,5.82540642937695,5.2769291383677,5.42492471786566,5.43801110153455,7.73483157837357,6.8374751285186,6.95031216623229,5.56555137502422,6.23886360248815,6.26096620424081,9.24571863309644,6.64902571525149,8.57116761169015,4.91553359162953,4.57867220734432,6.18164994350708,7.22578466122858,6.73330671810147,6.82626354484516,5.57759121639261,5.21146840445659,5.26574818200966,4.60420816545751,4.74550725180521,7.94603604840969,6.90777826521935,5.61605360133919,8.15013944665768,4.3698671955124,8.02626766881045,6.20281967538395,5.09288425564596,4.87910864361722,5.0430213283949,8.26898689671538,4.689449077099,1.98018395777031,9.49475968677672,7.94556954062478,7.8164350734052,7.84941391580817,5.17459998461156,4.53627992962982,6.81818350948001,5.57564716860443
6,7.92715255741123,7.50003934798619,5.9162532112451,6.25671337100431,8.98137023295338,6.0298974575508,5.1892673142523,7.66881003864402,6.4080225007454,5.50468641311,5.88248697279253,4.47488036211085,6.3114634506785,6.50458778835586,4.64354677143059,6.66930519973921,5.99082477313531,6.74155418191226,5.17275456443152,5.85415028663121,6.06916559511647,5.63871368574677,6.18883156183084,9.20858833955995,6.30118385692724,7.69323306089608,6.07969775484627,7.86526034114017,5.88218907777483,2.24680201531048,8.96549180750099,5.61247642020028,9.14583534483452,6.76976663554819,5.95355465364428,5.70333180194741,5.42579403908533,7.14676989790985,6.28309981417823,8.54435990962272,6.32478923624309,7.03350128902304,6.08486629880476,5.60250945112359,7.98986114284372,5.82786035606326,7.41506630149162,6.7956840246573,5.86385111606606,8.63687717575168,6.47234961641853,6.97187694068847,6.48222095084163,6.68020052728813,6.39450496717838,4.820459382911,5.50957257153977,6.90850749184359,6.44247897119178,5.80383104088355,8.43388641344186,5.47867479703517,4.32418742555173,4.99758025801729,6.16854067502318,7.84198378590149,6.36231421657789,5.84132187396592,5.77323588460895,5.61851294688228,6.74506837755296,9.71818666136762,5.75308350404548,9.54554569802476,4.39555102149347,4.60597175609814,6.50749725098273,6.17292690359936,5.63551216713867,6.9062851254034,5.78242112028108,7.37231676846146,5.93043894155754,5.14361201100888,4.30973738466886,7.44944023095943,7.74336021131639,5.46178151254713,8.6082824521832,4.59383393075579,7.97616909956588,4.49314078477533,5.44342609023339,1.73041317650648,4.8961605868271,8.46824357287782,5.10880251264945,5.21714948148684,9.67930695902634,8.40511750771081,7.22428161748723,7.57329472282259,4.73122697097048,5.49121672059067,7.63065067461958,6.11735126177632
9,8.25711696403991,6.9275053237214,5.88831199706734,6.11892509274193,8.92531980214357,5.49460790539665,4.90244675101258,7.36645293820446,6.17309683808762,6.0747627422748,5.38641139246355,4.54011332219852,5.94215971420501,6.2729472118997,4.786015045444,7.6231857122088,5.47442953761885,6.85421246563343,3.75322356868248,5.13266490119405,7.27220193324918,6.12699716217346,5.97091501935672,8.7181630066648,5.78061884153348,8.01166980283493,7.175455807448,8.44333073447794,6.06822259409786,3.72522393180984,7.91076515143236,5.23839464754103,9.69219174239192,6.76709282156918,5.61249494643076,6.2983347874883,5.34852169747346,6.63119437400991,6.47074232555722,8.86757610191382,7.08081943882585,6.3654669487296,6.17296993693351,5.81804338688784,8.54628727095343,5.80412348878614,6.89500249658775,5.9636070990966,5.74433534858842,7.49309244472655,6.58010848017471,6.33761460066615,6.81203126662359,5.7766122264237,6.63263971608457,4.37313095705326,5.38845429325255,7.97304881123803,6.08773007154372,6.08202832751946,8.39383456307171,5.25955622572418,4.80392406830862,5.76868890190544,5.49942943879689,7.87876433270725,7.60227653081856,5.66415285456857,5.46353689868634,5.45269767332818,5.97257849700854,9.33215405403251,5.87484925546771,8.32817811440333,4.07261221762551,4.9505969084355,6.07564062283833,6.11690510572298,6.20242750958016,6.51838913766735,4.46645781449539,6.68036107917902,5.82932104380834,3.27169506813268,4.31979445891715,8.3694113624588,7.5240031593391,5.11961883105872,8.17266762714257,4.13161430961617,7.7657280991392,6.12900604732739,5.6424203695966,5.10389038294315,5.37139111363082,8.17132087077238,5.48193242196006,4.86240334183836,9.0683139952679,7.64279915231986,7.16504120077602,7.2617687692426,4.88207407249511,4.10638750587885,7.06976618605977,4.62127468734248
8,7.54399498733462,7.52697285614615,5.4754242036204,6.29582065203071,8.80169339852427,5.49440466663756,4.89993794228333,8.93659440840438,5.6304098374898,6.04159853873266,5.68263181825043,5.36132244168545,6.89255643615114,6.36401093295915,4.73542799151032,6.87047226286602,5.16981026834506,6.4537302518642,4.37786337617143,5.97082158682881,5.95998251591359,7.36741870987918,6.34484443464216,9.40372212619585,5.61356144324437,8.28558160515486,6.27050516192936,7.53202413528215,5.79639789764031,5.43975241921594,8.45036349672824,5.30181647867437,9.85607009581813,6.95086348473254,6.40492152602774,6.31333210360508,5.48087660020531,6.62105429357434,6.2613767850049,8.34010213363551,6.00419154363353,6.60783048346469,6.06796727983998,5.54028639045668,8.80261708170457,6.23288020925014,7.18424438148342,4.14510939497363,5.81303978499467,8.25224529403634,7.44271693720829,7.03339693070782,7.39250136818992,7.06216376328929,6.51604780759568,4.63684856124593,4.46658026450251,7.29676790297392,6.03202227164419,5.7962134992563,8.68801986265182,5.49856083758031,5.24274956855531,5.30944591990814,4.43788157650096,7.60976558232189,6.11610862139942,6.92421584548758,5.15253973177765,6.1711176222774,5.65389248805981,9.54056686169564,6.00672657004163,8.77392235624436,3.934952184098,4.83360195021515,6.36545926818884,6.80530025861216,6.88429019025414,6.73492460338464,5.45031373863712,6.46764735458204,5.31027751663521,5.07169467461169,5.14238376254237,7.88258580462623,7.88353077049269,5.57343993197915,8.48165697244685,4.52205282268958,8.13330693978142,7.1345118091948,5.09334592019867,2.24426339145281,4.92232034919734,8.03405103663566,4.90445216939741,3.5208414270513,9.48407079926119,7.92800315560675,7.78958007318798,7.45226372301266,4.91897739522866,5.18791254335963,6.9413659471878,5.10972683545982
1,8.09017206543285,7.80648747610793,5.53339476862019,6.20361436767939,8.77904734664307,4.97168292428253,5.20640805068169,7.57686506210115,5.78227205160181,5.89670515579128,5.49575898968621,6.17924160376444,7.29800191270735,6.24216430702174,4.42729718449639,6.45753121475734,6.03311431493344,6.56216234794587,5.49787757741878,5.55574876939757,6.96792704431878,6.42745041380431,5.43018471219474,9.41026923340883,5.74843446947275,7.47538828889085,7.43317605131035,8.20017647895912,6.56965969936654,4.28083245683429,6.87642102879039,5.91605515614262,9.15105268701104,7.32665449238061,6.15712193873194,5.83041113297331,5.39992927814793,6.73772075630304,6.28820282197213,8.74182574927698,4.80967931397921,6.16044044054077,6.39970705612233,5.85901024423072,7.36965811984347,6.02990283211659,6.97806433061057,5.20285881941842,4.1639830033912,6.57628674555419,6.01530504701227,6.58398464790833,7.18004557676042,5.56877418563326,6.9270724181204,4.75308379668339,4.76082735472492,7.29358884924994,6.24623723167742,5.68353302424103,8.99656096673741,5.42363349037805,4.56397621709549,5.57500721024882,5.81231144796817,7.71241945474206,6.4389566266676,5.92571621176319,5.37905756224707,5.28158603529185,6.69749599789164,8.65233824391555,6.49326565689129,7.85058388460373,3.12630810459867,5.07187405923327,6.14639136793554,6.48282451499835,6.00559403018984,6.40207447181301,5.91361068476356,3.89066724519899,5.55150361949491,4.56790503284612,4.48895670138534,7.27133217011906,6.34091900090364,5.6298412666969,7.65827479821005,4.57721943994694,8.17568342416643,4.89939777620967,5.07303910326243,10.2170157065118,5.16666592836459,7.71263150637107,5.03948719271568,3.81072660376549,9.6603629168212,7.45370338220217,7.75215191314976,7.54157009031626,4.64145444952759,5.18885708190979,6.83600197322304,4.48878334616693
3,8.31776653810648,7.71396513418605,5.42390890212887,6.26802538767743,9.00957038689467,5.09033419453192,4.29620190032676,6.45403068026112,5.69162274454742,6.14566134203643,5.32379648730517,5.35574123858099,6.08877863889473,6.4373745777605,3.82608030934524,6.77927364845508,5.36333378198378,6.69806189436747,3.95512249976658,4.80431985653104,6.82210659698802,6.53483612462501,6.09526967566908,9.28722293607578,5.98245574719484,7.84604265376111,7.51399028513751,8.30085745239143,6.29996810538593,2.16739706350369,7.47874173482128,5.29279683599848,9.24901297540295,7.02489545533872,5.79368717493077,6.20969194739886,5.37560300551694,6.69735176896902,6.62531512073103,8.86438759739487,4.75076114432536,6.22815836158076,6.22260955175009,5.47335045144617,8.13043284164449,6.1647361086355,7.1123687314268,4.21387535184325,4.51221854348616,7.44657534411746,7.16758124456801,6.52873094582126,6.82347800415496,6.51489459618506,6.3573785746996,5.01213814101992,4.35006343698198,7.21710769297977,6.19274875609329,5.62354047284025,7.9324266584126,5.28600937759243,5.79841325691305,5.52287104912331,5.57493744484201,8.33842939021007,5.02932610015193,6.11277814150135,5.32513214656505,5.96466826683508,5.41084644993558,9.35593747981084,6.4424555485531,8.37327751865648,4.12955372198738,4.71294828755793,6.13305340852754,5.99329506804851,6.62477538451616,6.33484627126707,5.67089990174343,5.82119686276569,5.33928530948914,4.65272813357163,4.62766042801248,7.44241624004902,7.16855233467945,6.02251577569617,7.93109490621321,4.7433597712339,8.87557370060915,5.51250210346097,5.11658259549584,8.5002543384411,5.20913545626953,8.62929755414716,4.81729371280517,2.50915794238547,9.55182209744097,7.79611170017108,7.1895946561392,7.68634547610014,4.91253774847494,4.44890743112165,7.55177463476558,4.38376971669711
9,7.30057378275193,6.69199319450211,5.69943748735163,6.10013610406696,8.87204189817219,5.42985974091332,5.35939352393057,7.18566377504876,5.83839707675328,6.49238975456898,5.30914921425301,5.64923883402769,7.56044090301817,6.83818402447613,4.9447885587153,6.51350760545209,5.4530062139565,7.018039125602,3.99137572462014,5.60570817443618,5.35756743444245,6.13858974772532,5.79513212458315,9.62210234202542,5.92361197726915,8.20067902731924,6.74800633364543,7.30900028183987,5.52128685144552,4.17937413665418,8.50471173858162,6.22418070679091,8.98921885506527,6.85405428249924,5.56962647725497,5.89483156185009,5.22231433049425,7.51655117391328,6.22348106713194,8.13361036871044,5.86576297982787,6.74622760181863,6.41076228323125,5.11545360774322,8.45578955635347,6.05185838289811,7.12753330554348,2.78575390963808,5.24415436202202,7.81652088607302,6.5728917477535,5.89156448188493,7.01314401987259,6.92203254369929,6.24690588238003,4.77159891788662,4.91522175071347,7.59808739868962,6.15026351396339,5.77850215616995,8.98290173602376,5.15377258613019,5.35536225727932,5.74099713971498,5.94643467979337,7.96666855734368,7.02502652247009,6.18093157259688,5.40771523757967,5.78365867216856,6.159136148161,9.2662304876874,5.38386951889222,8.66828237660815,5.55090966780221,5.43285824805481,5.57837225992168,6.45109113826874,6.13301422656878,7.28314147930211,5.41850045063538,6.66750020146971,5.48179434499318,4.82083893955469,4.48098626382521,6.95312066473995,7.6286172705659,5.22520514615011,8.68589045576816,4.57199470250283,7.97111184063486,7.40739851940788,4.7891185869011,4.03480800283904,4.81694158355181,8.30592701275989,4.46581906330739,2.66006504001791,9.23372859158081,8.06554631102463,7.26418165455911,7.52318297741597,5.11411460306127,6.57767517239063,7.11004300256466,5.41972729535311
8,8.14822020446687,7.31352409399927,5.96897123809759,6.28701096337946,9.17019620224745,5.3818115424591,4.64652571534361,6.71213389270255,5.69658620642473,6.90085441435095,5.46194051669269,5.27028913982962,5.86981766074614,6.44056094122088,4.20964300324447,7.59666830350488,5.16378978132767,6.98302647129424,4.04948768287209,5.81275324998515,6.66094564325673,6.67183978529616,5.54202162412407,9.63820062560361,5.76920705116037,8.37989116680556,6.62115638910467,7.54955176403656,6.12000766448063,2.53005443775026,8.55335696317454,6.57862241086798,9.05898040488634,7.09792268953519,6.03833476237494,6.7047416429677,5.41585705066958,7.14386690387449,6.51977975537388,9.00890666421994,6.4743493847815,6.61251511243104,6.50615949611582,5.42396201066005,8.02580425826119,6.09713552380724,7.55518816239053,5.92155540499206,5.34111031360059,7.85736376940047,6.3872167481569,6.72257430083775,6.81129845549994,6.85562006765027,5.88150540997263,4.760676682108,4.25745152989497,7.55865431624178,5.82903292835118,6.24910500397373,8.84165666454656,4.70984308417649,5.93810692452416,5.28399876285536,5.53600257972566,7.45536955452233,4.48628345823403,5.68060124299368,5.77323698570618,5.52683853141032,5.58328209745939,8.84882584310663,5.28983284455887,8.89545824257697,5.00442178735116,4.459477663441,6.4175347999965,6.55312334589138,5.72550801748416,6.81774434048011,5.6220416786222,5.57854766605258,5.32612357123091,4.22589109868554,4.08769102734348,7.31294969054887,7.00262830968651,4.74748369573698,8.33072449656585,4.45521241292206,8.23169170289047,7.45885018134588,4.96414414896868,5.3997662187973,4.65189888279818,8.54169426822994,4.81341266906427,3.64156933517325,8.91902809287005,8.08042379039726,7.6836028682159,7.6624165662487,5.13176764235746,4.64619999702143,7.55004265457313,4.93697459788705
0,7.60775439567699,7.3090060729268,5.39328940073399,6.21887608481199,8.76912594765762,5.15384192607849,5.54505373967453,7.87202189228892,5.86507753462208,5.57910012040717,5.50508518409028,5.2831475376432,5.72415555871707,6.34440560465653,4.77947134981962,7.16161916327809,5.63777621028837,6.39679680862049,5.81666804005939,5.38853995795519,6.15139160625102,5.46782152771388,5.75954156770013,8.81638679966709,5.72056995984236,7.80081638509745,7.05597279624227,7.6526918951696,5.89756973970772,2.74388788917984,8.20521467757919,6.6028026062752,9.62875160577407,6.87289700456137,6.31579208739299,6.8664307162597,5.30480949470867,7.89831971338258,6.36240858777406,7.90342709768394,4.85650708667474,6.45413636992892,6.62662777926741,5.39938315008069,8.17210658619107,5.9577984996954,6.80100763133119,6.75951600950796,5.66829907063534,8.35455420480876,6.31262869352057,6.72075267882889,6.92123208573909,6.17613280952079,6.13032156257941,4.39741163629914,5.34149395252723,7.11050238893308,6.66233269233094,5.89956927968961,8.71795216344838,5.42241666263977,4.25788914322774,5.60098670425718,5.64156023964802,7.71006433255249,6.81388967272875,5.80525063738902,5.30492185694426,5.54377306257568,6.18404594498218,9.6597330696383,6.71106114862969,8.99096491441362,3.66463479504559,4.80191143247064,6.02986140761773,6.64846379066723,6.11267414930715,7.0491984654201,4.54282119975468,5.58908896706358,5.44497326884176,4.41002142618818,4.48136000819998,8.08744311954744,7.18213975791965,5.81540065341816,8.30670885445059,4.36504772577496,7.47069338182969,5.80965852043978,5.77024839429979,2.13785005247771,4.51815450402309,8.51260651863117,5.38142720353867,4.57178558465414,9.6034767800923,8.04509134465844,7.54033950984234,7.76136723461326,5.02251265684898,5.26055369028599,7.71940812842487,4.47485047504221
1,8.16094262417977,7.22711822281122,6.37544395754034,6.62426140264759,8.85862516070026,6.19926804082335,5.34093931634326,7.75036049977407,5.90090973050033,6.59248585287603,4.6622673616052,6.69881258276436,7.11777087253058,6.24740728816386,4.17513462626365,7.11997118370943,6.26672867216196,6.94433369013823,4.53377338934373,5.64676425257504,6.58967480724894,6.75621229800205,5.99390555497899,9.85465878436261,5.46035190260199,7.47997746453782,6.79565637641897,8.13841932851972,6.25085316735764,4.31556855310986,7.89480251118641,6.1929149624218,9.61554019556495,6.58295888628608,6.55711403366209,5.81263632468687,5.77813552582963,7.33937299046256,6.81105602350122,8.87244714758755,4.51642799443249,6.76514558523769,6.20967613646188,5.16248690565996,7.36111507149757,6.30623129470613,6.89021045998246,4.15931248396827,5.52905115168375,8.79266087377507,6.33403312414773,7.93384637670767,7.27976724864433,7.26703618990531,6.45351755607053,3.93002843253912,4.16818061810297,8.28200405669484,5.9333445082995,5.92653065878936,8.1967487923848,5.53691643803357,4.86157594685051,6.2732492869425,5.44511616828528,7.57167874419137,7.21731365599182,6.12272103641381,5.78385662109806,5.81447738678047,5.36416934129244,9.47258194398404,6.12856348911983,9.31657285621075,4.74032555330419,4.68018886249523,5.79546530027053,6.84290768525749,6.09747558122132,6.8395111163739,5.0289343676611,5.72385278340314,5.50160489999903,4.74987053109507,4.39924977897471,7.90095480089416,7.36860593536583,5.90883977230689,8.27245644852983,4.08851400940668,8.4859827780307,6.34042018855979,5.79401967671206,2.96896799699924,4.70954656740949,7.85539422292692,4.43977503160214,2.09625744803386,9.51702588138901,8.44429367007068,8.0559824897013,7.5139174142717,4.96158796128288,4.28243136695522,7.11398909493808,4.85671464538346
6,8.00806300931129,7.36074577181932,5.78808362825212,6.45821329860643,8.78456386385899,5.33290790256002,4.1973434522195,7.98498278183867,6.13692048542323,5.7054289616285,5.70048439524255,4.45386957560271,6.46229647296122,6.31505203525698,5.46062672500171,6.93666169977347,5.63111568239572,6.73556877062737,4.45008739023152,5.39001172363536,6.75959812478057,6.20959783219659,5.81360821467413,9.19194897172939,6.77518167033867,7.56673389630001,6.54476196938088,7.65660859986436,6.06206105792154,3.24050378144734,8.02729746586616,5.76154246895843,9.62199273700962,6.48572189408433,5.81730560573298,5.73681753838209,5.58685225679985,6.67939765357078,6.61661678140557,8.28270498598913,4.81820071643529,6.0694555523815,6.49732095857659,6.08839854084405,7.83526465588175,5.49543586650069,7.61662476818216,3.70761480911125,4.76574835797449,7.54101381591331,6.68558468922417,7.48717902369839,6.79321441695455,6.36466897956145,6.64921284677591,4.9524200750226,4.9716749082495,7.46001915603338,6.79481661365409,5.80257030063081,8.53028449631832,5.35938554483525,4.74787587250324,5.24660622055238,5.25872136238451,7.94234687475557,5.97978569176188,5.79468310364762,5.51132815419959,5.21616333591324,6.11666640443581,9.90019156685347,6.13687999229561,8.50215302634814,2.16996295144403,4.76618259632696,6.08568959855214,6.17781138241699,5.63583725561771,7.34649600655066,6.26585463097309,5.23147606347197,5.64529365064068,4.15112507063034,4.61733114961233,7.05263915683024,6.74032112709237,5.54497005535667,7.92430069037916,4.97978757655235,8.30671170936252,4.72036483828303,5.21616277074997,2.41101428077649,4.86742738556142,8.41523732993206,5.28565387107641,4.72440977562646,9.47932911356093,8.04796605025573,7.21325521341115,7.67754507504983,4.67865350876255,4.90837863311743,7.25207991626893,4.9988595067752
7,7.93528811912283,7.98824895799087,5.27731362800816,6.25907111713226,9.02714919144551,5.43070934649424,4.74852550171592,7.26050396303071,5.70500431012421,6.72259223182393,4.5777918201203,6.77973922713619,8.2789442046654,6.55459331732918,4.56813965975962,6.44074071073001,5.73297437367761,7.19875411270462,5.07725628081982,5.19547504635905,6.57004767875908,5.78555055662784,6.32657850942065,9.64444636557383,5.09813759615163,8.32566424277941,7.66703216830865,7.54926389024405,5.3767147773284,5.88156390809062,7.32637197903211,6.28172390615324,8.85181934108991,6.5570532374037,6.32602378396681,6.0414041632906,5.29345141606296,7.49177835853979,6.5228508911945,8.42177689510923,5.77808936488009,6.12731637106102,6.28940722375535,5.92721312701688,7.84415778347635,6.90944920934842,6.84223932563364,4.16882361423325,4.93843876321741,7.23121535437082,6.8679856989208,6.59928550993115,7.4813765233453,6.81266915089287,6.31765899011258,5.18278412973581,3.88187357219334,7.31183385288124,5.42307204653366,5.8753276686317,8.59593398123968,5.30243951955056,4.85444719697872,5.5097943813551,5.96174597888226,7.56514417877726,5.22330771190676,6.35915333242288,5.30861198989931,5.94248323717364,6.3237500656211,9.87284466527561,7.1789507510312,8.26429348557114,3.02001440213564,5.0538218513338,5.80241118845133,7.10424618211542,5.94579157207427,7.08923923092297,5.79399757618198,4.37231922618042,4.97512460929177,4.62986107686158,4.15654375299622,7.43781540567963,6.92951529118426,5.10880336944181,8.06731225632595,4.7631136781155,8.42727648061754,4.26788384180401,6.15507333982088,5.88155744891415,4.8955027859928,8.38753015055033,4.45541938788072,0.551457007929792,9.19750148995354,7.25492788261066,7.32662194521713,7.71108323890486,4.68203011842296,5.40075972605193,7.12374750060581,4.76229940595275
9,8.83612835173767,7.27603420344578,5.57567495561435,6.12435740676489,8.62339677513947,5.28981474119455,5.00272860796679,8.05625385366759,5.18218501801779,5.8556236226959,4.91586199515702,6.29564405013301,5.63880098279573,6.16023311202129,4.84699562556369,6.57930743641651,5.32338465228422,6.72476423277446,5.67336417406715,5.01035555033635,7.50220660918119,6.49712184371278,5.6929447399664,9.10162582214669,5.60550146494152,7.98702858213797,6.7567046039943,8.39561272507613,5.53191026026778,4.28420471671216,7.60400194198341,5.02904332639724,9.26387618971748,6.76514821481373,5.40834526936655,5.83113581840558,4.87548275884081,6.84235479552015,6.74952820918753,9.09582004991924,5.9421858897759,6.62520302023972,6.48855789561876,6.36434723450981,7.80586514406486,6.74897475296596,7.08924845100876,5.34410844791883,5.59109072892518,7.52201321005853,6.61892085734641,6.34302313650091,7.02815426350804,7.24393441609247,6.71138995768134,5.04119457501096,4.32212811318099,7.79107843000193,6.51267743987617,6.0034571746321,8.79214031252163,5.08096166156594,4.46991478848025,5.16889272495863,5.57734304942793,7.68385036336057,5.73540866522014,6.33403204650045,5.67765519868477,5.86545157996748,6.47117242034314,9.13243657932122,6.51082068665808,9.14713844689095,1.7822252124734,5.05264105029815,6.34546551132812,6.47173012889866,5.53451599060484,7.25058428325674,5.38668713536514,5.36715555932137,4.86392067994072,5.39982985881207,4.55113003481914,7.71563796218659,7.44794020169515,5.22997059271666,8.72218484083955,4.96204136243652,8.19999864392772,5.32868805349826,5.88968639389347,1.72526203611769,5.53474023773259,8.52905721343797,5.35567029684756,2.24657962173534,9.36636779463277,7.63761635808349,7.02400072853546,7.53716152217565,4.71436367789945,5.37713376230104,7.24802277070335,4.87713085808426
6,7.31324487447413,7.01285957527915,5.88580470200791,6.25849147452292,8.84670934605622,4.79811520848333,5.04944609638182,6.91066137477496,5.77424028348889,5.58004289326068,5.28578533630662,6.77605673409828,5.94436701784162,5.99825872942533,4.44260540049375,6.37644702910008,4.88671260414586,6.45798160816095,4.61307895456188,5.4679818512238,5.29285860131594,6.03481859368191,5.92456080421267,9.49952184486186,5.77557224981083,7.64174366604957,6.37698790020841,7.02797143504459,5.86191960973158,4.0232464957323,7.70620183527069,5.01545654199447,8.48056865448677,6.51140734432325,6.03430960216233,6.09227819772365,5.77871594987537,7.80583456997123,6.25973725642699,7.91469279144769,5.26777815924324,5.89371538822847,6.71162586930307,5.78552041468058,8.17613072000837,6.62012750725871,8.17671373845505,6.44405199504835,4.79672893156069,7.9623437266928,6.76756340133575,7.08097630695613,6.98788396509244,7.88371083820058,5.80511115493477,4.94324630465453,4.56660945834908,7.38236086665489,6.20338531231158,5.77153037408687,8.8197754647858,5.10917514579242,4.96717905329274,5.05061196040351,5.36593845065858,7.85746004778132,6.02304331512594,5.78135446076123,5.484076807671,5.69068566850204,5.95913152886156,8.60129050110903,6.78190919671158,8.07173242073818,4.17807122395067,5.57849863831677,6.1219780488206,6.89207947079964,6.36471749062287,6.76449222571231,5.51647289705737,3.71233465791989,5.29615361769136,5.40928557385742,4.17832276252708,7.00717157738294,6.41733717235161,5.49757446003886,7.89335395583135,5.07390929388389,8.37207172908944,7.78178294207514,4.21983384876502,5.6590438256944,5.29560158167974,8.59165289499112,4.76543857262176,2.74192579213087,9.54180621438004,7.62533071257179,7.37661440898782,7.90759520651728,5.20311975231252,4.75588913816197,7.11810936177202,4.42935531033878
0,7.56452390897302,7.23163371735559,5.51088112561024,6.22342792681397,8.69262912664781,5.90096608553187,4.53402077778817,7.35963812275937,6.13091460251227,6.53438143149465,5.3438973070804,5.96177235017923,6.64928924727881,6.05704063226468,4.52066781514519,6.7837229082906,5.07657646860958,6.55474161416481,5.53451982981947,5.71966602463975,5.50379946884065,6.87917025206509,6.19775243809084,9.31020447158581,5.83636509752186,7.42855386015051,7.19061439167332,7.19589252558459,5.68016678389094,3.47054223979314,8.04198666324412,5.58548131730787,9.02839779456747,6.65241450293383,5.84085208123971,6.3369510931252,4.96265548505514,6.79596503835751,5.99768910571083,7.89537227328869,3.70290324094442,7.10891938477591,6.4606747980361,5.8380051356636,7.86903830824915,6.02812132108695,6.71496666327044,4.61287003410355,5.63363642135377,8.3410974402882,6.52247650432648,6.98891356139166,7.1480933797971,6.70470790596871,6.87312564185578,4.87590336873182,4.45393253540405,8.30003926430378,6.43215196913583,5.4025403305936,8.66726809727503,4.9671661664957,4.42590384794925,6.21217501443753,6.03920570059687,8.01117825140429,5.19071779464111,6.06816376816198,5.25779934192482,5.43900093437448,6.6836845543826,8.7547441701562,5.75641573340705,9.31530055902773,3.86249565841029,4.27756477272672,6.19553450125625,6.58870811821195,5.77359406734405,7.06341506094724,4.88956275352524,4.98547636059409,5.78844684119719,4.66262638058715,4.67179814149475,7.27281330623511,7.34467155534174,6.20634199943334,8.59248631858603,4.7048800746592,8.44930198631475,5.6460143841657,5.26270802009484,3.58817750328472,5.29857228548594,7.75244148702238,4.58124663375068,3.7771370436433,9.48251747734967,8.59758178132788,7.43577410866964,7.50359955545736,5.02824598989847,5.41018652464641,6.84974200233755,5.31704204165238
4,8.71533639901677,7.17813326246464,5.93038021224893,6.19512055317438,8.85185224445833,5.73596462841823,4.84289779481821,6.92819045190683,6.33957575931206,5.14488952770873,5.30801118345944,4.87563527351349,5.20658012734748,6.6670815895112,3.97825609642528,6.56552209357042,5.57906117889925,7.28268372033959,4.05187591451188,5.54850379319984,7.56015499574009,6.13393599628483,5.60735593570471,9.11197246546133,5.85658424569331,7.83402749445409,7.2256890531783,8.30839842514972,5.85941784855355,3.72346033728859,8.11640289474516,5.37104671412416,8.8308180344255,6.96129328841126,6.10158874133236,5.11615757028915,5.57142926592211,7.82009118562301,6.47732245213707,9.25773558383791,5.14603757334847,6.73000912725309,6.2320463258406,5.42399232689623,7.92638506379985,6.60176962407397,7.09643027977701,6.60219276060859,5.25912734356948,7.73026604579092,6.35405357708321,5.71199045297049,6.95867741909341,7.24483561128698,7.03041071090719,4.72929877379793,4.83306138319772,6.62584466389464,6.58303106638592,5.77297692359435,8.63382446361198,5.89342716156855,5.40251991809697,5.10691791878626,5.46733281121291,8.49222104600681,5.8826219011206,6.9634912589404,5.6861365261881,5.66348783765412,6.45335721534228,9.44368252188239,5.94491605767603,8.67210875773467,4.34923368464982,5.43221635532325,6.66696657453393,6.73007097663002,5.6525758790791,6.78694133399944,5.46168638358859,5.67673033178185,5.95234698336592,5.17533888759054,5.10583041378455,8.37088935433597,7.47008125446863,5.52577745642712,8.34819855992413,4.85908135586249,7.95951860505606,6.33226878814149,5.69507667851201,2.52776061360819,4.41409778431687,7.95507095277142,5.21999092183916,3.97856448138684,9.39666201682979,8.08594607985391,7.39945575284009,7.71494135079104,4.91857117493125,4.51722301317058,7.04614598694316,4.14040038286377
1,7.66945326207943,7.43272520178517,5.88803432350866,6.32976083016245,9.04092516926628,5.91968774756266,4.75896461802649,7.31985121802678,5.47463334662925,5.23205168867751,5.25784664925659,5.42234368818573,6.61002960096829,5.97129851173669,4.31145323660464,7.26132979994982,5.844300212241,6.96460527480476,3.6287071990814,5.92321911165596,5.82049110632188,5.9701125096358,6.09507012544014,9.46132581455544,5.79968881383017,7.59786333916985,6.95688173654849,6.9472983208861,5.8215891043548,3.73429666395068,8.07602259367469,5.9087522614593,8.92537088536943,7.42465869653905,5.30968596534823,5.38157855060565,5.01966751778153,7.89914332695122,6.23569947645054,8.0245963198976,4.5189248551985,7.05993821893143,6.19582759111058,5.85122197010986,7.61465583566499,6.47782564143275,6.75118002721662,5.22520496590725,5.17469538426082,8.27654070582436,6.25376955932059,6.81919213358911,7.040125111962,6.27195899592974,6.54790990118784,4.61740590688891,5.3487587083437,7.37730577573614,6.5169338968969,5.73351447422788,8.26654030322382,5.24885247348113,5.25893782166233,4.79068626267101,5.67081889814803,7.80537016481935,6.40728825569426,6.51204124399417,5.68305058574704,5.33772445480652,6.19500788420447,10.0785250482669,5.93390024328668,9.44620329794501,3.05517270065083,4.92749450984127,6.19346195970873,6.20898582039185,5.85007412952378,6.81368498835105,5.8775867428228,6.58831244594191,5.16254400089133,3.77556727264205,4.74767049327974,7.32620084686774,7.71451177065508,5.83245828943435,8.42250983553084,4.5918582884772,7.8885102011579,4.57819130242994,5.680685457652,7.28266730501097,5.71363494930626,8.3909688672269,4.83757820444845,3.06875436920298,9.31332518663387,8.07799661218018,7.41439762653891,7.45035903773263,4.6939394371735,4.96421108367059,7.20981263894141,5.25518142920098
1,8.34387844867598,8.13227945795864,5.6651458427416,5.97565912105684,8.91589009451756,5.45273346617859,4.97135302708364,7.34755786648096,5.812492751953,6.58252927332056,5.36181849429017,4.09708276006163,6.16877763467579,6.42666679087848,4.45721881102541,7.0249995992441,6.10020023438701,6.5263503059835,3.65324610330051,5.51955837764918,7.21077132239038,5.71762904664743,5.92993011491457,9.13531321038546,6.07183751554607,7.70310365320381,6.7167069473686,8.10943761004317,6.3369761401523,4.18076852794912,6.94823288130559,4.99192815295153,9.77720896320857,6.26417868837856,5.42431109750722,5.9730480995724,5.53951310389381,7.64281188024388,6.35852161287732,8.77454457089281,4.49699553134091,6.12814630868886,6.40801814261287,5.45271605316552,7.080421871746,6.29231074385218,7.02812593566214,7.29066972109727,4.55493895366406,6.83063995985371,6.33133267988442,5.94410396205186,6.76434763526726,6.09216578834518,7.14921650528295,5.49579495146692,4.99133074678176,7.72050122137031,5.97889281082185,5.72925301203573,8.49696264960497,5.05021559515477,5.01515264247918,5.30970117483444,5.25812764220007,7.8916423883253,5.67617928387255,6.11199877524871,5.73840285924882,5.74218472534998,5.18398536538512,8.7342191450375,7.1780369174255,8.73990843095696,4.36196400809519,5.28262551448031,6.32540130695001,6.04235729651024,6.09436883422293,6.59476985326003,5.14596328655602,4.1417113822319,5.69855508606144,4.45775999314638,4.45361885030831,7.45441092450017,6.30865236855345,5.82952177174256,7.94664981316269,4.86701285840944,8.49359508916717,2.50890181024914,5.23945665254924,3.61949530339722,5.3686584327653,8.38292851001309,5.10168556440302,3.50896818289559,9.65188440842281,8.18362486160438,6.93850086816911,7.43436039738212,4.82753304891275,5.59147646627287,7.02420733950184,4.17958451529538
5,7.85052539518449,7.43057444565989,5.64102862035483,6.17772598421389,8.72982682974156,5.90841467210199,5.16733614760431,7.94922610362602,6.48169406165162,6.34067578095743,6.09609593776609,4.21570249165092,6.8255335389208,6.84218239887802,4.85507465098321,6.83515067838375,5.25318496054993,6.73655836153394,6.10948966888552,5.69472768283057,5.94229337963634,6.55263748722145,5.67478465256868,8.92170045070426,6.21976802610322,8.10087917378329,6.37115794702682,7.66862309378016,6.29335910586116,3.96952986112164,8.41349760510725,5.88086128382789,9.71966307856375,6.88474677702502,6.50572921331646,5.99885366446059,5.06862556452823,7.47162288480653,6.46299834314259,8.36083725530241,5.50112467988228,6.66968889058662,6.38412607790325,6.03268471677976,8.14846925719658,5.40242457710321,6.76040151667577,6.00512487849939,5.40387698315218,8.11375730285994,6.7070258018254,6.20508182751239,6.86429510671846,7.90836172982402,6.803674279681,4.97668820606581,4.84896791756817,7.22674013395472,7.1061865842253,5.60910725224501,8.77577203759778,5.64884890039505,4.25103199680157,4.47547876512926,4.31681966453687,7.71764914759954,6.46469457318812,5.6078159771604,5.59539054240168,5.36598843451654,5.93953737113231,9.75864974571786,5.27349219841949,9.02453004013738,4.02224722202232,5.54326170134333,6.40937934240613,5.65421724769767,6.03719467129484,6.60012954858454,5.03098443486085,4.62182933299435,5.79919554822112,5.59151139133682,4.26119703938717,7.51789079890331,7.27886263935999,5.63727579839419,8.51319397762481,4.91424486733406,8.12842733870182,4.95331268321145,4.4036280587391,6.3943168057982,4.59406645165382,8.06137877001729,5.49698819818009,5.76223903411559,9.26912671053006,8.29010612347147,7.02304970610093,7.64010298647467,5.2705440394838,5.66161253687847,6.86317314472683,4.77710502131456
7,8.36593464356592,7.50702491171257,6.01811997768608,6.47673678475888,8.76279469161471,5.62699303775176,5.27856891105151,7.05581114835367,5.93565318331293,5.58795798797779,5.38981382508117,5.40882811233859,5.13937260477077,6.10694238063734,4.56790511794416,7.03254445717401,6.15975630714668,7.32800853840534,4.26755495275162,5.30536471438966,7.07988779200185,6.8184429443024,5.44542334486109,9.25047234427804,5.73773332481125,8.21077184426228,6.94555859926214,8.2891067069816,5.71022121546644,3.48619388943339,8.75029130604532,5.32347286941233,9.68323618340126,6.99172374118581,5.35658505281692,5.83461412266023,5.16042217769343,7.26208324464222,6.56084781800466,8.83800102193771,6.66446175289645,6.40161406248172,6.05389225734968,5.57289138629882,8.25528546319562,6.06703733835952,6.98793339875021,6.44435450394557,5.71321721357421,8.15597762492586,7.56534752576293,7.46685723413647,6.85641391045573,7.07887082267661,6.15393633335481,4.5952734989917,5.38846423247087,7.55094255344772,6.44189148563369,5.8326449229831,8.14855601750688,6.11407213111907,4.7347896615623,4.76844424726674,6.22311265480197,8.06565924594636,6.02600690079227,6.58160565996216,5.70286492665997,6.41732218261899,6.16036600619747,9.90665989643768,5.95724783545183,8.8179308778854,3.45649987360031,4.79678125146738,6.43697052550013,6.51572759729811,5.22104691795344,6.55627696220639,6.05306621779023,4.97717540623985,5.53239261945685,5.23877763778379,4.95093874348284,7.49516067147732,7.09644680862042,5.11690369083889,8.42936681657089,4.6438050714058,7.96758649973686,6.87637469604794,4.98994260561084,4.85069732769063,5.00975382931213,8.55007709527625,4.96814837224676,3.66768951432007,9.19793916744521,8.30133184616751,7.73162009325376,7.69927615681596,5.20964838919067,5.97136563933913,6.86376664780557,5.85610336611208
0,7.69243888276295,6.86942676857008,5.80524459789169,6.29775873770332,9.14912184059007,5.48880144778475,5.2013650642972,6.81087882379354,5.54609466413609,5.82559709254489,5.29644452261817,4.64385431377347,6.42453512488188,6.48088048057765,3.98620746942869,6.8145372620398,5.66036351050576,6.97349714170135,3.83433486361733,5.44887290796943,6.07775541112459,5.46032438670786,5.93287704517153,9.09057055725994,6.35509326787663,8.02558476421418,6.60735557071539,7.37463035678535,5.99266075825644,2.42805707287416,8.04594627320404,6.1173785883961,8.64041015527115,7.19502044972303,5.38248799866501,6.29904514558812,5.17605421104337,7.06996373622857,6.11158848582002,8.48835570217517,3.90068528711809,7.03272142087012,6.31396700146848,5.3634495373811,7.30122984179904,5.89626743564367,6.6363427923063,6.86160803815387,5.15796105535627,8.02672816536303,6.69919088169381,6.87170923186377,6.7528962059482,6.58630811491116,5.74238394708315,5.25231569981534,4.88029100035948,7.39231887816736,6.07381855607439,5.80532870546173,8.60726631561934,5.13605751739269,6.33482865457849,5.87573424825743,5.1934086648649,7.09379302368812,6.12452567454815,5.66502267645846,5.74526147681737,5.81368258069113,5.41307851896309,9.06110370968388,5.33533818028981,8.57917476394588,4.13474735997393,5.16322475226225,6.32421948624707,6.53095081506662,5.22779688883428,6.89004924755918,4.54723975616773,4.74844927455571,5.16085693240072,4.6484969596462,4.13731226348753,6.83603096132911,6.995874835779,5.67596872088305,8.82066363557853,4.49461725897478,8.0342527492884,7.27683293458032,4.7077168742893,2.87788570273815,4.87430656179528,7.72991958732243,5.10298152700862,4.30129058041004,9.51704056050599,8.23761751149479,6.96665209797011,7.45169783886611,5.25079197607807,5.41062964698948,7.3122132614736,4.58857096635861
4,8.87848262585476,6.95930435598922,5.78128961869482,6.40450966268696,8.95674771983822,5.84968699751985,4.39881401899239,7.12135929345585,6.41727365073166,5.45541245264903,5.37686323890685,4.42210788195701,7.46610819532797,6.54226179238963,4.74147391222844,6.78656452922591,5.50116986182185,6.86170852194282,5.33067454092846,5.1631015316638,7.84865134655691,6.41818911828504,5.48230177059038,8.63784434284437,6.27134180990906,7.95724750029717,6.25878338808648,8.75686129231121,5.7251761279268,3.26786995531761,7.90061230671939,5.79779264306638,9.82925229518436,6.69698987186031,6.2389628042201,5.37606629970548,5.18153287980632,6.3964165094295,6.64072167279437,9.20687225885347,5.59155774333393,6.42776061400465,6.26207696896618,5.2817053523671,7.48590781144256,6.07785126055906,7.06126772300491,4.87775934557895,5.16686068254495,7.88298391748487,6.48617260344276,7.33460133636006,7.11021756795686,6.77184588442857,7.61099734734014,4.54742272656655,5.045801122463,7.69939547427509,6.53195828717807,6.19272690325655,8.77159414887017,5.46564227409618,4.5531997109169,5.32587400645077,4.6185899258493,8.30795935758408,6.58247444404672,6.37346121024392,5.78185124534762,5.69853306166118,6.10017038111936,9.66095074660062,6.5077214605035,8.55472956104457,4.61457370822662,4.89405331897233,6.1011944246688,6.55993266341801,5.68686506110205,6.79215632371088,5.60234961593497,4.16264005311057,6.09344075584721,4.53898462287101,5.06526718696883,7.67273106963538,6.64920187137023,5.33857929542228,8.21045542556199,4.42400390957665,8.30062585364876,6.06161012304537,5.37886672573418,4.55382876058088,4.51408151667695,8.29143376880182,5.32110189377409,4.83136254458626,9.34321997793769,7.56891808400313,7.48286400270061,7.5767432004249,4.89031514501452,4.17013704036195,7.12710339393696,4.61685813435622
5,9.21506129003275,7.47309907336956,5.52564972234593,5.86766942982499,8.82898164315189,5.55650645368219,5.1555840039552,8.12512802975549,5.70268342589182,5.33143569018155,5.33075304150735,5.88725322759179,7.81508370266043,6.10099656709913,4.78826848036254,7.32320677625514,5.8912956074306,7.28142904694183,4.87164062935598,5.30190583638963,7.99359098367519,6.46758911657417,6.16012221436143,8.61545771554005,6.21349108583546,8.47271812708636,6.82178354206423,9.12688016478467,5.91059385169585,3.03499440852068,7.50027782371024,4.57878571494268,10.5925399995511,6.22219210060242,6.20869384420412,6.28256271985106,5.38737780693472,7.55768371267797,6.56343582040506,9.74734002487461,4.63986181160363,6.6537750314884,6.07672776224935,5.38005067646176,7.63104489868915,5.93625966492048,7.2402769521281,5.26010174620354,5.37613568389648,8.14073608670712,7.10684773907329,5.18774300638219,6.99856485713849,4.79022621146131,6.14769357936971,4.61257482595957,4.78836352292326,7.50291900988424,6.45980531902362,6.00732082021308,8.77482769859011,5.21239975127665,5.33958011782933,5.2552893360978,5.03441068257358,7.73424556105261,5.71261023975839,6.44669690247062,5.55775756260293,5.92824394429408,5.29476200438591,9.10451649322557,5.96050545615967,8.71272165452734,4.03543219441262,4.83171867440066,6.01552332454041,5.93637797936279,5.50980683697903,6.55084019004262,4.98379394525479,4.07809270245021,5.42529434047402,5.06334505624797,4.70446949053311,8.13426280266292,7.33544327584261,5.1928579013442,8.22478595957365,4.22841326292709,7.7686977515136,7.05647929007403,4.39877107050753,3.03246785973921,5.53403017812635,7.99120005329138,5.46961112656406,3.59547435493028,9.60585531771191,7.75321932711879,7.8760162195972,7.42775368526848,5.34313719092927,4.70769599021852,7.45975908191896,4.18222005221499
6,7.68024921742405,7.53938909628707,6.02174513050845,6.1721736843958,9.32913595894218,5.66935288998739,4.55761063662192,7.4605692798322,5.71336894446728,5.87415245930627,5.59313913705064,3.5293896496207,6.70178450748307,6.45222960611218,4.62588164904761,6.95487731805053,5.36248346315499,6.99039724494602,4.32358910112161,5.60412267198601,6.06564608999477,6.48164389215578,5.86710411887898,8.96409480382651,5.89133545920824,7.22157742959787,6.1369614936644,7.75561270248904,6.07677751780811,3.99133154989727,8.1441158592739,5.5627106331758,9.45991133051119,6.4321131912351,5.88822640157917,5.47491035556171,5.49339598769165,7.10705199823699,5.79333039972478,8.34231705080854,5.58580498491794,6.87561344421394,6.27486078960862,5.61571564193691,8.40165947861717,5.97950606614902,6.95474703049777,3.52714203877629,5.13868402352898,7.53638925564567,6.67200328653622,6.37476229263484,6.96515871069534,6.07196759139653,5.69668308589896,4.61574303417071,4.70635416941001,8.02072298409515,6.05790251892015,5.80763148369777,8.61815750053097,5.27677336003019,5.3721092363162,4.8791849313742,5.64640272956326,7.60256167660988,7.3131917178367,6.40434131054053,5.34956152195176,5.69714330929811,6.72677594011259,9.47872749451573,6.18013993603585,9.00123230239122,3.35530358624768,4.24611133582835,6.00358998036249,6.87980854593407,5.82013120745423,6.52694055188959,5.07649261951548,6.07207308415454,5.404694171437,4.73495109775358,4.60279217312782,7.0877762861807,7.54912654509077,5.88099647403714,8.65755715920429,4.63967116057658,8.40873539514034,6.50802672615892,5.59901479420274,6.52395984300319,4.89611524474332,8.32636574434263,4.8547121269183,3.76357122266795,9.4504806322095,7.54137114953912,7.92506516398021,7.36036308480339,4.67022412886484,4.76692451145239,7.17236277519668,3.77639806837096
2,7.64584066804281,6.99954019491589,6.34521941536118,5.86612962691516,8.65740462606214,5.77750887035944,5.45965307136984,7.42984427432973,5.53695645660711,5.46999904759416,5.21662718909284,5.23398601376485,7.49423026347813,5.84704261055981,4.49794353299869,7.21248112248876,5.02146838696051,6.6012510058019,3.48722475252151,5.5756849145109,5.77905310455743,5.35181951861066,6.11397587475275,9.14341098737516,5.67626679635472,6.97873859743066,6.93676833042386,7.07642309757027,6.23734366699844,2.44461442350712,7.62111975470449,5.41464877602277,9.07835094241615,5.92200884014873,6.78627739901086,5.92143276518815,5.68037377559288,7.2066996096089,6.38663811381796,7.98261716929479,3.84099519462471,6.98682279323462,6.26687405248474,5.84361396036951,7.3900892712703,6.36534327267862,7.12337957567177,5.57393115794007,5.47522973769769,8.17095092946164,6.64533071523148,5.25784874459358,6.79492635304775,5.45162345932308,6.36507270788442,4.42543848840019,3.60529886504703,7.08338210423353,6.44004926089311,5.49753047197889,9.04632186107877,5.6265853480468,4.91856865923879,5.34437070782805,5.30117799395556,8.40701851706496,5.72201780066893,6.48522055433534,5.85195528633098,5.75296903316647,6.05290634415876,9.22424284435528,5.10125283603102,9.66694623090517,3.68494019749189,5.14158304619884,6.08728717813343,6.02744936745125,4.85003557064185,6.54107326965346,5.94745287429215,5.81315722331786,5.18399212731617,4.93911195264413,4.7801176898332,7.37305405746476,7.34015293063175,6.10126001287708,8.532649549401,4.34557569999041,8.06610825658117,4.73520662980502,4.53786672090277,6.41407114305821,5.26355164651975,8.09263332110256,4.86102467464729,1.98683703267653,9.7748492121778,8.7883630190092,7.39499297064635,7.36646591626802,5.25294826854842,5.47577097734198,7.32956724085045,5.14184440383878
9,9.03859714997949,7.24967028010174,6.02784054238041,6.20709237392084,8.66962783579166,5.70466569616383,5.26741949557014,6.74976266614458,5.1905271094507,4.39756422279363,5.09331330572431,5.55709993047186,6.97525492401398,6.08514088008589,4.63764040349428,7.23104024376001,5.8207866304931,6.51003322879356,4.87342702608293,5.92280813549375,7.71353325211973,5.98936806496892,5.20978835648897,9.64487945083754,5.4884334079834,8.06753306327994,7.3579502927969,8.93543357854655,6.46573212139137,5.21947576550008,9.14155813536999,6.13583206942909,9.93863632933101,6.91829949066131,7.22218013492726,6.90996791544084,5.81244660212673,6.81909746915491,6.10796228378237,9.61259448989703,7.23754670829779,6.9034524100602,5.99793962430003,5.38835787376475,8.37067841098064,6.78686669125395,6.87075461102703,5.91284982962557,5.81479752489652,8.20913983091956,6.95968182478231,6.99091919035049,7.10361582750647,6.42924774012842,6.63864003674574,4.53333984660184,3.92745290685464,6.97856008012706,6.98248611256652,6.23893385675268,8.22281345918611,5.57043154345984,5.52470778994901,5.90317877102829,5.6789271553587,7.84899085202151,5.5191107482774,6.88013818522417,5.68884813529225,6.03163231092119,5.91378965652991,9.71893799065144,5.85596686064262,9.22226725059939,3.89157991749694,4.90250261468549,6.08903464922313,6.40852715585327,5.00470428439842,6.6535188292072,4.90818925541393,6.46081429148977,4.96347429443504,5.23103503918518,4.97516505328951,6.91543349946452,7.49855377029335,5.09339204006444,8.4601687371668,4.15361011297653,8.2107929460587,3.43769945088527,4.25338558400394,8.39003306301369,5.25908696653711,8.37746304301648,4.46426896820199,2.17924116631131,9.280702916498,8.19182547992776,7.62847772191239,7.32629815625544,5.35211125012465,5.62056495505765,6.9136273128817,5.71861219928487
9,8.20923682062688,7.07117156056246,5.37468351016609,6.31121798689501,9.02124767611185,5.77945389435093,4.69999223527397,7.75888996354599,5.61913723533954,6.73652185190539,5.15641255314186,5.47229713009812,7.36146085496587,6.64940860588617,5.30494534523834,7.4155023956064,6.04197136480334,6.89809214458126,4.16469052368589,5.39911871578065,6.75675036980385,6.61411338761051,6.128406485725,9.11374045237437,5.11590557786965,8.25715677184687,7.15438289286631,8.14541579573845,5.28077755367215,3.80043930839745,8.21539920424715,5.49433848690833,9.80551750542968,6.46547158775241,5.91262189959337,6.39222803240476,6.41121951480688,7.54746098236258,6.26076361287961,8.49582422283472,6.8935107900295,6.45270211328561,6.55738000121933,5.03063192770069,8.26305776986267,6.15726045184203,7.47354372686701,3.0548965384216,5.43522256055727,8.2540806095362,6.18168214566019,7.23116330258429,7.23863528049009,6.28546192115764,6.97109260155639,4.63244429940614,4.8945329751262,7.80132975490099,5.85807465764628,6.07733776456864,9.12432547871884,5.21691415190815,4.14997076282489,4.98771226697307,5.39834018773318,8.05423360484298,5.92431934702305,5.46284869416138,5.37498026707866,5.44971477014983,5.87397541587838,9.21716822203769,6.21053775853348,8.26994527888099,5.08520338230394,4.59065365933277,6.06460054040762,6.56620975848844,6.48272409168234,6.60103810311047,4.87714281868103,4.04677895154639,5.37749567497541,5.26652947508563,4.13138703602882,7.18876594315661,6.97583569811333,4.91203071781578,8.2487002528049,4.12359194253105,8.21152576318065,4.89676195926095,5.19265326658904,3.08738059394843,4.56588058831429,8.72338473085773,4.93189350429634,2.76230898248293,9.28871433537434,7.8005942338245,6.98343871318798,7.48754190993064,5.2382431898244,5.1314084829506,7.22451440621982,3.59952333351851
4,8.63676596074486,7.80659276395249,5.57424651864142,6.49713262430929,9.16876648528783,5.13861209694926,5.35247431163445,7.3285052725069,6.18359594281478,4.92932004046196,5.39064758841682,3.99766945902746,7.89762893039355,5.96619830784671,3.9689551887724,6.62316596700266,5.49243856861607,7.37302576673259,4.80806537427968,5.44061721611178,7.70131396530442,5.56172812929785,6.00789657742494,9.42012330981481,5.74593189635543,7.61736507723114,7.4129536764022,7.75344229595412,6.03076317784855,3.61905078090359,6.828907835993,5.25766273180735,9.44499346416265,6.64941090896673,5.86030834664456,5.91207607338533,5.11600835257324,7.29994897871581,6.67371810184012,9.65266724199377,4.67662742216497,6.24809460748416,5.9336818359792,5.69346140593704,7.59339628828369,6.13161013321797,7.80254723898107,7.60135246985319,4.62609363154619,7.64728450208555,6.66052783837249,7.22340699268535,7.03736304309289,8.18110909258194,6.96003545829341,4.80880959350464,4.64856325003284,6.69111778131541,6.45697217578831,5.95015968560137,9.14977054771486,5.71468388066862,5.65542596081842,5.67032317846283,4.84788823689488,7.58643618689231,6.11357296087226,6.66916371463799,5.4371215687089,5.79766359907447,5.96467449639428,9.588567418526,6.82491020348469,8.07665130935619,3.69436879096769,4.85567097994975,5.90681434185801,6.1109101098662,6.29766108114707,6.87512269688762,5.68994212728803,4.43067864870605,5.78949343222954,3.85521692318465,5.13060177285739,7.37779175021944,6.75198328149504,5.34453020040165,7.60445971150264,4.63586614835214,8.11441555283826,6.45552978750466,5.30060842663868,5.66664031884539,5.50532149431782,8.69456548924468,4.64186080394683,3.71178495357958,9.58492621861945,7.51474800135387,7.98626940047639,7.76987778668032,4.96027765535377,5.91133707679255,7.03930296291244,6.01564961424809
8,8.53888492953216,7.1477487643715,5.99421479155762,6.1887045545586,8.98181710704637,5.53888241982327,4.58116366564001,7.38449380006141,6.08612529812321,5.98723904352599,5.67657385284167,4.44600539197004,8.64573111983845,6.1632995538162,4.50775140273309,6.32512257376501,5.34733031017006,7.26700230253735,3.93073746337061,4.54758844370059,7.13885825870191,5.65757167242901,5.60452419890361,9.46383087218197,6.0308323202778,8.02645105669087,7.24001852972982,8.30054889683447,5.58261142896065,4.10130112743664,7.67075315936771,4.80862395224465,9.32996389759275,7.75217541420995,4.63824642043815,6.58350569024362,6.07027953921892,6.82507916402855,6.65478108603177,9.16012511874248,6.00378496165281,6.40936778500114,6.51759897984809,6.3789206149456,8.3033548096276,6.37871122491855,6.97730523252901,3.99743822464866,5.07104794342207,7.47269265826557,6.7241203532761,6.57158160087949,6.97168833900798,6.23878944156307,6.89845175407077,5.26522191257695,4.76864057644269,7.47635946458982,6.72248111830635,6.17225572889785,8.69676387422144,4.83532561248902,5.13722782991514,5.5096821314361,4.50492518838512,8.15133621423715,5.92034845089664,5.87576114438691,5.61562819292332,5.6814478636236,6.4807253838442,8.68034512481501,6.50418645983125,8.06837672565452,2.15805222096899,4.91452837147443,6.57491940507981,6.28435648363134,6.85174008218415,6.37217215439048,6.40794327146973,6.27203450527771,5.85467653002239,5.78244567735321,4.02602794223613,6.22167756570174,7.33034381872663,5.1002595656257,8.04100954753712,5.23518251115492,8.04648486513009,5.03855229635068,5.78642207639572,3.68142848743084,5.63449300287004,8.23417280322674,4.81492107425239,4.3956017227549,9.4243285649571,7.39334428575732,7.59467850163289,7.57382257398804,4.60363713502721,4.58491449975105,7.34616775953018,4.96064514784626
9,8.25463755732073,7.54696937087277,5.51161544656131,6.44289203352243,9.06466603768846,6.07573153848734,4.53107470645011,7.16924382480499,6.32539440437412,5.55509740107245,5.71652451336467,4.11769471157019,6.30951601921498,6.42217068729151,5.04400113582543,6.71642795162133,5.64400967827002,6.96972717874516,4.88725675153037,5.85267024440089,6.92537993371766,6.63112936323936,5.91726344645022,8.48648882583589,6.25884276684571,7.95536818607239,7.61605893664003,7.88307400036943,5.99053798550003,5.50010513385768,8.92585525084545,5.27660185666937,8.97804875573261,6.77301845758289,5.79080155436127,5.42310948924918,5.23492510891589,7.8608679108675,6.04183885014537,8.86437854348533,6.53193516536841,6.00738674507608,6.13337017069364,6.0986638949897,8.85137558039234,5.80946587329172,7.48858810338914,4.43134535899413,5.53550018376952,8.03583275913894,6.46957052714607,6.93907352405778,7.30418401439946,6.87064152187649,6.09884078387241,5.14606705476452,4.88958904656548,7.1018749787777,6.7272025428821,5.66667468688629,8.78178607686987,4.98843845282103,3.80453444221123,5.82089622793113,4.81922234155173,7.14514894485087,6.05021331105451,6.26572635075747,5.54498450182306,5.48133993353896,6.12576650889838,9.10445145777847,5.99097884563387,8.53088512722845,2.74104135147549,4.73642007192422,5.60897488372781,6.08779345826638,5.34868523029786,6.87812616903532,5.847735521847,6.01730090513796,5.7684052771415,4.43848929196257,4.5571933158647,6.45722523465567,7.23857356062422,5.34951971243546,8.11263979909209,4.88829455361366,8.62559265963507,6.79478212838729,5.65724272446164,5.40744647363505,4.90221941873531,7.94893751784876,4.98833914128331,4.91902607695695,9.35030388349865,7.7754257734882,8.11662472584457,7.59817080253166,4.4854938010395,5.67569221061624,7.13663076515153,5.64787024106294
5,8.17610367545886,7.1589053405948,5.67455064464153,5.99774334776315,8.95282806997894,5.39315250518637,4.81394176371729,7.19490782432271,5.94046683659539,6.64505246297434,5.82937860027089,6.16375354253749,4.33085965700085,6.29268670271843,4.85201085974388,6.85986223605498,5.26385026281022,6.59719771030257,5.63799881707654,5.34480098787815,6.86632592122329,7.21484902643857,5.72318721351285,8.89223666794413,6.08041398601737,7.52477989209674,7.40096850239272,8.17777224532922,5.49342268510628,4.09887516157483,7.50774692710305,5.95576365352201,9.52214719184992,6.90764350708567,6.0078784488595,5.84755060295837,5.60469594263054,7.28998897481338,6.19847492028846,8.56204680598038,4.85641962270268,6.23907153403176,6.35423152890229,5.96486710257013,7.57022814836901,6.07118570471723,6.74181046810604,4.23612776872736,4.87911208498665,7.5622523907824,6.88671619868967,5.94448472866862,7.23250114062596,5.84378359272736,6.20750742144048,4.8100885876377,5.25041178744266,8.33537562038795,6.01644549590414,5.59988566393305,8.96422852670428,4.84380598014108,4.74395255391067,5.50610249401092,6.45431236457148,7.82569348899886,5.55478442230492,6.21326740043045,5.66783620951832,5.73822938023049,6.17862904538387,9.50052786258018,7.22561052233261,8.40162074731894,2.96747814793823,5.09466890289019,6.1366877863361,6.81689213276127,5.98793789554033,6.68173263930346,5.1636080193038,4.40263391085202,5.68964333357606,5.40658709179474,4.85829518576158,7.05373372619921,6.73227277247782,5.92998229226392,7.91949571746965,4.95027454027655,8.01361975384934,5.6516541341703,5.24285549168784,6.00356121963632,4.72456741549048,7.60158346160836,5.26508949542286,4.69508460191162,9.71888706191287,8.28687536252836,7.56747953621581,7.75863022728229,5.36791339367893,5.52116176235134,7.98332074554316,4.59994606684863
9,8.0222793328649,7.77350463622722,5.97823123620194,6.41639041919218,9.02954496968773,6.42534849664416,5.52122564034534,7.59670276321438,5.96935081571645,5.60953386095482,5.25968805205178,6.748137409653,5.80919793935813,6.72765755407819,5.35517997149463,7.81869993031423,5.24067593597689,6.5409914045139,4.94596302790685,5.23019199658643,6.34021995100918,5.91393786972409,5.87223270728406,8.85280923660039,5.79181308441078,8.59444750787465,7.75706566329449,8.53672660000053,6.50443461866276,4.48759156725393,10.0330516225773,5.65610335229634,9.16632369433421,7.23637234936488,5.46065908924156,6.42005223360972,5.45350160566389,7.00024906845479,6.58508013852931,8.45812815881427,7.36782796026142,6.89711573307651,6.21250363891451,5.13216779300851,8.39396798069478,6.35890445331878,8.15147376933323,4.18733928075381,6.39653504051298,9.3559922010291,5.88975313490935,7.50415662862039,7.13791409094892,6.87539711190515,6.36457258144339,4.51053640903551,4.70232443821149,7.02063278836889,6.23122562249393,5.82641153717149,8.37915291606161,5.542347491891,4.21946795148095,4.73848560550601,5.54006648086999,8.14901046808666,6.18622707057342,6.92141854874066,5.76724727185924,5.1904990060196,5.25691869769869,9.5871269159472,6.81745074869348,9.41823179770659,4.37681089832551,4.76996380147777,6.20347732808813,7.18917284173541,6.50716917377812,6.96335443440628,4.91413305132425,6.77208489413181,5.34604078395793,4.51535140866621,5.45483678433949,7.73652064894221,7.5111582651559,5.06267707176135,8.64095776605949,4.1664714620804,7.87844866826817,5.55717267805627,5.46119529762802,6.06914755286386,4.98791578511922,8.56480911937414,5.29247849153323,2.22925816038384,8.9364780152837,8.33288090860239,7.03073738527337,7.41719010866058,4.98957213145085,5.67829229699565,6.87039892041632,4.38044122877038
6,7.9454794244059,7.20657698659343,5.64450877575139,6.02454364270185,8.81888405805938,5.8799371209013,5.5622243470239,7.27707451582042,5.51833591671681,6.31900813671791,5.56447493051833,4.70431387451946,7.65320294806735,6.2736668464108,4.87479327005552,6.5683234098295,4.91990446453843,7.38674735244084,4.40845489552007,5.28168356011181,6.0616217981604,6.08341578827182,6.15240216459494,8.87321904308911,6.13502685341697,7.99988219383974,5.47800305222448,7.30524046225681,6.37449347831999,2.59119598399714,8.45825130677335,5.75321529641183,9.14077220761385,6.01594415774236,5.07367103893711,6.44250982076936,5.15486579984057,6.99641359303986,6.91293125218708,8.92645590634097,5.83243922106364,6.8657077133283,6.26497405682166,5.58769821884228,8.29770602670218,5.91927613183943,7.09564373962627,5.91586058358541,5.55708288284239,8.13427838515758,6.559990888372,5.68790628938181,6.80083361863858,6.55333792350023,6.4225998372778,5.26621416233976,4.76274819629312,7.51101058856983,6.40138618525409,5.87304859823561,8.57187368639594,5.46881437318821,4.6057600977864,5.25233674969322,5.14970273833199,7.85016890769115,6.36202066854411,6.22050195811524,5.47969441005202,5.40781532966552,6.36852627181087,9.41494214121372,5.51133267315926,8.91936007458735,3.87413261537166,4.92088624454246,6.04038744204449,6.12762833836478,5.67379686180154,6.76038227406307,5.22094725329208,5.16970805569547,5.76931256502092,4.13412985324949,4.668869472599,7.07059341137063,7.35524777783333,5.52695550288775,8.49158565635771,5.10264327817121,7.87026865363709,3.96374919317979,5.41093531515298,5.83430303867861,4.80650166292665,7.98998363594154,5.38660568272658,4.55112656663125,9.38929795727501,8.05212222061417,7.46288532167128,7.6130945300661,4.78537454888238,6.2353587946486,7.14664463636703,5.05617920333197
0,9.27463737029365,8.05752710680517,5.50647657757785,6.18227592173482,8.87640781811934,5.11548662001196,5.18429065890495,7.70812084198406,5.34897402364046,4.96660770566052,5.1162043784446,4.24373772883291,6.01042258830864,6.08653631913841,4.98478428171018,7.04401511424838,5.07977562037852,6.78470725761573,5.38239181656471,5.28357590841424,8.10015710756016,6.51795437351412,6.3352439575833,8.57405521147404,5.95826657984133,8.38163719420391,6.63952768937611,9.28275259443026,6.05075597060617,3.82974848424242,7.3144765278006,5.52058547370896,9.31043962728425,6.5639761192384,5.78667480944124,6.36010088031582,5.65911389990332,6.95573899779825,6.47301268103903,9.87475895865815,4.25645489019944,6.44328864362765,6.16324794510884,6.00377509116911,8.15715164120054,5.69514538553789,6.44381174857928,4.25080913649444,5.01874204307237,7.85420975262456,6.66175681196611,6.63795840139396,6.94375455655375,6.57631223314074,6.11387261760962,4.67932249349675,4.5912099666145,7.87902876559137,6.07127868023098,5.61136319397763,8.37227549918523,5.61090697164277,4.01488414659135,5.02557138414642,4.8101027387112,7.96710495744391,6.63184929519342,6.36493500269004,5.55950800137252,5.57947546886989,6.1584504792438,9.40596420054149,6.16583294278571,8.3399506463527,3.04615359720064,5.06932090244013,6.08985828964513,6.90853156541341,5.3545094157718,6.53428951229089,5.08734132205202,6.06467392931731,5.22406991323469,4.03515127682141,4.62769141775478,6.89096811982455,7.7073266480607,6.00798672516185,8.01369981906975,4.81680682110325,8.22066134880509,6.90804512229719,6.08115060799371,3.91694244045739,5.2734706872931,7.84879176758898,5.38944838840291,2.9787410627252,9.69825152255665,7.93467528630969,7.73327260873545,7.54903216532757,4.75524058582575,5.4903165851567,7.5131891804655,5.60466059812998
0,8.01441870339396,7.41025835410017,5.40578436826987,6.17270617818652,8.83629751029046,5.53997277910109,4.42014261714125,6.94964922449385,5.59360626821748,3.98428754235506,5.79684819221848,3.60478625122573,6.97310545586206,6.05600704732836,4.51331922206395,7.09964789626515,5.48301168733713,6.88635916498808,4.71951671531118,4.98412656257868,6.37555060609086,5.68413626151846,5.51275837897988,8.97469027902639,5.84582044240106,7.26902486358272,6.72702133983079,8.0736008100848,6.85822044607385,4.59775495896413,7.38000851185714,5.49432889809528,8.54026358456824,7.31893177401816,6.12362985222945,5.7480300704854,5.19378929938464,6.95327995451401,6.1468420873698,8.70913194549333,2.79814984965369,6.3637330131773,6.51588819967555,5.44135784579348,7.59680630618182,6.64740176515858,6.40802494056834,5.646821622194,4.30627188005463,7.83105498293407,6.59299957601956,5.9481888773212,7.02077322125975,5.66538827647324,6.55408334353848,4.83457212971229,4.6931782560341,7.55301958416859,6.71802741971623,5.26301504491027,8.89517572601715,5.01060614447277,4.77862448357111,5.58539939729726,5.70071893680619,7.64949550172534,5.07416422404287,6.06869380665298,5.25571473215194,5.6993282701251,5.90081513083959,9.6351635300318,5.47162665805964,8.47245264715986,5.46967264460533,5.37108531297879,5.99663790908436,6.04279458490845,6.17919018440157,6.68611595391364,5.45374537297413,4.67305254152188,5.41660291018524,4.52961008564805,3.94138651347064,7.3114010007014,6.91969810018585,6.56691781371192,7.79263471304434,4.63631271186409,7.79086280698484,6.62478339789165,5.06898185394435,4.4448585341856,5.5091938751117,7.89136950492946,4.97784583390309,3.93027823187263,9.85722458761939,8.45584172462552,7.71696580545155,7.75393410293533,5.10629321226528,4.9726437710743,6.77570884276692,4.82530357952815
9,7.92411772041291,7.36648904532389,5.77253361209983,6.24953378951628,8.59951108100958,5.40714089050153,5.30622519630535,7.93808616371297,5.40301422811246,6.30720126731673,4.80614621151484,5.20778184899669,8.27205061107741,6.36025215885234,4.74401978410734,7.03880189249443,5.78600402617142,7.10542372463311,4.29598581207338,5.17105061152883,6.1989892664357,6.67850357480708,5.84120005217159,9.49160997580312,5.4041822378119,8.75008468719353,6.93817710343912,8.00033549620349,5.91158147091897,1.53230629650052,7.65447357745229,4.59894946552627,9.85332632928858,6.69737590614387,5.9417767149403,5.81853367390614,5.65847089510632,7.59249645920787,6.43855035671865,8.25509975632625,6.88277075282462,6.03752922284281,5.97520218687557,5.4840225444625,8.87372551851246,6.36010363635837,6.67171567953587,6.21984443634235,5.2038717897424,7.45570572406722,7.21515442772517,6.81552408950032,6.77212194046452,7.09306790490823,5.9828540476189,4.46127516715415,3.47457492194048,6.58064789830694,6.44583311063002,6.31955432090468,8.46888473140302,5.44923577243357,5.17361468746934,5.87279265079087,5.91105439149928,7.21116386770164,5.83502333227548,6.77551812637908,5.45277543872598,6.21752789736692,5.62380605741054,9.0461643088127,6.28147521013338,8.47447209999125,3.532438999271,4.24590869073639,5.76481758378789,6.65222106189425,5.82678330959025,6.9396276963985,4.59525293426571,5.22719639542432,5.07087375801471,4.87831274808869,4.52655250039227,6.71840703693263,7.32610919355323,4.69684426854991,8.22645708719891,4.25380708999578,8.18469936832379,6.42675592968225,5.3803734082392,-0.106359575960415,4.82013499127954,8.99374229316348,4.80197242648926,1.40068632761924,9.43383407880424,7.52507725698348,7.02928912708194,7.28189024175376,4.81293566266618,5.61378682860168,7.28897093920814,4.19379110400399
5,7.73890901890423,7.78128280715422,6.16864326029362,6.20657820598469,8.95158736416328,6.41209073205038,4.06612181971436,7.93254184370162,6.35851123135847,6.14584387636105,5.77153527616144,4.81497187102621,7.41256267967911,6.28847184831882,5.13431750764214,6.38501994809175,6.1207365287782,6.81991648989542,5.29402882826037,5.39639907840102,5.81227976326623,6.21385392490101,6.15465750432797,8.66118256293095,6.53646913772288,8.01759320847666,6.71752335200312,7.39668861274143,6.60502002236655,4.87940289204331,8.89718532269786,6.65811742895168,9.14796064486693,6.81752198547698,5.89931677765551,5.8276050787482,5.90274571486684,7.4021833490273,6.9221393796551,8.51625203958439,6.22895055157338,6.93261164072157,6.44391553912754,5.68206913851247,8.19535268142288,5.7536500602492,7.60217358724225,4.22979147812775,5.68036469595084,8.25326240197941,6.00254682585189,6.31474638517063,7.20406385078986,6.6087556150581,6.54598125117615,4.38349673368111,5.48178479628049,7.46620112523407,6.2495994257815,5.9896240392553,8.58379049409699,4.84801504105729,4.28254164773632,4.65003079508913,4.71623733599501,8.01258339854996,5.02087838138296,5.60570827774722,5.94401529634374,5.31798747529144,5.34679488324304,8.4795252532975,5.7287385591299,9.56737998913475,3.98081914499069,4.3795067134803,6.21527180836397,5.89269299547942,6.25626236188876,7.62842962478407,5.91057342662677,6.29429409500658,5.907143828076,4.82292687821973,3.77015655864753,6.7552523627705,7.58554068413054,5.15202276470888,8.44106665037637,4.51067444305851,8.34414793220093,4.33796519808076,6.36820988259173,5.04973841325215,5.21468807945181,8.23369463244572,5.25415417147024,5.27233955620009,9.29630449909891,7.83695895166466,8.25325647280149,7.66040312236029,4.51138380264941,5.45695314968108,7.36527296347369,2.97539315149595
5,8.76246470594897,7.37920353108172,4.86126195559179,6.32069383885394,9.13462694723687,5.89633943186682,4.44943297567003,7.11462132706594,6.2384912380733,5.67229168480715,5.60983424227602,4.39635917578417,4.88499306165723,6.57383080304732,4.78747072238226,6.53180964164182,4.84862839151991,6.95066816135863,4.56056447436418,4.80862332702913,7.49563016506094,4.91967326054008,5.52860883852326,8.81017928590508,6.3633226533433,8.03272544323297,6.93585322044548,8.82678497870844,6.54551424804241,4.42308169166085,7.9259518387099,5.20530336113906,9.15142520801528,7.10856980871704,4.83732471424047,5.51309958671706,6.26654782512248,7.54383857160037,7.02027717662148,8.84425243929116,5.25889693106189,6.55246231400445,6.04803849487427,5.4711128949539,8.37826923954234,5.99054814744638,7.09004070668463,4.51881635082114,5.344823542516,7.73075841807526,7.13182989779222,6.63635964443404,7.12679468847659,7.58720790543463,6.49164896711243,4.87695422462282,4.54240562427772,6.96372194896979,6.69843687346281,5.92122413498255,8.39851831116118,5.26672780096599,5.61185314891093,5.39473056337467,5.44818373974523,8.41995632442158,6.34703012492711,6.63890884207984,5.21897485190097,6.04976794555235,5.75914092866857,8.96739229542892,6.6590529070849,9.03224861721204,4.59943002869504,5.06310886292655,5.93239867109588,6.16403743687246,6.3409225582958,6.46608720952444,6.3546696554696,5.49108899923947,5.93451365156264,3.73875617609013,4.59292900799204,7.83264693652864,7.29787186370189,5.6346615186368,8.20425938735831,4.66825064288563,8.28446520608692,4.20128781088423,5.2842246783563,1.639597535795,4.89162394919477,8.36780918886157,5.24017815711808,4.58525137569699,9.46831897446791,7.78665043242632,7.70825745337301,7.96478891855895,5.07513188602752,5.05388166975272,7.53354399596831,5.17966898188683
3,7.62423399072108,7.82860393722845,5.51214101310744,6.22181153228729,9.11131740477113,5.72460400855597,5.18022079391421,7.29100026782942,5.94291591683829,7.14885894999407,5.63206573705858,4.3087754457898,7.06473894845639,5.86190436702122,4.41935838965474,6.76428047341974,5.774554853987,6.91913378087073,3.7838982906591,5.55316063219877,6.20399061611059,6.71923823582096,6.03988271865978,8.71839791811389,6.42979190581266,7.9240661532809,6.40693873675698,7.17994039642736,5.8407303839652,6.050023377073,7.92212371674022,5.65798841187552,8.37568912798799,6.45778620303234,6.15675767916029,6.54158754768859,5.31310503400212,6.8309643396896,6.37157473420458,8.07735816867591,5.51456764703306,6.53012456477242,6.14375691879759,5.98544952576817,7.50305956245114,6.34305709285326,7.31639269869113,4.76618736533933,5.32687146321489,7.85955339810189,6.88243638194685,6.21355061117568,7.35955063254226,7.67412915346581,5.91654405498313,5.12190922188748,4.78570783254345,7.11310852262998,6.05051562751238,6.16365822011157,8.53786304197837,5.90629102178487,5.2514112378049,5.47942081059306,6.27509180560688,8.02551088918853,7.80981630055145,5.67931272830265,5.59624688831902,6.0597531452927,5.82077036458605,10.0122171247371,6.80360614791331,8.87981849944494,3.05564504033918,5.18753260147319,6.12459773684916,5.97598274805739,7.07895055250357,6.86041718465767,5.60793316388945,4.69566658821013,5.75456979796625,5.98062666116145,4.32524121436736,6.63631728347559,6.8449195481114,4.96566991701753,7.97962476132858,4.98069183479364,8.52764643733387,9.28950299337013,5.17005887871347,5.5387019485476,5.37435533954677,8.55173404747049,5.36986840429624,4.58660405432358,9.19914910812952,7.92830599386272,7.36371225648648,7.6261431900641,4.95189514332881,4.43513965832462,7.62988871518708,4.68900146321889
6,8.8868898499523,7.9846412861629,5.65364561740761,6.45511149624291,9.28063263204792,6.12202675582769,5.04396055069398,7.64346689570018,6.22843229834587,4.82927266638665,5.41439388786292,3.82408870413297,5.1267258750539,5.97626087618162,4.31988272194703,6.15410520862432,6.06553047120812,7.01112396695672,4.38895274013001,5.72960236172675,7.58415232739735,5.79041545748069,5.90883415171415,9.08323415303236,6.0445486600287,7.43247692453761,6.54787092882736,9.14347558500882,5.93872643122868,2.6189149633579,9.1732969600921,5.6458569974581,9.30083571316171,6.86519435690057,5.30068059276619,6.06709060066308,5.24201004392027,7.4397954240101,6.1762812792139,9.30508066613726,6.22119061655425,7.17070787480518,6.34683949623723,5.75688040911229,8.1764713878451,5.77754264938876,6.72297219270351,6.90054014173928,5.89374215568728,8.93090688922958,6.80426133871039,6.65898046344472,6.57761612728094,6.4318637640864,5.74328254598403,4.79762525864635,5.52194913526675,6.59212673086089,6.22958420377825,5.71536906064836,8.49473284440784,5.60409030427091,4.88316965870877,5.2491217242633,5.83406502280403,7.85005403178418,6.94757150007817,6.08720933021055,5.37605388917703,5.90736969090281,5.39856946588845,9.37283627062475,4.95728921163753,9.62101876363523,3.83257448072276,4.9895473743969,6.42592756730788,6.39663533516422,4.8028279474775,7.27097706902376,5.75910359554803,6.28626056257262,5.64191879810945,6.01382820505041,4.55593718940302,7.63216515489025,7.73387566109498,5.46091329710004,9.03265528664388,5.02121713637836,7.87750927770503,5.69572590274612,4.96734541963857,3.34005854417343,5.35355443855604,7.98344466903716,4.70899933609918,4.4583068425992,9.17913098834126,8.41433902530656,7.71936817293793,7.56941710615048,4.94943785754853,4.70592569277447,7.4212693029754,4.6531879459723
5,8.49932182074978,7.50660171856398,5.68411272569966,6.32513258263073,9.28370551986449,5.58016549378372,5.22566996091023,7.54424682023858,6.01953865424805,4.92455706385531,5.57595225435424,5.31223693382541,7.88570123444831,6.53539022865866,5.37324966594192,7.41003715351009,5.03521686359127,6.53401229809932,4.53319733188982,5.53770780529584,6.58723999523627,6.14332791800521,6.099396672509,8.53169133973688,5.75455277812546,7.93517977567864,6.83194644014672,8.07094814849037,6.53515959779685,3.50674844834978,7.80302058419328,5.47147099686197,8.91141344076024,6.49092895095763,5.84357317999636,6.34412654482657,5.10320107585829,7.16413631568759,6.85241304666706,9.05649666244919,5.34498761854587,6.27397489495788,6.51197505043289,5.48456854777588,7.79831687764097,5.9284075452662,6.92606524416444,5.23218379662248,4.81966881798695,7.49857822137455,6.47562075438931,6.34301616767586,6.98851956864505,6.90437819140231,7.19140294473743,5.12874324264364,5.21149834526524,7.46484204702425,5.73375398580068,5.88441948340439,8.79668735544154,4.985726588946,4.1453835181894,5.86121071670185,5.27192264660588,7.97003858752177,5.79370150528418,5.02475355288736,5.66099325029148,5.15974387610525,6.24729285672594,9.30774552663364,6.22443162765116,8.21299003427828,3.95536788017508,4.31961190189208,6.34063130271552,5.26868524772321,5.69246884307975,6.45492370008563,5.15370381330509,4.88355722696983,5.57034772270909,4.49915090934692,4.09533216616424,7.3892744134302,7.0461939215227,5.15999936119665,8.09930543949246,4.56722616014572,8.37811391792518,5.68601509998532,5.85821073758232,6.75491380188721,4.6339391730425,8.95640985471817,5.42424953828897,3.89157618551186,9.38172704774465,7.6203475780879,7.3671228075466,7.49341785179105,4.51473696412376,4.87181041320685,6.96673796886385,4.2864065445532
4,7.92402649389147,7.47436679260215,5.62658584120298,6.28296664413217,9.1349839187718,5.77900640980378,5.36321620683523,7.41972841012445,5.59501198986311,5.90777133134643,5.29190442944774,6.21132763440086,6.63597773599375,6.60598235367398,4.72660914389441,6.87202723605445,5.84857038225285,6.981291017907,3.50279487030788,5.20442852692895,6.23449069520527,6.00705024283423,6.14867940740326,8.97449169650017,5.80185749652669,8.21496458011384,6.54016523488047,7.35951920208663,5.79935460725719,5.04422371193822,8.02198354892598,5.74748560724051,8.6977197401517,7.29857647617351,5.75229348027032,5.38429209473658,5.46352397588011,6.79584452126731,6.71362155551544,8.28415305193807,4.38238936552567,6.85752934006157,6.20332618945177,5.34110445320328,7.71467834707144,6.16137663054941,6.73160479783585,4.89048975669981,5.20238778214144,7.61788080853751,6.94474893242725,6.6280251220544,7.20824300889005,6.19709751057943,6.63287182756654,4.45034999792161,4.93833911773317,7.53936402040136,6.61907352858272,5.64981033065791,8.14756262213001,5.50482753883032,4.51471658683723,4.81231224069884,5.4032829291289,7.51515220212271,6.6558818790788,6.6921171507997,5.68717224208209,5.56653084143396,6.37138066472084,8.91005196749864,5.75614494657141,9.3611270306996,5.14339029007171,4.64020274339981,6.19059447697814,6.36591055598242,6.17576927484175,6.71925092615754,5.30302039146541,5.60011830518923,5.51393265680774,5.46326699619403,4.97348210436623,6.84400413860158,6.94859972433297,5.5144189319335,8.03059816448222,4.37285302716828,7.82078040092247,5.2337317827622,5.10945661594757,3.93816971079674,4.90304013333861,8.60159202595422,5.29048193209662,3.68209723075833,9.29877953366963,8.06100355017642,7.25410113236804,7.77149802097711,4.8651735090938,5.38879999732767,7.56763886428489,6.08614690402948
1,8.28101621522471,6.96234593629071,6.43615629551355,6.19522477628841,8.97393238612764,5.19411780652394,5.25566368587713,7.55967134939097,5.98465797030995,4.9579486135689,5.14829877585345,4.60774508401011,6.45436758063348,6.59297078639893,5.41255392853034,6.84049398923191,5.47910721061554,6.77725890314156,4.84866480123638,5.31375768786422,6.97196690317758,5.97581958710438,6.13267758568988,8.8693415765156,5.88330633970088,7.69740276455298,6.63487107562083,7.88699704463057,5.76862282055425,5.93005968896475,7.48643553147811,5.48770810227663,9.04104841096678,6.60000621034696,6.08097218139799,6.09594549612225,5.5419648892701,7.05478895721606,6.01023659367381,8.60475944392479,4.42055099461748,6.54524086939867,6.39886284188027,5.70751456429613,7.39293720972015,5.89662778270713,6.95642349884277,5.02386840709617,4.56922701205346,7.55085161245807,6.93478365442915,5.57788830128994,7.30067411708181,7.10954778629334,5.40363994707621,4.94475260288228,4.39825833042668,7.45430667564586,6.50703781292823,5.85343698804733,8.58991580114025,5.52161047043062,4.15497949275254,5.71190074605822,5.13021797356676,8.17374126847265,5.21376407099086,6.09086485194214,6.05504524792996,6.0585260422392,6.25296796952218,9.37011507976393,5.44167521566179,8.57600910754234,3.66503919733058,5.03617778234013,5.69966720927398,6.42382673951948,6.07783399677782,6.69934174714375,5.45575496605923,5.98639966973145,5.56894130065948,5.20715174152619,4.38213227808738,6.93098874966606,7.08787810140922,5.65435781481193,8.08855733346634,4.78641732254942,7.52868622901789,5.67066058188236,6.21116889727074,1.96180955462642,4.79496026313393,7.82900338971968,5.25043686883477,3.38827074826077,9.31008055369184,7.82721884615863,7.8853856224479,7.60727669697638,4.75203696803938,3.85559648420014,6.8032892104991,4.38479198705306
8,8.64101843545705,7.16741314428202,6.32627820983287,6.24775870348879,9.23971977590461,5.65398219749343,4.44994322811508,6.43802969951323,5.72659986924292,6.50572028155923,5.36227645918936,4.94966182486179,8.14617144971113,6.77526500861121,4.50878862043425,6.74619594083548,5.84184999818344,6.84999833918166,5.46594042702723,5.59177406524722,7.01586785892731,6.52614022027463,5.55660620675526,9.05409573827628,5.94260530097565,8.10016136851418,6.51911176929826,7.96255669088741,6.29062720775334,3.32904548815688,8.75552520452766,5.69269359650409,8.96264102947875,6.24675907786542,6.76124918444683,5.45434042920358,5.53963780819072,7.51949521983506,6.89650027985354,8.83807329245657,6.82837135685023,6.65522011555192,5.96689525987963,5.76820190803291,7.87412197466767,5.9621990898409,6.52363990883785,6.22362384662709,5.55810653317441,8.3043236213352,6.69804193916397,6.44672245064105,6.89279652229416,6.47854368298538,6.91138554337275,4.48811330106263,4.72802736901335,7.26031099034843,6.44849514917066,6.07241958373474,8.22236301990806,5.48775547963596,4.65048769924654,5.71091756447726,5.09739141101492,7.45197036396849,5.26809837200607,7.190684222331,5.99139600120827,5.67509027971194,5.2265847707072,8.51605192478228,5.44634170015085,8.98947052830396,4.1194679743837,5.24115689970234,6.41662175236046,6.64370637895441,5.87281439274136,7.04841841998419,4.58880000676298,4.84779902131681,5.68730448215824,5.40850534153023,5.40082718211124,7.49578427287508,7.0407763652772,4.83476918429695,8.52817686832383,4.70062516940519,8.09367932587872,6.81833507045815,5.35096386731561,2.76138211052966,4.36440065345349,8.40153769783844,5.02213125930067,3.29143129545471,8.98615279605668,8.27992770060356,7.30150784273775,7.43624098722289,5.32952144827339,5.77292170089646,7.36683641626894,4.62703410077977
8,7.89671519445178,7.37499275409387,6.01612954850574,6.42453414114027,9.38474037565813,5.62903940127493,4.76241079211675,7.66274251047401,6.31033044798735,5.79171710409763,6.13943564360483,4.22602519672239,6.91504693796561,6.27228716424673,5.23752097753465,7.03190109293314,5.75944813167263,7.45492713079039,5.34784071413235,5.39540059874349,6.36467878022159,6.46168389647961,5.78346062955736,8.44111361010823,6.0753822373564,8.21773580914031,5.93637133210141,7.41370850303579,6.32772551396429,4.4826882234494,7.93207674660143,5.68522043725277,8.92666698862828,6.91991981946529,6.42833495473115,5.27631173508849,4.93409917490383,7.29520597350153,5.97718383103451,8.26034648766465,6.57346515456042,6.09642134264192,6.4992105105402,5.76494640170644,8.62668039820923,6.02871785482876,7.24242067692168,6.03512530881286,5.5698293184272,8.05738732200697,6.5677841768424,7.03248820078945,7.11081952017269,7.6167934971469,6.80631727850421,4.96308412734796,4.86089714928926,7.15886664564511,6.13724862661176,5.61661404963298,8.84573970778873,5.56385343712391,4.02345812628679,5.43059178823846,6.39016439083338,8.19613660839603,6.43812011530423,5.93345016898284,5.65283568892454,5.5903082677137,5.49305419177554,8.85796582302256,6.1997757383401,8.59900594041685,3.50107072918514,4.62096504306573,6.10726953479866,6.59420962435509,5.92137806915041,7.33428776496531,6.00118131174989,6.61827158403445,5.84038249577824,4.0806939356386,4.26563435417602,7.25119707873824,7.27281196836521,5.48622192443311,7.94065745178025,4.40878467833148,7.71329681168549,4.0612041743637,4.92765342831727,1.66362784255379,5.03651995813326,8.35134112068189,5.41358669826512,5.45483080151932,9.23286824814061,7.71152694086214,7.81267786702005,7.23321353791181,4.95645177467305,4.70200679241287,7.23641826574004,4.24346974803992
6,8.04093715830361,7.15459189890245,6.10855743178723,5.94782221721,8.88949187682995,6.2664025504915,4.43070064306582,6.06552679032225,5.84490144756898,5.95974209165959,4.7739723605627,5.1662327486642,8.32538599421772,6.43787114859554,4.13063433099672,6.11924674507099,5.81412301495905,6.89828586060659,5.04999251971079,6.25991585490407,6.27406082680553,5.8157683582754,6.12932188740297,9.79831966381092,5.17496418842508,7.37558978860518,6.93212106750217,8.05124245140044,6.11682039617587,2.62541885932248,9.03969402763968,5.44645157589839,8.92987439865312,6.61953336916746,6.16477154862686,5.39606565360405,5.08278374363696,7.00131963261392,6.53938536700872,8.79517205585092,5.93952458318093,6.80899052842384,6.37934992644606,5.92927017184452,7.43133945760481,6.98550362635272,7.05385256827275,5.57847615813378,5.75278278770347,8.42034134714298,6.40877137678763,5.39760052376595,6.93500465464778,5.91239011805983,6.43862135388098,5.6005466934946,2.73277522258968,7.40043824090168,6.55704436952557,5.92745785545339,9.03846922798833,5.38684901917316,5.26963419524747,5.87723494756907,5.39157888414731,7.49503725563216,5.92637963273956,6.5271287108579,5.78428843103911,5.68935166682743,5.96619402089249,8.64236134804816,6.19187103262636,9.03525964949017,3.53459332485757,5.6591803425335,5.88909830372932,6.91506902005383,6.50853146798878,6.44095631158594,5.5352729556153,3.56603353823377,5.19407959835856,4.66249519709866,4.80848206699006,7.24733695289193,6.54049478244748,5.49669113889527,8.54091769061418,5.31988459707389,7.94393529433105,5.273313945773,5.03333914687159,6.88063014897932,4.60890015064973,8.07380011179239,4.60278235704812,0.435430764822556,9.18060245007763,7.94701274595678,7.67760466048147,7.686722337391,5.03437381727045,4.81517437474988,6.90649802268656,3.64340933224935
0,8.01166360500698,7.11140724263652,5.83244044432828,6.02673982184524,9.20438955433722,5.06157648979847,5.2179311699099,7.16473508757753,6.29701127660285,6.04173068136214,5.68193873935868,5.60642069517645,5.51987157641746,6.26528732187993,4.82893968383331,6.44102039184037,5.56935419878274,6.81903477056249,5.17330295436386,5.76105914450351,6.40826349627192,6.03524400747047,5.68331770652297,8.59382786029864,6.44606427836826,7.23748466182179,6.93384399345266,7.72663528773361,6.11735060096446,2.85980576413055,6.93621792725002,5.39539581901757,9.46108052504722,6.71064205142124,6.76124485916331,6.50751289803779,6.01180322390637,7.02029917261725,6.32778515594728,8.47166122616427,3.75936122294925,6.54056950325657,6.16357541984665,5.86666696149237,7.48561567375273,5.5201795221066,7.20516484912267,6.14192426280819,4.71635603167721,7.33075952373147,6.55277559168838,5.67679214226721,6.41939539143057,6.20298635302536,5.85793017232542,5.28832003326642,4.20593140339494,7.20778860814147,6.15120518207995,5.62390726623903,8.25046534077004,5.67953402127923,4.49772287398681,4.14151498250845,6.06797250058657,7.45481208002605,6.851946962436,6.34553236172478,5.54998599949441,5.51442863190735,5.61049886414892,9.22884804708155,4.87424524682489,8.97320752540771,3.37192291276798,5.09736400539004,6.29222735052152,6.46614507328449,5.52207247386926,6.22965965120487,6.04679752054162,5.41419733651795,5.55465742704563,4.09724642273575,4.36701530162668,7.3012474486051,7.17299938915887,5.78804707390276,8.04285845621814,4.76592443863868,8.15940983686732,6.43430179008777,4.89666801265919,2.60262673468378,5.37444578580776,8.02357133112566,5.3275956721855,4.5711794051629,9.49423715570409,8.16122951879791,8.04263435134337,7.61464437876658,5.14724920972537,5.01917938815259,7.47372978532357,4.66043364846677
0,8.280836008275,7.34866047501729,5.96653064316036,6.12754457994167,9.36572225320443,4.76292513684986,4.72064157255822,7.29184594692542,6.15714368162741,6.54119094049459,5.96573261503815,4.08332116709987,5.67681441430882,5.81416008159793,5.49898245093859,6.9842809815446,5.89042887156607,6.67681054675008,4.12485496341689,5.82999883534013,6.91352829523777,6.3805125512832,6.10472870596261,8.57949710959331,6.74088922549812,7.54901184786755,7.29814341632911,7.89883782332499,6.16298698545184,2.61298080498215,6.7989557756682,6.0751808529621,9.78574294951167,6.96243404030268,6.30398979157253,5.51396085812061,5.61098247465465,7.42805619746744,6.14497065423141,8.63908682904276,4.06473912511723,6.2652190020279,5.91075803609102,5.08040599467895,7.2745083958243,5.32323287581637,7.83797487647394,6.12983007767578,4.38606422446789,7.28182089043279,6.57271402116203,5.82231795478307,7.030251941379,6.64552521006681,6.32742247977936,4.78930395191485,6.17114729173325,7.3889641320814,6.49003739639104,5.59890758374856,8.26900948054533,5.13342362486664,4.88985171232984,5.33959807625777,5.61730052547257,7.3881321673989,5.88920123697556,6.79778182122585,5.970895015533,5.69378319427033,5.54309670233757,8.74891488987398,6.69390844716993,8.14783581288218,5.155404112975,4.85658589100365,6.34083529951021,6.79106718180005,6.13993900123232,6.91664443250009,5.62077441328084,3.77531689772884,5.71059273997903,4.55251553864576,5.00088735807851,7.3103429088762,6.6733087775765,5.88159307353971,8.25080842164039,4.1332996481502,7.98548430607967,5.54461765520599,5.73965482261799,3.36911857748319,5.3507241249615,8.16578416437116,5.66808804363927,6.87813976779785,9.63015942843632,7.98733009926974,7.75262537293045,7.74217948030081,4.82687761622595,4.8806128023417,6.59319439040862,4.49622199051492
3,8.25937652536276,7.77041796482817,5.59052701290348,6.54237974419938,8.9056428023943,5.37164163101068,4.42193900350493,7.21406088636846,5.7469228447896,5.8359717851649,5.20657574513462,6.80648366237147,7.57653685103263,6.08754975221895,4.66559829841711,6.95581857128712,5.35516600417254,6.78871734950612,4.30247286282162,5.22654769897687,6.72427700421653,5.06446106951948,5.84394078606808,9.10081737514497,5.52217071100748,7.86828522595605,7.09525192110205,8.37231270151637,5.43869111615267,3.80314332190083,7.80571479050326,4.95215041201235,9.29783803586141,7.24683247366098,5.90164206368534,6.39918888417622,4.76408267460969,6.32796572393865,6.57182961365204,8.92949606142353,4.27979778606741,6.55704491650811,6.40552614911792,5.71885365969305,8.00263870056521,6.3849156596413,7.25141457787264,5.53529398018003,5.34360820715513,8.39898423846756,6.43403111559882,7.63177597973825,7.3059584692993,7.40161616849991,6.50638836880486,4.79740103296555,4.5291135707761,7.14293020493248,6.66541449821198,5.63199561976807,8.38047039675764,5.24634756743614,4.71891129653901,4.80453438730708,5.77539228660152,7.76068003086765,5.72983590363914,6.27661367285693,5.28972372476919,5.3005458414572,6.12766847403024,9.19199078010791,5.14934390875616,9.26577521980149,2.65416447123206,4.72919235817169,6.16225494352978,6.76771158821387,6.00997411692411,7.19018968334058,5.65050358590288,6.38695244445756,5.4100675364267,5.29348453297841,5.3606860591406,6.53105347136689,7.5576738638843,5.74230245081562,8.58278127904308,4.79801020424971,7.52044869179117,4.80061824003413,4.83506459317777,3.48129526472645,5.21935568380737,8.549696033589,4.86173398236242,2.29757372221968,9.39776004814128,8.5894716911079,7.60627202682655,7.68152290650589,5.05085251155287,5.45605833780616,7.37508849885812,5.89510757390646
7,8.59518146943189,6.94058411837166,5.44995406073104,6.37827237140474,9.0861042874433,5.42239208148364,5.02035724637613,7.64902809288774,6.12940743122036,4.49842586983401,5.36016740662429,5.57162216527336,5.84317679708159,6.60834848218032,4.10361156209498,7.47902523945055,5.58475753758635,6.9925737013908,4.70864837365435,5.70398527892514,7.13044642734612,5.72469353547107,5.45625808593059,9.25576512590371,6.00201021296062,8.03002241390928,6.68085076933942,8.34060593377766,6.39261526446977,1.930537165104,7.13400833939693,5.42245796564839,10.1413134982116,6.35487835910682,6.55385475145548,5.60629891376516,5.52844207760347,7.87431379837312,6.88383442227942,9.29644442098452,5.5194817614358,5.94707039831832,6.32572918129471,4.72276128674823,7.75059384154148,5.69454884025358,6.56966851332557,5.27358800684459,5.10839649237512,7.83194128376798,6.78375009649621,6.90965413587723,6.95061151551672,8.04109393590443,6.57783460861937,4.24036294740857,4.86505133973725,6.90126519035167,6.43538590485285,6.13319890041853,8.81390567082719,5.82484286175239,5.19277873724202,5.56549830874425,5.7737340470774,7.27112372925898,7.16048986773492,6.12688097120017,5.13974554309808,5.72244434440939,5.41636539532226,9.70840639398304,6.51889811241027,8.59320000842979,6.2960339903147,4.68050105062034,6.24469068444622,6.6538898962809,5.77752459525075,6.9193478176762,4.7427095506467,5.41346894450128,5.75390431807671,4.68675293882151,4.76670654307677,6.845260408474,7.21415257910511,5.28127436290626,7.67145208049276,4.21362026363867,8.12049449834486,3.54702077541253,5.61877317157235,0.273855186841779,4.61495999371508,8.4136139653265,4.73567581956513,4.22428110751997,9.55189985375756,7.85285326533408,7.68758462843959,7.26404201560672,4.87583966104642,5.59675374346074,7.17774894159109,4.22475370093251
8,8.03683380753898,7.65072974406251,5.52879815094369,6.03573695822927,8.87560809809474,4.88711961827536,5.61222825122809,7.86215465449474,6.02830053835591,5.36122462242408,5.47515568128448,4.77178569541562,6.05927109864718,6.22481304171895,4.60368397530314,7.02883282340716,5.30229449418275,6.3999971538995,4.21619370191309,5.28466868561771,6.60342566520194,5.41754073285423,5.53441544395762,9.2886987899646,6.06316707479367,8.60389332572151,6.40610741881696,7.99877397518687,6.30009839589328,4.17176828355038,7.62209476126455,5.69405897409821,9.3293449518329,7.01274289212485,6.30357076598978,6.02287532735204,5.24401639119914,7.30837467826805,6.42690139153825,9.25690847860984,6.47405251309607,5.81255639804014,6.42583663585691,5.40739259974656,8.79753240731025,6.14273704638387,7.57455864755298,4.26333864634832,5.12798103655825,7.44632679248105,6.57060003615093,5.91759298375033,7.00947196252985,6.75298811975893,6.10473019400363,4.70201273777519,4.97232308144598,7.43829365188538,6.97819841738341,5.85731042570641,8.22302988871775,5.24587497459254,5.10936900582956,4.31981140841431,5.82647037826398,7.81841362907319,5.54763962869183,6.15991573095753,5.36157120831644,5.63273984238152,5.9873396369965,9.64028405656232,5.96278366131802,7.68712947533328,4.01658573418746,4.97331816567937,6.24579270248283,6.18743559531848,5.4976810203364,6.48984085256427,4.65653715873147,4.93220202635775,5.57752515401938,4.94708374170872,4.35960065867049,7.56231412594285,6.94852520520991,5.27668893989684,7.87302553317768,4.27538036384163,7.80523222348235,6.14023987421647,5.33185523074562,2.65918126493406,5.40032114612549,8.1716736672036,4.98679127606822,4.11342953156184,9.5407791412952,7.84946632534166,6.99049516263911,7.63844279943193,4.98248573712953,5.06630910724301,7.18417310191909,4.45095681155524
9,8.31258777506852,7.06876020165387,6.23634783247842,6.50364838435047,9.29826342760672,5.91525599085525,5.34094760226039,7.15808268549811,5.71445782040598,5.38175725718695,5.47798755460794,4.06632450165925,7.5469087055873,6.41536647378079,5.44789153412936,6.71353641839393,5.54589525420614,7.59075086015311,4.32072334511105,5.14692352618918,7.23655994601409,6.47572772139847,6.2849728570704,8.69621328728855,6.11460436231839,8.32901198232964,7.44824740609618,8.40904725447827,5.98745352516064,2.92483883015055,9.19944340614573,5.9346799335509,9.65660468316338,7.32205142564383,5.66550086372947,5.7241250954252,6.2192171001719,7.20898260018654,6.46855167257402,8.74325869297876,7.10742899822414,6.69132655008084,6.14131570826073,5.83554916918593,8.51219235949788,5.47865031283412,7.97928958010605,5.6998298208034,5.42134887775961,8.45383506719125,6.68374771360508,6.88091113236127,6.85563589106031,6.38377262946795,6.12689559589237,5.23741899380161,5.73002693080949,6.66909824844891,5.88326438978522,5.94624926903181,8.51750712058447,6.00804393551645,4.10039731168503,6.0287758973141,6.04693368411008,8.22584895759215,6.13059836770437,6.69502825084542,5.90314118525357,5.6983063074908,6.110373502563,9.85225563142291,4.77665431841799,8.96013806872929,2.82159085915433,4.97890382807665,6.45925201725302,6.76687817818629,4.90915936035548,7.03239148626673,5.46973506405923,7.35861485508473,5.49173884530159,4.44712994130719,5.17836352620178,7.1702355462575,7.72996459019418,4.72292656220473,8.39279962699998,4.9210219822418,7.87808103750973,6.2151499074092,5.74822702317045,1.48039295562159,5.12066455385392,8.88548854942794,5.48696354825868,4.89406825311495,9.1786688617378,7.98665305623655,7.18146419601495,7.57284054424899,4.74664406580994,5.08302088819647,7.30490410847178,4.99685344038869
5,7.36504316179021,6.99935784606633,5.78978583456572,6.13850624179078,9.088369745731,6.19797252639985,4.56285834475673,7.78612731925276,5.8378054098595,5.80799878565856,5.71299421802411,3.94591035634915,4.71561509001953,6.35687296974243,4.10404148011904,6.93940460790492,5.61023232629793,6.98693835102352,4.11054530834593,5.16343879626042,5.84729366881824,6.12226778642987,6.14927421606919,8.9988252917308,5.91605663824409,8.50293267906014,7.50693155417182,7.61524417010405,5.26616974446705,1.31070450621489,8.7389266782978,4.97302940866218,9.67502741722087,7.35399769051236,5.63059173081369,5.59339699487129,5.38886065072891,6.93787492543339,6.73783660034201,7.74177620772805,4.82203984523057,6.9432504382649,6.20916094952599,5.47617562257885,8.18418420692106,6.15751549282949,6.54186380426843,5.20911088904225,5.52381076863822,8.14954516773374,6.90688189260523,6.39698533044311,6.77115468637258,6.8725543709468,6.17842847278232,4.41486839920815,4.94117578520131,7.92734695813947,6.38613849353317,6.10751631365295,8.41557417686942,5.11200457121597,5.66665279897087,6.04310746929668,5.67012049669518,8.3492252147118,6.83338698118638,6.2265283775869,5.42238508992162,5.89174855517619,5.69088079466753,8.77035598946348,6.43458833882155,8.98493755835825,5.51156523484455,5.39533007617762,5.91765854524146,6.40999522117599,5.81518297543408,6.92361805936796,5.46782215437323,6.84528235083469,5.38055355360532,5.13581805368538,4.50182358623064,6.86627672333078,7.45117467998734,5.05554866163246,8.52421084164331,4.27094271556063,7.57465305365841,6.1124102758043,5.97301952185684,4.44579630215117,4.82595175319103,8.28790660703505,5.06379161363983,4.14378939530527,9.17550259104746,7.72859863404963,7.41270967812518,7.52982827844566,4.77556896666196,6.14421653497237,7.05169132620392,4.26385568972124
4,8.30712878202769,8.00140281433367,5.78174136809182,6.20060874580201,9.30079067165776,5.83270095025721,4.64557953580435,7.25488656039283,5.87325169901676,7.31357760337085,5.39037623130574,4.81939646121405,5.68057097134488,6.09898641384792,4.71400425809623,7.65001026271383,6.03222092967234,7.18574409577792,3.9683330499888,5.9507327798392,6.52085089028641,6.33353726835863,6.12152644953261,8.82972181942823,5.7840876179375,8.36686085326032,6.26656188596337,8.10449532960615,6.51040863893805,3.91838152796144,8.49165601443901,6.19812522078686,9.46989980707392,7.44452169957522,6.31191684432204,6.26335554399496,5.36412955961367,7.74238989846015,6.42403084859979,8.70967522043345,5.7471181168448,6.87348737916899,6.3168966772542,5.3126168745041,8.0649268856508,5.96597964521462,7.07662668701172,5.21883116237762,5.40256411868529,7.75626536621387,6.29117942937752,6.9124080137584,6.79947407688787,7.41591835570592,6.43299703793917,4.37851803174887,5.29831268795103,7.30278762549104,5.99171474901386,5.99801151551974,8.64014441396884,5.52941109136713,4.95934141467809,5.41290676334177,5.62324328232349,7.74505160670524,7.180423358403,6.51161531495724,5.54720263549565,5.66026436810052,6.01038351570864,9.47494144098155,6.67139519949043,8.93152077014014,4.78446778917932,4.60992455933663,5.72731862542147,5.9023887048142,6.25594806451569,6.87312528015991,5.72465793394071,5.41318279924807,5.60526867283169,4.37077740183183,5.18307148488651,6.97258669920504,7.36236070546872,5.59564255550168,8.47474792867436,4.1522579506458,8.08952128271169,4.53351712003033,5.23491887410839,3.37726293511079,5.24116899287548,8.49790869629951,5.15228049752224,4.55376922753628,9.30791296248273,7.77024329118764,7.4162495115782,7.23458778538402,4.8194478508964,5.2951910328782,7.15802989139759,4.56457857660765
0,8.32210954731099,7.1258446519574,6.15217925723324,6.02425512865563,8.67927833251304,5.81827355463523,4.92830245189496,7.13132743040754,5.70498194191858,5.24380766063278,5.46969434600985,4.97803459429207,6.06958019256896,6.36980166576512,4.72313005450058,6.68243201885619,5.48505277774928,6.76728976247245,4.37439299142146,6.13921875222621,6.89338130120901,5.43651852587896,5.61613486021471,8.95095779187847,6.35496908622374,7.75241030574026,6.87069026972657,8.1766252030397,6.41023113787278,2.61979621797461,7.8746689659387,6.00947149497234,9.41533292306073,7.37690862702249,4.99084966874344,6.65978505977987,6.14204455872623,6.99932416924287,6.20644093479158,8.99881589370412,3.6716675669958,6.98381478566653,6.49409712456733,5.44698275983076,7.34796658333205,5.77132921347922,7.45117528097688,6.48689240066246,4.99108448734673,7.56495248419571,6.87087997065636,6.13205086677017,6.89705435832792,6.99074766847301,6.52259917277184,4.83758971076278,4.09909798718944,7.35506319911768,6.73495051739268,5.49559459403163,8.66303739646769,5.22824072012255,5.02207220154733,5.65148550528833,5.66333039516537,8.20694850815873,6.34268375516775,6.33230221620909,5.90892169169676,5.63409453561326,6.36198826488027,9.23576057497124,5.5066282516771,9.06198879378344,4.33779892408368,4.64706030027195,5.631738135816,6.60293436905131,5.91230489110858,6.78433952990514,5.89976870472524,5.57225654127812,5.30757280974206,5.67396991869075,4.78611540430322,6.74159559972162,7.08220426767732,6.08551813363895,8.49233442215743,4.56654836022396,8.8032668893748,5.41411102622671,6.5604297224737,2.28222037961382,4.87350633560176,8.05020020218944,5.21872683074437,3.35919977598561,9.54734288594875,8.03880042593994,7.02025660487216,7.65886594320938,4.68297190661191,5.826158776432,6.79908495388282,4.90116509682773
0,8.86438126851181,7.25232660093533,5.68127974193439,6.08654686988211,9.20667453373156,6.29263048268031,5.31148053690535,6.19393151547999,5.87153184142445,5.60411213025397,5.86160040454613,4.91087492987208,8.2993449015947,6.33121914017617,4.78501005185704,6.95339273516615,5.74608048529542,6.60029214013963,3.15179581696661,5.59797854929048,7.67228994176326,5.29481351628373,5.88150739896827,8.71757193141932,6.19555995516529,7.22479304672024,6.04384054739149,9.09906845863761,5.86120701744338,3.19369878067821,7.5694585476527,6.49533912958366,9.46714512440884,7.21417077816592,5.45452555735174,4.66466791417376,5.66244543408991,8.15742356479248,6.44832992607377,9.07330295369922,3.56314330254896,6.88506850646688,6.3696203742251,5.52040714955886,7.59116452249394,5.61781816411616,7.72970678411956,3.87675425564433,5.22718131848581,7.83150278253956,6.84406302244601,6.04681542018593,6.8462033657249,6.14281401936361,6.87430482126157,4.59108830446246,5.55572795018308,7.02749823611232,6.31111230456395,5.33086072130174,9.16272761313772,5.02544763796276,4.54666203433076,5.25316444313795,5.12059685040087,8.21482038756706,5.8741579039059,6.12393091276724,5.74352551246959,5.94098940275826,6.40386448509364,8.98085534325538,6.20500715284048,8.84801643327225,4.4160965539978,4.81601333737237,6.60124163400115,5.89580511376441,5.73753596271392,6.95616023908945,5.31222205627798,6.04629923216362,5.64313980172632,5.02309576257854,4.06425716300599,6.98833226712838,7.28996083085362,6.27848910161,8.5386962806899,4.4511358159551,7.19868454762602,4.72339093444121,5.15754229494162,5.16080548433763,5.0211791256473,8.23660507152538,5.39349812144863,5.15446544455166,9.66839889808923,8.17332632245974,7.38339036869748,7.55495867019947,4.8653820204957,5.02084264892136,7.41319540501949,5.83798813070276
5,8.74483083800065,7.42415423050865,5.76067094875569,6.38697872590087,9.05887570096194,6.22119333878889,4.96557181455639,7.85301317184146,6.19615768458635,6.50942564216612,5.91313161251911,4.45319643208825,7.08994508319981,6.3022039611354,4.70106765007377,5.91125011527673,5.00928780689181,7.73254918398744,4.13278210567114,4.72711481196581,7.34007741278928,5.75660909384357,5.70303335501721,8.81940724035025,6.01963820595081,8.17158466845859,6.86624608504613,8.97086970954955,6.43095062251473,3.47035096544419,8.7594691350357,5.57452321836585,9.42372594704386,6.62692774712135,5.95200152548682,6.47715724056779,4.77288287331599,6.55625689285332,6.48953917056641,9.10425965090024,5.0828207179919,6.66728180966952,6.31003600441143,5.91809653444752,8.02301531845237,5.26870587032854,6.88327115723965,7.87956752514548,5.50367836811318,8.64751889338222,6.66794386594746,6.84542477751397,6.98776764087887,6.22855762897098,7.23076724765067,5.56939987172081,5.01230738230301,6.44425041002999,6.3963884912201,6.14724640599991,8.51064068857804,6.0407980372094,5.1209078582723,5.78565236966494,5.04352506165944,7.65896667190117,7.17921527746745,6.55257740514203,5.45645102118377,5.46217798867482,5.89391405821909,9.88503023313544,5.83308684354665,8.94138177181905,2.99458906346248,4.63739206719331,6.06287218745819,6.7805868121386,5.48536631423413,7.11271578780641,5.52492275889483,5.14239216862741,6.17514871624876,4.60116652735533,4.90858888421688,7.43020821263869,7.48789024479854,5.11746033545779,8.19828980019365,5.26931709255318,7.7905841763529,6.05484896060033,5.09957433804672,6.06436975925681,5.11895753423637,8.11912308091016,5.36946029228393,5.11730051755604,9.37166116595734,8.09211958077653,7.48570848775782,7.63263609654324,5.39637877202889,4.47757592836837,7.21425182868448,5.80772753942987
4,7.84152481466887,7.61493426555881,5.5860466103911,6.48595576246144,8.98787146815454,5.19153392788346,4.67397357991542,8.04600333577624,5.73684776452199,5.45866717037223,5.24080526003382,7.03064471610093,7.77449986920414,6.32029783028349,4.10219744260143,7.08417187533571,6.1513395152652,6.98380272699736,4.45637414594856,5.88525811034669,6.03380409840339,6.80606798944844,6.67797354957345,10.1371735128343,5.6911593985617,7.9246857123686,7.08039130502002,7.34704035157388,6.39823498323568,4.96932541850384,6.93851747604631,6.01158311650656,9.62714242464028,6.61319425774097,6.27351254822444,5.94216065483981,5.27881167958897,8.06312681012481,6.32852635920711,8.46636525080858,5.28749585379779,5.99595174433192,6.59104141420074,5.26885961387828,8.00633054920146,6.18193403086835,6.59935227248168,4.81392328693354,4.86281860470216,7.37566798641785,6.49484244311968,6.75339265955128,7.26123647610902,7.15323785650624,6.91716067604058,4.49461571928121,4.32579962943782,7.33860403453063,5.82668858012694,5.68132933091012,8.72259038823396,5.43839813841769,5.17841439503614,5.63773586365618,5.65527686545853,7.23363319669536,6.83649136042742,5.53875637680819,5.42977909731619,5.45136691068138,5.53234862662064,10.0448714983152,5.84790340687718,8.14170969076911,4.11478782644742,4.77921134003801,5.97394663603243,6.55151324575119,5.24485342406198,7.07224024664352,5.94556784252272,4.16322118042298,5.28493607779332,5.08373340068432,3.8255858089557,7.16769252524418,6.82332125637176,5.6703256157485,7.65592607229856,4.55669863898513,7.90089444335287,6.25504878023179,5.75749847909765,11.2173496868186,5.03961733382908,8.00496496824294,4.1158049732005,1.8540865050506,9.49670238140791,7.81231443671388,7.83351449618776,7.33382555703282,4.81422695658025,6.01919183545847,7.01658367437431,4.64560808151472
5,8.74832850922197,7.91338386108636,5.76308229750851,6.01957385383952,9.07921618557014,5.67613437512656,5.16342500969228,7.29588652850922,5.53218896819734,5.85334038990939,5.46658214491218,5.03146427805048,7.24787973289183,6.06434294998262,4.98918463923154,7.05970006299586,5.670875344122,7.1218425933677,4.17229755239314,5.04665927378244,7.38959994450189,5.4280384526133,6.03003792057921,9.03836326644958,5.8685845862507,8.56755291428836,7.03204983936329,8.81191377050088,6.23137131047717,4.38703589955125,8.12367043041817,5.53544173258552,9.80199515185646,7.32562084987235,5.57039645185253,5.73801792523243,5.94638124097824,7.53750920180356,6.36276160481914,8.94000149701964,5.47878202550284,6.85903622858812,6.26568241458254,5.63248571687806,8.15874253864195,6.20605241132188,7.05288788572993,3.89629887979292,5.54106483112122,7.86631451434858,6.22557774633186,6.06380828484824,6.91330755862653,5.80142254424069,7.00442671422836,5.0971288588314,4.46169695207748,7.30609502706865,5.8804150561409,6.05976251316853,8.82959047221725,5.45930835317629,5.24782409888183,5.45860625934457,6.0669490156136,7.95597324335184,5.97970631930295,6.22564509873155,5.61940018132871,5.65387315295461,5.79134334462108,9.9607817259552,6.39775957386745,9.17510981851381,3.21141954925022,4.95503410566409,6.28188879986897,6.28869078186341,5.98620884615506,6.9319536529355,5.13955863904573,6.29886430962888,5.20869184098952,4.58474619753789,4.69328680461563,6.96267766828902,7.53901995791121,5.25136315322426,8.78492903866648,4.35641234888977,8.14241815660966,4.77779853274482,5.44310219423077,6.87796719514892,5.14299175152011,8.29932104720371,5.02883658598543,3.2481558700156,9.10910498190919,7.65594075268316,7.5026233371147,7.49883594106076,5.05484273263399,5.88737622865536,6.63987584909344,4.84401236218271
8,7.58664277279058,7.5216713790711,6.01783265599719,6.44373480189522,8.82830679696787,5.81611169450472,5.58863638847041,7.4226596066223,6.20534030700285,5.34083731414763,5.5021431190883,4.26411433671855,5.80343853301557,6.24131434077502,4.20685485397456,7.44663646988896,5.14766618734606,6.95747025386501,3.91860138642891,5.18821460529884,5.8212153792096,6.44666382981318,5.43022229294132,8.71378013069717,6.11779238981104,7.27377263851593,6.63835641324175,7.24158785948183,6.03920435055532,4.31527920290835,8.35284431513947,4.95435523425314,10.138233848465,6.98682481034219,6.5160310733771,6.26907455051167,5.76843823394829,6.91428984748854,6.85771771493794,8.27637223969986,6.21912484844161,6.75069667874762,6.00205259712023,5.25904599792658,8.32433979354046,5.94237434642345,6.8991704482856,4.80258229532585,5.47330512973506,8.58563556576102,7.03832481581104,6.8499094419892,7.23493989707231,7.05347922529929,6.93374475437661,4.26463962106991,4.83752898989401,6.87956336950907,6.59815427963499,5.85636993628705,9.01619398831897,5.69020947590059,5.25615601719172,5.68528101085837,5.98329394718534,6.92606495055497,6.31676278837413,6.87178600726402,5.62129733119658,6.07929304779021,6.35316786484156,9.99290174739234,6.10466914742825,8.95268148668219,4.85600050125788,5.23675774966364,6.30787485277622,6.87913870526417,5.58308168772203,6.23578937031118,4.66653274004459,6.23562891175625,5.62898515675786,4.65575820847547,5.07538250397076,7.42206491502568,7.27192071374382,5.51921245865415,8.45707468540845,4.30648041361674,8.02081308019545,4.81354233639222,4.14612832379243,7.52870862614339,5.21039593750103,8.59731224923976,5.1670908274664,3.8144281337697,9.33411260823505,8.08563225587748,7.35012452683846,7.31421742249686,5.34030276192085,4.83849896203969,7.21017457019927,5.1918603524162
3,8.06041458767296,7.69256895452493,5.51614285231257,6.22386312565092,9.09935445878511,5.37701572572217,5.34112970624987,7.31803836621831,5.81586059291498,5.36251188963262,5.16879429806492,5.98793753499475,5.37728945831793,6.48307257279719,3.54160012388867,6.61554527826791,5.98254907622319,6.84505338735656,4.03418826205645,5.11671523124457,6.05932423464217,7.26967326845507,6.18316408008942,9.53621378588674,5.63765604985659,7.98824581806133,7.04049315906964,8.07424774451237,6.79027536795227,3.36240053849319,7.02423801985232,5.64264675337371,9.22331703686867,7.37851124408195,6.19662473707396,5.95066923323577,5.7354488604612,7.37997892489637,6.17756164042276,8.55165336052615,5.00277283138028,5.74383362915855,6.15621480743634,5.53029225431928,8.18783877274102,6.4557386487297,7.08521621477143,5.95886000792147,4.66840444562721,7.52573901974898,6.76433577657175,6.49891503556787,7.00453890864234,7.01830993058936,6.81939491076477,5.15855962907005,4.49683191222693,6.7255605061514,6.16595999617663,6.05350963797332,8.49393970942532,5.58636819243086,5.90553672147624,6.15937376594224,5.8719608151935,8.22092440181536,6.13896453434209,6.15598156607122,5.26027704197252,5.95302156117835,5.69710387956706,9.3104792099729,6.25576551808657,7.45781270124047,4.70863767001377,4.83777506372712,5.80210341171825,6.98744530006005,5.65650430417464,6.76837864889075,5.15778194919378,4.28829208313499,5.51768506630265,6.0621534661134,4.35668916848971,6.40049614917344,6.53451000928449,5.43580628469673,7.36590132765192,4.42914101705685,8.13998537000989,4.44656113988438,5.1559167386724,4.22605217861719,4.66389476993919,8.33112451929154,4.3622292797433,2.51075940147136,9.23352450619564,7.60585924002522,7.51235682961988,7.74120977546078,5.2743276246808,5.45158437417277,6.98807912825916,4.60091283105624
1,8.76929730696475,7.26870027349657,5.6154428142578,6.03925743379355,8.78283694765481,5.68142793327678,4.58554183195523,8.32483676652881,5.5663217578299,6.80754521338403,5.21805123427217,5.31721060445286,5.83673229246648,6.03476017961757,4.93395369319821,7.48199408405353,5.46227947692541,7.33704894601242,4.95218838026003,5.8246593350812,7.23757994333643,5.7134733133889,6.49189621345123,8.87399293104445,5.45145780358,7.178187144017,7.24384503603675,8.29535198982487,6.46549499787851,2.92004051550565,8.31906641237415,6.06435374211996,9.16551760179069,6.774261866873,5.84867822645977,5.51001321657836,5.11281106214896,7.56979395662264,6.14061166724219,9.37441987213,4.76330821991425,6.33412578078107,6.4140602748231,5.06715806761617,7.71623543163362,6.22715999871615,7.29678758614139,5.4968795903254,5.1747755663642,8.4027938735443,6.9864132708216,6.31197880896875,7.16384241930411,5.40814381516914,6.27102941870961,4.0015109308108,4.53338993077398,7.48486907183559,6.28454975970112,5.65718556222502,8.55962384076674,5.15600963615754,4.16229891929293,6.32426210181314,5.35639915010768,7.64320347859249,4.83040179650678,6.19645958347505,5.54650497117831,5.76066414419561,5.36543606104524,9.26101208476045,6.96416640129367,8.48910941604171,4.99707439992536,4.07368231183139,6.15066886812905,6.42699242033695,6.53114205104768,6.79413230823699,5.56015055362693,4.09081852084036,5.12021740733147,4.21328623557246,4.32712306253875,7.93274486510696,6.8182115760647,5.91233951007307,8.04402475029203,3.90998581799008,8.11721111625403,5.96711000610151,4.6615558330026,3.63415259410295,5.10087112309124,7.88249591418613,5.19639926854591,2.89048643616191,9.72413273200145,7.91061524125131,7.676920227269,7.39972995288714,5.05502759556006,5.3883940496654,7.19200899611608,6.1071451733906
6,8.16508598020265,7.21824897963673,6.00183913426814,6.40165268537698,8.76740504731844,5.50806387541374,4.92477157153553,7.24220770898896,5.88531963449494,5.01586847685539,5.88442165706284,6.21194336353716,7.32281344741152,5.74412584713811,5.66956930298574,6.62271654142019,5.48715550957195,6.65775250380605,4.11917902542729,5.16380431116771,6.60713810581671,6.85777492569761,5.91505311029358,8.64889139259945,6.42781393218026,8.27455368959627,7.29594815947116,8.40362677025684,6.01457081850995,4.14649296678863,7.36110382433273,5.76314284111726,9.91814323403482,7.08004482602866,5.88462618441179,5.53349915156325,5.52102181575847,7.47959666884032,6.53855622779038,8.26896499799659,5.63144301615801,6.27846844986845,6.31888906688093,5.903188480101,7.43942950949361,5.96037956978286,7.11347863242458,3.94037696477646,4.44472820930538,7.39106870253596,7.00857739246018,6.97260018750784,7.34541406848914,8.50158700641339,6.7000392935715,5.31079290859084,5.19433132024435,7.56346501997367,6.86934995875287,6.11070085514407,8.59444253448186,4.41571162063214,4.58649025543754,4.70093389462648,4.89438989838298,7.7597534569941,5.38216712378358,6.10019316528979,6.13791027773172,5.44119680711693,5.72191954135044,9.15769718975145,5.50736520624345,8.37216917242815,2.64527301951948,4.32603467105443,6.16685561147242,6.66525548379548,5.84570939124173,6.54896016276784,4.83465813491303,4.56934611860496,5.59092840650192,5.51560780951394,4.11479865601997,6.65917965058683,6.88020826491118,5.06218396797054,8.02866884841252,4.79125228271717,8.03324901033504,5.08573843886497,4.76978920556446,6.70976839735785,5.96139135121549,8.51570480750791,5.47662346851567,4.9453376985916,9.33143177220588,7.64078669807068,8.17263657433051,7.62728688665215,4.9862647733676,5.89071982045092,7.31782923798839,5.5327712189568
7,7.97287347139701,6.52300731705989,5.23671495969497,6.23636121228531,9.44355259674747,5.87526189212129,4.77753701584562,7.43575523626126,6.29055223513663,5.54595021773496,5.61694015846917,5.70238028089176,5.78298677566385,6.04705282629001,4.18531485889618,6.55952669234663,5.34837471592053,7.05342554560271,4.74424055937399,5.22457090958752,6.5005305564603,5.72127564918479,6.45272599462388,9.07722973592404,5.85869136211401,8.77087222191124,6.8409076897508,8.18491508791165,6.41238922385635,4.62655638023656,8.20561883667254,5.72030855071702,9.0534649399659,6.51222478903171,5.53577035282927,6.42490850875628,5.51214696271409,6.4865961543664,6.59235879739619,8.48111683125801,5.88315503541191,6.47434947970576,6.16782131253384,5.64404129681159,8.64515886084737,5.82267029536678,7.08873711727574,3.89746191717086,5.29697210554092,7.62790160360825,6.70798637123315,6.48907500395036,6.90172494704851,7.39559563622085,6.09425813772992,5.14728918880759,5.03526956988569,6.73868875299624,6.1851243283043,5.92553863760327,8.49172175972818,5.31849152324979,4.64100448898283,5.03779733210428,5.26207923511267,7.7423915517126,5.02839769714713,6.13689467608021,5.27620491797049,5.76762574228552,5.97955338572784,8.76970066684253,5.43875501785259,8.64259174601683,4.67482308508041,5.2194010659319,5.68502189144015,6.65009292920415,5.76429912483825,6.7641949767224,5.04086631862016,4.32666683205217,5.57777078038239,6.32073552243446,4.28555534448426,7.18464109375728,7.08767105580753,5.28794886190559,7.98464142015206,4.95313088408067,7.8103862735264,6.31384232222037,5.29963984489106,4.55259775025782,5.77481342038962,8.43584555879619,4.94869924657801,4.369251503696,9.45244301014025,7.81102195813126,7.8055176948107,7.81397083701176,4.87061477803708,5.52424324631337,7.28444024371827,3.81756803602808
2,7.21949775830872,7.89850697089552,5.50165203075903,6.34924919530874,8.82498756302055,5.42818262452453,4.74065136763537,6.41510008282645,5.93109951312553,5.67566406519403,5.90449977853173,3.95261890190736,7.22429328812077,6.4610809421437,4.57205372322745,7.42755295036826,5.45607464764951,7.51378574146489,5.30682187014321,4.91997500994254,5.4044017814542,5.9847442204296,5.63406781769795,9.43544171012608,6.07636004282323,7.71454343163922,6.83447207593733,6.86172465502077,6.2760615125192,5.03616700185771,7.28930728815785,5.11941604340896,8.82799346637663,6.69595088113605,5.99567426487549,6.06985338654485,4.89612720986997,7.38313424451469,6.74038077927629,7.62647275965567,5.32157191347817,6.12822575673516,6.25042763166722,5.49310594779803,7.43427625046714,5.85134492324401,6.77923198116131,4.56036423619673,4.46620506935172,7.05644083896389,6.34097035914594,6.71882532235962,7.13668184917245,6.75222996628333,6.83211516097005,4.46014927369255,4.27836519037723,7.75925216496379,6.81113505715606,5.96778966600407,8.76536640595328,5.54777405222169,5.25108104823727,6.69511361303827,4.8230641379775,7.82629058654801,7.18971074575728,6.20772449884654,5.53404642551855,5.62506866457617,5.55559178784121,9.17566601211851,7.89542131139292,8.24689348072899,4.21373497843366,5.17228752652641,6.28747108880329,6.80311590623942,6.50653255223735,7.5610199339057,4.85614498685062,5.63855208093263,5.73374129165347,4.83381906687226,4.40859999529559,7.59173297591821,6.79325749390127,5.77765831689967,7.66291629954241,4.42135024545683,7.53492886987886,5.739493433637,5.3863671600579,6.56708192496026,4.60959249794075,8.08919959009176,4.80005556167373,4.41340584774293,9.54339443896831,7.73795852946256,6.93282694097183,7.49623364909514,5.18760718812802,5.91228297334839,6.85492443841629,4.89457590301083
0,8.07113671181187,7.73717443538339,6.23346202771441,6.48889399905871,9.14337113618757,5.43562903546748,5.39297206905981,7.56865042560199,5.61216035811137,6.24798888659238,5.73916459618761,4.85208912064919,4.09762420863587,6.20985332324393,4.68991667825246,6.16732649424033,5.61843960677808,6.98554898062989,4.01613072814524,5.13938447467518,6.50137335683084,6.0864323130922,6.05988343205047,9.07096552223247,5.75698814106518,6.58061741789519,7.46132445351596,8.18391531307073,6.2194268190623,3.01784190808835,7.83637478830339,5.5516314524407,8.98643862700051,5.86652584288113,6.41628075142029,6.08174035380065,5.55478998507866,7.48662156216407,6.13702377141871,8.84667962014602,4.3180578844192,6.65185948045887,6.388689074882,5.68223281941883,7.25775407142592,6.52348129229168,7.28897394665492,6.68769134886773,5.19303017488135,8.24869464268897,7.22428209956151,7.28376463388804,6.78884002864761,6.94848491295463,6.02481479001424,5.12708500766825,4.83208654330322,7.29391989170777,6.00604111333582,5.89562697798074,8.19513637719531,5.33869981435579,5.27075157086083,4.77335393930223,5.47756186484191,8.33450624205939,5.22886764787151,6.31614935518758,6.08551489346069,5.96694737738576,4.90449006794306,9.22893399778639,6.10703750445492,9.23952237478532,3.63602068809127,4.88757861574353,5.8670487275607,6.70065982235839,6.50998943559797,7.16636749711974,5.32789524893026,5.09591335630055,5.53656342244343,4.61479509098627,4.15021754188923,7.55612086412973,6.76161294404362,6.27905699646567,8.03275493454677,4.91275289931952,7.9814024720766,5.9325248554065,5.57391658727357,3.63896622638922,5.31336612113945,7.50808175064378,5.1005475423198,3.987023276124,9.63894707766624,8.24096836251745,7.68392830275866,7.94342750678438,4.9750043437023,5.63018515639438,7.26607484102935,4.97065614416482
0,8.88623072967321,7.10471534996752,5.59439862607012,6.02601014511633,8.57841649140755,5.51938337195144,5.05492127866259,6.71592202699872,5.77240743653907,7.14471355669448,4.86697582093954,5.66478173494436,5.10429805575628,6.32964706101708,4.0815803570043,7.289355814676,6.15959020220114,6.61912220891537,4.61101881912791,6.01350302242666,7.82784512069076,4.75053243152908,5.60796608003704,9.10562837134167,5.34789451591721,7.23707791838108,6.84643583568909,8.93797239778284,5.835276980635,4.45455435699823,7.19021686132203,5.11730297619367,9.37334656974307,6.93223997574297,5.75154473101832,6.15505564945668,5.55718164561093,7.69550729778524,5.94292600026842,8.68807951620112,4.82418094706621,6.23959772772173,6.56886909855887,5.20554695885269,7.23313729752591,6.85305874814434,6.89287241360001,5.56309348984053,5.18834711638104,7.82936307722086,6.54594279294179,6.1950362673711,7.03784157128593,6.92122041095184,6.35036297727783,4.83195612085785,4.51125093051317,7.75694339207591,6.53731375212925,5.73110492056568,8.28916961539636,5.22388465116154,4.8879305278152,6.12544628247252,5.02076139074032,7.51009452591932,5.16369110857237,5.51260630289184,5.64063273455759,5.68065421550005,5.45363230161871,9.23530280851759,6.0104293043246,8.63142249482259,4.84290375080777,4.56062930856461,5.66388005488372,5.89405599564248,6.08665232550192,6.67424719836042,5.1403975299261,3.85423466821513,5.34718756399845,5.45738158115776,3.78686274413832,7.47560184135798,6.49831656438069,5.82121290467997,8.39985921824043,4.02006866506624,7.85043876174264,4.96172192170337,4.47376370419951,3.02217123237492,4.80474009931764,8.1818570170141,4.78838433542565,1.9873003222116,9.5409235246481,7.96500623289018,7.23192745002669,7.46439712604165,5.22218987760266,4.50876976478118,7.42380721110057,3.93451045338422
8,8.74755467688079,7.97505369444088,5.1765690857829,6.25056966819466,8.7533046305688,5.67207752510339,4.95064357655713,6.94917612140079,5.86214912259278,6.97011057972891,5.39669078358507,5.44187512624728,6.53266180804909,6.34939362464668,4.1528630984081,6.67775709991848,6.10681804406478,6.65945233353671,4.27676235964132,5.71525279237064,7.43084377834953,6.32556214189095,5.63640952714437,9.13022482680116,5.78922512962113,8.87471602261275,6.39962936981308,9.00483523554706,5.59142751349082,4.83536861882501,8.59072677291858,6.00084784551277,8.74869189868712,6.17526774058037,6.05714857404595,6.61074212547827,5.46158438555223,6.93450509950959,6.5811507793154,9.27380227458066,6.25082118911861,6.16775773048855,5.9182095421015,6.11180734104581,8.23421376425687,6.2359726223592,6.77189754290873,4.82909312323768,4.87096683862426,8.03966417554911,6.59564719759411,6.51575183643316,7.28532839043187,6.98469374479871,5.78698148839567,5.24935791159292,4.9372629390651,6.61023787127117,5.95302443509204,6.17737251320145,7.55546330152314,5.60813303777548,5.26232550399224,5.4482376948517,5.80975452258649,8.1542752084509,5.70314405024585,6.38038082578018,5.19067603592771,5.76820264200046,6.43261059836897,9.93410596126124,6.89836114606737,7.92790750690999,1.54957374279069,4.92222742453459,5.94848002284773,6.00050390020584,6.08151865323986,6.66796858567888,5.78005418892309,4.70431298235169,5.41632359670128,5.18343488299362,4.65878905356309,7.28121527643681,6.91808298063274,4.84974580923544,8.02828204929512,4.85883573807247,8.11308332342304,6.5388980281347,4.96940440272077,-1.22955087747817,5.32071982075914,8.98978402471188,4.94940592905528,2.8277879849897,9.15161101875067,8.04579340265534,7.21648618962399,7.61290916978621,4.95042054859933,5.4714817251197,8.01112647749436,5.24284190906546
8,8.05646732270463,7.31872077712763,5.44305780446398,6.24113599105293,9.14347068633355,5.16423417853809,4.77177604399776,7.50643132763682,6.23716498932572,5.91348293731422,5.56687530358534,5.57930061821527,7.2482766015205,6.61708622673535,5.16474306293875,7.22412666442128,5.21510459188093,6.66846300131445,3.53833460909692,5.19978931024173,6.79296985238918,6.54944345649343,5.57285139788596,8.83731643035402,6.20345377903065,8.09902496574905,6.95407646605722,7.43712127218643,6.78030772851532,3.70531133353132,7.37591411817168,4.61260186742263,10.0269741094274,7.01731594339479,6.53683393305914,5.78476594902392,5.62146930575194,7.61036240824855,6.7036676904754,8.7853075145159,6.33323605477491,5.72919021644213,5.9690418766147,5.28791789082277,8.68104407253056,5.86684587389161,6.96832533570768,5.96570074553782,5.05390842312612,7.32157363786638,6.43879788840475,6.9525093170071,7.03845772498392,7.21958499990699,6.99666301039157,4.7195947387472,5.32989721485153,7.2708635959334,6.80347029562969,6.01964983547236,8.46026769530841,5.74398780854232,4.58729209653682,6.21592166634505,4.68974227758925,7.62376937916443,5.9558142625898,6.65931908100026,5.28739564111001,5.42429901536886,5.95104572860447,8.87763534486412,5.86284511998991,8.27561460597743,4.16703918364956,4.90341749253979,6.49282127015176,6.35442687771678,5.71026443329235,6.40574749672405,5.09148850090951,4.21948880329544,5.71574254611887,4.45199342067196,4.92137112000078,6.86550507454607,6.97630615152919,5.58701227308316,7.02447930866361,4.3272309717792,8.26866654042587,4.73819721906867,5.61289637244188,2.12906162983869,4.47202666602986,8.51746462705493,5.29712669610542,4.98433514771741,9.27892255824867,7.46965566118406,7.49523597599179,7.40118276937606,4.69294705319423,5.39159802736156,6.92541924507693,5.31172583127351
8,8.07152806100604,7.4366308241709,6.32831553371764,6.35670057029202,8.82707118367886,5.42126276698077,4.54676496919764,7.0381669877316,6.22068635964746,4.93210108653399,6.19089867476096,4.47834707242771,6.63162548765501,6.24841792077275,5.10375127685444,6.73127570845456,5.3970150891149,6.76360936936681,5.15066590697318,5.39553230682242,6.96680923547716,6.40459744316639,5.44508173997627,8.28162354926397,6.23744135497779,7.51686302055891,6.80219539401092,7.93624272447253,5.79784585021089,2.28348294136805,8.56515707404384,5.56876201892316,9.619574694408,7.37744427119818,5.3935583497791,5.92920108657442,5.87666747957717,6.79768161137125,6.38039391335607,8.57587214302784,6.10570390814008,6.59975643994978,6.21954133193512,6.03357952474185,7.54841983126288,5.75872907749341,6.91279421831761,5.2679171882665,5.64786378490733,8.35217188296568,6.36508414127862,6.66001010971427,6.72902440815669,6.41719056482508,6.53214044562261,5.09896861559941,5.75439522672185,7.29414008376924,6.47897654681989,6.08980646625888,9.08029352302406,5.55951416893338,4.33968790950904,5.50303329008244,5.14930563133275,8.38979351406081,6.21655545929703,6.59373778081383,5.91098102134868,5.6442737865283,5.78014910711601,9.95733122111656,6.5133510931135,9.0989537548222,3.89097568428539,5.14473186558051,6.71097724097228,6.22946166963862,6.13379549104103,6.50099631470941,5.18864271052137,5.71248705193251,6.04533116363427,4.21680434135091,4.51292557495439,8.50021401456002,7.17024465877143,5.28159546931597,8.63217978038454,4.86830614170768,7.79946490726904,4.34243433483037,4.81800019636605,3.16062567375221,5.24364163549136,8.61420564762183,5.83618587580194,5.58889512068243,9.52085670248037,7.86407870788429,7.96561111362389,7.62577237609412,4.79925291750693,5.05135490415411,7.1922764771921,5.24819316179514
6,8.13880519142867,7.49333683533714,5.29475203176017,6.21146504621454,8.79102055855544,5.03921568398993,4.14149046731915,7.41015379441873,5.71411043581816,5.73983708799769,5.72275982074243,5.28115614777818,6.18191027452886,6.25312692817882,5.08648965393211,7.19063017090977,5.00909386668634,6.8958927575203,4.28789558540485,5.16159265238361,6.40569365199998,6.03421600888456,5.91385902883661,9.14982212749156,6.32450172216777,7.9859352550975,6.90039404040458,8.09175909443469,6.29998391448696,4.25172634743116,7.2286297613244,5.98174638800278,9.02507597946633,6.77298474008635,6.3606482846181,7.23954532290444,5.41302591397672,7.44995685348101,6.65563435676653,8.63987991297949,5.8057618544119,6.37914928914707,6.43443349100249,5.5761550817845,7.84855845334866,5.57773784371658,7.54162136908168,5.10105890414525,5.16813310231564,6.98989422815352,6.71341701214726,6.66636105518491,7.23845145761196,6.68891304868421,6.62924444074063,4.73726227768942,5.08380559012991,7.9156157849649,6.68721903989342,6.11231927714361,9.07156022052278,5.08428666572049,4.90359780635363,5.3374943781469,5.84301027710945,7.15027144043541,5.78360900670923,6.40679632940402,5.65908368631488,5.57480076938483,6.19044605940838,9.50627315215788,5.8173914698556,8.76202417094639,4.13627883885759,4.3795396818643,6.33392809762629,6.76103020527396,5.89648811342871,6.5232682352368,4.87845471506526,4.39938329971289,5.63729340410154,4.9958029531227,4.30991025374309,7.27050805892777,7.05005049783687,5.2756882791966,7.70789873448645,4.26643062438713,7.7723510278616,6.19214694341113,5.40028647219823,4.55134492321277,4.98191709449275,8.34841977755005,5.32499879858865,4.02947396532203,9.49195000896314,7.26691595300955,8.04311842209126,7.68830220488845,4.69456252368988,5.39297969968384,7.56859508239312,5.67444298520837
5,8.37250519483281,7.01636978937489,5.46804465885775,6.08716439283839,8.93732817014658,5.55123060049431,4.6870170426809,7.51950713875014,5.89905622198482,5.43623334565795,5.46914852619027,4.80563424970954,7.21573955506788,6.53110413817393,4.66849199062024,6.57873524434388,5.64552787423294,6.73060002479297,4.54674350661603,5.70067949334433,6.80763649477099,4.65376936316959,6.11436528441043,8.90603972151565,5.76886388273999,7.96787018583592,6.97917308777614,8.45226071315645,5.88447786764742,3.1774483752065,8.27357052867261,5.9627987129399,9.45438157742656,6.86628527994344,6.1953501000977,6.12010056920412,5.29862528433748,6.54407284323547,6.48385906280287,8.92997461370881,5.45107349191027,6.29795032570612,6.4561573228636,6.21133283867283,8.30094829299277,6.15022919626903,7.18776235127958,4.60620414208632,5.44225842944452,7.80148658632866,6.81319949583339,6.64413898636237,6.67959918205414,6.81289837941656,6.14875347603319,5.26039755604433,4.94265446629063,7.69477221730091,6.14330455920537,5.61674261361564,8.48079446728709,4.81171201320182,4.74559700700558,4.94306977045642,5.53281460709445,7.84755843614081,4.51916356949803,5.97501031509332,5.58077274531604,5.41197987025399,5.97714484246098,9.23288226825048,6.68097744917881,8.64169846356256,2.61723590666571,4.92294482857716,6.38678753069963,6.08397149292687,6.55370460761222,7.3398475009224,5.03172755493399,5.53756310571626,5.48580854795234,5.74415101228384,4.38504440476841,7.92586357870444,7.07820687819147,5.80776817873881,8.08224943485813,5.20560497277455,7.7919270706583,5.04881981605881,6.4805467587179,5.88064727265168,4.72966507422044,8.45063697591238,5.17249132589832,3.89249889839761,9.43389518167325,7.82432558589066,7.87186243566937,7.6693620546887,4.65216146323064,4.49035163536381,7.47313357470547,4.48610318454756
0,9.18030956786435,7.46617835301077,5.64638977041289,6.23889761171483,8.92395012711548,6.2544006657705,4.62136810214479,7.33773012451419,5.52262360468531,5.60532977922987,4.92628075944444,6.30727916987123,5.55900684891026,6.65200737875172,4.87855442724229,6.59852985258726,5.43096749604585,6.93636414138646,5.11580488843548,5.45366943943495,8.42131618234956,5.83677525095725,6.09306817710816,8.60060599779571,5.69927271034234,7.4227443080247,7.09351519769509,9.58129441081605,6.13217984607612,3.44876715969504,8.27850684148684,5.83464069192576,9.13963205079235,6.34945427893541,6.30859317739842,6.51989231224615,5.17169133717647,6.99490584845118,5.73190198478729,9.75646683692556,3.82134031859332,7.03774561185714,6.48604703139151,5.82619487147173,7.54529913624601,6.59486781425967,7.41697366171197,4.23272261484595,4.74583186475057,7.19310714362861,7.10561075801847,6.04605142838387,6.98826165908031,6.64704402749083,6.02634289799106,4.84647971321615,4.24766847928745,6.95155328178165,5.86108125693033,5.31662243505961,8.61963704664465,5.14534071598525,4.8203409084237,6.87958703893064,5.69085690533772,8.08975546742159,6.7702780316748,5.83629960408333,5.5906440939456,5.8660831199329,6.53437443849704,9.57973559769326,5.61374671337214,8.81532632883439,3.03215271260079,5.33675303541266,6.29014971584725,6.40419198884007,5.58373369557611,7.20992642386102,5.38551575505677,5.62706315906389,5.33699636224457,3.86617318188415,4.5386411996262,7.03232281206495,7.17808095751454,6.33736292615051,7.8694139783518,4.87959383636752,7.74196741669735,5.41479282898621,5.74463583021363,5.47097457092139,4.88146379477548,7.80337200106583,5.2571039011116,2.76050054113127,9.79603054057876,8.27775847984698,7.27006878138009,7.50885071660036,5.01697461160104,5.44216342496162,6.89000652904114,6.16853743978581
8,8.39614222960857,7.14682841911524,6.01600009342988,5.92632793556542,8.85806246801487,5.55254114366279,4.55021246281081,7.10712620668427,5.4386066225078,6.5304736199397,5.12843707337444,4.52918027287911,8.30606580747218,6.53312338702441,5.17935752689546,6.49444761726702,6.04793878063846,6.64853948206691,4.41960758949642,5.64240289343232,7.16063004197113,5.72749060827074,5.96078128248474,8.96611233507255,5.5288136011023,8.36463931222031,7.18747727943635,7.8465238039537,5.31184736555523,4.92112848843255,8.57286550518981,5.97794741678596,9.40584225743291,6.56876671213897,6.34701529764056,6.50373937257147,5.49480692136124,7.70681258265025,6.30661904809789,9.20853630019593,6.33625404991458,6.66581783884834,6.18382206783695,5.82746991091701,8.62591157015253,6.42608289689194,7.33921616797678,3.96581262284095,5.51726640771447,7.85702233712644,7.13439647197105,6.12491467749646,7.0941153140296,6.83972393372827,6.52338768350809,5.16062300952897,4.18009932292538,7.74684711496263,6.09238875945352,6.20326346318528,8.69390556632249,5.48569248337335,4.19532915604283,6.18785585080248,5.75897430644915,8.42644370081313,5.86606273813404,6.53920130595354,5.43914485131456,5.80532060158763,6.10629493210114,9.11668784709203,5.59624275726977,9.16018615035032,3.34293548555604,4.79930972172438,5.98904764337982,6.18227166305863,6.68058745515046,7.11997961358782,5.40555111501406,5.84872508645251,5.17131519782789,4.55406963896781,4.82602314839953,7.120442410092,7.5334803613373,5.09171635920577,8.6973819736349,4.88284160624258,8.87133711068794,6.9087386655313,5.1543844961324,5.02852168068124,5.02671894711066,8.66310239594149,5.12949030261733,3.18501758390342,9.36448158700556,7.84549916805468,7.58973199751097,7.80736188982652,5.02184703657386,5.71717206724907,7.08449522463621,6.4529950390247
4,7.10126567674634,7.50436658720534,5.88111893138278,6.22651534946186,8.9519108828249,5.84019527118055,4.70818480315328,7.1014689898195,5.93406209801315,6.32353323770968,5.5933864041079,5.11437324256495,6.42654216033928,6.20569913750904,4.52573886634587,6.65443394216647,5.9292357240824,7.08011522572967,3.32872776939116,5.99852033764764,5.08267955079516,6.30391256909293,5.92047550530247,8.9663318660112,6.0074580150473,7.97987665064936,6.57720602168513,6.70060408481642,5.66421218789066,4.51396105398528,8.44005583727266,5.34596887358866,9.8616355665713,7.26739724020823,5.62658646455161,6.0739372308,5.01912507266269,7.29940079182327,7.06098597613488,7.52954710286945,5.71633114959364,6.57216258353621,6.09368300704525,5.49353244865168,8.00882290136389,5.68797394639788,6.80555493536802,6.46091882744686,5.11165249799908,7.96611631928755,7.1313539217139,6.75805243493874,7.0973389663321,7.46037796079465,5.95477861236475,4.9767389016199,5.09654479814955,7.27728308667662,6.54582678316527,5.80148758430478,8.4128622133373,5.60335808442389,4.99838965413804,5.82298720139042,6.75016313293942,7.79165154048645,6.91659230083201,6.40613735595585,5.70933797595636,5.62534892565619,6.01980099640626,9.26647150607986,6.35996433396799,8.67195320365206,4.54844917304629,4.76286450274086,6.21648596022581,6.60526364870486,6.0008721507727,6.78076335302173,4.93841873593721,5.58805391155343,5.6054793104885,4.19226835056576,4.93724840759002,6.29848633414739,7.24254744876354,5.49554799547682,8.24342082204352,4.63466989574482,7.84869599329218,4.89239279103974,5.85214574519398,2.58510084232013,5.418769743852,8.43603402097848,5.20308839519091,4.92941622176221,9.62292385937736,7.80819356763261,7.95196041719918,7.44710480767911,4.79334673701907,5.13911737122538,7.92507526003434,5.40859857849619
9,8.75701597131302,7.30810255678747,5.54401723378139,5.86525265080603,8.85167569442083,5.69294927754012,4.92403606909748,7.46444519906882,6.23419208456045,4.53560721674099,5.48211186918192,5.10852339793115,6.28892047182248,6.32519118241119,4.63711849670192,6.80014015992974,5.54503979146711,6.99921519819645,5.13557141264338,5.22341986889415,7.61598077829836,6.52153713174762,6.32528146200381,8.85066883822295,6.07229134102796,8.14228590624259,6.41451409496744,8.49836885058642,5.50054770779014,5.13863425273849,7.97809725964542,4.89737860810511,9.66744333342978,6.96098610551483,5.60189335871361,6.25259618655629,5.27910336803506,7.61267407535617,6.8128249469338,9.38000884219263,6.80560364392001,6.19859698419706,6.63607773054811,5.77661806501413,8.46281817031878,5.81492563892468,7.19077181877265,3.71944472509397,5.60189509458461,8.25795735410369,6.62651524134473,4.77951564816034,7.33571776408732,5.93777379510445,6.62548897506389,5.3783861831861,5.29974373380444,7.52713876639931,6.30718413417164,6.12600417342104,8.82055260741275,5.04334527599932,4.40220552336825,5.49637215036741,5.25201876134608,7.88562040688685,5.43704499273142,5.21040431188452,5.46932489360288,5.85444660820581,5.97496356982657,9.84455631312233,6.95520637732572,8.15737067642931,4.93300932089955,4.51822868052854,6.02628279622099,6.55893567059678,5.85587350759551,6.75612414094855,5.66740873473496,5.62045662919593,5.52868325244207,4.6181252325483,3.78215172240095,7.84263137443516,7.22619273545703,5.11687261323746,8.17149039234789,4.81613420645755,7.38471074846979,4.95655786029773,6.43408783194166,2.95360179194232,4.98958425272941,8.91869266675963,5.11832439815135,4.57195256194114,9.1233285990904,7.54038851592442,7.75033268202008,7.62251621123316,4.71879294541679,5.18198040930544,6.63964284379241,5.27160706241751
4,7.78322638246856,7.3901834963318,5.20311039205806,6.07065069232031,8.7014197612878,5.87361862639814,4.78911282059463,7.18689705897426,5.55036999907917,6.06715874067957,5.11699838973786,5.75399188098629,7.42432413474003,6.23837621240749,4.35469391143797,6.95737225046902,4.90986052684925,6.51164036798337,5.20727517398851,5.27173776774714,5.90698773738411,6.74201433283291,6.43413476298745,9.37339686741445,5.41611216668607,7.91244314731387,7.27043733843111,7.43134791601151,5.72736039233992,1.79128821724777,8.48985057275111,5.36953983606075,9.40113120752346,6.93807077507401,6.89936713979153,5.46869159478605,5.77904336946052,6.86876287360627,6.1527862460613,8.38336894671049,5.06991581142594,6.78189012625616,6.18878809598774,6.02207007626826,7.70888824552403,6.4983245893151,7.10341308741391,5.30475426566991,5.15733837972379,8.0902284233348,6.84994679713067,6.22609023052017,6.79262619612936,5.87014027498822,7.07975136415418,4.57402173042952,3.95175695965165,7.55128433004988,6.40896329346767,5.73037375785614,8.29536829656853,4.59625085941912,5.05285569928693,5.07138023520483,4.54318477249544,7.55752527449112,5.84312231940014,6.91749149187257,5.3222767640297,5.86638759625274,5.00800155795767,8.6553375488376,6.11344023320183,8.73153456324161,2.93231200321401,5.40063046746583,6.39140618762765,6.48441094894796,6.00252028413806,7.49227687232363,5.6173028346848,4.4568019217389,5.07440747100306,4.35174860079037,5.26807365830659,7.02309246849684,6.89813247065906,5.48057710063768,8.15160658912703,4.92666464054356,7.46956798749232,5.72442480639974,5.70410289781375,3.60284034548266,4.50551184282235,8.32415917255749,4.67155117426205,1.83120370347599,9.58321385191202,8.10922455880734,7.60321219979161,7.65284570169326,4.94182301908531,4.84500600986835,6.82217817460402,4.34044947265714
5,8.45379733474367,7.66417544349353,5.79364710547128,5.87954365360155,9.27600464985365,5.85758773562681,5.18514007358861,7.05622957768623,6.07379869972853,7.25208123206712,5.71504716891935,4.87782951953479,7.41026621592963,6.52728375566708,5.46278345787844,6.63390758391907,5.41327871692666,6.93880964068917,5.14480672295477,5.83863163440576,7.61056564639686,6.09655402317943,6.0298321744001,8.31741295983254,6.26702620666853,7.79611412449856,7.03207035342416,7.93756161381364,6.24700416139903,4.50930196266086,8.40138198350423,5.57424117172738,8.73155138671639,6.84515443630968,6.23286047443837,5.4365756523862,5.5147967821468,6.51773763343818,6.48891305355189,8.59389466194572,5.48053393972567,6.83942697902943,6.3659399203826,5.88951061511974,7.85800950785831,5.3158170988488,7.2512672015192,5.2877434059604,5.672383253737,8.29235177687932,6.6936395182993,5.7119090618515,7.22532620648169,5.94325152340955,6.23418462076508,5.14588220985557,5.53304452529701,7.82004038261606,6.05564770899754,6.08436787074057,8.5902939629502,5.25798252603833,3.84372372220028,5.34403245453246,4.86489178533938,7.85632661279619,6.82416974186357,6.14243618069075,5.59226285581353,5.72701485374516,5.91122548322094,8.66705120119167,5.86629291577221,9.11817558385787,3.17232845295062,5.06150790614461,6.42666802940455,6.39820864915362,5.88860296034194,7.43505130008353,4.80607653255896,4.87626230129552,5.97194135984175,4.66439195171601,4.99986425757836,7.11068378811652,7.15041504728437,5.49813528390355,8.48421499970448,4.72908404949309,8.10198189849422,5.19192461084201,4.67773232740424,1.79543542411,4.42585901745098,8.18754883715317,5.42443620855438,5.54365286360632,9.52001931989654,8.13136169547798,6.58762141769705,7.87024747503685,5.20170290210857,3.92557637063756,7.40660770941664,4.25815953221162
3,8.370841418751,7.93719807959046,6.19902130637065,6.17026074295159,8.91026042702699,6.25931515982543,4.59944777268726,7.33889995581244,5.59321599886195,5.21083976905808,5.2695563823119,6.84108454734044,7.38325152530532,6.13545600731194,4.50058339687738,7.82551710322364,5.10037480308731,6.95790667413639,4.91255050522126,5.27505778574331,7.19978151016206,6.2957875837149,5.63784748013005,9.51406077952331,5.84093373410742,7.79666707412509,7.60235190232822,7.96311676856751,5.80656351893221,2.36775573598033,8.12331234043548,5.75331217395323,9.41640578987345,7.03789924709919,6.27363989349722,6.70287813557459,4.8094280465275,7.08747924902988,6.44274532239124,8.55939766201754,5.82645901007013,6.32776285854105,6.18439382893209,5.09467147348634,7.92469062114454,6.80473200126064,7.26960702672181,5.5669341118002,5.2985001507156,8.11387448404485,6.5708662147711,6.02905278818896,6.81127832685807,6.60167112393052,6.11727559516501,4.43147601510746,4.61198044934337,6.78682052756489,6.21767037154025,5.9591253079818,8.47193007651378,5.50293953115055,5.09280183429081,4.93263140564052,6.29656149775214,8.36415247590565,6.87139425497998,6.98618135003017,5.89478430895477,5.68149402871046,5.7585394885008,9.32143622622226,5.78433816986651,8.41375322973972,5.00074076632687,4.94369443983903,6.59197287571041,6.26307855759946,5.76044099018237,6.30753927005277,4.90996099135965,5.1414167058505,5.23729610329888,5.42260686902596,5.15996940450038,7.69625397773751,6.55688499006401,5.30732069782861,7.94813406930503,4.0680646459657,8.22092722703248,6.19234508060193,4.51636182241067,4.21764696813993,4.88390519958654,8.45825170950317,4.87934556144526,2.47300919943283,9.33994852018531,8.08517560569643,8.09008981202008,7.22748202476116,5.45915907627066,5.09570969937087,7.23194436412292,5.10523857293866
6,8.16195881030617,7.30228403338381,5.72359019693513,6.19242767669826,8.86541892621683,6.06655485930533,4.88719562760068,7.72176112513519,6.07100068765396,6.45451735889188,5.02740977525352,4.75003702081204,5.95464306065791,6.07387996290531,4.41083971770706,6.53935336346855,5.50951466820998,7.24116390487933,3.95823488536157,6.09380434521702,6.50729062534,5.6920779422476,6.26590334087496,9.42219710756922,5.63392665513907,8.04456772169653,6.2176496519981,8.10135194348614,5.87350610369497,3.79728143438639,8.48439263796809,5.7951449798155,8.90209831197311,6.6193739298501,6.24578910129588,5.91718559669798,4.96973986078925,7.05498845055193,6.48086973213105,8.49337280929786,5.71339931330145,6.72003845001341,6.25602499497402,5.59866853941342,8.29446044742838,6.02436402558623,7.3697744893852,5.19617250934387,5.82236830525313,8.61393878206429,7.19276912776425,6.22099803875004,6.80716363060728,7.3784678093228,6.18028212159496,4.83487394656259,5.19109481740871,7.32932554740688,6.33106769984638,5.90521238892813,8.68037164506404,5.09506049904561,5.29568482259468,5.49435980556268,6.10907300455584,7.69321308051222,6.98161896186391,6.20745592576639,5.34367897226944,5.89668097789015,6.32490094357724,8.6627423903577,5.47180491511768,8.98952246791488,2.23397819915686,4.78794157768351,6.06608653444123,5.7619985739129,5.1918218730416,6.76641339567222,5.52316599534877,5.2257879828674,5.84625347717622,5.05366121317033,4.81325847390107,7.07556901982919,7.4576192257256,5.19913300545987,8.19800600268186,4.51898586560608,8.09461031311919,4.78774809331325,5.37892030310126,4.7775634628968,4.89506126737896,8.64469533771416,4.66151346326325,3.36731994758806,9.35046549402276,8.45583245379375,7.96886280833081,7.676552791652,5.27616963859317,5.56772447115966,7.10326349950532,5.89359139521538
7,8.48923752181001,7.08355471077116,5.66097839646261,5.99966926059737,8.69583024660555,5.56344048420072,4.41364447421736,7.6829207252178,6.10341861736256,5.19452666166108,5.6761060441466,5.38373269513699,6.3876867793219,5.8805723400943,4.65978299006565,6.30505635136576,6.32048421339647,6.94901249701099,4.7965672956888,5.46922762357963,7.14471445303569,6.40119571325062,5.84100084250859,9.41865066333223,6.33449267698444,8.32647233543191,5.93603627436581,9.03999946273827,5.11484746280772,4.72889793116915,7.67328226105157,4.57947908837692,9.73588467588693,6.82951711207648,6.3345942255893,5.63401964981092,5.74914899018635,7.01685922966823,6.29094930932066,9.11959071263985,6.72942110212459,6.05012143472022,6.47056866749779,6.20712062684023,8.7647598642746,5.88827321251303,7.85548600417721,5.18623445938572,5.7251995977991,7.26143183312665,6.36123825245753,5.64531945843189,7.53291185701437,5.57053137648889,6.46128602726405,5.19747778575829,4.62837082989587,7.60090929006196,6.99571880664825,6.08440718753568,8.83066971717892,4.87775644727696,4.77263013416387,5.1509418066209,6.35026156839398,7.65019518978192,5.57308322818206,6.25752969570233,5.39765234934463,5.56722682645387,6.18359388362449,9.83029622751334,6.73837635531915,8.50533322791808,3.07814658038758,4.95568072064862,6.16950294683843,5.5876820916009,6.20523542011574,6.63647352632739,5.99229403362932,5.02495033838515,5.65470868815404,5.54449401801948,4.42758704525977,6.75397768715361,7.3380421347974,5.15480453368267,8.74489948259426,5.06725986189185,7.9066049771612,6.64019144098114,6.0829060974301,0.771017816693886,5.77887043752412,8.25531843141382,4.75872171774698,4.14071407881966,9.02134290505579,7.53988640206501,7.75155503740353,7.703662829318,4.65680784432397,5.70568567641978,6.8625184429077,6.01904569866504
0,8.42655437225839,7.67011932043785,6.10837335534183,6.40035592221342,9.12494880821789,5.3012076339284,4.56902356627014,7.23278360422274,5.92345458744988,6.65742630743958,5.43113476586803,4.43307232864753,5.01974808634231,6.58689534888876,5.52162403902784,6.88633363152863,5.99490823794032,6.75225152902186,4.12300984966506,5.05129916601804,7.33964146264557,4.69466428279597,6.16794696595153,8.11313865838281,6.54141397548968,6.58024874737156,6.71242147828474,8.19421512219716,6.53372980822811,2.10214313231826,7.13995194656918,5.71578961285327,9.25798288243329,7.44689187172366,6.12349986431396,5.33131780173029,5.94999949211739,7.10000838938616,6.19333809630465,8.76161332025637,3.87940554391629,6.71050019645088,5.99973341335771,5.3767922555766,7.29543764793638,5.88417117092045,7.22015446633203,4.37653700998958,4.89562258004188,7.995271105251,6.92485661074287,7.20333033234562,6.89597674878801,6.02969277197783,6.40458641686551,4.50306595602586,5.18921130867204,6.87897290352942,6.01994090942244,5.66983358783061,8.06606549770645,5.9167732483096,4.29225535818709,6.18792987583,5.28290001396454,7.55450451522374,7.0330287377866,6.94693227598118,5.60088005262723,6.21344995880357,5.35444944182674,9.56157215838223,6.2958676728618,8.76038247693193,4.23868102261291,5.18364376368597,5.81538085536099,6.53889494323813,5.57624047098139,6.82040043062437,4.82306175213088,5.00570171092685,5.81835731437572,4.95588521921061,4.94062114041234,8.08424807506603,7.0419612160303,6.37520467829824,8.47867932456074,4.29202929647877,8.13151518679811,5.23901424161106,5.35631651334326,1.56937027120725,4.97519842208566,7.93624002864263,5.92716840574665,5.28549014119551,9.86373561628351,8.19012336553225,7.63321037603688,7.61957455140775,5.26354528359598,3.91059243441565,7.67663114448717,4.79290937306809
6,7.80449049573041,7.61731447651808,5.73008967334189,6.41696808221167,8.61647426187598,5.64823537556843,4.57462911173318,7.27530454353178,5.52300066983623,5.46419029317021,5.44508847829931,4.99040812625888,4.83289811714491,6.27278829009767,5.08576260790461,6.60442554931912,5.9848128071833,6.65923312524434,4.72616573481044,6.06420218000995,5.98068382624774,6.65325926938803,5.93257076487165,8.75329169884654,6.38454578965338,7.65696256311622,6.11690539100571,7.5133312251336,6.01467110667263,4.72080237287816,7.3256742045192,6.09366969484686,9.33421440486274,6.47196362777803,6.43099828904633,4.85955750672466,5.74116138522951,6.68158169616576,6.17733101379437,8.50889993512195,4.57551466881129,6.61259782319979,6.6134296368553,5.68195483894218,7.44415693860019,5.90124864863679,7.11610134887,5.08183999895451,5.03912435815239,7.52738007384063,7.0124367498685,6.20370377854154,6.98062071091691,6.55172089906531,6.37371855089071,4.74886446601794,4.56013835133563,7.14403175484246,6.56637312065776,6.11631579949956,8.64709190817569,5.61158667783615,4.72106843803362,5.29017515304701,6.07548233024355,7.26457513702344,6.72237931203253,5.48922069869039,5.47513902992333,6.2657755728474,5.59423039243912,9.86401627060288,6.43514694904816,8.68087968892264,3.3332784653769,4.68516129490582,6.2202930935704,6.30892153217299,6.91304957061207,6.64069629947985,4.67626309234205,5.87165496549274,5.29310264460602,5.08492308851859,4.6341311560245,6.64547390534517,7.16323925211822,5.23204490505673,8.33128643894729,4.70755977311162,7.61286669002946,4.99881501662137,4.82078363446379,6.37514646973707,4.95618717314145,8.66068133292985,5.07074347698338,4.30375039060786,9.46435111080939,7.97794708752633,7.14231259458333,7.65993557094774,4.93205912165902,5.02985262054144,7.10195193500079,4.30295359080162
3,8.20191879888832,7.46183400454849,6.09519971970367,6.23449433478754,8.83314686093886,5.89686338825641,4.87054432809375,6.97262944263865,5.94300868251457,6.02408688866507,5.24016153810684,5.5862162132477,7.77114309419255,6.38558811531645,4.10226138682903,6.73938491212429,5.88365994774323,6.47336499261772,4.05403180187963,6.40349631773856,6.36358930037587,5.62657954603276,5.94247557598583,9.05992479558913,5.86033092553648,7.81939573494385,7.92151510128695,8.00501820414985,5.81536073012835,2.87655238897274,7.77119532148166,5.97381213314834,8.94572004165127,6.4658881615322,6.12166349646719,5.49033710742469,5.74491302834169,7.0322705635784,6.26408653269727,8.36783427531199,5.0608707371481,6.86686633669352,6.48986275979336,5.66014667843063,7.77002488903912,6.63030127980063,7.00949910139518,3.76276524856998,5.54395643811401,8.10887554042355,6.23464138118439,6.91669552212158,6.72982963027493,6.41436165190395,6.68162775471052,5.12545648561133,4.01692382458798,7.47028335877715,6.65097412384838,6.07459207443386,8.73718366804062,5.50911074632953,5.56170487230589,4.19762125973959,6.0547416361459,7.61095357491712,6.27969887228927,5.95402510851811,5.68852077688283,5.4569252335526,6.49544454866957,9.90234874879102,7.37366847942061,9.26767115428043,3.79321580063768,5.30131802717466,6.34940084206106,7.13654088622707,6.11529180538557,6.86246258498028,5.23687583732608,6.29434666048287,5.48072042224523,3.65188853506883,3.98971057002763,7.66164740558934,7.6500581402113,5.46200705004478,8.84934658061251,4.66606113945742,7.95287785998939,7.30918698540517,6.13175895093901,5.78175808239012,5.25722906816177,8.17906628910685,4.71290261611323,3.16425991095659,9.59039390893473,7.66203840913938,8.14661824547906,7.70115444693775,4.77297401322442,4.96059327139153,7.17010807576048,4.89755356987099
5,8.89025271803017,7.24941253024339,5.75517883126642,6.25212978116645,9.22694662581208,6.01564396490198,4.50923788667487,6.39265294448883,6.02286070968867,6.7923765535698,5.44248850981756,6.10330999188903,4.83063816918569,6.40421438629838,4.19085316501339,7.62297797174033,5.21689230793234,6.91328890168319,3.16157234788831,5.74309233909234,7.86231035222415,5.58340730264963,6.03910048254671,9.04077130332646,6.09470644857892,7.92044318526846,5.97623256105229,8.88575418158766,6.14190383753998,3.98290138583847,8.21347588175376,6.34280665841719,9.58246620559868,6.60847420282048,5.06598844308822,6.50290014458898,5.7237903984917,7.56683375294399,6.649069392523,9.23214110479104,5.59930398955652,6.39959649571975,5.99641917292041,5.14567953569449,8.17634492229765,5.73241510857922,6.83819716678438,4.74955847778046,5.25745078162578,7.83611296569824,6.48634923960513,6.61910042003996,6.94972783360009,6.82347407034562,6.43404065590933,4.70094258004593,4.56313942962561,7.48627818271719,5.84407659567783,5.92319739728354,8.4314738149058,4.7971328232428,5.05619130049529,5.72841667879626,5.6116770528578,8.00663481143464,5.43667230179143,6.84481228534613,5.26186335571685,5.45918264535538,5.35426363221491,9.0855942365576,5.38413285638292,8.87464625295855,4.73829267218475,4.59889331661162,5.84742398527077,6.25008767205882,5.07555074395048,6.94826421275599,4.52139384621414,6.12454029062568,5.51373187821818,4.71842283501786,4.6864332798078,7.64401039811605,7.05089808358415,5.41724878144656,7.97498341496766,4.28482945233414,8.21868890159269,4.41645706528231,5.18037884417889,6.16055578829011,4.90166063720115,7.91254409797658,4.75990750533219,4.58793114772981,9.21185175710517,7.77636647023156,7.87023584621885,7.57088210340032,5.0251311645937,4.49734699566992,7.05545261952012,5.11938651593823
0,8.40929356051759,6.99374322219086,5.52791234199253,5.78528952060626,9.07845116009549,5.269305388413,5.06744981663447,7.63616280729369,6.20308999507193,5.97925574829433,5.35832287037159,4.2615700922823,7.34092472421993,6.47412354996484,4.74508332177655,7.67784667538696,5.66076917423428,6.97417211806956,3.29799721118793,5.70909053551277,7.00013818671399,5.27703408606401,5.83758775916538,8.98519946430218,6.25005570883889,7.89861883734732,7.53678237756738,8.72913288200596,5.65251556953098,3.85839816807058,7.51701847912566,5.29121332833926,9.05603252669648,6.92391616303017,5.40105222878077,6.41529696938833,5.92587241578221,6.92314510201013,6.48274220707337,9.03353069072869,4.40630706386708,6.3271802013889,6.19359865055096,5.37666662914081,7.72665758852417,5.50064545717498,6.95904597946077,4.7418590146374,4.75979213913229,7.2017336851169,6.46531731924377,5.73533034408524,6.94957298675527,6.08575900847247,6.96722857962324,4.69848019259388,4.77776068709995,6.91779712406106,6.19239006982486,5.48735823136246,8.28625302862808,5.41721140347677,5.33205262542442,5.52268527597921,5.24265529999535,8.02534007454584,5.37895097495136,5.75395717867187,5.52627985421932,5.57065025114243,5.29691046344294,9.09177499496885,6.29670468087565,8.47129664653073,4.14513992796807,4.51326346310214,6.19500996619321,6.51672750976758,6.55195982234921,6.98065257711654,5.32083923510036,4.91084697486794,5.67064890415886,4.41383068305353,4.22269291220086,7.60513931913043,6.8818291275711,6.03751738900914,7.84169475638829,4.03778927032931,7.78216443994557,6.20025058325423,5.10903636455039,3.74491057791677,4.92444980394902,7.93127343174515,5.20720041110772,5.12307769109135,9.62529331560904,8.03968491145557,7.36510164404559,7.32863329117901,5.0863012938484,5.66906356777968,7.67889690609218,5.61474736237182
2,7.72270363305751,7.15497232058088,5.79889944479445,6.21028625513508,8.94427413923499,5.63625328349333,4.67939254501101,6.73421033498503,6.02715400594851,6.27077322277152,5.43413983627863,4.83565637287835,5.90228015449278,6.3618970958797,4.76931262663032,6.97390333443985,5.50760198046322,7.67118836299292,4.46414000618906,5.23924192063268,6.09685457734508,4.79192836397423,5.7332260499971,9.37157142241182,5.76487010164719,8.07328339008389,6.91421517323707,7.8181094908986,5.61501776134261,3.80542624622782,7.88392347708532,6.0371332327466,8.84958677026086,6.77747388983435,5.35004831372759,6.30519145340949,5.55889160655339,6.49273371666959,6.43698635235261,8.22544034096287,4.14322650674728,7.10822403484239,6.23810396908829,5.64230572779602,7.5824969527334,6.27564719016559,6.51952562327476,6.1273749344715,5.62263712750191,7.93963506504514,6.7488576935028,6.39131062554368,6.78141899141829,7.72263075634997,5.9880039446963,5.11752503657068,4.44385401540883,7.15066483590425,6.37427381546365,5.8394863789801,8.76697769590882,5.96142850232261,4.73847796689748,5.87432400087651,5.98642988265498,7.27664051765473,6.95796229385434,6.03924978770083,5.68279156905102,5.80291603567658,6.30217436945487,9.84499257451684,5.5321230647626,9.1810272599756,3.4465883962686,4.7158954479495,5.88970329923479,6.68316600092385,6.61743084463248,6.7426376241245,5.87434357408091,6.1735545829796,5.35501669104666,4.39561886915928,4.7526774967382,6.98596940494457,7.48055474851126,5.53164049158472,9.05221829898973,4.6448796484063,8.28411079108997,7.23608511210119,5.11134184445715,2.87892213495283,4.70084496729937,8.2304029279355,4.89274265710942,3.46761623736758,9.68369927553526,8.22249375540757,7.41922109366075,7.65357711225284,5.00825309634291,5.62930961813465,7.10417034928912,5.22105490338976
4,7.87046405347274,7.16478865473115,5.53942467176217,6.0491217998283,9.14154062869154,5.28428944573077,5.09567234446033,7.71932845718704,5.93675498989698,6.0256302377521,4.9349310861508,5.54118909337945,5.37644174698156,5.96112203358257,4.45008398639693,6.49757524269512,5.85547853432855,6.40350802747114,4.31847928043511,4.90191268560028,6.70280063168588,6.1522804672175,6.24534559665967,9.56937117277252,5.61950659019338,8.5786050453739,6.66729084560868,7.34335456978706,5.44181163527226,5.39734292404846,7.52445738635646,5.80818844740934,9.56371703512603,6.79206630529654,5.92997114904524,5.55232063256954,5.78775846600522,6.51199131946992,6.64240273386936,8.94825557021512,4.62749731129423,6.61847798717704,6.29429888958195,5.56901058137769,8.00061810736688,6.28586132015166,7.07785392469522,5.73168693142526,4.64170603541592,6.93099024504507,6.9423344794959,5.93748637462493,7.36882940807826,6.82282021044288,5.78186826326392,4.81338989201394,4.99954830154233,7.79870997543403,5.8874264957739,6.08094157340086,8.30357256283549,5.27923389765337,5.2008822980214,5.07611693530174,5.75826582751531,6.88119301696942,6.34760154910761,6.10120121895517,5.35706659758901,5.702227604517,5.31042277272507,8.67308199708838,6.6219114244657,8.78429619312612,4.12763567606434,5.0651149804279,6.16571619570415,6.34454202482907,6.41467053620881,6.73345432874724,4.78208161135912,5.19699540264658,5.07838170234566,5.73132425216402,4.70594135750081,7.70835348733421,7.27349036083155,5.20032133214671,8.34122047086874,4.5935057200448,7.75668936630467,4.91651013350271,5.44250417055346,1.9405587409525,5.57241338934513,8.30019173519741,4.53347765934591,2.17649050087592,9.33130607026671,7.57122587911034,8.06849985417697,7.95840610247221,4.87113119486411,5.19102869649359,7.05249928387483,4.25208877706796
2,8.04379099689874,7.11167545198983,5.77092312922985,6.30478328919533,9.17237132649473,5.76252259360172,4.64655847402961,6.75326889279686,5.70538039872904,6.44823712205144,5.22761232725593,5.11236737290374,6.26106062092805,6.38395251865358,4.95364504037142,6.91764632920019,6.11306608200214,6.48003810871358,4.74066251538183,5.31318015485914,7.13199160368523,5.5671881691366,6.81164908228789,9.53565643109036,5.51492288633564,7.72615057717805,6.90177127891744,8.23104517500157,5.91426868679956,2.69553028963663,8.03152167885802,5.78549331894962,9.02963146314775,7.24016769281124,6.94269354037272,5.93305757389302,6.39409387490308,7.78119027090981,6.93372201317422,8.68005406843592,5.29417019238538,6.71497937784444,6.45953048195365,5.6754911506156,7.95760830459976,6.49578391379428,7.22175856287974,5.07671603104007,5.53248853022623,8.13363360483568,7.44357300568612,6.55878116087935,7.06459033937624,5.90421956049209,6.41504685609905,5.00966169848614,4.31955024474188,7.47974900507981,6.11218994158431,5.6340214339383,8.91984239331961,4.24011747553392,4.43644661871203,4.90475463696445,5.27998602355185,7.71153430903291,5.13639826408191,5.2869823009418,5.60603892690255,5.64972214669581,5.97947552132674,8.79698974814346,5.073093637563,8.98194896725051,3.59441861885413,4.59921476586602,6.32624446579985,6.33365955475465,5.42509326325394,6.68227771391694,5.43243671517207,4.91579304172639,5.44492035472893,4.7490038926579,3.86747935095462,7.3698439559966,7.30354202112786,5.80547596192007,8.58247794734863,4.72458463565078,8.1604902058165,6.67584282392535,4.30902250314618,3.03354984229213,5.15068051255922,7.91506630216091,4.93967195279157,3.68461156644741,9.58955038870366,8.40837415011591,7.22668518944379,7.66680251566808,5.02405297298651,4.48827782557295,7.35069534682341,4.78444276476268
0,7.9635555427734,7.66267779600781,5.35592863435174,6.05115250357824,9.23864035211905,5.39841383903044,5.58719576792589,6.82459389374157,5.73450902684961,6.29290253581166,5.49575964498964,4.50477101056522,6.18029516432807,5.80958001781804,4.85239338612236,7.16856519933194,5.71742870706611,6.45941036023656,4.53958021939444,5.41531031832364,6.13170806188697,6.61875707593929,5.83103512653937,9.07101280378261,5.7468645004246,8.32097139585181,7.39210911175035,7.5030876362034,6.49246091172084,4.4965813582427,7.54568508175253,5.85156517051654,9.73234169547076,6.30927280887864,4.91185400452614,5.85173258877644,5.51079156234031,6.83373923211159,6.43199910455926,8.31029966105762,4.74717110692111,6.06783256597881,6.09677057254054,5.68187631920284,8.08666565483223,6.43935067623181,7.13063610519933,4.13604319197918,4.84355814004128,7.32799952887199,7.06157468016993,6.0959191726083,7.00264169289763,5.74921015048923,6.60307174551819,4.32749314709994,4.88485826652323,7.57450722576853,6.09785267687896,5.79401668715881,9.02230685932765,5.52538956766075,4.92693016202545,5.59502127659124,6.1013254182655,7.80469603870816,6.01838304252811,7.04625236088674,5.4292726602939,5.73705031124486,6.0698268413791,8.6661166023234,7.08248563707696,8.24769040958613,3.34054949377057,4.77343133424788,6.12785506769095,5.65264153518716,6.3388431540948,6.76999672837996,5.28053932758115,4.89984935039469,5.49790109432161,4.48992553180736,5.05280214354073,8.04304114563457,7.03213062310481,5.57217089775666,7.72349491388635,4.55831479173678,8.21822019458513,5.49196421348132,5.56363540231277,6.42009512381906,5.29742736527853,8.24538337288349,5.09725189700586,3.92962252929613,9.43136585346434,7.78414412021181,7.60252930023111,7.56421144736965,4.80904821905302,5.3746867599177,7.30095846275255,5.49357434929434
4,8.21911426614168,6.95907478600036,6.09027808150331,6.02416628559545,9.07539117227389,5.46924457272787,4.91860392318168,7.77831403032737,6.24922861131099,6.71989241135171,5.6382731443569,5.89292581330442,6.95338974049317,6.25857955031685,4.66466289774883,6.81638309429882,6.22901211650572,7.00146369535988,5.43900436154056,5.41994468440928,6.965899137609,5.43724714765557,5.7420384724855,8.71720204937651,6.43758295674048,7.62147984814036,7.28774833216459,7.8595220371591,5.72829423902715,4.51028075955545,7.5551705477618,5.45983999793705,9.0678876059296,6.48797038025069,6.21175927367814,6.1601386880338,5.96236508091462,7.28433469460661,6.62053915473484,8.7234813294565,5.19591781542723,6.1367988273248,6.03821304433163,5.56814055297441,8.15877203848939,6.29074115184067,6.47915504618329,3.79179532042676,4.84660958999546,7.40645666853171,6.93339229715856,5.86997081705065,6.91897210507949,6.28463779803097,6.45069093557988,4.75696914541496,5.32914155219634,7.44124293512034,6.07953517415284,5.86231742555505,8.10555496811604,5.86982390182785,4.55755984401772,5.72754234962604,5.42258136647262,7.93028118183906,5.87244895241146,6.50125224177282,5.80241447795964,6.09021923192929,6.29141680447323,9.5447819516734,6.90100554174467,8.30014961133899,4.28164501768984,4.99825027221221,5.90022477639068,6.75857455616442,5.63951832427922,6.77871852139952,5.64528693242499,4.60528662858322,6.28476438082753,4.92879997417564,4.55238082269105,7.70318761343027,6.91318506830249,5.75325013639496,7.67518978613746,4.3942559475384,8.32744993153606,6.94335120364917,5.0458287877197,6.87212385678831,4.53326420196518,8.15616287352779,5.25176762148626,4.24532924174601,9.19478951564133,7.60872613990063,7.65992897915538,7.5228530179485,4.89683349152124,4.33306096161101,6.978382466839,5.59187012973016
0,8.4029916081356,7.73308077324178,5.79622240749037,6.44630441463067,9.38392405035485,5.67881143750321,4.9031778092444,7.43900854087837,5.80804423820121,7.21299974595879,5.6554288505367,3.69878388516789,5.42507662695283,6.49880197547012,5.11464831800528,6.95583243552926,5.35709301651408,6.65305593766062,4.75547552564794,5.4640570454274,6.75406289077101,5.89822365452393,5.7586842176954,8.42773477615814,6.69857796130557,6.96719885208395,6.55534811609803,7.61647106549919,6.32332423061526,3.60982222245736,8.25429405845466,5.50755045635346,9.33078050907731,7.00397400228056,6.58730174351512,6.28733015846857,5.34717053601826,6.83864362473208,6.71006939664368,8.75409694135003,4.48967745397561,6.81348155212576,6.11327609956841,5.77425576051638,7.74206865136932,5.68637462632234,6.93620464818769,5.48708949790829,4.93307220380825,7.63053539906779,6.37261064007366,7.53649073537979,6.93760711924951,7.69635757134742,6.3351812165656,4.88887336747614,5.44782249814405,7.15479870305396,6.07867924680491,5.74762884931291,8.03382050407675,5.47833050423524,4.77313698997186,4.72888242852003,6.49852664402551,7.72174086143295,4.80414282454013,6.22279817734475,5.67735926614387,5.67525169858468,6.27965272122228,8.70201632650162,5.80117251482767,9.24074491128674,3.40744254547542,4.8710144802026,5.69617283730964,6.16277516915927,5.87549526565828,6.99317358968136,4.40343366355186,6.67124311115951,5.53178041504713,4.40263568485357,3.89405572113899,7.50240057627138,7.27553933051372,6.08122637692057,8.29767853210626,4.72499429279857,8.43582515965137,6.40466924786812,4.57581925210988,4.69509725157165,4.84592362041332,7.71446950606122,5.47014990120983,5.41554610204608,9.49688909711704,8.23129399431876,7.39632657318256,7.53144443962483,5.10446100683226,5.03578281236889,6.98436885287205,4.89453971495156
6,8.20372768658619,7.46042484358436,5.89035872680412,6.58260479191481,8.83899199592091,5.27678865651582,5.31441007314084,6.94934972319854,5.4948207130557,6.06468340847354,4.92786157021067,5.17640701412976,6.48647697188207,6.28368097819009,4.68650385110605,7.04428169981761,5.42441964073318,7.09035804385307,3.71886280922257,4.50915910630274,7.16281737844648,6.27870190128507,5.5771493067879,9.06131564543421,5.39682110651054,7.99083676698942,8.17054480115011,8.35752154785731,5.99159893604872,3.320718055214,8.35080067379222,5.29122945980121,9.94207715709165,5.85771790215295,6.31203277993986,6.54827666574476,5.39269055985228,5.91269527929789,6.67465012120033,8.83984601916857,6.75032113967729,6.03110596174559,6.05648290931021,5.43595468055765,8.50001921163459,6.50576997048855,6.27519582897588,6.21979786972352,5.2893776710677,8.09552534665912,6.79244226039371,7.43393344275422,6.84110686143127,7.27291709633953,6.34435703004491,4.85256269529436,4.35342866109927,6.96575917092528,6.46120301646518,5.94507595979518,8.23955604988073,6.25776695913373,5.51827313039389,5.8545820113843,4.91484333447631,7.86724348166788,4.88896523390323,6.44642577957538,5.62444538910529,6.04163965831706,6.02019022968599,9.63475140086592,6.68743820638682,8.58732178660983,4.01024964452488,5.12139062699564,5.58784472362215,6.22123910699097,5.28354162828384,6.83346121999723,5.47833810510279,4.79329887712401,5.08482824021828,4.75160856010468,4.99975107722856,7.83528116313949,6.97071510671658,5.15981268058338,8.16888159471389,4.5169372593488,8.24724989468963,5.36451457227249,5.46335455027638,3.18546249129815,5.00280330744597,8.16080320300727,5.04616679662767,1.99429079151257,9.11167333812719,7.98398903032353,7.36960932311386,7.5408826633308,5.03476156654349,5.03353776191421,7.25447907163347,5.09579006819285
7,8.44754923502742,7.06247366944392,5.78819580924068,6.4071598578494,9.20410901913577,5.43421017352489,4.76412479844971,7.05792734371072,5.89247171844663,7.04662011802651,5.53625828006898,5.64494252567814,6.30329803900192,6.73792820678231,4.82909844048247,6.87350133508151,5.71010235013224,7.04101093952208,4.14487057506681,5.13051203094069,7.30764145815916,5.73426844376175,6.53385761050327,9.14497106184534,5.7490419530574,8.69855307278977,7.25823042024193,8.38343594280455,5.66541533096494,3.00567332683218,7.7144171506815,5.86046912891025,9.02549073255209,6.79944896079738,5.89237436848474,5.66752526072653,5.51856791787224,6.44347317429807,6.16722149568518,8.73088127408648,5.40087362090824,6.14197080879835,5.92978566595079,5.68239749355161,8.1999077665757,6.12579759666645,7.15791003627784,6.10644923920636,5.41515286297193,7.88940427131785,6.66500328082902,6.77451607298392,6.95407120022436,7.37507171310183,6.39773794739314,4.95619556255055,4.67539080813867,7.67231041237823,5.91883147278481,6.20979165911608,7.78209641110097,5.79644453558291,4.70177576723495,5.36219505485468,6.39045408625306,8.08170519547724,6.63676717982992,7.13643109335205,5.74065424518177,5.90701732020207,5.32270291011319,8.60596874760079,6.61074474123193,8.56832825122014,3.66386314803542,5.51019231564215,6.4030175807541,6.81718494263841,6.89548635367751,6.31663328728612,6.04960839421317,6.27077786516238,5.3477992017808,4.22032797789608,5.48577779868801,7.75628149164129,7.14571059438461,4.73133132680512,8.50606772927152,4.75228471531446,8.40659450055363,5.44314821913946,3.71400131153844,5.42213295266953,4.63985324642342,8.84350795916877,5.19422807363168,3.36870147332895,9.12153989396969,7.82760770518119,7.7410505241748,7.61320815145912,5.34605807177971,5.08517309094033,6.94188865059024,4.64021577340814
0,7.67973409805859,7.40804922838253,6.14171238529615,6.16802345600251,8.89444827478066,5.54083894255871,5.13720629784265,7.91670535420087,6.09231497627542,5.30751011452176,5.38700111789354,5.9190381563574,7.02868475267118,5.61066080064514,4.56400469039608,7.6188874090533,5.40624038958902,6.6182913474627,3.47899759392142,5.40626544996744,5.54235344753345,6.28300675744059,5.90659152353047,9.33590560000402,5.21746875642067,7.00552481725033,6.57514814111548,8.04507593656329,5.46175490918235,3.28590330078104,7.52430618331112,5.23692118605079,9.01357761643469,7.02120606099344,6.70690551805472,5.71073513236672,5.37718205149723,6.80720566476426,6.98780047792818,8.19208252029952,4.08868279928197,6.16680737169843,6.05519318677328,5.26744818468612,7.66035875471735,6.88778772379943,6.86339553814273,6.20197971235549,4.58327301504201,7.42631853209642,6.90845473857961,6.44809282535769,7.1454121540672,6.8293220303344,6.14233674613753,4.28632280725019,4.38394487236022,6.41488099238731,6.65792756569608,6.05250866366108,8.87413456861359,5.61122653621021,5.25060754329665,4.94197933882268,5.6007642884714,7.77023205658847,5.23914311661934,6.2078144686228,5.66626841299235,5.92355375803305,5.95821060438267,9.13764533389894,7.34328655388708,8.32317416514395,5.26751470931081,4.83506008214341,6.12466099322555,7.084265997408,6.32751414895606,6.133147486736,4.46503718996686,5.96192582222776,5.54795900090911,4.75234552132977,4.56701463138424,6.35410369269702,7.02000341884962,6.10732028500721,7.98658549480508,4.25581713089439,7.94133131017031,5.279969548419,5.15422279295059,5.43391512539036,5.4107806133652,7.97566164790552,4.84360844054344,2.2652981806908,9.52081817742721,7.83609111500245,7.64512195113922,7.27885077376206,4.9804312198178,4.84264920479906,7.6154212343125,6.09997907685182
0,8.03726486402953,7.42066843027184,5.59507392496469,5.82692738476443,8.93483096390848,6.00148928146189,4.6432425715269,6.78438156675622,6.32976370280321,5.80597271744683,5.14027231941253,4.25317651801247,7.43746971984567,6.10388822969392,4.67487220772328,6.89847110094851,5.38996867637718,7.13999966404771,2.64612656287301,5.24138157085458,6.81744270176687,6.68817677328674,6.32605820507713,9.04304473498827,6.01889302663761,7.77162975058182,6.62457131422162,7.60276918116654,5.5899778932688,3.77472184067704,7.56612944604084,5.8486327527398,8.53822814892046,6.82758287198535,6.04513689599495,6.28777157856457,4.83712232524254,6.84787096473083,6.66467727684827,8.79285736529492,4.1686976317129,6.50059504098341,6.34785234358421,5.88223464717297,7.52224870278649,5.90537037647811,7.02156304934149,5.38948950898777,5.44909871372805,8.61219943269409,6.55901889905531,5.69115314336661,7.12220675025263,5.71848804520933,6.14177200759562,4.80434069815958,4.53314338465848,6.89164105618589,6.51848070421939,5.47572487760189,8.65716055309979,5.71066008935019,5.00687114484325,5.87781477622673,5.37878821521568,7.28721391171472,6.88452652284046,6.59606673657676,5.53856949241155,5.75476536468587,6.05409894124526,9.51336695962049,5.54843203275345,9.11803035652743,4.6508356765386,4.63741459491633,6.70072319976474,6.41006114892216,6.33243683409617,6.88490150890487,5.96377295512116,5.45478650259636,5.79407134682072,4.63622091131529,4.64803131050535,7.09082726211685,7.17334113518035,6.21326923421701,8.17270326243625,4.60946251048653,8.07580542002469,5.91386996058755,5.03757704087729,5.10443932414362,5.48429746549524,8.00103400158296,5.34825051313525,3.84420990192444,9.52949040262832,8.78870313680435,8.34697259343631,7.78156235305327,5.17363806062155,5.16030710553187,7.63979314202045,4.62250670739785
8,8.34429557681774,7.61863178522815,5.64651104216025,6.07650633897648,8.89263522466509,5.60429251341167,4.97283435554152,7.72510976365755,5.881582824501,5.46082057983845,5.3859769717656,3.42612901374775,5.65661515175698,6.46895306821167,5.0191722140616,7.1792844987741,6.20884734966737,6.91393452918329,4.72931362012494,5.74250628330214,7.04481603449216,6.23895634280219,6.00600752841463,8.88986239368771,6.23935627933944,7.98442496381112,7.46525388157975,7.98991581874542,5.99708187459015,4.19160071218378,7.28295560713417,5.59520553201528,9.06940016793481,7.28963202941728,6.52709055688931,6.67711702020168,5.95093237550811,6.72480219005493,6.0706644375926,8.98543722065911,6.02334770958264,6.07964477235567,6.38409710707978,5.0139275098574,7.49937693048036,5.69302365333875,6.89181030584011,4.7775230347179,4.78495117511894,7.2414417763516,6.31318991022198,5.8511977379132,6.89037044863888,5.22247554583399,5.63967571257758,4.66947698671661,5.30073034699808,7.98208361720319,6.26765823093502,5.83398187967639,8.90363443523316,5.69802992029752,4.29483813156953,5.3218085141454,5.97312065676385,7.06376235219972,6.43354651454942,6.36290639304055,5.63348046850377,5.53733711854435,5.42198977123473,9.36950105482603,6.33870591426415,8.01878382187463,5.53751190607983,5.26757852208112,6.40622032692975,6.50935731402794,5.89113878280706,6.62153827159952,5.13228992685019,4.64623135393935,5.39445333509099,5.5122146878898,4.33709961594198,7.55411625799156,6.45858538174723,5.06206546843795,7.81643911250348,4.37339505622196,8.41053387852738,6.39281933796417,5.41226205265346,2.0562516422364,4.94569016292717,8.79539386840089,5.3665083341436,5.02056834565517,9.15309387552972,7.95251397384511,8.19131173354659,7.60036329324665,4.86989523963789,4.81334568600427,7.22713170639999,5.38399781834755
4,8.35698616140267,6.93455015851476,5.63492950429351,6.44705814747475,9.35999631174144,5.23167638054139,4.15054778438987,6.92719530273709,6.05216849736692,6.09795461629766,5.3443100741424,5.76484216477614,7.88951170669271,5.67010697933057,4.32208756210411,6.76415382331892,5.14867521039014,6.91201777883728,4.46768265386419,5.39887274344092,6.70778161118707,5.62938085107358,6.24614048693731,9.2616744801156,5.69227957412529,8.55887454590043,6.16481783160153,8.47193802885147,5.85548386921985,5.36389841747781,8.14262693794099,5.96139054828671,9.38080686826896,7.03492362713707,5.976504724293,5.55399399994417,5.62016218268224,6.4613051109923,6.51967031337539,8.84274201662042,4.64389532512921,6.5306796513747,5.76285100440501,5.71052302496779,7.85145011776674,6.57442118173226,6.71559074250139,6.89169824083395,5.09214239863823,8.13304041268884,6.58928649575339,7.58068049264249,7.35244814082973,7.69486464247072,6.41154340081362,4.69645905875278,3.93205963696079,6.67691727035783,5.77623473094368,5.87285239420589,8.39539963643111,5.41995703435433,5.59012687207589,4.90824892604131,5.19753086808799,7.45152729656946,6.16689780472257,7.10731605971615,5.5751631507104,5.8701899459644,6.04826745232757,9.27428865365388,5.4415236182451,8.7281276240135,4.14010584408034,4.93268382733105,5.90768334018841,6.58154443488941,6.30606885839131,7.45887340189508,5.3025304517475,4.17723724675776,5.45650891827701,4.80752716763441,5.00501557408391,7.11931062589651,6.74892619563581,5.29982167662116,8.0356078615936,4.61662745937643,8.57492890010035,4.87103357371247,5.92636413194367,4.26712872049923,5.28965551887576,8.09505961650665,4.72302875607406,2.97954415864011,9.51099967117891,8.06453254141141,7.84304938724902,7.43114462614483,4.64969480249056,5.16781210064269,6.88299579797795,5.19866293343901
6,8.44466433661344,7.77023820362533,5.98506227837977,6.34841602145973,9.429302442305,5.25987370390196,4.91961872411075,7.64149062989715,6.22880732898994,6.5072770522092,5.85771417670161,5.98267103477186,6.19242748566821,6.42989419439915,5.09742014843135,6.77478021110131,5.03757185543096,6.80688000568883,3.71743229805828,6.04352853967035,7.00811334312528,6.00417037229442,6.0687331739311,9.2460998789311,6.15899547285952,7.96114016341616,6.14208426775949,8.8407160091277,5.94582935052992,3.64304539556352,7.15665859126399,5.39119251839762,8.62744175300817,7.2097520914484,6.04775509565363,6.1784381444907,5.55092391436304,7.59713767322779,6.47100335150407,8.75055730727425,5.63564995213712,6.73267000495384,6.49364420279802,5.7160809127436,7.86662540404414,5.93989023148471,6.53317917423799,4.88780122629831,5.66403418357906,7.49525927074239,6.38005924447472,7.28995271680532,6.74765650491922,7.84205669897112,6.44081699110268,5.42386928323612,4.76949327465467,6.92989766854194,6.09239311798726,6.11381529719494,8.73207752870739,5.25617751714067,4.38709301032294,5.32701270883618,5.17995890473267,6.90273078149344,5.92771145284716,5.86478931873111,5.81921814695607,5.67000080944659,5.90259093860903,9.38199727382599,6.18795729348969,8.81829993050404,4.04279222647536,4.79224357349048,6.05768721902244,6.05606809306307,5.75576528142932,7.30760739574262,5.88034359295492,5.58466938086459,5.50125460941426,3.60108209475676,3.82939678310143,6.91869097964134,7.64469687276622,5.13746003943761,8.38796845841046,4.98849676512682,8.05961812519257,4.02201881349043,5.46177921363572,7.98385973001504,5.02141494495224,8.7744018995217,5.13012748680653,4.77314495995446,9.1982638916145,7.50214780959382,7.56281368823645,7.66751361966331,4.91063962470989,5.51875137147158,7.32994502655686,4.25277100912922
3,8.09194072459181,7.470556019994,4.93169740671512,6.21763448553639,8.81590100086412,5.99141738048828,5.17252735535541,6.83672812199273,5.50576864130763,5.12719013843938,5.26589104000355,5.74938747493784,5.75854707883481,5.95636929290831,4.48692975545736,6.96174625906173,6.81322321601312,6.15608067605432,5.07477757251004,5.82250906488441,6.40619350336839,6.74004473702358,6.02867042783399,9.57032717918653,5.95799609162724,8.86922508173144,7.54039829101484,7.6490732370895,6.60261022846366,1.66986798613666,8.36882461899463,5.14923169572743,10.0084082923987,6.58330164610458,5.67751989068731,5.85786267693836,5.48228983517336,7.14438139255511,6.20250752570336,8.34301012721809,4.5923186967675,6.57054213588183,6.33054175821709,5.6170561336969,8.66296801467036,6.35734932896904,6.74474754566672,4.60530473414576,5.03295661204514,7.79988405777352,7.34363262764861,6.55798844130243,6.63596835282964,6.85430195991814,6.47273797307722,4.53480640111418,4.55722501563886,7.54678951695601,5.94409085034658,5.85888375750571,8.23298490325832,5.17556772728169,4.723555019451,5.49423168224091,6.02872716081073,7.99029858991252,6.92131233939785,6.05520856216338,5.08100331469863,6.11460467212691,5.84925011421244,8.1987118660389,6.09320269294157,9.07832133357591,3.63935716064208,5.15722339029618,5.99188130605127,6.51006291761329,5.38309819379614,6.61605259658121,6.11154986791481,6.51730892295314,5.31758235741838,4.45224931047388,4.15669822477844,7.31227258228306,7.5063351243978,5.4905618191091,8.41012591793384,4.47453035954356,8.34905470220688,5.29915662009608,4.28012508374887,3.82879691268073,5.23290527067032,8.2078486554205,4.55815309428987,3.01782994337093,9.4218301784372,8.09705229638664,7.15721891759321,7.51114814191979,5.02889171742316,4.91930165106362,6.99479409070286,6.76884535179381
6,7.62420080587997,7.80725532681989,5.76049190469612,6.66811272660675,9.04084217885078,5.43844906094188,4.47003839321795,7.96157028361643,5.59070662543828,5.46441404079591,5.08203770589724,4.69753976429283,7.24781227948443,6.31408997229661,4.5343800802921,6.57871290885755,5.33546139984373,6.58674175284908,5.36003941722513,4.70894348833928,6.26288257615727,6.19752013769346,6.441930298934,8.89294470807939,5.41636250764408,8.14500759621881,7.1034790652159,7.10116275348022,5.88350284593698,1.17566427461745,7.76472862933378,5.30116796078026,9.15673985186365,6.40168052199443,5.63101764397496,5.56668739228219,5.89947689110087,7.61387687627833,6.44571264016785,8.01843394806268,6.04433232005283,6.01917187676425,6.40540610789844,5.71356858455601,8.44202314127534,6.51598426016138,7.15655219255349,3.20002480383993,5.20697247553404,7.24313465482206,6.27352442671584,7.28652576189755,6.65344792133379,7.17196607446056,6.46881002984959,5.16228721759544,4.21350965033618,8.46458934159444,6.1604567926445,5.8069194871061,8.34232059558315,4.86766220935831,4.18186663594255,5.89922732969574,5.8538543905332,7.51872611722656,5.14515920966133,6.38608392510251,5.48275134020051,5.20057571297467,5.48893512091305,8.72159863946669,5.92246771800874,8.058577504351,4.08956331936125,4.49822069695718,6.18103288785055,6.52334763987289,7.08934509468593,7.04632150562411,5.63437905965262,4.69617794199086,5.20691798421949,3.71345999094893,5.27097088754316,6.75900281195083,6.95434138647279,5.31558030923546,7.80562134696862,4.75089027127332,7.82305767406229,5.74173489171333,5.57870624541243,6.47641152283369,5.2264660751538,8.01387549165352,4.78774259895783,2.52458456710869,9.3290526912559,7.66920299669287,7.68373942419456,7.78781164126984,4.84219963602417,5.41537734123329,7.60595050123031,5.26072980203818
1,8.29267375711964,7.83052093856066,5.49662819022219,6.38117368959098,9.15212074699784,5.69442726376238,5.22525188963164,6.77370551872733,6.07367177069763,6.05578354669515,5.42148873312777,3.93552594706391,5.40349935954444,6.44231159587787,4.61174176245304,7.88898062613635,5.35772302882083,7.4586487120082,4.02649694299138,5.42142074326177,6.73423442558648,6.6956605854034,5.94221267334058,9.20109723280579,6.00458022520917,7.98437141879221,7.14295440985376,8.3168457020324,5.83665615795357,2.19155983850716,7.6182445440291,6.10159960265089,9.38932977691116,7.68790702299696,6.42775724962558,6.92398209775851,5.6260526507239,7.41174788476566,6.49217027902748,8.76272968558541,5.79082648414712,6.04289432308959,6.45461619118742,5.09521830913891,7.69249880996322,5.44706832500806,7.10116570456985,5.08564799383152,5.46962928756045,7.9722409859089,7.08722878473023,7.28450524422907,6.50502699900199,6.62567572823745,6.43573037033577,4.35091824039313,4.79016139686119,7.00654909285002,6.07786806073854,6.15634504301878,8.61043076186287,6.02229174111059,5.0863944292784,5.71202936622092,5.50872808680531,7.74661247354478,5.57288335086661,6.74305266686068,5.6672074106676,6.25676693609501,5.58897943462689,9.37033758514953,6.8612971681939,8.45087440225159,5.05953152302002,4.57489199145411,6.29308200397002,7.4420151475494,6.41300919665696,7.06700469762363,5.31743316400678,4.43534654069869,5.86029558944008,5.06743260995797,5.06474115687503,7.1583122609691,7.01939701938061,5.38205696322622,7.94452095660463,4.01634656926958,7.85295564844547,4.3549925493896,5.10652198089907,1.83943363616248,5.37988135299132,8.08938726003183,4.8437539358572,4.39160605834658,9.19907843483089,8.15255591689017,8.09705526444403,7.2926672348711,5.14529493578737,4.86690058291882,7.14666383588875,3.6015131002052
8,8.02272436463822,7.16167231044092,5.07522064839765,6.22240016546012,8.87680830982412,5.70816597077461,5.03712525787794,7.6032709443198,6.14539115249381,6.88047544528632,5.63092447819981,5.00819446905402,6.70655871819371,6.88761071356093,4.70943418581622,6.89800936552577,5.71812660391471,7.47997726709152,6.15148563919667,5.37487425209717,7.19437468506357,5.71916339901936,6.34697822704865,8.96023432598912,6.22265170492416,8.50955424786703,5.53063661960952,7.71287109716104,5.94906344944511,3.41567717698874,8.69257748752019,5.57355980257678,9.18529965354123,6.64846892126893,6.54933706196677,5.21664933020751,5.52206461689551,7.61496228518756,6.14125052594564,8.35508923495922,6.83875644860771,6.36576612508287,6.54243416681229,5.7804034986934,8.54639077200417,5.85239246015373,7.64040072794181,7.63541724051504,5.78949428521393,8.59064353044126,6.72862703525293,6.73046148632803,7.20122525230537,6.8698767292787,6.10053359556638,5.16609020255001,5.59498030157975,7.13015426233102,6.13059326691084,6.05375810204457,8.85211597100294,5.87765440999595,4.28185686785515,5.59797709400373,5.63612728064898,7.14722717115507,7.39748773234942,6.64353242322552,5.17520185308765,5.76789536877316,6.13888958427429,9.49304753636065,5.63877939507995,8.46910296468678,3.9869328887221,5.24031636039475,6.063543920614,6.65427249151121,5.73331889557546,6.69347293578057,5.6345254458924,5.63168111139295,5.40136372383846,4.00603702794003,5.23207688540703,8.00103146222566,7.23412927609729,5.10715929631494,8.28277634472102,4.80398420242108,8.11214204501586,5.62426654056171,4.96748595751923,4.48642147213797,4.55547550333011,8.55842225365317,5.50046151665816,5.21384707304977,9.12308031648288,7.88626326770896,7.36343660695073,7.58569260097091,4.8004836979023,5.31754333123839,7.1781255149251,5.04104382109777
9,7.68172204741391,7.89118238629105,5.87811812355893,5.86066748728811,8.93676256726802,6.15696876486015,5.25406727998908,7.4657234598558,5.78876285734104,6.09430940788063,5.29964382169693,5.29426074190366,6.18301640689976,6.75715108761203,4.87069179469424,7.17986429743779,5.66048677921852,6.80618828437679,4.69901674732683,5.37638588874596,5.76798099577415,5.8703936846833,5.86158107606129,8.92929780487453,5.78489399964646,8.3151771787926,5.57692465474104,7.15561733401024,6.05422652979933,3.96194145374376,10.0046172117388,5.90267904068562,9.64686764421755,7.49049801832283,6.31097427514447,5.46390786882711,5.61990748773798,7.61357835446623,6.78734489475297,8.3545035574766,6.88119317026012,7.45493206514173,6.2211660077743,5.47273905960921,8.64642793974114,6.40462378425921,7.53764501084146,5.07961234967655,6.02477200132477,8.280149866821,6.98611940475011,5.11497881903283,7.08176575441404,5.82954845046212,6.65123718153149,4.98869024490324,3.90226027281628,9.07271427027294,6.29762232031533,5.97740920939481,8.94177412728985,4.74978715411491,3.87231767496128,5.3015768723275,5.0427917357666,7.75795728850753,6.16804955941283,6.31530679769021,5.578604426874,5.55560487083778,6.00455287619866,8.55096585315278,5.17089439828177,9.03703671553972,4.01567501640823,5.10844316172672,6.50091990949905,6.2749843248473,6.15320779010667,6.74791381301532,5.16463748773772,7.60078685752758,5.32964834009544,3.57049951498954,4.19129618208793,7.00093917435731,8.04354689413632,4.63633373064154,9.06847396492885,4.5160732284996,7.27348233265228,4.89682774237927,4.78272143078397,5.23452471230623,4.55071332723781,8.67833692194596,5.10308765603162,2.46841287926756,8.73318748954267,8.14620924879895,7.61970415010337,7.32406790517464,5.19199809119541,4.68798439004945,7.27053259674838,5.1678428575157
2,7.77326441606874,7.50598019489907,5.8371708866106,6.01323599721188,8.91212303214632,6.20133787752838,5.35459923229933,8.16152809969768,5.87136411348708,6.2127420961926,5.25962865156816,4.99466732096898,6.74356887917217,6.38003764569978,4.31370168365789,7.4581381617194,5.69562193556398,6.91391040720633,3.77885230480198,5.46896391823125,6.05013454717393,6.50139777395386,5.95038733024487,9.48946001300293,6.04353862323519,7.96028594528284,6.39919099032157,7.73681006897175,6.1959571569033,5.2252050127238,8.48581405603373,4.71343833729681,8.59994609402495,7.25211195275481,6.31602820732617,6.22851374107859,5.86791621065238,6.71844054629275,6.07659827146768,8.41460794651156,4.29253472505393,7.62221957659721,6.34184918581818,5.40214646407792,7.38501042490489,5.97903103813941,6.69764850500619,3.77948395071646,5.47794198872467,8.21235758816244,6.7460070377473,6.09708987024849,7.13438244158815,6.2105225387837,5.44669730681849,4.65131496114326,4.83367860674143,7.75632884689108,6.46809183750006,5.58509756446309,8.7435741418085,5.05688297564134,5.08605081252131,5.80211352880819,6.11840499224752,8.25412708560965,4.94393196945683,5.94201238578949,5.76658267240705,5.62298410429588,5.77965853907871,8.78425258048044,5.95156281745055,10.05108334445,3.99682930256053,4.52214156743505,6.54959202591682,6.30549347345541,6.06989303255817,6.94483971839101,4.92481200134111,5.96816489063507,5.41803543402606,4.27192601328193,4.70471200938969,7.37261014496236,7.13586862835639,5.4543832158801,8.62990631417796,4.44598518540749,7.60088126066305,7.13532224917936,5.84470800074105,3.85610417677182,5.14002955209551,8.79629347404885,4.78945238252568,3.9428958549334,9.48213425184086,8.6085450889732,7.54363542071002,7.3762520010011,4.69713263036991,5.98251982005651,7.62332596546433,4.50846571778539
2,7.93903857846391,7.06139746186982,5.43531511481422,6.5859627024,8.6679166191167,5.42961645480958,4.84659070510602,7.5048120366944,5.82552089916783,5.41697851870782,5.44717498565559,6.61074910927646,5.51945343675323,6.33122705047996,4.74898185323088,7.13236245216405,5.84403608825273,7.2890351373693,5.01409996438598,5.47810701523235,6.45048443187933,6.69756071668253,5.50337949336823,9.78677446896564,5.5077013263396,8.34821679275901,6.60721945632533,7.92923137132745,6.46177296682222,4.09535766877472,7.48633926671528,5.39221235956363,9.21801488275072,7.09957867088622,5.54653678410575,5.57891656837271,5.04822938047115,7.05911376816372,6.38885839762393,8.55599498508024,5.9325156589008,6.01280040674263,6.35135151529291,5.48743153329114,8.07854812498267,6.55935487736342,7.08306896741307,6.30182826527111,4.77487744321285,7.42700483519847,6.34010043228946,7.79711700545214,7.14308314765763,6.99667159139942,6.22894413844202,4.88672516032184,4.77001696439278,7.83421799372299,6.49481122018463,6.12655109833326,8.73237786976128,5.49539928593622,4.33034667577204,4.56500099396456,5.8518356887121,8.28502175662665,5.58204179481677,6.30719061282844,5.4763118240265,5.77639736083565,6.19194038414217,9.36807056848894,6.62782025680263,7.90935465944906,3.99863800637298,4.88563115333787,6.1359833942893,5.94935355188649,6.26866360660102,6.79305104864057,6.18181457564392,4.84832070606699,5.39265242580992,2.92607014084299,4.88410410667341,6.97862544365671,6.83766924489745,5.4281587597166,7.81398771812504,4.38836559267933,8.40157606753054,6.42723162378636,6.04378365308786,5.23683685532526,4.75085606586879,8.51398229889211,4.68701548668135,3.21394548323838,9.27217995519258,7.35317073686587,7.21151708205581,7.21267847796799,4.38128471526192,5.14876477381188,6.80807117809418,5.72057809705238
1,8.19680473452544,8.0578537621519,5.46934917753755,6.41109154196862,9.29848362387823,5.21925553229048,4.79663449238973,7.22159097816273,6.52163059952255,5.91674475737106,5.86470554174002,4.72754809368805,5.05504209925217,6.98748908783389,4.21928706524097,6.98240223150982,5.86844484910876,6.88438023431873,3.9348754306338,5.35574620236477,6.51530696447369,6.4563010768394,5.83458018693228,9.06428966285276,6.37368013829793,7.94960474196162,6.07637244075763,8.31284220687075,5.34139349069985,2.89614961033108,7.33393961683529,6.04452180041905,8.66431319649566,6.61137142975249,6.2356964265459,5.72683689270391,4.95223501124168,7.88737563163096,6.51226109009556,8.55177754512538,4.32177361932421,6.0567672074462,6.44460487188294,5.72769971013223,8.14168107215522,5.86754678834728,7.3099828615488,4.69876563540627,4.88483853820043,7.35751708536307,6.36095270237019,7.24219545160783,6.63218673979235,6.64904087900856,6.28855739374622,4.8354436649157,5.04737033609607,8.04448479894537,6.1017726907111,5.72119668437478,8.91518664709272,4.84451686785159,5.27745472318932,4.88748419676877,5.65349393309997,8.41350514174967,6.78245430898708,6.45837257204693,5.26193098874546,5.58630343857718,5.7746192496817,9.05074521369622,6.14829893707378,8.34496592965423,4.17718146216335,4.82085524270138,6.18808905610471,6.82762170481961,6.52593846680922,6.68963837545349,5.11599742390881,5.23013951865314,6.14744408171087,6.01175660015114,4.49917280734428,8.40123617336847,6.88914291095499,5.62921406475422,7.61856502787307,4.45498742772671,7.68803912789319,5.93514266055169,5.55305955425512,5.4786379059374,4.35806720414301,8.43024492454077,5.45337673202707,5.33531639367744,9.52586752881181,7.54693126822736,7.69521206110995,7.67195509937583,4.93547252969635,5.04332075737976,7.07964192149588,4.03410946325021
5,9.17602392540358,7.49855690669682,5.31880736977245,6.39126716453166,9.10813193313265,5.65539405154752,5.01268271250876,7.85170891701224,6.0268683991685,5.25677367180757,5.34826948135261,5.24959496365152,5.84741591255098,6.19190977457825,4.38439987434848,7.03180350423066,5.41456646109188,7.1567197178345,3.71863128168678,5.68106084149922,8.03393070197091,5.29945748701964,5.73416148384359,9.57564004687983,6.22203099922341,7.83065454026586,5.78614699916526,9.25513466280261,5.82410826246986,4.12135508415556,8.29638188247172,5.23356828956881,8.42700822546519,7.13111188476011,6.28999638221003,6.00551568371935,5.37789489226463,6.78481783049943,6.33979113893164,9.93653987269336,5.69826819662178,6.61152879607347,6.18720827216566,5.76151016838713,7.77465455454732,5.84357569167692,6.99332930948195,5.51174719338567,4.88934006730354,7.69021013995539,6.47187575507705,7.26863184526781,7.12811290125807,6.2642337470135,5.91919091218196,5.14562994552344,5.25737069683666,7.22798171169914,6.40407324572533,5.84005967918694,8.09956145766122,5.63000888749175,5.14397357722865,5.35561518217353,5.44647979399355,7.5672955627147,6.1714893509155,5.82858309743401,5.65271512596977,5.74634439778652,6.34140423876109,9.18893566322043,6.60615969427242,8.71897673309369,3.61154663824123,4.75180735460865,5.84584453473576,6.63858036776664,6.40133232461292,6.63551867069802,5.63924652687775,6.53045181302273,5.68417730911368,4.28028117231022,4.16524429709666,7.0370996200541,7.28315606371613,5.88608579729426,8.03460629251124,4.7163321537926,8.11779674096855,4.82182227475963,5.76370631938772,4.06425995899708,5.21838954247232,7.9426584378538,4.73307949413143,4.47905815431142,9.54357495894388,8.11478023347752,6.8653298345306,7.38688870759993,4.52736699002057,5.08243746800065,7.39363859362679,5.23966547105602
4,7.80598647230393,7.0071190906187,6.37819832134636,6.11135808995109,9.20128985565123,5.80683303919296,4.58276427881277,6.84457337098867,6.09403221359613,6.25477382555519,5.73728558932237,5.06044854956593,7.18178113456042,6.40164619708648,5.18225485910524,7.26795143855054,5.77972458375377,7.03026701373724,4.40340365946621,5.620691645828,5.99070127763294,5.73853346670414,5.94676516484729,9.1285506384324,6.02522358138664,7.5051730271846,6.1240217962289,7.75768233733167,5.88931295683813,3.86388833968526,8.16451729868773,5.52964320357405,9.80845672901729,7.04769811982684,7.00382354102469,6.80727877622773,5.64776958433497,6.997522377992,6.63212795573275,8.43104445967884,4.77210505365569,6.2819201094974,6.10351552827455,5.28003057591776,7.71598347638092,6.17133797675155,6.72268383184796,4.72378582031257,4.3384542849079,6.98002876871607,6.81746491759327,6.35077518456124,6.96722292506672,6.99674705009912,6.92477008991368,4.61247758757048,4.63871989272196,8.26924300169169,5.94747884178681,6.10404048216955,8.24048349724912,5.30792754070202,4.19057049055248,5.79753585543572,5.09174300950273,8.16854145696247,5.85190330826574,5.7271468487024,5.82167093483767,5.81319954848767,5.17396539785587,9.8407753021377,6.24660321547979,8.05004703188285,4.81002568444809,4.89111262489734,6.43691429191046,6.18033240990605,6.58669115258445,6.90420010273633,5.03770596448195,4.26030593950911,5.50956406363022,4.21997817455154,4.53365521700064,6.95846701479043,6.38418214549952,5.39079964522358,7.92041416798815,4.58487369700998,7.53073318744241,4.32408821242789,4.51770100325112,3.05512617360985,4.79085298315173,8.65956480271293,5.31670178369868,3.9813242902377,9.4177065296524,8.09642891416007,7.7102114559027,7.48893801331034,5.62122745575038,5.31765632856126,6.96454624180295,4.88208104822537
7,8.30261566740407,6.86268233284174,5.86707563751133,6.09691581846949,8.87633927928107,5.88076008856139,4.65660307353755,6.65822220362743,5.64955787070394,6.24471682058756,5.36536452844422,4.77451602960985,6.04953546110332,6.2924894507204,4.75757928787891,6.83394635303996,5.74921856707435,7.03728873275483,4.38547119582811,5.51018196818092,6.60263383133009,6.70677432741454,5.97564489846623,9.06525943834195,5.78976183356085,7.85221466512652,7.34284156707248,8.37884372372561,6.06148158622723,4.69795251091335,8.49609123420435,5.63396514009912,8.27498618229093,6.93939745558051,6.59918327886662,6.13779105292571,5.21810514337123,7.4587210088621,6.7842369842333,8.88319835535441,6.68280101649698,6.39735039840164,6.49637607422042,5.652690251313,8.18353442111485,6.30249092248179,7.58254623098513,3.75910729622688,5.60621243469881,8.14050084350206,6.75780322005665,6.0597472287478,7.2892824942616,6.73823590885096,6.82838239055348,5.02219020900176,4.87502856902702,7.54481376161172,6.22098695576048,6.08693323812573,8.88468657768463,4.53821009109107,4.87989365341241,5.85143125363764,5.83212871329912,7.71521977878735,5.28863058835624,5.33344256515222,5.76265668231027,5.53777802020475,6.23884900761589,9.51616851148764,6.7002179181909,9.03032732775355,3.86989845988679,4.59640020894134,6.15651090952408,6.0197404672989,5.85085295090814,7.17864679516835,5.80836586521784,4.94570910972551,5.41309215257431,4.64930755385458,4.28446635573156,8.3470901986995,7.01751222979858,5.09865148042504,8.17274284759047,4.78468079346673,8.53607730129251,5.34703071272888,5.77722373785435,8.88604273603505,5.37357486563087,8.50035475417807,4.81812672478712,3.36950277103426,9.11489382874183,8.00207928213488,7.57647612672882,7.47699701687196,4.93486604713998,6.14570141840646,7.37836856528227,5.03135212620972
7,7.60123793629804,7.53144364551719,6.12095257706647,6.13060740463708,8.76168389165293,5.40581517775584,5.05471895600654,7.45337866687037,5.79957925229135,5.23795704929479,5.32217770293673,5.23852119377995,7.03804293034253,6.40046897912585,4.82698452132158,6.85102346605196,6.07334750556902,7.05715663229396,4.37979680650855,5.16874691433359,5.72507421744874,6.66520359652861,5.94234927450019,9.16032692195308,5.54263678231122,7.85018145785024,6.21669399915921,7.28211096055904,5.78731835694805,2.77635002654824,7.99832083474653,5.28177121332502,9.49482478723224,6.43945429050105,6.4148944937763,5.07542479530889,5.78387869894222,8.17793038840041,6.80341077862626,8.13716783081912,6.62056277134,6.44797853632957,6.30133926661142,5.80328657930221,8.26382848712497,6.19973064936354,7.09750364264891,4.90193649761136,5.89342398991466,8.22761815448136,6.60983251135539,5.94902950243799,6.92328851273752,6.56327885639521,7.01234515591167,5.09333686208806,4.67222774499934,7.78741212574001,6.31912210302215,5.79294735115913,8.90226274193269,5.37750268965962,5.08023972690072,4.90703285916698,5.73952884338421,8.28387852358775,5.98954713827165,6.51674041852518,5.72791095927992,5.57137090199341,5.18277758196344,8.46022429664014,6.81340828753559,9.18003999046226,2.84983366090283,5.29018603638472,6.05738918864564,6.34711546839193,6.70823817361959,6.95188322718027,4.67279759603429,6.40662912204329,5.5272097215715,4.04264250495283,4.55924277798413,7.32045880317524,7.40680796070383,5.42976323641039,8.34776207189704,4.76508594078416,8.18370299332436,4.95976901120537,5.07212420205865,5.47914997774976,4.56795649271057,8.6367589431341,5.05197432350456,2.898733870621,9.17155008722146,8.38980800775643,7.46791119700228,7.69287462826385,5.29495844762266,5.25661212930943,6.81642781825552,5.047375144483
2,7.63033525110896,6.99649987097333,5.88955986203128,6.07411725390731,9.08069512261536,5.13673104709979,5.38311534964696,7.6186446023502,5.77930029058796,6.41232238627747,5.50960456706919,5.28991724259169,7.63590703940662,6.44128882755294,4.70473455463803,7.28503171605101,6.09374678312411,6.8549103908248,3.51560602831949,5.24340124073691,5.83543945548314,6.21522196854956,6.37156660435774,9.26423276414628,6.02668382911952,7.43865617333345,6.95781449091131,7.07213250399738,6.26006063594706,1.64641985006555,7.4746569138451,5.89646117246656,8.7384042061169,6.06532175236013,6.43988237014402,5.60086802684893,5.05196081920589,6.7801532672454,6.6401722802662,8.42805128150938,4.18434443926462,6.43038206030249,6.56416043546926,5.74189208657172,7.57763598953677,5.90771124771988,7.18998044085585,5.20473917373459,4.78689178516958,7.86277725263128,6.98022653501569,6.4393187352211,6.55507480071998,6.34937353928385,6.07339101703715,4.96373458693748,4.15868308701159,7.89314782699735,6.18667807804347,5.79038149417127,8.53359562606356,5.16259041863467,5.17034462508407,5.90289860138424,5.95162948808753,7.46689367033466,5.95685284885505,6.35845651219546,5.57264439856175,5.48461037676602,6.05959286161411,9.28709192122333,5.63223033198552,8.83561293315107,3.94720679207628,4.75343964649081,5.98301146667795,7.17465167686588,5.93484273659468,6.99214316093628,5.26021842163847,4.68812791859607,5.33828851376315,5.16714538007985,4.76084597845523,7.18198080892968,6.7385212089236,5.57060946510513,8.14367629775359,4.40056878830019,7.89172130209706,3.80261825579396,4.55953844599157,0.940430156605739,4.56487079882218,8.31015024219164,5.00977976758197,3.71087071613579,9.39892725706284,8.34575966271736,7.6964735945429,7.558842276929,5.20324837467257,5.36733396485608,7.7431989278134,4.31844500161743
9,7.94086854901878,7.6019239511792,5.74378216170697,6.170502652715,8.84125626298478,5.55579154615966,4.70359920274051,7.17695613953263,5.93898426361529,6.29534038291555,5.24956041047853,5.69178115964979,6.87521729902155,6.47788542473184,3.94837655349601,7.15850110780388,5.39233590110292,7.04965568805044,3.63644019986038,5.00404045205665,6.11715402746411,6.89125280782245,6.13329254016673,9.4869076147579,6.03500480545396,8.27206924810934,7.89443946675161,7.64298621285299,6.46458750665272,4.55227811702588,8.85368530217653,4.93555901613027,9.21577910258492,7.0203921883857,5.8878525201758,6.53903048459969,5.64945751041438,7.99200993861803,7.00314600143664,8.35953835509819,7.27247904657872,6.7300861146543,6.55352253381159,5.64649870006948,8.67868924514819,6.5877464582029,7.89864039571363,3.35555341645234,6.14314009909779,8.39576784707937,6.74083106298235,6.41854034523273,7.23234038937265,7.27708366137402,7.16984430056701,4.45775539669512,4.21499687220571,6.90116877645664,6.24571348623423,5.9196219053818,9.08292216123528,5.24819911109555,5.17471917781472,5.48128862873408,5.62692478046638,7.98363401916121,7.09964040602657,5.5198148265942,5.56940001708985,5.80496831763663,5.86967017179471,9.93740186034749,5.72378516038425,8.99681814864847,3.92077051314434,4.61883848598668,5.67852970548833,6.76988456672453,5.50288989920215,6.69634914177056,5.96567245378159,6.62889116031683,5.67735336873697,4.96865570465404,3.94503222054691,7.68510694688713,7.93931035530962,5.22933606264889,8.90797118988115,4.34753803402911,8.19097274217616,4.92469702128647,5.99255563470849,3.23427728149594,5.0524029447409,8.5001167901513,4.80460111698198,3.49941249369244,9.32286504863876,7.76118438830598,8.0688686808479,7.88034003870441,4.83538350093921,4.52397917618575,7.29136254366889,3.94746688495149
1,8.23096644773465,7.12186864660145,5.46371740671549,6.2401043611302,8.70406360564239,5.65635415299896,4.89799575224842,8.03333505621003,6.14989052017245,6.3402569266987,5.4738464476034,5.23786790623529,7.1235884408124,6.24987793567874,5.74438174539825,7.17450290993464,5.86492163300936,6.81064440645343,5.4118014542803,5.27116652745356,6.86876275534874,5.88538726361395,5.61231736207869,9.17328199702459,5.84271829454512,8.00820864333719,6.71336316376874,7.92657869134629,6.55772031709992,4.51695143872405,8.52015790114443,5.89490031092565,9.02212944367166,6.91044770065876,5.23184844828222,5.81613030335445,5.4725733363439,7.33142388925197,6.48531684127226,8.82579117939604,5.48192684763487,6.40008378207989,6.05926992102575,5.44506767372607,7.77995612643189,6.49605332961632,7.81039356217621,5.73768897582813,5.36294292305164,8.5540193107031,6.36317379439695,6.36023011652023,7.322933552888,7.16022635843924,6.24963306586722,4.56773573551224,4.46568364734958,7.10060980414131,6.48227656442895,5.99848064644655,8.64891755958143,5.30459142715648,4.11522975091291,5.56976831602221,5.81616869453678,7.40124752076669,5.11319745358151,6.72846566701178,5.59983010789503,5.57883569500431,6.29108107272377,10.3994343744059,6.79339776451562,8.61202432363107,4.09193587569036,5.28111678653909,6.19592262405548,5.72408804456223,5.99500622216572,7.13773052714455,5.22962377223949,4.49455985180503,5.63710921467991,5.15988215735899,5.20051479115251,7.04712987939179,6.68476849342242,5.27041961642277,8.03517765954141,4.4097729205818,8.57272509481218,5.20938750563217,5.43999126563523,2.63033663911593,5.22311594958226,8.45754968552248,5.16071864842941,3.258398708088,9.66179269537099,7.87176628534361,7.68675947534373,7.79404445460751,4.73874715571044,4.99301465838977,7.44533354447073,4.81904499351141
0,7.76858882008892,7.39878809437034,5.30743659876367,5.99261112125895,8.9990680008716,5.05278776452977,4.58063580239445,6.72312417210951,6.35123483895959,4.95288036916992,5.36631469093122,5.12481528680188,4.04114864238409,5.97612450851006,5.28486708135671,6.50250877530439,5.5949449992972,6.7648651940765,3.68529437289707,5.10520829915702,6.09067799235738,5.98945970081848,5.86867081132202,9.25595442076411,5.89559390651613,7.83292342822215,7.11129089142724,7.53654648534357,5.87352804972888,1.3869215110374,7.20351297722437,5.34302821892767,9.31008345533258,6.42121102912491,5.73018559512646,6.03627100430705,5.16252590745289,6.47003814276622,6.53335022316414,7.9230684443667,4.26809578559083,5.92529955577161,6.34017909697978,5.82675014027218,7.541656893876,6.2126302948553,7.00971713226143,2.43010114925783,4.60605335090814,7.61298162839596,6.97616458573708,5.61442573891292,6.66950147485475,5.87546909975833,6.42833887470983,5.04708023192944,5.01051937503845,7.42405008578343,6.55137040955381,5.47538713650968,8.6899441461845,5.66587971269243,5.06553907859283,6.85806271012055,6.60003570670951,7.75521000623351,6.33648891199033,6.27679546006998,5.45383022728911,5.82174624734616,5.51120826129383,9.57076009263591,6.25299767703439,8.17731513490082,3.91737580363308,5.3031042497812,6.15309484767358,6.23294901397803,5.87340268436949,7.64312504322919,4.78105946166442,4.37153898320055,5.9304372072614,4.81797130629568,4.62867156798942,7.51226693226726,6.51104270553242,5.71196337188506,7.29264461794444,4.81118034884047,7.98755520808503,5.39071601922338,6.20391392562103,1.70432353628583,5.1507413801059,8.32753104119931,4.88762424313927,3.96886453169666,9.67894603001441,8.4362008081229,8.17548855442124,7.97626605789502,4.99687222835079,4.32021433830622,7.23054188924857,5.74492367879595
2,8.16952600874845,7.59014000015349,5.84228449944025,6.18135769766294,9.0071430476779,5.76926000999712,4.58429466828275,7.71074785774254,5.88558324898165,6.89309948511924,5.5486550440749,5.72938295923886,7.31014772222821,6.52649555479033,5.33681094915413,6.58919480193536,5.71568948802231,6.92816132563183,5.17919769248087,5.0986971097278,6.75044297059035,5.38663076137867,5.99566783591993,8.58390054996207,6.09446999850924,8.0389193744713,5.81608353192247,8.25700887119764,6.47230262037076,4.30446334161358,7.39609110433563,4.552029424116,9.5996137726897,6.94158421390244,6.12728741934932,6.50745155284797,5.58671768714512,6.74158829544015,6.41018746633647,8.7024851384186,4.02761588959944,6.67653959188694,6.29242643172103,5.47432272620448,7.86099106515238,6.04130311242474,6.76675370403315,5.29826196623621,4.92566063198293,7.48463324472483,7.25724941717829,6.71084122294519,7.28006898005895,6.42767790943927,6.80095024771157,4.24670096483975,6.00648731407724,7.23460940260237,6.51431124315882,5.72880318365453,8.31599723699469,5.35290964832439,4.1755036055543,4.13618687413668,5.05978990258922,8.45262014636859,6.36788079076382,6.56509798230366,5.62780197599158,5.76550927833276,6.23329868820989,9.93805444386117,4.94729129681007,8.72056752685243,4.030321001519,4.45322899167241,5.97710703120075,6.76602959684736,5.5412647212812,7.45092484127207,5.64129625026605,6.33682535350489,5.70194268578831,5.3318133316,4.61063445734471,7.15180328741181,7.23471421625582,5.74641437919731,8.30399119743078,4.52424294563228,8.19886711707722,4.52673015211122,4.97967884400721,5.06503102617971,4.74451944033444,8.08851123222385,5.74642567827301,4.7678967090181,9.58551226211453,7.97095238215997,7.60155088900305,7.85522456999267,4.85108192313525,5.66906935150722,7.32666430116047,4.31693831431594
2,7.81401675795985,7.22653744700654,5.60401859512386,6.27135379450376,9.17294273497068,5.34147581806642,5.15476788483917,6.90505883808994,5.97528590036066,4.95627333225147,5.57234240722703,5.41860292049437,6.20826446234073,5.86765367709623,5.22595099794884,6.97840204318735,5.78253491406525,6.50895881134862,5.31531346372436,5.42991709704664,6.49900268219593,5.85411095120341,5.60005066127085,9.07511754421245,6.23018099528992,8.16591805080984,7.17019948659576,6.97651328818642,6.17452501304184,3.67430098427604,7.4808719724492,5.91737791247829,9.20247808189283,6.57465745852811,5.58361057897834,5.66435902916632,6.16522611070238,8.11980633627203,6.68011943306253,8.75139351510223,5.07124925530493,6.37193197215043,6.20705215787117,5.51132785408041,7.97535047689885,5.87523331964473,7.48178550510194,3.61174147434574,5.18868723783513,7.47198663098739,7.08434796729752,6.80942045080857,6.94127821443693,7.65358752035125,6.43313342404922,5.09738054392535,5.1282356823027,7.35334716694441,6.24769883132344,5.85313374228985,8.86311897006249,4.88690956431519,4.41655430551858,5.67800349612208,5.29523681769328,7.97561507911255,5.06771742030797,6.40300335428779,5.77416166554799,5.95461687541857,5.7720496358852,7.86849557882538,6.9207729871015,8.4694081313198,3.7069095396196,5.07545904986759,6.14176755348524,5.26543213653364,6.54532784117525,6.6187793250999,6.30816692888911,4.64703911152299,5.72973839122027,4.3681736619284,4.46968157601687,7.18369444346107,7.07876359039216,5.46550519663822,8.17524429482659,4.5492066288361,7.79435616758948,6.63572550986811,5.20602902624469,6.28433788882756,5.53375940163243,8.19370718254624,5.0665758195247,4.15106798155164,9.15183162026079,7.82279279761206,7.90956750990878,7.66888088626435,5.06877154840351,4.6965808596789,6.38288385478213,5.57044905994013
4,7.74975110928026,7.63269165182568,5.72413246743469,6.12422403137419,9.09474672483302,6.01174826062085,4.37660940557738,7.4292527665438,5.93292463049702,6.3423580051719,5.37958838927123,5.65560005285767,4.90993876639245,6.49167340423059,4.62648052272582,6.76283198429672,5.76633055025351,6.8153432028572,3.60570911106033,5.31112013883469,5.97524060580376,5.67398108069033,5.99148486957846,9.42284590386964,6.00928152724769,6.8520245438093,6.45837261875231,7.50313986400108,6.06504760081807,6.43466575095364,8.93987809642662,5.58715366388968,10.0690662805659,6.53151629967098,6.05276998102619,4.9623265542889,5.56764176118833,7.33646986331104,6.11439107932492,8.38754546749176,5.11123955213164,7.22040039569033,6.1983578956912,5.46687880107578,7.64404880468756,6.73025810599404,7.1226989274542,3.56184599816056,5.28825603455629,8.22338640782637,6.36653195404101,6.46398772748611,7.52527067842005,5.97783922495092,6.70817840971879,4.44236827983724,4.80828923120344,7.75138875715425,5.95316372152955,5.70743684839988,8.26082290940026,5.27816523278914,5.25402843813611,5.58019866332933,5.2116897964058,7.53759720287882,5.99668787891238,6.14310255061989,5.47817952565034,5.42071581913078,5.89895260157296,8.83793177861137,4.96562861878525,9.09951079548019,4.82721548822969,4.89592431722274,5.8858081332408,6.6337617153903,6.01349818463211,7.05145084642238,5.85039504778985,4.11823347015219,5.32598252606004,5.50335141951361,4.53757722497974,7.43445221859689,7.13742718160746,5.94870084004294,8.5308644950912,4.61154316671524,7.98927031111894,3.687218147828,6.30390193615432,5.53292436346084,4.66997344530234,7.42362019760513,4.70794019259131,2.965334737054,9.44256651228513,8.30400413303635,7.01594896137822,7.5884778505249,4.79286670362475,5.22587962037429,7.15339047206079,4.45545099632571
8,8.57522501685298,7.48756958212013,5.60891006885001,6.37879216055019,8.72321375435978,5.61849633351119,4.28869472759405,7.0227304013527,5.63929877503574,6.68017433411456,5.48431331989739,4.98958238306118,6.98028135744023,6.55308718810014,4.6786280876267,7.58063311872909,6.09376532296036,7.37518811661752,3.82398737471786,5.77731849365834,7.6524407698948,6.77157527546403,5.25320499730239,9.40973978707081,6.00327642535531,8.41585315667695,7.38653344757792,9.03618760209441,6.12054736976626,0.806715864062188,8.7407853133545,5.0473274318453,8.74318138927687,7.03619579726757,5.7472064921093,5.6165518375396,4.67335793550202,7.02356673840696,6.52374225035887,9.29104938111204,5.85520887238524,6.57404607206392,6.00183145705717,5.50258228650612,8.48327832944785,6.08830087356916,6.17812302050842,4.02616731511714,5.80646279375067,7.96092718366207,6.9098718072778,7.11787975989823,6.47365349118354,7.25523678845706,5.79332344128324,4.75102396562319,4.69873355735614,7.52267979269718,6.64267364327843,5.93384733068338,8.67462951214663,5.43272174891884,5.22012249027021,5.86582857462574,6.29727072437993,7.38063563872295,6.0556198554669,6.95530499859357,5.32243070479498,5.84110291825638,6.62733838017459,9.30145266414596,6.7285047426869,9.09769536480519,4.99495377714923,4.76341185923946,6.06122543816284,5.56449526535958,6.32002409682568,6.55475795892521,5.33796179745878,7.31106509421552,5.32024295932767,5.26832112783832,4.53585185740813,7.28033695210219,7.70391249482535,5.22026706858689,8.32994715253744,4.33772486679422,8.44833756354406,7.24374988120593,5.7008993540508,6.23312936568396,5.11629996992492,8.40842945676614,4.89843413234326,3.30018280373464,9.25873637882862,8.11292717381985,7.68650117706888,7.31986094563625,4.76990320069897,5.40045954798813,7.33616767187172,4.61873586876959
2,8.47074845511331,7.68579379646818,5.60587764591678,6.58604134058235,8.57528405726454,5.22766959884341,5.49292440508089,8.10744679960833,6.10332176710616,5.94247814924479,5.39123081728609,5.14757461282529,5.53824355821428,6.18604861746814,4.8109050599846,7.26882853190355,6.09368986022766,6.9890369347611,5.50556062776668,5.07037671193934,7.07210388038624,6.27280639945592,6.17800629164979,9.21815202147757,5.87282125261739,7.81982389384631,6.8100667093742,8.32133205371632,6.67817792424479,0.522097857875114,7.45158648602298,5.12815973733458,9.24170474303128,6.57964044818526,6.77917293680448,6.49689396356764,6.01993974035967,7.53582718851473,5.92116245230083,8.80871255621362,4.49347216334816,6.3361410098955,6.36477098514902,5.25742693140938,7.92040038488219,6.2222450608555,7.56606634543706,5.76004111094259,4.53914812321464,7.56118218049974,6.9564845705984,7.36584911145475,6.66307393228183,6.78913878623479,5.58335926050976,4.52251132182936,4.9354417332415,7.74965995638212,6.0569192862379,5.97580829108836,8.58077088354827,5.26735964274229,4.39323599766342,4.8091620122489,5.31978886623591,7.61504961646009,6.55159499191433,5.80986387611263,5.44986095160744,5.89975941758063,5.97754591810065,9.52672418378993,6.00989884109338,8.58090401128051,4.29132970633712,4.41042127903874,6.40921138435154,6.34234375145612,6.64518169374594,7.19978251555853,5.57131805130296,5.42081838832621,5.55647164473788,4.28330949863962,4.18626581845161,7.64623926601417,7.03097773166366,5.3462300164226,7.404800099646,4.54352520127141,7.79580732615181,6.72905625654976,5.85946650456263,5.44825105046467,4.92522818952359,8.10005205805288,4.90073113969968,3.81564413145606,9.50729310810488,7.5309333831992,8.12244308979074,7.55361806117378,4.57559558907462,5.18041267467814,7.88014790683993,4.60470407349553
5,8.64317384327698,6.85839460581859,5.398843915583,6.27152085701985,8.80796290816681,5.75407566873911,4.8986721557915,8.11832390147893,6.02042106284621,7.62833771629696,5.25236539335842,4.86224435585181,6.92560122955976,6.31087827414789,4.47435666080519,7.08886162848523,6.55111706691288,6.89706535371459,5.66745283511988,5.54908396438525,7.25916559529974,6.10644714768465,6.13275514590912,9.77905191432593,5.69395057371121,7.90663095760148,7.5710891165261,8.57166908748327,6.05983094575096,3.77572041174312,8.01317236041346,5.74766504249593,8.76897799676195,6.94111447683866,5.82380847560695,6.20274708411228,5.44542037191321,7.13950451696456,6.27406479970573,9.16231319499221,6.16659813202902,6.53860301365138,6.58815088249984,5.25603264480036,7.9055960188703,5.92023920391671,7.1202507469457,6.34266674811537,5.34889609409495,7.78322800382495,6.54877756256578,6.36085425009395,6.95745036867175,6.03750269459479,6.62449440510608,5.11429067610546,4.92950966505614,7.59803979798506,5.99297654767939,6.16148097583802,8.72551144622417,5.24041546816179,4.49900250560516,5.41192914707293,4.98160220507705,8.19556259901056,5.32669718504575,5.40743511769094,5.75115111435509,5.53761444162989,6.10903965976258,9.77125638774904,6.30401029058258,9.21219682440559,5.42835111782806,4.81994595549311,5.83703485195953,6.77986551838721,6.1715994800301,6.59685452066943,5.83610923494981,5.50634910928133,5.69445936465856,5.25248261884263,4.46444021267837,7.57573574004458,7.17649155519825,5.44505092065746,8.32458453756597,4.64313671934507,8.74272009285248,4.04066870351921,5.37329487311954,7.7214402011331,5.10125604161058,8.06456149677181,4.8054677133568,3.5564488592316,9.32076957281189,7.63751440976055,8.03761900689492,7.51510190076773,4.98846003105439,5.27790459833631,6.96265847338338,5.4256175416614
9,8.82743244861656,7.25988896790865,5.59010372819372,6.14627490324862,8.77997634079869,5.48398036171848,4.58242942519659,7.28893505088199,5.63297590040604,5.55946632202869,5.39836911894883,6.00670735997718,7.31780578358156,6.28044429560282,4.04630138486496,7.20276502977725,5.41699217560628,6.61980754370801,3.97989654915974,5.10098400894436,7.45537876127977,6.41528616171396,5.46041098529294,9.16175475741415,5.9848157080324,7.7320664669639,6.57408781743514,9.17659143256572,5.94021030245513,6.2268473372515,8.55601622625048,5.19134262583524,9.79376667311962,6.86517408559953,5.32283738186251,6.20778862408846,5.22025450346297,8.16105545987747,6.38764236668647,9.33507184598722,6.35730064511123,6.89998631452549,6.33937886975286,5.75240581133801,7.9683178923023,6.46019370979671,7.67076963125842,4.335599037372,5.66138695914874,7.79619922976141,6.71176585874174,6.48876042707773,7.2683179187261,6.24903318251245,6.50731211515492,4.38557677831551,4.42064874913285,8.11167324789661,6.63622421482203,5.96395164767842,8.70226282612229,4.50582637237884,5.39610554263772,5.31580152989337,5.23632495015798,8.17762967549096,4.17061874524692,5.9629511854239,5.50227017544796,5.51551155727314,6.47239808917424,10.3833352855695,5.68336012175735,8.77665195238918,3.41760106093557,4.39236708255271,6.04486403113049,6.24773920672361,5.85564871975,6.56987397636344,5.3078145094656,7.01038846416302,5.37534429785106,4.64434563114155,4.47910377148887,7.26729609704743,7.5354429405608,4.85202891620365,8.7312965351319,4.25435643119378,8.08805680217603,5.79318055927249,5.44779626944206,4.40221724063261,5.07539948059237,8.48081098683246,5.09609783379448,2.798122185533,8.92573844342041,7.63483340985327,7.06200377186981,7.49016944561251,4.53945015369872,5.80763964344092,7.22895160500742,4.61044606294838
0,8.42709611705894,7.24349312585901,5.36433190937749,6.50736154018481,8.60984938504993,5.19462398589911,5.53385875333021,6.81337574370667,5.17505143726419,5.510348854431,5.39737964764362,4.68479630868714,6.93108505467309,6.56110333480551,4.42853021856551,6.48507174572699,5.04584275795829,6.64234301184474,3.94278966520145,4.88740122830456,7.34900777023135,5.94580510912021,5.49706933733366,9.36075463020131,6.41750442948783,8.00801200589289,7.26749792438892,8.20977096501172,5.55493954429154,3.00195121300546,6.44457054672774,5.58247604291752,9.26676323225467,6.73643530903631,7.06106424439053,6.29754672164873,5.68013590173685,7.25105083616436,6.11018072453976,8.86273729775346,4.08096666071283,5.74596698037915,6.28304556239822,6.00811544933734,7.84494163492644,6.0969501515993,7.12263287376264,4.92848646884877,4.2653957546863,7.17360454601402,6.94540452155281,7.58697543420284,6.83031708623841,7.35833810057627,6.14563983765311,5.33180279915598,4.64555292060421,6.98379206932564,7.09793455550911,5.72390824552913,8.86948300194958,5.61399517931793,5.55611154548009,5.97747707879932,5.63282087226287,7.69153511941894,4.68395849148532,6.66756570128426,5.28587042132307,5.70815372729694,5.2708678136081,9.58957153508082,7.1398405222866,8.21655562330176,4.03102335510133,4.80543190080817,5.95725004235381,6.29519909163148,5.70128046027615,7.01948661233314,5.81449029945451,4.50315673071914,5.10755128946857,5.09812097317034,4.82348896072807,7.81374344593891,6.62812955647308,5.81778482431426,7.54021660588713,4.88532051594181,7.84659357842065,7.19567500813014,4.72509473166006,7.16117647989506,4.42349366327093,7.88832903238983,4.92333035139057,3.8511074051725,9.65757278894717,8.04524314716915,6.80316168509087,7.83589611390741,5.17939040413658,4.58414223344778,6.75300991466915,5.71471600424336
7,8.41597215223104,7.75058083047381,5.94291847155393,6.12115506931935,8.85547954225058,5.36834374668511,5.16946017549964,7.1336174926099,6.13677739275778,4.93742568132532,5.88449743957715,3.68769236207399,5.92209528218182,6.46505922309744,5.20961272393544,6.87516806800685,5.83465329852802,7.19996095853004,5.76797598412051,5.76590311185707,7.61224557155831,5.71804520347906,5.61283391936352,8.86813615790673,6.3899063429346,8.29684532863653,6.72517423638666,8.34285353211662,5.3695406799133,3.54589024548499,7.80526977297365,4.95341550217295,9.21528572713414,7.09670945193151,6.48418065894851,6.20626184683734,5.58537888326229,6.95639829573329,6.67456546692767,9.01801342748034,5.52467920415341,6.76550993202723,6.59747497293004,5.8560147787273,8.38680118565102,5.95240865937125,6.80579575965372,5.73886190897659,5.76527771659701,7.93858232948358,6.45461384024849,6.3227810962623,7.07204602789676,7.17018086690057,6.77896373466538,5.00740522171563,5.09471148393343,6.79329379996797,7.05755842328273,5.93540711889769,8.39179107227586,5.63770004330939,4.25613736350473,5.20476422682624,4.96496815461108,8.08436485639534,5.16191910351658,5.84607949874739,5.45563839555065,5.46601668426705,5.80886129217568,9.52294194122871,5.85179314434964,9.14082093136071,2.75323456788787,5.41953473404885,6.14887901690078,6.42623377014165,4.99089667789055,6.80191794698251,5.22730441298185,8.4880497040386,5.55525905099915,5.28368365430087,4.15446066273194,6.83078847532965,8.12076387377294,4.9856435004082,8.46497030023559,4.7418330746756,7.60190787662626,4.44181964423912,4.98311917546908,9.6330671540487,4.74552180329991,8.57412339912857,5.14578333541453,4.61945161840219,9.24139524866242,8.02796238340239,7.91760745448449,7.56684395472881,5.2219134646536,4.45116446606969,7.3650621800844,4.58567545714346
4,8.73161074924046,7.72079810888124,5.90069616882479,6.57290421333583,8.92901852884067,6.09611553269686,5.04966667168839,6.84619075391773,5.85295154141941,5.56461462233485,5.51696749690126,4.52892225107186,4.924544526637,5.74984847479348,5.22595895826743,6.99619628671473,5.54737385734368,7.20612215090681,5.02195937127702,5.33625644921465,7.92207658150269,6.16609543663239,5.86677626746251,9.13042643858078,6.01099852030497,7.95287462502238,7.75676985317939,8.69377689751718,6.03570064226672,4.97363009351637,8.32716293936019,5.75515110091349,9.12570049510199,6.6541718338065,5.71126636843952,5.69248701513298,5.28785635392798,7.05953622140677,6.5380211789699,8.85243005595117,6.2883033826995,6.82223033756061,6.15510257780837,5.44513134248248,8.4590034418125,5.91006313668551,7.57610603545874,4.56769668822254,5.61311687795442,7.94269072476641,6.49180689492745,7.59503874612269,7.04517258571396,6.80853589012316,6.54341415632055,4.48689141702646,5.08861260239727,7.37910392905646,6.68087445586615,6.04260708685721,9.08056347984823,5.5989132238792,4.28178280372752,4.98505111591331,6.03532831273072,7.74734345618754,6.65915948185896,6.29713340170393,5.53071356815088,5.74066670394355,5.52990154457497,10.0948116120587,6.78902194267753,9.03507735981893,3.97270335475668,4.71595643945798,6.55506419229091,6.54017325453122,6.40035506876713,6.56752645282289,5.38349431193811,6.56583537593085,5.43128659587954,4.32357098152898,4.19632190761522,7.19204182606098,7.40776005618752,5.36449323387506,8.67998966819524,4.23084389929246,7.90723689432701,4.57713916285756,5.22636245589512,4.79344666022545,5.56218540806775,8.51247608723435,5.05604058865135,3.63101713386182,9.39267506159351,7.98185575348766,7.54925691563966,7.63793608473187,5.2072818755336,5.0205368934303,7.43371800382925,3.97346841465467
8,8.37579550111894,7.57303035641185,5.67635898270532,6.31493676007005,8.80891026600825,5.64334744390325,4.81687372011735,7.0275063601404,5.6453089464818,5.48732855084743,4.99507956899346,6.18844208598184,7.15972947115739,6.06341377921577,4.53649268320239,6.44839599557731,6.3670262885556,6.48008933740426,5.18250990744805,5.87606023663279,7.06092119973831,6.56063459812791,5.49377796393978,9.62925080225534,5.6879065825738,8.27307428511159,5.89829514891053,8.65931881545203,6.30787208699456,3.65317020317498,8.03220469366953,5.01400863133499,9.58525839363646,6.30732541875034,7.08818896288156,5.90812143264762,6.20513597479678,6.94817448511952,6.17548254231745,8.72880200421068,5.69298974656766,6.00947690027312,6.38258470603442,5.64643864666694,8.05590832117233,6.64359851173582,7.71837111069893,4.3307357751202,5.19127999618635,7.79216465766305,6.73269052744585,6.67852227591259,7.05983238684309,6.98452726924155,6.84052830511089,4.97519738530598,4.96749468174182,7.87644322980719,6.80377135869001,6.26765899781099,8.92147972002035,5.7073087042135,4.89783783338048,5.62659730370225,6.0264155146611,8.10943150249711,7.28832789111062,6.58468664371273,5.34208034773125,5.91027442148076,6.08957153771184,9.10577614815725,7.25099915381523,8.32558854099626,4.1509265399403,5.06594583416191,6.10295602462848,6.42783187635744,6.56513996412579,6.91435571029354,5.64638657356431,5.22560564884037,5.56415010851519,4.52382411465104,4.94091412799676,7.91387704879476,6.95985834989163,4.86448087063128,8.29255512245132,4.71874868937372,7.91238696977349,6.57684179290542,5.00055126022479,4.47977642161445,5.36948055002872,8.75987924828493,4.56242425272063,2.97056089144408,9.38575819693438,7.5038994055672,7.74099904268232,7.47325183456718,4.92142906785969,6.05666155146179,7.63545350533695,5.76722012755628
8,8.22362485890479,7.6084997141486,5.51087275195663,6.10100906688688,9.1364338843184,6.13305302582614,4.57184801054918,7.38188508369972,5.81940845945514,6.79668294384103,5.04910685219606,5.82564015262234,6.31739651006817,6.50598290472026,4.26791278981813,6.24586051831785,5.59176280309367,7.19455631231637,4.75802560174011,4.77937673542084,7.01114003828376,5.4320711361412,5.61332716643875,9.53854500630639,5.74455119262658,8.14143539251986,7.5304686824926,8.74917895503566,6.2726091361619,3.8056302349053,8.69352189593631,5.61304668743007,9.41249463144819,6.98233137049535,5.64305155748118,5.49204511374521,5.78895166888398,7.13202051566862,6.62084163649985,8.28829124774362,5.70207862983886,7.07737145125406,6.40925992719023,5.62976444791579,8.75214648484906,6.96926620946673,7.80920532425295,2.03804453729701,5.27611037308741,7.63390654101563,6.55713421190045,6.57481869749741,6.92461776532175,5.80221536985636,5.92137650387629,5.04704511648698,4.3389329584533,7.6753762130593,6.37592142461202,5.97739325181473,8.89203578532894,4.71242827817797,4.78466971399854,4.69850070918174,5.11888532740475,7.43356037353249,5.2215829399906,5.21902366906675,5.1837207412702,5.39492174695323,5.68264067683047,9.78715460884316,6.60871905024586,9.15674168625009,4.07756756719072,5.26298956069919,6.01246471858034,6.1568372751871,6.65036934664798,7.24212728786317,5.54077699636172,7.04729982654636,5.16243674259748,5.44634037977476,3.70630874984962,7.18157124235886,7.93575012794339,5.23409862119521,8.76457646416254,5.0387717030232,8.16546275399771,6.48947917816868,5.33755873011617,2.85729432476805,4.46347077221355,8.13778878377838,4.47880213077524,2.83032784091807,9.37444125217891,8.10479020785356,7.37980170330126,7.80750839590063,4.80056470088848,5.07543557221463,7.12968391756017,6.38928619335829
1,8.35413507638977,7.27158954506785,5.59193305171069,6.48151950872529,8.96986604395462,5.25164542937725,5.15179605623098,8.23992101350661,5.74772433437539,5.8866533395267,5.13136056352205,5.9431032887687,7.26398428611818,6.49252430216873,5.18361202623907,7.15915528059356,5.41659191335529,7.25765750690774,4.81724078775341,6.0928736269429,7.2720133725119,6.25021034641661,5.47257326333686,9.04716863039854,5.29670046771217,7.67151392341238,7.94032781837934,8.04969810052537,6.0146958686741,4.75489367602495,7.52925586184985,5.29369749364861,9.53798216539895,6.44839439612273,6.00092738170164,6.22234290402452,5.1872795634064,6.12033336237607,7.1592934458991,9.33586454631279,5.43357929148248,6.52880385417228,6.14175912116222,5.37540300149268,8.10111029392924,6.6957420029566,6.3673496093571,4.68115042580405,5.31706553120529,7.95743002502981,6.85803504123389,7.36090556477528,7.21393420080563,6.45169461735205,7.80722141328621,4.98990825592118,4.3373464246557,6.96937871146211,6.51771039040709,5.83973322115496,8.30936236283967,6.09026590368423,4.3209826866845,5.51042674206513,4.97732571312646,7.63752626730076,7.41340721974749,6.97854783715658,5.54738304825841,5.6233634781099,5.20550553596237,9.26617218775898,4.92252273821382,8.44479178876747,4.59098504621165,5.23804557998497,6.1600277364815,6.4793526056079,5.59064023831875,6.75950803690014,5.28254698480529,5.93363269604354,5.29283146570078,4.28981606086216,5.93537705671498,7.52882685913633,7.38050861070484,5.88969991259192,8.46409050681715,4.45530398298329,7.6134384553044,4.8111267521674,5.12828064030434,2.8011090792946,4.26630964277958,8.56374239489655,5.14065671393654,2.48494175288218,9.34488653909329,8.42688313350237,6.94140353833171,7.29362612244469,5.1197590248838,5.41145058286765,6.80787182627822,4.33228982190428
9,7.94967528546265,7.46385308681053,5.76196671625352,5.80867836915863,9.09965834620727,5.76911872941162,4.99043878862644,6.87603143375881,5.8303781500516,6.16411045781815,6.1554221487249,4.00441364673935,6.66310139573322,6.25750339848974,4.54890472103034,6.81353084129203,5.42537552581211,5.98412878224476,3.96135390051617,5.90253093600745,6.29325054185654,6.77658413958582,5.9161588752575,8.99183378563616,6.77620747459221,9.15136636224336,6.10632256435888,7.8237236325006,6.02853916697481,4.0323743106621,9.03752415351146,5.49006688626713,9.16826625183883,6.93050891288493,6.86676498221666,6.14014114948207,5.3427775921687,7.0230517422679,6.14633102939157,8.47536995741053,6.7993059618159,6.55324394562113,6.91073584851966,5.46135237199133,8.87881586426273,5.72117916010277,7.78304794024345,3.71412222357869,5.73532031587423,8.1042646648739,6.7658941153793,5.25210188081185,7.2889087088992,6.55456424360368,6.4595376477381,5.01344766850079,5.22015425638913,7.91635166871222,6.6994504228711,6.09245261915035,8.80515659148013,4.5465606086432,4.6827868170849,5.70208983090055,5.05081024560091,7.52594216464684,4.81072989800616,5.51428026655122,5.43515032660977,5.91441535946608,5.91271155982429,8.53787563317535,5.86629311376617,8.50724197876325,3.69442820511821,5.10708374505145,6.39204080889782,6.41857290536891,5.32036029091369,6.60009092079883,4.94215202992532,6.73895315756689,5.93169857106075,3.32800851390292,3.70298512567872,7.68117186689955,7.72750019037762,4.55006429172085,8.34950765348983,4.73900101550193,7.8412093123468,5.51622247587065,4.49093188999099,6.54352400353255,5.25942564171435,9.06714623584739,5.34568006277749,6.04864832486938,8.83445352974685,7.7131148691549,8.12058556746431,7.52619791760223,5.09471310557557,6.03212335370145,7.2961267518958,4.94044191379847
1,8.09020928011061,7.51755099687874,5.48113030437871,6.02631315105046,9.09012115086544,5.38144823774379,5.00344446396517,6.39564994552646,6.28678617133235,6.83146769080521,5.82740658147805,4.51236128498378,6.6630418627714,6.10768518782844,4.80621521429085,7.08250253377337,5.35995916042545,6.46050750224399,3.56267897427407,5.90315133364849,6.72102729759661,5.31533614359077,5.82321201998115,8.87037202410692,5.9705072402181,7.73778027848259,6.77524424292137,7.95500760238826,6.10600521242339,4.94670811286887,8.6856096526713,5.91684669901558,9.14547344896347,7.39250393637344,5.84532169778183,6.2307720128251,5.5038715592806,6.98477025657329,6.65217142024099,8.63478763913386,5.31262272777153,6.56815465607371,5.89257734564463,5.44003645689414,8.23487059646062,5.4910150246275,6.81753204930722,4.51284368756034,5.26493995002079,7.93087558922812,6.52981236157086,5.55743374006481,7.16285472130481,5.18996541150916,5.84945291858853,4.55431178739834,5.19803172615438,8.03669715773172,6.29927752245852,6.09206969652583,8.3583176733089,5.06785874562075,5.05831205321371,5.53152681030093,6.1319367086728,8.3593933652004,5.82744361895944,6.31942483423871,5.40054550058534,5.51448999013619,6.34164596021018,8.55621502438337,5.92529937001958,8.55467331883232,4.81740971757939,5.04696379272728,6.05734102398831,5.7723931482109,6.60882012570993,7.33703288865729,6.25310353480029,6.06138295868245,5.88191615952841,4.91603592782987,4.61447828513084,7.57838532239283,7.25882785195724,5.77198286646703,8.20708213989644,4.40251654053019,8.36743163423438,3.54545099480711,4.84627682760589,3.18262970273159,5.21355308265737,8.36861547587015,5.09330848203644,5.77206508034846,9.25761556032008,7.86801970477167,7.97958749403174,7.51391260084972,4.86386939519316,4.87511292260005,7.12699929058958,5.27317713238002
9,8.16085525446917,7.30968894732589,5.60658234664265,6.35923198850581,9.28253395245747,5.98018359364989,5.13938552876324,7.4512976106306,6.42712352849657,6.11640782788354,5.3124908909819,5.48915856209847,7.70093482136046,6.43917944558323,4.72702911076088,7.02403171761933,5.41456930091847,7.05087488004921,5.29235487584935,5.60778622308577,6.78477707026889,5.33405528167585,6.04062405079219,8.55978977919515,6.29519939764071,8.00755528202011,7.42572775070387,8.07016812906737,5.83589605203661,2.81609532857975,8.14929173861866,6.00442297898721,9.56419358105159,6.74123751253107,6.09538223280434,6.8495605677037,5.23960519077418,7.3114649900135,6.58739231840109,8.94894795144243,5.85526601390519,6.86974723541913,6.21719598868252,5.16680389020624,7.90772132440005,6.04125073592833,7.24858220430344,7.07582533186527,5.95419924881798,8.48854194100247,6.88911087517144,7.45470134771768,6.96882524056182,6.57491095477253,6.2881669473968,5.10599634628059,4.97960952328441,7.13559794207881,6.25346518839039,6.01415855286024,8.44477849295724,5.6089738036378,4.67186334748196,5.26929018511782,6.0368334165111,7.80873659743117,6.00559972368999,6.22986906507411,5.46183968969939,5.9396667235608,5.71484942713061,9.59725989529913,6.27635219363964,9.78215569328251,4.5009133638199,4.70309540157288,6.16396766766702,6.60130010867085,5.91974050012595,7.15860658836228,6.50968144657395,6.62432912553191,5.98589180721435,4.56326773313751,4.77866250915832,7.14548433632711,7.47840659582688,5.29537451968472,8.8174895970647,4.63097852577657,8.34128461875201,6.34563683751538,5.04886517441179,2.5601805690953,4.81418925625329,8.6351226575983,4.9567096374717,4.5123555146276,9.40321506948269,8.44521927072342,7.68648233296544,7.58585209758595,4.89364891075263,4.90262234913064,7.14119507001482,3.50300747115704
2,8.83094904929164,7.51523739983358,5.46404135496616,6.44845230273828,8.71098596496337,5.96663066160927,4.80194852772803,6.77744633333796,6.17564835545348,5.87641671664226,4.99821150126461,4.80778333337308,6.85647925262867,6.32942365400982,4.75690554973127,7.52857217764306,5.17360974267127,6.7251259990334,4.65867538832385,5.8278997482746,7.69562097162431,5.50412438362964,5.75408725327071,9.40216826878842,5.62605872460231,8.08799345499907,7.45387741052563,9.13954860294896,5.97202222091146,3.52810163512163,8.2269201202088,5.91147360704022,9.25666708583088,7.3996864629065,6.40997051692992,6.46929148790343,6.01858246631178,6.76420377356893,6.29741221343572,9.58032622836819,5.48078413878339,6.61294796783738,6.29130472935104,5.49037850825179,7.98215188587069,6.54156303036859,7.00410316957338,4.86184589708722,5.18538392169108,8.04745068301573,7.07887044323456,7.31683140477691,6.98850123327192,7.65389033390861,6.53379265007086,4.87684425216739,3.98250979085682,7.27941405193346,6.61091051872738,5.81120084872311,8.84685940778266,5.87717461639715,4.70096970442661,5.5288715386426,5.46602412764383,7.53963690366693,6.7106549299584,7.4244385856837,5.33256442061978,5.73420819475893,5.81772314764915,10.1314603718221,6.86975012227278,8.81616953909371,4.88601376938659,4.89980799501633,6.23245398947025,6.53644998083792,6.99686790779786,6.50433852095202,5.08717327308132,5.10041134595879,5.4343589895059,4.7807456543557,5.43785853202583,7.7890485426852,6.94355471060007,5.50314218552394,8.23410882489272,4.3050408019971,7.96410628753824,4.97871962596017,5.31047672137326,2.02943590700006,5.09720983207971,8.66895835890559,4.78349315833675,2.244209035027,9.14798921632195,8.09660578557855,7.33583681174761,7.50383946874921,5.31414410046643,5.34958166449657,7.11539979732179,4.7969771809356
3,8.01661338499815,7.02492381680466,5.90945210941294,6.1271673674858,8.86803546630106,5.42978932197842,4.61558070648972,7.01342726443924,5.94791442771262,5.4585513652296,5.03445506251677,5.91663030505273,6.95709270070092,6.19989719301572,5.3698239838482,7.1599036088213,5.72586190829942,6.68596145557361,5.13136999001193,5.47643719176867,6.18071250278614,5.57455278084519,6.1998801772285,8.75735557314782,5.50925784094929,7.76929609429962,6.30781284383983,7.41752154726547,6.04658704730313,2.65214927100595,7.51731367813231,5.77813044922654,9.42925678580951,7.15661615877474,5.89227997967243,6.19787102853911,5.16678457407651,6.50372272209456,6.67728874612518,8.28856334605583,5.18215347366814,6.0584827036381,6.6466222431455,5.10936721591391,8.01228563564009,6.64646718024811,8.15323884982537,5.22739287958249,4.81769808795575,7.48237494581648,6.61902647231969,6.09960382546486,6.94541939524407,6.65583200038841,6.59872497080774,4.17266100411315,4.80391964832533,7.73796648733511,6.2841159992898,5.69733219450829,8.97137749433141,4.92086421354108,4.10009419854948,5.86473988406813,5.45002150920095,7.6069591192992,6.08010738210144,5.39152182814693,5.73515779242434,5.47683117589724,6.71368193264131,9.7497919773379,6.06213304398191,8.19441754828872,4.61649500828311,4.84599634121541,5.80704528200378,6.48260046834582,5.81449342848676,6.75615701913164,5.13002523862511,5.33611050173171,5.33021412489894,5.67596471127716,3.88507391368692,6.93633028126143,7.20532542642477,5.79277488069038,7.59922420963083,4.15516449807579,7.5896661328719,5.34439270299383,5.20648650217143,2.33076639815629,4.86382068410098,8.0604375802874,5.49996186363132,2.2356518689146,9.39402341315576,7.48049317588425,7.25226668979976,7.64994148664254,4.78374185025155,4.55684030843744,6.80160695862812,4.58052400105638
5,8.47768886398852,7.49373685885358,6.23965930956329,6.32305481492392,8.70376886904942,5.31660449469409,4.14357684595591,6.81949643326518,5.98745415795823,6.165593499613,5.20307587007291,6.45011090506432,6.32133177338106,6.2679835040326,4.26230549212367,7.19477866522362,5.72585023924323,6.31267604308122,3.64018827387818,5.34147498608095,7.37521784940974,6.92399015204764,5.94385326653827,9.23784967275178,5.8087476716606,7.81569044919677,7.23820469323098,7.8576187154701,6.07085103163505,5.19614801999971,8.10817489109601,5.67615749839123,9.17067492039338,6.53078770117593,6.67216496193258,5.88864170297688,4.99009149771702,7.0586014233673,6.49494015953694,8.72012311295001,5.57567382790926,6.20970666063192,6.14955171354989,5.51778159857872,7.84425567433221,6.58099298879328,6.7259801456771,5.20769802712393,4.72962832948892,7.70341119665058,6.46119935272086,6.70009836342274,7.32988842172404,6.88972574981456,5.86907865746823,4.62116566541559,4.52849364461516,7.43900898910849,6.44595518293204,5.89010222466287,7.94339838259936,5.24372295049787,4.86520212141904,4.75319347139555,6.73233128272147,8.18886649626546,6.78439968194052,5.66062243683452,5.87152633043886,5.91320973693611,5.9009062305113,9.4859651730442,6.7141445921877,8.46808735102058,3.69376843292247,4.43951331454458,5.84916078286578,6.65242524320083,6.27273888416089,7.3204924241121,6.23063814787514,3.51537182970036,5.19025608928205,4.6283399857725,4.2318541465329,6.8333551216095,6.53549629289172,5.38720237598815,7.53160592584024,4.42276983971158,8.14453823680383,6.23755680440067,4.03485513668291,3.67589661748397,4.69639606737673,8.18976392814409,4.90816608478691,2.3356223394108,9.30076614628861,7.86690857099767,7.00665575368872,7.53209658565502,4.95268878355542,5.67765934532933,8.00343748909613,4.50087645669156
8,8.14232182984261,7.30800456390034,5.52395611847965,6.01724271232456,9.1071772124338,6.35215921242205,5.17086171363918,7.43567790243025,6.30786542393759,5.39375523868602,5.61571515965424,5.33204187184111,7.09692573751512,5.89817106817026,4.97540619150158,6.4830694613357,5.13962789916234,7.30918439551685,5.48282204132634,5.38176595735307,6.29261772901653,6.09079075906507,5.92153030766327,9.25301591074161,6.12916736214593,8.31570285089878,6.29961099097017,8.26526272584239,5.6019880289744,4.29762574594474,9.50791987477973,5.41867317474853,9.59490569062169,6.81712121613238,5.63880030214802,6.33194351380396,4.98780369503191,7.77472952988512,6.4552443830815,8.47581942407092,6.56660956256476,7.3438883192287,5.95967360282688,5.85881711380139,8.64132314599046,6.29799790529794,7.56466350772011,3.30590840808662,6.15456638045447,8.27576425441138,6.70878935780873,5.74049831085058,6.9824044367658,6.93868983726655,6.99905681569942,4.73899072556347,4.80269664898868,7.46409565007839,6.31961342929751,5.91691719058203,8.40754879144703,5.28676440646915,5.18233514399407,5.93547367874254,5.56712925303109,7.86404874333071,5.91956508589127,7.23638999616391,5.51071599321004,5.77834201452069,6.23153570296751,9.31954981774986,6.40811125896717,9.78047802652925,3.04514658465458,5.02421713026502,6.39992901838914,6.37414241719248,6.0762784574596,7.13074720103953,5.39427186291907,6.24260655872637,5.41270955377653,5.83639999780204,4.99119977955385,7.45731127722964,7.56325039111864,5.17098816792869,8.86050052813938,4.6968951171226,8.31397928449251,4.68021196514944,5.7832374383763,6.71718309695573,5.05449001923056,8.30276560497039,4.68745862664133,3.83003962992521,9.18277502778588,7.85813447255081,7.65461951334907,7.40695808155637,4.81078483290375,4.94464833149843,6.34702893109913,4.73748895318315
4,8.44773489169306,6.99135062915441,5.67797664196522,6.2590056652739,8.72237802793143,5.4079063090672,4.87085049284662,7.23148235231648,5.65627753576154,5.89615832789361,4.84118651491656,5.04992614675085,5.70540176228921,6.48516458538779,3.96664783744432,7.0794137254316,5.22310492364073,7.44411052844615,3.99072193015915,5.62888425653132,7.22523891703732,6.18377471055912,6.22193868668103,10.0327559833012,5.45947920105811,7.95538475582309,6.93956003992753,8.22849057177278,5.79305175186209,3.19571586961635,7.70606906290663,5.73204340533154,8.88705651477678,7.2742158789151,5.39101052632501,5.67699079975766,5.46883132223693,6.54235888269372,6.55860991546766,9.08891814291229,4.70242199609063,6.45766010495821,6.14201818959217,5.56663600432268,8.01846844291687,6.75851937582164,8.13124182297695,5.1902159967954,4.94801252645258,7.46512192750562,6.91773296038141,6.38014078061334,6.93952326314033,7.02502623642563,6.56993727961494,4.85978953847283,4.07846294408563,7.36314218997977,6.0054779838231,5.82919600334354,8.76053580049041,5.68175368326116,5.74924569492874,5.00703181138612,5.49014194227412,8.33027673891362,6.42989340787384,6.50410627153918,5.30080567579919,5.90984238304743,6.54782273125612,9.28195564111102,6.84045776145971,8.41999461094682,4.39424163337941,5.04682571667409,6.01973046241606,6.81030873679953,5.6711634452749,7.17501348705685,6.39896989087696,5.99795382977466,5.27884732185013,4.01297318097882,4.41016372033538,7.51464611548815,7.41850713561795,5.797284422791,8.08935765736092,4.74067587490791,8.2367670925908,4.76779325028464,6.04920276798316,5.91759651093774,4.72210738954962,7.66746636607177,4.29548581247065,1.67622794167959,9.52975824687855,7.59257177742326,7.551020519404,7.51966755350744,4.81966876904914,5.06177760531736,7.47053951911923,4.55155945263688
4,8.64174003224832,7.24656900651698,5.65582688423769,6.12845504575367,8.82618321679934,5.84790050486399,5.07192008084229,6.77373071648143,5.56634978266219,6.24360854960829,5.3877088361994,4.16453481249583,8.14677064506192,6.40087697916928,4.8447289644585,6.54809675704247,5.44821320078918,6.8274003802251,3.49969696559499,5.61125766933252,7.74899962581867,6.46346540816618,5.3291467213191,9.16386421496184,5.62023313264883,7.52948521722525,7.45520673576292,8.63812427319839,6.31230848684272,3.86434299108232,8.8298795388447,5.55498425987766,9.02942765274207,6.52997898934957,5.56173284138369,5.91845905083845,5.03492179255052,7.30314056736248,6.96421080857034,9.10405046221434,4.79863584020147,6.72196937581598,6.03097379654287,5.64262317114531,8.43806941438482,6.24282087295515,7.06518056742185,6.24224936510587,5.09808016379317,7.6287740237035,6.72643709742601,5.68481057716092,7.03073275756827,6.3856554646424,6.79279241573488,4.65590640433609,5.28848235189845,6.84080565357567,6.46865456067256,5.67119032841072,8.83052506093899,5.95396485770376,5.36613210580509,5.19719665564452,4.84860294997906,7.62143050984127,6.98908456986133,6.20356546099518,5.35323007220998,6.06068045848919,6.08007469515324,9.67638632038993,6.53455313372959,8.53767776494247,4.01798612383825,5.0761113183759,6.25929210317937,6.25440873297355,5.8825689193245,6.61505212038362,5.90200317423167,5.93544248107765,5.38144718083803,3.46022886071759,5.00599425295331,6.64688722480026,7.42693262146447,6.05461244742958,8.15735470038521,4.56254901929435,7.67708168337297,7.06725357078293,5.66459952598061,3.44103773217085,4.62750940179034,8.11580437227401,5.1077961423484,3.47816938754176,9.7902617643047,7.79666798733841,7.47667458106343,7.47721501937021,4.75040878698464,5.14647879812219,6.99322315459364,5.71100554007227
2,8.67124579250701,7.8385555169784,5.82580150048758,6.22508214933876,8.68673196421619,5.49379099710324,5.17017620969798,6.74173620259909,5.71974861858252,5.14002575076856,5.28144944539002,4.39157995040899,5.54190416491346,6.83587694402969,4.58177999415457,7.14368347932847,6.09265068441156,7.09932273839098,4.30183097924285,5.28149099359435,7.35814613093578,5.57688275363929,5.6786409849318,8.81983293008874,5.56464024584077,7.47130689380655,7.08208279615158,8.6814306641397,6.8605920294698,2.42143540901739,7.35054190752193,5.35752485470826,9.79070534035868,7.27264761137537,6.93010391907593,4.26144700408839,6.14128671004274,6.95024041473005,6.26091752737877,8.72154434005624,4.87745615853629,6.43038348135016,6.28350095369647,5.04521411329946,7.86804210224293,6.4280408376107,7.22782566465056,4.91930363607522,5.01443763713292,7.22077252767144,7.03944742011249,6.809620371036,6.94458955318277,5.9318329132558,6.61464409824139,4.56662536528679,4.94202526154541,8.15234619968576,6.49052581682843,5.77882996841594,8.43635521360332,5.41000538701772,5.34010780444454,5.8174972334839,5.26619239083398,8.31146951373588,6.25915697375649,6.48026743589384,5.55777930980534,5.96891486556117,6.14290577874347,9.52797200615009,6.90464414134592,8.71581846662813,5.17569898675315,4.55676556552922,6.31931523458891,6.32721862997813,5.43832462994562,5.85578716755398,4.59452606329782,5.98663340541446,5.41898694560252,4.53178056353577,4.91809627829436,7.09465607563477,7.03521323641242,5.67882653021533,8.01032549355898,4.11393062655925,8.75593224394353,4.77133715856878,5.09727178837553,8.97500447080876,5.28749386269718,8.21090335992313,5.17482578837517,3.65078631208669,9.46664212003162,7.92928898911621,7.2807308801404,7.46067638542875,5.00752973073723,5.23247204241283,6.98065398357247,5.58320044497685
0,7.74005723658153,7.24214658210086,6.00878551712808,6.3463089262269,8.7945882665143,5.12703709405779,5.01842236721236,7.295839873088,5.87070110736788,5.15369177214323,5.50154203710014,4.90987223968137,7.31245398207738,6.4214914149082,4.59562325891289,7.12204626872204,5.82342882805518,6.62834271702679,3.70299699007508,6.00126385323517,6.10098143263317,6.00310692709532,6.03158195488244,9.44454198837473,5.85990297683383,6.89406495850504,5.4806504720562,7.65053355916908,6.07489920262724,5.14026229154293,6.55196318143034,6.12585088959619,9.58914460436335,6.75880957475619,6.26594591663493,6.6071544659312,5.01573518451561,7.56258465137076,6.48047621542242,8.72426483140948,3.7392721622804,6.77521310306336,6.57853620734399,5.32065747655646,7.39846339247317,6.24223919853717,7.39008011023032,4.61201551688882,5.02624628904761,6.8642766488132,6.78581936001548,7.00006868633408,7.17523196066366,7.16489989920808,6.49140328508607,4.607237492118,4.2928765649672,7.96695262559996,6.48938682162178,5.50162656655151,8.64390162596854,5.2316415493866,4.682333658421,5.72595772693491,5.09691308588823,7.42114960390945,5.91932687697228,6.25945848440191,5.6880980848995,6.07964921239101,6.15848296716036,9.56516081826451,5.56964852892377,9.12844108939686,4.81954975950659,5.18050840618983,6.15206574838136,6.36077152225439,5.5842915936129,7.05874468454517,5.35818536682351,4.78388092154147,5.31025795026098,5.25269070347474,4.19332199831431,7.51327240971685,7.46773266569293,6.00441693352608,8.37519961176628,4.0422246053778,8.14023596842652,4.92424609053394,6.26277358800954,6.35725041208269,4.91799709793302,8.21446712831033,4.94902907020702,3.11279255385964,9.57621073642722,7.86886828596506,7.22284131242724,7.60842218691426,4.77178016178515,5.26714810261588,6.40039622665773,4.86691673350264
6,8.39746561823214,7.38116135128128,5.87677714375527,6.19606554560947,8.90163013445163,5.71889727428502,4.61219985265931,8.31390388240456,6.063216598382,6.29172750338933,5.5985501816604,3.89499991072527,6.18075017791298,6.21365428328562,4.38428187835718,7.22070918123174,5.9487275776627,6.89005253528165,4.82051699550537,5.66459549302979,7.33980928640809,6.82233514063014,6.41075208663889,8.73029327701106,6.13667213378564,7.63913003962051,6.17800964945678,8.62588843354386,5.82220632528293,0.939021258238771,7.89640880116909,5.76135620095025,8.85456105392053,7.13619624920149,6.20841292881172,5.80932678392463,4.97935816580364,7.14591599598965,6.34600211486229,8.40416326358652,5.19587844679568,6.87112058766266,6.04081274374472,5.44772642584414,7.47621265936209,5.78988366906767,7.10902349017729,5.74939833679457,5.51842547213159,7.53698184087559,6.68368739358789,6.40243362921993,6.91932265063441,6.78246269919964,5.92137867014749,4.8713327168519,5.43704891252073,7.88301671932611,6.07790451198662,5.99563206365259,7.92944854704863,5.13015729549797,5.20980635005988,5.01584993355199,5.8310835314547,7.35502927083754,4.93157551168263,6.11827349107035,5.51154402802006,5.98993867847218,5.68380696830212,9.38553898534364,5.8914308288001,9.33177696618672,4.57680624671193,4.74089787514918,6.3557969477187,6.11375774687782,6.16615094206904,6.45884317203503,5.86483803729668,5.34362541146983,5.72989906955143,3.64173896819349,4.70360951923865,7.11180784630957,7.12903922580564,5.65989297774854,8.38170866499436,4.76589529049475,7.76760045854772,5.16096243475379,6.2814956394321,3.5330437530378,5.04122368634631,8.52626023227851,4.91541078437647,4.90135217204666,9.58519727361394,7.91886782163985,7.23671694332615,7.48428276528562,4.60953496291098,5.10657362912201,7.22525646283161,4.49962185507571
4,8.1270859250553,7.60625748656034,5.59449843667329,6.41125813606057,8.9820150636637,5.2314914001645,5.18915966667769,6.61595547159715,6.19126758329622,5.0325858879339,5.7152964132797,5.15308521938346,6.17002126937726,6.60815239500741,5.4647374430031,7.09174456465991,5.36846100027059,6.93533119436587,5.05325569575899,5.68365524204087,6.73408284104048,7.2308608876908,5.29109433680323,8.9298324428658,6.46487882723406,8.29878168519055,7.29712188368938,8.15824545429628,5.50604895246378,4.83695847778372,7.63179195638929,5.27639483391697,9.23947527538205,7.30500430662386,6.21987604178136,6.49595377086393,5.21201506286896,6.85321979803386,7.07121448067185,8.40037301121753,5.08773583647789,7.05571124401285,6.24760256080374,5.35130334922391,7.91657282511212,5.27878227773637,7.6812008847579,4.63647267574945,4.91317059883209,7.70849757489055,6.85702187331992,7.21172744235068,7.36738655301031,7.26139182427209,7.71031205836943,4.95730356292692,5.00615627515117,7.10379348521606,6.80061663390909,6.02921300703014,8.617979629175,5.44335694820482,3.84984958349025,6.35155256656387,3.91707251632263,8.44463219159342,5.57762706713019,6.38933265232163,5.37347450210844,5.70231036923522,5.66854900707167,8.48744758234301,5.78636556814107,9.05586366634564,4.14829054168858,4.3580131483997,6.21600562029599,6.6438518506041,5.44602250969128,6.75339348566604,5.38531180130111,5.04422621476769,5.89220296263663,4.70034944216034,4.80230331078812,7.69279127363456,7.11085618518846,5.28334077586575,8.43570967501562,4.47676518559371,7.98056167861411,2.9719700650026,5.1110391008937,9.80652374591754,4.36133984564804,8.19499002661974,5.410748025114,5.19285539036624,9.43569681899011,8.00895592812961,7.08018615977695,7.27768350550654,4.84650420663663,4.86447908915785,6.62929735781548,4.82159574899725
2,8.42800919451038,7.60691463052308,5.57682562648464,6.27327007443604,9.34317247263484,4.96024550151366,4.80353049370594,6.93996615052651,6.51917469446166,6.29919058672433,5.67578382326255,3.92964962670748,6.68556031858595,6.27704895014973,4.72114720380453,7.55966008360954,6.24130975518862,7.03066903049437,2.38163042391392,5.28079419766459,7.37924895803887,5.76526692239686,5.90146023857265,8.7565519803431,6.62501488074652,7.37442137401626,7.18068244291866,8.20007803725306,6.81596275967777,6.21526903578696,6.07478027743679,5.18494866209534,9.60797499123815,6.61050844156494,6.41071468181106,4.83850844436278,5.88099216986662,6.95470856164034,6.29136762078181,9.02120948677994,3.69311287392026,6.02256900928259,6.31304710654835,5.12504747763464,7.63259894464852,5.71148348825446,7.88584238670545,6.30258128727157,4.97105378210744,7.38100185802676,6.86546435351189,6.16570080195631,7.47604348069527,7.00773163564763,6.47489145969187,4.40566129516329,5.75429365708122,7.2262697455094,6.30373022566377,5.89680072113586,8.15496065554457,5.45537959695626,5.54610159130959,5.14747994544666,5.82393533056724,7.59613958478498,5.41788911418388,5.95852745464906,5.39004898477745,5.6440565601744,5.8210040524625,9.57556216275523,7.00448502742708,8.11825219636434,5.31332531219065,5.04863857384638,6.29453365077618,5.78107226835467,6.10404666101271,6.84388219803309,5.52485880874429,4.42374026362979,6.01772097645692,3.11089719702134,4.2981581689851,7.77115420608348,7.14538980434765,5.72683293457659,7.86946146412137,4.23554014699371,8.40605481513748,5.4018141873187,4.78980779792605,5.00270850997159,5.08119648325893,8.04171023048041,5.07655597705882,5.11415414049905,9.49235940434439,8.2634353327365,7.91774766611277,7.31597841442552,5.22700897030561,4.88025065135019,7.52437890304106,4.91893211748252
3,7.92381316487412,7.92315587368641,5.80669568686687,6.26438320487416,8.89838273723293,5.36719073839632,5.25121537341667,7.48735686606183,5.95406872838092,5.8730423656286,5.59221041541449,5.33774064270591,8.19087503748654,6.0744765430576,4.71857541019295,6.87236911580746,5.50792077417237,6.99164394673665,4.64354971630703,5.12097445826059,6.29380578916042,6.79243163818617,5.47630746391388,8.33608469043927,6.20658100816549,8.10028442280827,7.28436963367139,7.75861688547535,5.54394124453458,4.79574382664618,7.7533784489591,5.27609694863228,9.52087119043358,7.37446293655325,5.85798501879185,6.59857372785122,5.75646770201893,7.08519514720968,6.84552670424392,8.30290609464332,5.20121262536933,6.26891113383024,6.41007170848993,5.72103145098858,8.01095127445527,5.98359169249821,6.88104753696296,3.93634953407522,5.00076451801246,7.19728131985685,6.57368012220862,6.77817622673922,7.43254216957695,7.32109006948894,7.38446394424708,5.43132754535829,4.68085089602094,8.10607863247545,6.61827531502478,5.9436653455924,9.00866510020738,5.09880588329642,4.19470158226443,5.50766176509067,5.42069739899234,8.86401954192062,5.91563471708383,6.01052284760269,5.73345471141875,5.62540685176114,6.24964251746845,9.45715184841568,7.84677784273587,8.41843086644672,3.9356317345973,4.96914620283953,5.70799352764679,6.15734366362807,6.39895442428626,6.73499221533535,4.9072995853979,5.21816476628916,5.76594619867888,3.99333951470345,3.93940511905941,7.30374718886962,7.07419861060618,5.38728063389553,7.91088073586275,4.71905372743282,7.75051196663076,5.14103452615974,5.03627160100778,12.6041562861449,5.01113010850286,8.60230203495488,5.44552263751517,4.07059637919471,9.37665502945397,7.36797846297046,7.71133026410986,7.59616247335624,4.81390955804668,5.2474719622702,7.23052328460062,5.58999602648694
6,8.32193521990145,7.82648835386786,5.37490971630009,6.29347774992837,8.81455104211868,5.4834453351192,4.3780630542406,7.93303867940525,6.18323752303222,5.27845006075278,5.53974504763471,5.47209874785311,6.44986360212941,6.89462563611348,4.34323323830237,7.12590314870979,5.93452851319473,6.93318288877005,4.8669505736822,5.5340457994212,6.9422146746139,6.04554195127195,6.18771217636281,9.495486345966,6.10048479333517,7.68081513036353,6.58582446666226,8.22498727556432,6.31747934341113,4.62540965640588,7.70513614708494,5.34413311769482,8.31938421088997,6.8408641530441,6.11108050938475,5.73941315912683,5.07634279283415,7.33042882865846,6.11336632137103,8.66380022191442,5.5889468796764,6.27524358384141,6.09997526412946,5.62148908188339,8.0323174914705,6.08121853584785,7.01474439866975,5.34626193535429,5.27427418417934,7.95269996079044,6.18975903380691,6.28240819888583,7.15396628879675,5.9568194967687,6.38535178245041,4.85675639355283,4.71763134091912,7.81232371891539,6.36014988679222,5.94682012907772,8.39355290944513,5.39791527358738,5.20065121939299,5.65412741777287,5.35966896518799,8.37877898674458,6.25118132226133,6.10514191715594,5.23937033551281,5.23287661787949,5.19783259798143,9.72566368537738,6.47295007646158,8.56915054683546,4.3990772380081,5.33776692125741,5.79908789544774,6.49971854798379,5.51623120846164,7.0860222008018,4.90738615252987,4.60666156841888,5.58859831784383,5.20505174868605,4.69289423583781,7.72761712958236,7.06655510035337,5.67319262019491,7.96673474432471,4.59818661290479,8.05983132758105,5.24020970445504,4.62965955347352,5.37352593652154,4.10131409052555,8.34644044075255,4.84983213266672,3.86215484854687,9.15682895463051,7.80819948108001,7.52879773172143,7.42250600318042,5.19733576032376,5.17829463814409,6.82952497439264,4.69855594258505
3,8.21368670926367,7.57474788953561,5.58860531087862,6.0576188640284,8.96742245554355,5.6786336144201,4.79173023172743,7.95051565634613,6.08885800324229,6.57608383407424,5.84851187055199,4.11488886101715,5.97328043281658,5.94650676647868,4.43558503594173,7.03411320306445,5.73988452253526,6.65049563876381,4.13442193954,5.28755834666956,6.80144471158184,5.91185428875286,6.05636220951974,8.72641757754587,6.16854716923937,7.55837102449316,5.94144323275646,8.25964427670581,5.3324909618056,2.74795680790216,7.70862029112874,6.33721158163623,10.0879487884299,6.03171572674466,5.58803572664939,5.36168628189332,5.33807020263869,7.1650344275098,6.24178471704285,8.80873514073839,4.98380468365254,6.55300030046174,6.20214600823225,5.61980461295208,7.79857235669729,5.93809907088415,6.96025538057162,5.53441406288818,5.27401005600637,7.64006991254166,7.01845046525755,6.13660332427315,7.08762532590069,7.27625017627478,6.41084928082193,4.58113674823468,5.26954883991388,7.81354048836435,6.11383002452302,5.84555078413169,8.51141421694084,4.87317970630103,5.44903551298305,6.58483157160138,5.60953613409398,8.26376501329979,4.90114533536698,6.36327419777863,5.40576948640529,5.96882719590749,6.27738880364644,8.82486827854967,6.50737708039995,9.00972238894651,3.61322288110456,4.66859760241547,6.06760401786867,6.95309677221835,6.4234859490659,7.05930120257721,5.39987194430368,4.74023686527168,5.69840990435414,4.39247988631868,4.64315247890034,6.78994358405956,6.96018601806324,5.77946167173166,8.23702092314242,4.53564815480341,8.50617951582669,4.67647826531872,5.48140014906871,6.95569155261821,5.63813795610175,7.81413702427708,5.19022008856621,5.21401455898439,9.49352502232235,7.34081267781823,8.11366758676715,7.61586248546465,4.56887048068559,5.23420342799338,7.21876078805054,4.13614173213043
8,7.29297209972228,7.25615556136935,5.5262938230879,5.93589732371451,9.20072330906462,6.28435286751653,5.34881876324227,6.47240844440765,5.90809471161429,5.22461603872218,5.45980169349207,6.32464271285851,5.44948802561437,6.22949989659169,4.80397675651859,7.16878779913083,5.41479451193347,6.89313851215843,3.64083876440642,5.21305283972438,5.34289858314202,6.72097583556199,6.03713411363898,9.2152081263024,5.61611725309103,8.04767219169626,7.08012115582395,7.07844643433781,6.34590926260791,2.01398864631244,8.33607849912586,6.08713370022092,9.31591724432229,6.75748520213705,6.43922896539179,6.39674727993193,5.39885295535093,7.49290110435878,6.43600866496944,7.65884066643605,6.31609406621187,6.79819174752567,6.29841053550557,5.33140005145848,8.85569998866866,6.58737980788792,7.44401282421617,6.24701574748337,5.35437251402046,7.55319019712622,6.95638191701466,5.33672805577648,6.90833761541366,5.92178179189152,6.05791537796003,5.04835719004442,4.34709658956239,6.72151990668949,6.18914860027238,5.94036238647036,8.31183597621975,5.23187712236391,4.82610194509004,5.40650295546385,6.16364143722592,7.64695243310292,6.30011883427681,6.17037924189971,5.41401825181214,6.05523979252905,6.2374808573417,9.59499194284051,6.3890781154213,8.73713942461391,4.68794765498893,5.40879112483813,6.27874769315655,6.77672432433987,6.54956303659547,7.34791749144812,4.93216959274722,6.03709276242856,5.23929944005026,4.52114290833106,4.23050373345002,7.21277657547337,7.529197846556,5.33210257917789,8.44062357110708,4.49674668415072,7.6960395404014,6.53856114709543,5.68705751188597,0.240207456778609,4.95905568681073,8.31119049632408,5.09578019888066,3.34877761155102,9.25498825754639,7.88930821681519,7.86199776022346,7.64367191976113,5.14056657452164,5.42592288226373,7.35055178223895,4.72572545592331
4,8.22665521144369,7.57603103713582,5.38343544735797,6.23728590416857,9.03114067699752,5.50296952116706,4.85610628214287,7.82455700702138,5.88799910833662,5.31046193094377,5.70802194511005,6.08493719549256,7.50191988014677,6.57594596245871,4.58636509611786,7.90442460266751,5.44040330556475,6.75916246531518,5.0295777763841,5.21593402170898,6.98746189985659,5.55471815536845,6.39161231403135,8.95074785240083,5.87596680232078,8.21259426074444,6.36016002454341,8.06619493047842,6.92381345586697,4.84245998265006,6.79314626568282,5.76938822573596,9.90723244568611,6.77620602606299,6.14480833522592,5.83290139756615,5.60863016404649,6.83221511803622,6.89593117767426,8.7366061350713,5.06266601838422,6.05730549946827,6.52103319639639,4.40577881897145,8.03229865260108,6.02313624376046,6.95963382338316,4.29235228077275,4.73338968861014,7.01333326652675,6.73839776789999,6.22734149885192,7.32166988544802,7.90765656364239,6.81640624393303,4.5511065587392,5.24883422662743,7.41542962315233,6.2535564381385,5.5641141796714,8.75565458976171,4.91838026196247,4.72735641216733,5.49354896085752,5.06765648131489,6.91789623275986,5.53742147727481,5.99104278672411,5.46512424835808,5.40984322818468,5.57838486881543,8.51587942492046,5.48628373535502,8.04706127164772,6.29089983905769,4.67611732673839,6.06326863122704,6.40468706545651,5.33613339315805,6.22695773467891,6.24995488938119,4.5443166556955,5.47036743299637,4.66647210526419,4.37389453323312,6.32875315440444,7.04483774526756,5.43322557912439,7.92539423040281,4.13850313756558,8.4545082627437,4.74090614474066,5.72963698660776,-0.541322730325135,4.55477051264243,8.26675118676523,4.96369246810144,3.8050801612719,9.50690429698901,7.64406473940059,7.27447346219298,7.16153384646325,4.64099541068724,5.30136040015424,7.38608809406774,5.68124687809469
8,8.77824823188974,7.63609686871966,6.0427582058275,6.51743706900297,9.06986588088891,6.03201208091062,4.28251259921802,7.91961974569358,5.74043566271987,5.23568443572223,5.84938825671539,4.12002338477349,7.28258236303434,6.2298160010618,4.46075388462358,7.24663510516104,6.14510418976628,7.00328035167548,4.62770213639787,5.82990371525823,7.68231241508158,7.42949803216346,6.1827555494679,8.92783749599639,6.05327805617616,8.07381559933713,6.83150215856292,9.2435299339779,5.99407367573375,1.60801547203753,8.21821423386051,6.31328099215835,8.58669116803269,6.85066535974164,6.28090052373835,6.54271866728899,5.50553176490751,6.16324164317204,7.01662273852884,9.14470164544829,6.66557165081199,6.23507799464963,6.07566854382741,5.83139918952405,7.90788759737486,5.7022598338188,6.48739782008741,5.04460218495167,5.26744898065004,7.85129271001837,6.94130271251682,7.40091576331251,7.04262861004758,7.56325065823046,6.83537486095903,4.9448615532375,5.58158241521441,8.11327545206193,6.08841384505788,5.97728055975478,8.70053062549258,5.59472836670314,5.16233680533141,5.12464048617562,6.05587975310377,8.46419426381057,6.55675121493536,6.39381556446518,5.71127474460001,6.06391576695245,6.0117502473743,8.90753262160638,6.40092847844182,8.44574309556848,2.14451498953715,5.22271581385772,6.18454008447549,5.85864867427446,5.11321202945419,6.31690701463135,5.23824973821802,4.95589798314851,5.60114538073889,4.03162689693831,5.06573453121379,7.7110057170935,7.06823512635464,4.9313245311789,7.91579539510301,4.45733420182712,8.00725040758882,3.85798829932062,5.77851164980997,8.78990029368639,5.50683433496698,8.91968020646489,5.21167420864327,4.55477547539169,9.01321958130882,7.62891424712852,7.58962154699445,7.5583549233926,4.8857933215584,5.74840275131494,6.85194777785915,4.37489189512806
7,7.74650834097884,7.29247538397345,5.63437597648664,6.00252733474994,9.24000936353948,5.87009067607771,4.41700131101745,7.21078189612584,5.97965905077274,5.55908663012733,5.34631940628416,5.28732385950007,8.80694425287473,6.41554311424355,4.90893849323948,7.15609089781808,5.28203364096344,6.28885799059641,5.95684817617314,5.81167862891943,5.96272221502678,5.9066653731952,6.19172770315292,8.86364204072724,5.9539851403929,8.3299036250024,6.87477684192195,7.43167543453963,6.7995394140969,4.45031439776342,8.80672079298618,5.45511668918332,9.56207659675058,6.63616890256846,6.58778673428803,6.11903614284834,5.21873635127973,7.56571391532515,6.8533588635108,7.78647573493857,5.83147646152028,6.81765227808705,5.94271112507563,5.00619206420485,8.08608379181945,6.13523424589683,7.15805830976366,4.37266576735272,5.77352878616283,8.88197652822756,7.41946690686459,5.8296245987496,6.84554848434215,6.30247400775064,7.19391871652302,4.65308792526721,4.85114132623851,7.43626070610874,6.38177835325494,6.41103452146034,8.28982173349289,5.26815898618622,4.75670132069709,5.56339875236497,4.91935883065713,7.94265447591386,5.69666976569054,6.19535122725984,5.48180410145461,6.28221479058836,5.58677209348693,9.42129414089756,6.91743390151143,9.33951343529884,5.7403671659127,5.29330902253965,6.25845432956312,5.67334076925361,6.56839785127706,6.39260800460473,5.84845345253568,6.16915480877811,5.48396183591044,3.28144121097988,4.55884336467574,7.70627944588991,7.29447718495651,4.9224408254701,8.52768376057664,4.26832808310986,7.65861853184342,2.94085152154291,4.62333829395088,5.65578146654791,5.36528345891498,8.6594613864418,5.07286577773307,3.86649295633897,9.03703847096121,8.22297656876489,7.64526142494543,7.26686370876277,5.34677402056055,4.56413590843795,7.28914120122477,5.84913563066161
7,8.6005403951615,6.64924832651415,5.62653286898121,6.32511963153753,8.95733502041538,5.49450363549149,5.3271720103563,7.16338014662921,6.11081717300664,5.02046226288891,4.91385489462588,6.02444060478093,6.60592723818815,6.08076754906612,4.75728794729872,7.56279142574329,5.62368069131602,6.85688294504176,5.26224651881593,5.58020239749175,7.44440827447273,6.38401069151229,5.65646670040155,8.91625002252428,5.57236159589321,8.24523799303355,7.49074884723871,8.08436904930202,6.08884579135404,3.14085552783588,7.78271271283996,5.34823499792919,8.71868317660982,6.73257053233027,6.00650291292603,5.57046868577425,5.43693063724353,7.37581574711434,6.31021446533369,9.29543051934708,5.56610794666973,6.54816668760464,6.22263105278983,5.090957934989,8.35697316822521,6.50902759881096,6.76921024214154,6.01420685153995,5.26294542345946,7.83170389715882,6.22765067856174,6.99755126461767,7.05436826001251,6.6888518234463,6.14381580799014,4.64932499919872,4.86854002068887,6.72350639932035,6.37896254254982,5.89293005924848,8.27407611305089,5.66566463587881,4.46260549370358,5.74569269234264,5.6073439241068,7.77518329999611,6.55507168284848,7.03288641914082,5.46630503702023,5.64956247872508,5.78021025413712,9.72977182986476,5.97959218046191,8.64957726519043,5.62765866829196,4.51624794600927,6.23422836520287,6.66415771128521,6.11947849387029,6.6454381412684,5.56840871535854,5.52987343016694,5.71441575640218,4.65744573142289,5.43249736776035,7.11336492330622,7.28764651522927,5.37143199566744,8.7837532342674,4.13623705876571,8.20583396351257,3.45526862070923,5.01621995702732,3.57290850181767,5.10326569343114,8.2830230749325,4.93873201086495,2.41682809471632,9.24141675445058,7.96642123064752,7.57961519524805,7.31610802880993,4.82411144779702,5.57577410144816,7.53948631887533,4.76848064358903
5,7.78371103286685,7.99721620688785,5.70479104136825,6.32291542652156,9.1718319072159,5.54709464353572,4.64423251822503,7.78666646275399,6.06178668590403,6.37199910360579,5.16398859556936,5.00485072357881,6.22973641406832,6.58347447085753,4.4715067940442,6.783045449229,6.44321433300003,6.73130570103483,5.56925069869117,5.22375003852721,6.03402276911122,5.47797454690908,6.03619616664954,9.13267816651112,5.71329308669222,7.86390333127617,6.75040919021709,7.78061870475709,6.3536421796218,3.73474679966781,7.40481705657738,5.54807536044521,9.45850901546414,7.59301999576464,5.80619349648759,5.71629060998879,6.0760068175472,7.34065106084673,6.2120899706706,8.33844540755731,5.2596282717437,6.73726617661588,6.32577510992333,5.51765557215894,7.51354595858424,6.43287534844521,6.72939583696934,5.56679353688187,4.89903004056545,7.41479250543273,6.96882884098924,7.09188832605418,7.04922910538851,6.26981906160405,6.79733128285733,4.68919522318974,4.09995281562919,7.54319935497585,6.22377629086628,6.0407413057317,8.90591609865611,5.10091439216832,4.68707190709565,5.70568686270726,4.78155002962861,8.06879343271822,5.31622606349545,5.67157545775723,5.52718010269982,5.79497970332831,5.53983695388881,9.61364091856121,6.31930988292339,8.89165431596425,3.06019174877702,4.86130265548004,6.3390936895269,6.4114378236107,5.84316288991655,7.01356090267348,6.25795811419886,5.9976041862405,5.58837770475597,4.46103069565112,4.50810528485181,7.4276411611123,7.11510482164494,5.53979689239931,7.97429204862371,4.50086428903275,7.76475114497922,3.68077879100274,5.20888210589532,4.14236766978981,4.53818150466687,7.84169140830569,4.81945969384159,2.33689817642884,9.39273894258557,7.69612628668001,6.89079480682843,7.43128498273502,4.94810033918193,4.54184210106304,6.91549305826703,5.92444622648807
8,7.76480729316021,7.53848144812152,5.78185285411089,6.41674245078622,8.82096882716393,5.76863404833161,4.94442082409888,7.4291051614388,5.98731550971645,5.13787333139157,5.59285368974171,5.18341982625818,7.80875404941752,6.32052240857279,5.02100060860525,6.59202235297632,5.77955134565132,7.12736873449624,3.92754845436014,5.56425497884644,6.06625956401594,5.99896677162918,5.81869897425169,8.95369662580158,6.20748951043199,8.44584911990637,6.54025507242187,8.20859272211875,5.53904596353534,3.60974742093552,8.54418607679002,4.66050661919192,9.20643269112496,6.71582084977604,5.97204219609741,6.61853910478377,6.22078081070476,7.08221397867626,6.80531499390268,8.51539601562355,6.59997208501458,6.50700873355236,6.44327793723514,6.30117113433076,8.34785971765896,5.61387079721577,6.59917093176762,4.87435440236187,5.64222478071451,8.1499084374004,7.15164985361146,6.7384956140006,7.18758926671626,6.15877138675504,6.54530284613696,5.38788642116053,5.47816865293409,6.86406769654955,6.67978643001594,6.0974672309251,8.7079188324844,5.37665215785172,4.80180957565507,4.85208043977392,6.07160782201531,7.71559147407777,6.4380908364437,6.13361125385334,5.57156923376914,5.81438502069374,5.72712315870336,9.25685428553747,5.41886964392562,8.84236557795543,2.70146774109605,4.98474129747346,6.13028413323123,6.32605332377981,6.52574477222389,6.96927462391452,5.32530939565802,5.69058415000877,5.59382922091884,5.11288281563768,4.61309941539392,8.34030990252187,7.29335574203597,4.98031621676641,8.44603885645271,4.93296405803832,8.0219062885239,5.4032325210884,5.5921119898861,9.37763897128558,4.4183248916605,8.56456635294265,5.30450689046872,5.07638305710752,9.25765598523063,7.74245560908694,7.63420246597489,7.76417376111866,4.72331521611868,4.86371425921739,7.29406358367299,5.39754454176662
4,7.35181995853889,7.36799290884442,6.04409992398877,6.17631934485766,8.81806659640709,5.82710701968905,4.98373164124335,7.56641808305509,5.95111009268826,6.23398640842706,5.10920300644144,5.76046437001811,6.94390351631032,6.35168430605793,4.99039438245728,7.02172448829409,5.64246586591976,7.06257644420547,4.39432491492296,5.84290678605251,5.79095641144856,6.64833466217086,6.40143964860734,9.02016898680381,5.80436149655936,8.28849525474747,8.01911815016274,7.35831994079718,5.87798409025301,6.11047490958317,8.66501596153638,5.65496768519917,8.95519599583858,6.36885697919629,5.91009384581711,6.10598566184591,5.62779185901251,7.00439921190937,6.55333844450703,8.01557791232483,6.46621487012936,6.47882701913606,6.30899288070816,5.33450467575731,8.63596438314342,6.37449225835794,7.24279887708536,4.1727663439268,5.80836754175653,8.08938335889673,6.54366764744358,6.02244338072116,7.27743670611836,6.77144244632983,6.89004445867834,4.54677877969902,4.38069493592444,7.75636589430844,5.87732845389852,5.61689198629414,8.71298022819962,5.4989403742274,4.29693712269117,4.9080206079973,5.11573173085551,7.32775196160057,5.65385877977743,5.65896506363406,5.77476132523844,5.57777070175599,5.68389088136638,9.57935673781371,5.92651061847209,8.78675322098984,4.23456058087558,4.48640353951636,6.07800195610147,6.50605503631295,6.42632682440926,6.54317959541664,5.74248740947485,6.57764113504039,5.50119187660707,3.4485284570215,4.65912320959066,7.68965045777479,7.59657624839862,5.3904772197213,8.11288207517866,4.54662881089618,8.02555647215009,3.2316992281039,5.77196573113604,6.21877109566422,5.2612805990863,7.98499964071961,5.27190670048915,2.58859198404292,9.23905143965907,8.21332746272967,7.46581978369334,7.4284217714442,4.82883865881214,5.81413331482745,7.22940476114697,5.28230854194095
2,8.20299353804246,7.39996456893193,5.89499888877101,5.95995428258583,9.21691905163463,5.27257313966117,5.39630483705475,7.48528789911435,6.1816753785922,5.52329865281272,5.43637895815692,4.0338172106719,5.49305901320887,6.24091076657457,4.57967118290266,7.24874019743612,5.50816668343561,6.36010849146971,4.54735237939694,5.8959737270356,6.72022613759477,7.78934572659813,6.38044792661644,8.91567237403711,5.88922605469173,7.59770498460099,6.17096308998214,7.88989304900177,6.41715377830431,4.60312724371248,6.64271791752749,4.72913708849942,9.17903399480144,7.17958516936999,6.12020679634479,6.17199255500729,5.5932973989449,7.44041679381843,6.12579040523316,8.85818110880098,4.73391336781952,6.53151884335564,6.73526186167219,5.42487707272033,7.40961983908362,5.7561643286793,7.68941894495203,5.34844771827776,4.81111360524817,6.86334660491878,6.52303526721896,5.3145550542527,7.16569948581897,6.96973340630068,6.47548266541959,4.26192574341412,4.03588818515135,6.8474166124345,6.35024883631459,5.86380746346365,8.56448790305488,4.94133521273639,5.25290533197223,6.02028502095294,5.30109889877434,7.23868424535035,5.63251082028636,5.11295428926887,5.79305440825745,5.1403447704326,6.18829755465003,8.12236113387783,5.55036731019535,8.47864305988268,3.98628870910055,4.21072390377319,5.80426031652028,6.29596306765451,5.3550803607797,6.68559521828095,5.33221711281199,5.21645259485438,5.59281347320833,4.72735382895317,4.04830747535089,6.54516701244699,7.08292835604151,5.59463429565134,8.10732012211497,4.29473706581718,8.05071056881832,4.16445813171131,4.59013109821999,4.46707354280933,4.65171817693145,7.9669910160586,5.18374916353679,3.40783210767853,9.51550820093214,7.84974418555055,7.25079389759095,7.31987074056337,4.91234927353266,5.54553410294973,7.65853895822531,5.49617306296977
4,7.59093141007307,7.54638948314278,5.66940740323046,6.40982806833065,9.09251390902024,5.59966500935882,4.89740733669297,6.48239789481163,6.30354095323939,6.1309510076807,5.59359201330238,3.60871867608249,7.56421157853396,6.84947973255189,5.00907370901842,6.57744313523806,6.21434764511013,7.04318862648007,4.83986200003755,5.68053290398168,6.08666954602584,5.76887550952572,5.6449658029329,8.75420015507966,6.27400434874011,8.02902977670067,6.88525135972679,7.17124122704019,5.85445889028443,5.09946011012662,7.96234674519563,5.93373616987294,9.51427899597217,6.69132030584239,6.10260980035413,5.71359795317379,5.77013525770119,6.88370478961316,6.86673398250667,8.10327597173226,5.53067426321553,6.05437450968784,6.00189289126342,5.72201459503275,7.83620427633079,5.84212200814217,7.34768604429713,5.73866954573231,5.14674379189907,7.61409627372738,6.65467999054187,6.96219285563783,7.20985645773553,6.68715385607269,7.10703121598541,5.07359075434311,5.15378937245532,7.01165061762121,6.0472502743663,6.07123017452316,8.45118411800651,5.45788186455809,4.66710765050803,5.24194199190983,4.5003415781702,7.56491805118236,6.97596612210848,7.37860519399332,5.63658515544607,5.48837813891651,5.41112680172727,9.74875605317819,7.34551003278178,8.4411197970051,4.19711679083268,4.80769751513547,6.1412589149953,6.96243046923514,5.70635092579803,7.03021622991451,5.80189238848873,4.69567948782925,6.02167877009431,5.01966223469354,5.33700065153517,7.39789197363922,6.63959391103302,5.29845144729076,7.84671533463898,4.91771647317379,7.70524036776359,5.12078972928154,5.26010311594646,6.05434448567747,4.23139168393508,8.47286859881678,5.40542276525736,4.75612240928854,9.28036640196365,7.60493376390496,7.47416637792991,7.66181324942452,4.94944012092882,5.20797107829187,7.16424687452307,4.65718231439265
4,7.57850064297121,7.4276384304322,5.26185717167026,6.00601691766757,8.69921679329108,5.05807102776194,4.50715899690153,7.32962444351078,5.87737689431025,5.45426614964201,5.12667936181714,6.22546521491507,7.3091085635877,6.00665560085152,4.88821058539158,6.9990481710286,5.66684124960536,6.66481631374783,4.07361861264925,5.31330168918015,5.49266683089865,5.74628202201909,5.9637170769579,9.57903752466568,5.78193380992519,8.58682415912981,7.55994493243741,6.98831353203595,5.73988261170123,4.37085692561472,7.66500441669499,5.9739809481396,9.52956911489686,6.49029788566531,5.13247487415523,6.87582639211162,6.06924430575814,7.49561003188802,5.9726721634742,8.32929903254555,4.91261947077433,6.48772286251957,6.37950003094959,5.47121101295476,8.33308010656433,6.27651717013084,7.08755057988041,4.42291304222463,5.40479706299224,7.72787959734289,6.50305317630516,5.52765872078524,6.86649277519404,6.38602799933924,6.62186045659152,4.77622531561236,4.1088664893336,6.63975658327901,6.57756585376679,5.83264045415125,8.31210540773258,4.64022339337691,5.16972031253399,6.3271874722644,6.43161963026982,7.59292626196962,5.33310465123882,5.95304522784241,5.35246789559808,5.44935484113656,6.24345423394115,8.78730202545324,6.24923699151045,8.61560757010272,4.32111607148726,4.46054209982396,5.85613840862002,6.45079570509217,6.43653836492301,6.61679151512525,4.72095668093032,6.24098570508069,5.31373130485791,4.77796859563826,4.57431991872234,7.08001083567948,7.45432238759719,5.11464003032128,8.25476640453267,4.53380822818438,7.76349905090812,5.02699177988351,5.37332583203634,1.28943551676101,4.88680662595823,8.34657016120709,4.55872610991036,2.729411337111,9.62544041308744,8.09611646444557,7.40048037848818,7.81324289038389,5.09926165494045,4.10235192631354,7.36843257867962,5.92683686962415
0,8.47419883298862,7.14777723797811,5.43220506075392,6.09060714175896,8.96751108756025,5.95513002852348,5.14452085489873,7.02679512161748,5.64827874226492,5.60381235004048,5.00551794544133,5.53244756555947,6.49708003519395,6.31000840403923,4.64112140163375,6.98879305868683,5.86982763222173,7.20832501675304,6.0379996055958,5.31813379209707,7.10263003615672,7.08879216615368,6.24364323384943,9.73485558778411,5.75368105682312,7.53211675821928,6.40864281921047,8.9290548176122,5.58604770835629,4.49138077797845,8.13670036980294,5.38543620621807,9.70421360509837,7.21654133016404,6.70852197238691,5.7021594477274,5.40647798720957,5.33892078624098,6.22087325588496,8.66231687424397,4.49752965949551,6.66078850850846,6.10099203165659,5.72541517752321,7.93520733823988,6.2274960639566,7.0877817781688,6.0297788491309,5.30357114355544,8.08795850251721,6.6524846061517,6.47491987426065,7.14370570018596,7.04527692721214,6.74021582770704,4.8043825269518,4.64284573467784,7.4084954471421,6.19135597971348,5.77642414241148,7.93351886590087,5.90175034395775,4.73806425136736,5.43018174069122,5.59628440639882,8.01426460666955,6.32412728158691,7.11650311700099,5.22937543636414,5.57666007195913,5.6728857851924,10.0211743108984,4.71959672762327,9.02448452706242,3.02041518815818,4.99524370003596,6.06797338965901,6.76670497537173,6.1648181211408,6.61721620014834,5.48289817717777,6.0983858234386,5.14621425262366,4.43787437199215,5.3884867606186,7.16155506277861,7.23891643883498,5.75356910358729,8.46724712149319,4.68359125030238,7.95424166918221,5.17555949448679,5.45384357881431,7.85715215425095,4.89031136646766,8.06359813598431,4.39292116371237,2.15814784486447,9.33620727858232,7.9985441628136,8.05276501794784,7.69279185236491,4.90734339007228,4.58236497966155,7.26928949590718,6.13911240538052
2,7.48458548567608,7.67109094405787,5.54886252805199,6.42137643179645,8.86887798220682,5.77103570838113,5.42812332593172,6.59796961628751,5.88353672341425,5.22589806146727,5.54465192225274,4.83120871633287,6.58326129184645,5.8920002927499,4.99331246369543,6.82574887944835,5.34773396883093,7.1273557479476,4.9872846062847,5.60748614132683,5.68106361404722,5.19182294746685,5.90051104825247,9.09879639753378,6.08814930730816,7.98947407896651,6.45466668996508,6.7436554305351,5.92566457052691,3.12619153107662,8.71145012985478,5.05033558440447,9.03706453084135,5.96540877229571,5.53772821775728,5.49021739081217,6.34234598257877,7.31541983698603,6.45410368038782,7.9490097055941,4.06896730807309,6.88968908844655,6.00894682106721,6.00178366012084,7.67428761071096,5.92016673861126,7.83309688461216,5.18382174706247,5.34581319135502,8.42324650281583,6.37216327062032,7.41543635298733,6.93330446434947,6.28127349725727,6.84962513206682,5.26495201129597,5.17102090931504,7.59568273733699,6.80512797082056,5.74577723971971,8.69092293759792,5.21502669740413,4.10876825296534,4.82208931772637,5.27538613012539,7.754211297045,5.29560101418876,6.61646737427431,5.63051550641178,5.31601372243255,6.03793164827002,9.67453229758577,5.96284298009057,9.25815905286461,3.28060817937701,4.59363142902674,6.050247073117,6.54832581447278,5.74150382344843,6.68517511693303,5.90921942805562,6.98904584737587,5.53780852521719,3.51994156734893,4.49212795945346,7.85913837548496,7.20980202421106,5.53530436477211,8.36594785289066,4.78981895666328,7.43569309437951,3.36817706744712,4.46874518469292,3.39579510887705,5.5095477306727,8.30008006006613,5.14409483938446,4.80174244172087,9.77666978533114,8.38058496747877,7.22316636379305,7.54204989946626,4.99965788268452,5.62947891498558,7.14443992912561,4.64312732751193
1,9.29601898147265,7.63856207323504,5.91292972036134,5.99278443353984,9.17440199852968,5.12207359052049,5.01322850739723,7.17543990568522,5.97229968392712,5.43917391123277,5.81228498287695,4.53616228297502,5.49753726588651,5.98679860073893,5.23199923913946,6.73535368988478,5.34788046626616,7.06631690245329,4.4486289913095,5.5900161419407,7.88026238819035,6.42495344691307,5.4917375472423,8.43054710916149,6.15954439630423,7.42905443760734,5.85997347742958,10.0421990414613,4.94902006364142,4.41448117260419,6.7801900409114,5.36418005934718,8.86140668698773,7.27355790187844,5.87359166787387,6.19098063441781,4.86708813746684,7.10156798821076,6.26906615727229,9.37422857700406,3.84057888688054,5.93555068301523,6.14653877535945,5.95313408425247,7.82209535040931,5.79433033886296,7.66050644470487,3.48342981887691,4.40676668061695,7.32268802240259,6.7560428668219,5.59979277206802,7.14719557610297,6.67555468528866,5.60237034780559,5.179067957337,4.99735958081288,7.22181832301242,6.31795049131685,5.82727771006992,8.57085260756775,5.49731574055418,4.19732834458651,5.1879117785605,5.6909854564136,7.53301562505234,6.88247843313975,7.05744680418905,5.59710711723923,5.84941713107243,5.86200090879363,9.08690105525323,6.42552239386156,8.27056652998763,2.91076456616809,5.23528833278032,5.78849331786302,6.40911745588327,6.04837471596998,6.46007317971671,5.39792541911954,4.72803063158842,5.63962158338471,4.84691052527082,5.02036433967272,6.73371770970489,6.89817652500857,5.50045585525017,7.33266514063488,5.07231712801132,8.26034947930334,6.19704473454732,5.30516967250901,5.14392723772126,5.16985765747652,7.88098603799219,5.4288776942724,4.71062138996652,9.69366376511095,7.82982210891941,7.32483333309208,7.41372711995779,5.07687720233343,5.55248317153518,7.39295653383464,4.89529242337638
0,7.92289185221631,7.11912881318653,5.48658437927715,6.23328444263172,8.94766112201218,5.77570109808963,5.27945100355611,8.27776755449282,5.99081716301777,7.15069626991162,5.63861230769228,5.74580631365238,7.04939284535935,5.69233250093361,5.45273009383443,7.70492098407507,6.09982540729133,6.55432726709976,6.19277627083614,5.5117204199371,6.27459486776585,6.8690923893144,6.07117701479189,9.34743180118541,5.37212924308859,7.15592242324156,6.30588464817464,8.01839105733081,6.18006168740026,5.15696164637898,7.92477639173788,4.94607439541112,9.16750726243496,6.78468595417622,6.32845439524965,5.54752091666472,5.45940631992026,7.2860991513073,6.37955053863248,8.28555644848698,4.5809755229478,6.77767331783756,6.3484883581842,5.09858936728044,7.20275399625013,6.32289671973522,7.2446198945972,4.90110507294108,4.99201678663786,7.66726455797236,6.17802864286205,6.26066360587961,7.1547552633497,5.98891954443613,6.99130013993548,4.49959750644822,4.88815409631471,7.51479812197628,6.31892968272336,5.75080061409377,8.04540493000757,5.01052864600371,4.00972838717573,5.25434348191672,5.31395458154363,8.29083446560144,5.84488631002068,6.11841888792706,5.68792345029058,5.47207566440336,5.59176954902165,10.0632459859996,5.8340688302946,9.08055765604777,4.86939638830697,4.96508734736737,6.16413253826348,6.25961055905699,5.81215352385901,6.72525396767789,5.38636492591264,4.83450682654209,5.47143883043447,5.5119124589879,4.27394649342251,6.81057157405404,6.95897314400395,5.93194904172248,8.47306625037771,4.19006049716631,8.37480003997034,7.08057601608342,5.42888392855261,3.24472874282627,5.83389822321123,7.95075410763853,5.04966423930017,3.6488561899302,9.45897479841356,8.00846185346271,8.16020531874601,7.58565946189251,4.48083835891754,5.29172992332931,7.15867187004692,4.8009514641487
8,6.83179422743397,7.65929871450794,5.95740144425843,6.68318040877029,9.01374434063859,5.4345985900419,4.74262707720872,7.59630548887682,6.36231096174587,6.39393770839182,5.51556155718844,6.39056047897422,5.67656732031058,5.88307054443544,5.08267494107697,7.3786347147629,6.01147754063334,7.39489794417995,4.95411980555964,5.83738518789222,4.79729487932666,6.30992975991557,6.37930307529224,8.68664382374686,6.04511302921498,8.08657170901295,6.34683247902968,6.34641690312855,5.82184835528141,3.63098668290977,8.29527573854639,5.14700462328404,8.67012838261679,6.49938656197885,5.49423355012996,5.19626473461505,5.67734182723053,6.80494308758778,6.22346900456144,7.40246991014267,6.33802279249266,6.3926859359274,6.38202903989115,5.76453221355958,8.34130827281056,6.3632657036228,7.21622306743798,5.20871313610259,4.95736443211789,7.54787869906351,6.87469635390597,7.50882886039928,7.10340523665867,7.52542560428041,5.73509576679286,4.87618950576734,4.39213168198105,7.49361466175005,5.93231975492712,5.64747984252894,9.04557758717647,5.70063291978514,4.32534279699474,5.40618034018507,5.98648838210197,7.08923366158553,6.908831568294,5.50636148668158,5.6434566683998,5.59802383727352,6.25482994370427,9.34387843354568,5.92223928637028,8.7070140698246,3.44333375107539,5.18627158389395,5.88993607161268,6.59198887428055,5.7588204910198,6.98225427451989,5.72115680336783,6.11091771839235,5.81072398003881,6.78117193568327,4.34613670278669,6.71950036510891,7.21433542154574,5.15557189140913,7.58756947211556,4.43531303999557,7.87405096528603,4.21876554578337,5.0709996472968,5.45619724753199,5.44635205347664,8.01757562146679,5.1225351736951,3.67718135474738,9.260887292159,7.8066057194151,7.12513871028941,7.35741213229287,4.89882584663827,4.74672564906959,7.17812600136323,3.99396171796605
4,7.66498062490695,7.75371755769557,5.78893403173171,6.16791098272747,9.27953314992715,5.89541583663038,5.16751013676541,7.3485055804253,5.75147504463243,6.34335788317058,5.7115406839045,4.52660786749679,6.56530068529954,6.54412077331555,4.81308421384472,7.10729224703223,5.79383300827619,7.13232902316927,4.4812192246783,5.51161273960739,5.94595411420156,6.49195360615238,6.18869456812065,8.88484076356601,6.00283013991508,8.36303981362809,6.43963107103746,7.68668091874726,5.98317498160244,1.55537393998599,7.39752169560753,5.32211088292564,9.92226374392825,6.66969413583018,6.79680916289607,5.75217867148402,5.09861632999397,7.2495745450155,5.76429431990501,8.28920369091819,5.09638067484099,6.30876652267583,6.54585372876885,5.32993897399426,7.16654013057308,5.85707377369754,7.75817234448801,3.91735309043474,4.78584561801507,7.86965022031063,6.27617157442686,6.32613436220141,6.3767170790059,6.62209973377681,6.05617356211085,4.49171730861693,4.48471077651394,7.75210896381286,5.94002357090065,5.63082704271415,8.92679382513638,4.82317174884098,4.60175731522461,5.20315722124706,5.68393527346653,7.16458011440278,5.97204941714572,5.99119711591703,5.9340781614864,5.33848794880967,5.83686926275552,8.95352809528434,6.72542226638883,8.69645931393764,4.66126094941105,4.8458740997203,6.31884002155855,6.09134483675348,6.28482664159556,6.78369834893225,5.33809683707828,4.62381241591623,5.42751757106875,3.86357281614872,4.00278130478313,7.43602928803353,6.77553329923286,5.21878405661243,7.93068766574894,4.39936453991548,8.42125292517552,6.89416822857349,4.76060685636099,2.96773735585213,4.95513393900635,8.468323227378,5.0684079807322,4.08529555466718,9.06350024581255,8.2178109308889,7.78709744428992,7.71594900724386,5.13283964163247,5.55536893409094,7.59112719602796,4.61863930471689
0,7.76451686754196,7.25430037565194,5.47422207201707,6.18749911136649,8.7052005728448,5.95327535107298,4.97115833727572,5.67704320776581,5.60792432230109,5.8571968322427,5.57892171788992,4.76807359597704,6.51317497337484,6.38601504830348,4.98370020376192,7.02462255538999,5.49743235231875,6.7545152781313,3.93178597501766,5.17449211212955,6.2636847144349,6.91878945893154,5.97369271777469,9.06737621731912,5.85669940956413,8.27977921249946,7.89094796600024,7.30819667940525,5.92310937476217,3.84657474707517,7.06685070307045,6.31972977205357,10.1887466106,7.11049125918787,5.14269245160082,6.1276684589628,6.00018555133423,7.33258268337145,7.46201961844314,8.51584379731465,3.83797420537174,6.97751843602963,6.47647331899381,5.55493161627621,7.60605053231283,5.88746651630349,7.52283403921165,4.71883519415369,5.08372562472129,7.23254820604328,6.246860701403,6.32488411059754,6.93100528492349,6.33573274889757,7.10496282328853,4.59802424033767,5.13787820929674,7.82237879949778,6.46968949963291,5.81518617527688,8.5214199315711,4.83027144122623,4.22849860932116,5.58382973390965,5.52904368336322,8.24078032513711,5.47419531571837,5.87763030758476,5.73812384061039,5.22337401805359,5.69587347658499,9.26949017671832,6.61524467222216,8.98110365541139,3.91972230365771,4.73864990959526,6.23349891774744,5.40958637514084,6.00002852264325,6.39948229481819,6.32379174599974,5.07173550754458,5.43406001405295,4.90790018034954,4.36635743509829,7.16590113338963,6.94226198724618,5.74259231527526,8.74369246419057,4.5698837836141,8.13318700487594,5.22815100802242,5.3669592611377,3.86123024908797,5.32194671103392,8.10693306531522,4.94972059423301,4.49188735685308,9.51839451012884,7.75079004268822,7.3813612415256,7.58421433716147,4.69426278922379,6.17933826245622,6.98254761516206,3.94496731622971
8,8.22881896328346,7.01024614644874,6.00934605887803,6.11391308543428,9.06444677352736,5.65632243814458,4.9856081530068,7.29518906341537,5.34876481154011,5.89020399566072,5.36129949107083,5.41333841263985,5.7809030485155,6.2412651744215,4.23107759648869,6.79884937268136,5.53477202244544,6.83462987816796,3.68667332281723,5.28233559947196,6.54132040427372,6.35223565525849,6.23925154479902,9.25947631869082,5.57615517660332,7.63247180619338,6.68406953194791,7.88406994980765,6.13681293469832,4.04318676200372,8.26464549422884,5.24450571235342,10.4243775522566,6.18167736180023,6.30144258316213,6.31645763340594,5.40907438250904,7.30960068311628,6.45979179555429,8.9630277048728,6.29873714589497,6.61928680937539,6.38021876336273,5.50115950649955,8.23744576409518,6.30168842983444,6.43930085430786,4.33033327065669,5.71466260462323,8.232965892958,6.73135048760995,6.08237149158137,7.3375817590552,6.59283672215033,6.90854938982969,5.10354857992559,4.80347863230854,8.0005556753323,6.14005900139984,5.74864004976538,8.89527060287008,5.59268415763087,5.41610018749282,5.85003508941216,6.26232584562947,7.82174239999786,6.35448656729927,5.79578080290663,5.3651905924777,5.85816403031308,5.3524501232921,8.46588199524268,5.58970670226152,8.97619752912571,4.38425540577783,4.87877689416275,6.26058922712813,6.89616154116811,6.14549998765327,6.85111317339069,5.15768842318364,6.1176702929331,5.2599166449772,4.42420090795013,4.18632305037461,6.6768755056938,7.47491178780739,5.32045103376234,8.32719080202851,4.75177767988409,8.16559220934407,6.40125348295353,5.54481866486656,4.64204434343779,4.70702651529107,8.58313662988845,4.70676498226319,3.30448298458375,9.3873130156744,8.30162586742729,7.55485217041126,7.57550823158149,4.93235211169585,5.53968442225467,6.80268002623771,4.34391257555015
5,8.48233707190461,6.8378157763198,5.73325060732328,6.4377852378383,8.84968574149758,5.59125604467619,4.81889259480703,7.6158812494872,5.76151314581944,6.02397236021122,5.20553390852424,5.44768968300091,6.34675491542296,5.90325619063658,4.96663444558604,6.71029567487308,6.19633634397987,6.98077522214123,4.50212043353839,5.44942456353387,7.6309470706275,5.51074470264188,5.96694366975456,9.24758699942299,5.98360903222369,8.04189029705751,7.84897798331835,8.22854296999072,6.19048527005376,2.74856124644797,7.93093600259523,4.77788076032936,9.70923644196077,6.89420630430885,6.36292958171622,5.9386655410414,5.30081367690108,6.73083836102458,6.09574905118491,9.05036569630521,5.8295815548423,5.78333482351894,6.37888801351286,5.47749429558157,8.29916506785387,5.9615825435754,7.20006027315556,5.36895660770465,5.29097307206173,7.83816887763845,6.68987337342026,7.54486325278435,6.97168818270596,7.95868981115322,6.7120990115654,5.04336217571887,4.90443615633669,6.80772504999371,6.1264167273217,6.28796038214109,8.77312277026038,5.4487952050224,4.53326185820932,5.01698391206187,6.1971289383053,7.36976650657858,6.1658068842359,6.18369866343801,5.43650661478615,5.53517188249271,5.99550708153162,9.32551128708892,6.96135215959124,8.40272893561587,4.10838696951738,5.23915765206953,5.56737652473633,5.80564949500556,6.38232424920109,6.71464143049886,5.76649251985735,3.88805133527742,5.29776281003177,4.74078465744625,4.75314482065954,8.59962110627506,6.75647517152207,5.4032716738053,7.50919113068769,4.45524790249724,7.76536708069669,4.64990010298388,5.34029241328057,2.51445443139244,5.06168840950363,8.20121961276137,5.10122038620205,2.90276574749995,9.27661899822342,7.71503175432956,7.38218080106567,7.5752669743248,5.13159358943334,5.62647893905942,6.74889351949412,4.56193584396939
8,8.80422104186308,6.39170563644981,6.31964130398512,6.35225428123153,9.47539872170447,5.55324085398447,4.80547973472831,7.90789017182357,6.21711772244053,6.03020208617698,5.38564327122217,4.56577378584317,5.53894776242696,5.83171049478377,4.80425351454546,6.73373993650341,6.08814305515824,6.65655592406157,4.65020588074232,4.8405839590957,7.38516014570671,6.06078171217972,6.08302597855712,8.46760544293887,5.61627216441043,8.2101022261408,6.26143207000417,8.54245061414695,5.91228379068391,2.01472725346797,8.20743276068944,5.53661319155372,9.35343933780719,6.17746636138422,5.8427829578741,5.75928256497094,4.94677143880631,8.10424583511104,6.35313465165972,9.67952082287545,5.73147159829145,7.11357063625578,6.27703884779692,6.09388271592952,8.09789242552897,6.32168270987586,7.13308799792504,3.47284415342392,5.68141139623985,8.35497603903472,6.51468752455434,6.55753926348216,6.73715456628024,6.91399199803765,6.08344683595014,4.75486989661468,4.28345995634294,7.43238771921773,6.0916046847561,5.84479374415661,8.48845586355057,4.54925450049204,5.10394428401371,4.7081866838988,5.82998807938064,7.6941883044353,5.5269071642613,5.41641234035311,5.77842689958389,5.37600333550787,6.35932240385944,9.21799464248624,5.56309552621211,9.42259530982732,2.51215443693277,5.39414651324378,5.89814163012005,6.13580131066762,6.03926834759754,6.82557739539769,5.81431505167277,7.47527543801711,5.62843026433362,3.88578340093845,3.80937684770332,7.66822071414179,7.94316354797985,5.04841725410282,8.56701753130198,4.73631222516514,7.67665529290289,6.48161290484886,5.62472103771226,3.77628239046681,5.46840435176997,8.70268311184309,5.35169711967517,3.19229551075387,9.38903829055353,8.14872058440201,6.86083938611709,7.54632069379585,4.74423326213679,5.00735905262234,7.59936671853978,5.49390423361629
6,8.68382546725704,7.30450669048495,5.79920831039768,6.18320946324789,8.86898770626419,5.81752566312519,4.89388844811324,7.62771641441525,6.17383863229089,6.1186201788182,5.42954958885153,4.26703191502139,5.55664340992643,6.30056789178703,5.28961649496574,6.46878269861726,5.54796842855498,6.44061783646612,3.81604350207388,5.16555332602038,7.41060018414782,6.43013321391889,5.8213037450918,8.98277949666874,6.46787602822319,8.26620641970103,7.29244660416411,8.84078790201314,6.17420815690839,3.86074880957544,8.61597907144233,5.23758886615046,9.53751319391509,7.28155083752373,6.58056111860003,5.42101553403654,6.22953372324185,8.14510005908087,6.41997093206093,9.44590020259906,5.55304273561459,6.58310522232859,6.4279835110397,5.77096192500203,8.33004543259022,6.20372988544538,6.96190626976149,2.80659006662467,5.34778988516455,7.80233154088519,6.65548466315477,6.30909170029443,7.07306265670288,5.83984284518322,5.78490421537573,4.75904400597477,4.9024312937031,7.57497434266132,6.78068171286595,6.14714922923291,8.78039368694103,4.74256587125645,5.21121166109453,5.95718241604923,6.29441515036026,7.12797376178067,5.56905690393458,6.23956182413043,5.57187230818952,5.78718959908275,5.92851905987179,8.77895604054062,6.52611991139217,8.65428227802319,3.68667732818151,5.46716053238544,6.08172729200423,5.79459406414272,6.08376177478968,7.39374063374238,5.32524566287787,5.05459809589222,6.04184599565747,4.16961464421138,4.35067136953734,6.98832068194489,7.21624432574018,4.98669114604596,8.12897769790136,4.89551366475157,7.5028620689705,5.36582861014458,5.07595035686202,3.55550053823333,5.30736441939001,8.38663003487701,5.15595505344491,5.06719674491768,9.41280404200035,8.14312137473838,7.488615066407,7.51680691222636,5.11478222124098,4.72352197891412,7.34524143658493,6.01820204754446
2,7.67588866760964,7.39725656038837,5.29014836722721,6.19029850309935,9.01498933719995,5.45365733181529,4.30386387849748,7.21063743750621,6.59708616036495,5.59065106499613,5.67668119470276,5.93952280110817,5.37602121500231,5.77567117608441,5.40069890223125,7.01901253242873,5.53457133348148,7.06551218209079,5.99213116033996,5.58741129656006,5.75940093338047,5.6048602279624,5.68504852247379,8.63471074398307,6.22014090735266,7.20749979334768,6.4245962991408,7.29094033242367,5.91871059197029,3.54908790978776,8.07351595177961,5.23103167610012,9.26562660330408,7.50524334835447,5.05400657869644,5.9347572982632,5.87992036124569,7.38009981488716,6.58265339128884,8.38110616511946,5.41216562049356,6.49607805763878,6.22353748836092,5.98822003523742,8.27096020334983,6.00824186717147,6.66024548050126,4.58409092530658,5.6814272278322,7.89605026009036,6.64866238438402,6.82836625814232,6.70272339031092,6.61177707448661,6.22381150211839,4.93830103546745,5.22706286966408,7.77077677678618,6.74076900686113,5.61101958486511,8.49945242999186,5.3903214918758,3.66826199078301,5.42941071537386,5.75701763205764,7.75359304043444,5.31151557479427,6.37399913341284,5.10680845898242,5.74021333001468,5.77141215894177,8.99534036489507,5.82275689039653,8.85719234884485,2.6034252259145,4.74429725168163,5.7433112240987,6.57385090434006,6.27175617814061,7.17363660936223,4.7748006327004,6.42829498453372,5.86900808604394,4.3380434869738,4.82505642950868,7.08556806235728,7.41514103169168,5.83827892161105,8.14127115842996,4.97276742909728,7.81584908086196,6.7082453125132,6.30518758979523,4.66417101124257,5.66628321590125,8.60748283003793,5.27990194339672,4.84486973609619,9.38781910599126,7.91547937978501,8.02793614408716,7.63764017502722,4.92412370612788,4.49082574379497,7.40948084528304,4.92424092857559
8,8.54670842963339,7.28503948582975,5.98243681540243,6.1988923553863,9.39003932592628,5.14737044077179,5.29168359748183,8.13449112668523,5.5418931070259,6.74101796926047,5.37170907547439,5.17038984076975,8.08640837276022,6.03567510010922,5.0402777615872,6.55583752397699,5.08548505922316,7.18717918810707,5.33156401087698,5.64231714181207,7.3238916069701,6.89183691910238,5.46151897015953,8.73105793281577,6.00995494089853,8.28896168402512,6.33839963319184,8.03852053869479,5.98157217385394,3.19445933162112,8.13840551019602,5.25841647432355,9.2629411551419,6.4369559761104,5.94994730282932,6.06309080829603,5.04495840728249,6.73885140113479,6.55779279845714,8.91757241632093,7.10607260691438,6.14611944694652,6.20682276136918,5.68614500069917,8.48256340038142,5.72223835107508,7.38677913133309,4.48805397859414,5.95265413265633,7.90955983561431,6.79326776957731,6.54129124923825,6.84912604627685,6.99816335471426,6.96926393672186,4.65737841746619,5.12567698196785,7.37192751955939,6.02441682074359,6.15416345252273,8.63923034457452,5.65564908349441,4.99298566638095,5.35466938188245,6.44135503214478,7.75972368292738,6.59002576572105,6.30766450498606,5.63297295909711,5.70698148420017,5.87594877716414,9.74776326780563,6.96951243565797,8.50325957655,4.02578427623717,5.03176779598038,6.2152698827958,6.51333260088341,6.11759484968066,6.67632884151931,5.65746435182343,5.29188527351923,5.61930250004596,5.01680589999987,4.87658484542486,7.18291543657249,7.153483306802,5.06453007331663,8.2312891705827,4.72714767408867,8.37551760090235,6.37015539845997,5.14512711835162,10.2945335249889,5.13756152583241,9.02581719251358,5.41278060305925,3.97189909493808,9.0842165813485,7.87534653643632,7.30589271586612,7.35842402568133,4.78944651247657,4.57156415259976,7.04644596917382,5.19056795781033
7,8.0311079625968,7.02817532644692,5.74254559780204,6.33083381121662,8.63526215497963,6.04085395938094,4.56182413429639,8.05042248926259,5.50912879263171,6.41840430302025,5.14819862365391,5.62678505956511,4.3350757792092,6.26726523635646,4.52732994987755,6.36851588202442,5.49406459701721,6.69163226785952,3.61160014415669,5.70244372314981,6.43428496339445,6.10515719656412,5.87894737203754,8.85037989097068,5.81643218274139,8.10927177299507,6.6237036699678,7.81338395648558,6.41208371202591,3.08539814043915,9.30330223218314,5.90830856115283,9.88188600395092,6.89033591073952,6.38984868628974,5.30052801386003,5.36974318721197,6.59302263856485,6.12187504740638,8.50336235768225,5.26776717206288,7.44355994039107,6.09934013746123,6.0047294374077,8.44906332910984,6.6387148144312,7.40100414798419,3.54278212716189,5.67428001822277,7.79592414207781,7.04534939356429,6.64427895901011,6.90466824980414,7.08156557786783,5.2780324039496,5.3850745923765,4.67508923461715,7.41110134226254,6.34696658373779,5.59344988576887,8.60634314258435,5.20367074779185,4.91460059367868,5.31817168417708,6.55880502954747,7.61200822571591,6.45379457017887,6.04013939222219,5.67374067495986,5.59256316312271,5.75387565647635,10.4832066903026,3.68632053156087,9.7192766486649,3.19727631256819,4.98759290575388,6.22188104817007,6.22785970975791,5.74605722609211,6.90392622134552,6.11501366728478,5.8258008786175,5.32879993678157,4.61068664868145,4.09338072893894,7.12151620534156,7.59768183973358,5.51315068958607,9.25584694957212,5.02042779279415,8.27942722852387,6.5443505548897,5.45611719848609,2.80983408100239,5.21456492622891,8.25334942916699,4.95266870395995,3.45893095749415,9.56859751441318,8.25324839057872,7.88566258693973,7.6514160717255,4.98453352313333,5.33206347871463,7.45996242329296,6.10225926940246
4,7.76184542813434,7.19403772342852,5.74332738205798,6.30438241912928,8.89241490980314,5.00750115773657,4.91129594470236,6.81377611183692,5.8494686456246,5.96774366620362,5.16013621945154,4.56729090102439,7.67739042987702,6.6918231878881,4.63596127747953,7.06049456930881,5.69818838958624,6.62792770759962,4.74641578035212,5.28559114731525,6.16950946468365,6.0821527472533,6.23782862836537,9.35380659185558,5.31625116410907,7.90899656775942,6.8380624788248,7.9538428156394,6.05031345727456,5.10077094996441,8.05500535739509,5.93574563386921,9.70109193547602,7.21195517760459,6.55161035011195,6.06418771587588,5.71484450133701,7.76515044370792,6.85024547592808,7.91323268066871,5.81504846120941,6.26380035018894,6.38237064493244,6.15429727234219,7.62467588272512,6.69734935315835,6.66802521254133,5.25300183258385,5.28120244723567,8.07120163563457,6.92413321602228,6.97375631746729,7.27119995131019,6.32873850818648,7.07929063376548,5.06174368090468,3.93741451108744,7.52865466741134,6.34769357175884,5.83080542708047,8.77948604264697,5.11002367199335,4.72518915768931,4.79668836891779,5.53836219745561,8.16968052957223,6.19974460394082,6.57589096470706,5.53021137897038,5.54984642410613,6.39425220252481,8.02261946674197,5.55280396335635,8.58957925633042,2.5582036621613,5.46534606138537,6.27380259340479,6.35645830853011,6.04115235681195,6.99568698964675,5.95343980873459,4.6759572448018,5.15631620949994,3.90621402119694,5.04698382380504,7.47749831729259,6.90531007151903,5.46245365477287,8.24730212384809,4.8851819758961,8.43746153920328,6.54175927636509,5.02031073769763,10.4929029878131,3.89902985424601,8.19973519583119,4.54873274645158,2.21131551408518,9.29770267904029,7.94794343492508,7.73496643992831,7.86596743134529,5.05350972847738,5.41395707591807,7.11184290684711,4.7885558181668
7,7.76041078332729,7.15535308032912,5.56083113012695,6.08222354360215,8.64679191620838,5.20589725869614,5.0239775006785,7.20939821867264,5.58804471486401,6.39561308112894,5.26734839185111,5.7496952224034,6.16476094732322,6.03928003293602,3.83214611278668,7.20772639648788,5.30465467568544,7.03611926823543,3.54461181482517,5.51137423526786,6.39130810433697,5.36431921265889,6.1388592593256,8.77122255939076,5.94362789489013,8.25098983979579,6.74530831377611,7.55619363094295,6.10277241563977,2.74874725446541,7.73494065732265,5.73854075719684,9.01039542498651,7.46070250283875,6.67387947597775,6.07224921741651,5.38876672079684,6.7967027002534,7.02442971443677,8.06783568873258,5.24737830011765,6.22070247917894,6.24626230748313,5.51659968354456,8.60120025350798,6.440833812065,7.36412844554142,6.99309312967228,5.45330060100866,8.13558771672875,6.65130935394903,6.12611861086955,6.80086542088034,6.19339850464251,6.81886864277777,4.77562138627812,4.57486092994008,7.30099371547007,6.69268366730105,6.14423807619639,8.63888289785006,5.78567859558054,5.80723193097617,5.47657384569472,5.22298884075863,7.26307588272544,6.45469868421932,7.05117438564725,5.33839410204021,5.79847967991207,5.46782219807753,10.1451486663908,6.59793241439648,8.36804308892312,4.43541407623319,5.25914584294374,6.0436980406851,6.3635193987103,6.48770123449685,6.78606636132735,5.36410472419027,6.58852291826697,5.08256382125208,4.42192329889294,5.28833851534381,7.75947435632867,7.50119155667797,5.15834898782133,8.22019241879369,4.27671831375062,8.05119792192793,5.92634246819096,5.50159315963445,6.1721542780855,5.36969445279889,8.82984062427958,4.99294748133409,3.09203522942315,9.35555482806599,8.09589051599113,7.34503940755649,7.41879894902018,5.27183350882707,5.35100258304622,7.34682423431076,4.62613228196858
7,7.85010019803185,7.52902120075682,5.00427416616933,6.11355031444723,8.73498943761397,6.26116182178737,5.611137041701,8.11819776799768,5.8740007040627,6.22382032769795,5.12539970275043,7.059055761067,5.9925535734257,6.30255779562342,4.1576480180535,7.697709775982,5.98844203005591,7.06331012179914,5.08786242805497,5.41202594021777,6.41747549719926,6.23339222160812,5.91115242941735,10.2994773638128,5.68463467671092,7.75067355647873,7.24851404643262,7.32488732010689,6.10436211601705,3.72700029657713,9.25076823841462,5.24558902086294,9.33684049555792,7.29033753259552,6.5137015734891,5.46655081069886,5.76342788956925,6.87102837150957,6.79572277026941,8.47511613859928,6.03551299620666,6.89367262140536,6.42963954567156,5.17582650180938,8.84735774564917,6.83214915601577,6.89941434768349,5.45887623835307,5.95090942954927,8.17902993492279,6.75626204936867,5.80723419835068,7.00807945793381,6.49003157562695,6.71909976467892,4.30163622483454,4.96999534410312,7.20311224738113,6.52079021955111,5.79660494407935,8.50134722486706,5.19707716490239,5.17445086123058,5.12161875726938,5.49819580743554,8.09124324765093,6.82507341332575,5.89795552873621,4.68315718394155,5.38061564966938,6.50242991007135,10.1214288416531,7.24810801553709,9.4745626060189,5.43423470794015,4.52782192248492,6.21302723954657,6.15612563204715,6.77615694986672,6.84277692460581,6.16800032769156,7.35276519747729,5.24852683171751,4.5663576431796,4.30769399500958,7.92809774283745,8.0459878229452,5.76029923920616,8.81288939521349,3.95115461862403,8.25869102101214,5.46620594378984,5.10646666305727,4.2609776985464,4.48889167041157,8.38053861921792,4.07743204717469,1.60637845370886,9.45633826014081,8.1921306883936,7.12717211018797,7.49444799108902,4.932002197153,6.1824309742193,7.07951363979182,5.73337863801622
4,8.68285004898252,7.13113823781222,5.89551785489941,6.59590427073572,8.76224683470719,5.85939503284093,5.20629312262185,7.4708126001771,6.34360051094278,6.29066356826033,5.24588898270851,4.22778233280789,7.97126514304454,6.39010369320873,4.61813841348755,7.23462556143384,6.16176721397652,6.91730525933897,4.69082642022219,5.48162399204329,7.47226245269647,6.9441624777447,6.04676278466095,9.08168737939212,5.98525039020208,7.73756400134597,6.28832022191659,8.7398075732281,6.15786642512418,2.94518566371841,7.72542595260751,5.39961385425848,10.1565052493101,6.62745629881421,5.88623018760465,5.31138094484493,5.79350021323534,7.45539790102745,6.01065038699281,8.91539062794423,5.25974873711989,6.94762528304329,6.10934203543972,5.88397506594174,7.75703464314294,6.08618402010718,5.95474939900907,6.12143843861591,5.27107472772474,7.64022716862977,6.57265249937878,7.42221251093906,6.92090885482209,6.44292591326468,6.23321975869192,4.79505071774383,4.59300342831593,7.16665108446143,6.31534007170566,5.81264393357676,8.47210831506334,5.07418087179159,4.00429830507898,5.5315392409873,5.27489976200881,7.4485422518704,6.03544501231692,7.03956667692532,5.57354314102098,5.71333599640188,6.52742006380128,8.39810057711487,5.35868655714808,9.30957688326594,3.24720953296587,5.40140901808052,6.50680176431797,6.41662543662116,6.13036121419208,7.07996812818753,5.33819724578523,5.57009339347067,5.61052067860338,4.53529855579438,5.209288276755,7.27323467060478,7.36858029183485,5.39928980931705,8.37376320479573,4.67456974784969,7.6752040644649,6.02936573451171,5.1450476993555,4.51385769359785,4.73827450519848,8.31626958590267,4.63018070612264,3.37694494805802,9.1834184579784,7.79878379893932,7.68429377285769,7.80389856326862,4.67308856000601,4.08948653444714,6.72995745432866,5.3541685878633
1,7.76874174084611,6.84444779731698,5.8476138907178,6.24177893092154,9.03425610037315,5.76213187849642,4.77715417746471,7.19746494486431,5.92445366570901,5.87641432316592,5.08705357729607,5.90941392825551,6.77225621744221,6.4121532086065,4.85568914548382,6.58859885998524,5.81794360799383,6.28030079678795,5.21537684648814,5.44973907024058,5.91283767955421,5.20747480548059,6.02483422182596,9.11808536763272,5.74155754180378,7.23088384135889,6.20773294419773,7.22335768924346,6.02339079761908,3.98355444411038,7.78746994131846,4.51339277482839,10.097974334458,6.30883944935888,5.76016526053062,6.30885441770525,5.26440552794964,6.10895073950776,6.21323229821563,8.14460946909226,5.05983576168894,6.20199309681684,6.4820034001138,5.33412696211108,7.6386424782705,6.64226829205099,6.74008643399049,4.58693149441075,5.34653376863882,7.96625861725504,6.96021959682957,7.21263774194535,7.03867235719035,7.33103633758433,6.30222694043611,5.00016533156358,3.6563501106621,6.88283237535544,5.98535487988192,5.62392457110461,8.99095257766583,5.57863216430817,4.93853054037022,5.74723666546058,6.52650555636253,7.88893675252565,4.98774183161153,5.90101550656489,5.86563150255718,5.94460315537751,5.87766120057086,9.4474009982216,5.81059828907965,8.4760215594733,4.95706161691059,4.73974296122829,5.8749906802164,7.11785247273526,5.70170548879445,6.91996081596992,5.55202001137063,5.09824438051834,5.35516771011396,4.89372171282453,4.66407933656416,7.38046807959589,6.64630126813602,6.14789871333538,8.13568027150322,4.66322974125818,8.14862458858002,5.60211510005057,5.47634423254398,2.62983341438578,5.1091132245137,7.8960892387738,4.82695877601259,1.98872098178582,9.60456638152941,7.9032483338281,7.58857834835285,7.66073240099903,4.77306285573273,5.27976146941341,7.6241576406721,4.01381319123271
9,8.78262196545714,7.01982915253057,5.3004589700174,6.46128586376556,8.74632647966925,5.52461754119091,4.57075954110284,7.2770892254177,6.0662032765049,6.02590910979375,5.61024490249092,6.89863413488481,5.39299312782058,6.72755712052301,3.92475806436165,7.04093844261147,6.63125961717017,7.477658642501,3.95186086702165,6.08788919036916,7.72640910763866,6.53144827056516,5.93631495435281,9.29693704952012,6.25861508455174,8.50671170254983,6.27733049960723,8.42651795001638,5.945955693449,2.53842234155302,8.04618050815221,5.54755646722156,9.20198750794322,6.4351059449064,5.51874629770682,5.94584945710962,5.72788047887037,6.63306008772245,6.5801440075599,8.69138557623075,6.32787804676829,6.37319922838074,6.2136655382915,5.47566194367448,8.31897715415437,5.91841265091749,6.54856245316408,6.365193713753,5.0926532441443,7.20368842033388,6.58601500990198,7.21026048313113,6.90659014927877,8.35848476266905,6.45872541844452,4.70801263690464,5.24631175135383,7.22774509207183,7.03947563655716,5.95612639101801,8.84502863309698,6.2551607764906,5.04817165074327,5.14307497117674,6.60132300349962,7.93004667816012,6.6868245566201,6.17064390601509,5.42932333904935,5.9475917975276,5.54110535868878,10.4820920795594,6.27551594084341,8.43633543656811,3.082900489687,4.90920643701242,6.03333222128715,6.70345141995226,6.12283474440912,7.01877504898226,5.0150434174675,6.04883512263199,5.959286211993,4.39403903425625,4.52713950225414,6.08804197531191,7.37840804667278,5.23312012002426,8.03967094441918,4.69419702599334,8.62832429905262,6.08963048892878,5.6603107041522,2.72833929878137,4.4171158518578,8.25726289787197,4.71392898089208,3.90891556216083,9.20888279389536,7.39844020845288,7.47933430652018,7.55970697507597,4.97527789884771,5.73226893525375,7.04403802171468,5.59372150145968
7,7.95136428684445,7.35081301614094,5.3836807700598,6.27382858583098,8.68796753976477,5.37152865267736,4.61256397547681,6.83103011359592,5.82004351508612,5.72660733355821,5.18499143178555,4.53639721104403,5.52585218882089,6.25168334005281,5.19362858557376,6.75222499424384,5.87589458336164,6.99743458868461,4.58225161963643,5.68718643496938,6.02763076577524,5.77858222480439,5.44612365278924,8.74584885192219,5.84401649593022,8.54292917760949,6.30493473143635,7.3135841714241,5.7992716046582,1.74338784815296,7.84937209760401,5.48451424052533,8.85125119271759,6.94344050673984,7.05237410891463,5.84792485928409,4.84177031952138,6.99089032297421,6.52277383895939,8.13212890972616,6.33723672926475,5.76630089520495,6.24922927377767,5.61016214128069,8.73308403758097,6.42312618835147,6.53623899533615,7.56849139276401,5.09507704215471,7.23002653010875,6.69877856267532,6.59521683220987,6.73017873505205,6.75236924646475,6.30716028327527,5.32956251662492,4.52300195346911,7.22671083596074,6.74431263607116,5.69515702037052,8.15918022462605,5.91954838666412,4.49403845621018,5.37960563176927,5.73959062086891,7.64869118287311,6.43898076298382,6.17641095672245,5.44384671470006,5.50282448873138,6.34319877144227,9.20566210428564,6.24108428758458,7.88241371794924,3.88965582250518,4.96040100454227,6.22645311873444,6.56067832982491,5.08961703170564,6.486403152513,5.27739680054008,5.03717587595781,5.50092040343165,4.13009641007667,4.46589399176263,7.62436241712939,7.03252960825283,5.41517978724529,7.88517198651321,4.67920742390495,7.65340152900032,4.93908129990337,5.58056953164498,6.95864622767465,5.02440573994643,8.46744980446092,5.26531048790803,3.46126823494535,9.23485323886092,8.00624258821358,7.63493220834517,7.62299549127638,4.967148770929,5.25119395668093,7.19670397125963,5.60364116891113
6,8.11652610316925,7.67629905108057,5.65057747083457,5.88998134152515,8.78621556800137,6.06312018336981,5.19121464583227,7.98581973449439,5.82968270552693,6.40248455627317,5.07078762532488,4.90165685753813,5.9161037919098,6.0445720694122,4.38286264994185,7.20275364315257,5.83260302806158,6.61658678457757,3.87531974201591,5.19540053089205,6.89836657941913,5.20951355741823,6.40965876191048,9.32972119054756,5.42656015823534,7.8318478367317,6.78229525181434,8.05133103258208,6.06179354048914,2.98045687665715,8.60188841078226,5.57398320531628,9.14485464950037,7.22753412982599,5.71513115481793,6.01097725935517,5.81323887672062,7.21229405672821,6.37107006280493,8.85494540359858,5.53135626670758,6.64230434574935,6.35162925214225,5.25553738692412,7.63597293673586,6.47483233735983,8.00812861989785,4.6408037116314,5.42146705277915,8.07968422944038,6.41115723127725,5.88485996284916,7.10585243076252,5.72360029927941,6.03148726345434,4.43300061547077,4.22508705892622,7.70912209570212,6.04405783391332,6.07881495248479,8.99515147426809,5.09984986082201,5.45550533717648,5.21385612206455,5.57898499405724,7.55515591693399,6.34239959515186,6.15593969530615,5.36041962296966,5.58655841789612,5.31942232102827,9.10806871080204,6.87702691004965,9.40556726521749,4.39382208897482,4.91259651821137,6.15065875677323,6.16708756241745,5.84564330750013,7.02742869951324,5.84199465094625,4.26133000846034,5.14525522613929,4.22674608532309,4.55177946543131,6.75433969372545,6.51585470284741,5.08897425792367,8.39715204045219,4.0725980320505,8.20289944012154,3.25521302142912,5.33196523039215,3.87459733269078,5.24656451712385,8.44706118736189,4.69490030204017,1.7748363899563,9.21162205640869,7.90092624220933,8.06273673595935,7.48941711201898,4.93583079913114,5.44013951911024,6.75280438626523,4.17393789394624
6,7.39792501850296,7.76088363930903,5.64467323098543,6.09801510302098,9.04530669700464,5.71607953006364,4.64638911452014,6.71477970763873,6.21224595981144,5.54749186713955,5.87151173568109,3.39873605822797,7.31982774470435,6.34292611025633,5.42001375740316,6.56382354926294,5.55109128149355,6.96003379029425,4.61086230458188,5.37428218167106,5.35398457494288,6.72491985873185,6.06656140986077,8.52462182912827,6.15349380619049,7.82821778670523,6.4702819216153,6.8846389580004,6.06513385627532,2.55011675198175,8.47792842146919,5.2278186389128,9.01015467304672,6.63798902272275,5.84379981850632,6.22573602485445,5.61345321893698,6.51738206678384,6.82463583393621,8.15511730345317,5.76732566985574,6.78276165894612,5.86476923421194,6.07976278929849,7.95293870829823,5.50753297037661,6.76031426700681,4.02157206041482,5.86048775206612,8.16478937852587,6.6267410178616,6.42911123754675,6.6385052943991,6.54711316628177,6.76607466309798,5.32093037986463,5.84519581463121,7.26844767192678,6.23891220709103,5.68280349285664,8.14640964140234,5.82489799593195,5.1447571483858,5.26539179739593,5.25332981805333,7.03497748569462,6.31946202051438,7.38890168608894,5.64524140272017,5.64334807941426,5.40885713436515,9.28378206439078,5.25844516498035,8.84021077389898,2.2342076231912,5.29073502721543,6.50301007797212,7.25969888729111,6.4132310579534,7.00159744158519,4.45128818533136,6.19974665970954,5.82496580621507,5.56544887250559,5.5188223939747,7.61823962306139,7.32930701012453,5.57571225931998,8.8615324501904,4.85847859102183,8.54878910413592,7.1001027608704,5.35548744329481,5.50109845566561,4.71165898371928,8.06900379592931,5.63244029211516,5.53320929872158,9.4420198302554,8.17221624994141,7.28980954364262,7.6669858224987,5.03709521156202,5.29563602755833,6.633377572893,5.39386796201283
4,7.39520051899251,6.79819720172738,5.44803716372881,6.6969692532442,8.83431505999338,5.19104047319019,5.29443884122191,6.83819448914234,5.61391262251823,5.86970416768625,5.20557151153047,6.23251823312984,5.99008616990042,6.34088562314789,4.93576766001289,6.85335304881663,5.25598338040887,7.63427412035823,3.63816936904661,5.75609807648193,5.46425238594062,6.53712488990754,5.75552545354727,9.51470228934786,6.27999292383802,8.14979924148057,6.63931424157829,7.11008815000026,5.71388719844893,5.35148872526104,7.69854477796802,5.34485019873463,9.5217564000676,6.99536701839247,5.9662839323172,5.31821502445563,5.50713837745758,7.46310587884049,6.66397220456156,8.08136243985457,6.05607144509097,6.50371795865928,6.17920370581979,5.51780791324337,8.58075052218442,6.34343855331732,6.48369983933075,5.15868877596213,5.42360373270628,7.27112350392803,6.64855949996219,7.33301980365584,7.37009561843797,6.5140159253509,6.93589003560318,5.07361118847438,4.9599106419715,7.37300845825797,6.65890863115865,6.04045719588139,8.57960037200054,6.10882491927478,5.37115920674237,5.74629200047098,4.80666484700334,7.67931547610894,6.67079527142967,6.07603346153372,5.37632079489288,5.56391640674365,5.36336829946996,9.77649641324404,5.15805603291707,8.5988650803584,4.22240631304657,4.99907814586201,6.32986342272141,7.16295806740875,6.05583785520691,6.50066684375444,5.93942479457161,5.87734302784312,5.56704285436269,4.40870677981521,4.74040667559355,6.25027412331383,7.30383505893415,5.50522179956049,8.50885653552644,4.70169347416787,8.12216761080193,3.25519378093247,5.49225035304973,3.12717871592893,5.35176887058523,8.15440233582859,5.03146517593083,3.75068638466521,9.14790276443683,7.59902853806542,7.63043912478108,7.5442458469974,4.79814568299848,4.38834138490921,7.04633611294972,4.17680893430878
6,8.5671037713675,7.07348128753504,6.07044234109625,6.29648094423203,8.7160654412806,4.94325130543478,5.43281888597436,7.16978234645507,5.78161745525131,5.48814009204428,5.70373020509943,3.62354529390625,6.23270128101942,6.30299720955129,4.71634334520205,7.08196242448375,5.75761213072717,6.99851485994474,5.04822177115293,5.95521150654801,7.02172064955735,6.11715820506071,6.22349880788409,8.58954486007528,6.24135297183158,7.68801239692384,6.59372712443238,8.28129064138536,5.28669665411943,5.59035044812506,8.2431503075901,4.69882948283138,9.42479127415509,6.40100322643414,6.05077771637816,6.68767255223914,4.7326121138416,6.80846026594053,6.76151517301215,9.12614134757672,6.64497165109214,6.47598266897054,6.20389744421372,5.65886962035174,7.98370616650321,5.72756227563957,6.89886736797044,5.04672559340643,5.27308502839502,7.32114643921062,7.05544211340956,6.93609079233276,7.25292019859166,6.19225944271474,6.03720898591327,4.41613972188828,5.25609592129682,7.48226559443431,6.27581153339022,6.1945300046726,8.47220954889064,5.48976529554175,4.3169470230892,5.74773943572161,5.62238390164051,7.4890263395018,5.77502066792046,6.81744716340097,5.95413766607646,5.59367114559473,5.69290231717307,9.32025733417882,7.48063283514196,8.45754104788027,3.31131201984427,4.45633964425899,6.1657820277247,6.74832497461177,6.63882691613201,6.95239523737607,5.52802376576943,5.86882361157375,5.49409693203587,4.81764760105668,5.15573636381607,7.17840369672499,7.0014540580836,5.35083527193379,8.28786296852418,4.45649349046457,8.49039753436377,2.15817448899885,5.35575971632834,3.60032020156324,5.44311447177758,8.52019923641499,5.15811055886148,4.93380937325585,9.37953064153642,7.51670431046514,6.91044334292751,7.63249382935352,4.81031615988345,5.00397590018002,7.41819876821593,4.53206351041649
4,7.96382524817857,6.9180248911091,5.70911771973524,6.08213840740088,8.91367615673805,6.18906945823017,4.85084720903533,6.63455970054256,5.95260086755754,6.25137074100564,5.49220823788088,5.03547508401582,7.00474096471335,6.08011846115657,4.59950323988394,7.3566214215531,5.46810507082115,7.20571075183323,3.72650558755082,5.27557238431248,6.16996927399652,5.65807108174601,6.10865738691787,9.10402749390609,5.83650484774996,7.77161989480636,7.39909441549193,7.78161282000853,6.26235863291661,4.55495095971584,7.40738820973007,5.21711667222476,9.71604977427164,6.88965569067808,7.52090452076291,6.07534391639276,5.81291664345756,7.23066169667769,6.63934974250185,8.69435073871357,4.95047746323537,6.37663547941718,6.22800111605288,5.55261807841723,8.33044226592844,6.0426637894513,6.79017814787986,4.47661184794365,4.86805328586298,7.62106751355595,7.11904643667416,5.92887993475698,6.97849264287876,6.35540122250012,6.71803019532911,4.81349125271724,4.68712139377064,6.95981847041789,6.25662445851013,5.9477754626281,8.43749794002934,5.66252597164182,4.78583549373427,4.54095870761647,5.65229330184811,8.09691443103685,7.66763156742792,6.51622117289531,5.34905236725108,5.80683480072557,5.47568821059744,9.52179261683869,6.67627906181706,8.51784380747254,4.12546204002536,4.960138140827,6.27408782404151,6.84578565789661,6.83939853916861,6.36440519540589,5.47672727021686,5.66601073844727,5.77614181403304,4.90698759522659,5.06200245040662,8.18844367110422,7.29605132517621,5.57121814737407,7.95661909953577,4.63653317203558,8.24581590156465,5.94788799456478,4.28875566131067,2.7297188484994,5.28386323743545,8.34869000116517,5.09529064743966,3.91125005635004,9.3522402550327,7.93931599670112,7.85518587149147,7.48545427205569,5.44914721158116,5.1053522208338,7.10475442134893,5.77240997765494
5,7.80419654356245,7.4341872846427,4.93114983684537,6.32084990382785,9.04138836007281,5.64140573848217,4.47198008775123,7.73327055676898,5.72333328141564,5.54533365261028,5.11935686014616,6.5432479389387,6.23977140894424,6.08201580292052,4.67176958288738,6.96834801746178,5.50094915339367,6.7252587249012,3.78173807902831,5.40533127745186,5.87272854910862,5.04824436251907,6.02669441944157,9.31594368545703,5.49681269866925,8.41353313917241,7.04718876263981,7.35902800761985,6.41286392840351,5.15832094654472,8.2383196214354,5.01951400885757,9.20805617722511,6.80669186958216,5.21308020877069,5.66692679491054,5.38772169721426,8.08684366741518,6.29786847546684,8.51522019733611,6.61951296234149,6.68237662755932,5.96602292617317,5.8527822482321,8.46787082430969,6.8493274375388,6.51398555442991,5.92529247223124,5.52225174806986,7.55738459723997,6.56198874236613,6.33909353896752,7.44060301445942,6.15815564103159,6.20713863898775,5.19066256675005,4.45259164283026,7.44475444024635,6.35843842710302,5.82257094998578,8.17178274531905,5.23638426040828,4.86546605925238,5.86911828740689,5.75605705574058,7.93987345673408,7.2594425113756,6.51229031445799,5.26636334082965,5.55171638236487,6.20050100126775,9.58382593136483,6.08998719647167,9.32358866188737,2.50611868247345,4.82529698798979,6.17966710625079,6.44709755189262,5.66895705599026,7.24664549366443,6.05980574220368,6.98915778080073,5.26454386465834,5.71085789172883,4.69013992252972,7.1024675827,7.75443531403046,5.23976134855346,8.3952461479131,4.58383802988282,8.37580685054995,5.20871123975363,6.03894274166549,6.29739584551033,5.04632398646016,8.68639761575568,4.76640980772788,2.73586374786939,9.45819945456124,7.61767829041799,7.17513526638526,7.39612469831526,4.43816534586238,5.52066737167712,7.13750083938407,4.85681860284028
6,8.86662196537161,7.22363817889071,6.42937936629535,6.28328003418405,9.428897168431,5.79414509981046,5.40962641883759,7.27839051254883,5.5463096389442,5.78252211582428,5.34545333751254,3.57069252764484,7.87326900781023,6.05705339762872,4.82875085918273,6.64647397305636,5.45594685492041,7.17832241229923,3.53680105892917,5.23340948301093,7.85873275787652,6.20256194460004,6.16479342406682,8.32490310370512,6.12829320823654,7.73433959350509,6.5466854857755,9.11873085776942,5.99911787704953,2.90387521792953,8.32399031046505,6.26541900977801,9.67230171099728,7.40466392305616,6.86360487459798,6.13345222932317,5.10240778072131,7.15269498136906,6.45702962880607,9.07344319757023,5.91735398968051,6.98466305876951,6.39497949751913,5.99622248744303,7.65963764716088,5.65787393653305,7.39271006547615,6.44686988760863,5.7880670699842,8.11118879266711,6.93108132638469,6.36951219125033,6.67931348925746,6.87825700854718,6.92485510665187,5.24878682558717,5.24789132952514,7.42853955671062,6.06063121117334,6.13908272092535,8.30349335079796,5.28059599215314,4.86997100682519,4.67708662870466,6.37045663256183,8.17995160641818,5.04429195950042,6.22547709885307,5.98563596468364,5.83398522736335,5.74634091413794,9.32363835095149,6.56551287030565,9.1195683906724,2.59926995883803,5.06398853719653,5.93905767145693,6.95698595292651,6.3881859170354,6.83244028226417,4.86565249737903,6.73624693840969,5.45898978213288,4.04922055206212,4.47201244387046,7.64336191831386,7.5524891314956,5.077200590989,8.53905665310604,4.73608468684975,8.04389702233379,4.56648523858124,4.97145366971933,1.32258198464405,5.5614385086971,7.95634816721456,5.32504880533783,4.28438915766442,9.24865324038964,8.1446063908068,7.48129138801438,7.79125987466497,5.12332862574109,4.68341174319759,6.79943959941184,5.60437037800212
1,8.06816397783254,7.54494377446652,5.64516935598953,6.33309311126946,8.98983453279886,5.84151194426476,4.33501125541239,7.32783283635242,5.68109884485985,5.8204773006869,5.79166684735972,5.0446768563268,9.98817991948439,5.93071028139892,5.07299565836398,6.32697402307433,6.82371909693533,6.28914603628946,6.29189685460936,5.14296657378176,6.80632661868852,6.01695396864883,5.75626196818625,8.6101617261,5.93585221097445,7.86542008521358,6.40888566616346,7.6704322893465,5.82399785974749,1.40322417381118,8.50013871849945,5.92550109317776,9.56313748670551,6.57048937253549,6.15418168280959,5.62515059151751,5.95035282557866,7.85542176921011,6.51513094070743,9.09926612639753,4.67650774545253,6.97889229529573,6.07946013226123,5.93917099432856,8.24244085957371,6.17152146414048,7.31325539854822,4.99655239541524,5.46663936319277,8.66021107312932,6.45967549095216,6.52655381367582,6.76473050260102,6.35089891933283,7.11175577276113,4.95332916595823,5.00157694291729,8.10234307757282,6.35981849079277,5.0581308621986,8.28774821440438,4.81239523864233,4.30255464559415,4.81927253264543,4.47756578066302,8.1315644208402,6.90675469362938,6.82277522888248,5.50572137323336,5.62669600365408,5.91308557753861,9.23308438096162,5.2232080614337,9.02005211043123,3.41334171064,5.35102568887986,6.01832669028484,6.31662833469155,5.9318171857526,5.97625981543086,5.45115813320205,6.03012100857969,5.07651128818703,4.79692995387933,4.82546104637362,7.11690683868448,7.5281066564156,6.03537576470544,8.42278689161118,4.79613151852601,7.95106592559066,4.87338656914217,5.51171077565589,4.47571179200064,5.50679517043144,7.84654286361774,5.04650027690297,3.65952783311123,9.59598024714541,8.24514348569487,7.58613585858479,7.87191472051529,4.73329775164585,6.24328122441153,6.78986198750606,5.43877934823957
5,8.52140738948324,6.93563703058573,5.24210242215579,5.90770049950607,8.78290798998504,5.20752401417951,5.29683040951418,6.83808350053746,5.57219559666589,6.48178875740407,5.27778761033184,6.46763790678205,6.33832177837988,6.15374531987697,4.78813248102413,7.47398219498002,4.96982381489809,7.00648118715272,4.13549858198898,5.21956721674259,7.47325884008527,6.63437686267006,5.7131955242036,9.01679307948688,5.32980212278361,8.08516456598067,6.90856207170326,8.61711634325301,6.25913437594083,3.52059942462581,7.83953922288695,5.32053240891118,8.84405513664164,7.14756186923215,6.01979756362304,6.24584389514582,5.60789140323478,6.8130978798809,6.66759688037182,8.83892856125383,5.37353893105911,6.75330977356013,6.13538158949263,5.22184750941179,8.6598773875895,6.06888430730783,7.41247816428565,6.35060243966432,5.16719591264448,7.71277557603593,6.91026489019393,5.74804319938385,7.0119266081143,6.18852758514566,5.95752228150442,4.85387720056035,4.85928183093682,6.80411274858165,6.25218176087454,5.65210199408499,8.35272725865552,5.43503036620908,4.84415999269935,5.48004215968207,5.22858365815084,7.47695291784394,6.13991116549701,6.26324915739556,5.14728840780507,5.95605063026753,6.09772319739755,9.66913756636843,5.94078452481033,8.87085685637749,4.88204128233229,4.54972093600884,6.16186167753157,6.61012180761612,6.55778800567224,6.61022171884673,4.94908849190067,5.96836561115536,5.150880296155,4.06478713894966,4.5742000560148,6.88446638765391,7.53452565760028,5.74698089268954,8.54127799354727,4.42532851452876,8.08009216934251,7.09451098828693,4.11067955954619,5.54175904271687,5.22685171056923,8.14051134798941,5.28021579981093,2.4026418975482,9.56204329136188,7.9413818572267,7.70386177125591,7.69470405939084,5.01287222277512,5.253948310701,6.93004057135769,4.73391094997214
1,8.40654902022041,7.7206745419125,5.47153706818933,6.29001947247015,8.89897114312074,6.31333287210277,4.69848225016892,6.43725949845398,5.88148875344152,5.63526817762124,5.08627076352398,5.08241724263269,7.25713526932765,6.15588373343263,4.09579266864719,6.56407468632959,6.13238374856045,6.93291027857414,4.03581312851267,5.57341629746732,6.97123157646672,5.67434141198379,5.99153966326386,9.64163111565848,5.66245094551193,7.83142314624664,6.46270886192828,8.24810038638108,5.75109132359126,3.27845000929017,8.58522554470519,5.76960506633641,9.22207871288194,6.54062593300929,5.76857644894896,6.16696123207829,5.28183619782441,6.30080598701097,7.1115692804036,8.79765074247022,5.0419569541475,6.74932595501574,6.14671603517892,5.57732461772531,7.91159380503956,6.61580643170603,6.37142207308668,6.86506670065392,5.48531131504551,7.9327582252047,6.54786856590378,6.70373184941528,6.55272854310094,6.65157994521884,6.18098683864435,4.98613800141767,4.65344916915754,6.79575902410186,6.52897502904464,5.69721848102468,8.5568739614154,5.51884890402819,5.88228593469398,5.30103235693215,5.99689231407161,7.52641172666263,6.66045551237177,6.62241796473477,5.64222162113675,5.74879559483599,5.74582314949463,9.53133068926069,6.30223789145746,8.88968361105114,3.83209068029122,5.13283748802159,6.34969521828899,6.94982356625415,6.21301300788333,6.77176397786659,4.6878813893314,5.77114642729261,5.20229745770904,5.06670433683286,5.14511482281659,6.1465029836868,7.52232647843225,5.73059115181697,8.35053743415597,4.66132240658066,8.16782664738769,7.12416803734655,4.60173571419704,6.41213503835102,4.55122324982181,7.80588425627245,4.65078469509173,2.00361483287327,9.58997966144879,8.14631597396729,7.61185745678052,7.53315526267367,5.24420646115852,5.86904491341258,7.27954086364765,4.92169308064631
7,7.69686331649793,6.82609071552788,5.98730663878216,6.03369520284769,8.84060192510934,5.27010169810302,5.49302440901629,8.19681239703854,6.16817844668935,5.09775754478565,5.23146296155836,6.31952134849285,7.20328622715971,6.46249089778163,4.43757628022338,6.93934106516827,5.38970163911906,7.40640191119303,4.37502591302188,5.91192378857769,6.39287562882298,6.1366838558141,6.0355839597067,9.20728145253243,5.83577840401823,8.25860398726808,6.34977762726387,7.46439968402441,6.21963968345185,3.28472759391714,7.56044184671999,5.93351332451577,9.57716988333311,6.60301569280752,6.36470573794275,6.14693861507298,5.32089991441132,7.30406674245104,6.62007391890531,8.31774473756675,6.29771881575995,6.10906250932523,6.07820572116386,5.92285067481623,8.30595466261438,6.20499911774666,7.92388740569452,4.68119682615451,5.01955949735403,7.54174783703775,6.7448370741986,6.01514462119242,6.89700378786678,5.49330842555432,6.37263302341691,5.01502098775642,4.5487110522934,6.75901964070557,6.47842104359886,6.09784326646024,8.38971811895791,5.80548645320869,5.35111166622002,5.55039172179588,5.06675105458701,7.80401163059122,5.9934766000617,6.56484130165038,5.91578252139466,5.35166230351478,6.05574744609953,9.86377951013717,6.32268286898579,8.53673414365054,2.94469900909068,5.07787335025882,6.21112057297732,6.56160381639984,6.33627887919892,6.77402563546514,4.47189802588584,5.1619307473145,5.28612768557315,4.64146713167797,4.79864766371442,6.27977391621992,7.33460227818118,5.13348706940988,8.31242559294435,4.9084924872636,8.1265865080112,6.19561913460253,6.01102277455537,4.05036951335918,4.47764723714388,8.81096714541419,5.04319515922938,3.27595132267788,9.24101789361258,7.78959258300017,7.85651215879066,7.53218242469157,4.90278823155353,4.88354826095251,7.6117596538223,4.55361428938501
0,7.86234588469385,7.50248448488319,5.96288673885819,6.09732431092979,8.90240841697436,4.94981867023752,4.52690565621502,6.71952814378326,5.34271807803167,6.64059513346958,5.17809841957939,5.73630720935172,5.77066242889373,6.52206289990488,4.7499461370632,6.20197177330931,6.31349671605095,7.35291672271949,5.06642351719495,5.71963575370176,6.29021495657582,5.496792788076,5.95818476122246,9.13549825552795,5.76505890655614,7.5591434578162,6.77032359155943,7.50954838209331,5.63441278810593,5.74523771623137,7.51898957985388,5.66668851163882,9.28146600594476,7.41376990794955,5.43169310652936,6.61342559276618,4.90702012548923,7.19371866378786,6.60166018219565,8.3372949391139,4.92664150199683,6.52151844543417,6.26357477457072,6.09845820758023,8.08018834796811,6.24645866281458,8.02452016607451,4.52090066368664,4.77582684867813,6.9986280008602,6.98639862255402,6.21219809095523,7.18911724183654,7.01492212945736,6.33413835718726,5.41541628635721,4.34386288366592,8.10851236297378,6.10265211705767,5.5870090597933,8.93543158706786,5.36733629470129,5.22743474906872,5.23682656477377,5.13444519512733,8.11309464082034,6.57306862973101,6.20039754644703,5.67003146617601,6.01176679032295,5.61479071763446,8.8755977666388,6.3616233890956,8.47340808469251,3.47551658913313,5.06237600017371,5.86087439721055,6.58947823405616,5.39843985261886,6.12111994989218,5.94850928721769,6.18890799206629,5.01386135574728,5.68884392129376,4.61189864010935,8.06849719440331,7.44984214720107,6.18921325502636,7.76404049338841,4.91369275382344,8.28052103591679,7.82782747258612,4.44055566389803,5.78201107286744,4.91816250525741,7.83420665524587,4.76194405614742,2.85609897889358,9.7196989899856,7.94080752822733,6.68576569108567,8.0584077754166,5.1102079812432,5.36359704776227,7.25235199389481,3.81987092625846
4,8.23895024186154,7.85452945142834,5.84754864511939,6.49305807180233,9.04160138545495,6.11838013350704,4.87503339435419,7.22409299874774,5.85878302699506,5.64034079205746,5.44703534781124,5.73189044972896,7.18748771485034,5.96451696211524,4.77641028237117,7.42952877267422,5.46965866303265,6.35593664838413,4.97653730683248,5.73055067838645,6.97884075431324,5.8928523127537,5.6225022814406,9.25544935879185,6.20634400215077,7.89958739667988,7.70801558514632,8.12649678029148,5.93564392766216,4.62467416510839,8.88167772924626,6.11909161424591,9.26310354882962,6.69068224293787,6.32899525395664,5.5461813535635,5.2730571144219,7.69899025920515,6.25339561369423,8.95318124460574,5.47742671956059,7.17159690274711,6.51037506951238,5.39825107026156,7.957031900168,5.69663920014363,7.2234630266683,6.8382791367233,5.33651224043774,8.49389978086085,6.68233251507403,7.26597185939537,7.10329960258316,6.57311264588758,5.87538054962845,4.53412219198531,5.53410966891635,6.68898879960073,6.43697567019815,5.84451489248478,8.65718226587649,5.50746192109023,4.07752393525522,5.77189349454182,5.55242350104939,8.0714740943874,6.55174884044234,5.76676518840484,5.45731052293708,5.72872411523257,6.0469238409936,9.85886242102282,6.24600137211697,9.34294401184772,4.29993930070327,5.15503555219458,5.9984981459291,6.39597381926967,5.99919362472569,6.59134262760934,5.43260000439687,6.01450034431122,5.64593010230796,4.96646744789662,3.69104765903811,8.67301350135167,7.51694343555492,5.56841341862745,8.43728543465514,4.51411193229436,8.04833652664944,6.50979538134916,5.1523329590773,3.4545727736167,5.18737300116274,7.66674019117097,4.81369794493934,4.19071752202223,9.53741908724473,8.34979528584265,6.83048515632507,7.48523853028791,5.13367854283116,4.58828593288046,7.03227631343396,4.2215848640573
2,8.62568347087333,7.4843740485495,5.48888058632608,6.68478357901384,8.84706601972132,5.77517313566506,4.70446704634854,7.30486951900067,5.69158532851464,6.91581554319186,4.92248028813937,5.35904079472134,7.30136981749762,6.45612211348793,4.40185840007429,6.36417625406868,5.54134949490351,6.90311023464404,4.73441486113068,5.39180585854096,7.24730463852749,6.22192373380372,5.6772415096387,9.5336141061114,5.76654510292494,8.0998696067657,5.60758472834015,8.41452197687232,5.91778013610053,5.92427338689891,7.71398202913211,5.24655576901923,9.77153040441704,7.49704123781108,5.79987784198605,6.0332249025337,5.3439597360167,6.14996604470972,6.52701825817751,8.88766471617153,5.70024806600754,6.76646125366837,6.04572563416188,5.80597653171264,8.51286448289464,6.77714973721239,6.93199148030274,5.97306139023282,5.7334646419942,7.82047164316413,6.69549754262067,7.15081219414999,7.46948802304501,7.66510641069444,6.83561252665086,5.43741036240463,4.06225381694538,7.67667920000687,6.1774745321104,5.85432251219707,8.47215234570089,5.60825909098374,5.08447970531755,5.60648353928755,5.54083411806063,7.9711867917154,5.92730301563885,6.41720277606799,5.39085167569285,5.60369824153065,5.88113292251553,9.50118079392859,5.57344955280087,8.72282683309083,3.67084319363879,5.12249102748264,6.32629069306848,6.0869234603184,6.28401318763006,7.08240432588012,4.94681929216279,6.95512617455072,5.42088576498362,5.58639993342817,4.96107604836067,7.8666659655408,7.61411394868627,5.33807863065374,8.37870152569798,5.19048137133141,7.65190688823442,6.20320271537251,5.6356300974949,1.07309456662304,4.770339167923,8.94428852398928,4.81047172859235,2.63076826549291,9.29448549558598,8.07506889187177,7.67793095091888,7.38515892736373,4.78205636933454,4.26914944171416,6.88574304856985,4.37753709224533
5,7.5504054544426,7.04724936660044,5.57683279893759,5.95818193933382,9.1764161748607,6.01224261716368,4.89594411152898,7.81446728231392,6.29246209391698,5.46882155418194,5.28321703406702,4.40837756934294,6.47388595552652,6.21894275609846,4.58612847988657,6.71699569056587,5.04344067889031,6.92098091872972,4.10341098547174,5.79175493998783,5.91609054410007,6.05404300702149,5.65537277655738,8.75768697817935,5.93526991504929,8.29033662885419,6.56105374161298,7.40728162426707,6.26326880474144,3.34078875394265,8.87723497618643,5.83744237973657,8.66146988067556,6.39896612364338,5.97745769017208,5.09198389005419,4.99614064224438,7.24487199125144,7.02068045747685,8.55717259758738,6.46600772098154,6.39207506174387,6.30155544421024,5.69980851039817,8.61973820435136,6.15209449438643,7.15021866334907,4.28183694877613,5.53893725973693,7.83673775687204,7.03488930489836,6.24474194609151,7.00695985204143,5.5393483596108,6.2512226541575,5.31746366871428,5.02087985978096,7.38889577824398,6.39095505837837,5.99959157401221,8.49150641680447,5.23005220961629,5.1676623825906,5.34080750012071,4.9848221035829,8.09546540498756,7.31490574683183,6.20803874588637,5.70677344090818,5.85285913316881,5.70873255310433,9.80085636895065,5.60760133764923,8.69903630690067,3.39615248742625,5.30635766363007,6.09377407369632,6.33643067365895,5.47387428079783,6.59981569935693,5.50997793915326,6.70495677275668,5.54296020893677,5.20798733557564,4.85832810828519,8.15597794038929,7.65923836454122,5.49602344676899,8.13182968633531,4.92185834977259,7.9504796175906,4.62369642985006,4.84561399970807,2.37293880732777,5.32292820446858,7.92191101493678,5.02256701512227,3.33629319654152,9.45750279703456,7.78792078153736,8.5637627114748,7.44138094506985,4.88790604265084,6.06150973805266,7.2053674896922,4.96459532429794
5,7.92516610560044,7.87674045033007,5.53980065770181,6.1670336204395,9.11505170118149,5.46036831290046,4.72363908048866,7.23948996521861,6.15604938237864,5.57001163880207,5.71596984825416,3.4732719206546,4.71848953123815,5.93058531625486,4.98176531547058,6.24771162987023,5.95926669086258,6.5517490138464,5.07388462728523,6.20581085100258,6.53094968357377,5.42874517902118,6.32624855124377,8.58400669310896,6.43460564334719,8.18479732059585,7.02542073327645,7.87698305939436,4.86432331279694,2.81533254564122,8.01453443357286,5.56674643305293,9.3636353429639,6.56744626419672,6.04672640660798,6.4725426246564,5.3248056231703,6.85130958962045,6.39040286537652,8.78808653053975,6.5576124956297,5.93751975150223,6.64902045744784,5.92786366696235,8.78821251043437,5.30345293215176,7.01231392208162,2.32588605415992,5.27805517056668,7.55230879259371,6.42699809417878,6.46387837015196,7.05704982324103,5.40867436396978,5.8070387370312,5.1210388420531,5.4229781602476,7.44364716650424,6.42290957709103,5.57379087778187,8.5922767742773,5.00193394224145,4.31966147390862,5.44941233831477,4.94999391052961,7.67399312424005,5.98786831147738,5.38090453396842,5.4266319567935,5.49452660885247,6.07649550766168,8.74382214186035,6.22780421845089,8.059748086545,3.20499141788119,4.80235865951485,6.25098462085652,5.80536332550674,6.44971286380372,7.41240094594496,4.4765961205389,6.01226145146283,5.91840579104113,5.226645239574,4.09538145917637,6.98680169075305,7.13323274664939,5.42066555044811,8.17202945205362,5.00442652311019,7.86142309453396,6.94372768644606,5.03665612348331,4.76446934362244,5.03057895167224,8.24902429050215,5.6416802088733,5.92108657356171,9.28461333598232,7.91350090187818,8.17821995583085,7.90470912916635,4.89853917083122,4.8781205097184,7.46405898266173,4.38697049305353
0,7.82124232986689,7.43735545270924,5.35620293016421,5.91258650235941,9.17697008659724,5.13228459524183,5.51187045468851,6.65402023819203,5.87762826263201,6.8038074425593,4.96565094594662,5.35293364303234,6.98325804640488,6.08049721974834,4.06889583023203,7.30850828894358,5.0940261606068,6.48717980059512,4.38716424927723,4.8175637910813,5.93954828293932,6.73870959275628,5.91859080751754,9.04978123908828,5.35660442065332,7.88734757750684,6.79265926751498,7.77708808388793,5.68589118916182,2.27656464198241,7.09625185214198,5.75488205529131,8.86961279138312,7.09948796833488,6.21135689190959,5.83019899147264,5.65520950924456,7.00151568708005,6.73994786563829,8.57327121971196,4.1604811317429,6.31472337305776,5.97593253500875,5.80712815432365,8.10436762494336,6.34060907619417,6.86928105013497,5.29661774059224,4.66983960363539,7.14386548127212,6.84458458842617,5.00128972162531,6.72740952601563,6.29243018792884,7.4649392679846,4.39988997858748,4.05353171174807,8.07998290594652,6.45373243013088,5.50360981496168,8.27935417607042,5.63738810573664,5.1842823986738,4.95851956933998,5.28223649839826,8.47061925437684,7.23086362886397,7.05745529825809,5.10393027268936,6.20723107411188,6.65952851326904,9.69469859156949,6.54515100324077,8.6676408437516,3.36661462059306,5.60511064900738,6.1428090845616,6.25803487906189,6.24579237879508,6.43959904611835,5.61092967892382,5.50997816782797,5.40787940571122,4.81069437874247,5.23652361310571,7.54072579636716,7.32777580668787,5.96614387849406,7.82325481641969,4.40412188416708,7.92697039551707,3.88617140926324,5.79570112640644,4.98147197770193,5.17261801305677,8.03091181410447,5.00671918184606,2.32032725741622,9.55096941662764,7.87615084596692,7.68236620484312,7.58131360903318,4.85596818040258,4.67733018348543,7.20023310062332,5.77002743653285
7,8.0724296472598,7.60875972074038,5.36735930040821,5.65314761823618,8.55451839040608,6.28021391128114,4.89002788622631,5.82709955383353,5.5393006243194,5.84703333108887,5.61100373787747,6.75570548239717,6.12803227803228,6.50999229344827,4.68487596400496,6.68809617129898,4.97014620152292,7.11406618726412,3.78817545041712,5.70091321299207,6.78195266578875,6.46539001888916,5.67335787020526,8.87695491372661,6.14607869835872,8.04434702149177,6.99757235261287,7.6601620824063,6.05051039780945,3.14916960448088,8.68634491655296,4.83988624845903,9.37395025133008,7.31580337016813,6.8407223170799,6.65326395688082,5.61144384118205,8.34427476220906,6.3328845226731,8.79476403874383,5.34763436856365,6.97745154688746,6.55955674872277,6.08509403712084,8.50320073178911,5.71778258238385,6.3561199736649,4.69134678221609,6.02438156103594,8.84021218087475,6.60750538079835,5.05767618291235,6.62877383303906,6.06891290152396,5.84139496618318,4.97683707819605,4.83889836692141,6.56248321287112,6.87788840507747,5.72376162223281,8.61865830920461,5.06063162307365,4.48456313856839,5.3204443116125,5.03282049291316,7.67914371235393,4.97941305673493,5.56441687829977,5.19013374598765,5.9022988070288,5.4289022450121,8.54879844833161,5.83506527516568,9.27551164097528,2.89245442481411,5.29123949008245,6.11021602625465,6.13660952966895,5.84642275631463,6.8481655198185,4.22381918919433,7.48537247226142,5.55341263934966,5.23064304716259,3.82180754424211,7.97480444560893,7.79049810636816,5.45746355785287,9.15143327139547,4.75560784866864,7.71264958926081,4.71226785266862,3.89737578162328,0.743740135085686,4.93418872697658,8.61315990017213,5.22782400640384,3.86271724613123,9.164541580278,8.79815978304726,7.51349628142897,7.84320519311869,5.85686313088662,4.48168497722867,7.50770740414708,4.90427684632288
7,8.29377221687561,7.29403826732066,5.71740795331327,6.2553220486399,9.14184766898663,5.62976451031181,4.89034064184906,7.46652231830863,6.04926996891266,6.64801149183864,5.37484651291342,5.19283613377786,5.99399783179074,6.53610689182949,5.08788065748038,7.41484897609526,5.19964935730722,7.17091607255296,4.60396491162017,5.48181419171946,7.04939271351609,6.51514641552563,6.0544933619212,8.77597839985515,6.13451919284181,8.21507527115923,7.14821870399678,8.42737645791014,6.01450350102692,4.70566124477086,7.99282718354367,5.81332387553492,9.09499605722494,7.00700979025344,6.3851351977879,5.76350825938052,6.05039438556606,7.73904750255289,6.28887052179563,8.944368486808,6.30162263222762,6.8347752806958,6.34968954752927,5.38138277980311,8.16994625557998,6.13218011722936,6.84521118946879,4.54259849857014,5.98680657437311,8.13594712395718,6.43140641401001,6.51635835076701,6.96241179461762,5.7974115335643,6.72041030505188,4.72379191133817,4.79812428802827,7.33938798195279,6.2052286466234,6.18494077248025,8.93458372582639,5.02749510044492,4.20177757435811,5.42785942354422,5.76348687187261,8.00197357619734,6.21670576101809,5.70844843045406,5.82831399429892,5.8495276175431,6.05287061978896,8.65747549144886,5.52068719592944,9.27266958541192,3.95452055373154,4.92848800704398,6.31403619778081,6.26793576559482,6.34283650072793,6.79566885723421,5.13831926939547,4.57337455321919,5.55807737479593,4.9200810084969,3.76565954493886,7.9100035284902,7.01358837337808,5.11014026426597,8.87715045320423,4.45192392764941,8.2065246792813,4.19321372502924,4.65395777894542,4.66363449819812,4.37879874066613,8.31866659243841,5.32866595552504,4.22463765974621,8.96699868264472,8.09657244309754,7.97364176650205,7.54639566298378,4.99338103448747,5.27964467129855,7.37964072375289,4.22636321435491
6,7.5447951646574,7.54201542467192,6.26335453801146,6.14858140802342,9.35569165317092,5.67215421711623,4.34612709528739,6.53895314470645,6.20768915749826,6.02131163421645,5.85585704283649,4.29999845373204,6.17263636976311,6.60998286888881,5.4942226458066,6.93615231874153,6.54261298276442,6.89102346634305,4.39926079314177,5.39076897271441,5.6269210401932,6.9074723313888,6.19877813852638,8.22653884168275,6.21168677286806,7.54185877445751,6.10313245145842,7.57362749489822,6.49305622644685,4.43520825769113,7.5721794813309,5.53003350991512,9.11735069339399,6.82859202677373,7.06767428523357,6.30567438961797,5.11725493302154,7.94077008853834,6.57034097662593,8.24858310849141,5.16593102144302,6.39631118555202,6.44844789565376,5.38460748801869,7.78397465426044,6.20235016159922,8.1016453295343,2.96430894883344,5.2207684254637,7.2283577367971,6.29073872248512,6.41239142694251,6.94502282596061,6.87922154755168,6.76823499829447,4.98635642605286,5.27486303038928,6.99935775913354,5.98376241021878,6.00547167801283,8.91016984060041,4.52672013738497,4.1988498671766,6.04527971267784,5.6502647867116,7.80062119600141,4.00657166732378,5.58550897654623,5.72056243306846,5.17517683134412,5.61411119194058,9.07004736426568,5.36360311890271,8.76553532571188,4.8939966938122,5.18100457666993,6.07609507603813,6.16150732219639,5.30235288689005,6.32029128244123,5.30008341490699,5.85567562045806,6.04516422070425,3.99950427402119,4.19371313165689,7.41671169059017,7.06919747002291,5.19709634535,7.44672567333139,4.46904199853016,8.25861066914377,3.37694366689512,5.00392076671202,4.58006086962183,4.26670617573031,8.45237602942458,5.58388953242225,4.8009377104772,9.36113983510675,8.02937604205798,7.40776882328899,7.65207461628449,5.01219053219956,5.36881584535302,7.46093028381201,4.28039491212515
4,7.96552157716471,7.5511717835903,5.79852331197006,5.83715242490158,9.09368024461813,5.83168590085422,4.27563112508638,7.04259805132904,5.9887869140895,5.24907023444093,5.68908818012102,2.76722742929784,5.68199866488686,6.50426959256368,5.04160126451311,7.13963898582486,5.66533757123811,6.71199482509966,4.83129602320952,5.58360154214584,6.35317524468617,5.56904996582324,5.79740981979744,8.80039504018316,5.82733580384064,7.97267933030654,6.95178006897097,7.86078627506803,6.4683131524099,2.03049635183984,8.7467481803787,5.94060264837051,9.28223333940154,6.71702030374089,5.53811325746529,5.67376036214511,5.61686364425325,6.78227521649609,6.24466049318407,8.68296899725456,5.75391821695276,7.17019687541149,6.59289225208468,5.60027043219447,7.76861668940004,5.64826657387064,7.12198267090119,5.1946025324463,5.73058906542267,8.61950638892542,6.64452761340087,5.3575162430484,6.71898957572361,5.43168094515211,6.12234331173666,4.81069657021541,4.57256524784022,6.90247533698897,6.1213414462996,5.78933086281457,8.7752716928836,5.42341238731847,4.43513755538463,5.45819269903128,5.58237927577501,7.82556226433508,6.10711843774552,5.73404836917838,5.83796089342897,5.6050486121657,6.10833145704523,9.21642033170406,5.86829729010577,9.51266446511358,3.72792876152283,5.25109999423687,6.22648465273715,5.88409993249446,5.81131559518734,6.60198522314772,5.50108330285985,6.04060376640538,5.63523045731707,3.65796597702034,4.53057749223434,6.23539296832277,7.60951222264912,5.28432086308838,8.50343178658483,4.60154504896873,8.3865128162791,3.87735458323874,5.54639316246978,5.11253240653796,5.01724869024468,8.56777892810837,5.23381362173141,4.7898622130247,9.31178980417922,8.29778200121733,8.25211195890293,7.29248296802978,4.92874462384091,5.29370457250139,7.15422125588032,5.61249491243847
0,8.06300194807742,7.28087279087905,5.36714337472446,6.25947736188407,9.16809706688965,5.34398376341858,4.97021801052987,6.90594803912996,5.90747105494002,5.99619495199608,5.58996590161693,4.39722828571924,6.37220273631169,6.58747522973013,5.41449408291869,7.26000711227167,5.57652255381515,6.71700277605043,5.69999577400826,5.65978725456442,6.24615835311161,6.27076403551182,6.15053334206318,8.4647546418946,5.8919541799843,8.17732253278651,7.46527516238743,7.73975915922068,5.90214107261132,4.66544622599711,7.91307033378584,5.5489387050924,9.68913867932425,6.61735687558239,5.69552951654675,5.51509184267879,4.73158598223329,5.84914076607009,6.16167913485199,8.41176141643025,4.31222928803413,6.71240913954991,6.36728098874814,5.33911688314006,7.9746358966505,6.07125422892474,7.46300568906196,4.48887924320495,5.10455175771885,7.67480659429609,6.80218583617215,6.23090482762062,7.28568964680218,6.27074615946595,6.16701921461383,4.69860023971924,4.41220272026393,7.34432063209224,6.20213513408898,5.85577337246767,9.00574012339559,5.45934073042815,3.93263386195031,5.28905534877751,5.10295808784669,7.68633162668204,6.01258156480828,6.61209469963778,5.25152215795464,5.92833005988171,6.15024235737624,9.4133124288975,6.86263807957554,8.66242384413329,5.12583221399015,5.1488806133377,6.35597129030377,6.6765998414971,6.45792161279015,6.38496336072323,4.71003446978787,5.49836151781624,5.65781114381574,5.39677003987713,4.46881268840223,7.89441794177642,7.26433733958157,5.6448831213681,7.99192055444094,4.65064403974769,8.26828165277297,3.65604133370502,4.92116376375493,5.12719458618227,5.306435880686,8.42207984046774,5.61089586075011,4.21589367950773,9.60556372051848,7.64998459673016,7.25710941754221,7.68146311102067,5.03446555364959,5.01303762512263,7.44324579989051,4.88203170664704
5,7.57469843834772,7.42682392379884,5.83460889339,6.18755537373919,9.0520471683274,4.70140792450028,4.95986960517412,7.34914561921165,5.8509402601959,5.19833953803778,5.49665842867282,4.59967492986205,6.2626651078952,5.99579389619802,4.87984599306294,6.74264414926333,5.27240395547516,6.85573655777296,4.30146437808781,5.6939443840828,6.31543987037859,6.60355491936686,6.23282231267629,9.14689236207414,5.72131461680094,7.96410691435321,7.29465656412647,7.13891451204684,5.49106627392888,5.49723291614304,7.08868937408114,5.75136648230879,9.4345067835276,6.67800305440843,6.35894035305131,5.34945165952176,5.47001897240793,7.34389538758147,6.24774167586406,8.04290654607828,5.38907977675682,5.68272415118818,6.32751932453401,6.106597589738,7.62043960115908,6.04921478033624,7.25907492339011,2.62481138716348,4.31049221796912,6.62566333547059,6.68492139059459,7.54534467893849,7.13556785068337,6.45864851667104,6.60318191772024,5.47722845023581,4.76528362228547,7.71188312529819,6.12581755601213,6.24992219384229,7.96595387487736,5.03097973856363,5.42785357185792,5.28207498529046,5.3432589789331,8.2151139839972,5.24181203661601,6.71530528797262,5.74771221826283,5.59382334534237,6.11192936440152,9.24473206884944,6.02904167380034,7.69578036528657,3.150447596162,5.09159108609477,5.96458877884658,6.43582727803391,5.8353211985862,6.84153223848938,5.35036535295016,2.94936661232183,5.43857315733994,4.83492658271092,4.74726003738799,8.07400882342182,6.28301458635177,5.08062055583979,7.60184554921033,5.31558531623316,7.78261173254856,6.60711839021935,4.73033945316005,0.178464421081385,5.5640906834013,8.77853511925494,4.96453570746946,3.61874178851594,9.26044122317587,7.45878838815838,7.22982094393888,7.533094538311,4.76519039708562,4.25853939580881,7.23157613210321,6.59330377035127
7,7.81653345740848,7.34275181252113,5.25726341186936,6.30627100214167,9.05003063575528,5.61158030772788,5.06926365060627,7.21029927729111,6.59000331870804,6.2462032139441,5.57055034706423,5.33385526660116,5.50490303740085,6.21687380132848,4.05685925481668,7.44222340105271,5.79273277906505,7.37121520935708,4.29759922171992,5.58442324063774,6.0665837900772,6.078629291531,5.96265991259289,9.2113618128354,6.07283160322962,7.97359015468299,6.39772117038647,7.57996235133629,5.89542249632481,4.9826543353769,8.14342153348726,5.37265754824676,9.26458154201583,6.90235238852595,5.54958286664011,5.94214601211331,5.50652071495974,6.69642528817784,6.44940786213725,8.64703318438365,5.83724456288715,5.91790818093209,6.08390467306238,5.59936335861842,8.75271536545855,6.548084294856,7.7497510955977,4.8838219151247,5.50433329565983,8.37344900872287,7.04490815388741,6.90787074203972,7.21420888522335,6.6452628447518,5.3839726434365,5.04127802975765,5.10629235358996,7.53870716093227,6.09969616117231,5.7971168322613,8.57097658329355,5.68665887781732,5.276940684847,5.29167953158264,5.55153047217129,7.68809010432561,4.78055562159616,6.34619080144341,5.32650166279063,5.94314218689389,5.49962969489989,9.37296650322603,6.60354662566485,8.43734757154322,4.48706430832415,5.21084728827375,6.00034914721826,6.11129597148946,5.85531025578977,7.0882293700814,5.52927052790466,4.84496060527167,5.57776100707885,3.62807264680416,4.65977773135968,6.76539952180002,7.24402658504504,5.60641007474763,8.30476593721999,4.68511694576608,8.5486186187943,7.1696421538983,6.19724611765448,1.47131305186309,4.98383776510666,8.46536730158418,4.64306872301078,2.66678695367072,9.29073013418012,7.70540337528845,7.84945016958094,7.48551316453988,4.74084907898448,5.38586760979214,7.14814354404802,4.88614750582903
7,7.9392921142574,8.26290029179354,5.17280437265425,6.61040151004511,9.26106142390393,5.34580580345687,4.71503178158782,7.29517148649925,6.19723727698854,5.51781855105467,5.23956386034028,5.06604138533609,6.81940426508593,6.26460465734515,4.82899345814818,7.03440355320898,5.54021077130244,6.47542605220577,4.8382820564938,5.37127894748637,6.57113161642511,6.39437549678934,6.3579396409577,9.00184770554653,5.83773194924659,8.62659499583495,6.3331196442621,7.05841130159873,6.24017891923953,4.28035514465964,8.1018056167136,6.05263483343092,9.36131448202356,7.38468279015861,6.22116409779821,5.82047510631644,4.99501295812335,6.65564735118826,6.48440123999172,8.4503039442448,6.13585634697234,6.32716530194161,6.20612406751342,5.46385204515526,8.13886720452936,6.19610977053852,6.86850596232966,4.36400351766688,5.03227620418947,7.76734722889521,6.36668504181289,7.61523771082253,7.18382364937933,7.08073095884412,7.21672643761685,4.77166263566459,4.89661803633427,7.48793621977026,6.03770105698633,6.19309950444546,8.38106989069708,5.04624314770673,4.76517845084879,5.57539459419318,4.93400176248421,8.41627300910231,6.66280082116016,6.11087555709519,5.48697172536169,5.98383144264254,5.59101479721315,9.05041250498249,6.62806477242242,8.14274963289077,4.12720777179214,5.17169496027212,6.24360477392014,7.09784693112521,7.09484938546444,6.6163723186011,5.38846153875046,6.08831924059368,5.89066524624131,4.2179070296861,4.41798906576584,6.74384203094166,7.14639505458811,5.19249430278861,8.07196164664744,4.55891049984282,8.14551257865288,5.78858732879035,5.16243068262167,5.96309186748807,5.39600401265843,8.72764552299827,4.94364142662089,3.58821296733021,9.25122217052126,7.21558672029106,7.61370401152816,7.42580567646239,4.80177501293773,4.97355304933608,7.20467519649604,5.23750211963804
5,8.09380755400797,7.62990573458649,6.21251167472134,6.15226690372842,9.09690989106771,5.82370583855021,5.06231508412706,7.43834347521999,5.55076092228501,5.26433260636667,5.38212666769465,4.35066648751602,7.33474724697672,6.419878117198,5.28809717058883,7.44340261161185,5.39202782779571,6.61673395962214,4.89964247375088,5.33382318610268,6.51312951189026,6.60628261113047,6.45093504382507,8.75355171818004,5.89728657447617,7.52826006182297,5.496391870757,8.42482279036436,5.5330733836303,4.29546009405032,8.31586511333332,5.3356410108781,9.49245067808227,7.25276091590161,6.08671274566043,5.99728370194579,5.57185352734845,7.09365291172062,6.42171471917504,8.16689888604451,5.29110979793496,6.75313483825936,6.07876922667139,5.31765323352053,7.69432157270673,6.0339981443932,6.72913217941952,5.59880158536701,5.2228161072432,7.97841715302761,6.95089532516759,6.70842325819813,7.13496709284985,6.27741368455568,6.07847669720818,4.50814950183617,4.54032236927522,6.38461636836601,6.56236533466159,5.75293482397973,8.2703799476349,5.45074827989218,4.92716175497901,5.64320301172098,5.35474750988035,7.80759986538021,6.28760870094218,7.02069520994266,5.77312713519295,5.8343792226483,5.86311781991752,9.19249396996819,5.99054106868051,8.96313001245915,5.70856604559584,4.73939175027073,6.33984260120612,6.32175988987659,6.00864521929557,6.61342098357681,5.90435731597875,5.82938127337864,5.31384412421419,4.63823333818629,5.39934550701738,7.30843584567104,7.27977224001672,5.46657546347016,7.91794500698674,4.31161039537282,8.00406807241471,5.21644618449858,5.21136141303363,2.61478918394569,4.97939931631171,8.34627065987151,5.12761310595084,4.0406722399613,9.21617301756257,8.07268134384048,7.57542304819365,7.23757238585669,4.71257899351111,5.10571696267945,7.62344042663202,5.51359555360122
3,8.42490085071051,6.93341375048239,5.20322937105819,6.31015409589913,8.99512967455192,5.74288669061558,4.77133270967951,7.32382950826118,5.4884263754734,5.33210582958021,4.9921259015475,4.58002550473256,5.05938416663776,6.13026715035446,4.07010209869769,6.34679592261413,5.67639514505626,6.32915360340262,4.54973542417071,5.74152531385376,7.05864690767136,6.0033928805805,6.74032721174664,9.39877845479217,5.64168494174637,8.11768457344492,5.82884390607078,8.1530438180788,5.97719171008647,1.75646453104672,8.99545184265595,5.01212457972885,8.78910024372735,6.90046181299903,5.87524064818746,6.3413204756898,5.33166783354512,7.55113178587781,6.65715420867619,9.05276052982342,4.92933678573952,6.95567100970658,6.37396813592626,5.56952094249234,8.28520894581541,6.42626523258608,6.61698507663873,4.00613999996845,5.61341789883483,8.22771269680106,6.9105358382594,6.79482702599404,6.68012849843392,6.78763359940864,6.00063726138587,4.66231945584705,4.00186668458155,7.75140807030337,6.16640033112387,5.64030615513298,8.5159195485423,4.60239770578169,5.40579495889314,4.85280963795753,5.63720434198647,7.80186916611676,5.4872346227342,5.72635511223903,5.38965827211663,5.56540092730062,6.38524844598437,8.94670399173686,6.39779089486343,9.07238452067149,3.80743795493166,4.71709013778418,6.0568624521924,6.05797570234002,5.62863651847886,6.3820595098072,5.25529010745957,5.91277876696167,5.16323897152744,4.53375533042634,4.40810771447955,6.71967844843882,7.49673146044701,5.76989654341585,8.67404765162786,4.55383771446725,8.30057021942343,7.45402045080383,5.93433904282758,3.12053162443756,5.57334283899793,7.92587773080372,4.55855002795724,2.71916814592501,9.46447018650553,8.1876736096902,7.25572591120432,7.78258030371376,4.75366524536936,5.31879681820478,7.87409257244235,4.01445224771774
5,8.13120939250056,6.90216531774459,5.12766699135237,6.30164740973636,8.51879718578089,5.13055989941359,5.21597377797105,7.25200081205554,6.12916757302061,6.41783333747679,5.16096924155924,6.49175394106478,7.49722155187844,6.49463313178628,4.70216091391714,6.74442859376577,6.36357947681199,7.35160800587141,4.25220027363526,5.57411447726451,7.12961298181739,6.05510149752766,5.75316017602475,8.88982886589524,5.77131399340467,8.64790717220885,6.54416989428364,7.85866726017948,6.26899540239032,3.36985530035584,7.07306875821896,5.6053179111104,8.86659672766537,7.07366162854157,5.93462703161289,5.463628120904,5.3907232095148,6.07542674061815,6.70596775935065,8.36095035513717,5.2789261931517,5.66259755706113,6.51549082879079,5.43624554295487,8.36731017657773,6.14479135878132,6.29240505909056,6.7228323250032,4.79929756866612,7.53133725612084,6.80743870425321,6.1137701257683,7.00824184554968,7.48870817121814,6.58252847873289,5.08828735395916,4.24314411272699,6.88380061377688,6.33479766832867,5.70508529553844,8.54605793246908,6.15751295662967,4.31496802931556,6.365472270447,5.87948506014751,7.657117304866,6.32401440740888,6.45676536041239,5.18356441404885,6.0294692792851,5.66311208845029,9.36155465737093,6.30602624901281,8.13227630765995,3.75108016523543,4.95460633179356,5.88939449826825,6.77588216149586,6.42186135161662,7.35484495829393,4.63852455311171,4.44031994545796,5.57247938257949,5.14519428145355,5.1169970313518,6.40801679834204,6.71598182017341,5.50670593035863,7.04213798906144,4.61737691463292,7.84659114186488,6.12420043824936,6.16504046732585,3.82373285237865,4.36375984230269,7.78192657614939,5.00439222256146,2.92268514449608,9.52808700806755,7.7244700625004,7.40696343641036,7.63448658896812,4.70463352295809,4.95526387402698,7.72145916838392,5.96215886702842
7,7.99510084480522,7.99519109116112,6.27813437951379,6.18671344450843,8.99419265299553,5.33342744862086,5.40769790557864,7.60226082126155,6.23510841691779,5.36592187841933,6.00096141211552,4.08642939922727,5.48558966631768,5.95896824448035,5.16281646812381,7.07805184631597,5.8824680872658,7.28700296755509,3.7816478905121,5.56894249240151,6.04092601589479,6.54707637391408,5.7473518743499,8.52160531382602,6.69063491047251,7.75241081529102,7.11004857860824,8.29514998916586,6.04846781638319,4.28829234311633,7.14837913520133,5.23218730764401,9.10543403194491,7.16042839551221,5.53219489167394,6.0546818078032,5.37972773725541,5.91673958261578,6.31485623943054,8.26112889744197,6.27231060214782,6.14317966814687,6.19922191361612,5.0763417136141,7.47228029373876,5.69792281594985,7.62270593372803,7.26507713607363,4.88995508614875,7.85425395681538,6.46974277170433,6.62850409875288,7.17122799981763,6.18352048079866,6.47775503752092,4.57168488274475,5.50621315844659,7.14472599034892,6.97316795977093,6.17593508495575,8.56670128811057,6.09415352008487,5.08843524350136,5.9932572453902,5.40979155777779,7.62589027235664,5.97069834604181,7.08123841684456,5.88433589009253,5.63032345716529,5.83241272350018,9.65312037800463,6.88712795334238,8.41270108277761,5.48642912227047,5.27730056604248,6.39179526846372,6.18804779552531,5.40708765644178,7.13397236470876,5.26672841631994,3.95462865698602,5.89897458560038,4.59956314522408,5.32988087729386,7.26526177545392,6.53998073083137,5.34977987340544,7.82278639891078,4.10006218158326,8.11584564270922,5.43287650426396,5.1779006323589,6.3448194658141,5.18380980710231,8.64291333460872,5.40173854890702,5.45013836841599,9.47762362365486,7.44768588611492,7.83423692156575,7.57482504354806,5.0378008033071,4.98308646412082,7.16676584682322,5.13247480198597
7,8.41789515340045,6.55064392729198,5.54973858635857,6.25510386826228,8.70824685352484,6.19867904656898,5.25395844700841,7.46074857393981,5.88664905198542,6.43339457323178,4.90956278991455,7.07419204953668,7.22461466444523,6.28151553198051,4.04189380953616,7.12186918284332,5.43319975770493,7.49321903281845,3.99728034309442,5.30519727769868,6.91093144416616,6.03567616094467,5.82544051882907,9.61727001059722,5.67692624210632,7.37439202755299,6.68839024622637,8.06333166000143,5.77119158265701,4.09824369036957,8.97124646454441,5.44792207359793,9.40947803617637,7.18156118008648,6.28173027398273,5.96387619775482,5.57098915030912,6.72028071200914,6.06931363978296,9.16777709432349,5.11875651111391,7.37496119442199,6.31133758725272,5.9605137668827,7.9498430995387,6.64135276167123,8.298472052218,6.49078821278876,5.84257218698438,8.64384453353902,7.1969346328838,6.79096390491174,7.07316946008676,6.70925569191329,7.01036450086696,5.27321552062624,3.56838384143548,7.05802149636493,6.55750881395113,5.61918213142892,8.39397066449365,5.54346942573428,5.31979754603198,5.61573760057247,5.59217311080986,7.68395757285576,4.91398194125371,5.38456160399945,5.62484273112355,5.85263970280577,5.19384335688357,8.88771641063731,5.47790164349656,9.78617024297271,2.77224797601413,5.50970481723883,6.105149319094,6.06521614093175,6.5601880398109,6.20887195111858,5.47225734775553,6.222541411092,5.46349062335329,4.75349069861801,3.57240461964789,7.87753436589502,7.38335825760031,5.73085058894132,9.02834301835869,5.0245004823759,7.87798408869884,6.89601694755517,5.23820068325562,7.1074687605862,5.26001043193556,8.13010344976018,4.57394191642698,1.78989366619757,9.4102596502839,8.66100669045812,7.6757787991659,7.20329737716247,5.16640653499261,5.60905806380407,6.87638934305141,5.37355258024731
0,8.46258536525909,7.64960557786234,5.57133921090746,6.07717596556762,9.3616905029444,4.84007843212242,4.81293571739258,7.05417050406316,5.70272806105034,5.74478236385281,5.29045552445018,4.81035852727651,5.32194358798338,6.4192729314316,4.86010499360795,6.84783476895693,5.81343203529298,7.11433575952866,3.54429173843314,5.88811712038335,7.40818611610613,6.88132971603475,6.05748759092486,9.24262652765164,5.96100991722588,8.11388614065322,6.70901115495673,8.09917707904052,6.14143874155771,2.45888552018767,7.63555702134976,5.90116945863257,8.88311927212335,6.70981711934486,5.70405793635612,5.68470726720157,5.43655214759732,7.40423035588043,5.9895621276517,9.02971104135179,4.83143582883365,6.23853500096756,6.04772453906748,5.74106933622335,8.15557843711251,6.05412645994114,7.46613427907262,6.63164957191161,4.82242087918038,7.41681430842255,6.0070361218711,5.81557137944461,6.9291011100591,7.0581396773919,5.99989231833723,4.7222547940359,4.91413227522375,7.51209161299478,6.00072537911371,5.94092265518962,8.58324496925206,5.18379528313333,5.65564862582812,5.69731188123215,5.79807400877093,7.74412807823992,5.87675656142996,6.94610711391798,5.0826029425814,5.73435289919116,5.34397423479766,8.90670914792189,7.18826452760427,8.46167769159014,3.62713692343173,4.63653522507204,6.04468848293862,5.80153981832661,6.31100799704188,7.06616829077791,5.87178621415153,6.44220081248556,5.53953542315126,5.77375506713806,5.28954163032793,7.66802930922981,7.39490305465172,5.54959836652244,7.87114041642902,4.58236390233099,8.57660994951979,5.30977641105763,5.27676752500316,6.34132811060264,4.745222132315,8.39597138447501,4.7400548521212,4.14936093390178,9.34118762249577,7.7989099963832,7.99556928430007,7.70292499144291,5.15745577576973,5.20499290986356,7.53064531739454,5.89621434312523
