target,100,101,108,111,126,13,135,144,155,161,181,187,197,198,20,209,211,219,226,234,245,248,256,26,269,272,281,289,296,299,328,331,342,360,363,368,377,378,38,4,412,414,422,443,444,452,454,460,464,47,480,496,519,537,539,540,547,554,558,560,565,570,573,576,585,596,598,600,603,61,622,623,627,629,63,636,640,651,661,665,666,677,679,686,699,712,714,726,736,738,739,758,767,778,779,78,781,783,786,793,798,8,81,86,93,96
8,8.69443455664626,7.41264668577776,5.81540516414684,5.997083747775,9.0010923165315,5.9927515510832,4.82989179316743,7.60294629789945,5.82914142721126,5.10090758243471,5.08496688136533,6.42562001887643,6.11267110297698,6.21374816836805,5.05649785514916,6.85053618148588,5.54724017810382,6.87755046455762,4.21269424707374,5.0314838560238,7.2725771465708,6.21921166046549,5.75818611868949,9.06302445828126,5.70913846368237,7.40013741259395,6.4125331629296,8.13229299368393,8.60057798727896,6.08482769810889,2.30234006833459,7.715800122803,4.96043699004547,9.25121040739736,6.37790189725769,5.86346487673314,5.28913224307955,5.86539936060915,6.66129618966245,6.45853790923658,9.35279825960551,4.62597743132578,6.67767502991078,6.19276600524021,5.5181335685483,7.4019302805757,6.31601084372715,6.974433137663,4.34744424395844,5.20284415444749,5.88213499127678,5.76472173077562,6.7849585442274,5.90805236277424,6.02671587702292,5.06400281353766,3.71895444563788,7.63172062657972,6.50223278889428,5.99719500012855,8.77600669496866,5.00903165456276,4.42545722647659,5.15260425394528,5.38993310953974,7.02094658980539,4.26565098016888,6.92232846705968,5.60517834860235,5.14529404761251,5.84181732975935,9.45664993335484,5.22296513494866,8.97113748083809,3.47582679149643,4.48353859336599,5.59193229564634,6.15995526914333,5.41068041626987,7.37827041900764,5.04420311897758,5.16547891053988,5.40348350824698,4.34167620078687,5.27147314968876,7.40975322094087,6.87231672648536,5.3011585064422,8.08356517022489,4.54552305069218,7.84826417827791,5.84237597403113,5.65686532551801,3.62156633003928,5.01844351589962,8.97928992476561,4.92327603820136,3.21336756111156,9.44914485197078,8.00811427980011,7.95722382545559,7.42741463422504,4.84198490096057,4.8502851312991,6.7959241526595,4.48055775812236
0,8.4903107370778,7.51172739623586,5.54161785908613,6.53131391845498,8.98117028091794,5.7586794492319,4.82484547011321,7.64287415028865,6.43154754496325,6.33973483228778,5.06974479835519,6.27236358698019,7.45511630742633,5.90241711033383,5.07125016257001,6.42969735858767,5.31176738060895,6.64150538588538,5.38748261121055,5.77494942448904,7.64479849159803,7.35430112646647,7.03933178335244,8.88832275546117,5.65717296225625,8.09212158681044,6.93487315373581,8.4749411824948,8.93440526395311,5.74934890283209,4.63207323662659,7.83313101982698,6.3720893368936,8.91272263115681,7.22673874349568,5.6153469107553,5.78097324830169,5.87236592991901,6.82000500110256,6.00466627533996,9.12154316879643,4.75053303237686,6.7042517323865,6.11830643024054,6.05258490217814,8.18392399291572,6.05747564634055,6.36513617142008,5.39008981440187,4.74943607643614,6.50419883135533,7.03082686519747,7.13770840046093,8.11795562433608,6.64716405582756,5.28387357545992,4.36529352555561,7.86960886583905,6.17721904614889,5.84394263358704,8.78225790823663,4.78844548380088,4.38258069495948,5.17544730822221,5.41246939857519,8.04498822030193,3.83109509635209,6.42303373976993,5.35685261115158,5.46819889658876,6.17536020822539,7.81937391389226,5.59021568972583,8.78586563612019,2.70410434924908,4.81260068474729,6.09467882071027,6.06287189446142,6.48913762529391,6.67824306102792,5.91406587553419,5.81057278204431,5.8972351025009,5.04889966744159,4.55685727938248,7.14543827370299,7.18920703667384,5.52846961760903,8.04717115411383,4.87334952586781,8.13856137209107,6.32604616241453,5.65967389647934,3.38203404065033,4.98160491031732,8.60670028918474,4.92363703529807,2.76154094433854,9.30007491922964,8.02183907448128,8.13372864377519,7.7342353854643,4.81733666670915,4.03309823548799,7.74170662927893,5.91532387537665
1,8.19495107806548,6.88496004768515,5.84613709986905,6.17722702119323,8.76032332119486,5.23665388648533,5.3723036509782,7.33538717380772,5.91164592117539,5.71725697410094,5.37249958517199,4.85893024939659,8.04447603785738,6.34531970580161,4.62076299823233,6.77312903698062,5.59783502033463,7.15349006248165,4.69086019792051,6.11605987626539,6.67767540661996,5.94664321975357,5.66653880568148,8.63603300750567,6.03794856684253,7.32331212421993,6.63685803790601,9.4467584173196,7.64109575832852,6.11706460548424,3.77409453879485,8.12869942905527,5.17443327145695,9.44159816568196,6.8528513872672,6.70621872020947,6.50195504983324,4.7558143958018,6.91901435209198,6.22128950675418,8.34050934692571,5.81264280819179,6.28301356980146,6.58085086446541,5.14806177283041,7.71668528378084,6.76078315680413,6.65526083885214,5.54316294947317,4.58437878657131,6.60767129321883,6.40829702219051,6.93964185406057,5.7476897945678,6.12760061258664,4.56481314396196,4.86390950055979,6.45053488480066,6.50204926705575,6.11148630626423,8.67611099778327,6.25661029033345,4.46338515017177,5.20226131363231,5.53875528374632,7.61432870637807,5.80613798792686,5.74524062259646,5.74832451541975,5.79741584910905,5.44822797667607,10.4372748015018,5.92167407396726,8.41687376664667,5.29252545507163,4.87087439447712,6.37730786620365,6.91501974726843,5.4172674994888,6.95787003122867,6.26070613748538,3.95283158910933,5.34729248156476,5.98181966720538,4.50350071548722,7.25468495956766,6.62501807605473,5.4133583885337,7.40667843179862,4.44435347296163,7.92250349402897,4.92847988333946,5.11773286221813,4.51662311105245,4.89099718687903,8.24621562165159,5.15226262405347,3.13576281161832,9.39442454339785,8.03663730403919,7.62246572936073,7.71632165496381,5.01382143595555,4.70404535878056,6.82636512370519,5.41795034983371
8,7.81236107225147,7.09669050017884,5.98413427456038,6.21198300347543,9.07474808297401,5.68020931453386,5.30135947524606,6.67253376043979,6.18005812336693,5.72140861376234,5.87305325201565,5.48568581090238,4.7041979956984,6.36396193849864,5.22943713827177,6.4475990204173,5.83870360456155,6.84414734214327,4.46673039692536,5.10502688676285,6.08604859870377,5.71060620287331,5.75396715239885,8.78258750079774,6.1964010118363,7.63040783455762,7.13167315328415,10.6666698966616,7.56426672129856,6.51347465794116,4.01852027938513,8.67101647842025,4.84127486519411,9.61742361599357,7.23541867807452,6.32443855784819,5.84315938871441,4.96840810637676,7.20566439422924,6.80535878179572,8.79042755477305,7.06742693651842,6.29756641398298,6.27814833134659,5.70918354516432,7.98111306169443,5.86170998933348,5.58831368224303,6.19605298733859,5.599009505017,6.40942786302274,6.35727304802646,6.73001836210602,6.6512295232351,6.01984124859416,5.58310212615603,4.68145293711769,7.5657130411599,6.32315435142075,5.88488571252185,8.6451751941065,5.69539639783737,4.5241914306937,5.15566403537467,5.08420047702003,7.20334636721243,6.03966991960972,6.28408354126515,5.72123857083556,5.73186034284283,6.2068228660363,9.42767079681576,5.97101446237561,8.98753567660827,3.2984529950446,5.22100708516905,6.09464138712991,6.56787827097654,6.25235679225414,6.8618987976756,5.12181916070005,5.14615905367038,5.75992992733175,4.57425660529556,4.61178187081907,7.2195621288854,7.21245264703421,4.77253649161346,8.18545575365691,4.79029154335056,8.21051446682132,7.48548593362669,4.87836141205163,3.17679193502718,4.76806507660647,9.00845057054918,5.31710733264029,4.55285713112527,9.01616675792014,8.35427484591115,7.56880418007651,7.65254790661028,5.27463422258917,5.66413549710553,7.18386303276838,4.52221339258679
6,7.99574342450112,6.97025135580443,5.53429702598263,6.35499292736336,8.95390389883522,5.64832968922397,4.92297561258458,7.45781629094827,6.25481771354824,6.55756091083022,5.64583087661568,4.91937343793188,6.03855496097028,6.45617532970157,4.45323377228164,6.70045012846004,5.454708490879,7.25672018019198,4.65136416123486,5.2537908535635,6.49152039635683,5.33989684143228,5.95130313627511,9.05502656625465,6.14468796336735,8.35094373872221,6.0061018294601,8.68196759522277,7.73497962651065,6.37148558355438,5.4811424007997,8.72117015210963,5.63420310834198,9.33793104207026,6.91687482988303,5.76110738970732,6.71034308260915,5.41807189476573,7.63013915878843,6.52616630807966,8.46668563420413,6.44536468995627,6.93177749448153,6.13376534800165,5.3825120333138,8.02657847518327,5.94358942067068,7.31357977172194,6.75678754029745,5.6632446309546,6.55824012399787,6.84405022248,7.30043232896304,6.5419614967656,6.48042659241626,4.73654447333876,4.97991918788371,7.1862147135935,5.9259368720839,5.83308147830708,8.07726475359419,5.91927099071091,5.30666878356683,5.19006228208936,5.88102975300284,8.08012982835709,5.82196259525762,6.89131219387616,5.57100286438458,5.81774714163774,5.22988577111572,10.4208184177315,5.4827928969353,9.16328255866773,3.93161765444302,5.25933909724459,6.46525170964546,7.04645609433222,5.98945308016611,6.73449347067747,5.78462389567337,6.66295042767954,5.52111500067465,5.21821207523667,5.04266640930277,7.17455251458879,7.65414461482273,5.23270138804795,8.95915454004268,4.25567008299918,8.14431327845347,5.23286022874954,5.55629459803621,1.3282262593939,4.74053532022977,8.46218506936887,5.27508779373955,4.72876280081805,8.97670214041893,8.00992637997612,7.57537825397634,7.42185875759852,4.95356497487539,5.54696925849632,7.51768068658536,4.36659477243877
9,8.27680795354169,7.63195120553498,5.63998551559564,6.08268181834519,8.71808624113574,6.38084007891788,4.86427110568838,7.12497534489734,5.93746858608887,6.06224087943028,5.43522012953471,5.53738963490899,7.23208670203845,6.28246640168404,5.02539395150494,7.06019645211289,5.63332495528723,6.49875979067086,4.9771852853196,5.16208954480835,7.05235266214552,5.45297023625453,5.6592327804272,9.18851047931998,5.63824369886043,7.53577398339139,6.2669491694082,7.0893604147068,8.31892882236339,6.5894894036184,4.49502513427764,8.78122549236345,5.31972313681123,9.63885433576068,6.7120254088366,5.35182610784267,6.48191956882733,5.94858540564418,6.09787017764752,6.5229746898608,8.74528144150235,5.02085977981568,6.69332118813016,6.30132825303086,5.28540224073771,8.13874586496232,5.93004902605005,7.07689651722268,4.19152502984477,5.72506106134205,6.79419128636635,5.98437561102584,6.93488566192633,5.94044742898003,6.03875508892885,4.43674385975134,4.79817984702492,7.6320586317223,6.61807425215324,5.61549769275026,8.64080439060957,5.2873809063227,4.6482111853971,4.71513265817144,5.90286459486556,7.1973233725161,6.30682437726731,6.5564871224905,5.44043874518417,5.81751160786963,6.46250926064224,9.18363827536507,6.20673112176466,9.27803282944994,4.31066379527637,4.79827792849527,5.99326147955935,6.39203853177328,6.0660041927221,6.80922870828408,5.1996690319798,6.3433964624575,5.32223466961838,5.21142086998717,4.53010667116111,8.21908585535018,7.47733495708038,6.01124794818407,8.77264830783329,4.54954526849951,8.16245641220381,5.88590434610513,5.89969890741274,2.93374431901592,5.03876599377298,7.60971280593683,4.97058815307626,3.42908407840057,9.53963139176135,8.38635729676808,7.61965796029317,7.56649869763762,5.15299974579903,5.88633257769796,7.18751990402471,3.9765654762866
0,8.42475429572262,7.47045318890451,5.11201502770281,6.14633821706127,8.87109272737287,5.74081766584545,4.89929761008572,7.10913002211961,5.65685075297096,6.08961388841163,5.31454214341442,5.15606761064485,7.43701762918688,6.54409043322528,4.10041771221607,7.0632521887424,5.31878825131882,6.87432627522406,4.31932192484973,5.84411366616877,7.14692394172197,6.07768529956793,5.94572895826676,9.05921674980437,5.82933716749866,7.99346410245975,6.14408480420261,7.18630511084931,8.51296722928627,5.96565518180902,3.03338869992665,7.53850848135859,6.5861014161366,8.86390351260763,7.13567320473805,6.08359750508488,5.5449880828134,5.553969791592,6.96080942256085,6.55545298746912,8.57172306550847,4.16271003989124,6.9291978260163,6.1176292408865,5.48910606242544,7.7507729504647,5.98793586510695,6.95920307343996,5.16107008679145,5.05469245774391,6.81167965683585,6.40725148732581,7.02440536289967,6.73473993993822,6.5663633120533,4.9698183348464,4.5508133933165,8.0048232103268,6.43632100725483,5.48528937776031,7.99920392172143,5.13566101646136,5.701945359113,5.42760229960001,5.08157835934293,7.77423712786003,5.55731136793413,6.03959315665211,5.14319614486149,5.53150789963429,6.14654186359338,9.56224997889945,5.94997818993949,8.76693501326622,4.32977670680136,5.27620440091593,6.1362080229733,6.54354607676482,5.58289065071302,6.77177662825747,6.47994523327286,4.76159851300436,5.35821662581206,3.85336699906779,4.89926797395225,7.3112370465965,7.14278513907386,5.88779864456092,8.37047045569488,4.60297256854908,7.62193282335846,5.12147466566357,5.86309418864996,2.61053147139624,4.8353041216545,8.49053522092957,4.92411436557935,2.95977652048549,9.33174555578346,8.11734151990819,7.78451864874343,7.57804969630374,5.18674093223462,4.90380610756351,7.1033187643173,5.11610101676707
2,8.17111885447516,7.92286006496899,5.24051538804455,6.21699481542475,9.06217761407293,5.78617953277586,4.73094426089072,7.52334621703542,6.0135746029168,7.06313178718499,5.54770588698331,5.01595215285085,7.28068561620646,6.33482145953757,4.70591077303586,7.6459518547622,5.42453441667778,6.44425372971373,4.37211948898936,5.8743914556604,6.86017512775241,6.1065172443391,6.21657440184593,8.82577380377882,6.09696186561958,7.82743552392584,5.86817823627301,6.37975257913486,7.84033190413253,6.09095032505331,4.0481478686113,7.24806011256392,6.00196974247862,10.3570771556568,7.58815037894417,6.16100165632291,6.3324017598985,5.62085556634278,6.90948036203121,6.11761874861388,8.81997579612585,3.54198836700689,6.54148015590027,6.21349838620769,5.06505005604461,7.71306632432151,5.63957355332952,7.4083635747728,4.97941864091901,4.84485807867938,6.62019977056405,6.4949112758871,7.19815529000688,6.27251591224075,7.06170368586557,4.08357861117644,5.44549079409019,8.16608920007137,6.0121613913247,5.53135354832553,8.35844875680972,4.67218839745456,4.66667686410997,6.05818492637771,6.04137624799904,7.72352371375182,4.52110682891175,6.880497234661,5.51385209005039,5.52237559119765,6.13603950856325,9.19510216654079,6.10633961275159,8.99954240275192,4.59866875046413,4.37758193223498,6.455626603743,6.19944255858749,6.01290273491476,6.5775702474749,5.17744357396526,4.61753545347198,5.47529172565152,4.70222650439894,4.36608882470166,6.80651498361934,7.05267490046236,6.24766982896073,8.13067840295445,3.93467318047714,8.15154700401274,2.71767274963979,4.79623184356055,-0.349973839756876,4.78588796260401,7.89675866392134,5.16414030566697,3.98588141121106,9.74975674241656,8.31004035212882,7.31375948824337,7.36847936476312,5.18644342591941,5.30588815562513,6.78794357991046,4.66905097852164
9,8.47505474636275,7.80313589496307,5.97707255508965,5.94605041399488,8.67823921835969,6.02883774012877,3.88165867481193,7.38174867588591,6.26410082982369,6.47259437428221,5.29467656535353,5.48272373558391,6.95183475853428,6.74167679428979,5.00794613768767,6.07882206003084,5.66437601102203,7.2107848223967,6.18592551233134,6.00938212759887,7.36483667932948,6.73415294518105,6.3210092647155,9.16291422455721,5.52686680055701,7.92479456759504,5.66294393775706,8.6255546786267,8.56571695471158,5.46811615013434,3.71243650602025,8.73127094152759,5.71065747380628,9.64010399540216,7.21601423785451,5.61660886029678,6.20729903909836,5.47878082032211,7.14217585128541,6.45427079834179,8.98025467812518,5.37618292828551,7.36201236162632,6.40071964308665,6.35721798602235,7.98987565635124,6.66628972323977,7.13789634217997,3.35689138425296,6.08755860831832,6.86403031028933,5.7317459684879,6.8841681909647,5.67418669808036,6.01024547933867,5.11138040609991,4.32678864697382,7.79765240748142,6.69496175443042,5.68630488239561,8.54039931000231,4.77928349977303,4.24599503682859,5.30372769013863,5.59649598168241,7.72764447200324,5.30154458798904,5.91899701974315,5.5322701382384,5.57996981609386,5.51583176369493,9.68553666157941,4.90720427253822,9.65250637779943,1.84622272025079,5.19305632179592,6.31164890444509,5.97959725250346,5.68359442042687,6.24524956682714,5.71139170673863,6.4857449837882,5.66312013164477,5.50758472844321,4.33690219772649,8.1048203907593,7.90111050097556,5.60844724001784,9.39063670366504,5.26347062940472,7.54243878749904,4.30393595662656,4.05804479787894,3.80522573122894,4.52719189700614,8.3292998860405,5.14131167569765,3.11753067370012,9.666517767456,8.52081195892804,6.90831912899129,7.76719910208294,5.4687513817424,5.26828174134319,7.36070309389181,4.42291275419541
7,7.73855848474621,7.52616646645484,5.48304088854249,5.75602829083809,8.6860982890516,6.02875994680745,4.07651289428756,6.94303796797727,5.85106725243144,5.43272635659177,5.41964954939704,4.85262891499416,7.70831281450002,5.78326929657872,5.23568326582368,7.23984352106906,5.74517250304621,6.57744679981331,4.92576877640753,5.36671789318609,6.02920673091211,6.37628951404462,5.92632645573665,9.31486356478919,5.79034436538524,8.12521676568845,6.60842524784572,7.80243020623467,8.08594134109093,5.70271496140595,4.66938226666255,8.33312323893121,5.38458606459622,9.24736692745184,6.46151370917306,6.84521219556436,5.7127158455499,4.82428263114119,7.82472788923185,6.17874441996831,8.64674133996948,4.90342900714072,7.0138386967934,6.16543816065905,5.88555107962817,8.0102606902799,6.20213542643102,7.15445035728057,3.12951799332596,5.29035386223206,6.32971227440072,5.11649549683777,7.25424437801174,6.07492630937979,7.23716647209891,5.07831211875279,4.55947631499026,7.29562960335286,6.84734205069091,5.84006433572527,8.09048174170402,5.14457076508314,4.3441241837362,6.53962783618406,5.42212669167071,7.56379901797589,5.96344057189439,6.90118118538377,5.60252519698888,5.21143312055241,5.80726754389117,9.24614804948857,4.3504327419362,9.21147909868048,2.86815736886939,4.76450957657561,6.23920566383244,6.49964657897761,5.18113897232303,6.87823369143021,5.58006090450209,5.6349309631265,5.17909607366709,4.69811238627865,5.01325567499115,8.62603598559217,7.33907029889524,5.6692057793655,8.21666378510204,4.67781293258016,8.56974951084727,5.42450028506075,5.55818115633861,9.63812109197108,5.58221407911407,8.27206250769854,4.87075237080969,3.20495288835047,9.45115405063149,8.09160006345087,7.10079088782944,7.65769452013765,4.82893900690553,5.80467650669406,7.15773255530569,5.78457262858028
5,8.00659004318269,6.89449702438868,6.19613248650724,6.13826478600194,8.73793713061944,5.69454893229009,4.83709640039192,7.74620877851928,5.72706968056617,6.19756504525087,5.36352742627557,4.71915182959124,5.65363357276258,6.59861603569516,4.25331138132611,6.86919423006606,5.93469050389345,6.81669459684321,4.66301212872125,5.61126647054332,6.09974316964227,5.83840295636277,5.79510273409671,8.96841674280935,5.9176730327685,8.12713895894797,7.36121724066687,9.61079917435664,7.70866864251647,6.26168734137332,5.27177570827186,7.89077227113837,5.68065216571248,9.26189676285181,6.70439288408334,6.43793833132591,6.01991757315158,5.34092482948871,7.02628108241341,6.69752018752926,8.78341496954781,6.3883809703984,6.38899026451111,6.4911631851609,5.53905314826385,8.22361655931751,6.07053513875041,7.39028620093391,4.77018824887907,5.59173376258771,6.767084739421,6.73976858905458,7.06608219319265,6.08389765852521,6.27352000676988,4.69940126996884,4.12969246587092,7.86383153566196,6.64140391760856,5.77125080093103,8.48687263692983,5.38438343974444,5.08526577135577,4.85041728866938,6.33650774138327,8.10145685164508,5.20050432628438,6.69601656964551,5.50619777539503,5.7535011548994,5.85231298963144,9.66025856179279,5.39996939320374,8.62200362515263,5.33949465521532,5.63907097882895,6.39840206577498,6.50313086056382,5.77542381175533,6.67553367067376,4.3655797657717,5.32917334331568,5.56388628145772,4.44267982234071,5.16515549928664,7.74678793745353,7.46632587999447,5.18256630030113,8.54222181901921,4.51186176846506,8.10142469588998,3.78253519571012,6.00516537635081,0.0989484322542911,4.77192160328644,8.98337318720744,4.99400757470543,2.84432707312965,9.24326090049124,8.37601334008657,7.1667121870384,7.53102784023351,5.14952338508771,4.88616062502139,6.90410476646559,5.95772387758658
9,7.78196681727177,7.12894297816783,5.37626643734316,6.39869991844327,8.73173509133603,5.89552810640947,4.87251831136881,6.73214398426756,5.77675837671291,5.30125089613984,5.13818619306268,4.92236128617367,6.39745206475984,6.06891318139778,4.29130442014417,6.72565654063522,5.33198509643163,7.3488259495014,4.73459228513617,4.99809103629599,6.14536547484672,5.42660668479371,5.99402054622671,8.83009737341957,5.89531179766327,7.98210372565351,6.60265786267183,7.39119061484681,7.4497654808407,5.82380082311675,4.37391215116483,8.72953048700587,5.49842246172838,8.44808595875432,6.91698543342361,5.85959109135244,6.8779987869667,5.17375849526996,7.20870171354193,6.37305859723463,8.4251412373861,4.47857948718773,7.34482993098339,6.37515963088088,5.71697242570288,8.02708903088803,6.41624343715274,7.51267633230802,4.40700967754303,6.00774605560884,6.33715787105515,7.02920815062252,7.2138641508369,7.82686200942168,5.74320969958577,4.78506800014923,4.13387858039201,7.79955561710835,6.2725373569319,5.55586235640599,8.94610441148452,5.35452525033682,4.87284629750207,6.37558553705927,5.16513756208067,7.47716989137794,5.81703418411657,6.15151584790296,5.38760404610628,5.27942223798122,5.82306927812485,9.59517236878422,5.70299216615142,9.77777400403512,3.30230362190041,5.06510438752312,5.77279285753544,6.91774138257921,5.27680355709991,6.572070610585,4.4967915188622,5.94116702134127,5.40813337782104,3.05090720652319,4.48931725360648,7.43788237514755,7.48144035709657,5.88994558825634,9.22229046889253,4.85921968594018,7.66336139451478,4.58700997338853,4.96141412510529,4.88977569621781,5.08164536785369,7.84427801524514,5.24576798520828,2.85348332840144,9.61981067623739,8.59143858551331,7.87073692780298,7.83212615017923,5.29020530290753,5.05643345809976,7.20152730560435,3.68172582524287
6,8.53580979280215,7.08390037819171,6.24337025510189,6.52476201941073,9.12833242026793,5.34161646700318,4.83063154981866,7.63404971949336,6.49347633610238,5.66811525023739,5.98511703583978,5.302626255618,7.31562959292413,6.35877666291075,4.85983878433156,6.46591296051941,5.67587366223483,6.70356487329929,3.89027012995023,5.6120154743017,6.94449852056076,6.6217062941082,6.41931223954156,8.8055433410249,6.05265417776274,7.69434036425576,7.00401921731579,8.08525840976308,8.47315045802142,6.09837116077973,5.10081167599498,8.31267770417297,5.35358201761438,8.66922727564409,6.27482188825221,6.65266870646202,6.65897019040669,5.41684818086441,7.01666906279375,6.74338184248396,9.12045673120282,5.29418700136547,6.42611324704748,6.14257599014293,5.95791661013614,7.54683573073982,5.33418683238027,6.93898336464005,6.67862340094639,5.59123597545735,6.48768546404204,7.61725675059108,7.06275672340525,6.97124585740303,6.1058107981307,5.32326858908345,5.5020289594846,7.16113346566241,6.2116214770981,6.24130387481229,8.91686825705064,5.56274314868394,4.79835806070552,5.01243825919788,5.8316766978464,7.72983172288062,6.70932336548144,6.35352759117474,6.01627014330956,5.59596527580455,6.14133787801758,9.54650547319011,5.89137215917095,8.90542642512277,2.36784863691155,5.43064296868397,6.55565960194701,6.54663986322007,6.01988811071976,6.91586332711686,5.44637958353997,4.67446110910625,6.06130378599916,5.00127187051906,4.79475073244703,7.06088139167047,6.99175952163557,5.40387975626382,7.78254213862298,5.24645008565883,7.85502303611769,5.55909799791779,6.30432437299594,5.70997166677351,4.53310976162673,7.9301491016842,5.5926335964639,5.90839033390181,9.4664899224372,7.87196597437999,7.51263695730388,7.73780228782015,4.91008921301717,5.23932882287671,7.34104704097765,4.75006687452396
6,8.16141620316121,7.09515612756916,5.4755965006865,6.69088424994289,8.85008211984334,5.77551483535876,4.55812796146709,7.2950812607759,5.48791169215353,5.04138099807507,4.78581645399249,5.09810637232869,8.32817446937043,6.08956617263078,3.94486231467206,7.04792797120156,5.44109082150054,7.14670765829296,4.19116821312383,5.32444485323016,7.00024858506156,6.58796076303511,5.51172063522172,9.68195193557839,5.46432989150304,8.05551539346732,7.68465521225924,7.63636949860133,7.94373963038424,5.94206907002065,5.04355045812456,7.43030620734037,5.54972385616253,9.89205018204939,6.43620941721487,6.40616563662609,5.95789528739058,6.08073416817484,7.06328097078646,6.42581697787812,8.44447062658673,4.73146724757006,6.05980309981833,6.23084695042561,5.57788779601162,7.79554102605053,6.44524084726264,7.14557141957892,4.39846819880378,5.28270947723628,6.61238096675372,7.1869206485212,6.94890709768697,7.90106872682324,6.2011307276152,4.82109151739182,4.53694292686107,7.68490951283835,6.61582562954027,5.58307723311747,8.0333117727683,5.23550716441666,5.06147976195109,5.01835452222326,5.79811775170373,7.47103875399061,4.96460391193418,6.24635217794241,5.53502069023389,5.58295658410917,6.09398560139577,9.25412228205127,5.73011401984316,7.9771963701216,3.67801365584568,4.90596828910357,6.08868148245553,6.57057330750519,5.72824839278826,7.11859556416701,4.80171877231123,4.74017068867455,5.02223096597662,4.09164007104497,4.76910318429901,7.1882139400464,6.5476179302782,5.4147687532301,8.22398598861796,4.63072273833517,7.76462531173628,5.37591651872403,5.79871957747483,4.41013704953151,5.42921428506979,8.19919882166582,4.57449634719754,1.2097919409113,9.3394954896865,8.04293095257537,7.30591121883886,7.73633523100715,5.04536289928717,4.7739454062514,7.18464277719114,4.6551192168901
7,8.63581603675816,7.7577684432159,5.99184898795122,6.11516952935709,9.16428177941775,5.18422762141802,5.50781923147801,7.65000757475838,6.75070728257308,6.2099555306594,5.978953139263,3.4840048986928,7.63752962675235,6.4278883362307,5.33791662023308,7.16478703433473,5.52140699885165,7.04798128783662,5.62338242362396,5.43977857218883,7.38124022990059,6.73701304882476,5.88352134081029,8.22145653881127,6.59732345919809,8.1979967576204,5.99232774354003,10.3170257551773,9.32078606285207,6.15466177445469,2.44151583367461,8.54939911597856,5.63588948041611,8.81111322888897,6.40749084125518,5.79645788366031,6.20136293055276,5.92289317214941,6.4742351095395,7.27214127818239,8.79772808450635,6.91552430843439,7.03592972930648,6.25189984512071,5.67794106365546,8.19154531535652,5.81909062551824,7.13661857151867,5.38956370327517,6.16057106572569,6.89627786294673,6.53890944997345,6.75958319793914,6.7869647625912,6.94157770485442,4.80002827573242,5.65617406076981,7.1057187266718,6.16111320931744,6.19617393041929,9.39186041848558,5.32020340282535,4.59195436096624,4.57393947467932,5.50294335511328,8.4844655435473,6.58153212129354,6.67897128020469,5.78831676980771,5.90757047737127,5.39452652485225,8.96826523832348,5.4032319368849,9.57492763516317,4.56837369759748,4.86357388789361,6.25776893180306,6.81919642054907,5.23653011939112,7.12655988393188,4.57973231030289,7.24442713289938,6.16320716866949,5.0416170507468,5.01151955599002,7.02443528128687,7.76807038911375,4.91874868452718,9.01229049519764,4.55511834529269,7.78124864622163,4.44802669077618,5.08663233661204,3.08196236624589,4.93402038320609,8.61347735866768,6.05522599471822,6.41627683510691,9.20045688398297,8.32334138025675,7.28829299683738,7.58388850374418,5.16986498692584,4.71606493424282,6.76035032412899,5.11961858621117
4,8.38761495386787,8.2614173181327,5.84916264130704,5.87119815331399,8.9786336254258,5.76488744316952,4.68910466149253,6.49117954375237,5.5931469584934,5.71172346337401,5.42924447997309,5.45096065232428,8.36134111488848,6.12682008404927,4.90501907052252,6.66180410766463,5.02653896350155,7.04582140760461,4.82149593043734,5.18257321674657,6.86660981343116,5.50970057985101,6.38415898182745,8.823306654205,5.73622837103063,7.88921572944575,6.30324641464632,7.34785926325744,8.19903518177261,5.49690338589447,4.00539302175705,8.30525524147139,6.18242631124886,9.35933470388831,7.2629114351149,6.06540679106482,6.15057408120196,5.51467752662757,6.4975351653494,6.34632162743317,8.92544923196334,4.75757201921692,7.60516392705791,6.33110630370457,5.81018019657724,7.65009503638292,6.7272896693818,6.81586695085604,4.80557328402335,5.85533011318013,7.28085203293426,5.94003357984598,7.09586670168619,5.67508267939506,6.64106671470877,5.05945515083153,4.49177919803117,7.45576429042646,6.46405935312861,5.73010598435083,8.77996711043897,5.15845919231938,4.22820387160504,5.73308881345324,5.76323208121958,8.4986911677677,5.47914596208835,5.86673589887912,5.82704527145662,6.02325357639917,6.20516265421664,9.36350156128854,4.66073298059369,9.8174229825885,2.66584012958424,5.1734398173752,6.46950677721745,6.78537627619034,5.55393485611016,6.90561590259524,5.81441097226332,6.42223836710569,5.52588149445774,4.05746014846158,4.11638581983899,7.64378580710532,7.50112776370372,5.70447095512177,9.12273434693897,4.99078151425163,7.81106336529123,5.8503220868673,4.82855640897605,6.45747625745861,5.71035663108857,8.14110102489702,5.02144468647949,3.09841836528185,9.29995636337628,7.89629929945633,7.65070268376931,7.41824802722879,4.96675871330115,5.67658989044235,7.26073339917577,5.43857605391749
1,8.16946808237355,8.03802813447187,5.62369475080543,5.90316806110273,9.2869658900624,5.6473722145236,4.64157820962048,6.80279244235912,5.98328655745295,5.91746832982482,5.42179535745033,5.2712601739145,7.6279166191743,6.11336797171169,4.46014572816888,7.3280386769776,6.02619635711405,7.04878002850696,5.24467129665533,5.59513817229526,7.0257025267081,6.49864899372664,6.64762708108169,9.41812331825789,5.82917389273015,7.06984355991247,6.83824125098634,5.72352860844562,7.95643895078165,6.28971780100938,5.24063327834042,7.84786823021354,5.76880752278847,9.28405675017699,6.23355576062083,6.11687833703427,6.01771738660077,5.61190592977515,6.74218847226466,6.55608108613849,8.6770381534787,4.11146301846576,6.6705812090661,6.33512149810653,5.6156760892984,7.38300110016678,6.46506005936253,7.24054306362963,5.11919192017487,4.66900691061157,6.6982104549142,5.67073195300523,7.04115645746875,5.09991893040552,6.36486706947683,4.68091352907302,4.96791705865289,8.1680918896777,6.22518069907949,5.55204305100258,8.49488199972556,5.20767502323002,4.79463612471942,6.01458982980116,4.92090430007005,7.74634722173086,4.80093518969356,6.38723124090177,5.64699853454524,5.14832184948317,5.91835387268444,9.05386352043347,6.76351541582715,9.34918190748582,3.79344175747418,5.11057479164468,6.22239694726594,6.61143030812796,6.8857325046188,7.71061456932205,5.26589123665553,4.06933662600814,5.63948085191266,4.86421057652904,4.91741055705796,7.63391860974102,6.80554131753006,6.29743796931364,7.78363688788645,4.5835122894361,8.06714556924192,4.8036179360394,5.23057532446812,5.35728297567031,5.09191386044249,7.67536133580226,4.66448089146133,3.70239122420457,9.78054620236395,8.32289292359012,7.92642630548486,7.49823980678526,4.76959110902799,5.7748991388912,7.42936951624184,4.3871565196404
0,7.89556068617406,7.33262176263872,5.69677683838094,6.28566720194525,8.60590105182158,5.25211737419779,4.41659288672576,7.98630753562915,5.71863357187059,5.38695881850055,5.60243244742863,4.5462461792274,6.38332796688698,6.56888027963038,4.98271214906228,7.52507295576254,5.08270474619581,6.84305278989971,4.30356328707393,5.14696718584757,6.36013525027816,6.47907656391342,5.61508301618418,8.7697404358324,6.35552100183534,7.67535703281254,6.09467806762466,8.64921058632824,7.26988289282416,6.24853562372986,2.88941826202272,7.04804318214008,5.08620768961956,8.7998233224954,7.04584879557526,5.33035114168185,5.53157431235817,5.76861670550505,7.81229297456765,6.58695617226615,8.02922514685593,5.66748943886662,6.29825056737407,6.3466198487347,5.55295688825478,7.81077505745694,5.94493822766888,6.79370954328272,5.33911850085466,5.08242535078129,6.56078273845848,7.2317487389839,6.91948286239668,5.33484778622673,6.60431452689929,4.45793732933533,4.77328451643471,7.45550294254774,6.84686880606939,5.96809908609621,8.54536740523947,5.18354467601558,4.43121749126519,5.6916192983204,6.14406128562995,7.35823309844726,5.89833390662765,6.13140289018354,5.63408896275375,5.80788748142584,7.12277959217212,9.28491878830557,5.92979863924464,8.66692943362242,4.32956616065169,4.71623223527327,6.15547314142137,6.37292938608713,5.76659456060236,7.33361686853688,6.13312946766319,4.36005028249554,5.61763398036065,4.59747668154926,4.65753326808307,7.42984524839691,6.83025702153521,5.38714238288649,8.06688828074965,4.40383412129601,7.81826739843443,5.15669901008775,5.67126069815551,3.96100185218933,5.11094227076288,8.11548778928563,5.28728870229022,4.56096820689452,9.41273112052697,7.3916791176682,8.10679578101273,7.36689877503902,4.62087406593344,4.89198377709759,7.31817007197562,5.40449189984916
4,7.73120912253582,6.99829712002722,5.82554153488525,6.17688914153256,8.96247435492655,5.119823035987,5.12897943336043,6.3145174657293,6.19227067448957,6.81224666598817,5.82409838458835,4.78634179575328,5.46476346600868,6.27884112130194,4.81184981288237,7.14906171993564,4.95376069956376,7.02081516719103,5.06123933981067,5.49924204827479,5.94027217389013,6.4288300750455,5.57781307725667,8.85196141577047,6.12817820238016,8.62476388291314,7.23809482906384,9.01811827318283,7.32547001154372,5.94103389661509,2.53484507940617,8.76614899569946,5.77258426965226,8.64846203462758,7.26085283193418,5.8811758772639,6.67099249139128,5.21025486463761,6.40905820742177,6.55632607466372,8.27071241922634,6.88980589496583,6.95995419147711,6.30693391877255,5.52928033462792,8.14991536769567,5.95618773150725,7.63448262548696,6.47107728340939,5.66819649664668,6.57692860867621,6.20982209223635,6.8717333974824,6.42319465426986,5.90109659263163,4.73678316180751,4.58181660712786,7.77419968692679,6.66485690693169,5.79063823052847,8.43217106774171,5.60438234095687,4.66129103819729,5.577933468881,5.97626138786935,7.88027498505679,5.88894535963563,6.80449251330733,5.78715257645313,5.53041607264014,6.51023213002684,9.06644943419181,5.56588145546069,9.349809733097,3.67278449054169,4.48016734732022,6.07258183947269,6.23666604371211,5.32939301792553,7.03674986042453,5.15685299593675,6.48097325082722,5.94594748144697,5.81782673326228,4.72442146995347,6.91126065039979,7.39876999654753,4.81114136809923,8.80209859195648,4.61352758809685,7.72742301763104,6.03394568988121,4.69406118338122,3.95942570612454,5.17988756037004,8.91254279821804,5.14700766060952,4.87566072579887,8.82330759622339,7.77889084478963,7.07469305048853,7.68175882029984,4.76955639716516,4.70737053600167,6.67820046798576,5.26117259880962
4,7.71273241833063,7.57009548739677,5.94308661701459,6.00809708276161,9.04189209351676,5.54421508873133,4.7776032467364,7.99140818730372,6.39077033569946,6.83693569381471,5.21087172715825,6.52795952659553,6.70153289648683,6.04665385724409,4.83346645980918,6.58093479336259,5.71430232648622,6.84088995517473,3.90739944826628,4.73663078746337,6.47530669193191,5.71125357819616,6.40488916231282,9.30209240139448,5.8941588885818,7.95772530836539,6.47019010350316,8.30199902398837,7.30866880021676,5.30788071566605,4.02547276643696,8.02990172267518,5.76645291678706,9.28667144394308,6.29259746056364,6.69764601261889,6.28471682825154,5.79473907731601,7.15983281709819,5.88966112087955,8.21772960847309,5.7904163568515,6.3712807670022,6.20176503492994,5.64712479257173,7.91156925216886,6.14836102983697,7.59746341650007,3.76769792006517,5.29693935839174,7.23988924293237,6.1264897807823,6.90407443050462,6.83607388488059,5.79246710087436,4.98401382565777,4.61963221395925,7.23280370957982,5.88951579226502,5.60998649810265,8.50703266091431,5.27898950494023,4.74408436946046,5.14816724231933,6.181131480995,7.68991347950712,5.3932849472049,6.4454150676159,5.82969158899524,5.59676510847168,5.86811300536142,10.0152920451144,5.29372815907815,8.35477473672214,3.13918658962762,4.84705073961205,5.71431143081447,5.76780616581655,5.4576280275874,7.03714591809696,4.86683506758336,5.42118803874314,5.08432975313958,6.16766130044721,5.01359744248421,6.83137763355111,6.97873183993607,5.54104213553905,7.83716789207408,4.5575911778417,8.15430062952595,5.05882668219433,5.69955879358827,5.21883162896807,5.11382194762915,8.27824098301061,4.87808641607094,2.20897031091427,9.40223440282644,7.79999901576692,8.01936035132341,7.59234801143493,4.88765658639249,4.35211361180256,6.81075683348607,4.71311823468195
2,8.55759404781942,8.16910055566,5.80117223176127,6.54249529619926,8.97823255104721,5.24165416860773,4.81815764469763,7.12028339642782,5.51540166701665,6.32914249180994,5.14688883000068,4.98480411365819,6.51111810864308,6.33354148692948,4.52091356608295,7.07786919990845,5.4578670693317,6.82974252748637,5.89129648912146,6.02826040515927,7.55684858952522,6.72686442489239,5.91281877878484,9.33541732445219,6.05897344248694,8.16729713045116,7.00734652147399,8.14260886115299,8.47196041040652,6.28591949420917,4.07696962382463,8.05115491982308,5.48013619877011,9.16978652488844,6.61886268684724,6.20352591986258,6.11193293717956,6.14562697339503,6.69951702254497,7.0743889415727,9.1188351560377,4.87853708680773,6.29977826875501,6.50549297123032,5.80803237979029,8.05100846471952,6.43512676425614,7.25262541294728,6.49257106917915,4.98710377483951,6.444557950215,7.21124240745811,7.20618062149395,7.00469036787271,6.55779675308182,4.79284714548883,5.38252511191851,7.47496204158993,6.09228592303222,6.09913033788237,8.88857102539929,5.67649219499589,5.03872124212557,5.79443351230372,6.22515495222932,7.49677336720535,6.18837821638358,5.9878226806909,5.49033437853693,5.55475453030189,6.1352580813862,9.87627863704937,7.20596162539485,8.98080197363922,3.65263868776782,4.82202461147686,5.83423830804893,6.84434131578521,5.93079203518932,6.9391905626059,5.59066049105366,4.69817353512423,5.15017285384906,4.59006088205409,4.36925079478359,6.85960959186156,6.94128493742614,5.41352794925951,8.31071594062168,4.58322233712539,8.20309866201627,4.89757577628248,4.83653386545928,0.169357113915177,5.01070104747476,8.2731256723016,4.68475072775759,2.93984809838359,9.36501994741744,8.00689992828782,7.14323279438235,7.34108570958218,4.99616254819603,5.76747178479419,7.3875215131898,5.61047436342607
7,7.62701181662215,6.99776410521949,5.55509050329324,6.21983199576252,9.16723404394686,5.71762829624562,4.94568985068913,7.07616629927623,5.64455933496151,5.5932868935701,5.70358628876041,4.78638459475496,7.62991076538154,6.43649723088408,4.74150374975214,7.2570675325566,4.92001167131362,6.84294818679564,3.62371546442861,5.76886593670973,5.98907315812891,6.96718636842954,6.22822327583615,8.94157269611487,6.0647796095792,7.97679393369717,6.40206582235825,7.61853682836856,7.40308776720445,5.97345526980961,3.9176771226611,8.52076618309571,5.45712358848755,9.90433611325843,7.24248753890104,6.81759176405471,5.71854981281581,6.04888289145007,7.33607142521002,7.06087009246321,8.58581257338706,5.37223491243663,6.87561821829119,6.56006039375774,5.42688821819377,8.48564066405806,6.5082835068066,7.50787456428884,3.62699411038303,5.63718128649744,6.83134155672663,5.67329948292065,6.8875231533301,7.43836194638486,7.89400834652316,4.70120356256262,4.75382412985405,7.69697886356212,6.05028010061222,5.60899165431553,8.61861464786412,4.85247632555938,4.65674774215999,5.67695432773961,5.41800625678882,8.07973477829064,5.01282338426376,4.78242501019452,5.45413650293583,5.39412797753978,5.6754891739811,9.66949089553331,6.21146121819181,8.98439891623562,3.69074760225681,5.22399747156659,6.00239989374553,6.03590519525991,5.38075430797173,6.87432619537351,5.98025853577157,6.1780033318584,5.46877067585178,4.34505048090525,3.2194753906693,7.50941063215192,7.48351382640265,5.55358738160412,8.7084579620412,4.44164088302953,8.12104832398577,5.20255179101497,5.16213521178863,5.70718788692328,4.63827201243852,8.53471377034703,4.81087215456278,3.58785223282866,9.09531044525622,8.22018855842044,7.08789327605726,7.45720960312574,4.85334729886413,5.00246560558294,6.57442746093209,4.99612373012894
4,8.09933353438768,7.64852492236373,6.1424472514896,6.12767827579556,9.07874027505039,5.8179645175443,5.1383391557047,7.02081307914735,5.70231711170146,5.74845488361097,5.33482720340123,6.36949930282214,7.28772349603364,6.47143294245548,4.97003610445722,7.09071463455292,5.91833194094712,7.44340243523161,4.99949978952576,5.60267384547328,6.26171645599306,6.07801059302076,6.05190465264663,9.28597876938864,5.48382913292017,7.04489664805156,6.71369905706936,8.33438453422206,7.27211968179995,5.86428850682586,3.72743397049609,8.05715647167663,5.81751002491056,9.33276231746679,6.68544912161828,6.00707487521557,6.60855185990544,5.18485316095912,6.11369027795505,6.69291477981864,8.23116592595878,4.96465484133068,7.20004739936308,6.57478895768334,5.18364389507608,7.68801206960311,6.35246081683584,6.05984165712064,6.04592665979616,5.34418959197787,6.8352666491586,6.1432373354073,7.03106022125985,6.09943794636947,7.01383762855901,4.39416948797862,4.15162774546596,7.22336475890368,6.01658364733817,5.86051614525943,8.6227403785387,6.0129673565621,4.15286779618783,5.97981515431467,5.46860362445129,8.09967168719693,6.48734941892163,5.89792854816809,5.74705683101331,5.92970418969524,6.09245110836879,9.71768845761853,4.67751346967295,8.96109883550709,5.26818078355592,4.84788316234723,6.17377839135939,5.97795275025853,5.28136877573119,6.62328305264472,5.60515365265169,5.81729889172077,5.60647305386274,4.88177857238792,4.54127376081358,8.11976099463638,7.47137383326755,5.64350871303407,8.83700502825846,4.01399923052331,8.17031230738873,6.25082995950015,5.17888173106332,7.73964129093626,4.86573962335315,8.01045362282764,4.7338306759137,2.78422842603302,9.3884544839075,7.85548544194993,7.29163472849348,7.81595011687488,5.00360081802479,6.5206837372997,6.72090816093435,4.81342774370298
6,8.56488565126361,6.86185009787242,5.4879259445908,6.29032135188188,8.68695785458806,5.45922650579389,4.96603955975782,7.0276893899982,6.17219651262776,6.25857910526797,5.44898043856847,5.70724517309132,6.87804488132828,6.30543314216978,4.22880997330809,7.30575831907529,6.22156538370418,7.53252315828385,4.50476447801874,5.90088902192217,7.06987494528253,6.28043201784928,5.87152565843069,9.14791996036609,5.93619995386044,7.9954085027254,6.589317191859,8.96891081016168,8.66642295572149,6.19024088053427,3.59210653804627,8.11974033042233,5.86548110553085,9.46377039360924,6.49629506817572,5.88167960545457,5.94785630641807,5.31732904055289,7.06832266047612,6.86269059467478,8.6536025650513,6.03262087037434,6.30942450277071,6.31236906578307,5.17190926816453,8.00630370136966,6.04429202632019,7.04218838062047,5.54091587866351,5.31992962880891,6.55868731000112,6.74039427106777,6.79595633002829,6.15437797128948,6.79530503433785,4.82918323739327,5.14300110566389,7.29298073487591,6.19169258265847,5.8169935495655,8.06619796585808,5.61438075786621,5.43860789147971,5.55776771575258,5.61515516444706,7.88773777493534,6.30845083555665,6.43668548623183,5.4405845140475,5.71894838859909,5.57378208588406,9.79657339095159,6.12695172558247,8.80555760173609,4.81768116703053,4.55695644667918,6.14473481708532,6.12771289565783,5.37648457873413,6.83480266284562,5.31227572715438,5.26752547097713,5.67238833045382,4.61155303617728,4.65029418219846,6.86134746547172,7.04483839460068,5.15505841864919,8.14256113820585,4.34121703628604,7.72042409313878,6.20813453165227,4.86213737821352,2.60014232441224,5.07914736038819,8.61082552600612,5.0745263688687,3.95954094313704,9.11042048824549,8.19466826885071,7.23143416467537,7.37213993158794,4.96497528693063,5.3664564736336,6.64234699854487,5.27656252850764
1,8.1397474796304,7.56946552737008,5.49735579030022,6.27984749990135,8.51194107717146,5.58181874731965,4.11243408459641,7.77736424802816,6.06873067607,6.3448858885208,5.23711963849402,4.51442693788413,6.43448350341765,6.28663921777968,4.8318934801348,7.20698224211569,5.16405285794756,5.97855516160458,4.26511094107148,5.0377870143954,6.6658061267952,6.27466520645313,5.66047642476198,8.68175786041552,6.01549788031793,7.66253897844047,5.78995908655011,7.32933073871447,7.81295507573735,6.22767915090298,3.2696901550038,7.39287022967392,4.93261903075126,9.94689165107419,7.04521138147786,5.64708895682367,5.77837454664504,5.69686978191768,7.81424966828941,6.41620514474918,8.67441061513433,3.55882491728962,6.62713188299936,5.9670277774871,5.67495772397208,7.34904591006326,6.17854807523501,6.82246171225386,4.53745624786562,4.77451156654499,6.39035017258843,6.51770212744638,7.12997182617799,6.786997857607,6.42849666354959,5.0602165003494,4.54092001038399,7.36860467741309,6.88173789075514,5.74492929292826,8.53943585770933,4.48693006971487,5.32534040396316,5.79816916035438,6.26104275516716,7.86727733097335,5.20484313907576,6.38733085085234,5.23849167993333,5.36417480180261,6.49296301722908,8.87721592432721,5.35501377631906,9.04122392899649,2.96864584904277,4.62255571107977,5.9600879106027,6.08162268914454,5.2610393346073,7.24772642334677,4.54080630169194,3.45538907884314,5.34640759202998,4.7148805620781,4.64851291026123,7.20324930619987,6.5337466996777,5.76409019461182,7.86984811129277,4.59986368772949,7.85246139902975,3.17625785558464,5.01416552272703,4.10836109687657,5.18924459728387,7.81564039634242,5.17279014414372,3.04292136681689,9.76237676485768,7.81693221981697,6.74307949800023,7.53578946444829,4.77199972315955,4.77289831605129,6.10832314038243,5.41594660373347
7,7.80039384175223,7.94622087150779,5.86132076669335,6.38854568423151,8.71854129773247,6.03079814339959,4.3797282088466,7.73897711292663,5.81137739197538,6.05837177958178,4.86591516138571,4.95934993918862,4.99860240612421,6.6494183123184,4.60777306133802,6.41195503967151,6.10982315674303,6.42214116340565,4.35536605135669,5.37969073671532,6.49578348446222,6.86296478018376,5.17477157266543,9.04360838132244,5.80358681803932,7.50956276548959,6.83376344558595,7.62175025627633,7.69296471013286,6.42786509667963,2.88884783871412,8.15422525930743,5.59968036812126,9.23599674308373,7.29485037160867,6.18235755257856,6.45335409046258,6.07453914686307,7.69515526197878,6.85201590112768,8.70060653742216,4.84979654688623,6.56300915954599,5.76833071187273,5.94536688810829,7.70395508571864,6.31906359167682,7.29053411487194,4.9201152452945,5.06687640222436,6.40640130039354,6.64660525938822,6.86062094935483,6.93784610186804,6.49634950660557,5.19925966651233,4.58831877744071,8.15853724837342,6.49531724553351,6.17112183484147,7.79695975265407,4.77511892294116,5.18663208282048,4.77602355108485,5.41878113574623,8.00011435542934,6.55117032697283,6.19581164247653,5.93299637631535,5.44866353820317,5.70615235271009,8.9815192563148,6.63752186878062,8.98176082847552,3.37016212425499,5.14054738206842,6.08801981742222,5.80113560731535,5.90298819487111,7.56604172465705,5.67954904254431,5.24429313803494,5.42099224466568,3.98330560486595,4.20561930293937,7.21528902089982,7.11289531692068,5.66999697931394,8.08589307501131,5.21866943982485,8.26084609247764,4.48672889166926,5.07578206516909,0.655870237632552,4.76287793217334,8.10845340967733,5.06520783649496,2.62653265250932,9.40205150130436,7.91272369362297,7.78563063472946,7.52731911810926,5.03859462546598,4.48499780284575,6.83491453803587,4.3637777206704
8,7.72436932493943,7.06201579664086,5.61554291914957,6.1457190322761,8.69538310808909,6.01540642684279,4.77674271350276,7.36521352394053,5.97969398327076,6.15759976906184,4.80461061535408,5.56307208702927,5.79234074207497,5.91582149131337,4.69320950257701,7.60004805665907,6.23223271986893,7.01180858803871,4.57480644828254,5.36084175722285,6.43203670480789,5.73520998677686,6.4135294404329,9.01603228932953,5.44755593214088,8.23632739587618,6.06787832439854,7.34443571864273,7.65826728495754,6.21409201824301,4.45430629151905,8.44546040211881,6.18807982811443,9.55396148574007,6.98120355145473,5.38926408092707,5.94561183085103,4.9928358953067,6.89674606754268,6.59138114882945,8.27650152783779,4.73816737704774,6.8607371382452,6.6817079098359,5.35884721794623,8.03540578934922,6.76998889301595,6.99747784248954,5.98856475030615,5.89189832427341,7.09103797967515,6.6184733406384,6.95703604941075,6.28789209112636,6.70145729224199,4.18866006295964,3.71992645323325,7.0847335447413,6.34881228232812,5.94859645676423,8.80177144398722,5.63528413908133,4.83191988156896,5.90291091654088,4.99629745897562,6.79734651172358,5.08933285776207,5.00175416674337,5.44253560349785,6.01675962259667,6.3242754513234,8.95115140426346,6.26105863926061,9.33091416829485,4.30033356435658,5.03455467352646,6.27301315711643,6.60981977280047,6.49393963944484,6.21631282210307,4.76049870416356,5.79441563565231,5.38844381767429,5.18536933351284,3.43056577454275,7.65622995372802,7.51669205979845,5.43629230683548,8.76668208295794,4.20404888531107,7.94131446984098,5.95893051855008,5.31218594377639,1.72733255759129,5.32156873447061,8.06629659881369,4.70659735374589,2.03480363416255,9.5809153141173,8.18414285577281,7.47778321319035,7.48004468668505,4.86299470462459,4.73170050063432,7.43775605679367,5.61112479753083
2,8.7460639560919,7.81985382637376,5.57308474020288,6.2945827912045,8.93195984212452,5.63186512919845,4.62963241619635,7.48931239351414,5.47135689412699,4.06830269257913,4.88716993620829,5.2389319677833,7.42477574246954,6.90024049737254,4.11408506210453,6.59620111688961,5.54940083485847,6.92413154615949,3.47427398417995,5.17398864205925,7.70972381580402,5.98691690956825,5.88656079628963,9.68317943776056,5.89029331468702,8.00767617014354,6.5204651626716,8.42344940670769,8.67044703272082,5.7953619137526,5.79651188861822,8.10619336345316,5.58299043746807,9.50453309280245,7.16153447550184,5.80174045803561,5.54140656306936,5.48415061933211,7.11631758023944,6.27870348878464,8.82571361715959,5.82930069872341,6.67743143213549,5.94680657777431,5.70880360301626,8.08281290118062,6.63357364741767,6.91258405312972,5.15760102576306,5.5455162573998,6.77058075490832,6.68748249326871,7.27570029510421,6.30721953091448,6.04407165331119,4.98962094140474,3.93643106712597,7.62239985409599,6.27673349417198,6.15367953249939,8.26395382420728,5.41735760213397,6.03332709186682,6.31700380934504,5.75522538775708,7.99531282929794,7.37197458867279,6.19549323351966,5.23942581182176,5.72561034289683,6.70274371297692,9.32164186695244,5.68079327617577,8.91576322392129,3.8604806931117,5.16834991390853,6.50556201489933,6.13029990542869,6.03574982977985,6.9428359143817,6.03666820239947,5.38106198022273,5.04329394465538,4.86772806388827,4.70433859805394,7.59574959483143,7.25847718654309,5.32595793142819,8.93701931385566,4.87661087111541,8.29075347641697,6.51827208424549,5.69991061770463,1.15044175701905,4.55292052835357,8.28952611509968,4.45929870211693,2.03722085611396,9.3937488367789,7.87666388858226,7.88002829514441,7.67725100002467,4.87878184297872,4.50087435511286,7.86157031120434,4.83311363780032
0,8.38865350335637,7.07547433840543,5.28153723957153,6.01003850078263,8.90892071425951,5.85894791419358,5.38976581168406,7.65047600912604,6.0142638842671,5.3893135753776,5.26668867631589,5.61651493092505,7.08010898480646,6.24312401332221,4.14906453161565,6.71895131542172,5.8303500336552,6.47051652943627,3.84700360040936,5.14895096126141,7.01313043298347,5.8478428154645,5.51155631180562,9.4372061265124,6.29089730470024,7.45618785916329,6.99578055201278,7.8369263156019,8.71530626647099,6.18917215793336,3.05286599893836,7.93736899667329,6.03201713443421,8.65961434126422,7.3572566230269,5.50735899297468,6.04490572460723,5.29824106831878,6.91053981024718,6.0137249924168,8.66325829500321,4.32534773453772,6.46644531919887,6.3945654767076,5.7227918367952,7.68507380891519,6.35432537283185,7.37095752198667,4.69222616186571,4.81887933264454,6.70525304515265,5.41704531574243,6.93879021227283,5.66021298443717,6.12444623390213,5.02203081214297,4.70541552282604,7.46350951175925,6.92188739012547,5.78331920342347,8.92642350134209,5.04258469485289,4.65154216199206,5.70585884841139,5.20021482203809,7.56406101444158,4.7098454888265,6.13839770314758,5.3855122688789,5.7635121160421,5.49849460921681,8.77676852950182,6.49122380169406,8.53365128289257,3.28002704496167,5.02821324441201,6.11909045852779,6.4928113694665,6.43870852298901,6.58557539433444,5.15813848148272,3.51399467273196,5.50094993097953,4.76697326795675,4.4452759558067,6.94160655110259,6.937166245468,5.94250204957891,8.2282566105668,4.74133323423103,8.01832249982713,7.23865917113941,5.15834800765668,2.28840311503021,4.74496622758593,8.00167179735438,4.52097309140097,3.53797096233153,9.75122697130344,7.88994494897816,7.70330082248158,7.68646018086777,4.83286921173223,4.22872102064182,7.02389891249994,4.11169351488491
0,7.74501198414312,7.60958295107681,5.43575899850111,6.19194265483223,8.87020721885753,4.61302713541526,5.17947594243399,7.54331887369313,5.07537082868722,6.36294872338119,5.61270658098634,4.18673322621589,5.93379865984768,5.9226463036041,4.91109679298045,7.16067131171959,5.36517825962743,6.99314187849797,5.39163633739008,5.07312186919696,5.92628774533776,5.96852470995114,6.2637172797786,8.8738447807316,6.37672982093472,9.33252831449118,6.33954385031132,9.91614248830346,7.74995704730558,6.48105440538771,3.12842670607282,7.11325448433787,5.25358511114992,9.33051070686084,6.70182891366587,5.53035640008962,5.3175490042527,5.3525810823154,6.82403572631877,6.07539727175323,8.22542680110178,6.51731498817467,6.40150024001727,6.30458755615221,5.86804225451017,8.98010923813673,5.85933692696819,6.76951802620662,4.76327608200294,5.05643554736715,6.1432540300958,6.60370209683067,6.95025033870778,7.2747011492294,6.12290120341464,5.02576090851379,4.89409713516217,7.58420811733005,6.54966624423319,6.10122733011732,8.39442518104415,5.25702469101666,4.1404416729879,5.47533013410591,5.27382952560438,7.91234613164717,5.88289107966763,6.60545406891423,5.26198822043075,5.31804636146484,5.52503628660178,9.60532737155801,5.46940187246291,8.64941055230573,3.54585619834514,5.06620145188787,6.5064557894037,5.75396222803031,5.23346400620925,6.78788882351122,5.53189056483578,7.46423363102731,5.43180741347473,4.25380563743353,4.99462710677063,5.89168801179845,7.92016945174339,4.36786831671142,7.7615454011779,4.64795968748139,8.07889943437231,7.37644510466452,5.55449026429203,4.20714464951748,5.58017391727906,9.1202694374025,5.19488628320654,4.93135840824154,9.28197210274424,7.34678685590974,7.59704880442411,7.44924895327337,4.70590786686944,4.63878812083697,7.4551903860198,4.31992942977586
8,8.87395526887648,7.60206272526939,5.47329376952127,6.24982329031915,8.91298185455236,6.00363389256856,4.77719068938428,7.12066601970596,5.76995396110877,5.82412668929329,5.2990417012813,5.01753039250259,7.62578134384087,5.83323715765031,4.2542428001921,6.79257920586989,4.76731953464156,6.82708513815815,5.2120345840343,5.47797403849625,7.92413863458554,6.68043536171488,6.21714231052494,9.22503032947161,5.72611531663918,8.32659384437914,6.87094738209713,8.38130783861356,8.94500971031253,6.2276519045649,4.35264232520707,7.99918894092743,5.56096623035385,9.10339974271582,6.73155770848176,6.19382441090986,5.51522148330289,5.96007255641287,7.45798036594198,6.33923456347008,9.48249240191145,5.39957003177732,6.45043661546375,6.17097443583028,5.6400041009444,7.93277433984874,6.11912751399272,7.46413219762049,4.79987741702956,5.67953220561896,6.2297798008408,6.65314566313926,7.19280335335161,5.63797090554797,6.47575126446442,4.95221785523625,4.51346000733337,7.51123247741022,6.42180129234423,5.78662818204275,8.96790210577823,4.9900050359064,4.92108217676572,5.14183263976256,5.78793254877612,8.01997229720627,5.14153079051012,6.53855179385475,5.64902027441685,5.37925151092629,6.03523296741214,9.14305550143761,6.46931170090954,8.85645709599186,3.79957945554527,4.7280085518759,6.33143343704434,5.76902657190537,6.21301533475101,7.09117876496569,5.23097572557649,5.93132561842572,5.06722274044252,4.62641780467152,4.85521635567011,7.03858127614723,6.99246617154379,5.48536871847727,8.71149274473763,4.61247346585846,8.49617694001497,6.28622401029913,5.78715719933973,6.41284423242575,5.43819186311531,8.2505339440455,4.80295566312973,3.51035359828267,9.35320480679448,8.00382582532223,7.4201937951361,7.45820756336596,4.74804714041594,5.16693066287441,7.18057529739268,4.81848062145735
5,7.58227464924828,6.77129877942191,4.9824178020421,5.96532313088297,9.43380477775396,5.61362366287876,4.15355397895727,8.0501634487659,6.316889513875,4.7632306973986,5.85135496185513,3.91708832851813,6.93557818847758,6.44777554889629,4.82979118615622,7.31819926186173,5.38792533070446,6.40299522813929,3.98709480654852,4.95011875114128,5.88042058213866,6.37347085267899,5.8452001376118,9.20259803793653,6.52504802757716,7.76120220602375,7.75239966493813,8.79560763034046,7.1802158273944,5.76817998729422,2.93144656698233,7.87198461939031,5.66694292444246,9.75264491037643,7.09500195780393,6.89883045314949,5.21429297094447,5.79667640234827,7.44145395752716,6.36895284352437,8.31597153636723,6.08693496019608,6.49676794080829,6.8048040527116,5.11548533435592,8.04491059939524,5.65229127598197,7.12046653328229,3.55063096831646,5.56463264326361,6.39397879446239,5.44813363310608,6.85380000832998,5.46586011667466,6.50916781912218,4.60490877878807,4.72726280785195,7.06663665174581,6.17489854558407,5.82946109045427,9.32997789238193,4.91325959302671,4.5746959867735,6.12408078151548,5.46071936871372,7.56261337729007,5.24559095293982,5.67566308468976,5.2093194076901,5.65558289535632,6.12088988602737,9.36266098369985,6.03230913534754,8.66668240496567,5.45692750075213,4.84526923916973,5.93417663702171,6.13141228082113,5.51667968161322,7.12359842679583,5.5493857738315,5.59898107010392,5.72864665568049,5.45763559023182,4.07687905134068,7.02631089192028,7.28011177997612,5.47245549098841,8.25489851613244,4.16784868199547,8.45275606116476,7.39860433678211,6.01968115308501,2.68098960912368,4.94477532766357,7.99840501070362,5.07706644759334,5.06979719948121,9.42745895401027,7.76910209100181,7.2473606426888,7.57491711291553,4.42009094257751,4.34771096104277,6.53798110038376,4.57935376178425
5,7.50248349577866,7.33515141019762,5.23399324948272,6.23446716485866,9.21330285819568,5.60097986268838,5.08680743231554,7.28143082043546,5.21152050940669,6.56869288340681,5.45181314293274,4.68027329040568,6.98106633066117,6.13430153282568,4.42243553174984,6.75441216619368,4.74109841152265,6.48537547059558,4.56420003794489,5.35234335634878,5.9732409657567,6.87555458092478,6.0649479008537,8.94922207769789,6.09155882859696,7.93680195053477,5.90056283547202,7.57033452354362,6.57693843196792,5.81219007564686,6.65549063766355,8.08589621449397,5.17945147354057,9.82925834813388,7.21642062025292,5.98926534069059,4.58758944478059,5.42942163796504,7.3525321161527,6.71491195709123,7.71003444770295,5.15638514411816,6.28159783414631,6.35984252863917,5.48804583489243,8.23346533070899,5.80679303937309,7.33865832907567,5.68029542217959,5.22112929569513,6.91280512422752,6.55419647830416,7.34223685410382,6.55377118103945,7.092312509012,4.86931742863841,4.43835074728216,7.22640501846413,6.29760117978587,6.05102390471523,8.74646520257325,4.59321715276974,5.80731708595433,5.62439623385431,5.23796272559738,8.02692650898542,5.44209489547947,6.05677230931379,5.32288439990387,5.59827499458264,6.42724463051309,9.54599510802294,6.515618010631,8.58122071806731,4.06915882502187,4.75159363868568,6.38924000850729,5.53782986043441,6.24448958902369,6.24370937190409,5.31845255040413,5.57780490255844,5.11439771119342,3.89823037865243,4.06632297930532,6.68011775246644,7.20835731283903,5.49242981191901,7.93621756459416,4.37632002354755,8.22186235015382,6.85786696059648,5.1542347685854,3.88664229748882,4.60476581966027,8.31709473428507,5.20212572722413,3.91748959301081,9.24757400740364,7.9740120469593,7.30439736897908,7.39579469353249,4.74417868544365,5.75169382203985,7.09640201010437,5.73929873486669
2,8.6879475292108,6.86030694802439,6.05279597336935,6.26691097693978,8.87229634339287,5.93661459710851,5.16767048151865,6.99562619188346,6.37673835089973,6.38151757380883,4.72444500956376,5.51333964291309,5.87883367480607,6.25577755381735,4.37142657060036,6.56244741300043,5.89918802896641,6.59044427036466,4.07364843409776,5.64866766389744,7.2079777429438,6.66938088387296,5.45454399224827,9.56953348016157,5.63959441713385,7.98191536531945,7.33418140172853,7.13382958705213,8.47574561074311,6.30006271553104,3.73166150259785,7.53531715273826,5.13706165498255,8.80866166138168,6.7843414943672,6.05015140383166,5.97663552872689,5.61658186805485,7.58512116036473,6.50576965449837,9.18693532373485,4.21964814124051,6.32026205418409,6.34043056870483,5.66734186941295,7.53549442415908,6.32174063831321,7.09520428616601,6.10915621208928,4.37207063995356,7.20203099419258,6.51852930681015,6.96033378405343,5.90030473767078,5.89857434826219,4.92952816486407,4.62038954675584,7.14741705676973,6.71143320929605,5.90784169564445,8.27592118684598,5.84470485446314,5.21065637937629,6.53930928756964,5.71433655726704,8.0812092448676,7.0058678863853,6.66434931956362,5.79463669831514,6.00422754785538,5.9448253106271,9.79147635192287,6.62042473559519,8.62374768592559,3.57743008661776,5.165026904766,6.28759499867623,6.77466142997025,6.39282406979191,7.4633095346643,5.79495166259179,4.60326572122231,5.84575051426966,5.01090948298664,4.5649145186365,6.95965131938474,6.53875517185431,5.55086037479189,7.76036250997607,4.39691078778114,8.10570924864776,4.54992093908627,5.43646705424649,8.81771239473353,4.73248716957184,8.38517506095292,4.73061890041845,3.09578395652793,9.24878542362052,7.73110393059237,7.63206076566931,7.48762368252752,4.70977506168844,5.07275285440968,7.21651423213055,4.94838107894322
5,8.72735469337306,7.48940916926766,5.43943162225364,6.26853781833805,9.0350912389397,5.75579913957443,4.12426511019875,6.68703483340262,5.95221819274821,5.8166918492437,5.34012051541459,4.21166240028185,6.22119754438361,6.71120329901636,4.30002908891897,6.5482416692638,5.2598017237812,6.60532438204559,4.45474240623948,5.34030792152312,7.32418839338295,7.59277015695453,5.7712885556367,9.20529857871518,6.43939977693702,7.90983770876695,6.92146144686953,7.84362635598922,8.77382574653971,5.93578392170891,3.73510427287238,8.53014136352031,6.32663420826983,9.27470403111547,7.23844648674454,5.26494588448652,6.71251354505264,5.09939763525627,6.3633590380626,6.27506191020142,9.73855635112837,5.21333935930139,6.65724519712346,6.80957362327668,5.83633261810075,7.870249413524,6.28458094721058,6.91193833932842,5.62870863776544,5.24664693303594,7.00219124820064,6.13496895939262,6.7746548628617,6.73530425078774,6.41075674557594,5.82105366383676,4.41681404111702,7.59601571884024,6.05322744336256,5.57913730611388,8.87467711151016,5.67562931900937,4.56005912832566,4.9192516200748,5.23070066593585,7.83284550419561,6.28864579810647,5.26873684697997,5.28951059849162,5.75127979604179,6.25852426575097,8.76131021621516,5.59518311095705,9.12267296718898,2.83356598590967,4.89532751175292,6.5567188967258,6.82549787049406,5.9731011450313,6.89874660530231,5.50873909167803,4.57219111674715,5.51357217561656,4.94741612036516,4.03967577362247,7.45790061744153,7.11269659237323,5.25515698740502,8.13463064525081,4.97541230795611,7.89574203825757,5.78228058878371,6.05112080013319,7.9819310634658,4.45389139944279,8.32819598470629,5.16999475523008,4.13854920829736,9.34018277254142,7.77749317809873,7.53947213596966,7.6545827194209,4.80478077529895,5.79856192734727,7.0303825917425,5.19906615647215
4,8.59371279095264,7.74308503532661,5.52459326859714,6.28804910570973,8.94642926865262,5.34174203036613,5.44874941433025,7.12009815944725,5.57287289656124,5.23289200635114,5.10814542352753,4.18027920642014,6.08192243448577,6.65300532051353,4.49118698592341,7.09014712388102,4.9632438178561,6.66915210616333,5.11643421433754,5.63449449706531,7.15000217357887,6.46263911749924,5.97988388812415,9.2745984744559,6.13461032066352,7.72271179185766,7.14185709804779,8.22615736921822,7.96755601979284,6.26462899274566,4.79581419132808,8.87502420148883,5.5969885039633,8.34532242767705,7.42057604000759,6.50371876921289,6.14360061647381,5.19340581488864,6.84879347542754,6.57777519775196,8.97383969478853,5.98616778142928,6.78307219086367,6.68894502080961,5.27088319101112,8.66588761688947,6.10267691268141,7.35517660880349,3.88438361088712,5.42946447655857,6.94862652198129,6.41644114643073,7.34714372682325,6.85118668672263,6.42619319162729,4.83864966639923,5.14118615026084,7.17969407046791,6.24970666659049,5.68606138270799,8.55603030480382,6.08336675245263,4.994429711714,4.91093979099995,6.10562438855058,7.42772985863827,7.51285783361568,5.97733468640121,5.53506496735941,5.79736273883727,5.8690313052377,10.1069032899426,6.35250904909171,9.11660915752989,5.03568909348216,4.8663042878243,6.15595710962602,6.69345679536255,5.77638487763926,6.36821757753542,4.70157610344149,6.49031486942831,5.14415906425978,4.82966453745752,4.45034770229241,7.31303629197009,8.02431742041581,5.86120951944446,8.72788148563435,4.69004693548595,8.42643456640393,4.84400450339177,5.36358008105667,3.91401259283139,4.74429486130528,7.57569113124647,4.96756875863052,3.61903899677436,9.30272519957658,8.3523956178736,7.06644930223324,7.29738562616751,4.83835178102436,4.75572111630632,7.06435943307651,4.3838549774076
3,8.01210257691417,7.36020702414853,5.63076837357188,6.10253735294579,9.00084390117489,4.79745728396263,5.17428658032757,7.84889047745344,6.09414902696586,6.1051047048631,5.29203275358057,4.78126675694788,5.82001938203089,6.39954535188411,4.63843218419465,6.99127563937057,6.12334642220862,6.41829213457623,2.62549256734328,5.77503672009193,6.16915968636977,6.20451711243527,5.86379363676045,9.18756261209587,5.73868343504441,7.90796406392817,7.09578189390768,8.30398911738787,8.22051626376848,6.15202725841557,2.2886206625924,7.70316829535608,5.32230691488754,9.79112744745037,6.78101583107423,6.18883928126108,6.71621565895044,5.0755542509014,6.02801757536247,6.86810783818062,8.641682250048,4.82779025846905,6.36579697767432,5.95832768010215,5.51389587036038,8.18283202893224,6.2424858826454,7.22269330432621,5.56540435928334,5.19518305773526,6.77879366723967,5.96167082378352,6.9124420873237,7.43692183467727,6.57628564728008,4.98534092613261,4.42745655419318,7.89276245975859,6.29818133231229,6.23172769245026,8.47677243450851,5.47225839350531,5.06786988891114,5.21649536918813,5.74946048603389,7.88964499118053,5.42770468359889,6.92083475168355,5.23222671966341,5.65391423390285,5.7420523919594,9.90303000918857,6.91781810827359,8.55628832531171,4.83876346349421,5.63579695744232,6.09396381901292,7.23289657351579,7.18796208248859,6.62263839540663,5.05900418809448,4.78956447699378,5.52245830396736,4.28474945046407,4.87472085644016,6.91881650373889,7.18058567373364,5.57526326766705,7.91502801054353,4.61168387972184,8.20380815612581,4.36702554150529,5.08583058572005,1.44995178843587,4.85429299303003,7.92154804429162,5.20644015616539,3.2405135655069,9.82889296821286,7.44403714119707,7.51591682364383,7.64219775161441,5.18912548741555,5.16098488763371,7.26534503671403,6.16837001456106
6,8.69249830801371,7.97620014566693,5.32724961856862,5.88370234790472,9.11049167271945,5.80785417298837,4.18767876209261,7.23149826647268,5.71327150766214,5.70522867130037,5.56353854871109,4.84448943524647,5.3321797783284,6.43729330603567,5.27047508945641,7.64895997251196,5.39754515478125,6.50954211858436,5.17963550283811,5.68250648712165,7.43152752811722,5.99420189513503,6.23673952807815,8.76963673210995,5.93705302422052,8.4512545834223,7.0518112742789,7.61720514607258,8.42758781293078,6.74563942784219,3.27188153567874,8.37584628366567,5.26678845707021,8.44291086417346,7.06593108868934,6.42476060460455,6.68393990371805,5.07705839771526,7.21027075435209,6.34780925641025,9.08153608929108,5.82403094973361,6.54785433355181,6.29428879198894,5.08933954721429,8.10490241110936,6.16524125467086,6.98547114387537,4.61043677476385,5.42819451564972,6.95370002821997,5.62174064237807,6.79430362563942,4.77831035384526,6.46033548064979,4.10451366274356,4.70994803074035,7.16502005003818,6.37860148419259,6.05753025127231,8.67625176569379,4.73357032328004,4.13915270638575,5.76965060555273,5.43074484804777,7.41468263080078,5.45974316640382,5.78357994226051,5.69930542445642,5.39876316281355,5.96237282276872,9.82238628263561,6.65552518813928,9.02721347097836,5.44241979542744,4.42271925787155,5.8299858179734,6.22266206678072,5.69793913741116,6.66229190707586,4.94547512575353,5.78511260161256,5.31986344614936,3.98300210930931,3.99290436805009,7.20141942242012,7.29903698275837,5.55833338444974,8.25143931806568,4.06857304417985,7.98845962177261,5.86046911122238,5.0513791312383,6.78390064439185,4.84376360448916,7.85498879632381,5.67447300805532,4.23804045005539,9.37890240403644,7.99828624938136,7.25025431554316,7.61652823281975,5.10157968688481,4.88497594202884,7.65655594462313,4.6492640774835
1,7.90871065945253,7.3539159351367,5.93442575374783,6.2310295607189,8.5911264639939,5.82142258397656,4.99981834088189,7.60579777429359,5.9727219438122,5.99755127313955,5.96598208051095,4.90192795466577,5.48747056716332,6.74079711504756,5.08120224501653,6.87455880438992,5.61814791438148,6.91495888854055,4.94715502872578,5.80882569127924,6.09528758275707,6.54025305968021,5.8498819460561,9.0896491449239,6.33842519806181,8.68467567537956,6.62077497324752,8.2446863466236,7.87507327608598,5.77768537556653,3.34451822562205,7.76883188527738,5.04259876909951,9.14923743625359,6.39701645556848,6.23057087809373,6.03700920891369,5.6432262029911,6.78331762310541,6.61962488190774,8.10207991825787,5.41674176637218,6.79234804599275,6.34232551595723,5.44476794841489,7.99319737897242,5.78615026270556,7.82630335347983,5.2201504246204,5.00379991123641,6.51199245397421,6.20378180095826,6.93458520931906,7.11477028128147,6.66825875580352,4.39376089660891,5.46496430098625,6.87054320661906,6.67530645352058,6.0642544166009,8.59550247715564,5.35530030456463,4.55674518096711,5.35009968282926,5.34696210348039,7.5456254389725,5.48825966506235,6.48972928521722,5.6950337140811,5.68576785269403,6.22423547154057,9.39870971373782,5.88241261965976,8.59275392881298,4.66095589382318,4.49401444414437,6.18174557355599,5.66344264138628,5.63929606931822,6.53723722213325,6.26110994385864,5.88399515965436,5.64591156324019,4.86116556058334,4.37328650977867,6.76508422225927,7.44070664586358,5.20070622358822,8.40784724416687,4.61337230293775,7.61591417939608,4.51036803646086,5.74353624349007,5.25003155279273,4.40216912716034,8.49598489874943,5.35764705926589,4.65471277758592,9.41057470606723,7.64308673373674,7.84489560738668,7.62169498312478,4.72974079813571,5.12832062886305,7.43199877145475,3.96209174916024
5,7.61322828420476,7.14416228486622,6.04002716085987,5.97245686969805,8.68451717931727,5.3908729469311,5.36634455845876,7.41216729179317,5.60428818096953,6.03936730168424,5.50770981954676,5.15390781038939,8.13327950847762,6.58836583129256,4.37733670645932,7.18866561959877,5.48093346206197,7.34336806208039,3.59695179008732,5.30868562712723,5.71223145542573,5.81082187299749,6.05958641135456,9.0005181414833,6.27315962885045,8.05042408477191,6.4227164815078,9.82830453386416,7.17349195825453,6.10923494931335,5.17258082728164,7.59391648729314,5.60739692038502,9.07720861156023,7.04153812234872,6.76093776283986,5.91504025036937,5.27525689734816,7.25059012435082,6.25413786159172,8.13795560339094,6.61726665499553,6.2927419569722,6.1536006079339,5.82085559537996,8.30922337882295,5.50615405778656,7.17185784973966,4.64775824034594,5.40742846090709,6.73908232272236,6.40724488954441,7.31931095912988,6.47733076336232,6.04690513361719,5.11985896245641,4.81565217746566,7.49847610746598,6.48090079983356,5.96550413143639,7.97447754602078,5.19690930890955,5.31743429482393,5.53566959414499,5.67929105777886,7.2841131898116,6.28824859719169,6.05840888105363,5.7184157589066,6.02734308362318,5.46956926750875,9.98395589139635,5.36081925439529,8.4708143456974,3.50990526465097,5.29531576354898,6.19918546304434,5.64894770361368,5.39772305296452,6.88118894760462,4.99079728213766,5.02896405734868,5.40416032335469,4.59598350525065,4.62867587502212,6.99761608085543,7.36655700843554,5.09654100103945,8.30925290353349,4.65414245130238,7.95846754833891,5.22372034398543,5.05745073226917,8.50120685122948,4.47506150569148,8.80608741447401,5.08088143630194,5.05131307309964,9.42741135025713,7.78187500137927,7.71199685942486,7.66837267683357,5.00253319216902,4.31974741259062,7.07264757465302,4.06891586566142
4,8.01731920241419,7.46598573638004,5.81309769185629,6.02166668301463,9.03445042948826,5.63697348584615,5.63394433509341,8.03042904859884,5.74856044101238,5.41114143600162,5.05807267598794,7.29369548755339,6.42825374044505,5.78998115231882,5.08086554748571,7.3473212355083,5.26587012915124,7.23730701107476,5.00600766238639,5.60770582671731,6.2715432674125,5.40407266197714,6.18614860706739,9.50501678488438,5.16560978335369,8.36592021695752,6.84888621535762,9.30127719805687,7.7973049113775,6.70345821681755,3.9071640986267,8.94581887890364,5.48249385637909,8.73172708543902,7.02526612568679,5.60109516091272,6.12601933943485,5.31908205213668,6.99307435577982,6.77165554131538,8.5106912529467,7.13830067601633,6.6762781117839,6.53308709718575,5.56712584798911,8.65162841569179,6.6214398188907,6.98204597468864,6.10919554233178,5.64863066268004,7.1789299658103,6.0434768383739,7.34609768632388,5.86373231730637,5.80450579178241,4.8884952607174,4.35560667476991,7.0224116078281,6.17244984851883,5.92663657223359,8.81344702700028,5.41135056582967,4.44249768800991,5.067590714751,5.73017091494555,7.56627247479647,5.54882425813458,6.73273376581683,5.41681082187374,5.88888067431814,5.63464229414755,8.15638443895303,5.57003337244828,8.57068879443482,4.48950069156193,5.2813056057814,5.66674386926461,5.71117768585046,6.03174056251444,6.668215472754,5.22591608983064,5.74972987826014,5.54724652310632,5.50738184412356,5.13605882367389,7.81739589245412,7.30351585520428,5.28897638851712,8.68022797828509,4.62912878456736,8.81541693987062,6.8877882404315,4.29110495777215,4.54924113067295,5.4715007949993,8.69189335847051,4.7206017625147,1.9830165438297,9.12659112205166,8.00180946790234,7.55450627011188,7.30343588770645,5.34531751764321,5.50756954461952,7.78656482729583,4.50238286803933
9,7.72603218510036,6.64447302437002,5.78479929412533,6.49036655784048,9.24212750025802,5.97128421608382,5.07409917731095,8.05753869591775,5.79392883846097,5.88279217326591,5.48159584675392,5.64811684917435,6.92569541049398,6.18544707951239,4.81546297151393,7.6194278591804,5.39754233882303,6.62277232148198,3.32626812507132,5.37969843296884,5.56481448852326,6.65978005358241,6.61907180408912,8.9644162530521,6.09963113098656,7.86016301728962,6.84642736087426,7.92406080881785,7.39624259523576,5.98774673254787,4.13141196578522,8.37023452806421,5.84727105844301,9.4467026416197,5.85904911344088,6.68443184342706,6.53640178358116,5.16455234235891,7.59566366272786,6.20235497318729,8.39178112196984,5.40722406352376,6.75598253276001,6.13437203453759,5.1599235843136,7.67145546398561,5.87636353913483,7.04646453054699,4.16376187263413,5.60812588657662,6.35865765487057,7.57596091131196,7.29463064921348,6.37541811473345,6.69176533750378,4.7572644112332,4.86524219417868,8.48617338940264,5.89003103938646,5.85312811532093,8.6081434725932,5.09143663175076,4.45783391904745,4.88494673319332,5.85868785707685,7.70979859421822,5.95789385109365,6.91566292411527,5.48308844876989,5.59917476106647,5.621612754086,8.6863798844825,7.06768158791574,9.27615053787227,4.848848304896,5.17960726671893,6.20035008971871,6.43086652909196,6.45121724249373,6.32166146109223,4.49888377043492,5.95003272298404,5.820024358606,5.63240011595791,4.420957180321,6.7990396433765,7.34706112121476,5.56533168894164,8.4097883081328,4.07216085245213,8.62284286743142,5.78743232984621,4.63069815443277,7.52633411738665,5.26325638684915,8.65546096312698,4.99117259508892,4.12560987541241,9.48779410866485,8.33258390401489,7.06497411857167,7.75601781409665,5.25719720113467,5.93919084232536,6.7159526104207,5.28906415295932
9,7.9422514988848,7.56044858355351,5.60961296542156,6.24791170958037,8.9809683771785,5.55723662503177,5.08279752874473,7.38726622855282,5.68475414546665,5.66056202300744,5.19120737389344,3.73051132566031,5.80608147723034,6.65464925077807,4.73604763901663,7.0758566029097,5.49465631318935,7.50170186685208,4.74545426266448,5.74327270730831,6.22177362764189,6.39531879569166,5.32472279505392,9.44911535415082,5.64208870681115,8.57977997782364,6.16177039726916,8.78190085147622,7.36272491724895,6.11648272300605,4.88123413913101,8.37245705841829,5.53880566073585,8.34704154673944,6.7332371823746,6.40822661658092,6.91214032277068,5.34293559431488,6.63174654853424,6.9689437579484,8.0873369790298,6.05556653188643,6.50652504884913,6.22203350410962,5.55770820190857,8.43494162744234,5.90171488468184,6.5442250852351,5.38803696570835,5.926133771227,7.20698984552219,6.67126824321674,7.03830964220109,6.67556304356633,7.04879039381113,4.99680264321591,4.8076034939955,7.29736180409681,6.33699392619626,6.22478677179455,8.90734424017542,6.2701389609598,5.29862527777158,6.03420844291554,5.73947198988092,7.61658119681218,7.21574044344015,6.30881833105448,5.50456593862779,6.29451047998259,6.97302283040561,9.91377975023012,5.77727212391577,9.08351818987914,3.32850957629245,4.5280766806161,6.25034729989946,6.59181850574301,6.1456473701173,6.70445641069751,6.0033277636512,5.71442311123887,5.15769248849019,3.97017887516172,4.70333025987654,6.85742678875956,7.30299847157022,5.06025136421081,8.67907169943964,4.53695764076839,7.58780985584655,3.61962041364691,5.85159118522378,5.19664296123046,4.8445624136968,8.06740667822674,4.77071217435484,3.26492967926868,9.36673496947228,7.8135863711304,7.32297370520169,7.66269165628814,4.85989809401178,5.29149128429724,7.08268040613058,5.65378810111645
7,9.35859024857175,6.84773595203846,5.4780137921149,6.56726451586428,8.8904843635862,5.53436372344533,4.8030100197535,8.16017745761994,5.64052310170225,4.35055293298009,5.05569236853246,6.70536168119623,7.62509278405823,6.66036638559943,5.00460244137622,7.04563882076568,5.62884094058074,7.02260520923351,4.25740288291659,5.06228780093021,8.70331832970822,6.42047501514861,6.12048473536526,9.01781750837501,5.35438136992069,7.80408108581201,6.87716468539594,8.42562180646907,9.3994604657717,5.52698782916315,1.28519548300781,7.99853054905011,6.25732146846634,8.94749635318682,6.97275207971746,6.23924652375281,5.42252918010841,6.00619149638637,7.55847806869718,6.27293033921321,9.53744407371003,5.54013848471826,6.16970423757382,6.09654820951866,5.42468327855195,8.2843855257858,6.55838226252755,7.36268971699403,6.09787812749123,5.22551859259553,7.28478185424735,7.88151596188084,6.66346432796659,7.187944791533,6.80972254708142,4.38971978854771,4.05745950583987,7.56329981730764,6.47185353253295,5.80432760488626,8.804937122127,5.20326132798044,5.03898974938121,5.71360273067166,5.66788709260331,8.19155583548575,5.54441717590042,7.33262128131638,5.45383491377167,5.74325982740303,6.68924445400464,9.16682578718758,6.77806967841107,8.34495890481794,4.34896389214607,4.56326113595621,6.29684012640227,6.23340573765691,6.95442196748401,6.88264977384222,4.78637871518334,4.82044894950748,5.49944751086405,4.87186494164964,5.33932260815242,7.06367051495052,6.9883379843737,5.68858622735175,7.85189241815479,4.36409427861965,8.0599684847001,5.47496602253195,5.52079208800021,5.53011974982969,4.55461024465184,8.18859482165893,5.02603984679165,1.72335290445573,9.38791298526434,8.11653598474421,7.05001679225501,7.58703379132856,4.5087229705384,5.04102255028795,6.78023076034672,4.39690815500703
7,8.32321621857945,7.56129910397034,5.87857408182831,6.16366945363185,8.97815919571056,5.81306188826989,5.80232850379801,7.25698653642175,5.98493170896406,5.18367329927106,5.35003283894065,5.2390422013549,5.40394061359886,6.23234103223124,4.96230973845456,7.12181281806139,5.4945906303487,6.7044297735851,4.56702365505754,5.51441582865751,6.83532160550057,5.5629914094538,5.82192706226923,8.95882920070181,5.89802079095203,8.78428455557825,7.60842997675532,10.3422432480235,7.87927560364904,5.87304683293207,4.63796246010624,8.76327824762978,5.60836337093042,9.39397341946683,6.75516801591492,6.09041487786294,6.23361862926772,5.65849023513355,7.44214392766553,6.77354259627902,8.81246700995152,7.96235069387353,6.42639540252782,6.36196695705683,5.11852314074865,8.73039992957434,6.28488064182326,6.34827512095475,3.61042375066169,5.99870041080015,6.09890511371756,5.75673236218653,7.07898147514683,6.30314678611434,7.21000132748301,4.60385595922925,4.54606086163871,8.16929160148285,6.44620786915785,6.27993827275843,8.81069731764397,5.61812157680843,4.58347844039391,5.02511180639186,6.66005094921254,8.1276427644785,6.13128471960219,7.1669881042885,5.6765827343484,5.96177652385406,5.35308266897039,9.30655046150197,7.38776958886515,8.59539184053859,4.1673508355684,5.01076431380258,6.19921842327829,6.50527103620465,6.29284260001281,6.68113153841636,5.32985749112704,5.9927135400227,5.30039032887737,5.24081707048354,5.18800278600777,6.76658778154035,7.53907116601856,4.54080474267363,8.36941247565058,4.0819307206326,8.08808454071822,7.09897750710705,5.0134586113196,4.03427281956563,5.36744911932883,8.72260060040771,5.15073643979315,3.20392199594328,8.77518657830586,7.80865637417219,8.00586704596027,7.65157781942395,5.06878274113817,5.26969152606449,6.93457344842427,3.93511501043882
8,8.93896284476089,7.65548428952618,5.22908087253414,6.25581169991386,8.98040532857648,5.38219743651356,4.86720294861217,7.88145763515186,5.4214278295274,6.2501840101869,5.5861907196088,5.49878658472209,6.0781483260783,5.68001680687431,4.81558353759627,7.24863702676357,6.12075878505682,6.31947946075749,4.37944023991032,5.52161951390443,8.06418362917621,6.98529082961484,6.07617836509451,9.11427835575528,5.81080002166639,8.41494974276183,6.59614478723355,8.6991356993025,8.97181181269556,5.88336123648547,3.49452058912446,8.22661377561763,5.62839327250985,9.1017046719732,7.56098866653199,6.03095155531345,7.2246010166334,6.16787101445412,6.28828884812084,6.15060470904212,9.54281412768074,6.46643491303454,6.77342841792342,5.82336496503933,5.31406442511677,8.04055755878789,6.24694810427269,6.69253221319279,4.71103464528639,5.68829975437077,7.04247284001299,6.37892989874042,7.22363064852139,5.80548169500397,7.0715236161517,4.4959194172961,4.68227658819737,7.05095179458586,6.20509715660569,5.959335056911,8.66852290318481,5.22643772987076,4.72475523235455,6.2787991789302,5.35395491672993,7.86178323348252,5.83373350047019,6.79077889502212,5.53964271764756,5.93740202426867,5.19271449826241,9.06288916564814,6.04143258094705,8.97785516837276,3.98609707653055,4.52311546066537,6.03588859932866,6.90000862837439,6.17035433475138,6.7346222065628,5.84571778486171,5.42652183115454,5.61872647364943,4.11313491074018,4.98998098110799,8.10745408316319,7.56147124344624,5.11268456530292,8.62470212657315,4.34143039116176,8.77194483306159,7.50371098282063,5.63699111485208,2.37697195284132,5.9969016303228,8.57495415840527,5.00561912853106,3.35679121753031,9.10191310269796,7.97286932022971,6.98647330281252,7.61893980795776,4.61981167962462,5.71648216395659,7.09619047329879,5.57873095780037
2,7.85979894957339,7.31470675266057,5.32855600970928,6.29014154456486,8.87814459897251,5.601171527866,4.98136095336107,6.86627280411036,6.15478104977575,5.1388424070421,5.14607677105707,4.52066788978171,8.47194389636696,6.31294456691496,4.75611276083272,7.39776512296467,5.74834087861991,7.2415139827418,4.01298436422166,5.48274768587672,6.53222058960117,6.37268996273764,5.61924923575509,9.72686906020343,6.15249592267284,7.89774535704317,6.40346836734388,10.2122460029697,7.55297627830779,6.47147027240537,4.77623549596363,8.35886413160439,4.95806894957278,10.1197598099931,6.87920369255641,5.48210439872464,5.39559382939665,5.70000988529048,7.09381910013234,6.55918699887244,8.61955763767415,6.85233967941262,6.38756238500658,6.35057252541973,5.19578351829257,8.39072568034186,5.73869463104422,7.02730197111876,5.71530187195427,5.37666997986741,6.6269701670116,6.29633792362755,7.0572446180719,6.86343215183606,6.57922330115615,4.46575782616356,5.2201314177984,6.91758104924722,6.50008396863486,6.10660587810957,9.16692675076856,5.72862926963903,4.56495885778145,6.46314373517312,5.99033235601865,7.30214458056164,6.07911783290651,5.8223330120182,5.24932015266075,5.44387824429451,5.97811531100379,9.54713298079064,7.07099673759225,8.45807477648079,4.67374221245102,4.54129891428714,6.27406960792864,6.65599110917865,5.22288507343211,6.68166228094168,5.13966952002516,5.85251405655822,5.68247996106538,4.57679524590754,4.34785380999977,6.78805244082869,7.24041052636183,4.92273840305761,8.19969731082622,4.34464044534739,7.81382058274206,3.87759169218502,6.16694421796228,5.34724608478989,4.76039365075447,8.78399506437255,4.86197519915508,3.61977679870396,9.18800341906021,7.38949793169749,7.18609919759318,7.50485210429355,4.6318761677353,5.5042953207997,7.25342636889182,4.44851572093291
1,8.26806700643824,7.17886071472568,5.44011663114738,6.42517846256526,9.13063237881293,5.3729452905419,5.22537868996998,8.23918422914324,5.85968095854274,6.15850847199576,5.569089567224,5.74690098047908,8.13634115229959,5.84409338168185,4.30395558189207,6.28740143963654,6.30406285528208,6.68966514889705,5.41566426199404,5.25242928546393,6.97312124164176,5.11377204796021,5.8740632439215,9.25951750850826,5.88402890017493,7.59152547746405,7.04486221294854,7.64762101795116,8.26799317950932,6.71012495592039,4.30035486122702,7.51343342731007,5.30195898921139,9.03994222237248,7.80015049933486,5.06405544282406,5.1576824813767,5.73856833850688,7.23826847818888,6.28802404324868,8.91896930012167,4.41095028467948,6.74164105987217,6.48257598432579,5.92126037527729,7.58367828582296,6.52252865108792,7.36916595356516,6.76028955026582,4.96268206397195,6.58309363156709,7.25350344067853,7.00825758699375,6.71608097169496,5.88671701303255,5.437470148419,4.60335404963562,7.12310868689179,6.36981492776343,5.6697040740025,8.66272950171008,4.85398301056982,4.92909101141596,5.18872126819221,5.5151766430799,8.29926000001541,6.16766693402787,6.02951046171995,5.46969417022437,5.65074353362237,6.09218589143016,9.09942122510897,6.52103911823809,8.99095092270844,3.07040218505654,5.58192948384055,6.09024881235682,5.91985142557328,6.15698674796011,7.28083343741777,5.82406921963997,4.82390125061838,5.77363974632858,4.05326238552235,4.56918808715897,6.78231399229338,7.29063938104355,6.02391746661548,8.3109741222163,5.07091695006717,7.72710324267566,5.14286492796825,6.32463933885987,3.94796284278565,5.76424607254908,7.87913586633427,4.69540009480878,3.80660486377029,9.55362201249285,7.84859528950856,7.61850508105742,7.83406191781433,4.45277264165059,5.75107509467341,7.6140859453329,4.44022432776269
1,7.51584009675293,7.89887364465369,5.24340956686285,6.33008114914841,8.87171421872118,5.25337384523966,4.50981055453728,7.23820020961003,6.09823889320723,5.03456786723026,5.065563729738,5.26176072538205,7.3914420034435,6.414518289088,4.43868897942637,7.34416646440826,5.89404014602968,7.27822017544824,3.64061604157866,5.61806023436834,5.53420463355159,6.5417976846733,5.91364574314055,9.37250673315305,5.42937100105301,8.84361365210557,7.48675425680602,9.61877428706778,7.02758288690582,6.55338932314963,1.83215941231948,7.96902182726872,5.75141052636075,9.3145062234613,6.76912765003465,6.22778340961642,5.59516191330292,5.68953760415348,7.66358895968709,6.49062097650284,8.12481909872121,6.93961030352895,6.00541529631937,6.15854522373735,5.53533947845166,9.08080063765441,6.54629316346832,7.02248336355896,4.19348662706149,5.17918479216728,6.99115822361354,7.12943659337188,6.69693934468249,7.00924721708329,6.830782763939,4.97823236244853,4.69408789578919,7.07162735416667,6.11801318599607,6.17240741198205,8.12049710545972,5.36089711945526,4.95459610421945,4.8352769298847,5.69158748841627,8.16604677443431,7.0164017419185,6.33130949820594,5.2386427495385,6.04111985911358,5.93158960243743,9.61590669801764,5.94035111275626,8.37582457023432,3.57515775248353,4.88151763765956,5.50530768596402,6.36891188436306,5.97198526784817,7.56090918926354,5.89525511799558,5.99495152399131,5.62066289623339,5.48493844201879,4.90792565273796,7.45651515112251,7.34118265900542,4.69171205673446,7.64541759438065,4.61232489843086,8.30156858235449,4.66202013568046,5.56660166619264,3.50666223687463,5.20540794351737,8.55322868820989,4.71155605987882,2.40548655512548,9.00651759997944,7.56529390588976,7.49873331105004,7.33002829784327,4.5448862529117,5.28702485931915,6.87064286728432,4.07823039181879
2,8.22373922196263,7.05337198534135,5.66751868975241,5.95708013395139,8.7863133330165,4.97023642335784,4.92977084971066,7.27612822703532,6.12263864792161,4.99675387366981,5.20055976147428,4.56393747767711,5.51766360259386,6.8830065347662,4.90409021312486,7.26250408204374,5.71633658842626,6.48884405998715,3.79022129913137,5.63313358755206,6.74549698409462,6.27260596621524,5.81193834358389,9.13660355293641,6.27304861992804,7.96412988775349,7.38542465859173,8.96027935297732,7.8181599133351,6.22625876836206,3.48244864776952,7.4315920489481,5.45407963262179,9.7142649902575,6.95685596504798,5.31526754326622,5.20597239500405,5.25657967142663,6.53967291812569,6.16535252799473,9.18543713864028,5.70496817354721,6.01979002603519,5.92980691130728,5.35588827248294,7.9195396622513,6.27542761011575,7.5401538262299,5.31926073863479,5.11825043975989,6.84280752955532,5.57128501126326,6.76540801526137,6.7397878743108,6.28886398149063,4.854972512681,3.9905644788462,7.20245305895659,6.72388001131528,5.81989349811561,8.19136057934412,5.65148699359454,4.79822064969675,5.38767243066547,5.21273680517469,7.3299491848691,6.1648846891811,6.35100538373358,5.75411338538731,5.8359491109684,5.91446783178681,9.02148248668867,7.10281767777268,7.94752819869804,4.01258825450646,4.85389485089858,6.19343121963782,6.3435894282111,6.84451553303557,6.42603952063873,4.96926652156058,5.09175651860199,5.52418503340389,4.16174297414047,4.62933388381629,7.47496893102125,6.75015802889056,5.4033360386074,7.72632884648487,4.42247940859998,7.8118212426944,5.29905221011273,4.3935964394324,5.27263255631636,4.7738650345315,8.28636051075846,4.83137771843701,2.89734653925092,9.5324467391338,7.87796561713559,6.65360652489424,7.44696346226165,5.17221058043455,4.8497306416458,7.49068296861239,5.15114233083284
7,8.72490540891874,8.06420837388201,5.73010651703426,6.28640517905871,9.24847575383301,5.09225911962044,4.67437289066754,6.59233168327508,5.83978544707683,6.51083796299899,5.48336936530415,5.67379913604201,6.72522163058966,6.00576924561618,4.28168026525465,7.02454545439292,5.73610886567988,6.76035322398353,4.34134119942749,5.67822130558009,7.60380715071796,6.3758630524145,5.848515396987,9.07817177660793,5.96642765734197,8.05151152595683,6.16856293497531,8.44682773296372,8.88517601691717,6.37877584007541,4.17845514951849,7.28167977889818,5.31799767542597,10.0019421299245,8.11542554172886,6.29133052152406,6.31979673365875,5.14737888236472,7.21367278831637,6.84289241519836,9.28859897950616,5.21938415473789,6.63298909545915,6.06026480749509,5.36135297973521,8.03096344593423,6.09472739792176,6.98194445796998,7.04631530043492,5.67653759673212,6.91824732973101,7.21833594609163,6.93180136182562,7.35298985088254,6.34676464742538,4.29666197859439,4.88280730637026,7.31817498594741,6.34635102908971,5.80078657830262,8.0238445447746,5.64895106275069,5.83279836417103,4.59439755022193,5.49541313020499,7.92631582013414,5.75977493747016,6.16919998749921,5.48200244223682,6.15270827115932,5.79635660943577,8.99391026477598,5.7693699920294,9.00644994354903,4.69793546003401,5.03286690609899,6.12105875826999,6.05020686636923,6.51179736981223,6.75094757946747,5.82431395376787,5.6296461586265,5.68373905456933,5.42808417479322,4.4232257554811,7.74344090475219,7.6210517268548,5.53618914814256,8.09758964058036,4.34344366163424,8.13906278561275,6.44266879182899,4.97628527228264,6.94949782887461,5.19228730567383,8.22393966742775,5.2445984111032,3.89227589812044,9.33153393213615,8.30970856137333,7.81244288965382,7.45587408633003,5.14222758186962,5.62059659194136,7.24315598122717,5.05645756495552
8,9.05708078496959,7.86931243716403,5.42270727020635,6.32528490019426,8.94461390585307,6.02783061127864,4.80617340758007,7.72450095329969,5.7325037767844,5.63516345789977,5.79436689529674,4.4764714087706,8.6091914308212,6.08295159109661,4.7217123332161,6.94883927561306,6.07065425677113,6.5654310108012,4.33191701118939,5.52582296943839,8.61227486512978,6.41928547243548,5.93410826984544,8.97381388431804,6.25108837095372,8.29847570315713,6.48239369375636,9.07174015701546,9.08314261316051,6.14817063025958,1.00406473766988,9.14551893886061,6.47948672173271,8.70422599268814,7.17591474519888,6.80457098462021,6.20401869616558,5.76260738001571,6.7289207026619,7.05592992507693,9.31213595571351,6.25730668455943,6.68884326560623,6.77756085784978,5.75281357482026,8.52766776791357,5.90669092912985,7.11446158734593,4.01657290721359,5.63794870628035,7.30545878637608,6.35156822020883,6.58209791232805,7.08874983833033,7.32055501748638,4.82108186151371,5.18066101186719,7.07003658314824,6.4539893402985,5.75969076825527,8.56904524574888,5.29689565287494,4.43402737950474,6.67313683651096,6.44910176638771,8.1571083048765,6.53569523590921,5.90021295442729,5.44194784109084,6.04559162597167,6.18574147134,8.23943644212675,6.71720211351864,8.96726716742702,3.58236894543917,5.26603109411804,6.12332691900114,6.21687459842863,5.2947879098828,6.46275236015394,5.15500163114892,5.16579172128166,5.64815898050794,4.12548700347759,4.33217176132979,7.80751428401146,7.2752022288414,5.21929220148335,8.65912991685296,4.38393900078827,8.34726143993328,5.24944014325917,6.08166685702791,3.92252001559649,5.21932248295724,8.42868589845158,5.15824548246036,4.73931915628019,9.23453105135665,8.09064813340294,7.22886745884358,7.50445579470441,5.01182457185211,5.074735228512,7.1643885144053,5.987416305436
7,8.17537346311234,7.28306092365017,5.94071713436128,6.01670360032655,9.33202475545274,5.72657344253855,5.00451550355636,7.50268492085,5.82020525150179,5.5077726182134,5.18755550801364,5.00314411323903,8.63697128735289,6.34775358255274,4.83646511797788,7.22353866886662,5.76693805973894,7.69738556710081,5.0362699568399,5.58203886407887,7.10494930462022,5.91965259758144,6.22726150967331,8.75833792633732,6.11205404892592,7.62023007310921,6.69227751442124,8.78675520560819,8.48768582841865,6.28298071761871,3.09730886930408,8.07780968228283,4.60140254747056,9.25112980840758,6.26873808292639,6.52762209972041,6.08817428912622,5.2487832300593,6.48730201239715,6.3902820601582,8.49903476437822,5.95739553574344,6.20397010957443,6.56432084981096,5.72398260101845,7.86339363817751,6.00416409385739,7.07177687472032,6.66906424153724,5.86196344720014,7.01429991084477,5.5909442217023,6.83403346075103,6.38131555451402,7.33034955220032,4.78640718965318,4.86240852225693,7.06681938486406,6.18624884713729,6.14065073351665,8.63822450491441,5.58030888453548,4.65079488637597,5.6646234445599,5.80978696301059,8.01622908768055,7.4229618837172,5.67066143102363,5.59897099180327,5.81867389436372,6.21370304123699,9.09025621748398,6.7571687493931,8.69113953035446,3.14345156515595,5.13829060670126,6.23781512436543,6.70530289445792,5.85037101639626,6.31737982852646,5.51445754997798,6.05518127802037,5.42345121800451,5.3040732253136,4.3136791507573,6.23563039561214,7.04910839500176,5.34183358056501,8.4566206431907,4.65391586843846,8.15403104726199,4.66012801212823,4.93724015861115,2.77796023585483,5.13662537320999,8.26519831997308,5.30591545287577,3.61960523858863,9.37046525120101,7.96372453035242,7.37713869627623,7.74205409031337,5.08311160512912,5.41809266094313,7.39703715671071,5.71097733067091
8,8.79855688423385,7.26932445422409,5.33489523341518,5.9712087653106,9.03746507032267,5.76300876441577,4.98745611073992,7.6219094128287,6.09987338836052,5.80294400764312,5.6686167736988,4.55989373358048,5.24963742141278,6.10537104049003,5.02271075392613,7.01925763055397,5.94807452594284,5.74842330758501,4.89490628745263,5.60706961624131,7.70710047527146,5.81105819978928,5.81201902149572,9.15196855740446,6.35378993796468,7.74142319454109,6.68527297354658,10.0200379617592,8.88091240813421,5.6122796123777,2.94531328775117,8.94981073704561,5.82385004311656,9.46302922111961,6.47643105756427,6.30466037695233,5.56465100454383,5.75109875662249,8.27262690436957,6.8137696251628,9.24041423162057,6.43733251076138,6.92589730140911,6.45227812931936,5.51007714317211,8.40042165756868,6.03206515972237,7.87920832225953,2.72628768968579,6.14440694288254,6.64545992739175,6.44945515198594,6.74738065521218,6.4819479299593,5.99137260320112,5.30887908759531,5.18618064251628,7.66113290767196,6.46774914775904,5.89041025148587,8.79314971566156,4.42235727602374,4.38805405608358,5.87372941222459,5.82997947189426,7.39586865261487,4.78301384259331,5.97794506158139,5.14934269075954,5.19454873107484,6.30972220898105,8.67945409521372,5.71890687793085,9.5804256176837,4.22625106623375,4.86179400029197,6.48775540589153,6.44099584686841,5.35639131154045,6.72347381083374,6.01379142873595,6.37329468165961,5.62530052600872,3.64441087910087,3.98080739172417,6.38636026833089,7.73131693440051,4.96057570645533,9.00147364547282,4.73059035405137,8.50675440003435,5.57642401915844,5.17829242636494,1.99181047435131,5.33700899021246,8.65148424392786,4.93374124860787,4.81663986485317,9.26295593619221,8.03895858322877,6.68420656517306,7.952934802158,4.74875226555008,4.95140500202785,7.28300435783163,5.23031614755093
9,8.35053145381072,7.62032525720789,5.57903928532167,6.03270658953237,8.81274207062323,5.61224147468805,4.28147171286321,6.76170804304315,5.90233794232898,5.48536214456981,5.39469351471025,5.37050624315188,5.96541424205486,6.43448108534866,4.90089731731873,6.92739044629674,6.39960604271001,6.52328059169016,5.33705699612172,5.47015192349468,7.19127786054086,5.31147435085213,6.20788076585538,8.87276436574589,5.7167232420316,8.59144295352536,6.79690530334566,9.2314484250626,8.09568397782633,6.74838952127756,3.93045028853581,8.88408183145531,5.63732792868209,9.8013826006613,6.61390225492127,6.05338449369255,6.01190090853992,5.32441244045303,7.24487748020794,6.71952633246597,8.77467829138169,6.38524712106595,6.85511937580721,6.1739946155985,5.62007029826697,8.65341591635885,6.18789419477525,7.50273232486609,4.01327870825681,6.18809727221634,6.55672635047195,5.77800657338219,6.95804511472678,6.33109246467614,6.64607577359744,4.84997115293955,5.35056089249555,7.63192154706167,5.99188270075169,6.15785238077996,8.17307372669672,4.6251351701601,4.6951732197443,5.22925590195008,4.86534758700093,7.81888357217123,4.70033257515546,6.26193029902805,5.26787785170766,5.44010878707699,6.53062797872931,8.9681326758627,5.70440386334884,9.3716950007152,3.87975301638907,5.23647721322995,6.42209970202059,7.24354290123058,5.56756788763559,6.49300884255635,4.60281688002498,6.84160578644528,5.32763500764128,4.33023730076559,4.15668681730477,6.88437334549389,8.05742588992063,5.13707537824862,8.55093743308734,4.74496191471945,8.18369979124213,4.91990510675795,5.06145380619936,7.27262994803588,5.07179750438783,8.42963754346091,5.14282875193218,3.83507316884654,9.2477735608105,8.11787359572966,7.53203468750849,7.38481770993791,5.12953915725145,5.04326060177571,7.22337108582563,4.87406354441459
8,7.87815466341459,7.33770245443796,5.70511204905163,6.38188266621493,8.76461197931796,5.49611410426644,4.91067505272999,7.89628975477171,6.13930385589182,6.20194430515561,4.89954274212907,5.93034061548299,7.8951130443717,5.7248757559259,4.46372306563699,7.14284899596931,5.75991670485246,7.03628298387528,4.90028322021526,5.04229137767683,5.96031217302723,5.49100529773488,6.14368125101757,9.48437245297634,5.63132970110557,7.46463799950871,7.13648752543468,8.09740688795184,7.49377088655137,5.59929320669112,3.32822185920805,8.1112639901429,5.40598758797439,9.46531710923667,6.34142600871348,6.7877286036802,5.01522192953073,5.2070568172882,6.97987633746052,7.25864216585028,8.23293226323651,5.5234190136141,6.9881991203913,6.45273098348687,5.66940032402439,7.97140516736634,6.1227556260106,7.06419747782879,5.34243173681922,5.8750963904732,6.81497559920803,7.13954692220721,6.78479617394498,6.66707177669633,7.21856609923746,4.53456960883005,4.55133635836458,7.83178665471345,6.45266428732801,5.93647665871061,8.07979235060226,4.97721897406038,4.59212312740468,5.11582844901545,4.5422582391867,7.80419578233925,6.38184561778658,6.24341965678139,5.32008938654524,5.78396328194331,5.434065081307,8.90443336159112,5.65852265273241,9.43485235624008,3.40411668913182,5.30474302334988,5.98612670349832,6.85823335618327,6.21529681107154,7.10538932320485,4.04493204439396,5.7238912645948,5.43718994139426,4.8587147093831,4.51010602582096,7.32311070790393,7.64619152860601,5.48686874618104,8.92092993347444,4.46196401451863,7.33641986090995,5.30368431619615,4.38777639152675,3.19894988991901,5.73602235032498,8.50322832331286,4.85205294296577,2.76699565032755,9.16849863095636,8.39016081494142,7.49093969108341,7.49030765779857,5.43778309388257,4.87406944441187,7.19709562665375,3.55183408301367
5,8.09089167963897,7.29922542392618,5.42739625060508,6.74445062889862,8.86612797710865,5.18316637151922,5.21686305035389,7.26504491114652,6.0308362576112,6.7426944364338,5.3295881925374,4.61682236043147,5.58660911750112,6.58482648855949,4.71115868605898,6.48926940061979,5.85120140356347,6.74949964437888,4.80168152669646,6.18901446345757,7.00154589137693,5.93766528555199,6.08956509475127,9.02023853155536,5.63734260201185,7.68531651019546,7.59436437764152,6.65151376238431,7.93155519622395,6.51599908558917,4.29220422009148,7.2961247164379,5.71779898081689,9.85661123265869,7.54276692510202,5.94729917276999,5.7797589145311,5.57768267073444,7.35476518100711,6.65720743857698,8.58237411740363,3.54373219955584,6.55941727565672,6.42299825677704,5.37001267498621,7.58276821023841,5.93140748001925,7.06958397384208,6.74143043979226,5.15268943917644,6.97563688043751,7.92204197366033,6.79430050747222,7.74623151730329,6.29930947065445,5.08342926695337,5.19248729812458,6.43247634020308,6.20074106035618,5.77425136894766,8.6419159472086,5.56287596986784,5.06991420680995,5.46640488281742,5.37742694827984,7.75260844658141,6.02586731268854,6.42682070870132,5.51230110679721,5.92009248172454,6.21951837679707,9.41205486738515,5.92769738123714,9.12567151705996,4.94385075850494,5.26401472956548,6.36818579189098,6.03266732681146,6.67638457734534,7.32935996642952,5.99836363986652,5.002870903013,5.56577789862713,4.45173768587877,4.97611861883632,6.41032784188971,6.93615683532494,5.96628964231133,8.42762894555274,4.56388275227594,8.1490212867976,5.70686121370513,5.48697285704256,6.60420054476331,4.52337119242456,8.060229191475,5.00937314540155,4.06669800378826,9.66938060854268,8.02978399008904,8.45347748293916,7.72124467668875,4.73723448886976,4.36365421614113,7.17445951906765,4.93824709861983
5,8.06393937288102,7.03875707848671,6.06176551206032,6.21395535180147,8.73570976751198,5.70079105571047,5.30693895140395,8.38866334016177,5.85215739433168,5.75038559319718,5.20867555560038,5.65608323806665,6.13521293709046,6.14224283048612,5.25222865129317,6.81563459713459,5.78099235043807,7.19004390365027,5.59535796946718,5.43989919457611,6.47914694829191,6.67993287637166,6.11892340614695,8.99612902945996,6.13299046938798,7.50863408769216,6.65668237515015,7.73244482981276,7.96210777751075,5.29736575039357,3.21359649415232,8.9667432703399,5.44561801933842,9.30238600336302,6.14917041568994,5.72513451597574,6.04149776112418,5.58797791034281,7.06304664865744,6.60003782870809,8.45624781136146,5.68503491774052,6.38897281019614,6.1525690762377,5.76661946111055,8.15591875121918,6.17743105250917,6.9797009476801,3.64523654930966,5.05734270055647,6.91101839429484,6.30263198543815,6.86556540701287,6.70255796440385,5.95486602469121,5.01707564914427,4.63137221028134,8.11230495528709,6.26976334197753,5.92435267174659,8.43882279003825,5.27144749660478,4.41786402035618,4.82665451921891,5.53130258764194,7.6859121736526,6.24516780606552,5.27494742087422,5.64074977816713,5.31561447613814,6.28358104172017,9.51457979844501,6.75832033335299,8.72178665213989,3.57851320056018,5.33521141708123,5.97187110893951,6.13368997397759,6.05772284791148,7.4017747453087,6.22962457031043,4.81599810279995,5.40298128887151,4.57346822322778,3.5493154346959,7.55510986072009,6.93228004036841,5.66641813917966,8.10231166230438,4.87568239537265,8.64456491618402,4.82811451170865,5.08485702159903,8.05331974732972,5.39174025846773,8.46357085057376,5.10421247192615,3.22772410221391,9.36051860487342,7.78871978985963,7.68830281481611,7.23027727973876,4.96933252733256,4.42081021315436,7.34812954062207,4.82579021924034
5,8.27623562576786,7.62034703031048,5.8093377743492,6.42594182805313,8.88911230201099,5.64904759125437,4.93199958082345,7.3662605262985,6.06753810150011,5.35546953789698,5.98516010565341,4.56107767831245,8.35924073985192,6.13890814664703,4.96215958720614,6.10756272081456,5.43033503204933,7.32956398314335,4.61001002396842,5.46063410736341,6.52345062543819,5.91064410054885,5.62127344700013,8.31766899659334,6.28575220606481,8.04025264743777,7.48916256814323,8.02481556728126,8.43961098395214,6.08559805920083,1.93788571320261,7.99534559280064,6.13034453983705,9.50634089322628,6.37537742073827,5.59366832900545,5.72387348288328,6.32849478510307,7.48404609430329,6.54994258683956,8.98224100009238,4.62919201929267,6.57473134737217,6.49216263708186,5.86851812853995,7.11950553912434,5.772393897557,6.8439201612324,4.67009078244236,4.71382708620395,6.90737470745147,6.97936329487758,6.92132777300715,6.72898607731927,6.07504520694905,5.61858477554166,5.16057349939907,7.274744144607,6.53302206822145,6.18025467759635,8.6833848697877,5.31151188049827,4.45295866109159,5.22617040098608,6.00040897987649,7.449176448861,5.72939449511601,5.74132411019759,5.7596904582282,5.68325633766668,5.88406604156584,9.00794321087256,6.41015731397562,8.83728603572941,3.60216191524578,5.27389389419068,5.96440104567852,6.00534563185798,6.29928009394937,7.00503416564498,5.96543378601849,4.20981815281398,5.75227603652263,5.421252837047,3.86408297636496,7.190471994431,6.82822479836826,5.35416255184505,7.7234846392062,5.30097936876045,8.10453421368787,5.06946075377251,6.63218716443772,4.52045357657537,4.90377576823847,8.42911231483352,5.38962706153816,5.70777934639744,9.51805746382964,7.77738479270502,7.53393263066433,7.82685181012626,4.49068457808338,4.44940819881533,6.81088315836354,4.74435830081707
8,8.10752694710872,7.55231803326382,5.92183116941911,6.25015821498622,8.64038850455326,5.37730751608724,4.52849756649589,8.62183466047683,5.64461637226047,7.04998396446579,5.58767846914411,4.69095538374639,6.42012466245765,6.10376911562172,4.59900151798401,7.09488844367692,5.40325539887683,6.49113909322284,5.58315208679731,5.10240750743866,6.39959481349212,7.27922651877985,6.35313972063775,9.29357639584123,6.15121146294485,7.81820563282994,6.49004035347798,7.86168681676372,8.12121325188055,5.88501255638834,1.72488736497107,7.9331925177644,5.28258506126766,9.37732363210824,7.25251924454869,5.78483833038899,7.1315030212238,5.45948870815282,7.25081400149415,6.90421444289714,8.93693275324948,4.95140171363533,6.72550529931261,6.28815173096755,5.89246419692495,7.70320673167617,5.97360060678243,6.91484721005402,4.67957493648637,5.52793108757915,6.75931959688233,6.07493956197232,6.59639889050275,6.5541610107565,7.00946797113643,4.70703448708103,5.19175604936051,7.82042807728291,6.44915550312961,5.7097859130866,8.8378471435832,5.17545208573245,5.08623165602505,5.49915476334383,5.51349626421522,7.76497141766248,5.05326278714969,6.6399637779973,5.83697413844537,5.54450107909749,5.94633474217628,10.0668749269958,6.21416239208951,9.00669662179742,2.82923732433811,4.97229283212918,6.18034910940952,6.67236149957552,5.51816635217235,6.17866910533461,5.64130760691503,6.14971531710929,5.2656140046383,4.69071264062222,4.77240863581506,7.41013531458402,7.41126766162352,5.48812211931256,8.64740799363045,4.71547817938427,7.55963054182663,5.47619580354496,5.54305288797363,4.26320241171013,5.07120412995817,8.66241291737892,4.72446627286935,3.63557207386873,9.46340577296493,8.14634751565585,7.50383833104199,7.28325743955319,4.92317387657671,5.12383386049828,7.33991731925157,3.96569498050397
6,8.41019662367067,7.54837903331376,5.96348712550331,6.54641501066683,9.31730253209928,6.04650152676478,4.51342504177428,6.4393219950289,6.24660605111781,6.29317255695441,5.63974983276556,4.65602664951833,6.11895947700989,6.40931113121157,5.04217624062457,6.80876349299075,5.48933214474169,6.65679038929709,4.35552111125392,5.30593244814901,6.85382595730221,6.66310925061439,6.45257508839951,9.20902165241778,5.73809253279108,7.9544971213522,7.04759463807984,7.77292367592956,8.74675648132644,5.74561062212537,3.05050761705944,8.02531276975431,6.16837110722724,9.70602788998361,6.70459221126923,5.7924587041814,6.05903052839051,5.52990573038195,7.03973075323888,7.12487645256326,8.96876928115608,5.09394757730464,6.306712704452,6.47848339050775,5.54908191290555,7.76668054716683,5.7897369937889,6.82066357763828,5.10624539923415,5.13054537915233,7.17302584570565,7.71682205685834,6.97196108706325,6.96705897922163,7.03608875061791,4.8632566153116,4.54570709201217,7.31202510400134,5.91809256834079,6.09255262242419,8.61619462044825,5.13133401001285,4.26295775031336,6.5596357167575,5.59203475195143,7.92047717605187,5.94183060610239,6.10769740710479,5.537257718352,6.08404489010667,6.17908197142114,8.89994381405789,6.90651750771514,8.63897579575383,3.6069475243924,4.81368101895865,6.00849262823844,6.29798629284173,5.98918789369174,7.10152367615928,5.57355937462273,4.97844856240511,5.68383884660396,4.44388706302056,4.41115012847625,6.91798554124987,7.18570629186978,5.40133508978643,8.33162649125941,4.52416270539006,7.87399658054053,5.33272526133706,4.92193144243841,5.20013697221907,5.17941053128885,8.43685633075098,5.09772943985652,4.20428595574254,9.39012855090907,7.91278760530725,7.27580427642367,7.65481036713428,5.14571564816939,5.2469614060498,7.19086282305631,5.78950767398314
4,8.36426686949161,7.33072946785194,5.60780823288874,6.30721311311049,9.34963166074095,5.5256244170461,4.61218254137787,7.27339092403265,6.26189750845156,6.03672655726571,5.8387798873495,5.03970678017093,5.71120622328751,6.48152762861079,4.84107837030467,6.93667545282953,5.9477204619684,7.40176617140856,5.51085938134709,5.87570196323574,6.90042878540002,6.32615258084645,5.9361377526887,9.20636851434606,5.94120643598246,7.41481213753064,7.02885270362308,7.09489368241023,8.31826656489658,6.0659839418102,3.63343463158326,7.4875924600991,6.26314938507777,9.19373907111291,7.26090819070957,6.61772142823305,6.43583048176681,5.41429425084928,6.89864841733547,6.48421986202711,8.94381024926555,3.0690183971486,6.33503281378641,6.45937066148645,5.30069818210421,7.33939515955534,5.8951677757994,7.41513413615974,5.91146227355127,4.81307038098216,7.04697327023672,6.14899836651417,6.92667584200964,6.80671051112194,6.50449315449139,4.79714880844314,4.81961377777474,7.70493663797776,6.40871096044545,5.70710324025871,8.48971121216976,5.08601932233917,4.43549549324057,5.66197950642726,6.17282403835088,7.61762937113595,5.97846648295123,6.0732506411465,5.42992501959509,5.57209412866096,6.03238500416976,9.85722812422932,5.85278892502836,8.76412134153691,4.6259411191382,5.15370436303118,6.29436807061726,6.66724521993965,6.25132530549078,6.89802351817559,6.43142848673302,4.4691855656602,5.89875987041219,3.06933104697436,4.57827391424611,8.21017435637323,6.609670629503,6.02696143434389,8.03503921272091,4.45560236936508,8.60435037531692,6.21528245022177,4.82521221098597,1.7398246187532,4.77680740444357,8.48166465537217,4.85210425772141,4.2930692062746,9.78650714307655,8.25297238214208,7.34564621068386,7.64554660810618,5.15121910221644,4.9000185180693,6.84792627798993,5.53580040824045
3,8.04012892900283,7.36661783084481,5.40426803473094,6.09943467512606,9.09240972141739,5.38749475605538,4.90564069906641,7.30288616175519,6.21410872723848,5.87716743417949,5.69220431678276,5.34885221708433,6.26055331026889,6.66753697829475,5.39572268721536,7.37212719062631,4.89338316466745,7.06929972899585,5.42961003646285,5.31402187296843,6.63708997696127,6.26938831587346,6.24650361555243,9.06983803272337,5.96189102805934,8.89854091039988,6.8709517570305,8.45374076587703,7.94552767357868,6.29499931771844,2.69870854188854,7.28076044887567,5.79768164565145,9.57295574880468,6.23125402509876,6.47712618851234,5.93104331662735,5.09205353816389,6.85758570388608,6.17477944876409,8.65472906367016,6.28727364974605,6.07559870391129,6.56480815476064,5.56134440913412,7.87601503893133,6.15219197125554,7.07220706737392,5.60405642085273,4.74417043170905,6.52045822097658,6.43080114506617,6.83411436768564,5.52167430863527,7.10609980749596,4.66254793572304,5.19882241650231,8.26548437763845,6.29753910431868,6.0196962525426,8.80597329883554,5.18893382270144,3.65038893230397,6.0333155886984,5.94389743895,8.11401394464271,6.00722651346117,6.13940525374486,5.47606684842728,5.5376156609076,5.74294072780254,9.62311446854585,6.11566603657575,8.20173241572118,3.72787236884287,5.31145495230557,6.12542732418009,6.27019557363944,6.09366293979551,7.30930712452798,4.97479858813912,4.46331272360346,5.695938894563,3.84238239838277,4.10202983429345,7.62848571988035,7.26137107704953,4.96261139044729,7.9446106169188,4.63958074068823,8.01255642304132,4.55677303269469,5.43157024997587,5.75972157727869,4.86945738824477,8.15310268064733,5.18823767911925,4.57890932337052,9.21860048132953,7.54676226476362,7.29172987900122,7.53670935414964,4.85892611365595,5.65134989478829,6.99728687795399,5.21732003414298
0,8.72208117320966,7.57962617449633,5.96471339911157,5.80087205547712,9.25520844879741,4.33023991914663,5.09997083602069,6.96758410670863,5.7959825187532,6.26786727988684,5.48465803856868,4.22675645384573,6.22544027469594,6.47601271192323,5.12750291085263,6.93717112705871,5.77619402086735,6.94108566359368,5.41735376258417,5.21409334823267,7.17554543429945,6.30372176857793,5.94021452809761,8.7957026312089,6.36023228560356,7.80210031129327,6.8574489523427,7.65539539877099,8.46608177178388,6.29374886198522,3.98500703199939,6.67354220308138,6.42906913055307,9.37935853281137,6.77689700370714,5.9007621609401,6.40155048913683,5.65466644355092,7.23035683853204,6.12558966557556,8.81139509704787,4.39378504338124,5.89718878343427,6.19552148568007,5.31351087242882,7.53882673896412,6.39317987924463,6.36761003669624,6.13442421431751,4.67022642120042,6.400435547131,5.49219882169743,6.993534956963,5.15988688685408,5.78038647087917,5.01734780098591,4.46547648045969,8.18852494667815,6.3406513934272,5.98881337179791,8.74218922942836,5.59298472123952,4.2493891037068,4.55065820434359,5.55225309272097,7.70846220992682,5.86968123102308,6.42907296702161,5.69909153059769,5.38888559149481,5.51803586727468,10.0862126756279,7.06173286107622,8.3040281908487,4.30135105443775,4.88484284961805,6.48514914103197,6.53845312131773,5.67936843491728,6.63039442148901,5.05734380781496,4.91318649609526,5.65760285569317,4.69909252465208,4.66327751334999,7.38828125857157,6.42223053379858,5.4425995572191,7.66110757097135,4.45968880914643,8.08638533997261,6.52976986807528,5.35070364355861,4.79583302306665,4.84575758647505,8.30906843628538,5.2602548248029,4.262664086963,9.77951309339301,7.77596839162139,7.30946370415321,7.64052874780622,5.23202789237487,5.58539144983601,7.38458016468648,5.42667706426264
6,8.08114279192766,7.50485764928459,5.37149524547889,6.32373723579976,9.1118122467296,5.65493731330852,5.46933031742765,7.55258092923058,6.15557564718904,6.61915857077402,5.47796473291044,4.21851476202954,5.91305680101204,6.15505861464762,4.73260804076306,7.19015713114243,5.74056058851973,7.34068358220666,5.20258854255978,5.40031079577079,7.00296878705822,5.60610291743912,6.25040392651647,9.17741404167614,6.45488684543275,8.45231684867134,6.90733496004634,9.32908424402261,8.13225012138892,6.22572667403529,3.85491498860128,8.29725536453481,5.8485902329601,9.34703946881883,7.1268243592808,5.16950146816182,5.88707913509126,4.72644053582768,7.19081258540177,6.60652499198082,8.56526886488806,6.01038834502142,6.25592508067778,6.21477237895563,5.30499090214883,8.33049291542686,5.70714883908689,7.39666085748985,5.3787999233618,5.13888253986635,7.16273979199113,6.45772211789965,7.05741445508106,6.21158395949027,6.41264712570541,4.75483081666966,5.273287680898,7.22840684940578,6.22382976417325,5.85728901670435,8.484087573176,5.86404960028541,4.52801146062804,6.08842855215259,6.25217940158871,7.70139934179045,6.17328375544804,6.90980857855276,5.48168747103759,6.03492736554121,5.69389747691285,9.26777586707547,6.78354046729492,8.80853025392114,3.46039121889173,4.60066131523977,6.3290564214064,6.91630600826195,6.78008922422958,7.17459035379011,5.26756401416724,5.48469715454678,5.85991589636736,4.93591854921988,5.2013159645109,7.86468131578803,7.01386962035115,5.19007780143996,8.23389610955432,4.44421754437147,7.93348547150118,7.15336886153984,4.39189501600343,7.23547252629086,4.81153588534533,8.64510225123676,4.96076720821991,5.6630336988232,9.13631046452239,8.01362030856507,7.63563977284277,7.61474938418221,5.03543807066602,5.31107857481709,7.56296092333716,5.08343841616739
2,8.18060773571759,7.49555607036749,5.75923969337078,6.45213585454325,8.92025166305349,5.74046079808703,4.96947661383496,7.1165592927127,5.91110954846749,5.13121152026537,5.72757042556113,3.97834701956494,6.1083913736711,6.08754588595024,5.02135144226345,6.80388407258516,4.61624956446876,7.24014201101019,3.99145447708418,5.39308021264549,7.17640578716827,5.68672358334257,5.90410053255909,9.08218370133612,5.7802100553287,8.41673737186864,6.280794896848,8.26166606748405,7.80628666895376,6.21507109742043,3.06053106672925,8.14103791577293,5.71298736247834,8.93720070451579,6.44838487899628,6.10204908671017,5.64574823741353,5.4936755831609,7.50155298055848,6.22078350029382,8.78098512250349,6.02672726722682,6.46975333211674,6.50969207112096,5.72464084337761,8.49369345086164,6.2888099675796,6.89439137536101,3.9089043136129,5.11445589957142,6.82968538567984,6.88931462486972,7.03650954616719,6.89068949474028,5.75599393700381,4.62975173397407,4.69292666742535,6.74820861561265,6.81971387748767,5.89665905554087,9.08169901223735,5.39316430562755,4.8981506825575,5.74868977288117,5.77995642108344,7.50824787729061,5.7366179823323,5.7371634647056,5.47487182254402,5.43333703569131,5.62664780796374,9.82224554171565,6.16749743696441,8.14258167392751,3.62782204616814,4.79746250718714,6.18326743786224,6.15692440706111,5.82822041565519,7.05449095749789,5.50773269971348,6.54574975595673,5.58201706112302,5.57273618231872,4.49883881621522,7.74948790958919,7.53744057964713,5.24736170210708,8.16497762946531,4.55909969640051,8.00186071270893,4.61461473950632,5.28169199709547,0.985503042733715,5.79266467237403,8.45905038529721,4.82321988011153,3.9298616702675,9.45558959208842,7.85821573898636,7.61080744098078,7.60586673728581,5.12928289080113,5.15663468882318,7.30803425799308,4.89066831978494
7,9.18073574906137,7.37819643049286,5.73524128470062,6.23403764502766,9.08985888166306,5.41074377117227,4.4550691085094,7.62918396748072,5.73611274351065,6.61201529296988,4.93069469751813,5.9178318441344,5.757086052847,6.19147413643032,4.452342858734,7.23380303083098,6.09917212606915,7.05243848936029,5.36613122262039,5.46129886667954,8.21259727660541,6.28689532211658,5.78756615382418,8.91733518120108,6.12284484185069,7.83109370728403,6.69184268913157,7.76996380527077,9.39187555919717,6.32632428107145,5.85735694644517,8.28391163266557,5.5592482160676,9.10136274690526,6.1822556509933,5.98985579420718,5.86474646226162,5.85279915857612,7.25383470982882,6.27206515019443,9.75622349282331,5.09895979659828,6.52170266579305,6.19551279124516,5.57731803676986,8.04075804763009,6.30425824452473,7.08517798521691,4.06229960170571,5.4810406046432,6.72575758807953,6.92557922833091,6.96860179455193,7.36153719458754,6.10854758442662,4.51656273831996,4.7569538218867,7.18190679555064,5.90085823143546,5.60148744644794,8.73458149635901,5.35731712513767,5.22719494746538,5.81154551029618,4.84052453653531,7.98813685962917,6.20522646655961,5.95945923796632,5.58725344784546,5.69323721510197,5.64138242094931,8.95541390349385,6.80460928688396,8.93513003691536,2.8187162603093,4.79422783249896,6.06402060875778,6.26113627874038,5.86937002125894,6.65655188964104,4.71788581605809,5.67111958074457,5.49245592660669,3.55545705229887,4.26525523326112,7.02228469848974,7.25130068640689,5.6796410205539,7.93109184775099,4.29225127126837,7.9543327338108,4.93941490926737,5.32205037999799,7.51317310632735,5.60104075329423,8.42392290307076,5.11239164909475,3.77113637060801,9.41431274915157,8.32667691792741,7.17953499360574,7.61085913839143,4.88621302615526,5.54696912677093,7.00905401255146,5.21678868042259
0,8.30326761381286,7.22377686790258,5.52399318315069,6.158710082905,8.78219244760632,4.67729153682926,4.99815695473031,8.05388955990784,5.26474080944265,5.97430283999241,4.85736557753088,6.42227448000057,8.00366736652437,6.34440809182433,4.48330728438579,7.68438784241608,5.25387100286317,6.85875533751235,4.57936281328902,5.54306956018293,7.03715016092031,6.57449573104042,5.88952606156389,9.48641838893179,5.65392759819787,7.80951854169099,7.40483054178889,7.29313339315254,7.81540532539363,6.62954125093626,4.74480448402053,6.75446384752556,6.06084044996335,9.24680779737842,7.05054352254936,5.86084126235869,5.78776530691584,5.17318004279716,7.16160256126072,6.63930112474859,8.75623169580806,4.56609898396256,5.96863654635207,6.708745521979,5.23239129435861,8.41024815640901,6.25548332755779,7.39009055686506,4.85908020750453,4.86274008966621,6.64383440720128,6.55668144030746,7.22993133528175,6.2543709776947,6.02534267184048,4.29174450314148,4.65779215891058,7.42580798330789,6.36473854233888,5.63391931628891,8.87598348675462,5.14942665288867,4.21347371694041,5.59126378487177,5.91476862762832,7.54601291496939,6.19919179317677,5.14974498389506,5.18307737230459,5.60526479378212,5.52715751337483,10.0489474951664,6.5956456251127,8.32045151124542,4.72998935891431,4.61661325013355,5.54511995904827,6.12685764217119,5.79750661379623,6.79833835851686,5.65300715953786,4.55326494847983,4.91283321186943,4.7954301701712,3.67450358215183,7.28865302464696,7.25474907015197,6.09214572337029,7.67266992269909,4.1165462368568,7.7769130008992,7.3349622510285,5.51164291483752,2.92276579501948,4.98077934911667,7.94961204782478,4.58150021540261,2.27350994478699,9.64307316990889,7.47514357111635,7.15828044645041,7.319832688388,4.88147614714016,3.6229877023546,7.29494490042205,3.73517436962994
7,7.96234277294355,6.96765313954106,5.47100788375964,6.37521053414393,9.32826025196619,5.80309915867095,4.8900722920054,6.69055112157417,5.95924100169167,5.85683656378498,5.06562248652361,6.48350205645965,5.87637519107166,6.19891494742925,4.43620862552277,6.70809296180948,5.40297662151538,6.91616221604805,3.72067726046723,6.05419113437726,5.99660531807692,5.98609358223198,5.68055413060391,9.18664334486155,5.50778075657796,8.55674263054839,8.04712451060092,8.25110336456125,7.65277083788171,5.74983908569592,3.38498592682899,8.75662135596996,5.75052098855351,10.199220344258,6.32449317300464,6.30395500667924,6.17782433298727,5.15405402035106,7.47847353304495,6.59229556001861,8.66880777454803,5.63921843004336,6.84610816667033,6.16867823121483,5.64842025287738,8.81129930815668,6.32917009086703,6.85560742992702,5.06571567854653,5.62840541823777,6.79134614479422,6.47462963700791,6.93415821701241,6.79672568210137,7.01389864087565,5.23619205751247,4.38976823513638,7.72601246563544,5.9454284373617,5.66601542326858,8.36327457292871,5.72499315432701,4.98820756251446,5.41836899500079,5.0917354179423,8.17804958790463,6.79894575984577,6.94489857054623,5.20936495388486,5.86914867501578,5.39968463289385,8.63646623433494,6.59107902092635,8.87467549192865,3.89017543628966,5.33182015515717,6.49242640119197,6.03772683729611,6.77007975340996,6.8453823152062,5.96890562025153,7.11978534615346,4.94033360831883,4.86565189431405,5.4090286324607,7.75951530056173,7.91927903808314,5.41566716846769,8.90207696879163,4.95853223792136,7.74391350345791,5.34046094106851,5.52422651649119,6.92263278157137,5.42717076200223,8.41605306111272,4.76692728796476,1.97719015508975,9.36880387940343,8.19292343704503,6.85752628719614,7.54071503825593,5.02222413982264,5.42414407344173,6.9258478457952,4.12323900639248
4,8.19166847744547,7.07607592724188,5.56395327702493,6.15965929632285,9.09821422393623,5.43931355463437,4.67731020752334,7.62634342882339,5.73509111548188,6.76527306562181,5.37916417797969,5.75771254630311,7.1684789695624,6.45534859003376,5.64084917280056,6.80005408024624,5.78722924756011,6.68556643644933,4.82216138266184,5.42041582191981,6.49679374708282,6.24621625293856,6.0965052734576,8.65476174649607,5.91008871846888,7.69544992098443,6.65971388866588,7.16747196007831,7.66496511160381,5.82041949432617,4.64436384243839,7.42210115386167,5.90339755006862,9.80684322621531,6.8687680887682,6.16448300379972,6.29615871333154,5.46620297661329,6.97350359724182,6.60046482153993,9.09210056300531,3.89943021560712,6.77029310682979,6.58248201659895,6.01390278829174,7.06247186946275,5.98258824485449,7.00545133838061,4.93205029878442,5.08182266963476,6.9258408969943,6.20302480100546,7.34779422001882,6.29333615473054,6.6631881376368,4.71773557047448,4.63484065493243,7.41795841794709,6.18779872824215,5.87545406037721,8.91954497462992,5.05595795510816,4.20935953574684,5.44698291498666,6.50534698025585,8.19933433087212,6.63760647473737,6.22404858595255,5.79179038262449,6.04013561231095,6.10249776181276,9.11109216405688,6.53273346336821,8.51057827135465,2.94448104441561,4.57297340566197,6.33058192027322,6.35347761073431,5.59307053901362,6.52210998306577,5.94852356823748,5.58341802581362,5.33297676645745,5.08768038568783,4.5854794406758,6.46650052885979,6.94336236696694,5.75136882622817,8.5976333605009,4.85477971158807,8.37841415529922,3.92970144044404,5.36895519246831,4.50074042296158,4.93864529515764,8.44317770967397,5.38396567500129,3.59385012999885,9.72962047940724,8.35379734598788,7.37712525855326,7.77047034369217,5.01651804123356,4.98995848578401,7.10692278060619,5.04921533865963
9,8.20462866786438,7.9218057928318,6.04772807100994,6.07662829899543,9.46264979178048,5.68728610477693,4.9203494518932,7.42595415220604,6.24395125351307,5.71659590915897,5.49408419559381,5.54047126298819,7.62546789278213,5.75179976483925,4.40802787311771,6.94630959943501,5.96300334575305,5.87046641092453,4.69826250764785,5.81784615055487,6.68398830528908,6.31675563319582,5.67481168577065,9.16956634955186,6.21952713282358,7.95062672767271,7.13446220755359,8.45523787312026,8.5459056797544,6.28840689736981,4.99170871612315,8.14248252123513,5.65896581234179,8.68327243051941,6.27088684465304,5.69045931513316,5.4762272544317,5.51324043707075,7.30109897736297,6.80314921491603,9.03040983044947,5.03017745385646,6.62920644563868,6.47740893888918,5.33499161557156,7.6917841441985,5.71459478181022,7.14754467772042,3.98317766563034,5.40908023387284,6.35181656047949,6.66914671667788,7.37138767705952,6.11492418463133,6.23176346119543,4.95428437505549,4.73558126652591,7.27913494280066,6.49886462547961,5.79061364593898,9.00511820501337,5.08088854642143,4.94948359809206,5.0796665272994,5.45820368017106,8.03279865671884,5.14840921999148,6.4332960194737,5.565413179319,5.39495117254803,5.84343223168979,9.83817919753876,5.61921477816013,9.28724246616606,4.611831111904,4.58162875308265,6.38487218089098,5.86249898320192,5.75669767587212,6.48066022665029,5.57270974327618,6.28011257613959,5.91079125411929,3.6763776682423,4.86128907379415,8.25016370647656,7.37558967589458,5.14223884384323,8.06525128877251,4.39068014400674,8.87139137839869,5.89997339768707,4.84028306440319,2.4652159930385,5.4893251151069,8.67574720552374,5.21435207565603,4.53499723175604,9.41128269159625,8.27962814651703,7.84607304766675,7.49611570083472,4.8847001842959,4.06253813929306,7.47778000644398,5.98206153024034
9,8.41252405992211,7.87448186106843,5.81955880232582,5.99595092560809,8.9710292769029,6.00192586739644,5.0947400435531,8.10780460464306,5.88094727028675,5.45188528651047,5.21382781145329,5.22922607554856,6.16790039977196,5.986572566699,4.64192611076805,5.97717771732401,6.29627786310417,7.26932365260814,2.83799048067193,5.26536888735578,7.40247239230236,6.16205314983547,5.56020030791307,8.74586542910801,6.06476049551075,7.98895811607105,7.75090346361457,8.4764379176841,7.90808412749013,5.81968464126185,5.21326553486412,8.72804167117328,6.02259707608786,9.51186126579215,6.74791380586528,5.8836149843557,6.58362606744905,5.30993201628476,6.92500723729499,6.77908331206693,9.17677185990456,5.76248774829156,6.31868458192923,6.22139680391772,5.8544141508885,7.95958694309521,6.14506742208531,6.98571012305631,4.84530983035516,5.39581754700662,6.7195210326969,6.00680383106982,7.24305390082176,6.70861706194243,6.68896916732494,5.75066799537687,4.92290902806526,7.66716400588836,6.36006798086272,5.94385936644814,8.24749223789058,5.21673364149153,5.84639856544606,4.7954426582252,6.23768710241345,6.9718272952238,6.40388676989047,6.83940526125022,5.67944665439688,5.98095554755027,5.85488587756674,9.62380572306901,6.28886966587659,8.83136412348629,3.43207766177269,5.49325030377397,6.04041628858942,6.02509583813834,5.25185531254996,6.79014815019904,5.84744121267119,4.05344010987418,5.27705478134681,5.65461572337558,5.00392562600245,7.64942452728423,6.73018309038686,5.48214915942376,8.18806887364568,5.01792157481669,8.01439144226297,7.18158001600148,5.78935720216251,1.85862195270009,5.3055567049923,7.80941571859907,5.34144644813838,3.05724672835086,9.44103263842481,7.8039603948443,7.17209706651423,7.68588479396141,4.88058567130905,5.16084069199274,7.44624361804382,4.84507983101574
1,7.26982482834682,7.18792846303597,5.74509153358985,6.38145334160925,8.92503604851671,5.10141639761369,5.2943220152485,7.72899601705305,6.06293280523687,5.04263845367539,5.58446336993092,5.47405964865291,4.70694903687632,6.13808783768498,4.92434000752627,7.6806243601036,5.53841534857264,6.65355978427212,3.63548941896665,4.93284188868025,5.23399478874871,6.72726737099345,5.26664982673797,8.97631063389298,5.78237508771383,7.95821415303102,7.03388143386957,8.67558724126401,6.53986654218934,6.67379054249128,3.82637251242858,6.56549103127673,5.52693898319476,9.30901386140179,6.92447643439197,5.46549495463816,5.69713195814166,5.15197147078073,7.19989209096532,6.29790408271212,7.71014919140866,5.44999492188146,5.86144443069668,6.01019756869815,4.93378871633077,7.79418959028554,6.18867991087316,7.60382680307779,5.51422673113975,4.44170425212747,6.53854115623002,7.08342111356766,7.1409260445344,6.25446882663582,6.10929189483078,4.18582987388809,4.5170099046611,7.61201558090973,6.54664287230483,6.18209885558596,8.72312522253916,5.42818425781484,4.96170131738496,5.56099283674729,5.62099454294435,7.96179887467979,6.57668058157028,6.19708238664356,5.62282443348744,5.48121130838648,6.17360211898148,9.45114156283499,6.96257431704725,7.89442683157029,5.67279153058977,4.76113353048876,6.34217112041165,6.46384668292191,5.472415875461,7.02766168243461,5.88139090122892,4.76431006108226,5.55856759617549,5.0800623774806,4.46916604444019,6.60209144312432,7.11683790494676,5.17512021506193,7.38872212163031,4.11290865094951,8.10539144875636,6.31827485197065,5.58432961116109,0.533450786858401,4.75279606075982,8.68362627496493,4.73200140684121,3.41437926857749,9.03808667597243,7.23857660943275,7.62935581118795,7.36882126119805,4.58155717270318,4.62445969757549,7.30134370930983,5.18173946176055
8,8.02241409657544,7.36754069759864,5.95980742685657,6.51150724396265,8.81435760341968,5.3318645986808,5.27945903313161,7.45894739409597,6.43892062787288,5.54990234276242,5.41360553037769,4.64669291278232,5.44599470129303,6.29085512608125,4.19304584179016,6.91352710850151,5.0602977880593,6.81250280110837,4.11230295404164,5.01683252888744,6.57964809338393,5.64600428870924,5.09740430254497,8.7311157858798,6.0863648439041,7.96654706823513,6.60191565976867,9.51353815062593,7.84323957647864,6.15997440793807,4.69580201324262,8.11323625600928,5.58412894340595,9.96946812130569,7.52585819444166,5.16591059723516,6.37519167025365,5.67897904761841,6.5216042525221,6.23846547046401,8.46413246926861,6.42306430880223,6.41631175597022,6.11948512404077,6.11394740975115,8.40554557215562,6.47544810475455,6.5066349780655,5.51554457710367,5.48888474811447,6.93829261634243,8.07206312091709,7.084540971697,7.68617728947053,5.75764887001923,4.98449556542296,4.63658564420418,7.14175082291743,6.52560424649154,5.74083828910484,8.04769479388455,5.75427314262892,5.56447783749377,5.49597436953786,4.87166772359243,7.63985240332294,6.80853710315344,6.71180927255826,5.696891385012,6.0075958583999,6.15701854983534,9.83954612725704,6.98218131812298,8.63834288177513,2.11840608962284,4.66696887078224,6.23567820653057,6.31662215910859,5.78683656869395,7.3890462124902,5.60913027804373,5.41215309975027,5.72448566336243,4.64037764497937,5.13065592237066,7.09892944874457,7.27781901232244,5.32247707925021,8.02996124078217,4.75394364487001,7.95855625884489,4.57641633081424,4.84106996183688,4.53217480771363,5.11484241751483,8.38381855890966,5.34657507155634,3.97769725964265,9.3880859688744,8.09433714363072,7.86062207544738,7.73798715444401,5.11806478963989,4.57975049096866,7.1569322039214,3.95665781079692
6,7.89969649828433,7.2581277727886,5.64034576055424,5.78828550114273,8.91246369143445,5.61511865899405,5.17225178510998,6.44073872432498,5.42610503477749,6.11131255547603,4.69586943217073,5.127980994653,6.58734601915424,6.62471118800975,4.47488520748586,6.97940292040096,5.6589665676143,7.26356557321251,4.91741375129185,5.84400499399701,6.25456424731831,5.90259107116883,5.12944449120258,9.26396000739727,5.67828839887427,8.29924303745639,6.4074531791284,8.301297508996,7.59906190755522,6.07584660028221,4.27941441877178,7.91065906519623,5.53500718404913,9.26186501555011,6.79619262224345,5.86662981642306,6.09711572288297,5.51063189149237,7.14689969181387,6.29648674624323,8.77641189380449,5.22248132245662,6.76912688996161,6.02589941380475,5.34210324508163,7.91897917241077,6.41084823423315,7.474187632541,5.97535623803782,5.62019520012006,7.18349522444358,5.01131938163091,7.14360530800975,6.02169302252619,6.67197284849217,4.86279268497214,3.9619239535503,6.44486595513954,6.50743619956379,5.87760742477426,8.39019029282236,5.38042639843787,5.12150410849665,6.08747240191335,6.02995283390329,7.68200165840972,6.44336245755388,6.47267386869758,5.43288261943981,6.09202017384194,6.0749069853173,9.18071671676311,5.47320830035242,9.19349415684307,4.21372548220968,5.57307615891814,6.34508283214675,6.25090607302972,5.51322543818313,6.93921561194584,5.42908041423059,5.34349395453033,5.19437914609211,4.5396079288396,5.1592832736431,7.60444885893203,7.29312682065158,5.09490784350905,9.0746026647426,4.56409111580417,7.61250943940834,5.97401983866357,4.59383682586599,7.67637102572521,4.75347229191055,8.6574693541241,4.80241468752113,1.58005595629754,9.33463825514472,8.36467059845422,7.47219065552346,7.79738069570024,5.31782232777564,5.33609159783012,6.93146512699449,4.20535389593921
4,8.22479644002344,7.37890723450537,5.73684550018546,6.32618006060787,9.40438682952969,5.47006466163059,5.37939888226986,7.58611216879063,6.37655074935791,5.87961757889093,5.97474358955216,4.27990460521358,7.07712447056087,6.23739498722703,4.74266084215074,6.10436256007296,5.64811678370334,6.75225302266955,5.04718902533812,5.54352998508839,6.77737929560729,6.6788677721803,6.66846868626748,8.87167552127264,6.45635389132963,7.6360266172222,7.39576494244893,8.60350820597301,8.22147316087231,5.82250195326246,3.16925349597264,7.8986204171654,5.21112363087349,9.61134574495307,6.84320388598159,5.53271683870806,6.80760306342621,5.95108600029664,7.33955400255476,6.5322936693675,8.63642607130334,5.64899620010098,6.44021801475052,6.62402181687115,5.77053823768485,8.43523886981878,5.42774829526532,7.79165727907033,5.21860770213748,5.3713780530079,6.35753255332952,6.54183403320184,6.83440132739835,7.35227072172708,6.2330004552982,5.17235686485733,5.38699064739645,6.94821130687286,5.66146454108497,5.830863740069,9.15581799860007,5.12794419261961,4.55603641128485,5.20719693640308,5.77819933634214,8.02276022330873,5.0800334082827,6.12886418615337,5.27726575418133,5.3768962602095,5.71047420906931,9.21707553392245,5.9993254011893,8.72919718615767,3.49137191405839,4.98867666351917,6.27550398990876,6.26632355933933,6.47795493154841,6.5314921916312,5.73999528145269,5.55215992810653,5.83259744215072,4.1636977627008,4.20443281317156,8.06896897273041,7.23586079213619,5.59036253793766,8.18946730412581,4.92151220834436,8.34111866001562,7.16493522993171,5.34089659404646,4.91604148566484,5.06498384780888,8.41986837941105,5.18045079715684,5.48764921707041,9.31457766873675,8.21584393380842,7.17499612960828,7.63387209314601,5.02690445694376,4.35664718812605,7.13313191636005,6.04145106569647
3,8.08803940713821,7.34469268950845,5.68388277791867,6.39779141838129,8.81714384108473,5.55549186293667,5.06608076717024,7.00857299755395,5.81838237623811,5.72758306169473,5.14862113225464,5.21675997917655,7.29295142721454,5.80270934393948,5.55667405168814,7.01766989667132,6.10710801930453,7.01340602453282,3.97610358506277,6.37920728161495,6.84199697114094,7.67894377525025,6.23240638123994,9.32710069832524,6.19653127461747,7.63052627326331,5.42276350767846,8.12230156375087,7.89341076646162,6.74667871611746,5.01183808398281,7.72623857505711,5.17922006836236,9.28313635518681,6.92623491549552,5.8693874972191,5.81857220028597,5.82391431407603,7.93033220914325,6.61639459671663,8.6488418566309,5.19211619438955,6.84574809065972,6.46676327014067,5.54084615663061,7.72350935963777,5.93140748692568,6.73081756465711,4.64000774308424,5.09919423869655,6.59701553223186,6.5913973457771,7.26710441555177,6.34382277110743,6.91075205845909,5.01884272352419,4.15991168160956,7.9891664122103,6.47412858496236,5.91160580015038,8.70356587244966,5.20064755166968,4.42696173257862,5.3620071860503,5.76971317177131,7.73109532571604,7.07124986020391,5.73377139257553,5.55598934850358,5.76695524063639,5.96826120081808,9.21868878604491,5.93745086354247,9.09560714203634,4.02318590577478,4.99164825918522,6.00139603962651,5.96134120557144,6.69383637680899,7.91450744809169,5.77929007703091,5.38154291019742,4.99053581927461,5.5819384720218,4.39593085555338,7.7828498092888,7.1024732742786,5.42003043285229,7.98618391904238,4.95052417356303,8.44450458546138,7.58440260653283,5.68601391155594,4.86312317988955,5.34753436482887,8.35416127308309,5.07529356832731,3.57460961376213,9.44772296998249,7.78808103568036,7.62786493508513,7.683050296908,4.69596493560279,4.44835763527731,7.19083724710213,5.05874404074002
1,7.84251410966953,7.38312159903924,5.83595566776467,6.3869691384652,8.65504324236078,5.25650988451949,4.77420190395595,8.31157485898027,5.86625572665686,5.9859225577508,4.83540223322927,5.64291647983605,6.87049029371701,6.16260534654162,4.48995912687828,6.81680894974492,6.00455512972083,7.71958690430277,3.93601573319069,5.76268171065246,6.46850992839379,5.52464263944788,5.89948097079203,9.26255261765766,5.85571427020173,7.77287281282738,7.01164700997656,6.47710968551104,7.5293357573829,6.09180506260133,3.48015390632673,7.48045155567597,5.62581010652298,9.87164325359604,7.11953812175818,6.25773185415005,6.03574279072781,5.8145407327689,7.19944488267231,6.54064337144218,8.31100411925137,4.23270446699147,6.99365739920192,6.36859328882696,5.60179718753179,7.58883008423298,6.66246568704698,7.77506915488779,4.02762597357716,4.90318888029045,6.83263648436999,7.32360514047753,7.0637924110847,6.23390966940527,7.43859477067568,4.80760394181094,4.46548275525199,7.42082833065491,6.39187300066839,5.78899727161478,8.22754522228177,5.63192875683298,5.11562948111145,5.04314023777627,5.93435709576149,7.89867074189413,6.12767729419634,6.30450987952886,5.76528089133292,6.04144231805201,6.00416743780232,8.72366862862608,5.94037593379514,9.24511423312908,3.9839037605129,4.9101565890918,6.2033365347416,6.49607514913849,5.33045961241937,6.91760824686153,5.26019031517654,5.97255194743282,5.48585408293493,6.10448595917516,4.75918465449164,7.56211676872092,7.45261282609562,5.83383901805604,8.6395120003344,4.7851386223753,7.56384944430175,5.42368426650845,5.57102793875335,7.19662873558223,5.4341445893586,8.04395674220474,4.98045399271458,2.88196921288584,9.62691837974346,7.97533727743846,7.56117715161273,7.47663262523326,4.83552621107003,4.55755567957291,7.13979992334317,4.55185968030533
9,8.11609154750708,7.1794524050086,5.6830514876623,6.14380293418577,9.08988596202711,6.05272749727642,5.32223449646161,7.58179825975874,6.20583461673669,6.39043622804237,5.01583724996571,5.56863916040318,5.31431827594923,5.8793390639088,4.25726498419043,7.13605371261692,5.36361916526617,6.87844004596522,4.59716504871802,4.64243855059717,6.94117024333445,6.00624075989236,6.62294690354438,9.20373884693429,5.64671212961146,7.85835566852332,7.53831568538678,8.10483346620736,7.93170638704025,6.07363572752252,5.15907259435661,8.52418042385406,6.17100314843083,10.0266993648646,6.88646448637361,5.96873182539477,5.86924586500616,5.57659048459555,7.17412502805346,6.50312843343873,8.65305319949868,5.26620723055342,6.95908414493922,6.45541415780532,5.12712140778697,7.55305507699086,6.33144991579873,6.98501963444148,4.8126926582695,5.72832806537113,6.83292871847715,6.69695771102903,7.3620667007124,5.78193857968681,6.07433263141727,4.91839570942925,5.01844339383193,7.51111486086067,5.89173502049239,6.24033846665257,8.83739983621151,5.13371292205358,4.97620303433519,5.24775176430624,6.21505712375388,8.12371364765372,5.43239446074472,6.24978917333003,5.58155383129461,5.94609584830116,5.10006938988972,9.29419501481617,6.30073852299392,9.50145663384734,5.45527517921319,4.73967102926453,6.34069364729131,6.87300216755194,5.89051988291571,6.90592769579491,4.11774774605857,6.65119579455089,5.51104284034417,4.75227341929157,4.44223766378301,6.75047094893149,7.45302700245694,5.11444614417689,8.72928271737094,4.33175231645735,7.74063077863531,5.69658715094523,4.68758166291228,4.70488463127438,5.16246644020579,8.50106525462656,4.91397532168024,3.40268846724902,9.32386048139618,8.43284784940254,8.00969787942777,7.56395703875923,5.29189593232732,5.26641185656186,7.19284393388145,5.40857772438083
3,7.49494622909786,7.65073332608745,6.4148135223108,6.05964781879855,9.24480489948034,5.83370745014411,5.08197116402009,7.6096409771979,5.94283316782811,6.17805698697059,5.75513375134533,4.95744298237821,6.65500229221329,6.30220553239784,4.98588496862919,6.93296017135089,5.85247711988788,7.2044597913662,5.04209361842025,5.49166092091424,5.69685256828717,5.53421244787404,6.35974635091506,8.70320290243742,6.08718490058408,7.230634034441,6.58203338946605,8.81446598339291,7.1698774546634,6.14239916707603,4.5630151972389,8.41870685763772,6.88680175972801,8.95696690148856,5.95150464591829,5.81152425095901,6.42453680830671,5.72972106840023,6.94468402915236,6.66168536720904,7.92898314563584,6.32045990391311,6.90669950952607,6.38497946758455,5.54822132346793,7.08586426763913,5.74419434383972,7.09121834124262,6.06649691335807,4.95142303265479,7.01736018428052,6.08082130170169,7.30122772247116,4.77643263842311,6.31295450598755,5.07182248762058,5.16807976921206,7.03335462524072,6.16772670849527,6.0659107645635,8.89128502376101,5.42352960042068,4.55589920822711,5.4250647742307,5.87288834328201,7.38777374415749,5.79481349150365,6.00407797086181,6.03338928931873,5.6620628478324,5.92346595200339,9.04806727085885,5.91097022064235,8.75729735617632,3.93422169800938,5.16657484514741,5.95822739128312,7.32417342750286,6.37662057253385,7.05239444999891,5.95971131601306,4.7966012622146,5.49286723772147,4.9092214669984,4.53605213448206,6.5693561765964,6.75454548690325,5.26978721343209,8.12342350349542,4.56318504326874,8.07489118943721,6.68398447391695,5.76962936489415,3.70483491158812,4.85326214153084,8.38814482801057,5.33576774280715,4.84091996245635,9.23428445920038,7.74772292612006,7.41692724545433,7.67505046274099,4.7422939488697,4.96185442186765,7.40351239540714,4.71047922796717
9,7.71858246546054,7.30935352008579,5.79837928807622,6.39327245931819,8.74500728501184,6.24422793485506,4.85595352072635,7.75611974613671,6.21257058150683,5.9200837159683,5.6440489300613,5.01076397737413,6.48306084245837,6.47742470159516,5.40659257751291,6.79275337368183,5.52863280571976,6.97583810135167,5.02988472861905,5.2381028521913,5.95207902004631,6.50132197559127,5.66779452371205,8.61835425868065,5.94184383115377,7.89889938795997,6.46032932359751,10.1127780073888,7.30925888385401,6.07669612889089,4.4419794002671,8.95605462697767,5.64966059538969,9.3092157159605,6.6858287443496,6.41842562986663,6.91733216637616,5.88538633326144,7.12141467704547,5.92247782184618,8.22767845007983,6.77414335565074,7.01518667652779,6.43901263951285,5.52797195405678,7.98738691024351,5.85888960400134,7.63994522099342,3.72815998460347,6.26811075703918,6.81153744073971,7.29739965013872,7.08519770971664,6.86931385984457,6.13938445775555,5.40192281522578,5.14261553572723,7.20099487050354,6.39202616407325,5.64948635596336,8.62782992159607,5.55697628056742,4.17906984073171,5.13193200890055,5.75583998362777,7.38573493383636,6.09629703942873,6.79422579015443,5.71329701764834,5.77973846050981,6.34863599652516,9.4041134449413,5.33512426407229,9.43978870266283,4.16462480885139,4.88866821748703,6.25282909760305,6.14172947416507,5.26985223511252,6.85333140509883,4.78947390861991,5.73732299202638,5.66074913901618,5.61619268913226,5.05088283197748,7.80541029225902,7.39294257229912,5.19719071275925,9.16097857518021,4.66378207179555,8.21639412315939,4.38409400904236,5.19333791991947,2.96484037952295,4.62074843110468,8.77252630559537,5.49429958754475,4.71348493301773,9.20626844400215,8.12233702842435,7.89747562380626,7.7808272168624,5.03236264700188,6.11511669647752,7.12207653200632,5.72570408419838
9,8.06585989772426,7.01731254031051,5.16122944347927,6.4776240055873,8.64394926572329,6.36272808767561,5.13416857689196,8.17171777821691,6.03503302994337,6.61822365670409,4.85943097928031,5.27479364301181,6.19997547555345,6.44535649970147,3.80748568130296,6.57300849013453,5.3596892541859,7.34592244277564,4.00758364802652,5.27194862155904,5.99590509318081,6.63996489541267,6.61698897433959,10.0193175875351,5.82598276466983,8.31825526974683,6.89709893782894,9.33552182467072,7.92721974362923,5.84565305102838,3.5431362626115,9.59002452943317,5.57908995587276,9.55319220490631,7.28023450195917,6.52957901065682,5.37642640955925,5.68807030778315,7.84559667478054,6.41570779239105,8.72710859790697,6.48291230886244,7.06901615775156,6.28641815899654,5.5254096971982,8.87640906320605,6.27089411517218,7.15904632132889,4.8015186453178,6.01258167441179,6.6608752392572,7.53866294204209,6.79817521038556,7.08279699172614,6.5146144240185,5.60259984040156,4.61013166078814,7.84222413646853,6.09802208680195,6.11054591144146,8.31840105367275,5.24174649616989,5.23221492925328,6.0923199146203,5.38381946425931,7.75723458703207,5.98300046093181,5.82852068493404,5.16204300575362,5.66541807461637,6.03263511681637,9.39459457673601,5.84795865470987,9.07889752793294,4.58694660214187,5.76620385769061,6.39047185400842,6.2798863881322,6.54630106153693,7.44252331100145,5.16243682686617,6.26764768527251,5.22339510503717,5.19332240585747,4.25687644517618,7.9557998823931,7.73122874703438,5.33398283116154,8.61955955397947,4.82320251394644,8.88244799936481,3.92168898707469,4.98113342634751,-0.0747914168632668,4.98525281768399,7.96366912961081,4.1432951342525,2.35831209496523,9.19908804122037,7.8340909640231,6.70856822551322,7.67946960781466,5.1206073132176,5.43242765323944,7.24050809576841,4.2760149028391
2,8.65173204825881,6.92891716909704,5.71936323721704,6.52678213377113,8.6570358814333,5.21612918009777,4.88615744852558,7.4861670697413,5.96310948193152,5.27252913258474,5.49678742649426,4.37381606065574,5.50076107135285,6.87175821646873,4.93923352105995,7.25176647937404,5.37164109212115,6.97784771179192,4.36062408842821,5.25485566704248,7.50941181059031,5.71929254718965,5.79672171511261,8.79719084039381,5.92767343376704,8.06619510132627,7.3552452934746,8.95877976516569,8.72662347736756,5.69566864947617,4.24359432800334,7.48268721780205,5.46212250024736,9.86176820531381,6.91447761382613,5.41341199398434,6.13279444806894,5.28991405483272,6.58343960756211,6.66262058040544,8.94387101435704,6.09209902559955,5.94325427380693,6.19639614319653,5.77801502226469,7.88494321974811,6.09123635441407,6.73229914873718,5.79801803472316,5.20617057544857,6.80818148802243,7.1761625910039,6.96902515504112,7.06637180945637,6.60885035956337,4.55653861608879,4.76355014997892,6.78180634971606,6.94044067061932,5.77640698596399,8.52717011802878,5.67898281247266,4.45842258913351,5.64357508363016,5.20771910929009,7.37192641391176,5.50803547904258,6.52049039873009,5.84219909283409,6.10034369486463,5.78515818615817,9.91450595818062,6.33514893448979,8.62630220024802,4.0232101927176,5.00226727281699,6.36914119629265,6.43933745186187,5.70797867202118,6.57244562529517,5.89083565248299,4.02583799533125,5.66290210662552,4.45379570539683,5.05876186750045,7.31133429418842,6.85278383621328,5.29142663794751,7.61494047340734,4.56880341684776,7.52542782067502,5.58341335025305,5.93496100111654,2.78406963980598,4.95483528107536,8.08835298862265,5.56825765135367,4.46198749652153,9.20964094765288,7.72252468733492,7.20663146175332,7.35876934573047,4.89917034936485,4.77115710061156,7.00139038823048,4.90828569778156
0,8.23236338994608,7.38387025012577,5.88380308712363,6.19605956252614,8.92702301547627,5.06521543260242,5.7420740501209,7.64233096826037,5.57466950939419,6.75123670513867,4.9148391216914,7.51852203152053,5.09999288506896,6.36671217283662,4.02829447409151,7.50817199353239,6.28414261850657,7.18376026617481,3.28922202570187,5.27827459623227,7.04454295016624,6.15442483961299,5.86782600790364,9.59353927738291,5.29019005504351,7.34080235903834,6.34733501282847,9.14095717806994,8.18159858850576,6.62802148557835,5.02231422665222,7.17649663709428,5.9547151654622,9.47919733791061,6.59647484083624,5.64292629773462,5.85896222775112,5.64626081605842,6.83818203814733,6.8100189561743,8.51893727500632,5.71285037686771,6.15000761217504,6.33022603151374,5.41257569725305,7.57891401939268,6.96660390695597,6.76703804570843,5.60227869625625,4.6714039285662,7.64867481614649,6.73270329148989,7.26554294303978,8.29365418511592,6.20467309320377,4.45564059580868,3.83538249581558,6.93047986677054,6.44067890694169,5.94556207882137,8.75258777613405,5.68465549796937,5.11585657769417,4.80487698363227,5.6478902248884,7.65735811287664,6.00381421604866,6.53929766407124,5.55255530395675,6.17931743491528,6.6138127520726,8.5437828610773,6.15391179266386,8.07992833560964,4.02946415297376,4.85337689779045,6.20348083921654,6.80049407096189,5.57086950565853,6.49270744969413,6.01809621161858,4.28450723834326,4.8456636113204,3.60714752038237,4.57622581197234,7.14722335788601,6.92061564591681,5.42597376387696,7.31031457876063,4.54846414518255,7.82350284458025,5.28062202274552,6.08042554378349,1.95146200280378,4.84934381517048,9.09462694929396,4.62667241459483,1.12895611549705,9.45825316471751,7.58840552420676,7.03309644964568,7.33318900542537,4.87704539390972,4.9576200977859,7.30821267774049,5.70645541804779
9,7.38703929273361,7.67311830645753,5.30447746557072,6.47835643295996,9.11524104486024,5.46760207085601,4.55565935361603,7.53665784765545,5.45665853715518,5.3541337044226,5.1142818875495,5.8754068579363,4.98707286487019,5.73177566808973,4.22932870960957,7.22649294598914,4.77605501870718,7.59980713187735,5.02166327666902,5.54296580008743,5.49291360320836,6.78978292876582,5.51401303551647,9.55299427894002,5.48641230639577,8.43145087062873,6.58877391745989,8.18308694931453,7.39498621034455,5.77717825833365,3.00346619807079,8.00341423478509,5.29330252272931,9.1993995897944,7.35694100288424,6.0968851538717,7.09706822298756,4.89073813889594,7.54559385634807,6.48280416985482,7.94211750701657,5.00050822968371,6.63700739895821,6.32138530526834,5.67020104944623,8.41911569280563,6.51042769453852,6.67187335496899,4.46622147575685,5.76767099563321,6.75061217010849,7.47490125820018,7.09115079746153,6.47854286809698,6.51864874201783,4.72253554321377,3.86622831226626,7.832515395925,6.30772888522775,5.63266901920927,9.05212557096447,5.84738929785105,5.51100421153939,5.49386003770787,5.53480970833515,7.8993579382967,6.78597487894945,6.59477612840711,5.28357544255778,5.80939442540576,6.42857190150136,9.24302437123584,5.28706046526349,8.87822910569248,3.67411400420792,4.96540623119174,6.50879873475064,7.19156586740072,5.36543878371996,6.58088637792693,5.15516245474614,6.67323265316398,5.0619952862652,4.27506085214238,5.11459497712601,7.20747153914992,7.68029287320823,5.57785695077009,8.56140881019136,4.3891933892244,8.3519416447086,7.35813112851967,5.14146800515107,11.4297071369497,6.09531990367002,8.23527976204397,4.37422019466816,2.06914372409635,9.5559112943416,8.10328274686844,8.03263444203609,7.40748918606162,5.18680956480943,5.53389236252571,7.21742865580277,4.78454732207385
6,8.51388598812299,7.20820251251053,5.70959043205988,6.24921726713497,8.78506019317461,5.55078369101109,4.82257889799766,7.55460199831001,5.73950289329113,7.16281579711742,5.31595177869721,4.44110643426648,6.48452174099049,6.1748540576313,5.1234292709785,7.52795801603272,5.17151649177354,7.00641398051022,6.25549379757578,6.27185210201018,7.2868614551592,5.62501750811504,6.25652367571659,9.01786459049337,5.73245107170504,8.27294957808967,6.15735869540819,9.25848194815079,8.53855731161896,6.12846928358996,2.74180624432406,8.41242674678836,5.71058868137052,9.45614553605147,7.16864350070154,5.58895333726426,6.10441245265466,5.76782105444195,7.06342862644079,6.66592384372933,9.25247438631657,6.13132468256973,6.4011298211739,6.08992502152706,4.99143068622632,7.97933900208997,6.38782246292422,6.86758780857318,6.18968221023851,5.28310965396369,6.29426515642375,6.09916788601175,6.55563933017323,6.65169651642569,6.23166860241694,4.46066359832751,4.34942024681781,7.37150241463288,6.12124750992517,5.7971935385586,8.37437485065052,5.63406168467778,4.18761917462275,5.72668161912546,5.74508675173339,7.73464268164266,6.3043058991131,6.14465981132375,5.6448362482652,5.64978235858598,6.25152579178805,8.80717144873678,5.64076676739151,8.86906438097892,6.1115366671825,4.37803939762259,5.80776444858489,5.90446661129766,5.4996412864575,6.55623304610147,5.42328620191147,4.54969739892243,5.2957029286747,4.31092157893675,4.77426989200824,6.66652796016269,6.76842714150253,5.33947875645953,8.16174283663439,3.93196677368269,8.09997943742101,4.34161805679299,5.20070986834278,1.38039717871054,5.25553780385754,8.55882279336368,5.41829449684201,3.0541723696213,9.41153553836326,7.85064808410566,7.4552159883947,7.47163476379004,4.70171412894942,5.43708826350938,7.2587461480075,5.24672176076239
5,8.48660280082848,7.73234026944857,5.71224828597981,6.44148676180682,8.95040799627908,6.00856756209383,5.48600892103711,6.88017190656718,6.15538159964538,5.16205137221318,5.13608048048225,5.04927668758959,5.91347264041483,5.87755731668498,4.26566740705094,7.10275038911824,5.88519623404098,7.28660934757788,4.62740460777887,5.47975784445338,7.21367988552536,6.85941904760284,5.90991984272458,9.26382678366347,5.57905519922632,7.90720027515076,6.98251126524935,7.76988969459147,8.26432879287502,5.93367457521299,2.40667775828165,8.39251058906951,5.5163735492468,9.04901356363632,6.61324927936189,6.48808489370245,6.63799880593658,5.04055952593884,6.54084641090754,5.95705438505964,8.82905038757089,5.21470329751482,6.62192950048571,6.39144652402447,5.70413468422171,7.7114484470716,6.91584528563087,7.03220932495688,4.55454454909576,5.09317229025561,6.34886381538341,6.7831524049658,6.99453998487399,7.14413073452817,5.93213651756368,5.38710194617703,4.80447847337668,7.10281386553183,6.41647697623397,6.0030788906125,8.65786525590833,5.67622483464208,4.80167608687524,5.16934609486865,5.91447711200632,8.19663789255739,6.29729216824016,6.85824325243365,5.49425504715986,5.40354255119542,5.9578063999756,9.54660362285449,6.68996433196893,9.05191178655943,3.15916072985453,5.19493818205035,5.94361608041835,6.18680706978221,5.6990512889896,6.63187029520044,6.2555147261957,4.85626240671538,5.50300110667517,4.15511067654748,5.48896958149945,7.53584169796344,6.76662592364013,5.79282513585033,8.17058642447456,4.88798473741496,7.95608280013654,7.02555874639108,5.14283181250679,0.0097306767215457,5.29215324005392,7.92254610430209,4.64986794322467,2.82186113553947,9.53551182698423,7.81329087413158,7.36390447606882,7.54678475004139,4.83838267177543,5.65466782403028,7.3912549436202,5.24175042926798
9,8.46677732029484,7.26293775497397,5.79563989819248,6.10893531056554,8.843294044773,5.6776846468515,5.08721647963319,6.56345682673992,5.67120312607744,6.03659454202933,5.11669461566641,5.64210794701085,7.30697297386431,5.9106219902603,4.41198945073748,7.13250731878287,5.53800189698977,6.67116250982484,4.22762334118308,4.94669437584217,7.28610814414073,6.46141095507396,6.11054182180743,9.177951634588,5.8310357324013,7.59069510219161,7.42632698271514,8.20252941997788,8.12228699463829,5.75504402357524,3.38195456873156,8.74917185608577,5.63531346110828,10.2876289836861,7.23207676474924,5.36254112606878,5.42601918708062,6.33667449790097,8.19556609159417,7.02608723435502,8.72059817258108,5.38199297747445,6.76480142570033,6.4261908514655,5.62281992289998,8.04743244457263,6.12870964428344,7.27698300808512,3.93530136599797,5.88857437678034,6.92616926835746,6.8081833825725,7.13493357668842,6.12994977028941,7.10649415324432,5.15196309120517,4.50285333554737,8.01634058578672,6.3851928573863,5.66874481778637,8.73640040802811,4.62162927323051,4.92279212092911,5.10027673236321,5.22054791024202,7.99123814257432,5.07977847821451,6.10609454196596,5.54768539730653,5.98086030746616,5.76297779511525,9.7633037729768,5.15652683569896,9.34880471067191,3.71895092365353,5.02208305830024,5.84811103330563,6.27473732521471,6.04856945022469,6.20193979493808,5.57476557718782,5.87108632018965,5.34249619051095,5.06121486013468,4.2728723794771,7.92009374225663,7.41943518329724,5.58618020100055,8.68814327938263,4.46904953264814,8.08411405414308,4.86361984781277,5.05460960886529,6.24735454975715,5.01357356996945,8.77119099098267,4.98069355621124,3.08678955962479,9.5266227598292,8.17889257761835,7.29673564909031,7.6746584068074,5.0026596344118,4.17635767382089,6.91521882930963,4.71446460073966
8,7.54640609394574,7.16851852907534,5.72271360268152,6.25881341604786,8.85844298794195,5.9113424432016,4.95873128226235,6.27270040324301,6.38394386520761,5.83270512390168,5.51489240773474,4.6234259324942,5.6675668379671,6.12645822542929,4.6494015035008,6.89849141639527,5.82699962701106,6.90114379337161,4.82654214123104,5.32577205077043,5.49683391414121,5.65417549295233,5.7006548104374,9.42979222688695,6.05959131452667,8.26692519799514,6.36004956931144,9.9291717843292,7.16668783003801,6.06235072336912,3.43371349671209,8.54658412716624,5.67056031257684,10.0722323429949,6.57580235360011,5.92034849870976,6.16856927163903,5.43735584390376,6.7110537653407,6.54513663775699,7.98392898954241,6.78578029986774,6.21164069954109,6.20696756632429,5.52830202199476,8.10806765716844,5.95664764075225,6.99144325819371,4.35792857464956,5.5788123431949,6.81814728081616,6.79171464382096,6.868924146477,6.95032207864208,6.44917492894636,5.09465477812611,4.73015892533958,7.05650807225458,6.37966767766262,6.37285760628056,8.63802223712895,5.8147346005078,5.07316156380453,6.96456140377779,5.55140951595221,7.74690980111176,6.07376855641076,5.83607059895424,5.4388892168464,6.02510871879231,5.359698797843,9.9799546182234,5.82294578261066,8.69253751258681,3.16526337432127,5.02017404318394,6.04177245505094,6.22128370002315,5.21250609713337,6.84536072913803,5.04372373019686,5.9314451810552,5.58669868288127,4.57591309027133,4.58386797291992,6.94270078395045,7.04906841382346,4.89754416671038,8.23871509742611,4.61290029024072,9.12110258163094,4.49905152079236,5.01929096784652,4.79757806476846,5.22377194319778,8.67525114419508,4.76767539237898,4.43418594690299,9.11461425773271,7.65453149385409,7.30168534950247,7.42820124543185,4.9566143344134,5.56259287140671,7.40872045404384,4.70372183737299
2,7.78228345906323,6.9854375254884,5.47091144832588,6.32181991219297,8.8358236350336,5.17955757405104,5.53087435838006,7.56128583715671,5.44860609721599,6.60821139391401,5.00728161635264,5.29302063187218,6.46323291356157,6.46883636664592,3.71331306567229,6.92636124314375,5.74212305000644,6.95073068384088,6.10846140080465,4.41206398251329,6.00434555939456,5.89805117301143,5.82396739884198,9.12386177475201,5.75801065155978,7.84535687605825,6.53312923276109,8.76020771652861,7.60434819771597,6.1123344097841,3.05531298300432,7.69324633037021,5.87274480704771,9.33368685915685,6.67818753847359,4.77802607368543,6.08882435766419,5.66922113193149,7.03373968198561,6.85687432787198,8.35745742755156,5.20511694574179,6.1952279722355,6.16034192704052,5.64060192033142,7.92680507338527,6.78758248910566,6.6682185961537,4.55793167154365,5.4507304418294,7.29192618172971,6.92747344481347,6.86893816419161,6.7871409520884,6.39773952681333,4.60040401360712,4.17596569106752,7.38733123091296,6.37365224870793,5.84402879354281,8.64265128126404,5.8900846331489,5.3927577881238,6.01956785635359,5.53927058074269,7.67992727658056,6.50186094457987,6.45568243747821,5.34801330578705,6.18412633626309,6.27161011121178,8.92687735642824,6.20390512391534,8.56145161549216,3.38126039423321,4.33921451438851,5.69223503016827,6.80333385996726,6.60070874395762,6.70057767106353,5.27765169387702,5.02903378047234,5.0100729847039,4.91371487077611,4.80789994902345,7.55779497327564,7.2939648741489,5.26205482659641,8.32329041213735,4.65273114872116,8.02295148395912,6.66355870852207,4.70104608673619,7.19712726537304,5.03869329085554,8.40669077451644,4.81508768028012,2.49057304620001,9.42560046032593,8.01388628186314,6.95219933001028,7.55142593302113,4.8291031228897,4.41143041020443,6.94976023563609,5.34617041667609
6,8.568268321428,8.10538558249609,5.77269701394551,6.18132266704306,9.26211408606534,5.12604908435993,4.55943825589047,7.54756613250735,5.87143623234692,6.65443447190033,5.32625673940223,4.69223047910574,6.45076491359532,6.50843357242946,5.2494343776894,6.86439574751871,5.64271741170047,6.79439232248488,4.92943557787995,5.33305213528124,7.35378874382273,5.1073213625624,6.23767625306001,9.10129633785629,5.83954208282857,7.9427573859142,6.35032439704726,8.65112212936433,8.91289406945209,6.33574304027986,2.71805552553401,7.8241191120455,5.55095314791125,9.42344349987788,6.96498624998631,6.61068965749048,5.87586737916173,5.38463018893479,6.52555986314566,6.15674837752636,9.03334157244905,5.90012006960458,6.52698777747265,6.25460257538487,5.79299140573158,8.22346309365266,5.83196991192256,6.70220965665976,5.02307212294726,5.594036775491,6.65440177758037,6.29936046932145,6.75904687299739,6.16865635297311,6.27887724835016,5.2483113578261,4.99123242716136,6.98111694428545,6.05759807691656,5.96069583717084,8.49719778642393,5.48874075136665,4.53799220306293,5.43716392232799,5.10493015271362,7.25672072034324,7.49880561365909,6.37843750132681,5.72801008231233,5.72484547725661,5.65669704051294,8.81409577651006,6.40926681497643,8.50902368986348,2.90259425726473,5.25466479050185,6.23462644984191,6.01008721446529,5.83741387529904,6.5351485152224,4.79987097589073,5.80015952699501,5.69454584694829,4.54084614998332,4.73317862699559,6.75566710821342,7.08364928140116,5.41542956190225,8.72929094829199,4.84613304970463,8.0124439270386,3.72906074397139,5.41068448864332,3.6692909847057,4.90761847524176,8.09924233240164,4.97794773834674,3.94997766645185,8.8581306454725,7.9270303754903,8.22435365557384,7.6692072314884,5.09954176828749,5.33492811992962,7.48842911939318,4.73290453709727
9,8.11951520508725,7.71213113229355,5.53890982773455,6.11715116428423,9.17453680082101,5.41048244233874,4.30526142625774,7.60600237195101,5.84171475020696,6.59091530505261,5.13542444266218,5.3173838690619,6.55038274298411,6.42250653066541,4.85861998884936,6.95893471648867,5.81523223759686,6.640003230936,3.74655686017045,5.30400224379836,6.76174910569207,6.14307908823888,6.3732232175843,8.70859528819523,6.18759669456072,7.36252044929081,7.13412944437674,8.12763923651809,8.35430424845532,5.76878457777473,3.93469080788074,8.24915993124795,6.14404249856107,8.70429548130246,6.74909637382851,6.843982283758,6.56895939586554,5.54374419595303,8.04453818404667,6.72616334541408,8.84029280351727,4.98147818513074,7.04889428067763,5.99147478963183,5.77518497254692,7.52778230537901,5.85454095177275,7.71303598038464,5.37859505577026,5.76858757732367,6.8338121429843,5.7053030012177,7.17669252132311,7.00015691287266,6.25178029854715,5.26419440447664,5.06218666953387,7.93714236003268,5.74738779630195,5.96002209047701,8.39350477633258,4.69286509406476,4.55600608621768,6.42615784789216,5.54210532222369,8.09817980846623,6.06257548272482,6.65904004615495,5.4437875189692,5.8831036824785,6.02782233719658,8.88310149817997,7.03299373490016,9.13073456399276,3.40647329012322,5.33388371493729,5.93639760648083,6.9582849359467,4.98603847013782,6.83012606825576,5.69726416783504,4.83237721200431,5.13583541211,4.39205020980565,4.88965709232867,7.14113987417142,7.1957614088352,5.82753941230254,8.8518575112946,4.97744870534633,8.56506356349049,4.86965288833376,4.62635542608752,6.4168811533054,5.02279165580525,7.95721813392311,5.39081948010469,4.24789185465307,9.55039467161887,8.02389825358011,7.2553544212311,7.60583737868841,4.8751728647358,4.85796989743238,7.61298147592579,4.30173497747395
3,8.55385803768118,7.61560928051643,5.94843654571648,6.17040093472704,9.19221446156487,5.58877004051118,4.86864498767279,7.48027437126602,5.82831086135788,6.32276342478955,5.24268985191001,6.17238636149783,5.84205859466233,6.1829875102812,3.67865381249428,6.06617276146027,6.3189184144388,6.57111916949656,4.9940289929952,5.33942865685098,7.29444418261063,5.12434273732426,5.98585573224673,8.95732636607972,5.72152020801455,7.4496478296867,6.99397781714263,7.50164340302868,8.54224713231037,5.49353461556741,5.46198668910075,8.28865978305015,5.4828921072726,9.84795751832895,6.80026693551353,6.19558005264267,6.13418912351489,4.71441108358804,6.84430959516995,6.64864413174234,8.86082893282487,5.63768876412652,7.09517402299809,6.41674193810293,5.76717820249629,7.80190113699366,6.78412905286399,7.30669997211202,4.04021566864521,5.14568277291138,6.58340886357538,6.90596217575977,7.19101815909759,6.9906254736837,6.44590059772353,5.37879054975891,4.68650066689474,7.4823137589872,5.99614345025347,5.77114100634809,8.43937666344941,5.24068110645919,5.34203177914528,5.50431396865087,4.97890625538624,7.48011960266537,5.71130892198832,5.94729489436281,5.92311705531491,5.58113146553978,6.32280648421747,8.7418342007537,6.00442898545151,9.43734383843041,3.87604360254978,5.27247700953948,6.02650128252435,6.7217707092554,6.23372663521141,6.94338694420837,5.36295913953483,5.71203831086655,5.46592874454592,5.3848049159146,4.07998517961213,6.90152592379184,7.36878789152569,5.81209853043691,8.77656893172607,4.95481752246102,7.77820589508636,6.26615373070425,5.47870131489792,7.78246267918546,4.99098849900869,8.29943046662054,4.9251880011499,2.8080730317223,9.44238319445624,7.75979680914359,6.89451554534456,7.97776177852066,4.75737604516617,5.59499376905228,7.53705655454144,5.46621702642726
6,8.70764223157842,7.51055653166012,5.54412556499089,6.10083278064765,9.17904387313787,6.07043361180902,4.48900358762463,7.67638584508795,5.81000099410418,5.3908319150873,5.18057059880863,3.73013140309127,7.04336116542555,6.98139742061109,4.58023246469054,7.3715208219059,5.83064358433449,6.45659266199423,4.24376180063827,5.89459840328114,6.97931283778937,5.80749803057901,5.73063968411646,9.24085302572465,5.77773257038412,8.33262406415265,7.14464632993263,6.61936011295848,8.7701832677853,6.05675252304219,2.89685658557114,8.26445234077406,6.07391646902482,9.65349743136187,7.18907989725887,6.79107329736,5.90148040249581,5.67401039959329,7.79705955593312,6.70098716043791,9.30248588721213,4.65949981847422,7.30924544132855,6.17416389286234,5.27484976204073,7.36491497487165,6.12960846304523,6.96584962243819,3.14489553948477,5.36387786980944,6.4981406320875,6.18369808240945,6.66014416262546,6.54454801863441,7.02549060162087,4.97650485749832,4.49963023525908,8.30854857470557,6.37043270241036,5.97834273650658,8.70156584172332,4.78769327609437,4.96239174484572,4.93501795646256,4.99590356152514,7.63679897456117,5.55485318589843,6.31825336148862,5.44622509711284,5.72483884172447,5.9134679127063,9.60429323329786,6.56100330211021,9.38877667034392,4.60091217398864,4.93682092181994,6.46118329699971,6.34338746810075,5.52336499988782,6.22801041435642,5.00927048327864,5.43367105703767,5.47822076319017,5.14035915078612,4.28290052890244,6.96286735719629,6.91987302587262,5.36275468601401,8.48523589030828,4.17146797612232,8.21786387422127,5.6096367899841,4.39768637447798,4.45408158638383,4.34158277202024,8.62512197481272,4.82597717043646,3.03074118203155,9.51473813861192,8.08607132531789,7.07759149496465,7.44265983409805,5.24386896393984,4.06787237055357,7.17904382306883,5.62685955880565
2,8.35680847332544,7.30458751761844,5.80831591055448,6.25267907491448,8.72778549429883,5.81782247150712,5.21895850704173,7.76196833100975,6.41236700115753,5.5508719629496,5.41872337429657,5.48297871757746,7.39817597384016,6.46899035682157,5.15658902961073,6.98030747757894,5.20525369985311,7.39436818693013,4.02575100325109,5.71395502802153,6.88779454492447,5.63959337205724,5.72422271749937,8.98595628429045,6.13328487207234,8.00832680909246,6.77056367324253,8.48288028097362,8.20496256984196,5.71865488349276,2.86844843596237,7.57242827456717,6.64556618965942,9.32770070374581,7.33557365104379,6.38594487329454,5.71370395647446,5.71128163243877,7.19226291102063,6.44390470063331,9.25214926024011,5.0106994269599,6.07089018823766,6.28068049969915,5.7163250638023,7.93215526072995,5.79175415471183,7.56706497068414,5.1970214508579,4.51878550016437,6.20110869892649,7.08195602771096,7.00116360288955,7.6605985294408,6.6854572649194,4.91877554982267,4.80891726128695,7.33539543681013,6.26019519329636,6.08958179956544,8.63141389421275,5.62855305225894,4.10292859954555,5.16307849716138,5.04848267244979,7.66239753218943,5.41059009165236,7.09760702898915,5.57704698503935,5.49320282153338,5.8812781860574,9.06814754268152,6.40864076127281,8.1396142784164,3.98521203406278,5.25379724452597,5.97305422015614,6.63419254325001,5.20097224040924,6.86086211438537,5.54441697914162,4.70569651299252,5.56001825421825,5.01095543851251,5.17106919078933,6.8372788252797,6.58779506756047,5.47223724041489,7.3773392354799,4.73955077319928,8.3221801960732,2.83555024936506,5.31137587876279,1.20039452284737,4.96604912986023,8.17975704538193,5.0574554012586,4.45371497278849,9.47738839087601,7.9006817749284,7.71076696072089,7.38100244385669,5.0853287126186,5.3030173358483,7.60297324078194,5.25853368554736
3,8.30895663506675,7.45341718920845,5.98452768899339,6.19400536890056,8.77530278158456,5.67015805705654,4.66337309928869,7.39871442265515,6.1476375494345,4.94180543356058,5.85008930722975,4.65465485387415,4.85792560822997,6.4353862962498,5.1977417657247,7.90651741995341,6.2315251753823,7.21229399614643,3.99014695793718,5.43698615646774,6.36294458405145,5.22760744047962,5.81918499712796,8.7022237620016,6.44766202620311,7.332147807633,7.1273596302001,6.76162446037055,8.19417589111398,6.57417454498568,3.74503596013234,8.12879866194848,5.54955229356805,9.07278318229817,6.28920175246913,6.26806492626673,6.99643841654775,5.5576830174652,7.38136412399849,7.01415726828523,9.25242191124347,4.91046110432332,6.77642316461133,6.09970081583051,5.37117946961434,7.71312499493075,5.36294194107154,7.53713913382917,7.30782618867388,4.93145266697893,6.69924254569179,6.23812941698335,6.96023333123921,6.73229775049753,6.31375489845128,4.907178483927,4.85101525034048,7.19805344676509,6.78228750696709,5.88792277505207,8.23689082763738,5.24599865147792,4.96302398822679,5.65602957450043,6.20305199720774,8.38551953023922,6.0083639809881,6.89673686991982,5.66401928151097,5.74177978351649,5.80737603101767,9.72192749479017,5.73160944537557,8.86072778617426,4.99080699671001,4.65374746160861,6.38109981611377,6.45360117018413,5.90113012194122,6.72333778311009,6.08780444903528,5.66544351893232,5.75896575841681,4.16819265445592,5.14337165966024,7.85962935654951,7.14475336525584,5.98316747397434,8.58873594496046,4.39144253022757,7.21886828519473,5.82927245940132,5.48726777542302,2.84518112487046,4.61091506405585,7.99615620869368,5.41090683047732,5.54846240321078,9.3308143205502,7.9018874889973,7.27466904692037,7.094112888432,4.92251122133667,5.17936491539163,7.45109539436659,4.89706032978063
6,6.75982247049472,7.20738856783107,6.09375804778951,6.32487682781768,8.85054800809892,5.71048789467372,4.5025589134745,7.51219937317578,5.71212210983707,6.31708530535482,5.49520871201302,5.36606098823956,5.59407828040976,6.08324905444316,4.94269000881291,7.21849553374532,6.10376884798771,6.29847754360241,5.13187204915165,5.44921946971016,4.78948814854952,5.81788354929997,5.32882924822497,8.92490408954475,6.16244451195751,7.82869760628559,6.25340309777827,8.57028294834123,6.4806308840151,6.04813470692474,3.28204445465176,7.92084658292806,5.61130531764667,9.44599977525894,7.06199580281534,5.48952089008087,6.0436909869243,5.80160534305366,6.9493650471372,6.81708439598063,7.15037854891914,5.28397699424237,6.35973936355419,6.33882086701129,5.72519019102239,8.30231161953272,6.06529337438737,7.63876326772304,4.70089163344933,4.96816655902559,6.87230569392315,6.54336001762446,6.89392779233603,6.9542941490252,6.53333027372198,4.44371324475615,5.19517140513276,7.82005776481392,6.48825898919309,5.92731066582068,8.7071692169598,4.89571976383192,4.62490944298349,5.58525085265823,5.16602411154327,7.89861980099748,4.47191229009334,5.97546322620166,5.63731580747839,5.94675674241712,5.92884789040826,9.40747374207922,6.16286852692232,8.32237600009881,4.44170478419799,4.50802115326151,6.22056887926707,5.82345655884755,5.91602377606259,6.69457979657062,6.30354665370191,4.90906058006784,5.65636433675214,4.68928542511579,4.70715932996073,6.2060873268397,7.0615721434506,5.4516097446509,7.94785327280707,4.29619300191929,8.30033254010152,5.84669545077431,5.68743870168711,-0.459272207256035,5.01027319205888,8.38348167267835,5.24204219455329,4.87814707146238,9.38318668946781,7.83895427557617,7.53714182758273,7.27282947680551,4.79010080104193,4.68102757384563,7.0831632474006,4.63522279725667
3,7.6097153263777,7.10152735755356,6.18822810446291,6.35528150594827,8.57670151136675,5.35918772792239,4.0140591108478,7.34941604967732,5.60523866397884,5.47529245087076,5.48318533320963,5.1770288444089,7.20365269053256,6.73637347928877,5.39951657183116,6.78039839420133,5.82846025227516,6.66352486526053,5.50991906586515,6.14600074596145,5.7019739598625,5.28077841864525,6.31133024977204,8.50429007671947,5.83643876204575,7.86947438399252,6.95271796968613,9.28200883556981,7.14646587890517,6.10210531240526,3.81307378269724,7.97064879555773,5.06930712339569,9.70146115731488,6.93028309200432,6.46651261463842,5.97614727127365,5.20607879948346,7.36296055062893,6.36812171831476,7.95317099946315,6.27694433322272,5.9867706903842,6.21082526480078,5.49160565690032,7.98429222881746,6.04352224315613,6.95449297362956,5.83610471973228,4.80356883596751,6.70003513505047,6.48836633892402,6.93326586777494,6.81113947540307,6.19745219411063,4.76005888603034,5.17009404580371,7.981802614425,6.7352417506208,6.01391212550477,8.2288250265618,5.32415103679411,4.21675585911783,5.47535760353807,7.07715850687587,8.1802845367209,5.41802073151373,6.35156046186928,5.84096722569167,6.0322168956146,5.19748439921315,9.36115830318662,5.97398251293099,7.54149173342502,3.6085246077771,3.94561174197994,6.02513148520803,6.51176118865391,5.87210172461314,6.63871741326665,5.63511966530962,4.38892529649535,5.4712591856166,3.86259435335749,4.52591824359085,7.47238601211067,6.40768318727039,5.22633552446635,7.57924639102011,4.53454083178985,7.52114309220989,5.67476424626981,5.30720997086529,2.28872148442494,4.62604808764311,8.35442407298391,5.71446120114942,4.3856400551128,9.31312665460611,7.58687987140511,7.21557128057875,7.7826736484675,5.08838884593239,4.7064595124033,7.1420519125873,5.61844023336408
1,8.72851460539401,7.54633646765808,5.94939507340882,6.51902209915468,8.94107088857646,5.88546282556184,5.68721575323609,7.31426772132115,5.7759609459168,5.80131291353406,5.26501469806684,5.95353625412703,7.02490152795601,6.45678522375039,5.00749122403358,7.02982196771059,5.40509007548966,7.02567246649425,4.65308891774125,5.60396274381624,7.45745922191691,6.95552313770422,6.36293713488868,9.56085565664503,6.07474270806871,7.87757870332413,6.00669939078372,8.77857949446035,8.85497057214694,6.5624437397139,2.78225366640412,7.07920375768613,5.59860465254369,9.50439681940755,7.08883097312163,6.18220583995213,5.37568142184464,4.9591918650864,7.19438443025335,6.33019842576063,9.32792189793481,4.55478089981753,6.96871226548637,6.52964003670905,5.81597544201487,7.51592923833606,6.12834191097685,7.23017670498098,4.60429223418361,5.09653870202419,5.93476352290562,7.9467077900549,6.92482836162464,6.4949188008505,7.21882847287449,4.79299973254267,4.71365918159814,7.46366070561065,6.48159041702898,5.8695199852966,8.68347131240342,5.3663481881418,4.08846831576994,5.41791019878888,5.15871052249278,8.16661692092095,6.32038996059955,5.78036666552018,5.75360728573927,5.52710079582751,6.37121019600003,8.79957490541991,4.24374228074325,9.89721437201142,3.18166871147529,5.1549315456139,6.08043160642868,5.83472979559852,5.20005967856688,6.73890800545094,5.36239894874946,7.33791627328493,5.30349220128298,4.24470901974032,4.38939723749008,7.36508930457898,7.69972193709389,5.14130347896109,8.25914575683598,4.67989648076128,8.54286287159606,4.89789921534834,6.25412774661987,3.77426241390497,4.46045830404102,8.03454217908948,4.75215373130966,3.3341833766867,9.6642228757914,7.95032293804763,7.29066349006224,7.5673968449294,4.565066760376,5.2851226250067,6.96193199930208,4.47960627023549
6,7.17030904326335,7.20687675079311,6.10951472369232,6.30736174139526,8.83837713556177,5.73294128193673,5.04072392865092,6.84736107316823,6.39314182842992,4.70824086109105,5.44031250865638,4.77254021887718,5.33666656332526,5.52207587168992,5.44143165726281,6.88786517160888,5.1417661819351,7.32827821500396,4.77557918103563,5.07551655239464,5.19979526416087,6.22228922207334,5.48960730476171,9.20073776757393,6.07183854335253,8.12906233036418,7.46802864920859,8.68222406365352,6.59075485937421,5.60339952220273,2.52999076940375,8.77603001488573,4.96949771732411,9.42476235486746,6.5422358935681,5.13983633800114,5.92708573334813,6.48440735487558,7.19859390299857,6.37164329210722,7.88753856690157,6.25129899081767,6.71954927484187,6.40644878353215,5.73905716918593,7.72314390283583,5.89797130695197,7.24916812578309,5.71041731310091,5.26835237865413,6.6310228504221,6.83194148497551,6.61150051924583,8.59167601651187,6.49644820139355,4.64744625388439,4.81096884922725,7.85972214397339,6.40657638104483,5.77007457446581,8.66893138370244,5.75889198546945,4.59642086542318,5.3676128234001,5.34547507644686,8.21314108790488,6.58654933408108,5.50274066409487,5.971617185094,5.49580999331102,5.4895255893526,9.67611593402571,5.66420445103188,8.69975504890098,3.42061446569245,5.22031069109118,6.28459825398208,5.92502597634403,5.89494509229862,7.25717544348428,5.871467626952,4.39208155687077,5.88162678497482,5.45549080633466,4.20238322026198,7.02924831231455,6.81360904173194,5.04934815380646,8.36694194288307,4.79771241572046,8.56802780675184,4.031756794306,5.4299907103542,4.93833709633108,6.22209226824152,8.47016740950488,4.94412669270833,3.76808770094534,9.28941100248058,7.88010906737025,7.88559566200645,7.7066382541919,4.7141703910562,4.62531762444901,7.81260502896406,5.15384315468557
5,8.19597139328034,7.10432207012807,5.56909398942561,6.35448523736146,8.64201544531866,6.00710453720919,4.83463351419275,7.01269506922025,5.50254794080552,4.9629857154026,5.06571923075225,4.83404656849438,6.04294268519258,6.36192240843212,4.96028688679581,6.91921595157502,5.81715822739691,6.75487719526928,3.82846698064826,5.82173283197056,6.56790110590792,6.13186391868047,5.53628349209958,9.01592995837265,5.73551522785735,7.93702215944669,6.49663630122508,8.01832211788802,8.13601794125811,5.75308115559271,4.25916382878997,8.12644453133053,5.46002428110836,9.24023733337874,7.31323582508005,6.12000560042997,5.30526672194706,5.42204965351696,6.92692858184082,6.20888512442578,8.50823518458218,5.2582880701245,7.04772440068178,5.84971482495583,5.61684815591979,8.21327467715879,6.4669598981375,6.8514551470784,4.65261333881591,5.67420449912348,6.26775708877444,7.33119896930647,7.16940928400631,6.32375945751431,6.20956950172522,5.052844396318,4.81168778844733,7.24245536244979,7.06331258517428,5.90329825129268,8.62972114205716,5.15870008891929,4.61674563085657,5.75170542554339,5.36068674465155,8.16524598877026,5.22036205269862,6.92806201643376,5.57709690805971,5.47608446761496,6.46793062558686,8.39354090283463,5.95961557909605,9.42221063709345,3.30334208169715,5.43332002828106,5.89655174086327,7.13781524533293,5.62330418567573,7.36379387879555,5.40866201956232,5.99789497226243,5.14546611604044,4.43147028698242,5.08724060797779,7.23213150263844,7.8988377886421,5.63396959075629,8.83404474928974,4.6423107888683,7.64475240935976,6.76752729984222,5.19384309052202,-0.229486062357443,4.92602838765851,8.46559164595955,5.20390672803921,2.90519242673715,9.51122223714403,7.88481015473197,7.97111844030285,7.38435945341288,4.5562735745274,4.84125115918816,7.35835161876456,6.30722950492893
7,8.0300774241157,7.49500045180752,5.49796407402469,5.85630108545898,8.53738382432923,6.04796084161061,5.00626059258997,6.71783674394018,5.76803551462719,6.027787224263,5.13240962276355,5.67973507819928,7.02317034764537,6.56303169384307,4.38320740417599,7.56907201677893,5.34721922411136,6.68184349283758,4.5905955733917,5.45191073305061,6.74034048777975,6.13550566174757,5.92349180574835,9.40956988941551,5.67523270006005,8.256220962753,6.05755299269911,9.72920272136578,8.01762927519465,6.56377038808408,2.69928305866633,9.47630869229929,6.11897173793694,9.01029451949028,6.80108874723916,5.32129649992955,6.4421352237219,5.54221986799252,8.16396258027093,6.28229215335265,8.36555050443813,6.47759194576755,7.39216796916067,6.41944049724602,5.08658991838223,8.66547247299989,6.76656872877024,7.67867347527358,5.83456311198312,5.68706991417869,6.69030831327662,5.34509238394753,6.90936551086123,5.72669813349869,6.66935983548121,4.16259758414879,3.94972462499151,6.94477623753297,6.1620887035148,5.73292377081187,8.67817967521427,5.21314010934015,4.95900762994921,5.41587551650794,4.52538850174184,7.88788113765304,6.19633793160538,5.6686971454721,5.24943957233095,5.64755898290277,6.25364514178512,8.87810913215357,5.20662594440819,9.57662907290409,5.9110089339708,4.67025458847334,5.61347860223921,6.39100088541992,6.36158545408596,6.81618095864696,6.12753073379267,6.07628229671984,4.91549888108318,4.71682103268562,3.94447725153781,6.9553560558312,7.61700253352748,5.01662747264146,9.37606961437523,3.99219162818784,7.72002063100733,5.17569990313162,5.63116260365409,4.41143070967471,4.50842641277148,8.42918147389357,4.7608422451128,1.63301806598919,9.02978708001469,7.94758738969075,7.4299919390612,7.65383764822944,4.55514966822439,6.11121264693628,7.0536977629567,5.99802842647756
2,9.10497992106177,7.58788292547568,5.1541035000505,6.32943216977341,9.24501951446048,5.11169962958079,5.65039587586468,6.94636614840319,6.1418790920831,5.52101058213882,5.14271652029157,5.30274884927897,8.29907113619782,6.37096438171405,4.76924638134943,6.94919804470898,5.64200667764554,7.5777176817705,3.63672517741122,5.93940755937454,8.14850276221834,5.58493987666924,5.86112249420721,9.21721905052964,5.63920088085295,7.92261295714281,5.91704626835943,7.97794684005734,9.39825939397999,5.95816727457358,3.36377178249837,7.92550554117814,5.406326087809,9.37169911905722,7.00113251364857,5.99179843686505,5.65551749742363,5.43209351975572,7.12567655947184,6.44523929027793,9.71245098790937,4.73211392731679,6.90141993209436,6.1495031987227,5.68033630368739,7.47542675979097,6.30127294875099,6.82702779599128,4.48316274497029,5.59123050863558,6.57616626621083,7.0291272471199,6.898062097311,7.27888391607533,6.78137567224474,5.4537120549972,4.63093211429794,6.95136854373519,6.20729682484907,5.91956521639906,8.34366845603656,5.90756709313574,5.43386742155973,5.13759619648499,5.86286298194301,8.30754653433045,6.59255297225221,6.63272055594039,5.47518986345953,5.77449484999351,6.61737730419152,9.65235192599985,5.13566150984984,9.46025345728984,3.8583479820751,5.08698767475456,6.35995931590319,7.4580077457456,5.34156873104489,7.32634948465457,6.12033814427094,4.63213361675818,5.68278487155519,4.17986374530403,4.79444836450075,7.19044085759255,6.99363174916637,5.47247978901332,8.95906244890452,4.71690873848424,8.3890562282015,4.15515713789687,6.95207237300589,3.8868087565794,5.29964718323286,8.32101982302699,4.61289375625187,2.9269116342872,9.54342345960805,7.82530032534834,7.77709925244814,7.75663511001996,4.42486221004665,5.29524730290745,6.87501333820212,4.9591188723395
9,9.29566503433042,7.64467734682044,5.86145094624245,6.25856933398147,9.30720626193038,6.57214537865551,4.6056344862567,7.51574771496705,6.02831010545232,6.07121562529949,5.87119966248161,5.03760491344009,5.32579073873647,6.2675405722682,4.97485718567564,7.03034399457946,5.78831789722261,7.09609736379941,3.96497269470472,6.00109955021937,8.24972020371081,6.455497105782,6.13548633515394,9.22845233373715,6.13156266921035,8.27070476067375,7.17208934620432,9.20618462912153,9.60232961422536,6.51379101593215,1.02563341124363,9.39555465491799,5.83961902179209,9.53442927558175,6.59991854899755,5.72874291774187,5.9418496781394,5.4117806536539,6.97942751055721,5.98228246709159,9.63647783971694,5.97739563075707,7.13313286376143,5.91192495874494,5.35860718142814,8.32785441617833,5.43457498463179,6.9302732748198,4.61688242111251,5.82219032349494,7.31516921032812,6.89999833339048,6.70364843365826,6.46313255044194,6.11287772013683,4.69105197366827,5.54978207841955,7.58108633370563,5.8844702771632,6.15622226036025,8.59154625513427,5.87690192396426,5.04220382820207,5.37964780585489,4.83620253683882,7.98937278521859,7.26671712498528,7.01945432414395,5.62643574201977,5.71614207009316,6.39622591470752,9.3814121277395,5.00481788921677,9.31568536673137,4.42106944424472,4.5113145966504,5.67530453700993,7.17309688353263,5.89381063609696,6.76560931153648,5.92637156540631,5.88175678158401,5.50059981491217,4.12280533723155,5.22706997130991,7.30875184774334,7.73663735750696,5.3466837325254,8.64816162157373,4.41923827198416,7.97869027000132,5.84395559298188,5.66284112641859,2.61469441086638,4.69545351429853,8.26782677709382,5.28688637550494,4.92029146886706,9.33338101089394,7.67643115655802,6.96738012453168,7.79350501381155,4.55368001559146,5.30545593805142,6.60006222277961,5.05696719506081
1,8.15615181977407,7.17157885044819,5.91021085332636,6.64087039589703,8.87803227475839,5.0332132587376,4.61028718600875,7.48531544805017,5.47769910270571,5.41314351242479,4.59900278585115,5.7401708694672,7.5116980200109,5.89037412210919,4.3508685911309,6.97145914835846,5.6769703827812,7.04785094003537,4.70990460348818,5.27521083839192,6.88120128341209,5.94549115811132,6.43832258825657,9.35572538373927,5.32604410965081,7.9526843254298,6.93193383177677,8.6991372846974,8.25484936292649,5.99202747426129,2.84980073182767,7.45625029405022,5.34564516464942,9.24754268371237,6.48427561891619,5.60726782513065,6.37884988142284,5.46428022561907,7.63115850606178,6.6418296616054,8.88146049370656,5.88508449575751,6.0659330380593,6.68725010972429,5.4998282289698,8.42940866781193,6.73648309537131,6.77057143777585,3.84732604374785,4.97206360302333,6.59983296131467,7.85024408864022,6.76708118050562,6.2971754929765,6.39882479606919,4.83286399063378,4.32204520324874,7.47768150855076,6.46949077380832,6.1165442568159,8.62910790996028,5.15888517208911,4.60420651724378,5.62192237015336,5.77445128539384,7.5306072820362,5.90787583897549,5.86065658702822,5.61566228837308,5.4184510398088,5.877119148741,9.04984779809337,6.95524946754266,8.03329173234606,3.58844431715202,4.72707532892394,6.01414626854212,6.98170639328252,5.84965152681694,6.70568606098148,5.87340337839975,4.72136458010175,4.97274175295041,3.80296939136647,4.30106420706911,7.09214943627047,7.09061540260536,5.12409000511351,7.94140969209139,4.46583566098024,7.85609072251666,4.76839265455752,6.59172836232982,4.02251621183564,5.56364229559354,8.42058316826361,4.67486638415534,1.57449957259022,9.24253737164033,7.4390470411067,6.68753179549242,7.55915209012912,4.33187784671733,5.40715408150662,7.17345948292354,4.87002693571933
7,7.41383820133316,7.66359257808957,5.99286181246664,6.04533572583437,8.68565570333609,6.08556309499127,4.63534019919673,7.28285858451937,6.12421243487387,5.57106372200627,5.60684511592825,6.13746923779613,7.55450685032928,6.42702399401383,5.12243495980087,7.480296955062,5.31684358227071,7.01289145903538,4.09015996444946,5.08325846412455,5.31677005785661,5.72363989241193,5.60824394156988,8.57794942630829,5.82419278838134,8.21995591190859,6.69121604838797,9.73836101361225,7.2398557515739,6.13473680998626,6.26805940343559,9.03219426756981,5.50374304276199,9.16638593383419,7.351273237526,5.64595084190416,5.76123670989243,5.58986659397049,7.08868432787778,6.1330490128503,7.78640283667405,6.70579171490558,7.1571617071,6.34973041409956,5.44514406510158,8.16765054541527,6.14004900184699,7.39056491110772,4.38202852499986,5.71919967077674,6.78446160462924,5.96575082116576,7.35587618004085,6.3803374929536,6.25653262957695,4.62078248410571,4.91861243675442,7.28887957150892,6.51242754525225,6.28901461764677,9.07986380414247,4.80176020654239,4.46520798821867,5.00526991955436,5.83413259880198,7.29300444637065,4.47296586696039,6.72086613847106,5.81375368546197,5.28593509919662,5.87484363677348,8.94347862133573,5.57145119829544,9.13531436902217,3.93901678485763,4.84825282940521,6.11047824266886,5.86280315559542,5.88049908849231,6.95462664426685,5.73450696577321,7.20493834358311,5.37690798272001,4.82576720460447,5.39452126370493,7.81556008578204,7.8128304786787,4.71236756363007,9.08032057009444,4.45483021258031,7.93814412423052,6.06472676435597,5.2743272380407,6.39605406225797,4.83521643957565,8.52302463078862,5.61151281100584,4.04448140890246,8.84098296452492,8.0028856942315,7.57388010801002,7.4491387651826,5.10844857692279,6.4335252769059,7.0566199742117,5.22198583309461
9,7.92706339428573,7.37357395256529,5.91938678176712,6.05328066220067,9.05107996071211,5.18668792864116,3.84958904101249,7.30302838862667,6.10878640605223,7.39396897821476,5.34021176649741,6.74859144553533,6.87814670129381,6.09098137831779,4.91991216729307,6.81670186845196,6.0933514664406,6.81077904599887,3.63329198021556,5.47722285265558,6.46693777875113,5.71639968627026,6.72588625073975,9.15983430129515,5.61128778112624,7.20139405780349,7.60264350214626,8.03254448317182,7.07917174095842,5.9086585833245,4.92318237060891,7.87907289919088,5.46854591582956,9.03030188563247,6.38352598491999,6.7025046188286,6.3004778552014,5.66413448449533,7.4486912590115,6.97536069555384,8.32820085008139,6.14341418999049,6.11858348573528,6.41386734976333,6.10683601025142,8.1421270744183,6.39874689567853,7.82328444273742,4.44456298469628,5.73903979479523,6.85588508246675,5.99048943169328,7.34840460509816,6.12076551491551,6.79810606028679,5.02185561520984,4.64418717166501,7.65865822108971,5.76490061406692,5.73193783264106,8.73414581393848,4.75666439548773,4.53329556609521,5.11808105549053,5.59720338619817,8.06470942383327,4.8255909273688,5.74336645950106,5.58335480793007,5.8273025826267,4.81552045355388,8.41245718922165,6.83829957063346,8.83704668650497,1.86035173788537,5.51010430853402,6.2254985131524,6.20790516622976,5.33949640703479,6.35894884472661,4.77426106415598,6.6457732076814,5.35630436402275,5.77857250750449,4.15231986289802,7.31870786515425,7.4191634573622,5.5895158693082,8.3592236738622,4.93812744292076,7.8899006602552,4.87233191701688,4.20312581375229,8.87389962377955,5.392108170971,8.15575633757126,4.7613146163733,3.2783762318617,9.2165227554978,8.19323763784478,7.52546418078242,7.43277856783413,5.63313532575092,3.8031840225225,7.08512648570665,4.63983520144702
1,8.47337402177642,7.36307934395636,6.16533524107679,5.99074039802661,8.75619404327359,5.1767776935532,5.07795821867523,6.98495544809155,5.79265129335587,5.00316714405866,5.02079258156497,5.71275766688464,6.03739943830814,5.87616624909874,4.75205006082411,6.65867534784205,5.78077199098905,6.77185068002914,5.56948514987228,5.97289215353328,7.29798534851705,6.62890477149266,6.04485919800311,9.35967783951592,5.53447318470143,7.29403548942698,6.41388975859377,8.17048053824664,8.33415570657362,5.70315145099526,4.03386318456857,7.63712973692283,5.23608870008596,9.15283804120462,7.0576679850262,5.96727813847786,5.71921917229665,5.57391513240966,6.58098681318681,6.56324778867329,9.06957349233151,6.11823327463773,6.28721728205211,6.41179461068171,5.5782851670251,7.61745255790591,6.59666180210022,7.53777989032389,4.52698775482223,4.6905074100517,6.76284554722017,5.92341990713632,7.00517529453556,5.41608979709887,7.07986997384334,4.43550671089507,4.33853724728158,7.69489699007943,6.20156164878023,6.11338151242323,8.53524395057789,5.27823268622344,4.75004188940389,5.49481948637784,5.41192018475445,8.50336838618738,5.34961008476259,5.42242997663123,6.01265116418086,5.91831746909534,6.90269816714941,9.27605499039307,7.570184735493,8.51999862900177,4.10256783252399,4.77677143397733,5.82333875999198,7.02864273257489,5.89825828672537,6.56397295878906,5.47892118371225,3.93602951543224,5.3998050775884,3.65201301388186,4.12510689721243,7.38935635540473,6.56666046523747,5.40946423098424,8.24122926887717,4.41231747240885,7.7530479580512,7.10604150560463,5.31460077583566,6.71475162430565,5.74724751311012,8.62312082918658,4.52696156870156,2.44834000425201,9.29071729935649,7.52734716807636,7.72952215108819,7.59791529247616,4.73300691958118,4.94960353378996,7.2848593129365,4.07849695925231
1,8.28382614683416,6.92351186655978,5.25755794877136,6.26786643579614,8.52118943376424,5.38196936384264,5.12003546866065,6.92853634226819,6.23065891814041,4.83287398078693,5.45019141917738,5.57190675424348,6.4155229507723,6.61230515739315,4.93223807565017,7.05283964061844,5.91418687521483,7.22830183938878,4.78329174359947,5.49547358535845,6.53917031640215,6.346230396962,5.6100185978358,9.39969739145127,6.29036063456997,8.31469987635211,6.41132390022531,8.91373881945367,8.77033425880295,5.68863120497079,4.2291756214036,7.43053695833961,5.63710481946287,8.72598536394805,6.3290574573429,6.06550766076843,5.83930057115562,5.60159684374941,7.07910814066568,6.44602190423051,8.72528634189866,5.87017590467685,5.9608825764885,6.50201981109096,5.90778454521455,8.5021271684914,6.05119093803007,7.29934013425171,4.84869123316393,4.84574051351073,6.479716633118,7.40946594197868,6.97658718549157,6.73567730712023,5.86318422412363,4.99934340065135,5.18722716362913,7.32433212572776,6.49365124785798,6.17194338190973,8.39632620170097,5.68148259919331,4.53220513411345,5.06581304966208,5.29112710083216,7.97307673880836,6.21522678914254,5.47130999347715,5.1278699124462,5.38884874376202,5.66214311831946,10.0533291558762,6.81629735835864,8.02311600832031,3.59193868587294,5.56674834061298,6.16221901820521,6.60166456844482,5.88304008111289,6.19303257020377,5.75025813098324,6.14608465614671,5.75554223153885,5.72048831653679,3.79900636067825,7.12556038727599,7.24195679493009,5.0422455187181,7.71251940989227,4.68322305762312,8.43232211238139,5.90968929538146,4.82827398604697,1.17036997449059,4.59124647444156,8.56428897643283,4.84670822558363,3.62096196197804,9.00929305227752,7.54769985338488,7.75685809623551,7.81452546834163,5.26639220966486,5.018200058918,7.04249668103099,4.91126663316767
3,8.84679201595328,7.4851207062349,5.55938813588159,6.06764241395939,8.83859978994811,5.61403165008984,4.40403817281479,8.38966959689252,5.95711754814192,5.44915918430938,5.17166579840446,6.4577509452945,5.51566398069223,6.04409442059426,5.14641779188177,6.94537571341685,5.76738497310902,6.95895474351394,5.05985704695617,5.62240385389318,7.8956784262675,5.85775735751975,5.78785410528508,8.70064939322369,5.51852300057284,7.05852067550185,6.80526928717611,5.70184352427432,8.57639504325623,6.13963503559293,3.04083377751955,7.17283104794501,6.43529402260365,9.19687433825863,7.32400541300059,6.6687032387074,5.47760618423574,5.20318657295684,6.65255598522843,6.46867062148855,9.21595593337274,3.52544251542725,6.52090931428846,6.30864190055266,5.24385330761848,7.25907304747021,6.08975786980757,6.56646205679125,6.75590542744287,4.9548296111856,6.87416738919118,6.16854390285225,6.6824445495424,7.49364148087746,6.62772486275255,4.56023684010338,4.82197822316429,7.16244594458045,6.09212387446127,5.39220168278512,8.37832947233503,5.80657615365705,4.80078600645571,5.22689484804049,5.61782538163278,7.56652584864373,6.83106968910659,6.13833409846713,5.53495026876569,5.73042705841972,5.70842518450952,8.50371556432016,5.61171653705423,8.8438040887754,5.36699228334263,4.90703036366295,6.28286242708911,6.61908262302761,5.83137604097906,6.59783711666919,6.12804444597315,4.31138921593931,5.29923631758277,5.94205607788606,4.07107784727769,7.99364056446294,6.82412336392503,6.67673097721274,8.29080121370054,4.49275904169078,8.13421710099384,5.97958402059408,5.6876598974979,3.10303765466469,5.38822279225148,7.39853041751512,5.19543246617572,2.54853948364951,9.77016423112903,8.15664593881309,7.4205113833654,7.62954764530287,5.04317302676021,5.84972571611241,7.23364086021432,4.12570562834729
2,8.50569825222389,8.13094299225322,5.76436755957223,6.4853795752279,8.84736893053096,5.47595714184819,5.11312143270322,7.65743956129395,5.89419932342858,5.86547962452196,5.31371811721091,4.2722084802208,6.96574245455707,6.43214364993669,5.44797996905556,6.6963250857462,5.26391373702703,6.94737286587596,5.53590539124318,5.34590797732155,7.32461880722608,7.51796039111617,5.98274322088989,8.39164306168468,5.90859013173826,7.93209729966663,6.62552939518382,7.66027032818003,8.42764449333418,5.88557886251188,3.20019636015196,8.03836463411733,5.50198454000793,9.44419967827744,6.00486199063432,5.45440097183172,6.42175398327247,4.98149249697194,6.71380341206622,6.06257896161631,9.2659447365005,4.8523647123124,6.75140878878632,6.49025126177352,5.50608917995366,7.56200726160884,6.48412073077785,7.67681697227968,4.51536432563456,4.88876534965151,6.99321909693829,7.73002020120305,6.63001514835766,7.13334660258852,5.6911101828765,4.87915391094648,4.62131764963221,7.47849785930975,6.24802086099532,5.98326548070962,8.4515955215031,5.45715537691012,4.53939762117885,5.2650452767229,5.09828125609935,7.91149048152183,6.05130588111445,5.88661827898428,5.72426311458288,5.83643548171785,6.17200167964976,9.52260050386708,6.36697277561348,8.77715695920555,4.4600290739217,4.62645282998737,5.75457634833665,6.10269408778894,6.39249202732872,7.22624498104945,5.39675618544019,3.49869831042406,5.08729244337015,3.70964873420574,4.29450382345904,7.31022073385731,6.88182265116465,5.48734383555211,8.30311652675032,4.46835435276762,7.96375367686363,5.1421746384054,5.02409168516111,3.76406897750438,4.96538395572293,8.47305049178528,5.59702361865214,3.64621225570004,9.67123448198422,7.88341228435246,7.20930676925527,7.5935020961298,4.84936920296389,5.69559255365294,7.71177956932863,4.4491437285345
6,8.69567732291891,7.68427723001881,5.68176843614696,5.84556014205103,8.85055434863555,5.64599202783606,4.77300256388629,6.41084671200831,5.55989250213102,5.7605881659435,5.09299231369326,6.35957734828992,4.45729784093298,6.42938488131168,4.82995128319322,6.86619492603346,6.36610188993357,6.66630680772412,4.11185169665195,5.28656518671778,7.40645085203213,5.74827514166981,5.92017966426009,9.27445846007996,5.691053258541,7.59573691599193,6.93826292047725,8.83471155634777,8.78747550502006,6.31356715722597,3.04310961309251,8.3425615593662,5.9221269817272,9.29313876144563,6.83559242194007,6.50256525455495,5.84783596710133,5.45035078357617,7.46205166287002,6.94220196521471,9.160283828311,6.20538773560552,6.62724464874106,6.54312737402537,5.8727853389898,7.56427015834964,5.65560774784734,6.39955423040005,4.98135368067202,5.46692163484427,6.36980138654973,5.07987796220846,7.22579839535592,6.16051525352888,7.05583612535065,4.7411786430861,4.84647202495977,7.35721192824833,6.2022636431924,5.97293286758304,8.59707631212172,5.20661622254439,4.63077209175417,5.2705013369425,5.54767767669642,8.22192855592576,5.90866607140687,5.51522040478736,5.88790132502824,5.65760754257404,6.02425681470257,8.84057969632254,5.55494726747929,8.50897409344496,3.41396425722613,5.20378988573676,5.97666073072971,6.70705711658996,6.32725529495032,5.91725308499016,5.43929142650798,6.62824983198079,5.21363935433821,5.30962297056557,4.20417546076253,5.75159791649049,6.9878881762457,5.25937559772659,8.25683380640826,4.80599544164126,7.39808318425726,4.97774693918086,5.56598312580263,6.24146038589452,4.84398253017442,8.59467315539798,4.89878626570644,3.06621716579258,9.26344182432231,7.51252233807686,7.51797133367419,7.63687293280923,4.98306297317235,5.07075003582122,7.71587654594158,4.75539973289625
4,7.94070319441083,7.62264245091128,5.3586593892521,6.22892344692491,8.56364416826071,5.4502060183007,5.03509104532849,7.02006659821824,5.89498880157115,5.59733371661164,5.58693994375697,4.48081843070351,8.19197127431838,6.48452119577965,4.71366759670827,7.41058333181322,5.61288506252657,6.77090045924878,4.98698746900365,5.44387020804068,6.21166521945714,6.264190864559,5.58803158494038,9.00079878504743,5.96197007712498,8.58357358719962,6.93594239621332,8.46149837254984,7.94771299540153,5.89658984164412,4.01650609470114,8.17749614161821,5.99112723114453,9.35290245842963,6.45374638497944,5.26562530059911,5.6966379028896,5.54696680376137,7.33950550249767,6.44434150409215,8.24005211948369,5.80737239859855,6.16735622922076,6.42203279730477,5.53112357529725,8.15555624651727,6.21331262573827,6.73409212958054,6.90810616744745,5.34846401938902,6.25053553136013,6.06796790899538,7.21464197705607,6.45859912788748,7.27379122179464,4.70407172391204,5.25232867346762,7.76544359145183,6.51002810156201,6.0005273795909,8.20033553913988,5.69849747943324,4.92390930393278,5.66937507630172,5.87846282307134,8.45185661327691,5.12329675044581,5.18846720884618,5.54277252123067,5.62156874346774,5.98308072219266,10.0381147155044,6.87144510192556,8.4013469084091,4.17492883803857,5.10903139122082,6.10604452273227,6.86311096955357,5.67659789847049,6.68237375375402,5.42993415442739,4.78838027469395,5.39125193211318,5.05479303976475,3.96303439513784,7.57885803156958,6.91030283843619,5.0164607848559,8.20472561198043,4.50611136247779,7.79240597375115,4.00694885281804,5.55616974977055,8.416967372311,4.72551051524527,8.54805386027004,5.05852409982551,4.42195289207395,9.05902443417517,7.78074528223728,7.20940204663171,7.35303041437426,4.6446599784676,4.11082108328063,7.13887832840122,4.72814788747465
2,9.2207204258176,7.20980361014313,5.8214683375858,6.27768566097155,8.77802989806587,4.97642031438944,4.90652117907368,6.80241581503638,5.14445648086956,5.35690609786612,4.95048363907562,5.78639892884507,6.91647426246064,5.59165877460702,4.39316799776526,7.36246839209844,5.51624195789071,7.06787113073433,4.67241602106488,5.18714124147413,7.98279880694786,6.79773084703761,6.18085316998868,9.24137163893498,5.4755870644098,7.43455582022186,6.11447832881689,7.84804127346084,9.37943755564927,5.5175348870269,2.9632267062826,7.44453404074599,5.90655306995942,9.64081634709622,6.53745509380536,6.30828920312967,5.2047453072907,5.8686097381741,6.62301129837278,6.72197923316062,9.34385826561445,5.88860145450207,6.06444086899158,6.30278901457994,5.67380386865428,7.83210603837991,6.70381182376264,6.50099997632118,5.09220315546285,4.50090560161273,6.5244170604719,7.05353597303282,6.96308686831413,6.79200455285818,6.96410200177143,4.83825866564767,4.15569678961247,6.8011209517753,6.14741640742858,5.93416567768238,8.37820075366644,5.72128181336116,5.54811741434195,4.96655214196791,5.0538569510201,7.91552711538344,6.68469398702193,6.51371173220417,5.59231496686582,5.37365776943958,6.46571254227382,10.5079539213157,6.06902936966738,8.13798849101463,3.59793011700866,4.07141983577164,6.10833019424283,6.77930328633489,5.70360923691177,6.73882241540348,5.52884671618677,4.04701626428431,5.00743026353173,3.84084783701777,4.84418857021611,7.6642934304064,6.48375746009673,5.56038270309844,7.55144128199776,4.63078521314373,8.03004001137684,4.84165965359695,6.08622499016663,7.6976206067679,5.61423819384144,8.04671649039543,4.8203635246005,2.65658610149767,9.32164344748162,7.68725198858975,7.82432769891958,7.61474584362666,4.51261451890994,4.7019522808124,7.03974429295979,6.06944801438858
2,8.00521132189895,7.96440741012527,5.54963793470862,6.25376374669494,8.47577712503961,5.60584546378467,4.46078993940938,8.76692584439601,5.52336018448481,5.63736623245665,5.16276264748923,4.84749146584351,6.63248642375689,6.48991448452359,4.61225261362179,6.96361149895405,5.67255477369776,6.50954973425655,4.07729907401412,6.05428426352404,6.54467910850467,5.84929365397214,5.6230224317402,9.37661860212042,5.65425853634694,7.80453353081329,7.36864361863313,6.00864470915572,8.26222450333646,6.53842619813376,2.93534786347889,7.53902913173528,5.12832616751152,9.6468980776669,6.95789598511327,5.64592189535338,6.13366683432228,5.63901251072314,7.75273834590944,6.66106393122658,8.90443771894237,3.65466854401403,6.88275113088033,6.12318587684516,5.8029159269746,7.36855767142433,5.7539291648421,7.27821605854885,4.75878494364955,4.74390915597564,6.66836974260157,6.18903008677586,7.28559436028884,6.72344693477669,7.09908404899553,5.20460986941301,4.25834194368762,7.22315108341636,6.41145593281224,5.62347413045295,8.70698391546455,5.63189620911194,5.1457503788632,4.95762057461681,4.78737834670668,8.58397533336705,5.80558348307414,6.85271852988857,5.29233777047696,5.94411663853544,5.40169605089818,9.10554075035893,6.28254487569621,8.3807220994487,3.62312832957462,5.04107171966929,5.88920331988805,6.87252923577813,5.95939100198233,6.75030786594504,5.31651144600968,5.46721571195256,5.4411416286066,5.35167934049519,5.02019065960273,7.5555721127583,7.09020391266619,5.92789672514383,8.03396355661746,4.47386538984597,8.15378938455779,4.73515173169461,4.85639198912352,3.29667334382907,4.70199792315628,7.91997770083862,4.67315749347407,2.72422297996166,9.71453972523934,8.07212069171922,7.23015685083308,7.50804472066344,5.36367963059259,4.78581390165393,7.02816939783468,4.82513812643274
2,7.31424268495516,6.88140447209329,5.82454680106639,6.24962748789342,8.92587314568982,5.22570714143028,5.00591759434524,6.18829827064564,6.04589327421428,6.89358024326477,4.73799049636042,5.61923878346269,5.49982251646891,6.3221405578288,4.60751030119923,6.55008173367883,5.67352395032446,6.672951315786,4.57559983526522,5.43964309754856,4.88231283555178,6.48911725596747,6.12422558323958,9.53651070921454,5.42328341720059,8.17424015880798,7.14997311910273,8.58461997472197,6.79804695684891,5.96149923893164,3.00839649776487,7.63097508173604,6.49680917619743,9.34405975971418,6.34768908838036,5.91736794917994,5.69110683866753,5.86260799440843,7.68488376188684,6.0342738005542,7.87084828449562,5.68395325571654,6.29453902201074,6.26368081075274,5.71317328958364,7.96564287844201,7.06359497366723,7.35039733240696,4.49627532167966,4.78563468338308,6.48720679829353,6.71638072702272,6.79393504671718,7.01854332035887,6.0843235301904,5.19150864562931,4.00673067982657,7.47046402000942,5.93475776440729,5.67590516064704,8.37036718911362,4.82530783501947,4.93080761146357,5.6001457881259,5.18302495334513,8.22299133548933,4.94755638270317,5.62954534489235,5.42486900519531,5.40740899410482,5.90679130867219,8.47984273640652,5.3677719177058,8.09634484040123,4.44039891728239,4.74649807559644,5.84416783349867,5.83678097568387,5.51421986512123,6.37477805062387,5.83393763724135,4.38573685282404,5.0703714803573,5.66212542137337,3.7572260579128,7.05379874751292,6.46928143978894,5.42688705813037,7.86762212265617,4.67842990946381,8.37639969175779,6.0710160241714,5.63652700853801,4.17868523575771,4.9814448959881,8.32608115871332,4.67462161547411,1.63499364631326,9.38751741457634,7.96278854103196,7.48487568374189,7.74883085743341,5.07944430494936,5.5952008302373,6.63862631306403,4.07144916233873
1,8.07050041245384,6.99230824523684,5.73547478993633,6.11200542345033,8.80441674198702,4.81212119992434,4.53988264139603,7.41817960894412,5.83515588075903,5.46330121964436,5.41315833662621,4.85472504069255,5.66679303520461,6.16586448187822,4.81516725086356,6.85501245033669,5.14055364780255,6.0695119771608,4.25951973485608,6.04756959885317,6.35693460715225,6.5013873087123,6.18356951944811,8.96876213621285,5.77925903199427,7.33909066541012,6.58048581150089,7.62444628519598,7.74472649921777,6.2570511193212,5.24711651577429,6.50918850004418,6.17130335155476,9.65972303068943,7.52902092588361,5.83328435430872,5.13121268471193,5.77275340148255,7.02456699817268,6.33233792328722,8.4752643966188,4.54793375103204,6.14182392593979,6.59016080450587,5.2290234921986,7.88282508117591,6.11080686304005,7.78286132777046,5.18784619137679,5.30800708168326,6.26802950792283,5.80151980775416,7.208657914632,6.31631002325431,7.00402604864224,4.98836616080966,4.79242413384211,7.85500099918613,6.47307711625756,5.6998486372057,8.54530229478169,4.92946200428096,4.93044895252639,5.59809598281165,5.93958477302301,8.1485078183729,4.75230196147095,5.89362015935534,5.06814390108957,5.99482968803296,6.36302749460285,10.1195835627455,6.72832376666232,8.67328769204986,4.94112419704834,4.67643034211273,6.45027370332473,5.85765167526211,6.45239426280065,7.49703920725125,5.30367551752997,5.63180805813899,5.53179020407227,5.2111971649447,4.11078320459044,7.46718736233847,7.54247310230834,5.95488361712708,8.24678962345055,4.49701281166692,7.94932543465044,5.22339697044822,5.81110467957821,6.09999524941503,5.35953092445637,7.86550692307395,4.92171694448295,2.76786801338124,9.64919939989013,7.65117773476032,7.60910202870647,7.75463478779137,4.68789619792823,6.1738201743096,7.48999385293656,6.12208136759218
7,8.2432008341543,7.9809622601327,6.04575329434034,6.19584314959238,8.769952056144,5.99210327250208,5.16968541181623,7.21549868067061,5.45758172496393,6.38838968798301,5.06599891501926,4.91753854487145,7.13221171381653,6.49686632322381,5.1930641828669,7.06959608308935,5.57509919169234,6.94686823165976,5.14966831018553,5.29284957863801,7.08430196749421,5.55033310985674,5.61509576845045,8.96400021700077,6.02730917941969,7.45786563477485,7.45945597619972,7.97347980032087,8.02690847359079,6.12981004627968,3.37492954369809,8.60521601951515,5.73167954674182,8.75042896457594,6.59733901131277,6.49687409580453,5.93099523425442,5.54707449392269,7.44287092000132,6.69303780308015,8.79857948918291,5.75870900331648,7.00804886856165,6.37724814101565,5.22723168903821,8.14337191268595,5.83107955925752,7.8003802628963,5.22741557790377,5.7204546091972,6.44044552435271,6.28063485630896,6.79873174976495,6.09525361085088,6.42204885039296,4.76835552099203,4.40915966794649,7.59521043907413,6.47836677939597,6.0257133156305,8.95011741195806,4.96508696921497,4.57500770726899,5.2946724902343,5.52436667842954,7.86313509018437,6.80660163699772,6.23820002450851,5.4529115438507,5.66325640327969,6.09133266376676,8.91750289570368,6.83636572756784,9.13793090136744,4.68704330414426,5.39970152514857,6.35682749487704,6.41885701214347,5.92351756708022,6.4961457218233,5.27154594603665,5.71721495184709,5.3017253708781,4.95485568299201,4.5183229518996,7.68496240446407,7.5603860608655,5.4101854094259,9.07957164619903,4.29648591691762,8.97272643713337,4.61455991413494,4.48062360170696,2.18944842846306,4.63851707419653,7.72058836020476,4.9292090726403,3.71482744653661,9.21432277840677,8.18292120750404,7.58263812655296,7.58780979555375,5.16127320275935,5.1864971907754,7.11137083485048,5.27340743219903
8,8.08352237857213,7.35710938256251,5.71604638099192,5.89497070295639,8.65118093793719,6.06815891120418,4.85646378195846,8.01024255181708,5.5938184442166,5.23137910001989,5.1066258802888,5.39777842212041,6.44670867259937,6.18890168074858,4.87316928096612,6.95198525209575,5.04154753661436,6.36831064731063,3.73007075738629,5.60668909692305,6.48952483890026,5.18143705654303,5.83926490253101,9.05130003180094,6.03800271734483,8.8921166611957,6.89946540477209,9.17186006575798,7.66602872762663,5.77973523776623,3.94531105343495,9.04360900749525,5.8088777386746,9.14166718635461,6.70686335871588,6.21492650737393,5.53848583932642,5.49247129024114,6.87836615541038,6.42205126703166,8.49047430951457,6.93456871618993,6.62160702886391,6.03988578452949,5.44377839610482,8.45029099920955,6.46630758750001,7.3695307896219,4.05425185028441,5.77700866872554,6.60791532230863,5.97214994503097,6.87318889303042,5.9798654717335,6.3649908197053,4.80828236274607,4.48659757881648,7.40415253596618,6.40683006552942,5.91825292215943,8.09916114439239,5.44804217711158,5.64069429347585,5.45583081704246,5.66692532388022,7.87248919215382,6.26854936357119,6.16240236916967,5.42404554567911,6.07294645300817,6.16219514295772,9.89183229072697,6.09671192415031,8.99792501352865,4.16453027973296,4.69082405802968,5.90610151747343,6.55458993166328,5.44167351763822,6.92678669588813,4.34031269709681,5.98460767438326,5.20382688108543,4.88812993332641,4.92237446945969,6.75841594852385,7.40891885428552,4.94683956238776,8.48251894620049,4.42238222255949,7.84072538580425,5.07169268771027,6.01561673332048,5.38286337753021,5.25071750051127,8.77204566833576,5.24072641320644,2.94555977103454,9.08674702299799,8.07685929897868,7.45174043250416,7.60264739856798,4.9357301338622,5.01799213270726,7.55122877106454,5.27689610115317
6,7.82443723297475,6.88760546731658,5.33498143439016,5.72259836730449,8.87369944796794,5.24815781677086,4.96890334064674,7.41038206209955,5.78606371010902,6.82170147109682,5.58944872542789,5.84834147020682,7.89075128235441,6.03712222628529,4.26510298638929,6.78606682942312,5.98215878141761,6.68653172499812,5.16964895593615,5.52947156995339,6.81227259956692,6.04219304325765,5.98296324775364,9.58504253937073,5.71385000175391,7.91761361089441,6.99781107927786,8.59722392865106,7.46389269341167,6.10552900935128,3.50169029538465,7.68624064341021,6.18743302177047,9.17691795884349,6.34656003697542,6.58539735875051,6.3974223052046,5.87353878164532,7.53224877310098,6.5751119053472,7.88882498461739,5.69572865164829,6.2701435916672,5.91553911824396,5.80574769775124,8.46561201007238,5.91162966698758,7.5204061061387,3.96181056686389,5.22804002800538,6.37062368402182,4.75856361268074,6.58416062946847,5.56189838865561,6.89773114314781,4.9471080470494,5.09709746292351,8.09875584007176,5.87148575519655,5.96054475600439,8.12695510012953,4.67737742030493,5.41608414320028,5.03066964547338,5.78928099099134,7.50560150899787,6.17970824469337,7.05309635372235,5.23693494272614,5.72597551124956,5.46760165758356,9.71389227954172,5.80949686474945,8.15469160717942,3.75921560661425,4.47649522679874,6.29587251287293,5.8290418852531,5.92667425175379,6.5074801907125,4.25488608758733,6.80021743079131,5.71146258430534,5.57027368978101,4.89735216928266,6.75446811199611,7.5130012084497,5.48611064718805,8.19142636843282,4.65022929475235,7.94005923608908,6.66137829891998,4.49234378727673,7.01213604929506,4.78912188402842,8.26625815328465,4.77501657121329,3.29914455222604,9.64315707524323,7.730169801273,7.80143014041386,7.71098996707258,5.22592717795353,5.46361437652698,6.77125088229605,5.06630704631694
8,7.86474307994482,7.76909684712454,5.96935078657544,5.90464888847932,8.89277882359399,5.94914797760187,5.22224344106457,7.51047156710905,5.81966304596644,6.15347011649369,5.2183862525557,3.41221583262812,5.59891540850876,6.43054573486761,5.0892737475712,7.32777686905768,6.1113175301282,6.64556934059995,4.70646380235098,5.43316390393843,6.02627594014842,6.32718261533989,5.76147505971516,8.84511447542724,5.62395387790057,7.5323204370135,7.93340533989414,7.93564351206004,7.64997877232741,6.08978392739729,2.13598587243623,7.7766125691248,6.12891323648695,8.91431972351276,6.60723213951929,5.75845758034452,5.30556025972021,5.41512422857341,7.13142151138969,6.52934475182268,8.37868415010784,4.18141982145277,6.95488378340533,6.54549019439269,5.40260421814592,7.34254402171874,5.85930914795747,8.20279653449065,5.65382166690824,5.33684958573931,6.4891027238399,5.62343703222421,6.65877629791168,5.3306702296816,6.72668477960646,4.74433827569487,4.64754643165069,7.72341127489712,6.07127650495994,5.80791861198729,8.46728213247019,4.94405411137904,4.43369489879809,4.40677528297692,4.81505664864683,8.21489014235244,7.38979735648845,6.02380864142258,5.84954866446525,5.43893067679597,6.45758734916084,9.02072592329279,7.66705085622721,9.33887714745138,4.18730527232886,4.80196038170229,6.20412580382482,6.30033675167825,6.28075444499003,6.84320998577287,5.40275181068056,5.24814005536818,5.58039826103329,4.39135987818175,3.62894503000236,7.51353576655215,7.27646473484748,5.58542676353496,8.68836625415076,4.28939160520337,8.90640861470779,4.24529196559986,5.5386276264636,0.19271342875734,4.77799838162633,8.25126048229125,5.3700693042888,3.56892184080202,9.59778450723295,7.86115627023048,7.38310917043191,7.61227941544589,4.49227493981083,4.56584871517339,6.89012318551154,4.26411330797215
2,8.5448334978586,7.48834802716287,6.10141880980821,6.47700254748437,8.82192378578241,5.81501545952861,4.33992218741847,7.81277050888195,6.30528664678648,5.5971570546052,5.88226809351686,4.37477579152592,6.00828059673576,6.28213861691447,4.47990937489615,6.90011991822523,5.22077980790259,6.78366183141702,4.70524700350721,5.57759303025004,7.03246665167745,6.7324663302162,5.80671885492258,9.00475001892334,6.17880593671869,8.35527411992606,7.0486699134338,10.2739151609264,8.38085781972053,6.24186738540987,2.46188550390494,8.21364276615587,5.04539919955861,9.12330288746391,6.4654149777029,5.60279472766022,5.87473944495341,5.4266210363517,7.65766927876204,6.53017813756085,9.35942821681692,6.2035882620534,6.37023739094538,6.46509890091999,4.93475594558594,7.74087269238882,5.78251209218962,7.47282796454483,4.16267859164675,4.9883065208284,6.75186855794397,7.38721729259395,6.90578335776017,7.05713255733974,7.14457255143968,4.56950302875025,4.7121598782636,7.32070694354774,6.57133410665425,6.21646119131541,8.93474314434414,5.45994795800431,4.92565442645717,5.65013739475004,6.87228608677894,7.74649699123517,6.39553300919058,6.287554775053,5.64610538078315,5.93960920296355,6.53639738703967,9.5181286203717,6.28861566692006,8.88145189154644,5.50529342633677,4.47405114975138,6.12219302352023,6.83625859617704,5.70850832539078,6.56615555572981,5.16732914831557,4.55354363293156,5.86266031330344,2.68322764485985,4.82389369862652,6.90003481122391,6.8564478390785,4.60079184784891,7.85521534335758,4.36738958609626,8.09422390309165,4.03787978596099,6.0210469438379,6.87193636652292,4.65696973413791,8.63088819758513,5.02545101338442,5.26866758719558,9.12311071438385,7.42448719430022,7.55526298566471,7.58866587185616,4.53233756382298,4.7310465238629,6.76566742712816,5.31794873637077
6,8.68965754551636,7.25545665176003,5.94682920702048,6.35975848325184,9.22040655140965,5.21415856789746,5.38036779655566,6.95297216725797,5.65092131559081,5.649554274669,5.13477815455035,6.54119552527315,4.66056077000031,6.21706504873963,4.24078961111723,6.7409577783826,5.22058118328638,6.68483048241327,4.7284040648899,5.6471030447479,7.50452860418751,6.17340065233428,6.49830710448338,9.01220599785681,6.05981891271833,7.82793571311114,6.50321883797217,9.55791911940572,9.09622131554173,5.98196656911889,2.8687985448681,8.16549049117066,5.11653745923296,9.51162229385309,6.98232557750573,5.50569457232801,6.56216204418004,5.84705593587397,7.54795840985082,6.74755953749654,9.29004584725906,5.58339968100306,6.92849562512961,6.47312309327549,5.679654447661,7.78652877794301,5.93529875981709,7.45753591397864,3.72585654441342,5.15942483554495,6.77480555353261,6.7714539614915,6.80851724603124,7.50724429147947,7.00740168336389,5.29528573007644,4.60382167919267,7.40653432418526,6.01984424694933,6.0173399900467,9.09244998885279,4.94898368083441,5.01376313223875,4.41631782506711,5.45711865057689,7.75429461091185,4.55460545851769,6.57756522323532,5.76638955026944,5.58634956774097,5.93456962870631,8.92093652599921,5.63567374095271,9.11226371263194,3.33067713417324,4.94457568920113,6.10413389131673,6.71431340413992,5.77597964432786,7.00281860250323,5.13687835890659,5.14627675179704,5.45834367262891,4.68948029759454,4.72567135979726,8.18201090816895,7.28481387807066,5.02571460947594,8.61976271665713,4.69011781766894,8.1578545186842,3.19130972875702,4.56018814596527,5.72424756559239,4.86131935767832,8.72699914957595,5.0164164451928,3.46811672435503,9.5631671497133,8.01830479732148,7.74862026524797,7.63866297627899,4.91545758683106,5.38325047458157,7.41743881016571,4.83285034530224
4,8.26808044477948,7.30237644651889,5.66629379798575,6.37003008748375,8.8259649423163,5.77740764662932,4.56594926913515,7.72361322292171,5.79598719097756,5.00999769712244,5.64212874050324,4.30280402998882,7.37244877201078,6.34257046138678,5.1316875839161,7.37864027421544,6.01518815267118,7.39699224317093,4.9426608312182,5.06990722265733,6.95784569789332,6.82322976627018,6.90812032124958,8.68911141081419,6.42929623071205,6.87684033451908,7.45837211002251,6.22279291700243,8.5679325902537,5.78690990484658,2.88681443572304,7.12487007200896,5.47025113468342,9.17955500304121,7.12570762008563,5.73588866939301,6.33043587756832,5.21125193369787,7.55836129979859,6.21404388111606,8.59061201390888,3.11193091536812,6.60780939978443,6.38436738048177,5.54534653533359,7.25660550347372,5.31508650680238,7.46724677374982,5.30163726873823,4.73675447553464,6.37805493541523,6.95526671119499,7.05180440593327,6.50412878240477,6.65257773949453,4.31560600898318,5.36873840123514,8.43164551375557,6.22568442928146,5.57117565321028,7.90038836595288,5.08949799850468,4.69994051975001,5.59972913924949,5.18126941882896,7.76925774871032,5.12296298729746,6.06329660061561,5.67596972383034,5.52042509037129,6.03639270060688,9.17118130772837,7.89293843477781,8.73599972231046,4.6491858318312,5.19869281989683,6.15965002663245,5.62936824691264,6.73736005692701,6.01616106623948,5.38200158930596,4.59531852044454,5.64041187874757,4.93033970051051,4.37822129273134,7.37328273369651,6.86974353035445,6.38074339788318,7.95521678482388,4.46941337381584,8.74538471654405,4.80854256149327,5.10282931218857,5.43537910265069,5.19458070285938,7.54686065594625,5.12225704653526,4.84185621502133,9.83821268519279,8.13756030091683,7.81544145398669,7.5107493718768,4.84684188119788,5.53259583540375,6.96130252684978,4.01943005564193
6,7.63798590752175,7.88188887947938,5.50298008890384,6.12772680673327,8.99702845936078,6.10896040327079,4.2967419444138,6.97154217245114,5.85910971899625,5.94112849024052,4.96063497354573,5.79269775696153,5.53305241916492,5.55938770556817,4.52677514288658,7.33527307846827,6.3568708858077,6.98693164058383,4.91539386291347,5.38517849678303,5.6221243099416,6.22544462999028,5.9211468771302,9.11411568395916,5.623103868777,8.58768780815414,6.95922016202329,9.25473534504728,7.48024312815613,5.93290797010471,5.14324359285908,9.19571886270203,4.75614100712071,8.33041015072441,6.31503426862749,6.22413651740601,5.9493924644064,5.8304864363818,7.98176845903312,6.42624324183384,8.14371110014633,6.36806421850779,7.05202167438774,6.22791774141259,5.85364168753835,8.2101501801702,6.38230698469918,7.07332472938615,4.97271842431805,5.5161763514244,6.62582745895993,5.93800791075789,7.49491583650543,6.15090830847388,6.49018294746634,4.8912177823974,4.5963817936747,7.24338773661104,5.9859311052689,6.1640695778535,8.6706869092145,4.79044532141131,5.31226961877686,5.2054206926291,4.91791639226486,7.87334223727403,5.3708764037972,5.93756314230949,5.38553153556636,5.88167942859156,6.25605062779881,9.97882328846866,6.25741105249564,8.76562869504621,3.02954989890984,4.75975884551932,6.30004802627974,6.25761142592016,5.52311656944035,6.86726081856769,5.99398560579383,6.49711508336306,5.21846661226089,5.29015522422508,4.27629499474093,7.10249832373724,7.31297687155476,4.72777582500557,8.43242407457145,4.47436019513218,8.08362023746069,6.94583210528672,5.30627428371682,4.79218095712875,6.07574982322896,8.76999394472863,4.71561475219472,2.69161610064766,8.99079073778356,7.86540111627436,7.54685633830527,7.28325143949286,4.71501361750104,5.85632103977383,7.07187616196431,4.65136884733483
4,8.55123664204507,6.97386264768506,5.714948798395,6.19986685147122,8.86405601200038,5.59770774222683,4.4000632114579,6.96839253434962,5.63932126271822,6.63467017243859,5.45571253099217,4.82907406107,6.95026004101967,6.49940848267522,4.50035298458152,7.1299912791453,5.75983980922658,7.08885087866464,3.90440313950395,5.15014263914117,7.55023879267434,6.05265631358842,5.90433580241427,9.06414181681026,5.61520974172582,8.25900037387309,6.22993780183331,9.47682273569611,8.80953440460322,6.21839838741237,3.38205214131139,8.37961649255216,5.7004656186899,10.0001699087306,6.8509338459958,6.28424165831038,5.36712856143652,5.90693125892814,7.27728814913527,6.48545629136616,8.90690903589521,5.41021332538842,6.78791915211875,6.46842328843268,5.38907041496064,8.03703498231231,6.53414387571717,7.16630558060449,3.20374823805451,5.04460130435699,6.44746350235879,6.64985244275423,7.09077004797621,6.47967619675843,6.55646315976856,4.69431893528321,4.74467179532532,7.18844523333282,6.06013075912004,6.00508332325535,8.30850765388708,4.86300085849868,4.94900442160252,5.79060154053664,5.86055552262902,7.44423758609949,5.50910179762339,6.22231070520686,5.77345292304264,5.43189808607506,5.74298868515634,9.45025994872509,5.83577889031351,8.62686401675878,5.25561768265645,4.6033270755115,6.02876955348252,6.80355584202131,5.96060260933946,7.35110609613798,4.6540607631996,5.35020383361252,5.30630550293853,4.89794232460957,4.93933272550231,7.60796848954862,7.00738985984822,5.31285264624698,8.37260730983461,4.52307580801859,8.40148876495729,3.58272527363052,4.73254829611044,4.49018958589877,4.50401874626991,8.32684413395601,4.98847717749026,2.70593632509062,9.33848345600757,7.79523602592108,8.02302563441102,7.53667549621545,4.81207114554395,4.92459013915933,7.06573852148716,4.23421307216316
3,7.36069297327863,7.68388175161794,5.96970607967465,6.35708785128194,9.30186985032786,5.86217553567991,5.21337939115449,7.86601403000738,5.9843180032217,5.23892542599594,5.62352330292676,5.74809394671018,5.08672838211743,6.54291031909927,5.14092440915469,6.81429315195809,5.53731901754543,6.85201840913524,4.79751244252214,4.82472042996369,5.33454414644364,5.48721566170953,6.29322619741041,9.04360404340521,6.27817467005747,7.8828471177746,6.67083829112743,7.70282227213663,7.48699419546831,6.05216418622224,3.90179042025944,7.8159727641843,5.89516701880745,9.27125638104546,7.12392644751945,5.66647997235803,5.85498415130802,5.28977230012877,7.72507925248045,6.69311194292898,8.08688942551317,4.85960922056256,6.97596384777197,6.12110246746558,5.55257252260048,7.80057082460792,5.91897715064372,6.79503893276163,4.98901796362911,5.24831411763354,6.98052626084728,7.47480408181859,7.03866141051034,7.10427576335151,5.50594854474878,4.76793388246595,4.96540385798544,7.60739290125208,6.34470270501419,5.64348627597681,8.71229489387278,5.57374607563359,4.6320699549304,4.16645910164347,5.01959978624656,7.90858088384278,7.0213262145485,7.02143846377658,5.70523235581441,5.57984962625859,5.51047684198483,9.55543528165174,6.20622973541109,8.91224586080516,3.51953847987379,5.57789453201845,5.85291741113276,6.13759439355743,6.073369993802,6.75793095556779,4.74402361077297,5.59200340016537,5.60215922808005,5.42546478696129,5.43824343849634,7.53254470103597,7.12754033416054,5.50666926989316,8.21131561401831,4.82858459342608,8.87596396353181,7.12683107055477,5.27701667967011,-0.584166521269272,4.75291682891355,8.27351280317682,5.01304538251741,4.07112973373436,9.35321186579965,8.42065081177461,7.3828525906381,8.02752551140965,5.19335460996762,4.85755998386696,7.10798857391061,5.49144941506515
4,8.3729780394468,7.68986076779172,6.05039709368588,6.71897484267628,8.85964777392368,5.68552205115199,5.46645327647448,7.68643691883575,6.26521147862871,5.14527079477583,5.80938711569504,4.71182543892001,6.8020914873035,6.03924601506529,4.86828357159251,7.44867158668797,5.94693730890834,7.01570952169879,4.83546569422885,5.57341772094,6.58909825408534,5.86780597901686,5.79473975436883,8.72839923813358,5.88135220409296,7.91544205602318,7.15510415082524,8.90310706539634,8.04265143728673,6.93850171200733,2.17543836429344,8.25607603321359,5.74541768692512,9.29037096464449,6.88896391796587,5.84114449157499,6.56324694894228,4.70190707521179,6.7485276062596,6.14852145411164,8.96090730340941,5.58842465999436,6.66643741523992,6.04747646188446,5.27410741351514,7.88562135749633,5.64347927698779,7.10216912677821,5.92286400064971,5.45827834042503,7.08311694170767,7.87019730806405,6.89114216197552,7.12646142773212,6.39695994304252,4.49820845254937,5.11271336515439,7.17144769359882,6.16761604978158,6.06689366310815,8.58423848722625,5.96262244600525,5.31824179959145,5.75977359017434,6.23649100117704,7.61594601473134,7.37890778438007,6.83059932625492,5.76376928840001,6.0874206624642,5.74247912953317,10.073241319234,6.07950634217774,8.67708669743176,5.28910030478798,4.74113308708766,6.60377812564858,5.48515455039111,6.36088077072385,6.68382928582541,5.15721397306198,4.25239787193982,5.7292986277305,5.84627987970607,5.16384764859146,7.76149872761678,6.88228617808654,5.3065090545255,8.64522941994965,4.23542530254186,7.80249362673472,6.58461641646317,4.72478761221947,4.75130394935031,4.9714368895096,8.26446025840802,5.3868221912846,4.54984449122535,9.44571031040574,8.28789553912187,7.62067960130628,7.75142037736162,5.096564806201,5.53561987010225,7.73619581179013,4.42742508808999
6,7.97849292994006,8.15855739233819,5.58451444354633,6.435434645297,8.89677308502865,6.15563535705888,4.53983933894703,7.33247548975092,5.84888132942115,5.0505475163612,5.11562837230128,3.69779022157748,7.5510789637181,6.16346484656346,4.74178045992464,7.14423846864474,5.51625490097172,6.76642147891444,5.64444281570782,5.46842019002,6.35701468930067,5.64745438205386,6.44226058871141,9.53559907611836,5.63465973301073,7.76104366004572,6.17340997680643,8.79407905112861,7.28331448978709,5.71940805603864,2.91098969514562,9.05577212964452,5.75104899871495,9.74873597461237,7.268451649229,6.14069511502553,5.56383870849303,5.55958351187611,7.89126664279118,6.7245548832981,8.53151408230894,5.8574964470171,7.41549456158501,6.61871423171733,5.20029301875225,8.04982679928093,5.95442731579038,6.75793851854257,6.63752520467778,5.73185718311118,6.38028073744296,6.80838120053693,6.84209786955021,6.77093815969886,6.37902760131424,4.59644051320933,5.38562714515258,7.57265222645104,6.34540517328675,5.98207129772352,8.58708732414994,4.83402683339059,4.35033519379598,5.1446532550838,5.79978601589243,8.25862128052042,4.91357057468679,5.15272217932777,5.47960781426322,5.50151092145361,5.49431013304285,8.63988400577643,5.4601834357794,9.83390862184017,4.28600958070529,4.66279963865609,6.1176248700352,6.62084705785342,5.75694388227175,6.54123051253402,5.51353254472356,7.73835821945622,5.56122971324866,4.2563611349149,3.91372124200546,6.67070989243872,7.96391588426953,5.42005722750818,8.94498040214299,4.23976925218412,8.16440932748445,6.31440822740971,4.80818045681112,3.38426142803529,4.99052446116971,8.33509960704306,4.69633438160632,4.03265304877907,9.28801836670394,8.14331187686015,7.51508826376328,7.70038428080648,5.01793787413487,4.0131697325527,7.16633658165158,5.56482431684183
4,7.66505068342411,7.44372512010108,5.6298658073786,5.92068514397491,8.9790345533293,5.46322888783254,4.49403964440223,6.66095560257436,5.83422445741701,6.97723854128847,5.71508920037293,3.35755627365679,7.61761618803517,6.14696247541155,5.74366060213624,7.1119032623448,5.92587822076583,7.23196731684695,5.88817453186741,5.4316714941557,5.93378668130051,6.01174984338086,5.76088633067688,8.59398813677599,6.09521404447091,7.7049419026708,7.30901246339696,7.11016692838505,7.42301838544539,6.14283209753801,3.92635438970816,7.84833797248473,4.66806229310887,10.2800299317458,6.85051215190879,5.96672465935616,5.75614178739332,5.56844453430485,7.17327218577683,6.35066399592203,7.9105742788153,5.18906730186085,5.92988057185041,6.33065727033474,5.58499454251766,8.05764629650838,5.92458951727452,7.554608368914,4.29267287372452,5.04959132570831,6.70875512821901,5.41434534324475,7.01961523907865,6.16890865269632,6.80083022472328,4.71069731464158,5.03397464291834,7.19333424681601,6.57432956354018,5.62681566575125,8.80660610665242,5.08499534004701,4.08460391380109,6.24411258708542,6.33732338757896,7.782644638801,5.43164347602106,6.32547933218029,5.55247017153016,5.66770891103708,6.2023686184475,8.92406259181646,6.687463350116,8.35587186133051,4.45043847974889,4.59830550147239,5.87444302340068,6.63454209684258,6.33341773984807,6.49975072894518,6.00060986090074,4.27339059636196,5.53248088352531,4.54679196543127,4.80222606873986,6.947393911622,6.76779699271483,5.84328709721097,7.5348922204572,4.3804410376919,8.42747832847539,5.50731514920516,5.42935584859674,4.48236176766026,5.67371767916483,7.9171763467002,5.34762952521138,4.29189050251054,9.40463978410719,8.05692646821031,8.07747636119558,7.49121227093279,5.03615523873312,5.57397299986736,7.49472205649508,4.69109972602866
2,7.1644327856557,7.16537218344887,5.53115322983999,6.14758245500526,8.7652348859842,5.82077386381027,4.05297472896621,7.1920761808862,5.95616846999626,5.99419290101069,5.22376241651354,5.28282590664761,6.36876204030552,6.49134344456816,4.01163263153957,6.87964619066789,5.79106449106709,7.1026854806275,5.2520890588634,4.78006077752212,5.05892504271133,6.23846573078805,5.91139574608215,9.29829874099645,5.74541360016364,8.04849016135352,6.9216207365955,6.36831737571553,6.99746029339875,5.90043701464094,2.21515441669948,7.50894714991975,5.44498066232584,9.47074484140272,6.48899006011465,5.14214608006023,6.25834870742877,5.87544512525754,7.57888144756706,6.55595765711707,7.89455988490247,3.4560191543964,6.53527636127574,6.24269654993233,5.6131240658086,7.95734185000564,5.98338183560655,7.06483353351347,4.22345684593253,5.16213422226671,6.63976261225883,6.029459581143,6.59223142468244,6.79833393263773,6.13147598169136,5.00114922225653,3.99136577810622,6.8880447344171,5.97179117903402,5.72159537167187,8.28645329196425,5.00738073507071,4.77792481723198,5.63932503217301,5.57922769507493,7.3117081981795,6.0740734877268,6.42886589458839,5.37811686607255,5.59532658947004,5.78674061232973,9.9304511993047,6.61302173181941,9.15148850698891,4.377132987266,4.74879650414532,6.02873840907517,5.8531175707522,6.67440633129289,6.28950990571806,4.74460179673788,5.72728671711443,5.3485590986282,4.65952898038846,4.7061863796311,7.30344165783834,7.41462819759251,6.20947800471814,8.16354425341889,4.55897803254656,8.10217524481005,5.61660282825161,4.88779171836452,1.63546066533807,4.52837037320659,7.52672408630906,5.04013121459582,2.18766790599931,9.87281966989913,8.02693153406953,7.81224307394715,7.6355961635808,4.92717785869271,4.93716336888648,7.30383267957415,4.34239697790292
1,8.59078540668803,7.74968750492479,5.98890654817395,6.0152931282987,8.85121146582913,6.09103044203329,4.81997086598936,7.62387300387735,6.28913678324786,5.31217780631167,5.27202134203593,5.3081276976958,6.30971281569229,5.66447835572993,5.09665850188566,6.83267635636068,5.55877327853397,7.25299192795817,4.23876957481161,5.78562678390009,7.02781869934426,6.19166587785594,5.93665175036432,8.56283187543807,5.73943831638204,7.64369105566499,5.52450805143586,8.47443217650719,8.41129542392066,6.61887148378422,4.66932697746755,8.44297825470428,6.35485204047294,9.50267135927568,7.63101956318028,6.41813665188233,6.47690182180772,5.3934160482772,7.70324412410548,6.57462183413901,9.42251413816369,6.13561717268902,7.08106417401276,6.23488028876672,5.26993732362433,7.62921115262839,5.37452853239784,7.06694197517248,5.04804667135973,5.08041808558469,7.09307712368973,6.08686858307287,7.00617152233988,5.44317798558787,6.87803068469226,4.72690495289916,4.7275351693923,7.32993814271736,6.60381748744165,5.64641810158882,8.55572746575184,5.0122802998683,4.9122154343536,5.62381087390908,5.59510122673687,7.94364154469633,6.04850409896269,6.97191207264698,5.76771478415,5.9870245600161,6.37272578230103,9.27582729548949,4.55246974289394,9.25009821684492,5.20835110795202,4.9012279169741,6.41687108826203,6.76158373418667,5.8605700478237,7.18693612903633,5.26905421613482,5.86690172984171,5.61340305373864,4.91230652595484,4.66838510040513,7.98284384199151,7.33086432281041,5.29832028899525,8.02441956468469,4.63934121915805,7.91857621772281,5.8209558734845,5.7776125529689,8.50943954222269,5.91861155764362,8.37251185844415,5.49649443773759,3.94115858662034,9.40112200000277,7.93697871402982,7.8179386389096,7.88814506228685,4.71960634760625,4.53702662873263,7.21145988479758,4.35599447103003
8,8.32760937117506,7.89154677484375,5.60983461613921,6.23345985005618,8.69463980402334,6.49498319915099,4.90556385652721,8.10463322734698,5.54471996285596,6.77926078722284,5.29922809560821,5.70062155703484,6.39939240979238,6.27551951980735,4.73912320794083,6.40058698588364,5.51933810393766,7.34867924797254,4.04264170077115,4.779017505031,6.71236233489114,5.52842872302097,5.78094865564511,9.33965853942517,5.43294553134002,7.98244970153603,7.08784730560685,7.79808545835096,8.71781355141112,6.26613678370006,4.0698578515265,8.10370518005618,5.28999957802371,9.15982884664595,6.79609226448959,5.9796898283846,5.95466306768574,5.25749117472128,7.20928289971204,6.37180737950555,8.93860130353822,4.89449744395656,7.21061327459885,6.72969401018528,6.09842950402362,7.68481423834031,6.9439493542833,6.80303747709145,3.96415032575754,5.78440060161707,6.58888177618953,6.33994999664355,7.03199826892232,7.10036497100393,6.37299333992376,5.44468831960763,4.09462003007322,7.33100957584554,6.28852286419913,6.05483082907631,8.57688767624517,4.87315962971282,4.45577607375428,5.54050602618006,5.921832142377,7.31950181318895,6.97057616290379,5.0670242171688,5.65250129474404,5.57603327457993,5.83139899918307,9.44084050634873,5.70989696187893,9.51218279633552,2.17082219047136,5.20700728817577,5.8842097555952,6.39182482774466,6.13936896281307,7.0536898173511,5.83238036528004,5.26757339804677,5.38658498712448,4.7284154216111,3.62815751608483,6.81651359623839,7.42541058122243,5.19230109209228,9.00405178675678,5.20421985039911,7.7794405580317,4.77206592098426,5.08118364315131,3.57881508585434,4.52288875765833,8.63928014219766,5.08582052121542,2.33738096047803,9.24900995646284,7.92255797508864,7.7860275788965,7.92516709988578,4.91369529287925,5.96432046097248,7.81082928813768,5.00478743882216
8,8.51776492179025,7.13434602740968,6.02343576241831,6.25160252852932,8.92235719333375,5.82610019908307,4.98738978741628,7.13695963001162,5.73901339953107,5.26457689288865,5.73871411013235,5.31707367767226,4.92901299874564,6.73916807942423,4.3305591386293,7.57601632557036,5.34125171490171,6.76138929273884,4.01982439232684,5.32814172050895,6.98928819908595,5.53941800763732,5.55593527935458,9.1463096496248,6.09598232565058,8.26297471386031,6.77226541780895,8.64198622855999,8.80310753998119,6.62880653579131,3.13176729630015,8.48116220656517,6.27986611001207,8.85439014169976,6.66586465318377,6.62154658295244,5.6699402762005,5.20813234233384,6.8665444492548,6.86636030648927,8.95426883715288,6.79880744777627,6.26635643166867,6.32076118771403,4.80596782285625,8.10133929953354,5.94563020470879,6.61505418640909,5.79442472913541,5.67758220838821,6.73392762054765,6.12553647126544,6.74629249219215,6.54054567034218,6.50334297151194,4.628477535599,5.22897493258486,7.22102749330351,6.40435699128429,6.35702229825287,8.21518446736233,5.77278150088606,5.19888841990268,5.7471898726469,5.59321980111315,7.86675785284883,5.74116683788137,5.64725397851183,5.76759848990191,5.55453169764142,5.41001388674149,9.47450920147888,8.00997265979865,8.60835887855935,5.67075741374315,4.31900648532474,6.57073502063693,7.05299948746366,6.62781681369772,6.90002201796768,5.25537222359287,4.72696185515103,5.64484612952018,4.77574916428492,4.79912903654239,7.27188066023183,7.09066413030089,4.98049458225134,8.66566103790471,3.86934635487423,8.10502173126173,5.5481563129652,5.03248960172582,7.36148578086975,4.62841801449018,8.35839109715771,5.14931059818144,4.57844503688524,8.94622124903205,7.96488555954622,7.51405666060497,7.40973192311495,5.32838159438956,4.64456408989451,7.45318874060555,4.49013978454631
9,8.41858411888754,7.45856071043811,5.21628905687071,6.39833781330002,8.94131897496677,6.09702744771466,5.48861895459234,7.31372349413357,5.66472099223566,5.62604803802738,5.32216807105713,5.94907650027112,7.37071726509843,6.21660347660563,4.81870416745738,7.38482665953322,5.4181974315028,6.63171498105755,4.24473698394026,5.29680548498628,7.05732916576885,5.98302581745519,5.81988280357435,8.9695152945094,5.92084966411298,8.86929916906762,6.8590612632294,9.36859402411906,8.12792201513603,5.89891750806577,4.75402616264957,9.57814690501184,5.5008844528704,8.85270783502555,6.7562852059208,6.23604395204642,5.65674978533484,5.40895014984306,6.61938029541514,6.3514922270704,8.90647245216925,6.18082243336219,6.76317379425709,6.31334279593386,5.51883134381696,8.53439291266207,6.36764958434899,6.88211174059158,3.90527173034897,5.78893517678855,6.99112376141498,6.73115750493674,7.1344836089612,6.56796084241063,6.48368352652494,4.57178626084071,4.39390154027964,7.33184031126662,6.21860534957274,6.13859740049209,8.71205332820732,5.51508615841286,4.25910000011203,4.35541563218951,6.00297829087789,8.18054305927832,5.63970463375218,7.06378357176449,5.41619186858868,5.71236577818786,5.37623922004347,9.20470306090306,6.20200777821393,9.035860248206,3.48292579817562,4.85596948787206,6.41379707829337,5.5316043769857,5.18758976537831,6.7576205103724,5.02147153250926,5.59156357660436,5.28354573257891,4.66943510865207,5.13239266214475,7.53958803336471,7.34777038748208,4.84832524515679,8.45920748660477,4.41680430734552,8.19078994456876,5.91522799422604,5.64731070238404,3.37287307527898,4.98385616211159,8.5039605510116,4.98489840579389,3.18223470645057,9.15229465130394,7.9780048454237,7.50248934417707,7.46499071937057,4.85405143333222,5.75478027780743,6.61998163568832,4.66532867682153
7,8.1157302586853,7.80134424682671,5.82477808376381,6.06942060535234,9.10923331492161,5.52471303447849,4.25168302037619,7.09158238207193,5.87926670597095,5.16270709832191,5.77583378942806,5.49184310858794,6.67622931923151,6.20578718512194,4.97858383454421,7.55256267405614,5.43455496336245,7.00824558396351,4.87393862672235,5.59998598389719,6.50240381979087,6.86328523944118,6.4152725497329,8.39701594862494,6.02703466627881,8.26021667303013,7.85405446384848,10.2448882901201,7.58177560297161,6.2024542897909,3.54219274845925,8.3459881934885,5.72093596730227,8.89426394127874,6.86029044917329,5.85165197069196,6.01511032101251,6.02378426065237,7.13060631213091,6.8223594727185,8.58112360503604,7.47770843322439,6.19799293107039,6.38297347531632,4.96876742430386,8.33653615273264,5.71419838611419,6.92031724681008,4.29181137299379,5.25234014016545,6.56707319167302,5.76734733327146,7.09286493826506,6.76211453724129,6.37634063759577,4.92267177655765,5.45416723904414,8.38388195366187,5.98104050112233,5.93360951134202,8.47647343338877,4.64955310099893,4.07451473668917,5.60258346191728,6.06746073238237,7.94022002924138,5.20124891121852,6.35527429452401,5.61996145653623,5.501083229472,6.20579203172651,9.21268127183253,6.53859950883941,8.32275476502978,5.30147380485457,4.7244843185004,6.2907335175868,6.4046984274733,5.91908736215612,6.69928569268539,6.65603196238611,6.30041458896236,5.61560017365247,5.34338557780946,4.56073070629477,7.49747614223243,7.11937017875292,4.80163442880235,7.71080348912533,4.24839051359911,7.96821222241963,6.12014528640418,6.07832362283307,3.69840637738115,5.01173780978258,8.59420202287371,5.52612776168889,4.8522366674942,9.22888305592236,7.86502539052822,7.25871604538668,7.36796826307667,4.65664212241424,4.89149907927873,7.18955863933274,4.40286290819602
1,8.52137790303058,7.39099513261584,5.48995368223701,5.86868904739964,9.12505645478617,5.0369088196597,4.52641031502956,6.89631436524877,5.93581766464488,5.67521599111013,5.34146467757309,4.02514654749853,6.43789320981745,6.77265193261613,5.55855195003462,6.75417969819012,6.32894230116906,7.3978156233124,4.38330296054537,5.52010422589838,7.22930266482471,5.89550053841142,5.44613542218604,9.01638695580341,6.09678964615116,8.04699408444669,6.62893445255491,8.31722498903738,8.41968738086641,6.27901206258105,6.45544261552108,7.59965696476497,4.9078400537223,9.69372743002092,6.76813864615671,6.46670702904111,6.68581272504962,5.55402503681302,7.03366501359119,6.6328892461827,8.88451688953512,5.84630807107276,6.35830591267614,6.09955610022673,5.45031675065053,8.05567391332975,6.013618844762,7.31971869428371,5.58917317829145,5.34810566733667,6.70543493340135,4.94408023624999,7.57031212093733,6.52283177384178,6.59363782210853,4.53016550737867,5.84801903864245,7.35052923472663,6.7334998264196,6.16028316156142,8.80546814906605,5.3566489486463,4.81513960402693,5.45458333546966,5.87016625001081,8.36091519913899,6.51670102049684,6.53317478671288,5.4822962465596,5.3338474546241,6.3716218641964,10.2574737759177,7.26560423852516,8.58696945353937,4.86387832346753,4.96350160979155,6.33205841429947,6.35346426180455,6.10806675285628,5.86635190990223,5.12063958010069,5.1522950565184,5.27280306047924,3.91675015071498,4.5263293991988,7.29228132881762,7.12511802016359,5.41099347139344,8.03220785569904,4.48995414641037,8.05632074205513,4.40151359742807,5.44417046770368,3.17119654521664,4.69483915281281,8.34067480501804,5.46155242084378,4.51430756134835,9.13691877282062,7.8183531299489,7.35555350291204,7.66242736080801,4.91125245274903,4.796888755737,7.70619554361624,5.5605853156545
3,8.719340781276,7.20291232793268,5.39978372985261,6.11128027879949,8.96474897040878,5.78720482564399,4.6559021891984,7.73327957455789,5.85548674824377,6.75343561709088,5.39923946692753,4.96147160916845,7.24625470604411,6.08229593369228,5.11547783620592,7.32751012863074,5.53313712297621,6.0664914689417,4.45612365674844,5.53683576977706,7.81663813854692,4.76951879360126,5.84764177805271,8.96293029445548,5.96708756835663,7.71170048268175,6.15116040602106,7.78552557360681,8.79913476112135,6.08231055600529,4.9834394250214,8.05790168720046,5.25144420301606,9.72980064040689,6.90949263484606,5.9335723614188,5.57979363185095,5.67753758440465,8.10872977652399,6.18977890042709,9.25842576510395,5.21163256600015,6.95608182922031,6.2896486590337,4.87302508505929,7.96327419124559,5.99361402871845,7.03952433206082,5.39694736619226,5.45555109308586,6.12260735459576,6.00272061552153,7.07790007612432,6.21858336623605,7.14596681771029,4.41342198454377,4.3271997942443,8.24166622994758,6.08339146528124,5.52454458559551,8.90083544440722,4.96587015379482,4.41277185445845,5.91922594132773,5.79507539827975,8.18186459518664,4.21469320371925,5.59778508939601,5.38339184228183,5.30501454762945,6.11840583134697,8.97843513424841,5.26074122540125,9.57313522957209,5.29096347285619,4.80151353093344,6.28329811606187,5.99922546957689,5.61528301515265,7.18367341762788,6.21531424492797,5.90847403237249,5.50028818151604,5.19678956292341,3.68683345297977,6.42787022722109,7.51970357323336,6.01240467870682,8.37823728454247,4.11472849540976,7.62771985551322,5.52037666880316,6.43787620261497,6.14345271216863,5.12386622879633,8.26754395434639,5.09437424091771,4.10477559260761,9.51999836735895,8.51000406660317,7.61802675059151,7.61203195818867,4.46525118932783,3.7906142258045,7.05951356123624,4.43674126016897
5,8.3307900024287,7.22497052600426,5.64641381759754,6.40787471342746,8.92305893984349,4.72853494791237,5.21286916148613,7.77074451972682,5.76578170358437,5.36999069530954,6.01844150498661,4.69632635947262,6.3075261514955,5.62062912569594,4.42891860319676,7.46965734529405,5.55148423707145,6.99463985814949,4.8703606820665,5.23403278428188,7.15600922340263,6.20786954557598,6.06077647247086,9.15494004948662,6.42354648819511,7.74138668222206,7.38195545929328,7.55079392852909,8.01687819121683,6.18413647390462,4.98449058771462,7.92047830320974,4.89546331502463,9.34218815853918,6.92970267661821,6.50001396189204,6.036054690401,5.11078478271689,7.6904816958284,6.42984182579689,8.5411248005929,4.62734814080587,6.18082942295659,6.27295421569538,5.06288368832397,8.12410316559158,5.45470489426003,7.58815880873273,4.62633401157031,4.76459292232408,6.83529461427614,6.31283484978278,7.45810802142053,7.07107242457129,6.85032832579175,4.24099590259609,4.75455998727759,7.94055338966046,6.84389269794742,5.61644358994004,8.63873541549626,5.05344878684811,4.9735158223319,5.70631660295682,5.41585052281826,8.10567480845866,4.89966444378023,5.91640628117616,5.50051607939663,5.50400014031715,6.29513501683312,9.48563007188818,6.16147916860147,8.46832778340874,5.01552395529394,4.43737695157623,5.96055706831635,5.99111625882051,5.97354878447479,7.17634278935486,4.40481104252186,4.42888822341169,5.6217271578267,3.08642163020861,4.80432161579167,7.17810718239072,6.75499114873227,6.14545935420955,7.90274834585297,4.16739442467005,7.93286746780693,4.24594031070244,6.83754048773464,9.04745939468114,5.76550944137724,7.9729845287807,5.18585855512309,4.86505138891067,9.49624978172451,7.81231906170304,7.32861725065243,7.62739250196405,4.54703056648742,6.78128894084422,7.49872452809846,4.97491163905167
1,7.82033481246135,8.30108069161967,5.76839419047046,6.39803334315165,9.16887070953119,5.1180545635017,5.1988982121857,7.06928040069244,5.89912701566589,6.57448285345824,6.06162817539897,3.88051568324031,5.66939181668432,6.6447981768609,5.39241798886314,7.15738122350958,5.08823355431275,7.19955200886851,6.19332068666575,5.20203219754771,6.23920077695987,6.28578350651779,5.82086421847917,8.77194394782636,6.65791911204716,7.80225712479218,7.12433243045385,7.14753861042896,7.6166608546195,6.32171292677653,4.46376976542107,6.76414132246108,5.88494608561538,8.72650203161486,7.23841958075116,7.02941145925,5.84195824772784,5.6730425850875,6.70186958445377,6.29127995881658,8.46234225404735,4.72450001709816,5.90998487681894,6.53217493635546,5.37125664174516,7.75461116768113,5.70102339821035,7.35370429444241,4.5094485755104,4.66501645648665,6.51874733314644,7.13962855658878,7.37794420056615,8.29629559214656,6.39067020138639,5.12054150031175,5.26193900553755,7.49515524416913,6.56767688605973,6.01370533652943,9.05080659956976,5.56329859676261,3.84541459932783,6.18361505543529,4.65363322722615,7.9676307738404,6.6590578081441,5.49654381505412,5.8131319873762,5.6514599387264,6.24852410345515,9.79706174339406,6.31132970853715,7.72952846507925,4.24438821638601,4.6761557109531,6.2142140749762,6.69907749138067,6.09423845400089,6.72877937574802,5.02666560626481,4.36848011459529,5.88885802321895,5.34766492907242,3.97414936365299,7.87387528215088,6.69442478969176,5.47995554076041,7.91208250052917,4.55978908292441,7.92141214418962,4.27054690677211,4.82941239893095,2.52745213568453,4.77136000867077,8.11393030325775,5.47154793702924,6.46401382901141,9.50468995137596,7.68527842691993,7.08669392362463,7.71441680353163,5.09435398438629,4.72169264016935,7.22684705523267,4.7854475056143
4,8.64371207773026,7.10602377744507,5.30835889412625,6.53323166963219,9.01043401761045,6.02150059329514,4.66268535645221,6.80565520250605,6.07668620752659,6.38495591554249,5.63627798470464,4.79817027978602,7.12726099460983,6.64345873242842,5.24849745866097,7.67845422571096,5.5182483770242,6.67532452010276,4.1903010036172,5.72586633577276,7.21805437038669,5.41626023371996,5.83599418853439,8.49949825585463,6.12600289887567,8.79710381308673,7.62034872003631,9.20218899527313,8.75719241793413,6.66872422959467,4.3085210724041,8.09954523088577,5.24052884600272,8.74334763023604,6.65830874306877,6.23617988801394,6.38320200410653,5.95939572994702,6.20189282409305,6.68613961973286,8.66877958257401,6.2825957721221,6.40681691981205,6.40903967580027,5.04833225423223,8.2237385502499,5.54646722781185,7.43950988897236,7.76040428288202,5.64037106578125,7.26394293606126,7.21920554441963,7.23559304017005,7.39258049759169,6.55694510811243,4.1613609494162,5.37047899060327,6.96501441448761,6.32467062857861,6.22140704891356,8.17278224810517,5.96351639889944,4.16370117583168,4.94144181048438,5.83460894722242,7.9944378751845,7.12531610597612,6.11414409965716,5.39072071811343,6.24844941431444,6.0956967733593,9.95906480585814,7.25268283014752,8.52729845261162,6.26658766239175,4.73605785593003,5.72123408755556,6.84347235762533,6.53075925973215,7.18301261967672,5.4774758205885,5.53179315817242,5.55288063894779,4.33209961821376,4.34157844306875,7.38176312295345,7.23242071254597,4.99418393130748,8.47987720460234,3.82768781982797,7.81762880590439,4.80373790165451,5.58362743666612,1.67208590229393,5.01381458156318,8.53816646423368,5.34859581774305,4.70598261905433,9.49793963384374,7.96287632327321,8.0767619757264,7.66445960926951,5.26742197945783,5.07087221666943,6.77764162561675,5.35014130348443
0,9.08512666205068,7.97792288103024,5.291619922476,5.96534767075298,9.13463809078403,4.98899041161487,4.97010171543472,8.43104440562377,6.10696643013694,5.94445235417529,5.18493925936958,5.92533530317009,8.64833920674972,6.10682643721029,4.33353805744368,7.00812476595324,5.71514494791626,6.93960456704238,5.05855144864633,5.74384280724632,7.96585071168217,6.56497411137165,6.18044601062724,9.33998453088837,6.00430963353865,7.79162301490412,7.20604095040989,7.41092167779541,9.127715688616,5.96857292226566,3.80763883541501,6.29122024277739,5.34519081869787,9.42804728169977,6.36103640305733,5.66436692766656,6.36447483973436,5.76449228914318,7.56904742793752,6.46806532953174,9.07255032778999,4.0956946241484,6.42473257431788,6.52389020676208,5.69175020908971,7.16916113957415,5.74033244905392,7.02923395546127,7.13774625531532,4.93992544542271,6.58288826341116,6.31011763479219,6.78894933898238,6.0321702794316,6.96012087919201,4.80923253418017,4.56366270860335,6.82473853973831,6.2773802446384,6.18411605234042,8.90622124823277,5.40452769048206,4.55162690490081,5.92541494693929,4.88560601780868,8.19509321440696,6.61001257265405,6.0807020444141,5.49057425205955,5.61278529423951,5.49624988211367,9.6375580274267,6.59654467942763,8.98586261228136,2.58834739767291,5.09302507594424,6.37253110392053,6.34685408178581,6.51709865093418,7.14298988963335,6.45881719402526,5.35646165505563,5.56116443770074,5.84735515556519,4.84362136037608,6.64139514477985,7.28053180138589,5.57368077754344,8.21274972442696,4.65897825865523,8.10312490465466,5.51415039353533,5.71417384424423,3.59969059122098,5.75557446532285,8.67625318731551,5.16969997194164,3.74066551571602,9.54827002269355,7.58446945538909,7.15364304537765,7.43664462998963,4.52650838084675,4.62671159764864,7.10457437579495,4.17031236091659
2,8.40600642572145,7.30327015168678,5.95514331641818,6.14314530912857,9.04778518372107,5.30625077184619,5.32739858801333,7.2579727448003,5.87652645517848,5.95056219532811,5.7848201806911,5.59401562575122,5.444443661321,6.57128754952897,5.82588423873372,7.04478087917662,5.04295167479733,6.82183998994686,4.28398971003209,5.34904806340853,6.57528772034937,7.27128197161685,6.09639838266187,8.86133392462206,6.23417450528406,7.64447380509906,6.93880980104518,8.38654482053127,7.94790250719187,6.2949414552739,2.64442795105463,7.20658905038289,6.39469339389829,9.21169510384556,6.53378315276994,6.5569012686184,5.11884816513879,5.45288296218658,7.1990083260979,6.52812272934916,9.20305661813275,5.38065786279295,6.376978980048,6.18023217399387,5.55327447127101,7.52679159950716,5.76253596531307,6.76012665603171,6.27912098293378,5.14490118359041,6.84961360856499,6.36781814803506,6.81599575116447,6.81581942719802,6.07962822974272,4.76368952944026,5.40632379469173,7.68276459646218,6.01296280430605,5.7334801134025,8.97429731195423,5.59215042337431,3.73574277357934,5.55834833658535,6.06905418512789,7.60335849493325,6.47123195720681,6.07412672887152,5.98569315973486,5.6004318596019,6.55809632552984,9.63965327928153,5.64096442204063,8.93182655911734,4.14577667399002,5.56136044242111,6.29607659435649,6.36131167821937,5.29830077750769,6.56620652261137,5.84309851501548,5.46062079885845,5.65585101463952,4.22067711441599,4.67527253557933,7.81660258104615,6.91955325446467,5.47347511242268,8.06377326575054,4.45956311956277,8.41216160457123,4.50899034850828,5.01850173654219,4.67012879132421,4.62350353873135,7.96714820193527,5.65226671278893,4.68148170335863,9.39270432231001,8.06771470430666,7.62846286997497,7.77677095612737,5.24437831092339,4.8088874968787,7.24148046251685,5.34569974405977
9,8.3475179876777,7.32602700476507,5.67003043920867,6.12124176721189,8.97218818474104,5.61320490361632,5.36701224421592,7.00606225386181,5.68030098247725,6.30379020888404,5.13224566312825,5.21414013870279,7.79206926932432,5.79877397400479,4.95405310306028,6.37224270179601,5.23702325688684,6.82109421721663,3.94030363133996,5.40144178413214,6.79537388666977,6.44229667460883,5.9523486695655,9.31887581734758,5.98433751071767,8.15357115862771,6.76170713626787,7.55347965526595,8.45721901895855,6.0484800923144,6.64812624290186,8.3627077157523,4.96984178454807,9.39402381373588,5.97270976331438,6.01939467272346,6.09017229855254,5.36788269953463,7.04346912353097,6.57606812453436,8.86109684744809,4.70792877198207,6.91999228051078,6.44140436730008,5.98254660893524,7.86646759262712,5.98406997947649,7.34485736838356,5.71304936485431,6.14724407035034,7.17344843483404,6.23199463753749,7.40317285503105,5.97758052935993,5.84444965985587,5.21530227353859,4.75256724313903,6.99731166757887,5.90405574129426,5.43455172605896,9.17037193283405,5.33113618493805,5.12641010767654,5.00660287934134,5.92271167148905,7.61492575218849,5.99428195209995,6.41397848601386,5.50711899275596,6.08553410876621,5.77537753514769,10.1381296212984,5.04015079619513,9.56243973405709,3.35490774623397,5.02967652523615,5.67328324357372,6.05225946830101,5.42409643583302,7.12419844384333,6.05750239513586,5.84254882923799,5.30169117938232,4.02959257409181,4.79137427867932,7.46657505822867,7.55598224637934,5.55583312966488,8.8747636250368,4.69861554783607,8.03183031946188,4.57504848523911,5.48408146251439,1.72774744901897,5.7467756660382,8.52549005421768,5.02394720232768,3.31977445798041,9.36619997917003,8.42772207621959,7.39644675653692,7.85482780409338,4.90604233444266,5.16320114666496,7.18452608930023,5.69382610536081
4,7.95308402771555,8.12902139257177,5.2004593210665,6.20581451156569,8.93754706227656,5.28871907600139,4.86525986289348,6.68223080633332,6.09669031255188,5.02171498458474,5.09857946701099,4.47685792760384,7.21610275096879,5.97854708316705,4.19629310186974,7.34460835295811,5.61877150266967,6.46072847720542,3.62288324401485,5.3452282992314,6.35034758597824,6.95384444690263,6.14133608171151,9.24317999826618,6.0932692568189,8.31477557504833,6.26912257380378,8.73292380327534,7.73131570685905,6.15928516926012,2.64564136284268,8.20623443720219,5.43643156318945,9.56836470218733,6.67902492753413,5.352713264347,6.48291356961572,5.38721836100217,6.73527212928061,6.17447866990974,8.65566400227053,5.01134403829107,6.65553010847082,6.51116587524524,5.73814792229424,8.35662789938215,6.02407953916644,7.54167287930546,5.40829585895014,5.542756621315,6.87007259830729,6.5572969750464,6.71161760603428,6.60638828132154,6.1501817124015,5.27897711910554,4.61820199233786,7.12205413876648,6.12202529467021,5.83814789048335,9.0589283441012,5.34632483376484,5.36960250180849,4.99563571609753,6.24532545213534,7.78609844861165,5.51750544260076,6.08280386983999,5.41748657962994,5.93181276537172,6.52956962659091,10.7462457393409,6.39855275485112,9.05758410939451,3.67484622221372,4.40389051434153,5.69943768981023,6.63353551069145,5.92187674514698,6.70807655054525,5.50316357910072,6.69157441445966,5.39024735572086,4.94213409495072,4.52785526528618,6.59617807920788,7.5143258423071,5.52926662007168,8.25536200091751,4.5465804722135,8.15892414258039,7.18076322499114,6.35644981240649,2.92666859040084,5.01561924994894,8.70244913343789,4.73670108361234,3.52378421324322,9.33133827751922,8.05073605732348,7.28040739890843,7.07333197740878,4.55824965201807,5.05510922193584,7.49004186389503,5.87683008798261
9,7.94794765816377,7.55806901389728,5.77440343559947,6.10769995647383,9.08568795105563,6.25508201640563,5.12724065732233,7.29232727495915,5.74152818500721,5.97551654863056,5.04750537722449,4.5353617729867,7.7740685584806,6.02991978571654,4.36903402031468,6.77756372666475,5.40371951568925,6.62286813961967,5.73307862293604,5.51377312463794,6.22951536820724,7.01581943971421,6.07189804096648,9.236265416323,6.04986009591534,8.05590419974547,6.7445088915733,8.27695793037395,7.52471105031631,6.18353011536996,4.31164345273491,8.27861838428244,5.89541954002327,9.67382034220829,7.14323401095132,5.88914432514145,6.78247773724175,4.89992053952512,7.4418517930054,7.06689526910458,8.57498501558552,5.30304177668179,6.82158597729778,6.26845768993479,5.48117172617508,7.92024353318278,6.24397820353501,6.95148144781126,5.32105303786324,6.08490599552152,6.27922571845496,6.43751235559256,6.97940337798349,6.01259369114201,6.9224065189556,5.11402796038424,4.10391208294468,6.45215089765447,6.46962261507735,5.77423162386974,8.49584697180221,5.46764206409411,4.83490738328905,3.97100595848869,5.00979941975089,7.6836827459906,6.5640854266034,6.29345907014881,5.60002881166086,5.72642628533158,6.00811090205836,10.1780785665291,5.60761999045719,9.84584758646933,4.18998153387946,5.08017472372187,6.14297375910205,7.30211466816411,5.63146799797944,6.46072588195419,5.23579152928721,6.58704382900298,5.24210660040131,4.6522832162318,4.49171372007281,7.78997835503294,7.57144371396101,5.4074226342613,8.55094318541345,4.59657538592823,8.1345709912266,4.19128949105862,5.54905319366978,3.17608929445519,5.00261543736854,8.81884520920958,4.8357663710794,2.90441403481722,9.22852001310911,8.25112555304774,7.11681501799306,7.53344833456137,4.89456867264854,4.09688639631494,7.29986979782939,4.17211009191123
5,8.06409734504468,6.80037942784441,5.54851656232799,6.45708984901429,9.11383960519502,5.64836478100975,5.26908683194641,7.78194982698482,6.72742751163922,6.8738266270079,5.80793917539399,4.4412320667797,7.1722735845757,6.08786957819558,5.11066332721908,6.70710266382026,5.50188241099418,7.17819426778604,5.72806904882564,5.43769018229666,6.47237854608495,6.54419961177718,5.87022061616339,8.9003311414054,6.15610950714594,7.64665703770197,6.14747312927902,7.81442103535063,7.78665939799311,5.98333565863618,4.7358712572451,8.13547277615356,5.93063542115244,9.62963829354532,6.74962925540252,5.87373974179915,5.57599801116537,4.91800207073395,7.11503278548557,6.7457381029479,8.57679815390956,4.16726719074291,6.80631451886252,6.55459363056431,5.66300239981714,7.87432309171869,5.84550150866625,6.61047613217614,5.02130145003976,5.11135615671514,7.06460371480222,7.0781213988223,7.31846181457163,6.88905127186738,6.14019784760322,4.51467694087476,4.82179253101547,7.22108188471042,5.81211333349199,5.63091494063706,9.01703269584071,5.56005706409639,4.30549805303879,5.34776618678469,6.39027780438334,7.62400275933057,5.85406722113606,5.87864098960994,5.35697859326764,6.00160978641957,5.44454874942499,10.6880043158267,6.04123650695464,9.09381501980359,3.44118652447069,5.03289112639676,5.83934336423509,6.11643573768021,5.99275185131996,7.0568036667258,5.5672482762752,4.68261998273376,5.84136694329317,4.79342268754867,4.15417243957997,7.31716528967531,7.03671682766713,5.62552255502456,8.25680643018268,4.64479566500866,8.46222253674922,5.034218387576,5.83490887380336,2.11565901849481,5.73755273774731,8.66930344443233,5.43035951526065,4.44656784253502,9.72439425341049,8.05972070953214,7.16161359299045,7.66257702210066,4.53511308860953,4.75450532758801,7.08519359275292,4.32869846432137
9,8.26907508986912,7.42036890438118,5.02258375018997,5.97517868362578,8.74625617732769,6.0152516899586,5.06814320305945,7.19732622268408,5.62726827628684,6.2034248748546,5.14131890181926,5.29592221308559,6.04712046266851,6.39989056324196,4.32012591429916,7.43950210013394,5.64781729114253,6.86345479889697,4.54955182782226,6.10278350651028,6.72894292619488,6.10135362296032,5.85088552456099,9.26955422443646,5.503702139758,8.34018209971025,7.08394293510086,8.49671901348568,8.37734305778082,6.23335036772295,5.47790091421305,8.58661343282428,5.38876388706942,9.339970604067,7.65557385662942,6.0283217703412,6.30420379193147,5.49387001461318,7.65591229551217,6.0664061255982,8.64758993513787,5.45135145820851,6.34669460033982,6.17796793335801,5.17075461252694,8.47663324162646,6.40293122481755,6.99928537300224,6.04658323250804,5.8939346111339,6.93602839503604,5.65159489051053,7.11146411245902,6.17102902041581,5.68066024873801,4.5718719779943,4.4435151905671,6.46032897027289,6.12562971209485,5.86972336540714,7.77450092539842,5.63395843427566,4.20683040678412,5.94238659441894,5.14168164801783,7.53678302477141,7.1365133237112,6.45784174007799,5.03975832602903,5.98872167405024,5.67018366257529,9.45037072142371,7.32418733990195,8.75105230660012,5.43054902430936,4.72645389193732,5.81678161422195,6.44403754786344,6.7169911772509,6.82397975073466,5.45822775898961,5.60208899746893,4.9170643445637,4.567744760615,4.8850578408003,7.46895559845643,7.10011493551877,5.42381348798687,8.56112299277989,4.28872287188606,7.91891582240844,5.98606156329327,5.44308838206539,4.31664940861824,4.64775480622676,8.20322822516937,4.57414816907504,1.56529922653965,9.52314672618946,7.88625802221778,7.58176412778477,7.1460126712661,5.03351967555049,5.29339075577142,7.31404969900246,4.32033708285311
2,9.06323907590555,6.86144648953788,5.86403762167857,6.43190690314312,9.25488904439242,5.23862680934716,5.12133203165029,7.88989923941304,6.18788147970027,6.10153423473874,5.8216598592053,4.25063497588554,5.15299378645108,6.31100300104677,5.2847923863233,7.33853720426895,5.62709987326051,6.81226270636115,4.80343431634855,5.56514832245834,8.70828621253163,6.37527333793534,4.96977997812373,8.40491524903243,6.27783623199153,8.1877462949601,6.9793827815318,9.69374610315447,8.84700078856145,6.37465164961225,3.67600306283138,7.11881659157217,5.80649235071182,9.48140398782146,7.0132046644989,6.1922026481508,5.42642799899879,5.38363831237674,7.37018936207551,6.855933663491,9.56385763992919,5.42422211699813,6.02035037574274,6.28692536818247,5.85692015630456,8.11097733171858,6.01188707441564,7.32356950724989,6.51605682200506,5.12170940981113,6.49063997079528,6.77957104810576,7.04519804967126,6.4955351293172,6.7304416952997,4.83024361181354,4.8580498981115,7.34419251988942,6.54518258174207,6.22776288082309,8.69528474214886,5.71501710871831,4.00992121368557,5.73314763129491,5.40331344317814,7.80274435511066,6.76369818933506,6.5623258512931,5.58472374617703,5.33756209347357,6.37192385557334,9.41743977709502,7.13746900449352,8.16449333436531,2.75088604837747,4.37776332832812,6.25116514547434,6.47255524249504,6.41818663774456,6.55216742081213,5.69436717079437,4.07518484179475,5.8136088100942,4.14392893830885,5.41158348201572,7.79798917120401,6.79967431807011,4.90302323570634,7.81152876818303,4.40516648221463,8.00515341061509,5.69098625384181,5.57674664942227,3.50488519201453,4.83237412755773,8.94888796417384,5.30685490078579,6.11326539076123,9.59257119803971,7.73255499720887,7.37156150391036,7.50119985039394,4.86412993624232,5.52654578597107,7.25028920115227,5.21841098070858
7,8.07277674201952,7.350541988673,6.11353283952613,6.44466089107992,8.86606597828077,6.10092237469222,5.30232046343118,7.21935876424123,5.61994625543995,5.47652842156485,5.58373855512493,4.77362909008517,7.03275789543844,6.22696556620486,5.17586080396306,6.94974287052303,4.90173190535816,7.0181477316349,3.505346306465,6.1348708048637,7.01514649693813,7.30381145474629,5.45253186971005,8.96832913102051,6.11090331950098,7.38000906857856,5.01601799331025,8.35529040198455,7.82864411371891,6.37049393131368,6.41252260768,8.20745937536507,4.64657136466486,9.70117957984309,7.47652281180289,7.01421613208411,5.301982248705,5.01533036676262,7.20724789111841,6.17730172722226,8.83805240475829,4.81977848347258,7.11526306884568,6.21516705706456,5.43659621903534,7.89029055965433,5.68024481781974,6.98160592737374,7.27920671686746,5.47424836389303,6.36576100555104,7.2124057778221,7.52391683806689,6.89343295795343,7.0478869826723,5.06226610278418,5.02865445006092,7.35014674626919,7.0154190437386,5.70321913143077,8.24745491995438,6.06089039909143,4.82455003632718,5.44362770405329,4.57599808261134,8.18514674659487,6.49216590032046,6.62230360556236,5.6933169242822,5.58392759268225,5.74162374920806,10.3181682612167,5.71618608416713,9.35491003564764,4.05251039940487,4.98837481188414,6.03691217672279,6.64713879064076,6.27098480185327,6.74263767957619,4.46719621611534,5.49084311444535,5.27180290602481,4.32458029033663,4.8415633920979,7.83599191192877,7.38750557220112,5.53204763945002,8.37942526439774,4.7573537959955,7.07821769702999,4.31492780873707,5.11881021222145,4.09319441345974,4.92012929526394,8.29756827634194,5.38635527005846,4.59577851640145,9.62453335146442,8.05963660463875,6.89782132641788,7.5900335361281,4.85042484814807,5.58508045879819,7.13371715672211,4.66431377112228
6,6.96758849990155,7.74097425740965,6.12635523370293,6.38055527585759,8.92631638561114,5.59974832783878,5.31516310779695,7.66090578026472,6.47055033054521,4.21903954514444,5.68453242358158,4.43695059448673,6.80825608351886,5.87687928836826,5.82071607823113,7.65094606299738,5.7943871898352,6.54875928758376,5.54410325651808,5.01142708196835,4.80514252675712,5.61442730306824,6.37642607298558,8.88823559586633,6.35580865303546,7.35975074972035,7.13528293067203,8.00906465913885,5.99784980623444,6.01919435316333,4.16802734710145,8.2290484680479,5.41416369605138,9.61442951584288,7.0497662119285,6.32297719197446,5.25227283241988,5.13633175947909,7.71855697071678,5.99423176255477,7.40950924871691,5.67852970224466,6.20016272623442,6.08616074851653,5.10869947158274,7.82316231432818,5.47145951871159,7.87526392471616,4.60116912461372,5.05867721816148,7.03373264607852,7.06745572079544,6.99293798326161,6.84673070051825,6.56323952891218,4.48032849614514,5.04503495809741,7.53957896312789,6.48453604860273,5.69627434218306,8.36247973320442,5.19960128331931,4.22939747747128,5.62496094434292,6.42967007557982,7.53390153316762,5.84846934481786,5.98320225675828,5.98922139649029,5.94218880320302,6.27236693464805,9.13440700522231,7.0976007871925,8.14691933217993,4.79284843975726,4.71056648283237,6.47111691837149,7.23965412061653,6.10898587269811,6.93865585510727,4.80726534147692,3.69193345005866,5.87177700769345,5.26648051368676,3.84405123166255,6.50057468481057,6.46624079061054,5.56619499379867,7.93613032405182,4.07152703177638,7.69562366254623,3.67206232202141,5.33997888793396,4.6894988125479,5.27849682228098,7.901092972944,5.34594196992266,4.70779591923815,9.31722609275658,7.84214109337363,7.28955134939138,7.44026993628917,4.95469482398238,4.36988704481045,6.95811695267095,5.30591875842362
1,8.35087441957159,6.9833125237327,5.77873693902142,6.42168964909337,9.08191578795362,5.19487761193571,5.0725214555731,7.60707366153386,5.99554766572399,6.97683156087193,5.57689705673788,6.04124218930867,5.25515783861593,6.63539547994818,4.23113390382899,7.44007384409162,5.57901903488828,6.87848744317793,3.73004231654233,6.1588712000195,6.95794343600542,5.39633808060018,6.23523230875121,9.12081507726983,5.74211365525037,7.93759230731292,6.8343800277202,6.97663030334391,8.09216493641027,6.17407403744347,3.55225668584104,6.91001537242886,6.14969747554353,9.12075728609382,7.69973053588613,5.39532230444245,5.72466694195964,5.40263732443857,7.51977893273952,6.2586644274159,8.96031141984481,3.85864160438139,5.92246789433599,6.19727089699895,5.18970121565064,7.91063517799243,6.02524568503949,7.11405616614608,4.153087046385,4.56650465303315,6.97003605055161,6.58491783885536,7.22332444585265,5.89934385083032,6.30632921147291,4.16309515497174,5.2874023172306,7.70071298995457,5.81063547253825,5.80666433197971,8.66852733458928,5.16823564857277,4.85479931312982,5.38721628656763,5.04374435899864,7.33661581005918,5.23663052012723,6.47145960651139,5.60063695156213,5.55326451839532,5.72298708189306,9.54494797438126,6.36229598400198,8.05742415008833,5.40326146068728,4.57010561632346,6.53518543124871,6.21293399380894,6.07827231414779,6.96436000436978,4.99984438168028,4.92601965676846,5.49302824183034,5.08222766913789,4.9366425346559,6.38212505202762,7.07223392527827,5.78675949279603,7.80445860948873,4.30311229538317,7.95790961336157,4.61061537627128,4.65486040205862,6.42622688705802,5.02997727295043,8.10459237486484,4.86242441411287,4.05305175666011,9.67282707602104,7.91018464270537,7.8196615930771,7.3251164277289,5.05178073532291,5.59032460476315,7.39512749124816,4.65901254791112
8,7.33008307646771,7.52858905117562,5.92724026786672,6.16777717442898,8.65421282564119,5.02533194229473,5.10728897701903,7.07412803768773,5.64181350870506,5.40690837027404,5.09140257195482,5.59987939542769,5.38629827361934,6.36636326707608,4.12841000044004,6.54928938295488,5.65539580763945,7.26901533993678,4.21304406213675,5.0931650380273,5.05255298550131,5.1192895663051,5.08794225030818,9.54384179551253,5.92626364381252,7.90877549445051,5.89432419571333,8.70179841142791,7.05930698282307,5.49643163924267,4.38103781605872,8.28552940695563,5.40973247865372,9.06839586801754,6.20278318383072,6.65640566542961,5.66101599539157,5.62903876267283,6.78125796047858,6.74934550012641,7.86996665967713,6.56136567276957,6.3763264489526,6.48733047782447,5.58584059286231,8.45103724712037,6.22843436037928,7.54925514086228,4.58975793970937,5.90084762900402,6.22996204712876,6.07570001832515,7.14105731044648,6.31727546950909,6.00395262950297,5.1318575387024,4.71458966069416,7.64493794697413,7.03794163412338,6.01376745311902,9.04541089376544,5.24245023572245,5.56073460937429,4.92315813400323,5.33649310321207,7.77511765958072,6.97059957070706,6.03666924127298,5.59293269115763,5.54618746506255,5.49750671784709,9.38141788553966,5.91303279193219,8.60396397623472,4.08445344685529,5.31210246009381,6.37535048889708,7.31810782048796,5.38961050822902,6.72688076483326,5.58489434980656,6.6855134005746,5.27101692653476,4.15670078686997,4.25642239220404,7.58033560474045,7.41580557378257,5.10373713306918,8.49633051869206,4.57070197571495,7.7423006284782,4.35765819130594,5.20495699582857,5.61536511023706,4.61689578950839,8.70675446361346,4.43839564625438,2.60802047140789,9.17550895211174,7.80240178702331,7.96628332726203,7.67019036646645,5.10649341103698,5.65653133313634,7.19744360351912,6.70297611853601
1,8.36764209354952,7.49288085256562,5.71884359212165,6.30465658997803,9.01388162460039,5.33732201076194,4.84229449373535,7.49475785968186,5.99037157904565,5.58673685209277,4.98643720262388,4.57690160673218,6.23434878682882,6.40177601847038,4.45598824282143,7.11578174100199,6.09232440900826,6.18893897673573,5.23950605926689,5.5325767873719,7.13826724770435,6.17475140866025,6.30092415245225,9.35961061532386,5.67370918341428,8.01666761630107,6.89142458393123,8.54014076487884,8.1254610971085,5.20819190163929,4.04825687504681,7.87878767950145,5.48670764041171,9.63001593179489,7.35804092621465,6.72679472290686,6.2481752199514,5.99076129407531,7.3158319519572,6.6185001874733,8.82060653964774,5.86419956219049,6.31707117657789,6.62399489347588,5.97721646968949,8.01160110239514,6.66391054355887,7.39933706945489,2.94983600779529,4.91245183335237,6.4018032404153,6.88761126281316,6.92956292864888,5.79431827083886,5.71355282365492,4.9536341363205,3.91094816966468,7.09498803311654,6.20770365993734,5.99268222224746,8.92032414358948,4.61582113934495,4.95002375789653,4.70840445805476,5.89259481077743,7.34389047405852,5.70405764021153,5.16734108568369,5.47703941173942,5.47406718829556,5.84593040456271,9.17371794568822,5.88948397201546,8.58148451399459,3.14613644845738,5.19590803571766,6.52136714473477,6.55418126383753,5.88561226323889,7.02664617372995,5.08390210919139,5.16003474164547,5.1859951255868,3.47283944687864,3.37401892118175,6.95123145151988,6.95101922222174,5.47041450433482,7.99031370469169,4.82118530613847,8.29195989651149,5.85434639857779,4.88714065056548,4.30331844481546,4.63762063932529,8.54428705076397,4.68182467760681,2.11982248949601,9.24562334941423,7.99137900744943,7.6663253257175,7.49441703180668,5.00967037431531,5.43752841898881,7.43115964698926,4.17311735166554
5,7.77835048050792,7.10360700460922,5.89953250855638,6.22988876143047,8.77359861421416,5.28882261205122,4.78212292630581,7.09239887055997,6.2232039575509,5.03021469911906,6.26577355568918,5.36458209652158,8.2310638414139,6.82987438218176,5.82450487892189,6.85820053495391,5.46225491578471,6.94163010732046,5.372253214548,5.73706666938985,5.94872845464423,6.84788541188205,6.59153595966609,8.57836652106953,6.70751152638689,7.6968151148977,6.82645433050043,9.69752187094273,7.27788835848497,5.78702511341336,5.39458716365168,7.62707270069506,5.68889358861312,10.0234149232453,7.31470214565787,6.49444370256547,6.07191144651559,5.55738494679319,6.63012745460453,6.3247208318071,8.37847433167816,6.07033920964415,5.98476159404827,6.48597005118034,5.41559934695913,7.9031874245322,5.42869472614321,6.94683109939755,4.74214986469464,5.39361195025136,5.93233527192416,6.40685431461473,7.41455536231284,6.7548318648157,7.40973433636805,5.46151479377747,5.49979520687324,7.1544214523476,6.67064975506673,5.88856302642861,8.94863604769732,5.28178842069376,3.6894138274838,5.340208895623,4.74399489050234,7.91762079670291,5.81513613863066,6.54234356589002,5.54254338705396,5.46288378841001,5.69752826766655,9.8670885735461,6.4002104788078,8.2140689141833,4.00188201644661,5.24551729982579,6.18257321002955,5.61714499518988,6.02101431119211,6.17638703028859,6.25103351595569,5.6513375550463,6.07707995926462,5.06093415483234,4.45929829071771,6.77036696846626,6.64451224319422,5.28881723230222,7.82709473600142,4.56003978349201,8.24869471565484,5.53602244245778,4.22527103100117,7.50933892587037,4.14483510845189,8.21299208393711,5.48582979676912,6.13244266321103,9.27894853015565,7.98377728300582,7.1213772453667,7.62002010084035,5.25105862003261,5.09437811818856,6.89783127274763,6.14387240693671
3,8.28549773075958,7.78888573183908,5.66993011960785,6.32690715870062,8.90072830342021,5.28533298436818,5.24927914324181,7.19709274288149,6.18761147882512,5.00501932347715,5.64640105034003,3.99462299580711,7.01538997735729,6.5558765586336,5.12913401998665,7.70352623604833,5.88268090247242,6.96226881058622,4.5171182646061,5.79595059873807,6.99654983702332,5.67368421936969,5.61371354904455,8.5395488417955,6.26180132180269,8.15905652622581,6.99882278304277,8.41924847527484,8.36042268549056,6.47492689558,2.01158356209671,8.33871787149197,4.63886059582562,9.13407643091495,6.95006888691364,6.85720695624517,5.8870351830815,5.68862430566777,6.93672594552773,6.22830669843429,8.38152977455672,5.52089195483223,6.70603539221441,6.18069024741767,5.43328400964423,7.59744062819298,5.88212060978259,7.02151189484562,3.85381780370857,5.0108635256293,6.59765198761576,6.86112223571976,6.49412189981316,6.89048849654702,6.16230564253787,4.48172339331793,5.13156066089212,8.09614880117555,6.53673070247045,5.9233070189607,8.56244774076553,5.96335044602734,4.51478076960345,4.36668920303072,5.2409776524721,7.48307421329384,5.73149106329229,6.49717542659271,5.57786620456074,6.19485398799895,6.38296073169227,10.0525539953999,5.50231836913568,8.52488176607334,4.56239470872803,4.95905412362311,6.11222523612437,6.60088335160333,5.91309458730962,6.56635182462211,5.42804210379398,4.39523514015003,6.08479789079547,4.93067110877544,4.30985381461459,7.74241848614375,6.90270520120764,5.0913927956257,7.97706082446117,4.37933320291197,8.45798452658128,5.2086366189985,5.73679480449382,4.28723149803006,4.08486236375768,8.54148100919988,5.5440834827814,4.78106916378611,9.12770935961485,7.97139183969048,7.92556096285185,7.36111646109592,4.99667655638219,5.80556106877697,6.95816632743835,4.44998533145134
6,8.00680346365321,7.29923267926132,5.83108497200381,6.13107653880973,8.87633549173842,5.60537238805153,4.61309159078486,7.7410093791027,5.66811447074699,6.47701507444633,5.00877924787409,5.80902714798559,6.39458134870862,6.6273741005646,4.62511339816609,6.56997651262298,5.23965783894413,7.42595032840461,5.14915824301373,5.42854079083572,6.11531742419181,6.20671351301697,6.22645535297613,9.28071611797307,5.76154735835678,8.2670502085136,6.57885021683513,8.51526501161737,8.20664635240837,6.09642547899206,4.50898783379742,8.26635577385188,5.30781797970387,9.56958317837119,7.06612871837125,6.11467103168162,5.7723953657289,5.6990660012278,7.14034272656734,6.52833919158464,8.82560146299237,6.24791392995904,6.7364879725086,6.50297899715448,5.67603408226015,8.14140096044405,6.44735837607399,7.01906598066028,5.02760833278015,5.42030583697446,7.09513665900694,5.97736775550334,7.18269800158541,6.41231148953652,5.67748880690206,4.91044782468319,5.12509466946591,8.86958083312161,6.32851088234467,5.77355094971292,8.35029345715671,5.30291036930256,5.02505078419426,6.15474449575959,5.30103043014736,7.72073517966543,6.04813611516993,6.11103891925368,5.71262334320049,5.77103323318161,5.22958167879626,9.40711693025164,6.3257231452038,8.81825741840054,3.49283658576725,4.56529035769682,5.9044979515982,5.55237070096175,6.83243894069741,7.01815723892134,5.57638094095412,6.12086899327006,5.03151420173036,5.01647292740187,4.17822450270579,7.34838380194713,7.4535227462247,5.26758282046992,8.61624351090346,4.61243753994396,8.48300329669952,6.29651673396552,5.90787203079751,1.10038212201387,4.46829740837773,8.76954539070223,5.05438671399731,3.16514649770173,9.21878263126859,8.06285668194928,7.48813321584573,7.5984786101612,5.07853468604165,4.06584521867984,7.78087045016418,4.77754520076388
4,8.84291579565665,7.46963554047954,5.84060864313821,6.18747941583963,9.07941835557977,5.69098015976479,4.80993961432255,7.29304618239334,6.10103471414619,6.1707531242164,5.59229064660549,5.67341444940504,6.50690678574225,6.44490657881592,4.74941481509627,6.99737909475661,6.23451253608782,6.95696929285524,3.69617386329377,5.20239079760796,7.89326225428709,6.73758420936753,6.09075752835625,9.02811547158284,6.29486451370475,7.37389293894367,6.40737140532452,8.24276110921851,8.65746327826813,6.1825927074539,2.90726245871315,7.47845842212272,5.92729049219945,9.2262087783888,6.40156895935645,6.01367645936941,6.26558816713735,5.36020183052493,7.78514301763354,6.91195834485409,9.49945952765871,5.22774784677673,6.19924664282326,6.23406764157854,5.8075053570186,7.6599308025276,5.93713966078076,6.8307438586685,3.16772428512666,4.83728573220148,6.43850985154159,6.86999684148003,6.93936391567687,6.43591247943745,6.66903949930717,5.03876645555146,4.79323300380509,6.78874606334918,6.20162441827058,5.99870435730704,8.73868538228862,5.57658379765131,4.99672270277913,4.83856225085576,6.42836472833169,8.6734799804647,5.88115563386196,6.36919071163707,5.5782652319164,5.92161209742001,5.39352180787409,9.51976725944749,6.52616324936097,8.42528403950577,4.06201027423645,4.94173038928224,6.41729562773507,6.50393762484323,5.21353060392137,6.59441289649305,6.11318125088833,4.66433279151099,5.93160800049227,5.32187868979122,5.26695158876277,8.15066622636057,6.90535192419337,5.85809823365914,7.85514695281436,4.8486475317588,8.46743266738109,3.81662016030671,4.34408290166529,7.811507147726,4.29695616350241,7.7579894194154,5.19076374788833,4.80050471677067,9.61606710724908,8.11573007743964,7.60327774672012,7.54764738789539,5.39286848712578,4.78461789591557,6.60851611093115,3.54633376691259
8,8.54167086595151,7.50197723802611,5.72611138923693,6.17325859050317,8.94477627905052,5.89310225178134,5.19794586784613,8.08231812538714,5.85982726827124,6.02761689710944,5.81252662701221,5.49271352819884,6.67297148186685,6.44535423140983,4.94090999215599,7.14316006322754,5.93247889328319,7.13261184807991,4.49579111351657,6.03750961301389,7.3482956742075,6.16517888271271,6.45908269092309,9.03330245563662,6.12053426656773,7.87299733390676,7.6251917272264,9.14950234600387,8.18456240358154,6.2970091086415,3.47928504125839,8.21056571891305,6.05325733512081,9.61394983417093,6.97532760427782,5.92112238362732,6.29646409260803,5.8590524680821,6.563218525553,6.60722282490497,9.1409688982449,5.64093687561627,6.65525353366603,6.29011844058904,5.20371590145286,8.00720342379272,5.99096759129096,6.62579090277325,5.1614705929758,5.53034598954173,7.19423197421562,5.84725818987915,7.05911928696691,6.37308305354519,6.50049489041727,4.55481909748802,4.66683307421329,7.81168546454941,6.76816764038115,6.07910610603781,8.48339791685908,5.4642409917555,4.62645085138124,5.44511296785304,5.5684521956693,7.7887316430683,6.09200966154686,5.99985947976907,5.57464197212724,5.63040306613171,5.76836636776311,8.64455776742435,6.36319256400439,8.76815899489242,4.10419948399227,4.24264512730185,5.93762379279211,6.70861682773267,5.83166683942045,6.56375024368005,4.86985849356284,5.74420788892954,5.70429885264848,4.79096139748191,3.97880984463016,6.77841773911917,7.28410281628581,5.27717305930261,8.40756823993338,4.23142664835497,7.73757844509328,5.61246979407269,5.02911663256726,5.81922704865431,4.83009519033748,8.34607117634899,5.16663744794347,3.73317795813106,9.31086998570117,7.87054230076562,7.07508973176761,7.52411669833433,5.11821438274948,4.98593285609071,6.83218233063483,4.62580676502294
0,8.48476291764872,7.68121220804933,6.05734808409766,6.42956839184008,8.89183910198296,4.90858269582674,5.1806451032402,7.94525146192576,6.0826556695622,6.12954750008819,5.53068540986603,5.2981258217279,7.96826364730409,6.02735528764596,5.13179220533255,6.79171143310466,5.29552769704712,7.10773462579875,4.48755587291697,5.4656162832823,7.34826830800571,5.95567460624356,5.76250827150395,8.77936400108946,6.16057622217735,8.19636896374918,7.36971126612159,9.27573180178832,8.68475350293129,5.39014175659578,3.5165456673455,7.16808708281742,5.25282058222495,9.68018839638877,5.97382971820348,5.8147418306691,5.3565401101936,5.46856811076703,7.22949036220256,6.52091740395729,8.79356226307737,6.18026422634155,5.82876543137418,6.24606137015855,5.77118928477026,7.71328623428033,5.15365821094079,6.83047619144396,7.84205460197799,5.03345157413602,7.04933267416447,7.00397107138853,6.92513356639633,7.45886429203344,6.87670158584059,4.62032312702402,4.53548234103385,7.03980810302157,6.35513684359747,6.07649410733147,8.38607402321464,5.45298123820096,4.64317211829001,5.19099829591339,4.36133344964938,8.17343372610959,5.76267616608157,6.62173738268187,5.89811956198038,6.07414659942059,5.73020415714837,8.99097697561736,6.75452258690829,8.23324212570976,3.38025228030877,5.27383045468129,5.90622076701608,6.78423953361901,5.36976990441683,6.90626151437933,5.46490347391167,6.24156059692943,5.72941551624678,3.91043336525668,4.89509524088448,7.30143747930374,6.94304399521561,5.01710985426293,7.74353695163126,4.77687091398955,8.0542377944984,5.4660842993202,4.75690290793172,4.59441836654077,5.51811365052332,8.63260695009123,5.2986018137134,4.51365548705199,9.19332051970774,7.53873224903989,7.73143014902662,7.52275563494886,5.12506818391731,5.68702764719079,6.95568774166687,5.44758880010467
4,7.90490682331465,7.70816282503674,5.48280631186288,6.46521886466939,8.47495136762192,6.15724976233875,4.54154954821005,7.19598224346444,6.27442754352802,5.80312113837841,5.46006564327047,4.79410945101208,7.22576216090571,6.49794260031235,4.86890318058124,7.38773862628601,6.13965201197613,6.84524531263288,4.18887011841795,5.11239581408534,6.53265897550069,5.46278823151026,5.873340174275,8.8463153173344,6.14375222601388,8.47460288646449,6.38174029682586,9.68317182821836,7.83442201857354,5.64523611740919,3.60277954644247,8.58639720097983,5.14910847530641,9.60170300383612,6.64984235232783,5.80852425965052,6.44022662522084,5.61823738177902,7.33334087574867,6.59278246224227,8.73533068297631,6.32806187317003,7.13938077999951,6.52689640448034,5.47702494171808,8.47751801584925,5.92334495450541,7.02045920076169,4.58579007889646,5.77270396052504,6.64909758920883,7.30832143775246,6.83597293539376,8.22339457791843,6.75147892974899,4.64791509876079,5.07513740475809,7.26114337392697,6.54841603888537,5.97979398505232,8.17136885653315,5.52426552645119,4.9215717083833,5.14256156074157,6.403077628462,7.72938161714492,5.71260251669653,4.93947841979267,5.31637836205957,5.65193349640825,6.24715434996328,9.42055580963173,5.69927305588713,9.14102103201061,4.40780285245044,4.60284034696374,6.55431412134061,6.26510486830152,5.40017029220756,7.1369988620982,6.71943100275262,5.61631836734997,5.92940491840082,4.34402638917117,4.06378987249125,7.59692959817055,7.6634877595592,5.23136568894368,9.04961592710857,4.36037273213009,8.53892055009882,4.11371778818215,6.17529943666597,4.18185300102796,4.71309117086942,7.98220623479684,5.00730473564663,4.2546664531941,9.29959752039922,7.67675434567464,7.75255103356341,7.62857203276371,4.6902143001931,5.87704958891779,7.17751302170939,5.09381556779252
1,7.91735873690412,7.15227399589875,6.03104090125783,6.12233644798037,8.86292418696142,5.06499416538629,5.08560638345201,8.315289833458,5.17115220600866,4.99229379812788,5.14365866196754,5.53988953285403,6.23765929736338,5.97934030281043,5.09758559886928,7.42308806968355,5.76088343699871,7.04357502451221,4.57226825251849,5.07595577961197,6.23895389958685,6.10197741769138,6.10506236208498,8.94206734242855,5.56888776625268,7.03604639182229,6.57556927813835,7.06717221740412,7.9092764323859,5.76143451069703,3.74041161784335,7.07013904017527,5.16065872789372,9.84116004175474,6.89191133621779,5.26937786205288,5.29180620888623,5.16575885487081,7.15439686594712,6.54243530728992,8.35877661486543,3.88111130575922,6.57816961566979,6.43405393903665,5.44842880778547,7.72472738230197,6.7551259149537,6.85437627703946,4.59736055261587,5.0154122165595,6.48296644245972,6.27506123913883,7.12723372938697,6.4176689639173,6.42935293994273,4.86210599624935,4.80211762329669,7.26637902053337,6.16145103807907,5.65626897460281,8.96729945027828,5.85652697206853,4.45098078184191,5.40597423374817,6.06828962443023,7.86886362431691,4.91695708376244,6.38193591821333,5.59344344204854,5.93375903943832,5.85004125074096,9.12530577969004,6.13022896222705,8.94386438171202,4.18526952159894,5.62139852002633,6.33697132831335,6.57163987088333,6.60750156741046,6.31729803828307,4.6328131935493,5.29006998855655,5.32107695591414,4.19455326638629,4.47207199431163,7.42652119817192,7.19916739717876,6.08441406289893,7.80303118516228,4.49040282678461,8.22206254276101,6.84177705380283,4.91511578840775,2.20710040928401,4.99808221460847,7.66935725221986,5.05249034257897,2.9799471114745,9.93641585419832,8.22395943720101,6.94248179869125,7.45617434927826,5.1969268529922,5.98008993762026,7.12106614728712,4.08991142696082
3,7.87279378333223,7.78782591291719,4.99584693078948,6.36658032582778,8.98865526721821,5.54690940904656,4.39473563187711,7.28980087115568,5.35036447432609,5.51650911624555,5.50834373200125,4.316522870396,7.74283688572384,6.46000499908122,4.38427640828293,6.60520935502116,5.49519709254676,6.93150307444253,5.19678678282414,4.94168377558172,6.31266794801194,6.01901836984434,5.81452370246322,9.40135683724197,5.89054430166761,8.80702671548739,6.38818566682185,9.05320395195019,7.62950944994904,5.95981712282344,5.58856067742698,8.94407602176733,5.73504507381017,9.4367908292688,7.11292702731235,6.21634940106196,5.22672924159184,5.76143532142945,6.5043758555108,6.3730631713109,8.54157399307911,6.9057937333705,6.64163025038594,6.24108692953896,5.45821398553337,9.04377976363137,6.20470870397539,6.36300412241233,4.78013003052382,5.83981823319798,6.13006361880029,7.27060856165496,7.24279426576571,7.10054547428391,6.41940085827836,5.01335306002659,4.37840526897709,7.92284232234287,6.13658110726444,5.84960827953523,8.75876937221579,5.26845472909652,5.05563537255858,5.27470406357756,5.30919206331781,7.77277561260724,5.51523299606167,6.17673394929394,4.77474098474632,5.23689632822506,5.45652211948877,9.13247900550549,5.09960742115689,8.72026032041719,3.59738762563719,5.18407186114529,6.22835945132873,6.54065343557812,5.69855726736339,7.32730333449298,5.60117549985897,7.74235636486488,5.20724587867122,6.4239380237708,4.42256031120496,7.48677357554155,7.91981110176458,4.81899798592258,8.914401648206,4.67352750859042,8.64328892120228,5.32274626029586,4.69384283231623,4.51420897871049,5.12819581578586,8.75195986071444,4.61870634493447,3.05895374304451,9.06271049566381,8.00580469095699,7.99187285609024,7.81779930356869,5.01955049426618,5.1119304513304,7.04340037416114,5.00709786719555
0,7.79981393084908,7.97662908496405,5.47862948325198,5.99634618300206,8.87590314178482,4.53579838542891,4.38234511768588,7.2715535399118,5.92504877469808,5.61673277618403,5.58573887906566,4.5949319286351,6.39388853951294,5.59463205184881,5.18502315811242,7.17248517884372,4.56446086607986,6.85851734416429,4.52780941627327,5.55452694041595,6.20095456277264,6.0247615476722,5.95734906891886,8.86577335762641,5.82730169915258,7.84734196957346,6.8821013196506,7.47558265020218,7.2354006914908,6.09849602881553,2.84659635476327,6.93594824586837,5.19930500056263,9.71747636393781,6.88646123815924,6.30690450509428,5.92440041907324,6.16445830479771,7.81308087320361,6.39347678383209,8.36562875540816,4.59649737023517,5.70443473178357,6.16628880739041,6.09713277406666,7.86057933318524,5.83683955598779,7.27573760356414,3.23619016584111,4.13682038599683,6.54425336413416,6.09391339478733,6.78546601143611,6.87746518474883,6.63222864840876,5.07662515183572,4.95979653759145,7.59647106218448,6.61919920819531,5.8636851964929,8.2349317577033,5.00652004989724,4.57968585378225,5.27852884687451,5.2483449991497,7.91538027793748,5.15590853621719,5.88907974697031,5.30373044690357,5.64141855801804,5.81213553163457,9.39650840535959,6.92186285285586,7.99838435677435,3.35912222752907,5.07462717720816,6.17342882170166,6.81806684896197,6.64781921978445,6.1979307963965,5.69068660147664,3.86878613602259,5.43774324283624,4.62433327933259,3.98617940126471,6.76840863232468,6.61518212123613,5.89347530130069,6.75787617870033,4.68002134605827,8.12656619684957,4.24847222945486,5.16586314272038,2.28044208337518,5.72981685284511,7.60489913262924,5.22683906326616,4.19681176834837,9.6216500620647,7.08612969421056,7.66955171844081,7.58647104359037,4.49336526129949,5.25329634335754,7.71755902862074,5.05661892773389
7,8.32345287501886,7.5425525316004,5.44430791481959,6.32088652735476,9.23558708868334,6.20836012808284,5.23597735156072,7.48054508956862,5.89127540227224,7.29459143607236,5.68211206598384,4.6752619042538,6.33447118602949,6.3136937171099,3.78251355899196,6.91766465498447,5.58405260009625,6.80829293635703,3.86484334196367,5.49933318458118,7.45765712412071,5.44460115859863,6.01250468593524,8.98554436829238,6.29669551856294,8.29091910316551,7.12044933442633,7.25836818458318,8.43997759537823,5.61366419374433,6.10649162405695,8.59780378018937,5.45578980978974,9.93218494425058,6.91756451010895,6.2362825791599,5.9613752145059,5.58457715720716,6.95615986235887,6.55154526093475,8.35379631496235,4.57765358796414,6.87057582876504,6.00517631195255,5.82968642042188,8.31781189834899,6.04778832821641,6.43181369752028,5.71413519003497,5.41277183519412,6.62312619435153,6.95439287090223,7.51078905365587,6.66920810408649,6.79342957403298,4.50391634517243,5.00195603716236,7.26538530199208,6.50135550919124,5.59893005537583,8.3055068206531,5.35790780181422,5.63768969112284,5.17821939329076,5.09455238286163,8.14257787513451,6.18689407702414,6.49694040771476,5.36328931659826,5.83851837368271,5.35257236653707,9.86178957958333,6.09420619103522,9.45495572981319,3.49500513383865,5.14306534435467,6.28835768843474,6.89271759267747,6.48193796844553,6.53431698371642,5.78907326932725,6.81718697963357,5.56186251982205,4.10813800791943,5.19542103096524,7.25374256371954,7.54237272480378,5.45433934558328,8.85219941955841,4.7827243917191,7.91495824894915,4.33260314313393,5.4699136372947,6.49748227227042,5.1452137343754,8.36386492169201,4.93947605039251,4.68311792497204,9.52264300098441,8.21907299189423,8.01809656317991,7.67224850787721,4.75195553210303,4.9995929072038,6.67203539919642,5.17296970898971
7,8.4659262121717,7.45208898058998,5.61626081660307,6.1983701915902,8.57932631357053,5.93843203885712,4.79181773103015,6.93458599495388,6.05955538712426,5.88267801788617,5.50140406476188,6.10953177046523,6.43972167404644,6.24318825234461,4.61588646975665,6.70477179866134,5.55799811694638,6.70395072195395,4.76341526582959,4.96645134334758,7.34581177809084,6.82948379235967,5.85659166329574,9.27441812759628,5.99669706143851,8.16791335709432,7.40360383247691,9.35465856872883,8.78835090392033,6.12488268601178,5.1068251606418,8.26096082263414,5.72113422236041,8.65319461579009,6.62326339445413,6.20115345787631,5.70110601769143,5.82318622225817,7.40778224187419,6.48218048174627,8.9328097708551,6.03329122711287,6.27282116307764,6.3176519174817,5.74281466712115,8.07107319577156,6.08266562134551,6.65092980955883,5.45113396515123,5.58419437285245,6.84216713282923,6.31117404855225,7.06870923292996,6.67933416832546,6.77928025045534,4.84787581304747,4.5604211725622,7.95014942710434,6.64255945416531,6.03911816805719,8.51898129497251,5.32743888702962,5.02149478016328,5.22703968203648,5.2538135168262,7.62557823821927,5.35970842658887,6.22355812268635,5.57491617154266,5.96466368959784,5.72477030298375,8.74821721075762,6.67199381068788,8.69286961686922,2.94852604247962,5.10974769014196,5.68903886341512,7.03368321593931,6.3044838506712,6.87542384659959,4.98018823381323,5.45386427029432,5.15673737131676,4.02221048478197,4.61049580174844,6.9864708029137,7.04134016349833,5.29984480201549,7.73692465587169,4.72210747722829,7.72614011501013,4.34535534020231,4.78024008418322,2.16930212951036,4.98258544923742,8.49277386384746,4.99065567138698,3.33156787433919,9.32968482585127,7.86730715223761,7.24430090429625,7.71979923044359,5.13906398835398,6.45663627970142,6.88507516267064,4.51024231057649
7,7.4822306235652,7.6985625179084,5.8089476884561,6.01928963944769,8.88689524804816,5.57306431097679,5.10013163194194,7.0833256331462,6.07265778630931,4.60641800918372,5.24416173903417,5.74536179125031,7.00069226463098,6.48299132244967,4.50646730025928,6.97081834228693,5.56891847630638,6.61947019094406,4.76173227152504,5.69243607795825,5.58877041975573,6.34689436062526,5.93459252488042,9.10045167924525,5.58873644830252,7.53396853167514,6.18843825904547,6.63479656690999,7.21725560039869,6.10455588301857,3.27986043116417,8.02257048683506,5.44057241864556,8.9602861039466,7.1302344353195,6.55849293987148,6.57363597172137,4.8973839724333,6.91695942358014,6.81989156956028,7.71019089459958,4.36763519002993,6.57303431670089,6.24618209849425,5.69235798562308,8.06140518514573,6.43265117964898,7.27656958339866,4.84497050949513,5.09233809394113,6.64198308730062,5.81896378906561,7.01596472058648,5.89290032964853,6.35133806687812,5.09603590353385,4.94360792319045,7.32166318504819,6.45837780286405,5.86994736466463,8.23934058898137,5.75049192811943,4.67643507274596,5.68464771406829,5.72167500550457,7.50455363926224,5.90300723628944,5.81219995599954,5.34368477738715,5.82015322321852,5.74546102032203,9.16679859209438,6.15542558040086,8.64873049112889,4.20471276542216,4.95264699555265,6.03446894333623,6.47493617070978,6.17330967978028,6.69096023119457,5.25155666935328,5.10882569103621,5.52434331643432,4.34460073569971,4.33251199209947,7.53227510521552,7.32734331551017,5.80597457742999,8.08063767720247,4.8123098546626,8.04839499931332,5.48459588374587,5.1582406721002,1.86014121254371,4.62784236342989,8.48297432788295,4.80020787001345,3.47773446777294,9.54827713544475,7.87721939320411,7.1882266650796,7.57974473169524,5.04926799062506,4.14250843860596,7.2785426096412,4.74002374724682
5,8.80944369409163,7.11394229403919,5.75898935730405,6.3952864855089,8.51184765372927,5.52732886989864,4.64970168399009,8.01180273911437,5.98053589038629,5.49865164232244,5.57457488720428,5.62065823937735,6.83898762737759,6.16749130233773,4.98335992409576,5.94407714944391,5.80462919160786,6.99301249530152,4.02162277991074,4.58750054826943,7.90587440078465,6.68103343240741,5.59143421670544,8.96115278059695,6.14620665784938,7.75148529140809,6.54584721285941,8.18173591303138,9.26788208972481,6.59806016947571,3.05722389352692,8.04870184130727,5.62549270283927,8.61380438531402,6.051004893496,6.32836244168949,5.75263152493019,4.87104634381006,7.09867400538514,6.67850556242948,9.24452083720255,5.01471216398295,6.53835896869438,6.36761606180486,6.11748029756933,7.9717542745131,5.70416227021289,6.97607694986572,3.99674322788814,5.14167364596619,6.37282052866219,6.77726404424243,7.00940911698651,7.7674371735761,6.91369388987576,5.48449173095359,5.2692687434548,7.63932409710622,6.84366249742752,5.88387835231026,9.05706051282762,5.18899464824783,4.66610681243147,5.6912830433493,6.03993177077446,7.91698279192195,6.7707320740554,6.09079760876436,5.55006677442451,5.10936037914524,6.23439811765034,8.95877076847774,5.92421149606273,8.29844262457948,3.19311135698404,5.20342505709253,6.13052846618914,6.07157568306122,5.4357698725716,6.77792897738342,5.1400835997661,6.25287903047851,5.72199713942926,4.4635213683802,4.64800173319605,8.310106123834,7.43115122453676,5.67222279903742,8.1367471300227,5.31620077978212,7.8261279980649,5.32799173720358,4.43922308365338,-1.32322958968261,5.2396316169823,8.29754672049037,5.27402852889304,5.16443432753006,9.45187851897508,7.80249333078957,6.81984198226042,7.79693697470864,5.05837795811157,4.24584712889099,7.26838412882532,5.00741455894955
5,8.20025056515745,7.01927050305972,5.23292819204901,6.32059635569258,9.00296088219336,5.70984617767226,4.91201994306246,7.28444498027766,5.97438816299073,6.02727379941106,5.06925653760468,5.18848363175607,5.51310786557737,6.24621071568213,4.25472199079095,6.80448706502097,5.72131588996118,6.69227699119469,3.63568921615528,5.28483877419995,6.38099185403746,5.65461676666455,5.92091112304375,9.30826205675324,5.56368227339547,8.45939776060159,5.60881266390446,8.99247058015995,8.22636225688158,5.49867643260435,4.61252014344501,8.56029255014483,5.82884273569964,9.99002983506394,6.88942851339793,5.69477437293994,5.82963145807322,5.87892565267439,7.13435693138085,6.54133148728806,8.63193711702289,6.1957386049099,6.76903053107356,6.10310965265485,5.72687562630506,8.61197038812231,6.30491849162085,7.19219405775638,5.00376629252248,5.93039106187624,6.98532110451937,6.96975666851212,7.12551478620627,6.9350055823535,6.39723337565944,5.38325887757207,4.16704322212546,7.81293810217591,5.80023797395577,5.68502426628886,8.49415210564291,5.09277493363434,5.19429741704787,5.37594569261073,6.0618843696231,7.54568846669821,5.08640552188764,6.64355571810549,5.11648147970887,5.80439612462403,6.12467967588243,8.67567112276722,4.93061099751973,8.8509863265203,3.810724048425,5.15110548815076,5.57050067389957,6.86566758904501,4.81731612804195,6.93561574880937,5.02527926652871,6.04451763640924,5.24884090844077,5.45868505011501,4.98278592479182,7.12733019255326,7.42330316144546,5.48199106275591,9.16464640884286,4.76597483600186,8.35294662624185,4.84421741921246,4.97169060831223,6.34492615001701,5.26768223291943,8.0227506479068,4.69208612124814,2.20734194706592,9.55634223071178,8.11446988031253,7.91056653859043,7.73234818040997,5.16705315370716,5.01515431685701,7.13316524153506,4.80694541363617
8,8.34483180348365,7.64168093399587,5.55953985597128,6.07714383219256,9.02048347955649,5.91857295358565,5.14754761375433,7.87204446979618,5.89240564784474,4.62448750258165,5.35803398967305,5.52008200149628,6.47958961608953,6.11148307848097,4.13418443300276,6.42137709472743,5.7934748037547,6.34270502936008,4.01077236182175,4.87318635084669,6.92053490536877,6.08664332466134,5.72279202434145,9.23850624749104,5.85992338472937,8.24911208158118,6.97541024616801,8.9714332171415,8.11760693632202,5.55840719531838,5.70209985756715,8.8301244134572,5.15740507943916,9.12539472058589,7.15505234540226,5.94339991490301,6.47768344713775,5.65283050553949,7.68834587922187,6.26143200509322,8.53844084034879,6.01853342346609,6.95097165231054,6.54837481106969,5.96996041388446,8.23962754114333,5.91626022987711,7.17567325819906,5.22770660562581,5.83236607678012,6.68339244220574,5.7554178245063,7.31162982738859,6.55426738303681,6.5786442688978,4.81130455652976,5.10907881901162,7.51882609525451,6.39115102869072,6.02226193760945,9.00288042890718,5.05716453729242,4.77605655055578,5.51526176600078,5.98061901200807,7.56010351072639,6.08752600605759,5.84304218925961,5.47961681118848,5.49738133203241,6.10292340782282,9.09671945952389,5.69761666964389,9.50970233722407,3.28047484867502,4.41762438377199,5.89946821447389,7.05997441062602,6.68984071768243,7.38041402858155,5.7972595488421,6.4960962636164,5.44950167868921,5.9456164440736,4.16762368458661,7.4599587036556,7.36839361862181,5.32401459445035,8.43227750721916,5.08033150447693,7.84010584725471,3.95833885367984,5.77503819606415,3.85680660754367,4.65925315585829,8.35849465216786,4.72751147753476,3.70517463614003,9.44275160003041,8.10248764225378,7.47281890032512,7.50659215226891,4.84943773502674,6.05598420710861,7.33639608587493,5.61189062550716
2,8.76926369713905,7.2677539590502,5.74957258677084,6.44944318923049,9.16037757198235,6.36209050116674,4.48098228199329,7.68768296115585,6.34254162543948,5.30954855198045,5.86644011712849,4.02495865877286,7.55408729140366,6.55054831315253,5.20517859799584,7.07145251031352,6.1589819410988,6.83651248001101,4.37360224711972,5.09767831785662,7.3307091824266,7.47971164552583,5.80544356065431,8.58799219882674,6.50542756697097,7.91483146656273,6.42614997188342,8.9869308677191,8.33116410532464,6.19623655351268,3.72633310506923,9.12625501742395,5.18610884111378,9.49823748617396,6.97774478543466,6.68618659052192,5.85650081911811,5.75790981783211,6.84670576950287,6.57252961631111,8.9186601422363,6.51266582608547,7.47791274889896,6.43322658476963,5.77652510414092,8.31890909642297,5.78653974385493,6.61179478303584,3.36073989035183,5.65213649386638,6.2931084492175,7.89301749892478,6.71523517328923,8.3404590123854,6.91349506494988,4.94739218643087,5.31104491673453,7.34144266043665,6.57053075172066,5.55077571743272,8.77470227024458,5.02230179939519,4.00919936020882,5.5371985441926,5.18127556470221,8.15810266721826,5.1853648946987,5.36814185561528,5.74234963192448,5.78965476618501,5.91748790385735,8.71113021503432,4.87368134723693,9.34013684367734,3.76427184110457,4.65722678086582,6.07808210257623,6.52925986166987,5.83439240353778,6.5129832339045,5.40508426193231,6.21597188319991,6.11196087536826,4.10101476297397,3.84705061328179,7.22059424209925,7.96266738137752,5.60701401586863,8.83668491294285,4.68634975960001,7.70522428439686,6.04524779563422,6.10226500979637,9.41328260328877,5.28932855767562,8.35579110871759,5.71792100078389,5.03512699943084,9.20480283594023,7.93684873965569,7.29671676537469,7.8912009125098,4.53366879395694,5.13021543435975,6.9724761791041,5.20092709553531
5,7.08727313894994,6.82246673550102,6.0373011860324,6.43097533495701,8.74686419633874,5.33574982108357,4.55500396100478,7.98559418839936,6.0260421483343,5.42802039231791,5.69470120286335,5.51565147569535,6.70645241216931,6.32804997067669,5.24777246248172,6.60659805702568,5.49670583233513,6.81468149974765,4.30061317621941,5.06956665110285,5.06806324530441,5.12112659336573,6.03224747515327,9.0269262562247,6.15598060116235,7.83381096122991,6.90267742482476,9.21964533054677,6.62692032044943,6.16510057026989,2.42688997936287,7.50474026205819,5.30384009869666,8.94016119867977,6.80588530629469,5.27808211128697,6.25250170841304,5.86196852109686,7.75294406862979,6.44100490486139,7.75773923274463,6.15944261099802,6.49878201541163,6.22958778938538,5.71883828654865,7.5146194328333,6.0726546286565,7.75174772692414,6.00634422273291,5.40105758485381,6.80591754822759,6.99428345986831,6.78704874657495,6.2804060059827,5.92469509015851,4.77814657028809,4.79760014012089,7.10005893118017,6.39964100757783,6.092242486275,8.89193829352125,5.13241586400247,4.96598068863996,5.29868829476006,5.9244165112726,7.89637980432561,6.44590616159797,6.28830553067211,5.87306406716736,5.50631670987916,6.25554062787816,9.39344497912949,6.85899607522895,8.82136089626419,3.96400743909153,4.24163810455479,6.20969402159141,6.04427522067637,6.80628745186893,6.99440799891648,5.64468466863821,4.44628992914951,5.60680503335531,3.82268854591974,4.56702236891277,6.45097269224676,6.86060349875195,5.05521274314809,8.45330001602445,4.90770571537031,7.82849049556398,6.02002034152397,5.95546011129207,7.26280810555554,4.70549323286429,8.59618987001867,5.16743382194357,4.32995135564451,9.16029382488982,8.08734878189121,7.5515524728026,7.59753961926783,4.66770468262084,4.57413259228782,7.10935844918588,4.3156625539062
2,7.54174636320838,7.40175408115254,5.84377191171575,6.61207911822873,8.99630813154426,5.09940020673525,4.46674017423643,7.17468625131906,5.89061244011169,5.8763695944072,5.75653533882035,5.37566622236624,4.58082310324325,6.62933507289002,4.72286115869339,7.17720377275195,5.25989733215538,7.06583343524859,4.58098173496479,5.56775879457385,6.0776786740327,6.84956735113698,6.00845006259112,9.20112570028892,6.06059107201985,7.75321413839967,6.93799661662457,9.01124952288604,7.6699405441358,6.13941785396187,3.28262332849587,7.29900895601955,5.84822557439327,8.56816398713518,7.02194414248227,5.47920127301354,6.03472728636728,5.43498691265045,7.45459168925348,6.60325270954817,8.22040477150604,5.3672311670149,6.26451990163331,6.50406088068369,5.32154058059306,7.80581433560733,6.38060860067366,7.23050587269824,3.5748806443398,5.11075529410628,6.39707923451161,7.00921895883045,6.84577122098022,7.56558068581858,5.91159459148346,4.63838132756634,4.88994033310964,7.68841510878518,6.29845486009757,6.12468010231207,8.3227546429822,5.27720051819106,4.99531977538941,6.49456395371848,5.96642590683332,7.19602000460731,5.76969910028823,5.92513357865396,5.62873622837806,5.54184442965718,5.85316743572625,8.97518380306297,6.64228225533623,8.65911057538531,5.4603687305177,4.96225095847452,6.16022286947052,7.05236496765048,6.14408043525326,6.81710852488096,6.8892036393009,6.13615068707028,5.49258601673712,5.20595212366418,4.25170851093122,7.18861690178032,7.23963915834266,5.50371521640618,8.07412861229886,4.42468941150302,8.38860172223414,6.8208467896767,5.02019510225491,5.89077018361488,5.30747878602368,8.04041393680293,5.00590045835895,4.56778740353051,9.42742759502174,7.43125775296503,7.37844174547774,7.55919705671846,4.91312914512619,5.08970767569053,7.22654392350113,4.97746658025563
6,7.74479697690554,7.42640867576175,5.97792392806972,6.2103692359649,9.23443683576306,5.99149415727292,4.89370835244594,7.24585692655693,5.9501188094496,6.85711927704507,5.62827036963411,4.31983458184471,6.5469277808505,6.20166472440394,4.67292302733068,6.1066633292678,5.706181919136,6.76993095422837,5.75957019316281,5.74163521573558,5.73977146676717,6.1102325643252,6.46540571784484,9.09145575164102,6.18595258155989,8.39913014006562,6.84562761364126,9.96781635844821,7.58609026583794,5.90458847296071,3.73214459527698,8.38173051642137,6.03149863050471,8.9374603464341,6.37964601605291,5.68746839808085,6.99757078410821,5.38562539700767,7.13285567068028,6.23306036590208,8.39821133164142,6.41881541093682,6.58573330765924,6.33594287338842,6.25970611890738,8.4579776384483,5.31858108092674,7.91002430759792,4.34126001799843,5.31280105222428,6.31292522258621,6.47859962032035,6.91801258594333,6.97848316844523,6.645592190033,5.20433803599179,5.61126099748429,7.64088104072222,5.8935797535897,6.20982246684003,8.65753528901981,5.14638579369277,4.35444101883342,6.12381453706761,4.58399437926374,8.5200411543598,5.64129220588163,6.58631905461583,5.72863792755417,5.30984732802171,6.55198540220391,8.85759364552197,6.78001356677966,8.62520530415472,2.53750511544944,4.83262181933951,6.45280111166273,5.81316624768518,5.99789736443031,6.42723623148907,5.83218933631059,5.8748381507155,5.83373458435762,4.98028307677237,4.58372697504627,7.34675200526955,7.22997595277413,4.83061648202534,8.56410348196056,5.06339956019349,8.04735928414765,6.59555894470522,5.36702904178817,5.76526708740856,4.99810005984054,8.95945175662755,5.0678091673985,4.91225761121622,9.26803248781687,7.93906613528259,7.62918426437666,7.74746751062445,5.10033117976162,4.59951282371049,6.93569118794262,5.06287772035895
9,7.58450129293124,7.72499910883905,5.69997421951657,6.0387470393886,8.82511474873966,5.37166129280005,4.68220892880671,7.16347053293474,5.84280944560209,5.32286642969738,5.7399039691011,5.3215262745951,7.16569751750158,6.6943981895868,4.86179747495617,6.50180735128488,5.18286640075267,6.96850623395201,3.45490454331049,5.65101511545782,5.83154642603649,6.3001097947725,6.13026233255106,8.81317730260906,6.22587050231793,7.9201273400799,6.84491182468907,8.49216906836831,7.90738429941179,6.40497045259444,4.16022464398886,8.37228402507132,5.85262824102266,9.8246727899777,6.74340014893729,5.71977565898471,5.38554960868495,5.39693086809928,7.41065080501807,6.50845500665002,7.84976579526388,5.52694131057488,6.68271959732818,6.26860875474044,5.5659575837549,8.03064109984392,5.87343788076351,6.71069564521554,5.77426010746599,5.94706585643916,6.89170809764578,6.39056009249562,7.10902112583925,6.77669036324065,7.17071788527646,4.76393941793197,4.55739503777016,6.98562443286339,6.47386975171955,5.76450747411185,8.25217109660218,5.30972758670148,4.97216889159638,5.56332443408107,4.53426478572993,7.85970850028753,6.8333044935851,5.66859951219905,5.62715283300735,5.67125062309988,5.69410775235522,9.32160189705436,6.21982358042165,9.56477084945073,4.66820209796456,4.77705646297657,6.20581491524383,6.7046056105113,6.54038145049345,6.70592522448466,5.29034979924457,5.52308890710762,5.24495376918538,5.47846377581288,4.41019454934039,6.53921289742573,7.40393370998035,5.56727216366974,8.84620236954886,4.784318361837,8.40931062343274,5.51577351275234,5.41840496992699,1.184743170545,4.32496828280352,8.09885233996749,5.12868815775847,3.3074134796098,9.43893805913203,8.31663404350505,7.77051645131291,7.53041158050621,4.99887624354118,5.52682276606563,6.60875408462278,5.46493467690352
3,8.22270628128714,7.31181650566865,5.69058793141842,6.53666609687298,8.83282415035728,5.48823999752661,4.72010860875496,7.37611161582002,6.04246019292353,5.70344742264874,5.62995990357052,4.52318654156324,8.39539050788147,5.93775313826024,4.71185022408185,6.30640651662422,5.14054652849255,7.01407455406006,2.86482266497747,5.36251605975323,6.86549065048741,6.04748687128155,5.21553048169942,8.78092552091346,5.59988481300237,7.99644325600421,6.79098406942151,7.36254969454064,8.27210294968661,6.47254705553004,2.87233440667714,8.56350106766847,5.61712487643712,9.50242394497121,6.83713067053559,5.14154209909183,5.89252997185713,6.08352381939032,7.23741417975656,6.48499976941518,8.74289795827568,4.2600260219019,6.93291695865723,6.25079699389215,5.89685548569344,7.61587465925834,5.84064051361673,6.68862119739194,4.94144341754198,5.23418185279652,7.2502192451571,7.51392646272195,6.94901547262585,6.99333013742992,7.55029469522188,5.48077053894856,5.05036884242484,6.68880163154471,6.79306048954456,6.00275287744939,8.45316288556526,5.77759464643037,4.62233283014456,5.51520388319539,5.19840420799715,8.49381299316502,5.0242359319953,6.23200301092173,5.51774424563519,5.78760559321444,6.26598351747293,10.1134177254992,5.38425340464537,9.02552385340006,3.30493515187328,5.25426112574398,5.86700344469042,5.86624949264679,5.65734197198704,7.0909889144725,6.12048693056181,5.75074480586549,5.48646093062342,5.7751970837148,4.68098359411838,6.30565563165723,7.21421563756294,5.40976565190906,8.36185200505415,5.10375647216368,8.15506601102285,4.95718845842922,6.1639779285633,4.06863150348854,5.25104380573306,8.45065781970438,4.77271873897186,3.55924146272237,9.4876786410679,7.82266126180488,8.35531566504135,7.71049698357588,4.64568305515609,4.8181187873565,7.05453689052423,4.87440472149427
5,7.89054382933492,7.61369975770101,5.87428676044217,6.52475195378833,8.95713340906966,5.2681696902345,4.7357830266282,7.5158605502811,5.46846138092298,5.07757339449766,4.73832054370961,6.73120699961942,8.73070899294964,6.39621030348789,4.3970527377254,6.35269019637794,5.73608974394016,6.56143415449389,3.83945737798745,5.4414062242717,5.85536007731952,5.82579135912289,5.81853322704102,9.7111651296173,5.09463844522094,7.79519595430948,6.64753866477574,7.73498353005126,6.99238571604592,5.9070683424516,3.62775894281898,7.63136008200723,6.02910635844119,9.27615707035448,7.55884615306858,5.82323969599723,5.85559106436107,5.07893813755928,6.6522084794458,6.56640735549863,8.22135051040987,4.76517076646814,6.35481823512154,6.41906433245503,6.01917602885048,7.63627006284242,6.40780141428736,6.71678395804319,6.34733864587964,5.3035672594847,6.86862093580935,7.96718773323952,6.82340484325057,7.69680981022518,6.61976701251656,5.48326975421507,3.82816614807795,7.67599531189872,6.30211092541381,5.57359839071968,8.47894381254205,5.27152737868922,5.41436809261434,5.28593247910436,5.2500370478386,7.43912056851527,6.22927222910558,6.20679944034606,5.64582343483658,5.46249332462719,5.61880700468509,8.79057887679118,6.18426062006935,9.02279529665408,2.74972903065851,5.25221306726018,6.25116842395359,5.93768359605565,6.1001494377449,6.72125269364931,5.32796928748798,4.74640832118344,5.01403727448291,4.8662634420113,4.39807846390534,7.38652707361857,6.85003353256254,5.90270384093711,8.17929384246955,5.17065025766703,8.33046823803085,4.08718335911686,4.78043218148713,5.23420957963969,4.51745531975526,8.12394087265052,4.55221487593977,0.795045151667147,9.52640565009795,8.36935152037212,7.2721661818641,7.49624053917024,4.86538569018959,4.74410821544728,7.56545151283955,4.75733950191503
2,8.35802862058203,7.49451373267787,5.86182897356717,5.96596616852146,9.04563880549242,5.43398745168352,5.08156629260761,7.22028241202753,5.70093962810638,6.92834057515149,5.74781331056526,5.22362838156187,5.50330855355416,6.50488358245315,5.98677237319667,6.98119185528408,5.46696965939078,6.92775873691066,5.22338517291773,5.29148413510259,7.32073528320215,6.20656390408379,6.08957615932435,9.04533243924768,6.09741045264757,7.44582009731038,6.66209024422735,6.84528205298581,8.7540653210181,6.25256727805985,3.42699817496063,7.01162214579619,5.38875754273866,8.72263557411037,6.47914084783071,6.81188530312354,5.35162179357636,5.98499062573115,6.804087295617,6.35736575311647,9.03518887846359,4.09613362578725,6.23715070615047,5.86157213693446,5.03513593020743,7.65519239687743,5.97715317675237,6.45860915120181,3.68052277439912,4.67789889004512,7.10406249360747,6.08865506804096,6.94518250460503,6.84174912577084,5.83436662822956,4.92272560340028,5.04462503357742,7.24811548880221,5.86761589013173,5.60130442445896,8.64565277626542,5.57264854544439,4.1514934369997,4.85316306348848,5.82200888219739,7.6061620122744,6.6098615167335,6.82229264703758,5.57530407156102,5.82353570264298,5.91321248298642,9.4897232468098,6.14351469642457,8.69047886161661,4.97923928517791,5.01422112812629,5.98486522035908,6.63823484442512,6.06561766944707,6.7076062053459,5.24675980956838,5.16918082101934,5.38189622949802,3.6319518390977,5.18780715597644,6.94101526912098,7.18964849574165,5.96369966323556,7.7074620372429,4.43051817075211,8.22802750567894,5.42847467377755,4.63781185485274,3.19897725762883,4.58759551464018,8.47725510268316,5.34801665586712,3.86180502578301,9.5745963858006,7.97300619492668,7.6915685782287,7.48856814978721,5.08992398318436,4.91230477253109,7.35459093965447,5.6996765372618
5,8.08284104611723,6.40352416038177,5.56707465994022,6.09207776693214,9.30710855433885,5.94796552512443,4.68827746623287,7.15637012884525,6.02344849916729,5.24042407105086,5.36374962889297,5.54431616257149,6.16921451014575,5.97230976265786,4.28894069896549,7.5192944050876,5.86294556907151,7.47467086996078,3.97323748236532,6.04049817813745,6.36970639458049,6.0826250119833,6.60544375741219,9.06207274501981,5.87927557359545,8.32465625205491,6.6670803821802,8.09758019813983,7.29281185805623,6.65091338088718,4.87739741099367,8.38674944402572,6.37159483079288,9.12049321032919,6.75594892356414,6.49942727795207,5.04838929884815,5.24309486819862,6.85150985003399,6.6606432248026,8.49150945117664,4.79811505773994,7.29597518393507,6.47216696952214,5.24610514024285,7.85070312066335,6.00423374383347,7.53519419082533,3.93024827442488,5.29710535629651,6.86804302429677,6.53429219312957,7.24116397402581,7.03172779164238,6.81918085114052,4.600786653223,4.8562729119927,7.08467611032956,5.81394214316157,5.9704228333772,8.80733980189582,4.7697861841884,5.25755426903746,6.4163915495195,5.26644651044583,7.98357612062113,5.27148442887227,6.08835215783131,5.46379042263305,5.6910282511676,6.4643375451953,8.79156305357564,5.75021268420093,9.61728215751276,4.89679415700319,4.32601036627706,6.34604534924369,6.35566127344515,5.51366630131655,6.78119715609685,5.0660037350266,6.10705008187667,5.71695082670201,6.06630881028159,4.5715769992888,6.90251803348105,7.46098170614526,5.09869291039213,8.3666196930989,4.16324133684202,8.36527881690912,4.84904475338077,5.36336493349989,5.39687850564843,5.4905062898852,8.58164195092816,5.09563933601667,3.96997160774929,9.2038556195865,8.06073056792714,7.19256791386913,7.38382575554958,4.81217133013067,5.70075388350972,6.91015886617739,5.04177386994706
8,8.09645227363074,7.79041053301036,5.84306087466945,6.32108405461335,8.88648443278573,5.16763209642794,4.96951533218146,7.79722467719546,5.98642113853558,5.67990943040626,5.59796356164933,5.17466667659111,5.72134541302306,6.39226519802481,4.15023863926117,6.89206675172585,5.64535223875083,6.41855038002044,4.57226238238048,5.17430575346218,6.61747697877624,6.90220183075119,5.3860710450296,8.74279084078728,5.82313165595431,7.71541430969702,6.88557674175289,8.3761659969035,7.83700389126937,5.55034904423688,4.06004308216797,7.59314342478462,5.59835803123391,9.25436765931653,7.0628115847513,6.55776753568527,6.47022564265756,5.49508279732891,7.12125941165742,7.19270249154697,8.31479222309925,6.10889531320503,6.44305991928628,6.14687518662846,6.37278726509643,8.27558889974377,6.146071737133,7.57985703911359,4.86143071509675,5.82314495076051,5.960056631732,6.56249107964904,7.14951856795648,7.06242637448542,6.83788135670731,5.70392724850267,4.63303853450065,7.8564357244228,6.48646030477964,5.78548098606607,8.51505307823149,5.41681475181755,5.42566622765559,5.27325584938733,4.69036974722632,8.01098364407544,6.91193527957543,6.57230911233528,5.53527955828597,5.48479876812316,6.27028929093124,8.29701245053294,5.56223765335829,8.82136831832463,2.09855629874047,5.729183750449,6.1403933572142,5.9893332145676,5.63654684211991,6.85545588402934,5.74298131580224,6.01288792036013,5.49926261122948,4.46778038665281,4.60241500829902,7.86023183916907,7.65612684211903,5.67720634909385,8.92985397147695,5.06427287268983,7.84939700169283,3.59695303364546,4.52907869858908,3.83565977490253,4.51829221406186,8.3846532942944,5.23112257187537,3.79470109723464,9.46552623996162,8.02819460030238,7.28152179531378,7.67085638447065,5.11132517087494,5.26201366770573,6.92647238255853,5.42359639278811
5,8.76822499456631,6.89166032678651,5.45681343045991,6.12701630443604,8.90871230030406,5.89053112549189,4.66530696736324,7.32619327608361,6.40624160531433,6.12028574844087,5.62841258759715,5.45812270817805,7.21268819610695,6.2242787302537,4.49645323416978,6.6177674736006,6.11433996761908,7.31345431379076,4.65619728407463,5.61069006228023,7.87146894126815,5.98133260160885,5.24888208816408,9.22311918935418,6.12538636919994,7.4100413570216,6.18455653452274,7.57546578279563,8.76794805972546,6.06888348443702,3.61883134900289,7.67579228691589,5.10563566992494,10.1243143526361,6.48963144123465,6.55478314609058,6.18348009652791,5.2009431031769,6.31688576434306,6.02515114623876,9.18191734702225,3.82572534814465,6.84792201144051,6.32005100700213,5.98548676065859,7.9143344757614,6.16250834567926,6.25021802597483,4.43232860512321,5.12002247323416,6.60871460638455,5.89978575059475,7.00959935344851,6.51694828857349,6.69919410209486,5.02548350398677,4.68791747777866,7.04907130953727,6.64692820509308,5.71096770150522,8.66532260921304,6.11546505412455,4.69687022836314,5.33446735750473,4.53408395686134,7.75255313515299,7.54081710796143,6.42786248837918,5.15857802170724,5.60983211376299,5.95108649565788,9.59549222397402,5.69943427034386,8.98818899302108,2.85860129307129,5.46527873379508,6.23818397223267,6.74955820685985,6.08472682668504,6.28336546052569,4.90051792272033,5.33497212311877,5.80590689784232,4.83772413176341,5.00794440820024,6.70489487512824,7.57151348745635,5.64906652122537,8.45008115853091,4.87585748775075,7.61718325187914,6.36949820637827,5.35814326196125,1.94204902473092,5.2931971815385,8.13643758994847,4.85745025302411,4.5882129733385,9.59381365591035,8.18588322398508,7.37228641305925,7.68958665381711,5.19286445395054,5.43436698095681,7.37308956395403,4.96384933888235
1,7.46054640690293,7.53866911775456,5.48622905703851,6.1911896301604,8.62663277610229,5.24380526885459,5.04584728073573,7.75299345532325,5.77179049041829,5.32463106477332,5.24766213419094,5.56738293955645,6.56120274063469,6.66449244594634,4.38519030913253,7.52499757035287,5.49386719244549,6.33119847915943,4.42880086032005,5.66272959229522,5.59411068608433,5.50148463373537,5.86318535565306,9.35474387975062,5.11079073289861,8.34782259947988,6.66612436490894,8.89064611706585,6.97001560524576,5.44383827467119,2.97065170807205,7.51505445069365,5.35747481703506,9.05494418322829,6.62865145074458,5.42599443066804,5.7558867225475,5.45604620670464,7.11271495438506,6.56230658105786,7.92199495672031,5.83762444716413,6.04931752816054,6.67294107943644,5.61604029738017,8.3725581768468,6.79961305193497,7.47268978167697,4.33246366471839,5.34767602017452,6.79425172020012,6.51120323880623,6.71850658654786,6.52969421119983,6.24720991048631,4.15719223982004,4.92902652739177,7.58634436099592,6.44677694599532,6.1706961317224,8.76948977891221,5.12083063401823,4.65969220928219,5.08118190198204,5.41204845154635,7.61130253678957,7.43519558176509,6.27409207805552,5.37516202705749,6.17175149794618,6.31378920538747,9.18215038755011,7.22511977091263,8.22408820895059,3.45470238818462,4.90065531168126,6.37879158842646,7.36822751905664,6.18245413593352,6.40788466438088,4.63624315147665,5.73078298945689,5.43252149588976,4.48217250681537,4.38706022616696,7.73929740861973,7.2160763109831,5.16043435308707,7.79411005746483,4.47613357891345,7.58924188820313,6.09418781180249,6.22231947678867,2.10194966368478,4.70979941073729,8.34727228623305,4.6895265503349,2.78759241528747,9.28968638131197,7.48420735374066,7.90797022696048,7.33000594336189,4.76321824722292,4.66703814012449,7.28904645164075,3.74349740540016
5,8.12088930239079,7.6227494903213,6.44388085679894,6.17429864744929,9.08839715039763,5.64820813481038,5.31087571864982,7.44607611563421,5.61631941513186,6.49794097429876,5.39136420058578,5.3980475161164,6.75039537406087,6.04102953298649,4.7468432308097,6.92774695586762,5.91042174009611,7.0682314941307,3.83845013763745,4.87809447905877,6.32201316795581,6.11956508705629,6.17604889876079,8.94801436417963,6.06367107790161,8.01487649713477,6.50639577204272,9.02957657388786,8.0101749002805,5.69442590351604,3.77475954336603,7.96395049948405,5.24677151187121,9.59935777979859,7.02575832648883,5.74798407076276,6.45359516311972,5.65124094558468,6.85596990920865,6.84102293032618,8.86707658136124,5.68284593334648,6.55041907677167,6.35768473039441,5.76086367362615,7.9550952146543,6.18817592905759,7.96181264496051,5.24721091845808,5.23153570957579,6.2471661644291,6.57154115915442,7.18601449985492,7.23055915523198,6.07159753881652,5.14600387948039,4.46860000763772,7.49860377233645,6.56705237974822,6.02742564441487,8.82576048001472,5.11217414401518,4.96698329901823,5.44311806504263,6.03052119687237,7.83343107276028,4.36500673807011,5.69283275383095,5.96282774819832,5.55120102227564,5.58275472646119,9.11885581887531,5.5621918279947,8.70627690722039,3.44906509779682,5.26320531933143,6.0504805570396,6.95738270056978,6.08578145784036,7.21368610622732,5.36536953474576,5.76274147985682,5.64669189719193,5.22433744615301,4.40006127217065,7.11599090651014,7.07905446233012,5.06782707740713,8.6005865335616,4.97312589065425,7.37399909861332,4.21534347969272,5.11514811706823,-0.638281231429232,5.15588447449589,8.67709383347635,5.39087853659766,3.37520701522145,9.26786947110516,7.63192071431531,7.22916071215987,7.5900660222995,4.87793880214481,4.59618348179361,7.14535968457703,4.70544090316215
8,8.29139112038573,7.17128179026422,5.92925866233964,6.23810426163753,8.9696945915282,5.26730253245911,4.58196922792261,7.47848749715658,5.63602392086519,7.17607313737737,5.47887988225775,4.19915106105463,7.27473700322097,6.31462923161422,4.89566777223377,7.13306890922692,6.16695900078492,6.71972256104834,5.49031739105096,4.81754191509671,7.16670287462329,6.71985583629023,6.2922859897143,8.79195536423104,6.27750655844846,7.6532778298663,6.46878035589821,7.64353227769027,7.82797221903744,5.74521250835015,4.27015446578023,8.46522026195516,4.93918699007014,9.5541609356197,7.22375215501985,6.48065766876967,5.84967009520062,5.56336080879535,7.79462212024496,6.5413495092881,8.94038347964371,5.59163028423186,6.68484780531998,6.31317757006879,5.27494394802857,8.14128368590626,5.38918881151278,7.05480058462546,6.68979185351099,5.89344595947529,6.27759417309887,6.85947661085168,7.14327221055864,5.82128451963488,7.14599094838383,4.86142747334441,5.36964715651277,7.44390257075527,6.35008804917011,5.94128955486071,8.99998260580828,5.22335476343643,3.68282294106128,5.02349597148554,5.58683591021564,8.79161077666658,5.54400194837975,6.01906144580682,5.36608833697447,5.78239323663423,6.31473932461796,8.85960741129509,5.48590806523715,9.29136354953754,4.53511281412735,4.87811574470407,6.09238477011485,6.61947229124864,5.75350715370648,7.09150891828808,5.32550629636079,5.55107192002125,5.34756511608447,5.49385366180035,4.45350148714873,7.63735377921173,7.396546545615,5.7426102408989,8.83179375066986,4.537318452095,7.83075034173514,3.62637116687647,5.62077708439082,7.03584985339258,5.10707953058653,7.97500359876006,5.24190889304338,5.30350738072103,9.3551315077587,8.22176006620796,7.3792324794297,7.58405030393003,4.92059374325963,4.99083439503109,7.56859578939806,5.70344750813521
1,8.54391799930108,7.13855204253578,6.34607045328185,6.53716813926512,9.1945868255942,6.16934269716727,4.83630309777032,7.48465602074047,5.75026616414094,5.4963819056256,5.14521554825656,4.74209983775429,6.80002425532325,6.37551727796046,4.34765387582307,6.65132427767637,6.03788260568452,6.76226215615635,3.01600759924198,6.08268088507661,7.11784752661905,6.07441626942255,5.65719787784493,9.18903687985789,5.86539462431871,7.52272904507737,6.80792147848752,7.77389064444753,8.50804686696413,6.27402619504305,3.83206283339808,7.60491800880542,5.03358495546016,9.40377654416528,6.87178986408166,6.96075995802371,5.49246068903507,5.95752356273029,6.61577579919435,6.24034823647757,9.03310651418154,5.23839307154646,6.53799368711608,6.07108093849615,5.98357175172236,7.85647012529072,6.67588546611867,6.53448439727638,7.43094178828178,5.24637008874216,6.09738036936064,7.47135867554086,6.91921055988987,6.21796884901211,5.75765761087703,5.10312476506495,4.32419580165832,7.03685683688991,6.4203567629991,5.89861274255822,8.8269992692975,5.84787328849784,5.79183476710476,5.62250855505933,5.24476355812614,7.68462185985067,6.53781595498144,6.75428039514459,5.78300625939805,5.3980796628662,6.0582853446328,9.14524102791257,5.88512682165131,8.39470797536466,2.82997476465143,5.81949431521607,6.39279930215473,5.96920226525554,6.00030161874901,6.56156888696398,6.00744547471615,4.81466368716937,5.44877239769002,4.0437328677389,4.75346245925899,7.01604657649218,7.1001174084104,5.38015755080138,8.36896843554148,5.08958649351684,8.217453055447,6.44185897911706,4.56685770953654,4.97793804139514,4.91180376525259,7.96915077890133,4.79013395642749,3.27893682474556,9.44217585342555,7.67831178189925,7.25082435902754,7.35428703871528,4.96414734752819,5.13347160296044,7.29678433927639,5.50378284040436
4,7.74975965170054,7.82644357509242,6.07133953232926,6.16658400401458,8.69607842354727,5.7785443067987,5.38202728006044,7.79027070117556,6.15692832932031,4.87507621113369,5.18664559470196,4.81934448898784,4.95354170959649,6.45991136837718,4.59203882576369,6.63230746083109,6.00662823087369,7.58874296532982,4.87566665772165,5.39131693739133,6.42041612088734,6.63250680805123,5.68184299339396,9.31683004534507,5.8754190944174,7.19402793344316,6.35409968584234,7.21282953542815,7.00840339996958,6.51008842472486,3.55835254632834,7.68566148415959,5.43951085195179,9.83283092897469,6.68022988066367,5.69126742193892,5.81707656557463,5.57400752882607,7.06654586984853,6.33790173675046,8.10673376687664,4.4254874165691,6.34553532439176,6.51164953363324,6.02352290590105,7.95774389941512,5.80715005354598,7.14427459252956,4.82146785353397,4.52361570410912,6.52489160300606,6.32576823725463,6.82776732806981,7.10189228673729,6.94900459975703,5.73563581661359,4.45222254956877,6.9357046796407,6.86271629770762,5.47532700469412,8.44248242404117,5.07488550013941,4.84097485648026,4.97441158199829,5.23864664116571,7.98247642322529,5.56138035192684,6.07410005439662,5.78457143264746,5.45921625626486,5.77207809782761,9.17187617841861,6.12247211532862,8.51977747047098,2.3544772022451,5.58304355579948,6.3132609420214,5.96891459165634,6.16193294698685,6.57011805644253,6.1776393692365,6.35693974060458,5.8881469544445,4.86227043728229,5.03503215332893,7.92460758504318,7.30893672060071,6.31505411609237,7.67796923534717,5.24614786094887,8.10561442740576,5.45775331453461,5.02668246508269,5.36339390717731,5.24912931656246,7.95250566850089,4.97916176509656,3.68722347590755,9.47110185921548,8.34664537163118,7.87955618703614,7.63334182375354,5.05712190326103,4.41616469120285,6.63995279522938,5.37576244115487
1,8.26458431534019,7.82796917826553,5.95338814740641,5.92312099243254,9.12526921507873,5.59893726521209,4.53957466035612,8.03687036361142,6.1443683908122,5.03461513444706,6.04930975442369,4.2767385311549,6.77116902338386,6.30475228992134,4.53442079859511,7.32725066157202,5.56746872023626,7.3401179082515,4.25624599671976,5.31629501361763,6.26854614558157,6.04337383006482,6.25810368220991,8.58608525887171,6.25267568959258,7.40253189611102,6.455714938774,7.18025209834779,8.38826504174569,6.46521659787033,4.1815586094243,7.80133820049721,6.00513716563839,9.23476182509464,7.84368333197133,5.8968876031497,6.04663267563624,5.16398608948057,7.06980910413692,6.33288171330359,8.97121925372163,4.63593694444415,5.94368940923631,6.30336694286737,5.28768619967666,8.19779322174302,6.23367088182684,7.47916651081218,6.36396725118622,4.53734205971735,6.54498258020346,5.51101832612979,6.97915876708679,5.93067808956583,6.74942329558909,4.60783027094593,5.10654686599606,6.81444292447327,6.23574635054128,5.67952966096239,8.72779979868663,5.62105343646687,5.08595042859713,5.70765008292235,5.42130785642018,7.88379699794246,7.35076797800762,6.64843516033089,5.71313466332449,5.7817315758731,6.0410504176788,9.47916701215087,6.31753569000457,8.55304293798537,5.12788603984092,4.91318287742353,5.88742240851186,6.91009088230907,6.80349164870396,7.06512082601163,5.75475817011497,4.30053408735015,5.63768666202888,4.97619825538779,5.27305263432155,7.23504613334754,7.10221848274876,6.0453376443729,7.86250933954038,4.30787431884269,7.7022577542675,7.31101077088407,5.92019155424881,7.4598947232795,4.81443617270996,8.28794770748189,5.09969134063402,5.02550263886697,9.62241479633028,7.84724430668506,6.65594414763827,7.38453271955649,4.88871284379738,4.39347984370325,7.05129156731136,4.21201845120215
0,8.11784305643169,7.31547187741764,5.67076856117118,6.55050406508154,8.96961142066146,5.13051955870163,5.37682374237446,7.73865064809704,5.59928296691955,4.75824167956768,5.33939911198552,4.16202671721849,7.06929259608693,6.24086502524051,5.34613412559805,6.96083459853569,6.20349429001328,7.49953621493471,5.02083398216894,5.54736209195254,6.79938246162244,7.09597933349061,5.43463922359708,9.47073895737818,5.96929617709615,7.34469164477864,6.73353153286085,8.08701986019602,7.77954874939935,5.70444658356186,3.42017993868193,7.03781284934561,5.71438952757408,9.38113226401542,7.14612106444606,6.35376340268719,6.00515784257993,5.40259251595966,6.74577877921718,6.81441523680268,9.18704522708868,5.08344256043958,5.870519463658,6.29215475363469,5.53240598118445,7.74083102640629,6.17515160951591,6.8338832457519,5.67191778660494,4.69048723140108,6.28499237780561,7.24000217651102,6.71319737145494,7.3502898145138,7.0609386048334,4.9199130516233,4.62194061781456,7.20233905111832,6.44073634453502,5.84502696596191,8.66680166005384,5.94214733900823,4.3605863935531,6.60961157072639,5.50178851765762,8.34337702916603,6.43158388995439,6.37194735324744,5.49732824306594,5.51478861855491,5.9038386315995,9.95157269261513,6.95356270456362,8.04948630977663,3.76652573438781,5.40316458079413,6.38366138474731,7.20412545575267,6.01217210156751,6.69142485123381,5.1092548429362,4.04313436209213,5.1709334959187,5.01071771221102,4.69884304170971,7.85636894834458,6.52959416819227,5.82157421468434,7.24945160542319,4.60111121131905,8.11997664832444,6.2747882121755,4.77738338313983,9.1595929023963,5.01122376176934,7.63753426557933,4.81576301046482,3.13163287796208,9.32049184668839,7.95396235878073,7.77544118203807,7.51800534559501,5.09275794222057,4.81065038670287,7.54233436081795,4.77031502610288
4,7.2243579837777,7.09356801725087,5.89673693734332,6.14375013288605,9.39011541962669,5.79330319305345,4.71194136157782,7.0241690808107,6.07160353094009,6.79554631945289,5.5928340029448,4.79881740439944,6.62230902610618,6.02897830723329,4.76185947970222,7.36006266635068,5.58550329089016,6.85632474568191,4.85913467874098,5.8073325115541,5.39685646920123,6.09308248022126,5.8560018090133,9.25497599213366,6.15326892597669,8.42160085434921,6.35255581083917,10.718687016743,6.62909292060389,6.46212974960965,3.39102473255276,8.27777891024048,5.71959851192168,10.0040694203106,6.71473076534984,6.40847145909662,5.48056563438973,5.7722971248036,6.46071215368758,6.71235919388831,7.99114171774852,7.00755401931155,6.2949662875007,6.52420767172996,5.57757868379371,8.21593426715392,5.93158539892495,7.11191406036126,5.24927747431575,5.62852171600242,6.65750732782775,6.751646007288,7.09509143464925,5.97082121855273,7.10510462136073,4.30061201554169,5.38843635780978,7.2830210834164,5.84392074381652,6.10863514059189,8.72326586192403,5.35432333280672,4.89823850641206,4.80562226535681,5.27232305948183,8.08538358815166,6.02604159205466,5.72160451749965,5.71402001144331,5.83529105789294,5.70311553324562,9.69133303527685,6.50085534855834,8.51493896824585,4.12444573137098,4.70550694022206,6.42739384016184,6.62173371728664,5.83230825146711,6.886914164875,6.52997840784922,6.03311890482314,5.92699336975901,4.69060514297967,4.33389347620922,7.70844372146627,7.27671638326221,4.73326177988213,8.46372535757322,4.26353100139915,8.81149638027357,3.92571865328842,5.63091743565342,5.80321699162626,5.58516626991528,8.87390064772466,4.72816024477404,4.65150189475277,9.06735975712759,8.02615382193283,7.25444952625734,7.31503717399423,4.96293498977781,5.22287935215073,6.91588781346456,3.90449264573837
5,8.57126811217032,7.65047605745459,5.89595898593549,5.88198406316213,9.35214389954575,5.24408822076174,4.42944616918935,7.11989373347078,5.68442890566398,6.14133549550979,5.236980820282,5.89998186659311,6.88003042791001,6.82150717347501,4.93471429482196,7.28994415842894,5.23830675346946,7.17545172488904,6.04741162997843,5.45139546069526,7.61438926574042,6.43622551856518,6.8003510957585,8.62165550236885,5.81965745483235,7.27839234024724,7.04264822596888,7.28858384113225,8.8326136755937,6.55922585885849,2.14317112899838,7.20079804550646,6.3830266329645,8.87104023660558,6.80490051314539,6.6363512746204,5.70168496297519,5.58026436585338,7.4460232883777,6.49320861399791,9.05595325463774,4.58399778944518,5.90968305787275,6.39706337562333,5.45042636450948,7.51809449125248,6.13047492430645,7.42612691107046,4.75743274986989,4.69634944875061,6.59364087026744,5.80046263728794,6.95581500835451,5.59568249827654,6.90100687931733,5.0186296644725,4.65049619075292,8.06590507567275,5.9178488634711,5.63606094690652,8.79899615548791,4.98801321696193,4.54022382138246,4.96131635405114,5.87077110414225,7.97718729542866,6.79744494148043,5.44442163712228,5.70745041274393,5.7275371696348,5.84440267163075,9.69918927394864,6.21862969577675,8.42271959869034,4.81185339360569,4.66652999647254,6.06572988745221,6.35656740671747,6.32711707301633,7.45888442778468,5.26898827506682,3.8882701585072,5.45501327795184,4.71003841529503,4.48654915161545,7.58149006497285,6.69520533829419,5.97879684009132,7.94914858192255,4.55314754664174,8.37404033667706,5.72588038984484,5.53224204219344,8.21131102630956,4.78915119001784,7.36411694711945,5.23349560769978,2.90097897908111,9.40205842784238,7.76291399558015,6.8608785417192,7.40369593042711,4.65098035952951,4.28253896671608,7.00580093969637,5.08351062383522
8,8.29743845116601,6.9913438694742,6.30437324825137,6.24220298277983,8.93862015463693,4.97369400067354,5.06811437808781,7.40024091615902,5.84229105966572,5.82686296082714,5.25432556963888,5.24993741845438,8.7801668957637,6.58594835390234,5.07236386010265,7.03288880923704,5.91877193182443,6.67777879849854,5.18293268492543,5.15323770929178,6.5662594468794,6.03149244395256,5.76721102969347,9.16325231697885,5.80965809247237,7.18292589184606,7.16937597773535,7.66160702969508,8.09215962811237,6.1000810351264,3.54314410897535,7.55531316291875,4.90112304147142,9.51262799562557,6.28322139525194,5.99842354082981,6.43406228812544,5.69758048055805,7.41102990115566,6.69089499901278,8.48585281495483,4.91854689530388,6.05223262386467,5.8739235061745,5.37543917800002,7.39485643946279,6.35135295940935,6.94909936008288,5.63097098554715,5.41220617967197,6.67511945817505,6.56934997305143,6.80537415045591,5.62039330015508,7.15466222259972,4.57454312502764,4.32463008759771,7.05934246711175,6.29420989384836,5.58380836584326,8.17668550089166,5.72966046786598,4.36673365041801,5.21797993546473,4.7843113253695,8.33698587980121,6.02222945238026,6.4217584631254,6.02152667130415,5.62590040205125,6.11891036902947,9.42205679101466,6.47883298410084,8.83062447375897,5.2186858081123,4.70991661709858,5.90113598290474,6.57722379933593,6.11662411781447,6.45182246147141,4.89502977936326,4.99470631916808,5.48513991134226,4.64168755819952,4.80110925748756,7.52059110307191,6.86761418958803,5.99177503991528,7.86130762874147,4.35380653460796,8.09926507693809,3.42298958240278,5.26262357241105,3.81644839105615,5.01814861214462,7.43380596742725,5.01901972070215,2.72352386223247,9.45239521756271,8.0935103003548,6.54042573202308,7.61607063652554,5.2870594634844,5.84869615278603,7.15872448193619,4.95467133638931
1,9.08599843136348,7.63080571024506,6.05859608150232,6.42358859538769,8.73034195849562,5.38330222928766,5.1851921352683,7.3031659097543,5.82577332435463,5.61893044007388,5.50558361453247,6.81919728461846,7.39813161534467,6.08551653728556,4.6920049931818,7.00927764763383,5.79961008664568,7.01006364021435,4.7205525857682,5.23700199659202,7.92863340756877,6.42948376568949,5.25034628506429,9.29287741916754,6.03481087112986,7.31075743515783,7.01217810192435,7.08722273516978,8.96954122078692,5.86911650059682,2.37128552597078,7.49935311773455,4.94893140416615,9.32073187716138,7.25241896613022,5.77936767986305,5.8632309729128,5.15013355953858,6.79455502658809,6.29043277131316,9.51102671612171,4.6878734300446,6.22588011521932,6.31356136284557,5.83218440449467,7.94774219612577,6.57217712858433,6.73895449455348,5.69520909497765,4.38356649609337,6.40150525696286,6.36329590935309,6.64447408629256,6.55993043445274,6.7206928220277,4.6036475408774,4.86411180399025,7.18763974485163,6.67009510745401,5.57522578765765,8.54781149285383,5.74677149404739,4.59418901782688,4.91466161551075,5.73193568520156,7.78478656012435,6.47796133509659,6.90498716591491,5.63117337081936,5.76297097783159,6.84087612629996,9.67723035745731,6.23975480739252,7.97193289451782,3.12421634020171,4.77929020501919,6.24579998593891,6.28428188891862,5.54233756932553,6.32483018795841,5.40983212381738,6.16201007467807,5.41452440587107,5.33809217020691,5.17986004125215,7.11018984679805,7.42382878482806,6.09411203881937,7.69947495470289,4.5878679573839,8.06367485237159,1.70215888150678,5.67619311797876,3.92516537448298,4.95557118986699,8.18945920062578,4.86426292916692,3.33472714890428,9.49442740810034,7.68900081105767,7.62836357732903,7.70852851847426,4.52232320601425,5.86779013918515,7.56666588920533,5.05497378312417
9,8.12931919474682,6.77713886648,5.23736767094023,6.50895863903027,8.96387866682464,5.91307367828433,4.57196829828113,7.1237904061224,5.9220851095847,6.47803430953916,5.31048562908919,5.67158560577637,6.61424599739285,6.03651728886353,4.51709244053094,8.17870544906272,6.28819438362991,6.75550052830699,4.06734982655139,5.42312155243834,6.33639321454344,5.3092006080487,5.92335488437992,8.92770797544485,5.74675897512522,8.56767734154663,6.57699180210482,8.93908547235231,7.9140479171602,6.28862506083387,6.95798856462113,9.04889870201769,6.09020717761017,9.12227035233736,6.00094216726477,5.14981281335729,5.72062872562992,4.92170322180749,6.98436094696754,6.35805926252281,8.7228048307566,6.13654761213922,7.06044974972183,6.55202242951899,4.80749774179433,8.20819004767197,5.97106920549466,7.27607441780496,6.70068550254982,6.02504468415073,6.46564630505694,7.72946218747943,7.34231533129436,6.84754407573444,5.69780040340922,4.18666058117672,5.01671298777656,6.68783654826665,6.01274972389264,5.98568451319829,8.86274501681748,6.23645653285146,4.51417211643609,5.52563422111047,6.75795985853662,7.30511582213449,7.05357751614981,6.45027932194686,5.21261158066566,5.57791598065946,5.99814495269675,9.61156808353815,5.32840401991737,9.44784959420632,5.48644357982125,4.36610739505502,6.29635720924924,6.90922442367502,5.80154055057724,6.87576957465529,4.35689195404931,7.430884493703,5.37245116106897,4.52611990403276,4.91270003382193,6.56390063618052,7.52334124181443,5.01561487899688,8.92951725079622,3.87128071735879,8.18287133439764,4.082081829366,5.07744038726724,6.26176641086267,5.31065134395011,8.50862323172794,5.12520218653973,3.22002540741717,9.1547453281087,8.00662066966723,7.01345315782682,7.32099128439139,5.00535890762664,6.19662176163974,7.54562808674858,5.74914926192432
4,8.47143349170325,7.51872385509845,5.73581656693966,6.25180666015071,8.92727450647608,5.48691949351421,4.994814499637,7.03374115951284,6.00755957670255,6.40775571723178,5.13637473679496,5.73594380719034,6.36225070705349,6.74947034057374,4.72769832104058,6.94604815019391,5.90951710976773,6.93079764011046,4.35306074867345,5.05348779340475,7.47737883506167,5.62906856223002,5.87383612891005,9.17650531493465,5.72970147933181,6.96577135915927,6.62651579751142,8.76000010063038,8.46420402541909,6.03050933468736,4.66330523547651,6.97843755536966,5.88366799305485,9.36352706123241,7.18108081789254,5.76128732404322,6.75253477287633,6.00872067152933,7.36616879790957,6.74435482917428,9.01518919835181,5.9952830585614,6.09935529047242,6.08735421542736,5.66084438501644,8.4796821840407,6.17224812094895,7.76287821007839,5.82814631106968,4.96710773462438,6.67534458396267,6.40760400522728,7.03995855871704,7.09566407204089,6.89777583466198,4.48099347250542,4.97796908328657,7.5344210022435,6.09738169018688,5.73777625122361,8.61188322559765,5.7961508872159,5.03272282731941,4.95955842615797,5.53573460950848,7.37915103569051,5.63374847703263,6.94166974847777,5.34232303821129,5.99911056711781,6.56931708171298,9.39418570202715,5.55706271910143,7.72694437794458,4.51547285365731,5.48760599741412,6.21925895340819,6.99394193630321,5.78427497186818,6.58298589386929,4.46237312997407,5.23937355053214,5.42910591809455,4.47645652757824,4.99018933828451,7.70511609941254,7.31856488895766,5.94934090200635,8.07503002724977,4.75993111289492,8.17983209985322,6.09071577263108,4.97633555207702,6.02615433495595,4.49675186687304,7.82551207074752,4.778907348504,3.33375555596593,9.51622148191493,8.07355742727804,7.46557501252089,7.79933796592974,5.30071638997815,4.64972774415758,7.68397038453521,5.43645981835759
6,8.43258497682596,7.17805364721247,5.88873293950017,5.98641334520061,9.17349582927142,5.43694884453442,5.1854156439641,7.36710899315344,5.29257188664603,5.05415547384566,5.54323876192269,6.09662299348499,5.90497533296336,6.47116841932215,4.16157064236941,6.80172683347954,5.96941020067674,7.24555785428128,5.37254658119119,6.12394503198169,6.80174733087667,5.47437516381684,5.31111051734129,9.3013663205114,5.70615976057259,8.10976762576487,7.24326359008606,8.33112178578775,8.39537475038983,5.48288264292506,5.6400106933317,8.5152383511648,5.1501332117091,9.90328944295541,7.16081994127155,6.23291482256927,5.72377218912678,5.321657709597,7.66887201758353,6.46931593213247,8.99040948903416,6.48184529042012,6.12251256669012,6.0663014408442,5.35808323986157,8.27802239151882,5.94512104078825,7.095002450061,4.18164183742402,5.92250318176881,6.42984541754834,5.54615103976231,7.16670726969808,5.48304035942952,6.56473205987248,4.3663800450193,4.94809295078758,7.30896466117046,6.2901510979892,6.37008578395629,7.9132924790824,5.70256535757255,5.20104375170324,5.34426218995641,5.89515827673002,7.65487646238256,5.97351071117494,6.83855072945461,5.79053305505903,5.54021740186899,5.77066858409403,9.74998997892361,7.11600517353896,8.66418974710259,4.9647194846566,4.93374881388405,6.76820840568873,6.52072167747529,5.36449739523649,6.96369277452559,5.7346080233037,3.9012550175432,5.06050963407477,4.36433685390049,5.00558160506963,6.93838272548953,6.80590344483076,5.30297346899932,8.25893744769516,4.51734159233436,7.8807476052862,5.00115998887828,5.489766908613,-0.660008924730334,4.08210723670714,7.8668820203323,4.90323549887603,3.36332221677702,9.11030535976146,7.81023618148839,7.90017635815403,7.64964203122716,4.93072018619808,4.75754873936864,7.51784351538562,5.53798556546918
8,7.49614901053831,6.88342380233669,5.78707938451958,6.13741652574793,9.0904529067417,5.80716890148462,4.52586294744392,7.23107442388183,5.64149987535477,6.78395960347643,5.53331009450059,4.02480943606724,5.68156900883371,6.2821401399269,4.87491509300124,6.77453799596275,5.48293551035,6.98547596171193,4.13810559001205,5.32782665222151,5.91027209796669,6.08491723123111,6.10798189267994,8.73783528128973,5.86840267115619,8.44842508589339,6.41479516882844,10.1024186364304,7.19829247816186,6.44445198369692,4.98286951447137,8.83416250014374,6.02317033362126,8.96220270165168,6.56842413288168,5.47280448416137,5.24655361823874,5.4847458628929,6.63825140133743,6.07852323534767,8.36679565905112,6.40847410971872,6.10673800637392,6.49650165064824,5.64085935222013,7.89678754074544,6.02042933134755,7.3035493469576,5.45676782129737,5.49527740050221,7.08514775395332,6.34111959488807,7.19955872459753,7.2401420136079,5.35485238718351,4.87799327580956,4.86276128344087,6.9240953699363,6.13668897706906,6.03643048545005,8.35655036890955,5.550646241376,4.21600067438354,5.18370495646832,5.8386871515811,7.80109177212825,6.52862564422651,5.91943776789152,5.59522194348815,5.9591376641251,5.89853653493384,9.44163102360826,5.43009893859771,8.18598630217176,3.71185482565159,5.05267529048441,6.24810028951419,6.47342438704789,6.28201560524877,6.92585389867292,5.92018414117457,3.8666460993578,5.58582473124248,4.32595885889609,4.1514731057437,7.30616044200542,6.65882309251321,4.83517195950965,8.31722111843992,4.75259683683828,7.54203721583801,5.99686557479478,5.51659758292415,3.49075600844127,4.74961509288038,8.78971038676861,5.25374410895132,4.60185023610753,9.07698276176772,7.48932053126791,7.39379489643778,7.55287345787787,4.87093960737965,4.39450957830009,7.18090035943103,5.01986771153606
3,8.97439136765572,6.90551228871406,6.0764818533265,6.11763097905591,8.50524327449981,5.57660118130866,4.9630678802494,6.86807831572532,5.54587429170402,5.32105457392037,5.32496109386631,6.97073909021132,6.01907774794048,5.98652431380524,4.58616407815137,7.14851379517732,5.40153920730856,6.76786450662488,4.73362777760798,5.4808645358418,7.91225369660817,6.735024876703,5.89030481213314,9.04825592878603,5.97031346993247,7.77786397362938,6.74043737751001,8.75430939682066,9.58074020715138,6.26538419716768,3.86824160435301,8.151095447117,5.22382046042754,9.22191193719711,6.93798817438683,5.50594025675746,6.36940039850392,5.82097401318743,7.08906396522827,6.22866449982786,9.17646124196781,5.6327208664251,6.41965566962679,6.5052430831791,5.55228635721123,7.9898270979185,6.27537780051722,6.86225108267593,6.20418294424097,5.29954360730019,7.11520137273528,5.62313226497809,7.05293247881159,6.66988734630448,6.0836395505999,4.17994515165493,3.78977116102279,6.76717001857793,6.85128534823294,6.08346640019273,8.78453267520398,5.59530553919793,4.76775388266502,4.55033550412762,4.71143122864678,7.59946971344468,6.8013812860142,5.55025897133207,5.79038427588808,6.07594232902376,5.80996798480066,9.24320438172271,6.55504902088895,8.66488861590219,3.63498570834745,4.87898375390362,6.07754468168103,6.26269135649634,5.99548732621561,6.90625027994064,4.75424342670382,5.51421101244841,5.09158245630265,4.57628960100511,4.15859461415901,7.39912150576227,6.88275636078603,5.3030049033863,8.19965839237326,4.20301122326208,7.75654525181223,6.99917958472847,5.31241565192233,4.63188674101243,5.17742548441432,8.22716957427686,4.96289382632628,2.44275411919037,9.65740871852126,7.66712419462798,7.68040939712721,7.4795601541279,5.24797706624833,5.59107975846133,6.94294237533648,4.9769830793079
2,8.03189226492452,7.49077015255753,5.68583048262272,6.08951807662783,8.84564321088549,5.70002929023953,4.87114231062924,8.59621931673106,6.14891218309113,6.02643260956524,5.7719567161843,3.88800025805645,6.26994407931454,6.43216429201847,4.54409910139022,7.03000774523468,5.27423566047902,6.62823596998913,3.6585417984829,5.39397693345673,6.50475650284508,6.04966910536849,6.29586772661091,8.77484518712108,6.6759414565153,7.70759384860145,7.1984494379244,8.97857572572034,7.58602826763873,6.21053231136969,5.17631724752004,7.76881609236194,6.03130991471108,9.59632126120265,6.44535611748258,6.5757473404199,5.48325110440245,5.49911962524702,7.20371152232298,6.40259731791473,8.47273927312996,6.05801275143604,6.28901992456469,6.5894647438924,5.55824084152883,8.15236929797164,5.57274583816017,6.97889333515336,4.72365416855451,4.80116150424775,6.72296980548111,6.31645188980869,7.19912634958427,6.64058572132213,6.66083729457466,4.51351768173518,5.21621618107873,7.11732076157907,6.37882924807933,5.79449410788358,9.10291784668117,4.79059418816054,4.73496850801338,5.78926946087341,4.64938250313616,7.34096818297447,6.41347104963215,5.36981139665175,5.48858778959564,5.71755301692618,6.18415444562835,9.35223249099582,6.00298422577432,8.02221155115459,3.90318067248397,4.96377022394545,6.33370307312729,6.60612665594516,5.50600832702652,7.10964718125607,6.24343555090092,5.4353890404104,5.83045590050272,4.74734268641383,3.25003592203302,7.10456063902669,6.98110437804621,5.59393971760969,7.65132917604455,4.48205350387465,7.61270252229714,5.55036952896591,6.76297785232932,8.1170437461153,5.07333856060599,8.16340490635586,5.38579027322793,5.50289324610796,9.56216844449619,7.82340891085611,7.61206037043684,7.57672938130469,4.58769935352333,4.65398246292774,7.21831508211162,4.99474186363793
0,7.82240340999053,7.82920684151648,5.70742286957424,5.91279921050107,8.97794487460863,5.70738133129663,4.70736019189144,6.89157977176208,6.11935574203992,5.87131054938804,5.46545060787625,3.95168651170808,8.42675102500774,6.24296400751767,5.02075955430879,7.02071964762679,5.59083549765956,7.0780715451341,3.15460220289633,6.37601973546535,5.67219837006427,6.09112502855525,5.41317431655003,8.85482682424332,6.30653417207755,8.17252887978447,7.4178236832194,8.21701564550853,7.52959181275409,5.24599300645481,2.91024607009972,7.61452238094779,5.58302797847163,9.01592697845344,6.79835417077318,6.52236177259577,6.44466995151822,5.49662074264113,6.98153798456074,6.77875221433547,8.41897033459415,5.09001759810485,6.01932638026703,6.25133659421172,5.17154447292817,7.87406891201433,5.95164089801489,7.54579603244426,5.02049264045209,4.54919656774366,6.80205949609724,5.42956540497435,6.78293395790444,4.8259078313211,7.1248636314519,4.5159758634441,5.11966517657875,7.52720017543349,6.60785611533219,6.16669479173832,8.53041821380826,5.80190256871429,4.7580984750553,5.08562886731026,5.83536889165222,7.61358102763909,5.80284803916528,6.31554092283045,5.22595893292899,5.87763633813445,5.75754751999011,10.4954131615846,7.64043917136649,8.19054446001001,4.6084078432191,4.79555969652908,5.81544416985833,6.85724855923828,6.41737952802759,6.54652545469009,4.75106110764604,4.33062567893539,5.69485052944022,4.68556610997096,4.74819484424576,7.23990287973383,6.84369592022136,5.22116167452621,7.59667249132503,4.22851689183846,8.39993972841468,3.33288649342666,4.57774422403296,2.79170514079592,4.59403238060134,8.66555633941229,5.21656651191948,4.37681492388054,9.40345436405756,7.66240736710388,7.60198387710618,7.73825458910622,5.31958402783643,4.7566105768312,7.28956322941737,4.99739405075145
5,7.95666580803883,8.21538549273563,5.84243671963308,6.09560238950236,8.8472770932226,5.81779013276713,4.57807314400299,7.16753510890667,5.93617112406511,6.08693191406835,5.08178536741567,5.06050214597288,6.56928150714585,6.29895775747198,5.198044918733,6.8865354493507,5.36091388000591,6.93661183300375,4.49390606041467,5.35244398652071,5.92279646630874,6.20369013454412,6.48234223681123,8.99313332403031,5.80130883580185,7.61446730154993,6.13961212654768,9.63670733317538,7.6598209632656,6.00505819218522,3.90357633972336,8.60969207472637,5.24618968212756,9.38123845893765,6.90255402271422,6.02863904899074,5.87736071456938,5.69006171446652,7.14165291914851,7.00456066368589,8.64904926467731,6.6316544491582,6.62726250338308,6.26636701581365,5.60807814778089,8.10054945773213,6.07951229495041,7.46808098373432,3.88441178121831,5.6013264658113,6.22289666232076,6.31769705247366,7.00139545353772,5.66977261523422,6.94540802245859,4.84174256723299,5.04092806649714,7.53722187049488,6.4158733301458,6.06388753196806,8.20741226983761,5.07889620281364,3.96788815538896,5.64213243424817,5.67107012176888,7.49101923075179,5.01609516214637,6.57583410468129,5.42165651918777,5.47468773597171,5.65616188758124,8.71026724954845,5.41228729841612,9.0771620302338,3.55197906952309,5.13407016776494,5.94354669888751,6.20296287697059,5.39508308706193,6.86014190117757,5.54596480687431,5.69132302276021,5.41676947230672,4.50051620804849,4.62400580866523,6.94865309972961,7.39428861536915,5.08143048023708,8.38979067352986,4.59621936724684,8.47149147334415,5.08772293233631,5.45275155713783,10.9011610450932,4.81310995467681,8.56733383703298,5.07227528509676,3.2583441044207,9.16256156298988,7.95496891840218,7.28974132988346,7.58821508220069,5.10028126395412,4.19845818568053,7.08947604554825,5.5912643710334
3,8.10605462800995,6.88036015146751,5.53338452871329,6.04743767941893,9.13595690843171,5.34872500572403,4.83523162633936,8.39865604490199,5.54757906960475,5.22266142478643,5.1675888902039,6.34456409415848,6.98187535857767,6.3168293208071,4.67171217056307,7.42963966767907,4.73376530662711,7.23111535272675,4.57905810530602,5.29558251460344,6.69616118007915,6.41679231045984,5.72701159021588,9.37610656196583,5.85449451982513,7.74339813164131,6.69952087632223,7.44058213289792,7.74975145955901,5.77436703466891,3.53440121025011,7.88186779277398,5.20820926847511,8.78163647981262,7.01868095983807,6.22647340326222,5.4939365782244,5.54352192063895,7.70332546083033,6.20491642728934,8.9490868084284,4.3270960677418,6.37541270169652,6.14282751356073,4.90184117353975,7.45499400105411,5.84360078595436,7.38114561112082,5.44495929726086,5.04791186702497,6.50162509054088,5.8260244250515,6.94418502837979,6.55598265729957,6.15199807745341,4.32665708727662,4.32609165010574,7.20640025298091,6.40457454847559,5.89011960123982,8.65148700675162,5.7306186517415,4.4173262581432,6.22725164790706,5.65713039819677,7.25971777624997,7.10824000181331,6.45692748073733,5.54289498384326,5.7622775859267,5.7095610032059,8.9947296782276,7.68100286621153,9.02086011840606,6.19995326541547,4.99057006697161,5.85477084693197,6.27826084926869,7.07742246921982,6.63879590348815,6.26304492935375,5.44635587885498,5.30169773700288,4.26340697548383,4.79899679668437,7.62141882346509,6.98560693151405,5.6289460243701,7.92586666415217,3.91850202425721,8.36446952632266,4.07531839963106,5.7678540110382,2.41521292658237,4.80367219628576,7.82762676651751,4.87218563665125,3.39503184074321,9.37836345908111,7.56818720807704,7.74054946858698,7.63316581788352,4.80996041443495,4.74805230614974,7.47237596832825,3.3776550596001
9,8.19188663419938,7.84180970874058,5.85550203975447,6.07731353930887,8.59080963161803,5.97449995791247,4.59603613874611,7.91489749952344,5.57578870073523,5.43826515999608,5.26835070325393,5.60321925202934,7.89215364602926,6.6548762388849,4.82653683375094,6.5806185248603,5.51208064807682,7.0769429232313,5.04632059493303,5.08670245997417,7.31409250185088,6.27124875308671,5.32983780734852,9.26956043194986,5.59518366742263,7.95204290812916,6.3341386724184,8.11057456008619,8.19223611519987,5.71428564393607,3.71999428295223,8.47232844255078,5.61840655920996,9.71010080698287,6.67728084443148,6.87991179721849,5.74976013077665,5.14062036566298,7.15736908146398,6.70572624660863,8.58530344351884,4.55887304859024,7.08852021634105,6.23303898961471,5.63868973761558,7.60870015480868,6.03854287640656,7.48715553848788,2.74259169798512,6.01059627280225,6.57779256315551,5.80723189708864,7.13466900492627,6.17729465240797,7.16386838030566,4.53136174359917,4.54661350166805,7.16693103348371,6.81853788559899,5.56609709901488,8.3294311630139,5.06103053411782,4.57329046164866,5.41302457911921,5.34503441184281,7.66941026310228,5.35259599120703,6.41722434362569,5.53860355055134,5.74858978345241,5.70963398444921,9.60581858814806,4.63191949161158,9.81207557717561,3.97923543358943,4.5256388001684,6.54135646258164,6.56629511631794,5.37254881152197,6.90851076469327,5.43503894459809,6.42803178454134,5.40437069975863,4.71613574119532,4.09594914309511,7.18176469309369,7.48728029530457,5.48323020568733,9.06660502276709,4.6096099436612,7.97589036332977,4.42979300494639,5.47831388352417,2.49111920375721,4.55574225307475,8.28464627893028,4.78589426566972,3.91281451956817,9.77480075671457,8.53135086246283,7.37228732165075,7.53938364139207,4.66035391524043,4.73956781273245,6.9667869104435,5.28783636002028
7,7.75751440239102,8.05145187125101,6.02287039904282,6.28714962188632,9.05950667334335,5.65159861045054,4.71298219015323,6.6484319558958,6.23950801985607,7.06349270327698,5.69020165474704,5.36211056728658,5.85202253713242,6.52913592476451,5.29086674233699,6.63528074931087,5.19772120428898,6.71464238118092,5.66768648412011,5.69644446924113,5.59100368300317,6.15282549771417,5.74381197461274,8.30975347457383,6.08364440456005,7.78425605853246,6.87572701965512,9.21554770706259,6.97662138694844,6.57307973700596,3.36155420564585,8.79444563022764,5.30661224520501,9.73031941029396,6.41333593313139,6.06863819665258,5.63606147408211,5.19373388488433,6.99535665529277,6.40497646786212,7.99822882200024,6.12652059971348,7.47431260900607,6.40157870698949,5.4639230648847,7.52728610326284,5.62386937977986,6.8253098684218,6.81541306972446,5.7839533755718,7.14429379090525,6.86662065935464,6.92117362547941,7.57169849834309,6.21187265984765,4.84189007269584,5.39791682286643,7.80722988017528,6.29074136003932,6.01496415578499,9.01099392182563,5.69886961624491,4.74903258200623,5.53048145192906,6.0105647627911,8.4749461328307,7.27521801299992,6.70384419266162,5.93980684789054,5.99588880097614,6.11848655163695,9.33973985849729,4.3298737307954,9.72119877675612,3.89073247555086,5.31204796967634,6.28306488859286,6.39879879311814,5.25009309620949,6.86725374584746,5.00233125434688,5.78109711415164,5.79214901132635,5.76737072889205,5.42380320783949,6.96475915673583,7.29435261783009,5.1429237075182,9.06185814910488,4.44180400337046,8.01185730148269,6.22320253610899,5.46066102735853,6.61613161663031,4.60804550818495,8.47341383894406,5.53707741122646,4.7000187214471,9.19936083434193,7.93608004005067,7.82818902415533,7.81149421182687,4.97824771805154,5.69229549573619,7.18664374226992,4.89989046797415
5,7.62493053803504,7.41555462250534,5.10483797322063,5.97605827534112,8.5674473222857,5.71359822690306,5.04209141645172,7.94672357635095,6.15888562939241,5.09000296166702,5.41687047132331,4.84527024753543,5.09956404655259,5.60742111199434,5.0913792192511,7.13462330472549,6.23776330613576,6.71913373845751,4.59579320641486,5.52660820233435,6.25907945306137,6.68334131737781,5.00420300092357,9.25884449314343,6.38887314988634,7.9702612035302,6.89209636525119,8.33838976869981,7.14625496680208,5.72914824338752,2.14666132797901,8.05238620300905,5.40987297546318,8.98968762187404,6.53162960485224,4.88640257510303,5.74691627639144,5.46838703357194,7.55952158577295,6.45750819052733,8.00666265880422,5.98101755831119,6.93744370418256,6.24260460566066,5.53803874947987,8.12857428592766,6.36190344761252,6.944908686538,5.0643917146776,5.59466039959141,6.44315115296752,6.23106096861608,6.71749301833278,5.21884513464138,6.56369934333883,4.48244017920958,5.19527721494416,7.16726311279267,6.61696175789866,5.96891809057282,8.59807714081165,5.02738851036924,4.30480402828712,4.57950294074847,5.07180338785082,7.33912998296749,6.81660149805312,6.39359039761292,4.99532273020309,5.61663677420729,5.33943928143675,8.14580315987998,6.49504873323995,8.99110561066168,3.34731668449522,5.30789591796299,6.35552697277573,6.1438177900171,6.98145532225057,6.93878416096815,5.41179563042076,5.96872589062827,5.74427295535035,3.5159521322733,4.55537724631361,6.97924666265088,7.58712631323522,5.34668107946752,8.7744481890685,4.42422484457272,7.77597757289239,5.80236248322652,5.07647123327611,2.03962350739194,6.1035224503382,8.17082095521229,5.06481473237318,3.75420157862659,9.40948476251764,7.96215386165567,7.69182105851272,7.57191934414911,4.93051418837455,4.96013869749117,7.37342633603019,5.51048939640178
1,8.12198078557177,7.40120761814629,5.37424740617554,6.19093040645424,8.93682189855813,5.79992270650709,4.63149687047921,7.12806620946615,6.23195809502303,5.6776983153271,5.79694596889228,4.7284269440649,5.76657032167953,6.53209098642419,4.91292044999505,6.70064022511125,5.69677831956962,7.01430735041865,4.08443699300688,5.08176147401518,6.55423820813619,6.57413780029566,6.00910573078187,8.78715315259876,6.33359856670618,8.22620798033569,6.25365318112551,9.03132051863102,8.29384381974393,6.57408539940781,2.94806856395431,8.60698392909538,4.76358373089402,9.24210321326334,7.03139533095369,6.67905913375193,5.88553286446371,5.23035767588495,6.86062947771807,6.46564282344837,8.59352945241167,6.34226253562483,6.28319993194221,6.19913607340632,5.1981963506724,8.40100986562757,6.07400175782859,7.27568010338156,4.31366294111676,4.76299823691018,6.21661246848698,6.50990172843088,6.89110310307339,6.65818148954376,6.45108402788743,4.83189350868209,4.89416504968165,6.37268793532888,6.25812273835925,6.30609722203451,9.14111405197946,5.2665231195432,4.129184745571,6.22328633998035,5.42960189081943,7.87153973874952,6.85725487288899,6.02047444669952,5.38771428336668,5.48407906648671,5.52544935910438,9.75145368700036,6.40273483993056,8.30010002878589,5.67233049720995,5.03531201029774,5.71348555185394,6.1249892665823,5.37063476809621,6.94662930370215,4.57815775755106,6.13225041855046,5.43188362073286,3.79651173681878,4.17356826653973,6.68225924922969,7.10404403370213,5.07408714264402,7.82838415920601,4.43763314816367,8.01291886070319,5.3447604101868,5.48626995373251,4.7164742608563,5.09631816234939,8.15155597778845,5.3036229461715,4.04873726236818,9.24926107141028,7.67126483375476,7.58740333089786,7.56588712063127,4.9562674596117,5.7451892263061,7.24300024818736,4.10377045441967
0,7.64987728255173,7.46360201334487,5.65785402904153,5.8856637479422,9.28343600302128,4.92380643032581,4.70343563583179,7.02661764575635,5.77768072749381,5.56140745528803,5.45638368656475,3.11429969214971,6.6407407198485,6.64078984646003,5.86680409734779,7.94755352668485,5.67427565792234,6.89526860681111,4.56995207361639,5.692097695894,5.87043104657687,6.02423310751193,5.86962668539366,8.52973514573379,5.91695694506477,7.57125259859836,8.02135550616202,7.65629587370993,7.84152222809575,5.96515851498949,3.43093972853562,6.88473131015752,5.61257563928178,9.56743438969276,6.95701246454699,4.96529935560926,6.45388074135666,5.109628622715,7.40036472468972,6.1692387065523,8.55326560932655,4.30010907811554,5.9388523925082,6.09062806489181,5.25960104907774,8.18663349888602,5.91128640279282,7.68006496498531,5.54502633973044,4.83569267601404,6.8541074092151,5.33763772122481,6.87757792608235,5.86176924654575,6.74430489883535,4.28181886570619,5.20659627434502,7.02679231617713,6.10353495586956,5.85513421884441,8.67897069543888,5.76972303812412,3.49794409712307,5.11058315859477,6.76050191282924,7.77995757259157,6.416205102326,6.4161228550577,5.3664202391976,6.11086993627776,5.0434486398978,10.2206113587271,7.74636826653707,7.93908091829849,3.97438062065085,5.73924990799279,6.17258322863203,6.27497732159301,6.31136836267295,6.3441930174352,5.21477765465202,5.61157180690834,5.282474185576,5.38444075633621,5.22662209466178,8.13058409989609,7.19427838186939,5.77561917583954,7.45407664371124,4.4045374124809,8.513955664882,5.9100820073491,5.29605763004293,6.63653417650899,4.4543057972189,7.81124689607121,5.60667089829083,4.16820828723474,9.64647129244947,7.93851169013357,7.47760427184484,7.53458674918288,5.43850159145327,5.67739420281935,6.79286027862765,5.74661261933612
2,8.11783388739031,7.39348531566166,5.59164947067717,6.42031669007509,8.98803033111493,5.75480828517033,5.02668222222137,7.16472666775914,5.94407172476658,5.57471236440035,5.63067564242353,6.45080683778684,7.30168033184506,6.88794987458718,4.74244935735354,6.92049426377283,5.85021597748146,7.24952698545337,4.78212373358702,6.23087254563986,6.28062224115018,6.50737622716364,5.98375614426748,8.74466963534664,5.72704279119694,8.37790245965159,6.72357298180231,9.14294729090024,7.67876708293203,6.05547798339334,5.00093410336898,8.34756296227736,5.2960604272629,9.66212727608908,6.76356319609645,5.56675493518129,6.42071310208604,5.59715499685171,6.93205196854796,6.60290074824271,8.90006434359822,7.24498236436825,6.66032830629777,6.49597118999275,5.50948599547817,8.00279952919112,5.91847462603378,6.84523449141007,4.84521735344774,5.75862989503373,7.01590157083751,7.0803637879583,7.21341209661477,6.3751243922199,7.1039667347471,4.87461074602327,4.86718667548038,7.18040681355752,6.47703018148616,6.28419177850974,8.97530329519379,5.33249602249533,4.48095673812429,5.16916152446579,4.75852355364884,8.09424351822436,6.73114202392791,5.90473715176612,5.80292615349449,5.94718209019064,6.30374350125218,9.44911841021865,6.20130827566559,8.85975548446178,3.52225926290457,4.29940994610543,5.73550008780983,6.61357197512792,6.24519637786133,7.13241816680208,4.7711933568481,5.34120797283285,5.48363314079994,5.22428579987791,4.36807118323493,8.26580529342432,7.21190379698422,4.94551164118043,8.69441853317127,4.52573438439478,7.94051492040882,4.62746304353559,5.66482868147594,5.85177343522231,4.49690108959848,8.44282337912128,5.18976527142415,3.97391099492848,9.09151044321612,7.4490806932037,7.34494253772678,7.63643398203305,4.82944358853482,4.55403676266896,7.11135152676077,5.22605596787987
3,7.23666778125643,7.63169113051589,5.72701552847769,6.29839208140911,8.73037003685411,5.21062785486168,4.7176647437343,7.29504893190657,5.50998737065614,6.38501303167129,5.33163579985297,5.57702426551502,8.40563267530523,6.82146800297626,4.94316420183048,7.02755117894604,5.74345306656797,7.05405450900221,4.54896972186143,5.29159219782064,5.45526427653122,5.94964652757753,5.51879960709854,9.41698077908849,5.9475835223633,7.94789199264685,7.74991106355177,7.4722838269876,6.53179236176227,6.2237987800526,2.32619886592279,7.82775005269753,5.30058336867202,10.5809664324811,6.41736867094361,5.86860805581345,6.03288297473354,5.65488901744073,6.71937821304992,6.47980484018558,7.90875468258615,4.38571527432957,6.62630951609323,6.06423265275134,5.33553450716479,7.4608153824397,6.49157924732982,7.03930377953672,6.7656135096435,5.09626252061147,7.1298277082819,6.38767525746115,6.85025561321753,7.4990896958685,6.52963285135564,4.54282902897584,4.38060017576674,6.70906939566631,6.794717313586,5.79696106000125,8.70890427849994,5.71334435257635,4.77642044124546,5.15190527272329,5.22959384164629,7.47789444833018,7.43141599753149,6.32546628264044,5.75158498509908,6.02561524144998,6.04347762947583,8.48598629640518,6.09906457196874,8.92325575686021,5.3635886896212,5.33567852783063,6.12848814425222,6.43904370404719,6.52347993054508,7.00527695723701,6.10759777104068,4.74257563669652,5.63124387471367,3.98076324206309,3.84458516966039,7.17411304100812,7.12550022828168,5.52842947431886,7.89848785896085,4.45131219514463,7.37668147766225,3.34144141791139,5.75134034857846,6.28699419164435,4.5690004108718,8.53803267104876,4.8853805269399,2.83285301534714,9.55358292591735,8.10903672453144,7.51350541526147,7.35694928568898,4.98586581304952,4.87120710787907,7.23946917390755,5.24874171645964
6,8.99482960731146,6.99624954831586,5.70707920317188,6.31892070750063,9.16352166921691,5.80730716866703,4.91584991408106,6.86069741364112,5.97348640480276,5.88660363833167,5.59057394999346,5.85614211731949,6.31775160706108,6.20024982809932,4.85694358528218,6.89244958874993,5.57505860661279,7.14635618417812,4.49814800809785,6.17960157670465,7.91601325358486,5.88798015267302,6.21770978180014,9.52666876306069,5.62227004430374,8.00855471146483,7.42571826623984,9.22326622019907,9.28588975981253,6.27216937608659,3.13286599863038,8.6272853116903,5.78713502154339,9.32435712799039,6.93794984433102,6.99930864061975,6.04460700419065,6.12855949557555,7.12612027541407,6.47136840324435,9.5310297814703,6.62013975012028,6.62222508234621,6.5316881259036,5.00658373811953,7.71189256864775,6.74564524852931,7.7923662347436,6.39959383614348,5.61838370068685,6.16690265466803,6.77973271701009,6.83886239382097,6.14145744744985,6.21690971578849,4.49324805800441,4.3369240948279,7.80981758265548,5.6964120523729,5.83752362845998,8.54425305285971,5.20819240037635,4.88577402945476,4.8518909570749,5.69815319803063,7.36640302780124,6.90580706662731,6.3268047730559,5.56984176880874,5.30537901417671,6.43702019333492,9.23318191363974,6.65322275274185,8.90866936923042,5.67837234865058,4.64503200271381,6.31616356313326,5.86004919783443,5.98228340362352,6.91032889674004,5.59575715365077,5.00904898513452,5.33551229376545,4.63886763874226,4.55354943719715,7.41377623240308,7.04075686736573,5.35155474363764,8.65093392433989,4.21280347178656,8.66788092723102,6.1417712138954,6.0627691775302,3.48786514759677,4.99004868449185,8.50535736874793,4.50452354887548,2.52908204986492,9.23235906721266,7.80082662926533,7.84649674784638,7.64385640996033,4.70326481095399,6.02224217722464,7.17497933347671,4.30759787455886
2,8.43799281626526,7.36118193708307,5.13735042666047,6.24670572057658,8.89079890999529,5.01743681640621,5.676279390141,7.30258153583924,5.99339375797059,6.7406320348937,5.41743396731058,4.58354604893406,5.05560998290408,6.29950065171455,4.74373548189995,6.78887397636711,5.23487182985254,7.15740650081215,4.86977582303315,5.61725562347071,7.24731387637322,6.37909733613533,5.8718262029759,9.11930654223577,5.77368909693988,7.92297140422182,6.73945307531674,7.19471449688819,8.99164492432787,6.12668655881502,2.34023723341924,7.02182027929819,5.30276880201566,8.12650083161874,6.48273917463586,6.07109191303014,5.74051857770312,5.37425994700653,6.67383732053825,6.60392567622159,9.32447351732719,4.00910514583414,6.02966246573031,6.38904512454589,5.67722648800162,8.18514542239677,5.51246094243344,6.41212716270311,6.51356398288779,4.96254294109802,6.89819154427787,6.21418118345947,6.70196510337087,6.38699912196143,6.06955393553002,4.85698705059093,4.89204456687283,7.36311953800612,6.33247055172632,5.38684626532786,8.61153213729132,5.75473252640958,5.20962620822905,5.95632177207908,6.31707723260326,7.7130594557828,7.05584007345083,6.54506829952381,5.04642739089955,5.77447622654142,5.67238165043938,9.50861338260244,5.61840902477326,8.61316583142511,3.86226120134931,5.03729231623214,6.39973478745071,7.16824131129761,5.6830253925224,7.69969999115252,5.64426123813874,4.46969708744577,5.59994044963425,3.87183429463449,4.67523567975411,7.19472908690758,6.64781068654841,5.99801215100592,7.5984940324347,4.66665727840973,7.84114185888129,6.36067670701331,5.2548402008035,0.146595761906296,4.64578123908627,8.40826628783754,4.89504513576932,3.80518699857954,9.72117254593861,8.34607606229221,7.70899909408972,7.47708303363913,4.93469844578872,5.21126022192635,7.31776992520701,5.18354141944802
4,8.18613856508048,7.53619734788557,5.42354293553726,6.3653290041017,9.00611185098614,6.08591103584332,5.02051183420357,7.40291325967332,5.35965221006149,5.80742975637198,5.306611861718,5.51843146418713,7.45529073662691,6.51017133621136,5.22401864253065,6.88239018837042,5.80811152687433,6.85958176476456,4.08532776351077,5.55573837588531,6.59733245718705,6.26980856727215,6.23199217423091,9.18239300165845,5.87537557849831,7.72470648194788,7.15842578884835,8.64926699793514,7.63164280815468,6.27363829350986,3.51626213918315,7.68853119703643,5.63500161864799,9.2778381194234,6.92794596634101,5.61183807517862,6.19882423038552,5.26953617036693,7.14814225488238,6.38384366925526,8.64901971371725,5.60887388261685,6.23646967770558,6.15007789281406,5.34882386374993,8.39478313602581,6.71490225905082,7.11518481560219,4.86947899942936,5.28908762334846,6.77292201560177,6.72262179654961,7.06261695566727,7.74762233154276,6.67750039511223,4.69736029603749,4.64438604621429,6.38699741418769,6.48020786225514,5.99081030339312,8.57716500062695,5.42802890513238,4.49181934678163,5.28978153620552,5.68225941293686,7.76269390867255,7.16997469931454,6.53738126858208,5.4310506715539,5.76520799154965,6.39041826034972,9.37579532632595,7.09115456098067,8.63809675196885,4.61498547205024,5.09035930814309,6.1877106999775,6.4224825684718,6.13183897826263,6.40568560886865,5.2907671383773,5.84249235360899,5.38992152406756,4.79520747253302,4.53492794246319,7.6289738296841,7.1852813457941,5.51965889657677,8.13803411765376,4.58316748344707,7.89263038065012,4.8152325330776,4.83100316906994,3.29994648450658,4.82514040318132,8.18019385678288,5.1352365068042,3.38769563243451,9.3918925952056,8.03813533468156,7.29640708771843,7.65076645115992,5.08712307182165,4.60177452064722,6.45089075391804,6.06676776426076
0,8.36425236210257,7.55665016048804,5.63788695775508,6.43292539831541,9.35119040033075,5.43702274319851,4.99691143959675,8.04795925392055,6.21566133339468,5.93339834380612,5.31183106007703,5.44508891368498,7.71448813134477,6.08077598326687,4.60548193818432,6.94254649157938,6.07278612847535,7.41509126858567,3.10934453449464,5.78337548146277,6.16355883211705,6.06887238880151,6.33354974977529,9.55279167020292,5.86019452948533,8.40393699942727,6.7602013447213,9.38000510855912,8.39841902373906,6.05507403484101,2.16070303090765,7.13847569168586,5.86024557627694,9.39089091693006,7.03303406025317,6.62852587129956,5.95445968365103,5.19234706708016,6.76859018956159,6.28004133094416,8.81839535189861,6.66741377946054,6.20671367844103,6.28235159801759,5.59102344830628,8.3552424998191,6.03673949897883,6.61167244747135,5.94988037948341,5.04724244498663,6.63554918842995,7.03972504305029,6.93995819545274,6.93358715256443,6.38047398030271,4.86373097500963,4.57473087783917,7.58198607579127,5.78084778396513,5.99578321545712,8.77769399025211,5.95856910329906,5.22841667762243,5.57687379694657,5.62102184540567,7.65660749120934,6.06742374364009,6.41532503318957,5.55295011639675,5.99023318635422,5.54978317430373,9.18414261635101,7.38499777082297,7.77937668078538,4.42368626411047,4.80448507697166,5.83659551658061,6.63625154419916,6.45696638913644,6.84247157675865,4.87460726509598,6.78788629147289,5.71401700605622,5.06698317903674,5.00085347260231,7.42921885295062,7.14250245773873,5.26974249767612,7.96614622174863,4.50295721195149,8.61914946004998,5.45161329325934,4.82562320031065,2.90215345691052,5.61926264285141,8.65212994371499,4.45663759119345,3.40922719095229,9.03420182647932,7.22449575695776,7.08790650809397,7.5724132740734,4.90750008393006,4.83825734614406,7.00636069064091,5.06333561065622
5,7.79209964357976,7.40225259641488,5.44470954627754,6.21229936816681,8.93962792945707,5.87469404981921,5.09948159273178,7.66776075469839,5.95709587763472,6.9699448384089,5.69369619233848,4.5382763316285,7.804952601436,6.02845638238247,4.3465652780697,7.02738987190595,5.56829177753598,7.52934794731057,2.4233043681636,5.75333238247501,6.28901784658155,6.70649168291729,6.09202793273527,8.95190378198746,5.99986202219302,7.92667221071066,7.07740775769114,7.86916659254859,7.7220554484906,5.81209517448282,2.2478475776687,7.69180095031574,5.64911613507088,9.07611862835869,7.02068263999587,6.25292901888437,5.83052648303389,5.20902664650499,7.17872167087546,6.96914449648473,8.22164944970129,4.86583766921476,6.65643675811196,6.33463896011173,5.53757921275822,7.9076752005039,6.1848246846036,7.11333863447222,5.47610944049164,5.50916693622112,7.01458264211123,6.89412375777897,6.90571628395904,6.68979680717129,7.15831767133664,5.09389787759757,4.35502795164599,7.68809592361803,5.95683850339964,5.69261098271394,8.66980410225432,5.17080434248517,5.55516770691175,5.4643615137444,4.94707967638526,7.72852814986494,5.77401149209989,5.82622396035123,5.56787176025953,5.57853079738902,6.31074099737255,9.42389297372385,6.03885546573098,9.09163599634291,4.17001260538771,4.90947453593466,5.99245709979091,6.19978188184929,5.6680227584802,6.33988493024706,5.59564079748344,5.2779685617502,5.40912538523926,4.1672557557007,4.43602361974663,7.38232505567041,7.1596783751622,5.89512813843798,7.98729926699194,4.58213430155705,7.83429561361425,4.72482645802456,4.90457526644557,2.07863947874119,5.04191231944965,8.52957088575458,4.9759323797098,3.30355208368681,9.46289617163578,8.0872711617275,7.91971399724372,7.6576133107573,5.07461267910754,5.17949596641297,7.12201840476729,4.3865521376054
6,8.87522052278587,7.6042806011018,5.4421858864489,6.27839886985627,9.01161424303735,5.13158623105038,4.94387286427794,7.13925471894921,5.41736252046849,5.72405464716278,5.57204068876497,6.11420893103196,3.80486775068694,6.34752503612461,4.44148601053858,6.03633033959079,5.67328648826662,7.00515427003879,4.17597475422482,5.69704749756688,8.0602543789876,6.77099659094724,5.5898521100165,8.88665730302534,6.42122502655674,7.63532189199197,7.48997804737395,7.80353743270849,9.10369961440546,5.8765767918422,3.18928745756723,7.52477932497974,4.61630696934622,8.93680466053171,7.26127041962463,5.9799069866879,6.036398725076,6.14186501341704,7.13825874809025,6.80395861990936,9.13027378061017,4.99640285802915,6.18656540713448,6.34933623912745,5.79795780771822,7.87742965998143,5.84651532913431,6.6210401661965,6.728570049296,4.86150291721864,6.89633185344108,6.93303615797731,6.89769516787774,6.1374721614586,5.8722137637793,5.07972330684712,4.97243712907911,8.03717510888082,6.72690489631164,5.87524728991969,8.72114701246132,5.19822831098379,5.4058062057714,5.26585618948562,6.23510900588473,7.36829582878929,5.55098235096343,5.4377695073057,5.35397492466692,5.61893048413448,6.1611683403852,9.65033938323046,6.25469890589377,8.79997277554128,3.94071309958391,5.16613303745204,6.22019046156524,6.05265766954786,6.20238962947079,6.71016224820187,6.67590309737192,4.48275300886534,5.27839763278029,4.99077797137794,3.82855367576436,7.15957479744232,6.86538856302983,5.75355725326101,7.66760649811924,4.99503687231848,7.96406784392634,5.06508686913321,5.45286242658849,1.03345962985819,4.9397058112959,8.07842801015807,5.11295076089113,4.56340429852878,9.41953169664364,7.97361282402425,7.91346987150521,7.78161155185525,4.89489738255169,5.13734144877106,7.81526085447627,5.95264182423914
4,7.80923892349542,6.97315115154362,5.93257666779063,6.12005888163594,9.25119849767067,5.76742497251432,4.62585908661086,7.60138342409089,6.40589226309037,6.35765502584033,6.25962578325123,3.53444311616284,4.75978204772094,6.20896886247765,5.29783276908196,6.79413725288986,5.99572224709668,6.80656192125566,3.49926887773914,5.15316795736489,6.17812431563474,6.69164201785808,5.94217281511362,8.40514842470711,6.6770698137699,7.7783459323283,7.20757105155558,7.47223726287503,7.59561795846989,5.91741722526941,3.07379354657562,8.20052992750058,5.52707345530901,9.26702427235649,7.26131739014105,6.48601960020832,5.69313470177964,5.31013063624018,7.187977666172,6.21782314243821,8.50760331737297,4.63173271152189,6.7140018042531,5.86752774434978,5.73193153342078,7.35647652907571,5.81896492059514,7.0923679127668,4.41640485243489,4.91139388424285,6.67160894930143,5.96149010334583,6.79116681385372,6.18626695646623,6.1333332156733,4.47262487016919,5.68996825834824,6.98385328013591,5.90577152976411,5.96184849621292,8.32540306546233,4.90212757956628,4.479511861165,5.33986625053763,6.18229011050724,8.32609056613011,5.58450972100159,6.33239784540098,5.78226689785347,5.52351042562347,5.54701996715714,8.22598794769523,6.45129098013434,9.06047324020716,2.74421732554796,5.12914292550911,6.21183612988399,5.69806952619298,5.96916909609082,7.66025504337292,5.31758043792236,5.12409132986161,6.0600263211323,3.73365725057682,4.81748793845125,7.78631748574393,7.1555116519381,5.69967168653798,8.25844378153609,4.74091881124596,8.68274448706063,6.62764555570409,4.80662088029456,0.649481889104603,5.69092313626774,8.2033380975856,5.45522633173045,6.13277720050079,9.27494671231823,8.00553620694413,7.14136321383946,7.87475920219199,4.84500565652972,4.73900335422968,7.39485000368411,4.3962165922555
6,7.79087611802826,7.19866740529567,5.9726465901324,6.1796088759586,8.8387175184237,5.42562495265439,4.54863262838723,7.63939195665755,6.19036230591091,5.88143093211535,5.44812715953056,6.4652639404181,8.04385683078337,6.16871705671237,5.25727873055511,6.73462007958233,5.40164591605639,6.81042664397224,4.47335135945794,5.33469719275847,5.91868977655919,6.5771717320488,6.35482979615891,9.43659270688502,6.03484887660703,7.70712688139424,6.23492034983566,7.42082244523317,7.66068910068983,6.05289568664351,3.96125232323414,7.8191149767998,6.17975217198016,9.97058434850369,6.55530736770618,5.9796770025671,5.97461352592478,5.84001248711309,7.31678927841744,6.56697394155284,8.73329536836535,4.22740695562495,6.05702366689929,6.2718040042002,5.51465883107891,7.67496577172589,6.06384425827283,7.77389895115084,4.67122954245816,5.25097180120396,7.39526408652272,6.36606547224859,7.09726197696435,6.1122080476033,6.90938072655997,4.62529615923568,4.68537419826795,8.28403309087819,6.00807044855179,5.77748510946911,8.46541941309389,5.12796513857236,4.05227435098042,4.94703862129094,5.2784217743906,8.60638162957767,7.36199535081579,5.99877499992028,5.48306480051555,5.66695336109313,5.94934003539416,9.80752157768667,5.42041556001115,8.40841606878518,4.46731961106596,5.09136285121193,5.92431404991333,6.2102277774177,5.91086538897866,6.57293059379613,5.31482519102158,5.44448670091264,5.74063042229098,4.67546482530065,3.89960604511588,7.86125951245025,6.71723531993712,5.63233245757852,7.84562020298401,4.28188311220911,8.62085217339421,5.90719934181003,5.02085090119237,6.13570209775878,5.54776246099321,8.38919090535369,4.82176611198428,3.32144318997089,9.51096570001322,8.00977827068096,7.1057920340481,7.67920619437376,4.83380168876346,5.20297553650834,7.13198647497419,4.64920838915787
7,8.42127469131271,7.47194193041939,5.96924705032629,5.96529827614534,9.14484887328526,5.44827349949023,5.02782034396883,7.81587407305925,6.149590198383,6.4305440188778,5.31833143169591,4.73305385585837,7.90757475365959,6.15230750023564,5.0514992532177,6.73857840736039,6.39964974108669,6.93925505127659,4.30159304072006,5.76386445686768,6.91532019831312,6.42070288968195,5.99426167234097,9.08535236190379,6.03309581120784,7.85314753639519,6.74602182216714,8.64618332889933,7.8945875862645,5.82542551181098,2.14450664584171,8.04767509134422,5.80535100930929,9.65872321420802,7.54508282998186,5.53751158668736,6.32567899310637,5.37094012246029,7.47948307308228,6.40355008691596,8.9851259129038,6.33065633848995,6.30743859237227,6.42186646665906,6.06073055797987,8.42127115378003,6.33478578989063,7.16945458314414,4.21688516077003,5.75868121285667,7.1542270869848,5.7030328663898,6.92355871839727,5.88569287486198,6.62257307833076,5.15066168006533,4.64358572588823,7.24885526294577,6.39632728443157,5.90551751791259,8.56200561564032,5.51892811068214,5.13262273150375,5.81143888715093,5.31412745455162,7.94902233012247,6.57775870892373,5.58681027045301,5.32478657564754,5.85792162639577,5.73597490430016,9.61516377144113,6.77032359461891,8.55767865320226,2.9701090080551,5.33471064179225,6.33519262384708,6.3479577926765,5.92908467181928,7.73361604121888,6.22229704865813,5.41520491218376,5.71489291389858,3.58374548913085,3.44831355431735,7.19122901956825,7.41353015585569,5.35496693637997,8.12274877645657,4.9957589551205,7.59024350407596,4.93815224397989,5.29492732345459,5.14471304398544,4.95042066569482,8.19405197997517,5.18516839605744,3.78584711631838,9.09222704080651,7.57575823279311,6.82670011436146,7.63738644665919,4.70852520927565,4.96266653472407,7.13976854675829,4.91908340895282
2,8.78210380765471,7.87921827052576,5.68565474014335,5.98908753538811,9.37618341295598,5.42468428517256,5.10925698780102,6.96109801071667,6.10052853317346,6.13424713148126,5.26758352564824,5.11010210184229,6.08502311051397,6.34638113205369,4.68246185207746,8.00717480640012,5.30857272180278,7.27597556523646,3.99039805679103,5.61207647229378,7.47460657257979,6.32162093793451,6.27683242371927,8.79806040645205,5.54192731680064,8.32062844589015,6.61939865637223,8.24836899530576,8.63358387994512,6.02361389575712,2.37493563004456,7.57512602678632,5.29203661686321,9.46644415522936,7.32806458832256,5.91242389387825,5.75724355096072,5.24486260815179,7.52712887054692,6.68934715415719,9.25769795206466,4.66642186070016,6.48473243355196,5.91467408301857,5.07338555858658,8.23989361530134,5.47840332656265,7.07010478649347,7.05971617354125,5.00535635631231,6.51955076072437,5.88261677106198,6.75981307233231,6.97946571629303,6.52228889731717,4.73960738141879,4.82078791911809,6.69751869738091,6.25343983650347,5.80830954497265,8.4449488931068,5.30442382258789,5.14902096931588,4.79612824859882,5.2471159838027,8.14986858464253,5.13823833117176,5.8688156787953,5.63473808593929,5.60405467491125,5.4000703709078,9.55500056947961,6.40055414457012,8.89806380322432,5.40117168628463,4.66520512250872,6.38553440621613,6.41806380844758,6.51211949641164,7.11752163900876,4.65621289781446,6.01558143576299,5.72232242334403,4.98777966969842,3.78248934461096,7.55433500191493,7.51059101367482,5.57594117308118,8.31551520225352,4.3414521583639,8.20350997296733,4.79445559437286,5.81754816187606,4.31179900374151,5.1588549773114,8.35265236468481,5.12346130871625,3.98818857344038,9.52939582071774,8.17158697566043,7.46314943881065,7.26145455809719,4.9686683802494,4.04768600896863,7.39342738011978,5.21263099973496
6,8.42241461409034,7.88642034068629,5.33290072708772,6.17112733580457,8.98154198304454,6.32571315777257,4.93091444139731,7.33161020552108,5.78660897310971,6.54712680341582,4.95782614491858,4.77771099574638,6.90826875620017,5.88673563273297,4.12913948765895,6.39957409246222,5.5932052402151,6.31986482682399,5.41147697258122,4.99868281505762,6.79138409589123,5.50664643593602,5.89972047477982,9.27283175042976,5.87829646601209,8.07996452604017,7.02393502952431,8.58414617323812,7.92256959166314,5.33838266202997,4.15402994977059,8.37512198147241,5.98921042856589,9.5670424608511,7.63386473874249,5.89478250782313,5.64778454261061,5.83214241652735,6.78388588538196,6.49786514729268,8.71392293245863,5.8505815168273,7.30521899635744,6.29765346760008,5.91663614469963,7.70644012686946,5.83984625593602,7.16481505904517,3.92988804315247,6.01652725447373,6.62129613347925,6.64019298223259,6.93041470846198,7.16453021245381,6.83342497493647,4.73926195633315,4.8100328596247,7.68349035933568,6.37000480612627,5.84732544011336,8.36918620930777,4.81589253103264,4.80325474525938,5.52945883205259,5.65951093794316,7.81039472904015,3.99739021083618,6.05502663871799,5.41522526184432,5.67540154186939,5.99037559993773,9.3550216482173,5.143577784604,9.86990911424546,3.34163795466308,4.7109054767109,6.01621036315032,6.40280187302376,5.66558790678619,6.79065677387167,6.13126054595377,5.68559385743139,5.45082515527989,5.19051604549451,3.98284034659968,6.88470745831912,7.61974168579521,5.59584174190857,8.96340223839525,4.76532972002163,7.65924053861481,5.1861600302694,5.77225437530158,10.1846202318797,5.43689441631774,8.2263399907039,4.79814237200483,3.36730575346154,9.54930977847866,7.82912645026488,7.34702236148341,7.92085586305368,4.45631933370968,4.92266843222688,7.52113831393356,4.8122872283067
8,8.04014847626244,6.76670613027465,5.95142977381725,6.31875664558014,9.00407560025309,6.1707823162378,4.95840573730489,6.95828096116487,5.73366452834012,5.69375055230898,5.50036439169899,5.21897053619646,6.6501036922184,5.9980590773345,4.42885636225515,7.16799780580666,5.77621714282992,6.92470551599783,4.84307072993986,5.55040878962934,6.75046064201261,5.33938264804992,6.43317621007156,9.2344006335727,6.11443343901542,7.77359094177574,5.87101192559636,8.0107425865073,8.3406953332488,5.73842723399938,3.94425854440538,8.87502524328714,5.47813856277267,9.00971697244326,6.61599451513359,5.75471713336921,4.92662029664484,5.06960687447043,7.32286331908994,6.44819236469215,8.78882201880331,4.04519076615869,7.31181261503865,6.39724479748166,5.7156061195984,7.6977127552896,5.90840422459768,6.79279619240845,3.56309756739341,5.73959908925028,6.55488705708742,7.26632239238992,6.9052151076705,6.91723606066431,6.70551234385375,4.91563270701137,4.73244210716868,7.44324024580704,6.30576751305631,5.57824036057471,8.51285540931862,5.08019836444436,4.87890724904892,5.50157882357489,6.25084776755873,7.78830848010501,6.768278976354,6.12471600913438,5.76865263626019,5.39479575806423,5.93944874635003,9.60053026190954,4.21652883749886,9.72276120719043,3.53276883920454,3.87301719134537,6.22188258460437,6.33021041006248,5.30213650965489,6.82544987523083,4.98790338978494,4.93827872751833,5.61904526600587,4.76019840760661,4.1929470994529,7.93823340709077,7.30280387363718,5.65711873203751,8.97051433342558,4.56382500811367,8.13396149211722,6.47584270413557,4.90702892811677,9.11944309933906,5.12895873760413,7.97665585455847,4.85041287774182,4.64668723373331,9.45762727359214,8.44145493120888,7.11566088462863,7.41522773333126,4.77209932725474,4.06999605133872,7.43327822577661,5.77980041058583
4,8.87923182216922,7.0253874837634,5.93832642172986,6.16124757454033,8.57690835127331,5.12174164211431,4.48019778335152,8.13485113429803,6.41080022723269,6.40842198428168,4.95817240422021,4.21309887049787,5.55416718843467,5.76876708749943,4.76562906581486,6.65296888871443,5.84794630241532,6.96860223725637,4.35954164206417,5.51487290649111,7.73886802480647,5.67016205816631,6.17045063503743,8.95976276429732,5.82649713701961,7.15639701316822,6.71036415015709,8.75676998285639,9.10256564656981,5.37946852002178,3.88389094014859,8.16978117051487,5.81795977148931,8.91661863918538,6.95164332219883,6.12581347460403,5.40871309409814,5.23109602661761,7.13984123273396,6.53370852911984,9.31715374790687,5.16088217792564,6.74867561994966,6.48995207255581,5.79443527900235,7.82860502198667,6.07563515466388,7.50618235467307,4.53253366255474,5.63644103470543,6.57016633829795,6.29260653607456,6.97261028079948,7.11203997208019,6.06291601765322,5.18699338390591,4.79086000591689,7.29942751535006,6.21214117355129,5.62577767048358,8.86847661035749,5.0727848668699,4.95930633683196,5.57755803914257,6.13125691553037,7.37609912766473,6.7560624314816,5.95516356790911,5.47752310690328,5.50865165932689,6.13044734074808,9.75540148175655,5.953070768158,8.82829408014308,2.28915707314515,5.14636949052036,6.07066854481697,6.57197244305222,6.25738719333576,6.59082683880823,5.09839741085837,4.7750060178022,5.99474275620592,4.28737313715675,4.31777577058605,6.64964882774307,7.12463375286977,5.98466970383523,8.73263184613883,4.75505143168418,7.67179559415219,8.39257419244543,5.42043015289415,3.90788783587063,5.39621883292558,7.59190310158332,5.21393122978526,3.82677850315409,9.6281988954951,8.11244457283184,7.84579134632259,7.60970182244384,4.87434859854226,4.76845386211688,7.33600562038154,4.57252118896573
0,8.62076812902195,6.91788317619687,6.04256781685073,6.55376198534351,9.00294253221815,5.72165999818117,4.55259114272372,7.48605291785302,6.13831521515446,6.16717708762276,5.49755323510128,4.89514412091881,6.98088211862928,6.67885536666596,4.75920357911944,7.18098260737554,5.25784489523695,7.18379954290991,4.31034559177874,5.76762208060104,7.62857462522373,6.27336459422722,5.79491501556383,9.06628079469562,6.06282008374341,8.13766470909757,6.48455137028198,8.90428615486597,8.3893420389987,6.12097937672527,3.69078200706227,7.42744095501963,4.96238270288431,9.45658190609951,6.91141996400991,5.5511197815707,6.81697925894033,5.25224661126088,7.06614339117326,6.39127012894123,8.83110523793167,6.03030827327312,6.58484757295801,6.0540103271886,5.49938011585203,7.81384809954836,6.30941160812091,7.02919655805683,3.39477233593569,4.66302138723308,6.27704756212816,7.76568035099526,6.90158314683748,7.3540210053927,6.89048384500718,4.65415371982369,5.02444477687933,6.65088328059521,6.5375886619229,6.41699203757373,7.83834621320821,5.27883383953483,4.95096111793058,5.28103236434411,5.21709732451517,8.40931537426345,6.66601249487873,6.4309698759019,5.8736259747862,5.18016691048634,5.88835815443572,9.2886597280983,5.52166161759237,8.20110316638883,3.63319551476887,4.45286326321378,6.19689779625298,5.76141199345584,6.09478594290285,6.42251210222816,5.30953804873789,4.5108868064302,5.60475399780238,4.33118131812676,4.33245557763901,7.05784926996518,6.76914911596207,5.19566568268809,7.94515626733108,4.36908785989104,8.49866872706838,5.87308243676876,4.84505896225012,6.33674282435536,4.51217998268286,8.40935343568588,5.02066105456044,4.06492041522125,9.1455019852627,7.42150621825094,7.81763691290024,7.3952225801488,4.69152097033492,5.0608218771441,7.42927115042405,4.68672355151499
5,8.19663510943722,7.61469208386306,5.91067090380462,6.15341168597554,9.00194487759193,5.55427769657288,4.46378143330042,6.82485108313179,6.19319590336541,6.3061053684732,5.16273728274359,5.71308387087725,7.60871922529351,6.2599763601666,5.29646068557586,6.66822249815123,5.3671506782061,7.07288612978137,4.22895440387568,5.76984402544229,6.96491365547387,6.98660614654505,5.52037865473165,8.80024138278755,5.70056131315062,8.04502807936972,7.03012615134496,8.144580967959,8.2209431485546,5.67819472272821,4.37796642868093,7.97480982368594,5.40354838573861,10.6356822610135,6.76080491873273,4.90563440074531,6.43413838371016,5.5494083419326,7.05197372250304,7.14007288637005,8.7790074049066,4.84964935329538,6.82059175287476,6.35606317835002,5.60563070927148,7.35632841026488,6.46972262689841,7.27137024197648,4.59691386830912,5.51162796669033,6.6405835917387,7.19715843518517,7.26663221486597,6.16679568197224,7.07689224092821,4.61804537761468,4.62631711550493,7.94135007960841,6.65335972300874,5.88350301881397,8.65544717949336,4.98527862649579,3.90800954911482,5.04330621702387,5.40040160434258,7.60485555051133,5.55993225024754,6.1427048881368,5.81157795263435,5.89567038656125,5.97401533755481,9.77128160028697,6.64986970972194,9.07714903725663,3.59063257702385,5.24871688432989,5.93473748626424,6.56289602893268,6.50471554734727,7.14566825663132,4.77968437672736,4.97931484612047,5.63904248558675,5.24816886198237,4.82036075369335,7.61549390142719,7.22669059701964,5.15985706305117,8.40816278610313,4.66617948545345,7.43298020336873,5.88751886956742,4.97963847543881,0.206852901439882,4.9695450537398,8.51370450133494,5.36737450051947,3.42849625576863,9.4361579524263,7.76946537216655,7.15413255767448,7.47477959588935,4.89683063743672,5.19175714344357,7.04608570692415,4.48783952247182
3,8.54998026700903,7.61057727063872,5.80950635948512,6.51205535835169,9.04840256028548,5.05938464862556,4.84053380613515,7.37713108873573,6.26615424314148,6.87932849543783,5.40595489129052,4.96048824652486,5.76391786606131,6.16464375154169,4.34509032626729,6.9297783438934,4.82600958241969,7.21051772405313,4.41380792385877,5.69640075436433,7.07091675243712,6.04940345199146,5.98692925995188,8.7278111132892,5.91886887355351,7.58024585487347,6.75789717370442,9.58891316013512,8.97555396353899,6.79945982898966,4.46485344796294,7.76399253693185,5.39684144954157,8.415958614922,7.01430368297522,6.89981943708303,6.02972241600953,5.6244919144532,6.91997889544328,5.9236423270087,8.97995878774056,6.17098761808395,5.63471051360752,6.36313760113949,5.72052732852567,8.125397759154,6.47220654368261,6.95380303144063,6.92108388360885,4.48163379838345,7.25124193335809,7.32268315034119,7.16917199886909,7.58961906206341,7.19010010686121,5.03491602847244,5.28121088264243,6.86722867212045,6.3314899411344,6.09258790374055,8.99137446944153,6.16164472320865,5.37837408505531,5.67892553030223,5.03510945824083,7.0620537192579,7.12859977410098,6.40317368238002,5.55948795798446,6.24103328131243,5.8253690741682,9.57988882055706,6.68932815112721,8.12258578246355,4.32939762218776,4.81360786551199,5.90942067049905,6.33994167711346,6.44528153205692,6.80485993712873,4.44429141745856,4.52298288589018,5.91799472341495,4.81105819642035,4.87733607868551,6.76264393814419,6.69435600693885,5.21398054481543,7.5882234226431,4.58394678873094,8.52279515057348,4.05577048441226,5.30639389644772,5.23715011875565,5.22253369666181,8.47184283653309,5.20036500885143,4.46853423070893,9.39232357235716,7.48289919441848,7.15798847781539,7.53457322624272,5.01452364121159,5.0837258170259,7.07372523228709,5.03160162818704
7,8.40923217772514,7.46897539701272,5.66798123697812,6.18852480585944,8.82261004679239,5.41475066705116,4.97866384303725,7.71647987243846,5.3613502404738,6.7099379150431,4.85264551270139,6.71321033695103,6.73558066684011,6.28379862658657,4.567783174844,7.13280464554531,5.84580274905845,6.38407822329281,4.96235130698875,5.4848377204083,6.95894631918919,5.96765283805178,5.99816508474855,9.277175536734,5.32604444531298,7.16004052834736,7.34415598805013,7.33796252917126,8.71903640378673,6.2774541919181,5.34538178269717,7.9720080627519,5.34157749270476,9.77535191605561,6.21914871008438,6.13612413317564,5.50699820721966,5.32291434560074,7.38242692379973,6.34418919301982,8.91905193554585,3.89356062701866,6.49781419458008,6.1306982886452,5.63928585536253,7.64663860998176,5.90703518583385,7.11756469796735,5.06180638080494,5.01601230132049,6.9825214361351,5.75113932889296,7.2148768465073,6.09511832104579,6.31770281706471,4.89601533874363,4.00063864932017,6.63229565164568,6.61213357700177,5.77421210778379,8.49262279935055,5.16055511714496,5.55218663744033,5.69664901234994,5.42070785725652,7.02666501174578,5.98873517095596,6.30056241586659,5.36374146753947,6.26142832879917,5.64029969269914,8.87425065665213,6.31696139790473,8.75856617402851,4.05974030607888,5.22395781787093,6.13916441984981,6.97636703668458,7.24508725968665,7.13359087827983,5.32671789309121,5.82772143432019,5.22485423506021,4.38834870789498,4.86800323797966,7.28606600056002,7.1325935589308,5.97473893538804,8.15048494632627,4.69544921391392,7.9875849673617,4.91121156395811,5.18663012057665,1.96642100953196,5.02145951410803,7.8600260894917,4.89955380113002,2.10291824343329,9.70380505483367,8.0306486948577,7.31554342899678,7.68222514623783,4.85757269879464,5.22662427320484,7.04950263098732,5.27098629453794
9,8.357048314952,7.89561992701732,5.34207146411266,6.14501571069343,8.66359808931295,6.29465599729003,4.95140862266842,7.51403589455488,5.71448208135914,5.14031954071509,5.02045702418281,4.84208413787392,8.47245684649726,6.45261915643362,3.95292357153816,6.72654670473137,5.96977551188468,6.49216667454959,5.12726144234535,5.62173124421926,7.01717990524226,6.23713443543606,5.62504774435779,9.35761535641408,5.56598716175193,7.83848189717007,7.19034831986402,8.48901356498092,8.48885875619884,6.57134396778761,5.00348481283456,9.29096392081479,5.25132462102142,9.06548377281438,6.98285130949758,6.79855827443329,6.34978966903758,5.83685631634441,7.21932290861254,6.69841665664689,9.03060063425454,6.65470010301097,6.6389574336711,6.25849849874015,5.32584328321936,8.34075163453391,6.38498019821182,6.71681416021793,5.62236478490046,5.81334013482307,6.62729864239447,5.93977934658295,7.24510249142304,6.71937396604665,6.44515016857249,4.77915980399407,4.53130056615317,7.07538363380297,6.77161791143043,5.83357601364913,8.53625447156775,5.39456672444484,5.5431758621919,5.70057910757912,5.21961824534304,7.17536359108363,5.95467281986834,6.10099024624502,5.17739317740037,5.45879476928141,5.68191065450372,9.66566335739115,6.72758509773974,8.91024749742948,4.29476551971621,4.87236133942594,6.20779558797403,5.60857530200001,5.58591835843637,6.73689959983617,5.48677297551779,7.15981234437159,5.30860517265975,4.66176193553384,4.11724670245492,7.04503686113656,7.55906499215099,5.30988735705299,8.9289693972862,4.65146226214469,7.85187194912347,5.8068879449765,4.80068705147771,5.1284912777828,5.4098463201321,8.75449819762581,4.52774292719687,2.54672189872716,9.2389085998534,7.99797254651356,6.91844233369723,7.53060682214047,4.93315654065344,5.29947587659403,7.24676886374426,4.70627218791577
4,8.44225447443971,7.41640190284441,5.79614437688404,6.08888161058417,9.01954470133072,5.69322102700702,4.57740748701064,8.44833045480169,6.11460713109706,6.9387896088649,4.97240997331671,5.71052036975876,6.97882289011728,6.26955264719069,4.48937204361997,6.07300428576096,5.97818021371102,7.20440030267396,4.65450097037408,5.85620865670996,7.19000799712061,5.61625832434699,5.45664226441849,9.19209554093726,5.70246931495618,8.26116564609028,7.93354516550666,8.23984668418584,8.4215741366104,5.87759330394772,3.87287631011653,8.2185416329099,5.42742861620634,9.25681007582482,6.59231582993816,6.90127607537592,5.61612314112247,5.22559464360085,7.2140890188126,6.23168486315204,9.27481418102713,5.96360606267405,6.239518968289,6.10386989752063,5.67248239966238,8.13268691258183,6.27104835647396,6.09334040863213,4.63510121797387,5.01882926510419,7.03098880212513,6.19128191998529,7.24894405738326,6.60462914331289,6.78384423772127,5.19874804089819,4.1854437183583,7.14180696893772,5.80702527591369,6.01461762905985,8.50578902947773,5.52829000518456,4.97035974370453,6.47472255266643,5.63815766394217,7.90440351819809,6.33765048289824,6.56498823698472,5.71626472002168,6.1346568503394,5.3701555135141,9.5078698006841,6.7461799211535,8.48366081109674,4.01233674799918,5.00732476626486,5.70955425312648,5.94358890018357,6.26069284331423,6.96993108098861,5.22938469798274,4.59914151761814,5.36105383957323,4.25762077865452,4.52362874833677,7.7627671530898,7.11725110129493,5.05810671495916,8.15123666362911,5.0019736758629,8.56835393688003,5.31841693819711,5.49679382705892,0.713166161274497,4.77550410766671,8.40546635051221,5.04886039528003,2.64360311637622,9.2730642331607,7.5832715153686,7.52936084697987,7.55025228210392,5.01762857135195,4.60774234279809,6.91085451955676,4.55072750312776
9,7.98516258270097,7.62899934338696,5.65860150348089,6.04457973638831,8.81235136254353,5.48685852169809,4.76875449929868,7.5523736808918,5.39430792290845,5.55047024111904,5.31264537015387,4.8251211047076,6.35755400865368,6.42959689216561,4.5026771951062,6.53433509751693,6.23244718783269,6.61346312699339,4.93419552059331,5.33653383662323,6.51355012341482,6.10385878014804,5.42092834816309,8.96538628398265,5.92217969876965,7.64774425659916,6.60505016574368,6.83057899228852,8.25638575771639,5.82402156673374,3.45812590672843,8.22645143032087,5.3347753805603,9.01412444412005,6.52988278294291,5.73408643995176,5.86859868853904,5.81080369256847,7.02011793040546,7.12892703345162,8.24954702551794,4.39219580397932,6.19160735207679,6.59498894205929,6.24483689328206,7.42465026073992,6.0615294808816,7.52145414710883,5.96795086752727,5.11676635241305,6.89744235263473,5.73864817707538,7.01300028107262,5.82017493304506,6.77957030595527,5.3285687286929,4.75181112763275,7.64496930980734,6.85327568765197,5.67280434313068,8.71118040413499,5.44260675326297,4.79392250192265,6.64086787467939,5.47541905847641,7.48963771189385,6.12833767428526,5.87952404496097,5.53600471075116,5.45440921035445,6.25864849536235,9.34806496483378,5.77400798445884,9.26873888295634,2.52109149515436,4.63937145957226,6.15497762971117,6.3146502246909,5.41063024576993,6.76270759872948,5.03993077521254,4.60952402272019,5.36166088584175,4.88833682392699,3.95135998287297,6.75596465561993,6.80255964717845,5.91759519974567,7.81860892794361,5.01451313855129,7.8781632942955,5.56920411400191,5.27962569610329,7.15476331106344,4.76584649290536,8.42485246489317,5.06581493763757,3.38896588370051,9.5162189193372,8.20241378938709,7.90248366498756,7.72615386878314,4.7013084174038,5.19877111567673,7.9328862773041,4.35175439799546
2,7.76102220672237,7.28337685558672,5.9130370106701,6.08703152207626,8.85138786354369,4.88622922895229,4.65765355662285,7.81353477119664,6.14032972136504,5.11696174432348,5.54954530025061,6.09007696321395,7.65422903407417,6.3103161019411,4.78679932389096,6.82722690310366,5.49903373612212,7.10751210531187,6.35354149111017,6.14647736576158,5.97923502754123,6.3371038077498,5.9373505388751,8.64719274838679,5.88026806119565,7.43344651853731,7.35878571402414,7.6100054155817,7.0333937762722,5.81974227715584,5.34922967174055,7.9192454720893,5.32658100065638,9.32679341148293,6.19991827219248,5.52739955129236,6.2610306809424,5.61022909448415,7.36181557538672,6.54937414211009,8.33824009395877,4.6597638663865,6.03949253593215,6.40642302857202,5.33138801437945,8.18396537118494,5.89873184085487,6.69051595872791,3.78521507358667,5.14710589617849,6.12255214920728,6.16923416686028,7.44023013651945,6.24285152256939,6.65270881064545,4.99294828499819,5.08557803870433,8.04958119177116,6.44992090846615,5.61333536122897,8.10068950046536,5.12934546572601,4.60331903594711,5.00747846122442,5.87871240511083,7.70349230549423,6.61151097775592,5.947842607042,5.61730602845015,5.69389139990437,5.56308135608859,9.64605830203914,6.19547879069608,8.33662450949985,4.68304952549798,4.5980163940046,6.35210996916495,6.86734088643142,5.93274833226597,6.61062876241056,5.92328352899208,4.73841149519093,5.53815357518827,4.84010933635621,4.47602687158849,6.83308185311725,6.78608618923492,5.86549752699892,7.96022928624458,4.31116748995414,8.1484326660369,4.10637679508555,5.96569514035059,9.42956962750911,5.06603383049266,8.14625102351657,5.24674745045571,3.9688977183167,9.65951998965502,8.00336277163887,7.14429867004264,7.61462353183291,4.81744500457899,4.685859002279,7.16868218112706,4.45051646876506
7,7.7791249096906,7.5702354066811,5.70594753093529,6.39604583034076,9.08054526214788,5.847551163757,4.77101215661443,7.53683160008057,5.90882293744774,6.08105424950953,5.26322957771225,4.53685162832632,6.86288765914734,6.31554913835876,4.54249328415249,7.71086614035783,5.36925198617313,7.17751508348057,4.27779586978664,5.45406877041369,6.08924798605216,6.19820855159245,5.36037811392393,9.04198242673388,6.35154617381063,8.13526205430177,8.03370922582956,8.52549490902492,7.2466522838541,6.13594622955005,4.64962991473517,9.07773134619809,5.94597573968796,9.45534724924315,7.08489587022289,6.3148841040468,5.35784498147564,5.5132543954142,6.83353585468425,6.89211557712183,8.07470734898197,6.32370592690484,6.10233716466421,6.14808853106771,5.24335347279125,8.29218238358112,5.73926377464446,6.39698789058917,5.01358484229022,5.06043229413879,6.61661037739275,7.19830905207155,7.2040250936664,6.70284008725143,6.40711801478202,4.62704704685228,5.3486315411955,7.25042323390131,6.64846061638084,5.9477690567021,8.7117173312188,5.64768053328718,4.93306970541832,5.29577539917675,4.4905558053022,7.61595678141298,5.93793324837851,6.25410678526473,5.46815790260581,5.74781677309338,5.55762185323902,9.39588340604253,6.33650310601216,7.97814862219782,5.90761376323621,4.5045181168937,5.85829359235451,6.5827758490695,5.98762595152306,6.47582892561877,5.39123304090132,5.00114463860244,5.38046296442609,3.36687469534445,4.74172264344879,7.9642458441462,6.90029143139242,5.32823103206781,8.01479194538919,4.49545175033626,7.84407932303143,4.59298023472559,5.88635605130861,5.48396525103714,4.65183728019833,8.24252178563529,4.84850638329173,4.51482622305866,9.28213514188967,8.2109161559095,7.03393956301996,7.46618003663791,4.82704987719809,4.31750232831266,7.4554037558738,5.80828174823653
9,8.42252109195582,7.35042244126743,5.71834254139829,6.3902736500047,9.12424666356344,6.27163306635223,4.12894790156731,7.94255426178858,6.14511559824007,5.92169350531387,5.329471575306,5.58661045946966,5.91403081749546,6.29200999321734,4.10003925468641,6.40057653892794,5.78988134129069,6.6903162773775,4.01159348346979,6.28447683321901,7.07991346982988,6.37042383250076,5.48274378209701,8.74624520342032,6.39328667280712,8.00201480927018,6.70723754437829,8.71991907589307,8.06306918557179,6.61354116315454,3.91836968574588,9.14970054167835,5.36643925306422,10.0038782115764,7.13426787599561,6.23619305339875,5.90529491838347,5.31852723334878,7.72303658240965,6.47471499830564,9.2193668262135,5.31084274364876,7.07143566189411,5.95316608281535,5.7170289847537,7.88779774495931,6.14896264456487,6.96517368536734,5.43364840093979,5.74150785745405,6.82503693944737,6.18445984174782,7.23191748946667,7.87899872303906,6.76679243852634,5.12050298401721,4.46491058533564,7.82298038457474,6.32279325782814,5.82989194523021,8.02330795118261,5.18030946484524,5.22555565522588,5.52639873776758,6.30279924326243,8.05051385309209,6.95756514276067,6.61076528548942,5.51897697328521,5.5798981530586,5.5092206928052,9.6091068799035,4.85451664404278,9.43123587940792,2.99575484504982,5.17977200188132,6.38104113117822,6.213581437694,4.79758483062977,7.20372488763319,6.54702446403479,6.65028004749286,5.66463574792751,3.90911041336553,4.69429314188947,7.50659767176458,7.44049277359018,5.36359132383025,9.02507964374182,5.11839192989064,8.60697324520759,3.96130185303634,4.73652076273234,9.98038590533585,4.80565045700915,8.29998534232786,5.51963462330352,4.04393139870764,9.15247044166272,8.19336754288786,7.56836302572272,7.64678763753587,4.98927939344731,5.07844578437495,7.18046068588435,5.07834553920646
3,8.55045646404644,7.92878511781056,6.21127345742,6.03545578949182,9.38942288928989,5.4991152485586,4.93731808638609,7.8274285679305,6.21598615048006,5.64478334592365,5.28362959134272,3.85840531348299,7.41209400775367,5.93260193732882,5.09000467331863,7.14644790964877,6.1717907514771,6.2836078461172,5.09442454726126,5.18867798193111,7.04837029955801,6.07653890595041,5.9196122358997,8.81612466140902,6.13898236925932,7.39338823655865,5.69254758067109,7.44917474119886,8.36935639226497,5.6058147091677,3.900729205647,8.06030780772312,5.78253620013065,9.81251555369966,6.77589890658853,6.49942179429126,5.76860813932302,6.1241880642474,6.82899005602869,6.26216241174127,9.01493955104351,4.87199551148645,6.95295932538415,6.43779422729896,5.63665450502274,7.32776455424286,5.2827097747786,6.95444571012006,5.06468979004228,5.02439674114524,6.27929323280757,5.22009831293017,6.9336207585933,6.91345873248041,6.68336536383462,4.79378101084467,5.29403028493955,7.50330806312104,6.22816619088734,5.73229013772345,8.8013644854011,5.09076231919997,4.24703475598177,5.21942083373376,5.28966311892298,7.7769656588776,6.29843748037809,5.86504691003227,5.82776409252694,5.49535445841927,6.32979979939405,9.43546565460826,6.37231738829443,8.81496583161993,3.40559213175099,5.2908433141093,6.21304861112867,6.60049688966331,6.43303915515869,6.86355786166618,5.58249978595755,4.88528323641671,6.10074078392443,4.4933615729935,3.94983000598094,7.67510806978036,6.99472117565084,5.71725688740698,8.58113070195537,4.78372802858675,8.11775066433934,4.20135019845772,4.3835019913167,5.635809513517,5.05228546718463,8.24617372768662,5.24336487429769,5.50336021219597,9.43457026981163,8.22423208397369,7.92672067128214,7.39752343147817,5.14656372141931,5.33095890260053,7.05967536928264,5.2103518674649
9,8.41860575181717,7.32521075605878,5.45699323795178,6.06974745779665,8.89492055829529,6.22307684142749,4.9396403936974,8.18042440638651,6.04028254647848,6.12857718948017,5.37626960389732,5.56937405258395,6.03455414869086,6.69851717692902,4.01337795692587,6.4986956661811,5.85135709887277,6.6937506535467,3.26921517385418,5.22156329743018,6.40769821948327,5.94870824564095,5.93807117168143,9.10728754597543,5.95599983117138,8.12396172016935,7.08551022995581,7.5417493486666,8.20735094367423,5.82345626607025,4.13651227600916,8.47906982405916,5.27017377397602,8.63541446436125,6.23062156148074,6.57601404201615,6.36734707461702,5.70798349701306,7.12219531905105,6.95015039819904,8.63130664246781,4.38307019417398,6.87160302658952,6.36271152055773,5.96338820639977,7.82429698736038,5.92926960747248,7.27718298440706,5.81070344652587,5.55343912902911,6.97925415559978,5.87501666574147,6.96074760821976,6.03221268619929,6.59727723304199,4.65305529604656,4.55040141804522,7.96823430226689,6.48874164364453,5.4453493949054,8.55017824630498,5.54367321895548,5.45503366571559,6.48658577570065,4.89181837341603,8.20189681008839,6.89369739134292,6.16367593567636,5.47207400396127,5.91039987651627,6.45258770751841,8.05302572193483,6.51928354868273,9.21884770197386,3.19268854762343,4.8825982249801,6.16284491058794,6.76824410070002,6.4321042895422,6.96902458299851,4.9104100932721,5.3200133936667,5.57271465525443,5.54856479162886,4.33337617837117,7.24648469529396,7.55112522045671,5.80076127106372,8.77933685744527,4.94074108685525,8.1290842409651,5.99661819296515,5.14140927847821,5.41845633452396,4.76930043468401,7.96945606223762,5.08357144920819,3.28618499379937,9.51816539469266,8.59044616427446,7.86563666752736,7.69250356084711,4.99570122097857,4.92131781440835,7.4940179118709,3.39575821389512
3,8.37749664198206,7.78901474826882,5.80357959426916,6.5424441951877,9.19799466705683,6.50804249705209,4.71865976393501,7.06572383146661,6.29076272966986,5.31383142493378,5.94799010453819,4.75359250656035,4.92937090257281,6.26463292657149,5.12504480427882,8.08979320951446,6.03181282549276,7.01426193118352,4.52168028427875,5.24707930519182,6.89068705963782,5.83088135377506,5.85836652376844,9.41181231231126,6.33885099374288,7.69569072745888,6.29366600947823,9.59525144303934,8.72139043294482,6.46970881928266,3.01331707353714,9.38330724133647,5.14567408129694,9.60063230687948,6.75384189935719,5.81174735770693,6.12784251389071,5.51383691966816,7.28524848466188,6.47019947302421,8.78871517221371,6.18794781154555,6.97116788424902,5.8801834300682,4.90865048602076,8.39179595791616,5.1399331260817,6.62045797705287,6.02346104306995,5.01492579760636,6.46288538058363,7.44772905182954,6.829987634257,8.0969850471514,6.52410957438268,4.67310195240155,5.03945245906786,7.02558816248302,6.11464067790182,6.11432877661249,8.14040676871626,5.74654991969199,4.29059890215581,4.91802746872563,5.21103509218883,7.80785236114355,6.37434231380709,7.29717222670712,5.30150714478456,5.44618192736427,5.89791857038851,9.45859166713445,6.59712838288343,8.80599830039659,5.61213577507795,4.31221189367971,5.84782204810958,6.13408074336852,6.74545418310567,6.97578165293,4.82474078577315,4.86177201016382,5.90517180612642,3.67763667395738,5.26051029757952,6.05184509928391,7.09386806999826,5.4329945459812,8.41215325226693,3.88820072471378,8.41371857196332,4.63980862580396,5.0123263082081,7.13044206102133,5.17086121184499,8.79883161579668,5.33294506572505,5.7897316217028,9.68710078847728,7.43286150641093,7.24565271400268,7.07289317642481,5.03538831475172,5.58372334743666,7.00679680105534,5.18374434909767
0,8.49957161030458,7.89487873946907,5.65823446306747,6.37212593874062,8.97136576078025,4.63150069399594,5.59853623480457,6.83308288192862,5.89520206122973,6.31292330271879,5.14359920175278,5.65412126264328,6.41459299395885,5.95905896354064,4.52846191272186,7.37858491718141,5.60069580903972,6.98717520737473,5.05043594710693,5.43835486197513,7.07687732065181,5.46659054776085,5.87961730381209,8.93366842818338,5.48193866723996,7.47682737463008,6.3860145074463,6.85505800275333,8.72792968857877,5.92790618835323,2.7018253568263,6.74862889608875,5.90684175983422,8.7098383265004,7.07450267625827,6.09878082392537,6.27062313980824,5.36215486182472,7.18149313634712,6.10090592695393,9.06104022722712,4.14859430814592,5.79657815238602,6.41997449790869,5.61813367119448,7.92028462115624,6.52121437373174,6.67648851630873,6.28341286499794,4.41104659750711,6.74009533783343,6.9788922204434,6.6762391983459,7.62899967161592,6.82568149648019,5.14399752672704,3.74839643563769,7.48828601334719,6.27029407562017,5.78674884954165,8.2046671839521,5.15724875727875,5.37351364588306,4.4169556075372,5.56826500465093,7.91019796861676,6.13189276389603,5.91817730733258,5.54755799102649,5.84744801024188,6.1622776324789,10.1773928296372,6.79965729543095,8.05604911461133,4.14523844657822,4.62751225172806,6.29728860825279,6.61971646699948,5.99487040759176,6.80990944079568,5.97796955203898,4.3166207284431,5.34077824571209,4.07358432476662,3.93292410703866,6.94121221565051,6.74115906475335,5.95882356802505,7.50085932418961,4.54211259708416,8.05226038204511,5.0386957346511,4.86647212238463,4.66064628622542,5.50083049731891,8.02157953413835,5.0638879854662,2.05793849022158,9.63237444671314,7.58655011005979,7.49358790263229,7.38821052600953,4.74285915207284,4.73193291900734,6.96454590196006,4.25160169363136
4,9.34805035268352,8.39892894910581,5.72078354231116,6.02285043083932,8.82266989264045,6.08146573509693,4.90657357706622,7.25937453477625,6.06760767673789,6.97966119505636,5.29683314732619,5.29993056300983,6.76414815690401,6.30026042747309,4.65015340819461,6.20837397476158,6.16397578115576,6.68119714115663,3.62578711120221,5.12562138791772,8.81352098572283,5.48938033518574,6.04341294676168,9.62346462427318,5.58562821367588,8.10990095091525,6.16465028950333,8.25408235938863,9.2359825170211,6.3212455657819,5.80740229093145,7.74394615820138,5.85671963673401,9.29916956393628,6.44267579862319,5.93236896055477,5.84033850102406,5.30715837909945,7.05970387964403,6.95654505132107,9.63649376577929,5.57417821719948,6.44559274634152,6.32640866758468,5.77132408097294,8.00790703865946,6.26783328305705,7.41289306554168,4.27200748050644,5.14614104410382,6.78841336053809,6.03017786723789,7.17481382676571,6.72491212915711,5.94169522990811,5.16681527532115,3.9878964203944,6.2345492717003,6.43021550549258,5.85076240377739,8.82241441584874,5.44739139891482,5.30450361338254,4.93638519013941,5.74028796170317,7.84166405598996,6.34834894146708,5.64471778319123,5.71377650367438,5.79946670234057,5.79552778744416,9.7324093538302,5.35306906855435,8.65096778299401,3.73230832588491,5.10641700320674,5.83432656202161,6.34048213093075,5.92702466119727,7.18175268978861,5.98105403868921,5.46111998506762,5.18337417156762,5.59920560809425,4.46520792446708,7.55201139752152,7.16288938090843,5.37961243911619,8.3092583959556,4.94802671444809,8.45281409080681,7.07810074093899,5.54308357210132,3.04590577838411,4.89842424398386,8.62475230526743,4.54782583892527,2.27052197535574,9.37179230273165,8.07510693825844,7.30285947886058,7.66326956107929,4.81736032532221,4.86123865485808,6.7152640807266,4.88571702867259
9,8.44084683346566,7.41792713475943,5.44724792168648,5.86209487420649,8.83808256918302,6.55390316466149,4.55532184827404,8.33585396026673,6.10516010700206,5.26371223108475,5.79300805310822,3.9697771459451,7.55256890422702,6.52935185676041,4.83737500446698,6.77784869613233,4.91292144622792,7.14291492421406,5.44209795455414,6.1687208216741,6.91820414918875,5.91954935318099,6.09851969515572,9.2268543657192,6.14391450051365,8.42388561444567,6.98982332920399,7.9205139313426,8.54611303641761,5.82323544183104,4.44622391619167,8.95682180677148,6.01221721897157,8.95017358219622,6.7023389511285,6.18284298326526,4.9894768153895,5.34035596030895,7.70666230447085,6.08994374911903,8.97980679087507,5.62271829094381,7.01649018593624,6.34895251305954,5.68259415560195,8.36073816022492,6.01136406982633,6.84803971840519,4.23469119399957,6.09194598934461,6.91822524389533,5.30600436147052,7.11750993414167,6.13508861224773,6.02529473068634,4.78614809378181,4.83924323743496,7.60940321526403,6.18696827622206,5.75688764011656,8.43044895802905,4.98695892503014,4.49244216193878,6.11724533696795,4.81185991316518,7.75618539147441,7.27042404684424,6.22856821008754,5.54761200142935,5.88658357347792,5.87591708302698,8.58213953230393,5.89774896229048,9.05961180366429,3.73194161387813,5.22011545800076,6.17126820846982,5.9381521521315,5.49631662501663,7.14685693383626,5.47043975473132,5.8233893117297,5.55093628555622,5.82976650142381,4.26218405427226,6.91856132239703,7.5965188485418,5.50127238560035,8.93733393702996,4.69791819559953,8.11524572527668,5.14374711630059,5.60807368133285,1.08732460074762,5.02881164969673,8.55480068426096,4.96722922935207,4.46255878229027,9.28932677250048,7.81075282114854,7.72792771301265,7.7400186711532,4.75309589811758,6.36971186047514,7.05586702271046,4.29519014000504
7,8.1255676324857,7.2845831439095,5.37637654380351,6.20651054411385,8.73145507181786,5.67854305625218,4.83507440387721,7.56669527874696,6.10448875472518,5.96285956829414,5.3271255585936,3.11984945940698,5.42263073862823,6.31463568119751,4.78930051247397,6.98357604456397,5.32730391314079,6.42615550710941,4.88302513227269,5.21090108637664,6.18963424792379,6.11914549241779,5.87779616994878,9.31152870624041,6.30849245369232,7.4456348733545,5.83920877733329,8.21195894947413,7.75090958796568,5.59226189154588,0.337594815635256,8.62638222253012,5.98536057830045,9.3415280213727,6.68727569048272,5.56860705510078,5.70662608099183,5.9015282166571,6.81488443494189,6.4146362759688,8.69622909531513,4.49411910868958,7.4484857171237,6.47651096847817,5.80120350664084,7.75756454641009,5.85633755081924,7.03290977566762,3.98158598402346,5.95686652026581,6.6644083648008,6.9514721350886,6.47155506154586,6.99336502107257,6.5313703973711,4.80197734248011,4.82655456463568,7.15779584322017,6.53244222280108,6.0307702777048,8.92849915996886,4.65727123035447,4.32269938988641,4.87192412161666,5.23442732280494,8.26576680477674,5.83070816682107,5.18004240573533,5.41327870160902,5.7488297809059,6.49999550042878,8.879602189611,5.69956415180625,9.81728649385609,4.08574116204909,5.04630402019956,6.32761589991326,6.20659738284361,6.1163407377658,6.95858831363048,4.71431936777749,6.38825968655804,5.42659218748476,3.98203498323924,3.54028241463995,6.91122789577765,7.71930114021225,5.68584586996956,8.87416236525225,4.73557496002748,7.86529881712345,4.32247442318019,5.3702256065623,7.87123145180426,4.55011005443071,7.9348527808711,5.00735663660226,4.22846411357943,9.6585262991686,8.39448242957167,7.44796328158085,7.51981436459184,4.94625430824494,6.01346642807632,7.73145791760304,5.07955436232964
8,8.61916686755705,6.81973608602904,5.85179443458503,6.30022010555148,8.83354580092793,6.02944691042277,5.00100003259031,8.16466774504561,5.98490210756446,5.56517329217132,5.68517320156274,5.16121726556585,7.03126364848248,6.41554493991009,5.48190016649757,7.15616589970573,5.66555067093115,7.10882241764555,5.85889957540085,5.82186066256055,7.36802392237272,6.07696522051512,6.26930195533519,8.87008769148521,6.22917027101444,7.44369555088713,7.38749462542498,6.67579311433803,8.66863670995962,6.42601652683689,3.46233076614638,8.07137050948445,5.92824029390785,8.85490409165894,5.43992702582518,6.15273311488498,6.52395123178172,5.53263958917881,6.35548664003846,6.20854056085627,9.515189452555,5.21244424804414,6.51302123445806,6.48240992353607,5.44152699438925,7.76968871047047,5.65209968332226,7.04884662677147,6.06655587929157,5.40463694834785,6.49021945970878,6.11153914319808,6.9624639269702,6.77268379895344,6.26011255199923,4.80928610741602,4.95282332139135,7.29991540879122,5.85163395844445,5.88449902699725,8.66651786800386,6.06822277193245,3.93635034973767,5.33186553509265,5.97853272669853,7.50182664845302,6.96160406564397,5.9864641094387,5.72322684530973,5.5770345224647,5.68435786815821,9.55384577101053,7.19432483407898,8.9547619889248,4.10658120739252,5.49038476069458,6.11234923215146,6.76159037302981,6.53324602779237,6.38125218565955,5.221626623125,5.38886038006878,5.86908685360668,5.24365660397014,4.65475466532132,7.08367023321396,7.14205935884968,5.73685084283387,8.60466047730361,4.33359218074703,7.79935464780184,6.41165340635494,4.37149336927647,4.41528275071096,4.60750942299382,7.89990744956927,5.12066207723127,4.81703163032769,9.35454444083391,8.01733431448423,7.1316272783656,7.46907244771395,5.34722240691128,5.11298346222519,7.35361537106043,5.53742927788856
9,8.35830772312397,7.46830941584181,5.66152111802571,6.28349219311363,8.79149199197556,6.42043945058537,4.96840958282003,7.20120126728713,5.40542170419737,6.90133293358956,4.92897614038195,4.46415294122762,6.36400950112652,6.25171460073758,5.08508568732181,7.28349563793169,5.38301627563474,7.25567298275059,4.26226058394795,4.74533126610924,6.65888292334493,6.33738982416186,5.86732769070541,9.25327663957774,5.50429807007727,7.53708589288235,7.02215949364466,6.96021079504934,7.74537674535596,5.98682560104596,3.11536533094712,8.6312453188505,5.82980151992686,8.84361751952801,6.68540648632544,5.85500383638691,5.97226500634348,5.74982793756615,7.00967904983871,6.48140926352935,8.64674304950831,4.0827057784868,7.05571133546392,6.34403769538526,5.69404013891296,7.53838417547339,6.63533009284907,7.60642590598274,6.34204844512295,5.47361857439652,6.35749765981346,6.90620038350951,6.91269864396058,7.21816589644628,6.3817174114168,4.68886118501103,4.26986997566104,6.93303015089493,6.02647492420807,5.56866655199804,8.77371269988018,5.19961427367133,4.96280418705237,5.08677731393268,5.59843613671273,8.15945304745131,6.19516130061305,5.99606719530687,5.58606954197713,5.58482706400053,5.68785837086641,9.40411040406734,6.00776305753801,9.69515772283608,3.49186776602108,5.46905400136937,6.28470842535432,6.44433389075071,6.67070578021559,6.70408699650151,5.25581628571508,4.71555271288419,4.95769258203888,4.47148537170949,4.22102678981243,8.26644914959309,7.10049307114511,6.03119288642811,8.62079026007439,4.51211366363862,7.48813568459497,7.87151272542941,5.42047905115767,4.60763743251075,5.06876500414931,7.78894344208558,4.95743629325757,2.11256432760666,9.71258456397381,8.65588369850675,7.00154232384075,7.4754172519113,5.01108082600723,5.17530561443911,7.02737723067613,4.73558461340154
9,7.86087522347299,7.5902911797588,6.11455670782334,6.27653745997817,8.6637780013485,6.2847446631378,4.8904618853242,7.52340337427959,5.66002713484827,5.51713447553924,5.6752588240821,5.65192576212734,6.15692811944623,6.7302058331616,5.34569066156055,7.58173843723204,5.934437762034,6.49071946992465,4.80834611137476,5.84364175853683,6.2630113563399,6.08076500045754,5.47307392914327,8.58947598502519,5.94766991827708,8.54741086954528,6.79732642450183,9.43480466950827,7.65128507136342,5.46431346890553,3.56861668048515,9.93105935168965,4.10121985618706,9.38708801158884,6.96114546226907,6.71518810602136,6.6634413979411,5.64034422016866,7.80485106177838,6.74219809391241,8.44598789258409,6.93393573132495,7.13023208966431,5.96168568139143,5.52269692848543,8.13988957187406,6.06626684322759,7.40362623518759,4.13337983201566,6.47399077231305,6.9664639274962,6.62727601280103,7.13529493229056,7.64190718112687,7.07052702987496,4.77037622345152,4.70885416520765,7.51051306273081,6.32422085449251,6.08734392145898,8.11857079791287,5.13436537400887,4.47053360044447,5.56796622796911,5.65169021144147,7.30826876544697,6.15998187169092,6.28506406999911,5.92676165960396,5.92543356970128,5.5082472505321,9.52336837790571,5.6980149855776,9.47113772420458,4.3328803089339,5.0010151881511,6.12168274299142,6.37534867873223,6.30552099291487,7.08458635756936,5.3047838816926,5.83809509593546,5.29382263949769,4.28360311832645,4.13785238807149,7.84308296121337,7.50943414439717,4.95753781397156,8.85844483689354,4.53860178666712,8.18124185141357,4.13481299979013,5.47177789043748,11.8458138053429,4.40380782374664,8.42271374936675,5.54962992800604,4.05098180358654,9.10277977534314,8.24712400700344,7.94278841423319,7.51881309878029,5.20171122617346,5.69549621294201,7.15100841205865,3.79067340254249
4,8.18337202648512,7.46794794690522,5.57582192075693,6.35943419716363,9.10663242061064,5.08561441418165,5.16133482656503,7.27287933995927,5.84075121091303,5.38147310773504,5.13398365015341,4.48807679847252,6.88160170457967,6.27609753474021,4.15388216361487,7.19008058750118,5.57770174761357,7.28579180142599,4.15100795164715,5.04793606572666,6.62219790229269,6.43002793086432,6.09151758483803,9.29442481294201,5.78461809393149,7.39719677077591,6.47446042418653,6.81966122009763,8.15198519194928,6.05171884608711,4.8650426366112,7.28993040241392,4.99398098405242,10.2788402977379,6.59528355858721,6.5122659585195,5.53051916885413,5.8007588150227,7.67366426324437,6.7221683479715,8.68134664386902,4.31159978833338,6.39810245573632,6.15361524523871,5.51056390008388,7.58012769655222,6.04281715210972,6.62895975207453,5.89571055747267,4.86139075966516,7.27438705539298,7.12274258064323,7.17665169305848,6.28483528997755,7.62593288865551,4.93249281047292,4.98625036627131,7.54915759525874,6.46699184992032,5.63944414300729,8.42391247655442,5.79115510736325,5.89988983535063,5.38278958230984,5.18370528604201,7.73708528241471,6.87776773546914,6.27428718553867,5.35963131290991,6.26142502122605,5.68281495037277,9.98000270733213,5.66126968125681,8.63309426814947,3.52242861965534,4.64729164047698,5.79602247693035,5.78142162671412,5.81138108185891,7.2725533236544,5.01218867031639,4.52035150617084,5.80755977420725,3.31846079155018,5.2233026972941,6.79025700416204,6.71928836050245,5.99700010696701,8.06786019589275,4.62543098016367,7.69536931527579,4.74935025082899,5.60763523774882,4.88514813454476,5.43653988905446,8.21408474328316,4.80704844191041,3.681694374378,9.5944312357948,7.78311969234437,7.3212478725948,7.67186412491103,4.84493490481115,4.56965386682277,6.70021382729884,4.91749677628685
7,8.61592285992739,7.67730689932427,5.71337082660034,6.28072699985913,8.59402631650048,6.01383113307906,4.51496576456913,7.10708092336197,5.56028258609665,5.68020143297954,5.11256040345597,5.61477662094117,6.5671043452955,6.11089224994805,4.24153797588984,7.00576084394544,5.61603264206933,6.62161220947585,3.66057517187077,5.48142469600588,7.10016319353389,6.45111423696601,5.26657119842206,9.61055973882957,5.83298264240624,8.53597406995765,6.8814987137255,10.1036510927952,8.60853429288163,5.56687439022438,4.35455070642238,8.49722006427051,5.25271731485204,10.526616180554,6.45692581880413,6.0842637312152,6.00256745682148,5.45884051324304,7.32105323990288,6.8462884051289,9.29211764484239,6.59420135748328,7.07164151957641,6.27322177990964,5.05100744671518,8.42445751090681,6.10749734690327,6.92940501595205,5.03308996428005,6.04304744307864,7.03756837583814,6.76560664281783,7.28281363823325,6.8214506518567,7.16732328249656,5.03752219381185,4.64198578429698,7.66125414189595,6.80543476560218,6.26212496183711,8.50810283930203,5.12629689240364,5.24433057379197,5.70095957304287,5.29692630727773,8.19679135262063,5.93742504961882,5.96181064199329,5.49186660508946,5.67406358410945,6.1762735248527,9.40629384414226,6.56372239731473,9.58565252310557,5.22654566888253,5.13440616617852,6.01418158644504,6.152009560564,6.06401947249042,7.34583170466529,4.60808338014407,6.88511838929773,5.29741339753462,5.26368873600883,4.62425969713874,7.14283879278827,7.78868837968027,4.62414401380712,8.93218633661454,4.50384341805847,8.11582304223846,4.98198573006524,4.84472759294327,3.71635661809758,5.09033496354395,9.01560623563979,4.65293524230836,3.23643271141647,8.95184058801441,7.81784395582453,7.31709734060767,7.57678728313357,4.94606189600991,5.52250684206399,6.88384124640495,6.15479628592968
9,8.37418754508261,7.42322304680267,5.28297728498707,6.1474005506107,8.94391500339654,5.90746278122852,4.78568616799807,6.76956545935383,5.81681641977464,5.55762238168482,5.32606401172625,5.35596025112534,7.52177837635471,6.12877856700076,4.79318861373481,7.21957036279357,6.51923127396002,6.88901745013185,4.41952349181133,5.64566923523754,6.85121526111426,6.28494843599897,6.53199743840435,8.97015007831173,5.81637648797506,7.55903135900127,7.04291279681308,6.94194954502663,7.97931644366211,5.09184221978662,3.13807954953265,8.36381115516384,5.70919002883857,8.85581798989622,7.29642664012501,6.11044594608381,6.20196559793054,4.72281063562287,7.47771573169053,6.8701512878412,9.09673689895245,4.86136484013176,7.01978565932162,6.47375135074183,5.64473852512997,7.97895673705988,6.25357368486283,6.66949914290774,3.58482608532375,6.24627179277157,6.71154462352515,5.44550536194037,6.837184713159,7.19302027730938,6.94883197835474,5.10341884808815,4.78135367476922,7.31789788447069,6.413818857724,5.62413690771841,8.69406754811122,5.09291148302463,4.8536892310066,5.07658487626027,5.56688282386363,7.86599835388378,5.78685739466258,5.57573053699759,5.38333984509816,5.49624097362152,5.94093726920354,9.46366664398765,6.00623074576149,9.42437894236681,3.29390697847263,4.93861915828877,5.87644800078878,6.54540482931083,5.65724694581209,7.3422994704303,5.45532373588246,6.49976471590569,5.32235055986335,5.41455358784756,4.23036258506219,7.50920859438978,7.85328334151915,5.75126296829051,8.3367423185965,4.5813921537488,8.23732226232383,5.2800650535987,5.74980317482582,6.37478331390224,5.28116705114701,8.32125353695882,4.85733591892223,3.36166717832358,9.60910319754264,8.47136144641958,8.18266472111232,7.62465039888994,5.05202800271225,4.81871437866359,7.11935497124095,5.24590968826125
9,7.97672009481824,6.92885023521448,5.47452144489892,5.97673149852103,8.74295311547627,6.0248569722846,4.59530838024947,6.95366427905059,5.81946443730708,6.32511424334962,5.53593368300886,5.18382666084415,7.22909580830514,6.44769593314924,3.83650001648704,6.57178051907418,5.43097123342462,6.7923993328629,5.69108812564824,5.51517056505106,6.5431706235394,6.03802377743181,6.28768656215113,9.34056230376357,5.54558498562602,7.59396779174637,6.29613304416192,7.99257781364844,7.85124510759598,5.70803810364203,4.66274736093926,9.10161429910322,5.2633018817821,10.0900074097369,7.18879646204698,5.37268268589039,6.38157119185401,5.59214649712054,7.19001198460378,6.46769675971464,8.41367710475415,5.28274996826192,7.26254131685731,6.32806543751917,6.16346618752203,8.42929645870635,6.31445440892795,7.0901007511655,4.21930516559233,5.91850749221326,6.5490322748192,5.65779964371877,7.46272151531367,7.68321930498051,6.50189408141281,5.52860998429771,4.41520196454953,8.1322982677388,6.2765520294983,5.57926233862506,8.54560009553791,5.11757053408657,5.19699065273216,5.35655544197614,6.47774834339026,7.6869967477384,6.24867501606556,6.56008902255847,5.16827482232012,5.18567304722741,6.63460142742955,8.66754082623924,5.54511984879126,9.72574787153851,2.80378525250111,5.09900684855026,5.86941165092223,6.30427505677587,5.45471360300247,7.24340914676171,6.54629393943243,6.24803898011683,5.14487808890851,4.93146056571365,4.26412082344248,7.03136444360639,7.8294289589156,5.99421208185064,9.29584342154432,4.80774997982155,7.51323711039612,5.58326072756854,5.50469789698067,3.27220867603017,5.06536315700362,7.58168093905463,4.5822313172396,3.43897951005924,9.38467392140363,8.36497279511959,7.31561055024433,7.64475102762294,4.80504121393033,4.48765296617842,7.04189991328622,4.51227141970271
4,8.50540695050136,7.38999970096175,5.47521028013308,6.55721682043555,9.12912389330916,5.62474040649638,4.69346229688357,6.00412528819405,6.24315677750748,6.0014280180186,6.01030228417025,4.80779229006499,5.30176732432237,6.49561057818177,5.19795569521996,7.31826723583909,5.477972074051,6.99602425000733,5.29437366517975,5.52839992460378,7.13171223920736,6.26679484607113,5.75835921181994,8.42452073494579,6.31307210611247,8.65071946796736,5.45173801496923,8.85146629179617,7.91275732117028,6.21711604595843,5.15810837669616,8.76256411710713,5.54016053379337,9.8090543113979,7.15390607374987,6.12584026723704,6.11919507598424,4.86715253502168,7.1240790138364,6.58775122244054,8.82287820833119,6.04773768403735,6.37882719880286,6.38442735426028,5.25294671168329,8.14958888709756,5.74828809497611,7.26966932666795,5.10671409838794,5.05061670045606,6.40881719439677,7.04458854075721,6.95681013309661,7.28943082762075,6.99972724826833,4.77279536062191,5.56022517851674,7.03949196526319,6.82162539379927,5.95198531419349,8.25349665199122,5.8262310174193,4.13846006270895,5.10490796077434,5.54960057607148,8.22748338221325,6.89461840697109,5.69719258149739,5.40702521783248,5.71262512402737,5.38516677010032,8.62440099715221,5.72913365139407,8.3529465124346,4.73387551561143,4.71050243403115,6.29498488954073,7.05270847938208,6.57516458584356,6.96289075753664,5.76522424834314,3.78270875139863,6.23713561935927,4.42083827133348,4.60201249278841,7.23981629550376,6.80413663128261,4.95580350323978,7.93981245195503,4.32520247158117,7.85644828892642,5.56615149874799,4.9917968143792,5.37250337577449,4.57182703792238,8.41433608362932,5.54591718365252,5.74546430359063,9.26074002633497,7.50750724139043,7.16797472559728,7.53128453731324,4.92167831376645,6.09228704533682,7.06754790664872,4.75343754669254
1,9.05742076350296,7.0983773247926,5.83054127539413,6.01085541488946,8.84895193186792,5.78802594169657,4.67534934365041,7.43291637293793,5.93214006862642,5.80570847266263,5.76628662959822,5.08333750508338,6.54555258178022,6.35912964005456,4.84563358104735,7.25109310939526,4.55626000761384,6.48734828218504,4.88758048119853,6.19005932743507,8.21797778266721,5.89199967431705,5.84116356702663,8.61081530546484,6.61164019015076,8.23338750391975,7.22918059187662,8.87204975638629,9.60670900469685,6.15660279335267,2.87200401902033,8.00183428440989,5.27604306601548,9.3585076795711,7.78271574362682,6.20218383732741,5.87483011717203,5.35501626787108,7.42657183636547,6.39028742977748,9.52131409279552,6.0384399140966,6.44028174347527,6.29181202543531,5.33746894849928,8.02110058471307,5.34562330176128,7.10105657798521,4.49827705114103,5.2861712514246,6.77491183195702,6.46990474133832,6.89734145837249,5.74883738700864,6.55408825262983,4.92837741818066,5.26293820702247,7.18482918149092,6.52325468612024,5.99277658988524,8.81689828645232,5.27248251457028,4.41598346559493,5.76494242015732,5.06927094319313,8.08995202446696,5.70285142234044,5.90799772125963,5.72531369222489,5.96527010214795,6.21919120229337,9.13905825262371,5.82460235710076,8.5017419691863,4.71424920185518,4.60815352263255,6.1508831450995,6.18541486928601,5.44035011982978,6.69351075546098,5.30859612641063,5.28945956588454,5.60096763588425,4.16325086522589,3.53449982858287,7.55150377690231,7.05567902116665,5.19384111086983,7.61989641853566,4.49482442786646,8.2375865300896,5.12956622071986,5.49875137849477,2.96556794827182,5.08222752511896,8.71679640509661,5.55044145350704,4.70154495355878,9.31832442492335,7.60718403904265,7.88332892780856,7.35293566188192,4.76681126612173,5.54174998686692,7.20889684185729,5.99293027078201
0,8.3313150314553,8.04095085317444,5.81179371387551,6.09469236255637,8.92484870600774,5.01703970478691,4.36664326047308,6.65555092938574,6.04643561253874,6.81913704533895,5.83563354404067,3.56307508610802,6.06108332393296,6.6483042574885,4.65148011272232,6.60526828208328,5.84676879756159,7.12026088454083,4.134168200303,5.11174584473273,7.01630267137886,6.36944685410616,6.68732664276622,9.64470806034807,6.37629278873887,7.61080909174448,6.38876526599952,7.13116242832434,8.62499465371567,6.47702230064935,2.74195759802783,6.94686335582777,5.68232263716147,9.01340884170913,6.53117750350803,6.28904521151374,6.63721748149095,5.96895922942437,6.88912592650365,5.99592194888472,8.47750139372566,4.53387360346064,6.1913906321812,6.09868220153222,5.57350819443751,7.46885556581792,5.44747043932878,6.67937199505237,5.23101166413075,4.42339177824389,6.61473072926685,6.15729844740902,6.82385465902835,7.28106018738915,6.54653550911183,4.51949901158072,5.82042441019483,8.18133318689357,5.83478492622424,6.05253696675032,8.20070394956436,4.81243365797396,4.72138313991381,5.02936390711655,5.90540644546492,7.89905208519477,5.72683817827286,6.14685036378865,5.37618035436706,5.99220022888376,5.86354609844171,9.46028015949822,6.62172671380923,8.34470492957171,3.99466704122293,5.26678253200299,6.36761098887597,5.79027003730705,6.06643824249293,6.69293832653405,4.86140616356285,3.32347927649452,5.74426798322803,5.54127089143203,4.62786768127375,6.98369484424099,6.39548485844419,5.59768495234039,7.51358057274618,4.7263092102874,7.64502443762527,4.93881929214253,5.14114927434584,8.02974933590079,4.36170401662878,7.98968015259603,4.97127477382035,5.1076624558681,9.67978587356134,7.67227869830953,6.6624640240843,7.6243456944579,5.53527313876915,4.44121946990371,7.02192616017045,4.76518866894222
8,8.29387953772158,7.81505517401317,5.81810650827539,6.06268385232473,9.14044537140959,4.72723760860504,4.54413497061754,7.02006353468887,5.57143516650619,5.97550132796501,4.85504683259597,5.24186970514534,7.11265583126707,6.073762784644,3.7039318139534,7.14937740784636,6.06206353571066,7.43719488589545,4.60351310929164,5.68932316483996,6.73012027383801,6.54521464239741,6.0652324829762,9.4364763513123,5.77322023617547,7.33522962774583,6.54174001469103,7.15386275757705,7.75157222467473,5.87419870940752,3.04877171439711,7.25561551863515,5.48390058841297,10.0858205219076,6.18668711911782,6.25289126309884,5.64654718729827,5.60810986251522,6.7989946881257,6.28467761028537,8.69401283785043,3.8271358654571,6.07598440293202,6.26778718055683,5.38677250153616,7.92805717600374,6.21384039111523,7.53988110946778,4.26751888651675,4.69097255020521,6.99655213949978,6.0458401896421,6.6603953036308,7.18062259812277,6.93420990640139,4.83514339225361,4.40816115706672,6.73791786171676,6.00996805314824,5.46973083007724,8.77194072988261,5.79973655138808,5.61425688493807,5.18272139812092,5.6137294099615,7.50556413072758,6.4294307938417,6.94220948584691,5.30578201213255,5.92332470777897,6.26691922164992,9.40979019447293,6.72696491437754,8.12208133030618,4.62594966431126,4.48387163853776,6.12550216525348,6.39198416718,6.58315787279276,6.71279791068684,5.40427601381764,5.67601098239445,5.32840289583327,5.03635111554497,5.62362396831855,7.06345342654024,6.87816863351528,6.1889915873855,7.78619909696449,4.68313643694379,8.62612848762114,4.45899957626538,5.58907576191786,5.76309421671587,5.7179646830537,7.80594244421173,4.53897173932233,2.29862093114721,9.81294318002323,8.00996274879613,7.28574498139407,7.57993241286874,4.74084498715697,4.33960655768678,7.1853722394719,4.50730894267331
6,7.71221463894421,7.34091214715662,5.68070991389919,5.83955968749873,8.82043864150805,5.30386561485983,5.07314409294051,8.15033860849637,6.13207411987966,5.40157710354962,5.00937342579906,4.8090124833531,6.59437782451517,5.94746917547405,4.93515851083352,7.51982212170918,5.38413372482449,6.61667054576183,4.41995618701862,5.46038728995073,5.95990750919765,6.76985969225766,5.9511432303114,9.17277323593638,5.59270360659988,8.17716990753882,6.11107003069839,8.22136322565768,7.29510191394648,5.96517843012628,4.36555267646292,7.79783528326015,6.90303257066875,9.76530967640595,7.29342936415298,5.9461699223366,5.74823711430645,6.02077314587652,7.28748754122247,6.63212053041086,8.09982885139081,4.66690187813213,6.16081572029459,6.16912901624264,5.25544887343377,7.93121943549441,6.99869877128867,7.22954851599995,5.26108572633782,4.91327874892251,6.40938983202253,5.51512673396594,7.28306545591403,5.88095945672134,6.74333177780242,4.95182621464744,4.31941507077985,7.80873357455211,6.43078604204914,5.81304914089613,8.54073362383953,4.89734769755742,5.01774599449663,4.38755331477203,5.21997013276307,8.4287591489549,5.98272408183403,6.67380334938936,5.36660553632873,5.69034418640058,6.23745510815196,9.48486570175425,6.16861729691918,8.35792456330123,3.53633673763471,4.70029296050845,6.11853394265953,6.82416444618986,5.15210790302621,7.57821608513601,5.33238481307981,5.26590680409234,5.41072284462561,5.28817232044447,4.73420041963655,6.15061042297699,6.93884554392277,5.58630686452922,7.85412419848119,4.11228074165336,8.2451430756685,6.03194793319123,5.21656647767512,6.13723437593393,5.23944361358773,8.76169906033766,5.00500833831175,2.27021764611505,9.33536572927197,7.9554118017217,7.6122803649461,7.48162135080567,4.70590256532782,4.88855120657315,6.6616684126323,4.74499626441707
