,mRMR,mRMR_MS_linear,mRMR_MS_rbf,mRMR_MS_poly,JMI,relax_mRMR
0,0.07618518518518518,0.07632592592592592,0.07664444444444445,0.07652592592592593,0.0766962962962963,0.0765037037037037
