target,AMY,BROWN,CHALK,FT,G1266,G1311,G1378,G1440,G1533,G1778,G1888,G1958,G2089,G2179,G2639,G2764,G2815,G2949,G3049,G3092,G3098,G3102,G3105,G3106,G3136,G317,G3209,G3212,G3219,G3222,G3486,G3823,G3862,G3872,G3925,G3927,G3964,G3992,G4109,G4145,G4156,G4382,G4432,G4529,G4553,G457,G4573,G4668,G4744,G5006,G5167,G5794,G5997,G6003,G6010,G6123,G678,GL,GTEMP,GW,HT,SUB,YLD
5,17.8500910190566,12.5781523934449,22.4819576580971,92.5207517941313,1.18661499850975,-0.371812125406666,-1.03285342974747,0.508755370860648,2.08060427188966,0.912919582740332,0.485476428021918,-0.0418685053835411,2.37415254362619,-0.594650775210507,0.713368317310377,-0.742023574832306,0.673491390681457,0.994437995426035,0.52399998175985,0.567439035369206,0.749714726809006,1.12343354273235,1.46841094065019,1.68659364240292,0.460383257030335,1.04024467890311,0.212368683136851,0.962151908074636,-0.33721728254221,2.85250262918075,0.669529610580305,0.781696898868707,0.869288646196344,2.15789129598585,-0.498475920213494,-0.803881493562784,0.402897603863449,0.725730159764171,0.252914821274065,2.00335791739148,0.773469038462594,0.957620635575094,0.195582090605574,-0.0078856142724529,1.79106624220004,0.226543054249895,0.930440808878973,-0.0827363309647811,-0.802664073066518,-0.30206904155377,0.568684884537327,1.67628651387249,3.21813177995465,1.12628907497301,1.35503409089818,-0.384672598933147,-0.193662302038523,6.35288602778604,86.7943703788945,2.21399734828638,101.281758231921,7.40887753590229,4.46837317442885
2,18.6767573794073,9.96401947634718,11.6569635772431,91.6259342936754,0.095063548487034,0.322225710498739,-0.0717865594251736,0.112444962350065,0.404954520102965,1.40983353835273,0.0543714655821491,0.490745394014292,-0.475343481774848,0.465465158350051,1.90170937879349,0.113186346458581,1.33000208822922,-0.198151885136192,1.2821155994427,-0.319964027483243,-0.223445290413204,0.645556499944566,0.811680775522166,1.08074260659335,0.438696117749564,0.715435848914751,-1.27911062070809,0.913527315988016,-0.439193988440668,1.41898012726027,1.10929592507624,0.821154640146677,-0.18605144754079,-0.21208528334347,-1.2145462244728,-1.13908562510462,-0.13441978681258,0.128382419126827,1.01296688501611,2.5523141114009,3.82259706836207,-1.39946146557786,0.0294308270738768,0.15650710386413,0.188608680104999,1.45136128224174,0.155309774306173,0.350254063564348,0.277923471572576,2.67733451881479,-0.281945559081415,0.579520179258684,0.200231244938961,-0.0063801055104366,-0.506593498525673,0.886156259436402,0.329765757579851,5.81434013536175,82.4921343072679,2.12476899970166,106.002758541272,9.13041846688233,6.65382402307296
8,16.9677193009744,12.0408645651904,-8.71761392617132,94.3838696381257,1.13475797128752,0.94718511730078,-0.0041126972231867,0.774420150837203,1.21608644356604,1.47564642813747,0.343992521671178,1.0572289391894,0.796788256788777,0.760809052394835,0.381831737455154,-0.400702453002752,1.31225182749605,-0.373247026953749,1.8295599176504,1.02699175102325,-1.6383095431499,1.5240342486418,3.62481804794086,3.34522988872014,0.0617134638979141,0.0859066192130616,-0.959773214743448,0.693491588819883,0.301074456096484,1.75201241824274,-0.479869051007136,0.658639798890671,-0.95203479289572,0.678323129273721,-0.0338471276041267,0.853271047061671,-0.901304631657178,0.0233095996793894,-0.448237110053083,-0.0061697802451311,-1.43263668750004,-0.336352192839479,-1.56102287722439,1.45276243939248,0.395684529157312,0.13776414372472,1.45069305721203,1.01313895682987,-0.122730785526276,0.583394031097072,0.279028530055907,0.192677072092482,0.305332668301082,0.751277536983252,0.826329819200811,-0.0254813738433159,0.441676889005951,6.23537083611127,82.2936704759604,2.00677932391002,104.4809078925,8.73545807042272,6.44639441024437
5,22.1690898130783,11.3812027452606,5.96541441988405,97.9220348409933,-0.72238205903618,0.881139774720417,1.25612690897908,0.065948982480858,4.28340422245055,0.808951213206828,0.512871617026358,0.614930730843019,0.727919996505518,0.217496207921607,1.61097306263377,-0.262270282856109,0.638618810071711,-0.186999891279522,-1.58797338918736,0.852944207882725,0.572159888813783,1.68154446582631,1.51093261337419,1.7433225588186,0.669679654410291,-0.45407420368476,0.31110604915168,1.24311702369656,1.71853013395592,0.825461049428592,0.926896823433489,0.436600031547562,0.337487413197038,1.57768928278388,0.383818596465525,0.84815192156217,0.760271235830533,1.17857882661077,-0.419406897536497,-0.956834833378309,0.990429271485655,0.989110802307389,0.0256152609711685,-1.23608152023236,-0.774747546978442,0.531750663588571,-0.889285262977913,0.0130011497455548,1.19769517736509,0.437167663117693,-0.385723093289541,0.175971260091969,0.961314069808869,-0.888137525769341,-0.300060391884287,0.34318080355724,0.229975581314805,6.0826171146951,75.3547839900698,2.21340034559067,99.9948620756065,9.01453288487247,6.57947251943617
5,18.7650190007212,16.5315695552509,4.27583799847249,97.4840575530951,0.163182772449467,-0.0571990839717465,-0.0054710196631542,-0.265543921637249,1.87808865354428,0.649222658516921,0.68494819497025,0.46899124203017,-0.263593341645776,-0.0849111104017032,2.54978228983515,-0.285516500698089,-0.189142487308957,-0.438939593117093,-0.527432153614315,2.27548468961538,-0.800713755891517,0.798599591029769,2.65336098884486,3.03449825570535,-0.192783684306355,1.12307064078073,-0.498973711571916,1.80494547687535,-0.502615356283663,2.01678503214223,-1.12936969536941,0.948124456254136,-0.961916797284067,0.411039522494254,0.593667568579556,0.272827782532845,-0.858962334288259,-0.825249240997887,0.665227782978518,1.94800870497205,1.53530768364442,0.568866584624462,-0.2457731047145,0.49734027733834,-0.113253006611699,0.721175221704,-0.0140024263646236,0.0672326944560389,0.0282075637628201,2.71811013164007,-0.275697155329983,0.611805047914506,1.28914306179127,1.24854543680613,1.77110661088345,-1.174777615087,0.615133734649169,6.29028583699812,84.551985637651,2.19328798258297,113.136180685243,7.78140292457645,6.37941515679612
8,25.233144218974,16.3190837568104,-1.38203709653279,92.0730958916379,0.257649924484527,0.787840851410597,0.0696512769956802,-0.0650363947181092,0.548566685370573,1.08974038577851,-0.4019962440195,-0.415125227079105,0.996785871527294,0.138547844888865,0.460121119241872,-0.595348531016822,1.13766956982884,0.213693414916478,0.378259983000096,1.27381588659946,-0.279380662564293,0.966424040920946,0.23133999369424,0.0239642788557869,1.89278467837396,-0.97235085805389,1.22227921491631,-0.364500448259154,1.85304220870651,1.44973571529059,0.245896196258413,1.99068788973446,-0.0485088964077075,2.46538096500189,-0.270314570189036,0.885910339884834,-1.06005725842634,0.0220715909835691,0.269613018376585,-0.988694939216134,-1.31255571165442,0.823310997228287,-0.0651671525887441,-0.119369987769121,1.4924466469323,1.74031251842729,0.737050531997896,0.817664489966107,-0.205668483940704,1.85101431920329,0.384991963440361,-0.88451265020261,0.714471021730448,0.637332588292264,1.25042967309362,-1.05563706125614,0.517572556544803,6.00849657488666,72.0198767719216,1.93503965203301,92.6002565227124,9.48601079430162,6.33137265315144
0,20.6868233915406,7.28130603118221,12.6680463951483,93.3511008927692,-0.477563255909178,0.499526452711198,1.15551886020569,1.82492256605117,0.828497464197663,-0.155339911066735,0.347994438155998,-0.840624645085817,-0.384589167422362,1.56252906021823,0.0102061724719814,0.584143929643056,1.51354644285579,-0.348719273934169,0.759764876847798,0.8722186401341,1.0701934630778,1.26501678611742,0.414987210070714,0.837099286318614,0.292351601610816,0.400050934890022,0.305068895108168,0.722231430737106,-0.207800708491713,0.601134664412614,-0.0800231026313519,1.94884058625155,-0.830586056334122,1.86774945460506,-0.152837175124483,0.56062812192902,0.731040865582093,-0.545125845546054,0.920396093431438,-1.3655848952569,0.82930138197269,0.189826590077017,-0.387495613229701,0.180253226263564,0.317112386850504,0.276319033700061,0.525009012034872,-0.859379003782026,0.414727823582933,-0.43980976407891,0.575958540308691,0.821205702777005,-0.679715175777943,0.321937971052907,0.162071494089672,-0.0978114660966354,0.897934165344345,6.36929666604081,78.0091113755435,2.22330101228101,100.152701279624,8.62053612727359,6.43814408017701
2,23.2835677608952,10.4771228129933,30.1414247177265,91.6349689471692,0.0338934785562117,-0.331351315366839,1.31551021058898,-0.23755555127233,0.455715405516261,-0.298040182612182,-0.553714539161018,1.25686727562665,0.945223113880032,0.0531606862017796,1.67737013008338,0.750635843637711,0.450085898079395,-0.0578860368209595,0.731257282775489,-0.348654211183304,1.6782796382424,0.143335160387463,0.309357517187638,0.536098616756076,1.72791893128902,-0.672344770758333,0.243727138262541,0.260988294342865,1.4377285989678,0.622079334537828,-0.455196553720769,0.593521973516035,0.453388320736736,0.459643261168493,1.44333171431478,1.28232935259768,0.823929752449477,0.452068424000252,0.335636300930968,1.94852825537586,0.282686938299228,0.836608549265139,0.0274153035940233,1.65929272984178,-0.673790840242103,0.863140637541001,0.801145563045309,-1.22645885954341,0.534781193730312,0.808927614272741,-0.715738387646444,0.10594861705278,0.373682912342581,-0.290522317390857,0.155527680330009,0.76030032844791,-0.524164008846238,6.19281727742102,75.6197204122659,2.17436117423876,101.096752007686,8.88202741196704,5.63949324027182
0,20.2824519842071,15.92033099142,7.8726475675553,91.2223643877613,-0.0320287994794812,0.318154259131358,1.32298635506678,0.776484663005837,0.424287580143739,0.977758649290642,0.114494574891628,0.590453376282698,0.743683857855249,1.33164846408276,1.64993304678638,0.342624027491949,0.789213995992537,0.0040971254126924,-1.44776956978508,-0.839678201862896,-0.909760631920819,0.744407534130089,1.32524775410503,0.605963140215872,1.25732865087492,1.09877443850668,1.0575442238321,-0.571184213592585,0.283501779619258,0.794173311101303,0.590049007798568,0.483932365561785,0.412894579388681,0.798568860910696,1.58024342301454,0.980380496539857,0.0979575003437931,1.67440758100786,-0.424769698694498,-0.648773409199371,-0.748978231208721,0.55836839180515,-0.177952875980745,0.805190902318911,-0.56311996067139,0.0711382986360296,-0.269543097516642,1.59806637497107,-0.196767768297545,0.999953364350843,0.531978211225614,0.484815564831109,-0.283507734125512,-0.137903009255981,-0.42879907038564,0.0611280760153536,0.901348780762855,5.89986027291968,73.8900559397905,2.34332459765076,92.5126155260057,10.1043317706712,5.80750284664603
2,22.0744007786948,12.4403233502381,21.7556220479881,94.8498027480208,-0.305647201629979,1.51419693126656,-0.187241633198342,-0.605104336676443,-0.0842271789233192,-1.10167289640853,0.249625875393699,-0.205478120799906,0.423418469233816,1.87510815457436,1.30615086644467,0.147494465236296,2.76489115622483,1.78204120959351,1.00289016430085,0.197741255215115,-0.928243253097139,2.11269177071732,1.32693307714136,1.69672851739818,2.23943309852501,-0.089698861233133,-1.32593895617458,1.03843178839379,-0.730070826758765,0.262557274647387,0.0185754918672187,1.12508107513645,0.588331807773337,0.797725793980546,-0.204871223485422,0.679075464938083,-0.258237854030015,0.43239214693666,0.0855402047926649,2.08361262548111,2.34889930785985,0.283928071853556,-0.642689844393769,-0.175323281872292,-0.69490098447494,1.37804792499815,0.66100044762773,-0.353061647163684,0.0123476336764047,0.346264487907825,-0.707141539135018,0.702389017543797,-0.401345897561817,-1.1277728885856,-0.699063542280732,0.36761802959095,0.48417427216594,6.31338519271598,79.4530340451586,2.25741245897458,98.0751952819116,8.14930161301679,5.97131197537893
2,21.6484767987967,11.9421400256955,18.048638225281,92.4488062927938,0.347229908923107,0.48919302967187,0.715513794079682,0.0618447443004078,1.00680590149897,1.95811872636577,-0.512274122258267,1.55689830931035,-0.668644315054048,0.760300340949372,2.02172257291396,0.770634115198329,-0.930323367054554,-0.0669202580695508,0.651603592545974,1.1830803106102,0.287901277835772,0.36745959252012,0.68276099994929,0.789802113225506,2.81194491420471,-0.559903209729896,1.54500509919406,-0.036725825141582,2.17617956893449,0.0373259471740444,1.57664965876254,-0.431591794065173,-0.124398112801743,1.2606708793905,0.223690700495532,0.753087896976543,-0.890857218830101,-0.904068742115976,0.373695107082884,0.156381278095908,-0.203758380300142,-0.167500618818372,-0.202232302272802,1.8259408273261,0.0656486323988711,2.24766162340344,1.26955115381619,0.996458327242822,1.12847966586541,0.927411469582532,0.732007257055915,0.865431652318995,-0.0078366453127177,0.424000178074523,0.327288420543232,-0.0673581889832208,0.359122429801978,5.78981355916248,73.0985059923673,2.33683394968615,93.9098080794493,8.75963763641328,5.10449155981325
5,24.4829012531961,17.5120350254322,9.04046036424051,90.5864491257105,-0.328725551119686,0.327365327641036,0.868217294296063,-0.211447178173072,-0.751736510044885,-0.37670365509288,0.748147717417311,1.64771685804001,0.571420564292686,-0.246384569011517,1.95538463842379,-0.174925581262503,-0.41863299811458,0.382422740325052,0.601633368463398,-0.434170578964545,0.830371069991524,-0.889557282731923,-0.015300413685486,-0.0690672024631073,1.04224140862772,-1.1639305393,1.0756038802502,0.330809268457529,1.91009081167323,1.23834046547241,-0.748286892872421,1.40346521409127,-0.41798958292339,-0.96330966562501,-1.15509770202417,1.83868587846825,-0.414912854312312,-0.30514401523269,0.672357099941765,1.67517787116921,1.00400166731846,1.16310057083611,1.61703220391549,-0.36875078481146,-0.758580798245131,2.62925964843559,0.413802749308536,-0.815202023769261,0.759694386077437,-0.690894141756793,0.0428014538377726,0.389899830433701,2.49956552345858,2.4206256032079,2.50861243159108,-0.0704744240042808,-0.0481120119932082,7.20938900952944,73.7145321770772,1.80973208959535,93.7730798940435,8.59697571099053,5.68395824792962
6,21.836955761485,8.92377925692271,15.1574004464861,95.1458913667829,1.27992673589462,-0.139649531641167,-0.517005670563216,0.828157997809523,2.83662605827658,0.217709080118698,1.26131354710664,0.0254222133064787,2.84255379643591,-0.382025197016455,-0.626142402218387,-0.232466962717476,1.04915354458227,0.0006335040284623,0.857667913629876,0.548987792553786,0.130781460441005,1.59284645120675,1.39393743860688,1.77932330484727,1.1689383235048,0.66902415774083,0.338121489495789,0.926457316083084,1.76491791150753,-0.323104811840445,-0.511485647440786,1.94953148948371,0.802531148292026,0.51075068916037,0.447473921048192,-0.695961623780097,0.502220138050767,0.45918830704389,-0.880025744203245,0.875766665233859,2.5519833568172,0.636043516819771,0.138709072511057,-0.294707573110296,0.0927984569376361,0.265592817316894,-0.79508982762968,0.165433769148852,-0.0479193625089256,1.09056406112663,0.395649729317266,0.428313338808317,0.358577973124084,-0.106198303281417,0.423551992930661,1.00569063064799,0.105509155194928,5.7599033682088,75.1696966149681,2.17477893446708,103.803580292625,9.02838618808233,6.32042986360873
2,21.2072671035199,14.0470317807471,14.1060900772134,92.0766941746988,-0.238611825609872,0.560557999509258,1.83218904216044,0.169951472938176,-0.95621832876822,-0.768168449809719,-0.0610341481924082,0.0220639592659391,-0.474967258490655,-0.477758021748009,1.46806877514985,-0.49910775386765,1.32450357323761,0.437194959489305,0.350566815481472,1.34315279808984,0.830068951168702,0.338893721130856,1.6037523529989,2.06576955606931,0.908473961632434,0.0066101740931901,-1.07224532865276,0.414798470958275,-0.564625059255733,1.61296462273693,1.12313039511526,-0.263093716759496,0.372837332481299,2.02025227110505,1.3049024521338,-0.0836686691435316,2.70011905031523,-0.693054823813415,-0.0069594270388766,-1.08194090891594,0.0022952990350049,1.1186016250393,0.182800915092799,0.895585502377084,0.521337751673199,0.545526417527588,0.446067451928701,1.2884956317205,0.547330479460161,2.011230360193,-0.51243193481988,-0.37944306187235,1.41691610202295,1.77478208592683,1.24218241496745,0.113350994606052,0.498284591809416,7.04308726414001,80.2491370747481,2.07473251209119,100.355291002969,9.89345328013418,5.7329573571584
6,21.4297173032775,12.7257050201132,7.61034888558884,95.7327651425144,-0.864771323851232,-0.674474194296258,0.802436928514567,1.22061379209842,0.723945001010418,1.78424838505361,1.27026765134097,0.607460538753468,0.0541691385379134,0.861561115831397,1.40318361330541,-0.825900714557887,0.658383992954553,0.115806993689754,-0.10574192467429,0.55000430176958,1.689697646521,0.318530162798358,0.126396162418003,-0.0478702269911133,2.73026149235871,0.158930122792315,-0.4835317177942,-0.304255387899569,0.110435204531313,2.2436884451911,0.956908057702383,0.497156007961524,0.195870049012383,1.54440128490865,0.523684241143173,0.349752820318016,1.29894914310079,0.545706116829481,0.0873607361943986,0.181622942821872,1.79768292685369,1.97462653843574,0.8221581947015,-0.529247565416752,0.411505595493244,0.308824743274251,0.149854630441533,0.616982006607601,-1.04820378762167,-0.15707020211828,1.05628271389255,0.665574728351974,0.656453530438082,0.864306031228673,1.18041699153566,0.180730710067945,0.0060983264701227,5.93188274763066,81.2365167731356,2.07906848640202,100.795145448262,9.73621733660126,6.04699587153869
5,22.6946454255575,11.699502070709,15.2964272661698,90.1180557811629,-0.134825446936524,1.5488177683808,0.0586021405197078,0.236716370603932,-0.673115989711156,0.731043267265426,-0.397678189539418,1.29614087943697,0.0652986839222583,-1.11279017691556,1.22827077537651,0.0964901552939463,0.227714062899803,0.651684590564511,0.0907298887701677,-0.893549319959682,0.623324904381475,-0.399583235242005,-1.35467449216031,-1.0293544256514,0.308723524040017,0.704300341681972,0.25888821365017,-0.0379038360866396,0.644877004513062,2.22289448557906,0.840426013287086,0.757107850049276,1.24815638448011,0.354460767228866,0.0743199301433326,1.03167697026127,0.90114639075326,0.929382043668676,-0.255321835006192,0.886057173657215,0.882631799486668,0.216473063925032,0.0679671542783095,2.50007668126358,-0.448071032049036,1.20750760134794,1.57552240896,-0.88140811698401,-0.599613181369609,1.83588969130217,0.70134562677498,1.77958404996544,1.26592311556327,0.164684111831096,1.17973795005181,-1.64147648651098,0.0862871763226757,6.17869455570579,77.661039266336,2.23297844582994,91.8789870973822,7.69471481321103,5.69841327342986
8,23.2915548905149,12.7386312811713,9.75424665121533,93.1633905675117,-0.453961862997619,-0.152761524615921,1.0458286943419,0.491853258482217,2.19951855526608,-0.171450924637099,-0.158817667049414,0.976042281966881,1.65495565910074,1.22867190316477,2.82973826512594,-0.144264794678932,0.530318430275369,0.0642561529594573,1.75918132839806,-0.105176041638578,0.716386869700655,1.63076371755669,0.463941966311138,0.0661981377750521,2.06827193623253,1.3613392402216,1.34015438965577,0.716207291255954,2.43877517411985,-1.76961961819133,0.408946758712737,1.25003066501128,0.0027821581859134,0.790652283570892,-1.16342974732912,0.850853465780212,1.36774724441961,0.967926392764477,0.0316856196429079,1.50970945351426,0.363878557729516,0.985828776273857,0.255898400704314,0.329546384670871,0.0440543410567704,-0.0645301090582806,-0.908937107631609,-0.313992844328812,0.543507534089731,1.12315495220594,0.0223043923948953,0.25169406422363,0.804164574089377,0.20797947321502,0.865285375184224,-1.36712774965415,0.0364585767920116,6.7055494568591,64.9460812115874,2.05110405097882,109.554163783503,10.5117420589713,5.67713015641525
9,20.8723566327896,19.263732764898,20.3222689015826,86.7527645961916,0.210799801269341,-0.881111692082509,0.772089495985759,-1.26694897010268,-0.108942719083805,-0.464773675045392,0.991745113398984,0.63134818862576,-0.0413724396259021,0.640622773944359,0.535927306011219,0.589923482394131,1.07761051173077,-0.877117084204806,-0.454154257238447,-0.990483787976104,1.7540788388086,1.09260227060588,1.81573429921553,1.80325866490457,0.713268253691454,0.404895164958066,0.217434941284338,0.999996595667542,-0.299352102121764,1.90938947979276,0.0311912120126263,1.98624222302095,0.664700976345742,0.952008033365191,1.00583017299582,-1.85105227348187,1.89509445858224,1.71562217828496,0.608957507279106,1.5082909952424,1.4367563405806,0.547937329842314,-0.145479993498321,0.424416844479803,-0.432257426565182,-0.459739238385156,0.614754305539211,0.720246262472508,0.182097842442265,1.99155955057631,0.0440575434197581,-0.569692351559035,1.34376749734517,1.76625052659861,1.91327311900146,0.347070882351298,1.6124552470756,6.12633079552887,80.3038863613747,2.3610347468929,94.317096897606,9.5250268150436,5.8871220122071
8,19.6925736894516,15.2723039855372,16.0893094920756,91.5746165397012,-0.836368246775573,-0.418285039702414,0.309747468661836,0.489678877201873,-0.63657423648315,1.39418513080275,-0.16675708557005,-0.187753215239942,0.908240637238303,0.21276445417138,1.62398082486122,-0.351451680362017,-0.428165906955028,0.379865748135384,0.944513706880781,1.24263670103809,0.724915837223268,1.61254112105811,1.73790682610649,1.71196644866494,1.37576597128111,0.854931149507068,0.364310553662145,1.17296584324487,-0.0654389801146581,0.454380881721725,-0.455620324176964,3.4333073632466,-0.125489831135544,2.00844666587031,0.378582650738268,-0.0582522807099023,-1.24919745816436,0.284349853438067,-0.0147631882182819,2.28075399315071,0.430566436688062,0.603309587546475,-0.230486130482878,1.12319761077094,-0.37360362337864,-1.13618451371183,0.548696341187544,0.576646379658184,-0.643097928941601,1.6207910185819,-0.534820294878057,-0.236828121138709,1.0378357842039,1.64189431025634,2.46036825408584,0.575424475196566,0.716542217162441,5.92471805024509,76.650422631346,2.1467632599405,89.3392879380751,8.91429789045193,5.11743927702494
5,22.295320126769,19.0776494499367,6.44038039271987,91.0102162250362,0.233073426261164,-0.638774595952244,1.39186181597369,-1.21990817614889,-1.77428304193113,-0.566668999935104,0.771903930691404,-0.399365731450017,0.1515289545809,-0.388633851872437,-0.604128500416802,-0.343879555197058,1.48136811962927,0.0931931693413441,2.96496952720775,-0.465971237712973,0.770036254769419,-0.61563919743516,-0.0180468240350783,0.56151637252791,-1.42255898458649,0.690441795752929,1.74161524733803,-0.156268232862128,1.50170023667465,-0.9616971319076,0.254411120424317,-0.229809727558864,0.285630854325119,-0.0385105678200776,0.388104558977592,0.962294357825995,0.323576723314729,-0.158307172591379,-0.174330676239511,-0.573236912843543,0.49871368394705,-0.0526491033036581,0.114401604871563,2.99938884723841,1.19681855206037,0.764881571636309,0.489219898963031,-0.394354976736632,1.6725752641935,1.13347198729423,-0.477425131581133,0.584628977864797,-0.464011305367734,-0.666202344186863,-0.384757433655668,-0.264671748567283,0.654563106610246,7.01761683447416,68.5872491371775,2.10867849901123,93.0444048211721,9.19432057377082,5.13742056877264
8,22.7294206578454,12.133501135796,0.298588589479509,93.897507126669,0.609009674521648,0.18016772353552,-0.0196826655589102,1.17930592466985,1.80531556627963,0.780173110385154,0.930353038921121,-0.0053363773879117,1.56204960700181,-0.0984425781567979,0.789692412600653,-0.249635497781901,1.96060197273696,0.271136236667874,1.02864196086168,-0.299935807545519,0.0194126109696962,0.485036172341496,0.774981258646744,0.592889289785635,0.817709402378232,-0.0654591057624952,0.688127950062489,0.210325498090067,1.76981371118067,0.476861676569154,-0.2634508725648,-0.999454317357624,0.796286859838222,-0.0083783513827132,0.758942951928589,0.187402522500192,-0.0865317852853489,-0.0171300136156821,-0.208627990178689,1.79177304293559,1.25522082287492,2.11298644433609,0.185638702257837,0.244431069642946,-0.0038416259162831,0.701289754354979,-0.238781035096821,0.234826408007801,0.403155841347524,1.34051745792325,-0.707078512435146,0.195554828586546,2.05967328110032,1.57737558627128,1.16262645703488,0.216250137638548,0.243467930159742,5.81781701812896,70.0995420198745,1.76343331593168,102.655136393883,9.0023392321417,6.21314533321431
8,19.691485384828,10.1755895025885,19.6415844224842,92.2329786530813,0.0923932417611532,1.34145841217399,0.0743121744977797,0.980389396702992,0.821322706529068,0.205419987178296,0.380787279350938,1.36568250580622,-0.6869749696731,0.931316807662336,-0.0928655474895506,0.586539308633067,0.184080371145549,0.425675741643708,-1.18021773796368,0.57820244351063,0.267014189330173,0.173398403441693,1.21209684117861,1.17962738070088,1.93921759394613,-0.733843698671283,1.06964405175706,-1.07833418395542,0.215859321102102,1.29920203414762,0.828899361548287,1.01226002564404,0.963567670563699,-1.97372170798701,-0.13200911390859,0.0281845225704812,0.153438989597505,-0.0551833848078255,-0.123780670073072,0.762431715034493,1.18520537113111,0.0111512948882755,-0.518057922956536,0.168207301181849,-0.875352235834063,0.721016855742956,-0.131024156839993,0.682193185184047,0.340859401689712,-0.878002708837972,-0.177282157250678,-0.873231526860649,0.899731184064487,-0.230168565073453,0.381562324376691,0.201272647401027,-0.227593879018937,6.03661829844579,71.4776944013731,2.18112395180132,95.6201506008717,9.32439236583775,5.22817616706491
9,22.4418314888792,18.8893357428471,-3.0570601761951,95.0925174344792,0.448204681794875,1.02978358364119,0.450940057484178,-0.0443454908056104,2.04205640298819,1.82014615471486,0.277744280588305,0.863224364370913,-0.349907149483409,0.511473283749471,1.27411993831522,0.24560285189851,1.95320487107433,0.0656599974377342,-0.485209005636432,-0.652546770971104,0.753930722439149,0.436289930561812,0.528742358127717,0.861675087629112,1.3508953088717,0.250368716666107,1.85550409303486,0.726037248653784,2.28401126123788,-0.858646069586892,-1.68236649287439,-0.936080855201994,-0.594732099505541,-0.881292637142303,1.74851367750269,-0.588831836227299,0.134881462702011,0.535728330542719,0.334772053784863,0.0739598336168515,0.740139676306477,0.554823159566584,-0.598933245730175,-0.289787034905552,-0.663530649796268,1.16412910642713,-0.0609512697807695,0.172687002986396,0.86650371293816,2.1789719401299,0.844162228545208,-0.218701603469894,0.667585824311453,1.67715278368604,0.810084205651879,-0.487616077833912,-0.12699302796768,5.52714367488284,69.9460797131379,2.33120250680542,89.5878057802783,8.33983754637166,6.24450665796588
4,20.2788172067838,8.91589199498072,29.76500290848,92.0184845869946,0.358312756812096,-0.186885210989932,0.642262732354677,-0.394623162719909,2.26351557389889,0.58447401450027,0.55299863810358,0.466470064560794,1.87380583263178,-0.241421062084718,1.43212331798963,-0.540671556573093,0.149821838084593,0.683583609636352,0.194127951064295,-0.090410482930231,0.0115827983167496,1.57534257051891,0.939604960253139,1.02015470924909,2.27211000378421,0.380073778970349,-0.130732792596375,0.840679093949733,0.2310681949043,1.3840448012615,-0.0417529501421654,1.7793395802267,-0.964499853359751,1.69710161819418,1.53908049240498,1.27376749220306,0.0771031167041829,-0.533568836829994,0.264603044003723,2.3412783105435,1.0579486854681,-0.160308168834434,-0.103020143775108,0.148016063152745,-0.249482736530579,0.463463451833827,0.367659196965725,-0.443574398535144,0.445660373694261,1.60855126589461,-0.0222325068317798,2.28720383007738,0.64684756854041,0.831258351960768,0.595469826266616,1.00531772042382,0.12472159746561,6.92013235973238,79.5996475789045,2.05994236680113,101.834199951861,9.97878950868225,5.91561024624228
3,18.1123541988353,11.4590828795736,10.3898924406988,90.3130880689493,0.512116756348614,0.285183392867345,-0.447818905606558,1.47331668339433,-0.149564042382283,-0.243031219661512,0.113302395762717,0.739879391138754,0.520724933854756,0.691156429824677,1.15470626778854,0.0476000251699795,-0.487501839912809,0.823746601734713,1.4346188002798,-0.0085839990689426,0.13203064646686,2.56693043351787,1.59207680976462,2.20157258543304,1.18408553371314,1.14660596128621,0.809989578963448,-0.181103341201082,0.563550823343485,1.05499419420824,1.43102721834361,1.61791406256073,-0.0832184915535212,0.718401761882413,-0.128101802289075,0.673530849063179,0.260356333680608,0.510144976420936,-0.201162369090055,0.942615553593997,0.629697901346813,0.0533576628650398,-0.65842397070677,1.3460296299585,1.43812744391882,0.227032701726101,0.601791814520504,-0.0720062787302646,-0.0159737945397586,-0.301159807984469,0.284939731266177,1.26961064074898,1.02188256432763,0.663947198356703,0.476453725467799,1.41034687136619,0.0038747286109469,6.97056492471561,77.0033770360498,2.23157538221246,88.7740491026233,8.60321595198928,6.12435597364499
2,22.3072173079702,11.9917461494422,6.16540627400451,90.0839910729231,1.23402299299636,0.756035731896069,0.409843078804423,-0.274190604746652,1.14037265566385,0.335392441182065,-0.81469413577597,-0.417925935821885,1.74263697258244,0.326995984124112,1.44910031945843,-0.721783922655397,1.85738128542457,0.861166750871951,1.91670702058641,0.382121263740905,1.88171214381323,1.00546988233346,-0.0375198357263505,0.373264204628412,-0.0079468863856251,-0.168032084497041,0.32194024577215,0.19648514682289,0.99947417603221,1.17899033087442,0.425169429995318,-0.678322168035833,1.07185095183614,2.89158074740589,-0.260011797630575,0.895902671090062,0.652101101979966,0.54406086534981,-0.35465920339178,0.350489296723677,-0.835034439202678,-0.877952883328018,0.445887503515646,-0.531533658966302,-0.106433002926956,0.0534806273258147,-0.0631868771968564,-0.108489072516308,0.914899567587828,-0.963424715943406,0.986830735507803,0.80397936266851,0.283665123280637,1.21593259412913,1.0305277177523,0.603034055600657,0.107959181053733,6.81173971668228,76.6272762808594,1.87773019801919,107.903834740816,9.18764306894671,6.19279385403115
7,21.6456125680699,13.6221999536834,35.7487151151949,91.6398327446876,-0.352013383811856,1.09429942707935,0.717190211804522,0.422310239785436,2.15018479854745,2.45806404438422,0.0520097115410666,-0.197544640777649,0.079178136406204,-0.384440565933847,0.699668483467514,0.374727271314553,1.44355085132967,0.691664427048706,0.349585992569764,0.345519170841516,-0.588143467281552,0.851225668303798,1.24940699699581,1.26476889125666,0.432229196627378,-0.294662745925449,-0.237066285459536,-0.836546949011196,-1.5769315145048,2.52005069609019,-0.18865431072646,0.352836500215158,0.743309849850818,1.32482485413067,0.796803938979831,0.374230409604588,1.51537439262636,0.78149480768313,0.0958316596946408,1.08924180660846,0.295167267566684,1.15750325914058,0.0123965287172071,-0.475044932335836,0.713174221539083,-0.6803124751528,-0.322150780690061,-0.225777208740179,0.500731740778363,0.341894610858739,1.49130757390332,1.26081258137953,0.371466156996185,-1.39318464775667,-1.26369962871201,-0.644242110086951,0.207981236532937,5.46623853803662,82.6152596230565,2.41524918059541,103.927822509459,7.71333841974542,4.78154063178676
2,18.9996047793329,8.67197897591923,3.84415866692443,98.3982357428127,-0.628819891797721,-0.281575252538798,0.99610503267201,0.343709277408599,3.7189564977907,1.13913653867036,0.703044880023611,0.251018591821747,-0.461301151062404,1.14149682141687,2.60421721997556,-0.527066763553255,1.03735467454453,0.587952317385149,1.61345172296474,0.277181568658471,-0.836271880508467,0.950568361849322,1.80587143660002,2.06624974049212,-0.101332355544821,0.804736452682002,0.850007109456314,0.257277405834346,0.671173301687273,1.72734054793405,1.58200950123599,1.50768340997799,-0.209605177252066,1.38390450573229,0.845801833079572,1.48310798590003,0.266838688750097,0.889805690537234,0.500733639000902,1.95865497507391,2.7745918669519,0.44770731003995,0.155223939655157,-0.331441085753019,1.12702504947335,0.333935468879538,1.02381944795056,0.691311128429967,-0.361534761100026,0.0032622781489067,0.352552296240921,1.05993235112923,0.355731519018317,-1.01611440343769,-0.398175361185249,0.672177039588441,-0.748724487304293,6.80374166838653,74.678085741763,1.82240718534005,89.7823247162892,6.69905073030006,5.9595554837844
7,20.6625488032762,18.4056202320651,17.6063581466413,94.3008011108154,-0.238860122455584,0.0440101354755405,0.0342135188716755,0.208163487430753,-0.12721254710818,1.95121730595662,0.379862100160324,0.521363561576779,1.49737118099879,0.440514530700835,1.35447268945143,-0.22822009568443,1.07739531278303,0.529488462905232,1.21227314146182,-0.0181402333224542,1.00414958483201,-0.441893163987208,1.19023781643608,1.86628810928195,1.08361443043739,1.17196957885801,0.251051526594871,-1.00959684754492,0.869622422776662,2.05834321112634,2.01757557757769,0.845224381318979,0.105429549911301,0.323839192942762,1.19575455050358,0.348666481995751,-0.571838678789351,-0.618682469549252,-0.214354954722577,0.312089445457952,-1.30918145434634,0.0638406663704437,0.0859179283756667,0.994820490250616,-0.527079867413806,0.240027073444428,-0.525437652569293,-0.446392630102769,0.657021131045114,0.756277915508477,-0.953746230527322,-0.141355354671872,2.17914939729194,2.50808939221057,2.15135514478248,0.152030912098966,-1.02667846446999,6.48948712739092,75.5296264290042,2.41675198054062,97.112160290239,9.1293983073124,5.6127260126824
4,24.0008735875841,25.3574950908632,25.67742977022,89.3774585948055,0.315363533207324,-1.08876567376008,-0.204972190751855,0.628616022234351,0.755508372168651,0.821741514406123,-0.217905129590204,-1.16440445071482,-0.0464921795642154,0.434821000410948,0.561880734832689,0.252352611172708,1.04077590645727,-0.235880632753336,-0.108597023255152,-1.26281151897882,0.183946444046441,0.829580679051915,0.363133698953656,0.273959569907488,-0.189367423195309,0.844532056782674,0.570418200294041,1.24645352242618,0.415092536612969,0.533535584251867,0.714714600293125,1.90292260091142,0.410618481111696,1.78648573325416,1.10413056738797,0.210492243028939,0.393278409967166,-0.637851512596579,1.16003501779047,1.88496695956819,1.62437542955208,-1.01087850430642,0.281761529286264,0.487089500609304,-0.95319886877792,0.698647877604858,-0.124168109737526,-0.101046548767174,-0.264548811359139,1.16508062193161,0.372543730789414,-0.891173219202189,2.05849737445348,2.5139546099726,2.0999935499106,-0.729091327362551,-0.276548680062663,6.72760778593794,72.8545435187267,2.16617778652039,83.9455885168091,9.88302926892587,6.30408129429223
4,24.908500726291,18.2647724077341,17.3113691794711,91.1177941422521,-0.779552501737597,-0.845198195573589,-0.3446549632291,1.08607787001184,1.00457453419171,2.02752719414439,-0.557922410486505,1.47673863555792,0.352379883212146,2.40914755825941,1.33086303112826,0.0745220487374647,0.744187155918852,0.123104621752439,0.137273453587576,0.867348708052407,0.829436843854266,-1.72362555610626,-1.03116248584038,-0.587415911667881,1.69715225106643,0.506504270554693,0.197848446398955,1.4998478969718,0.0686795111990238,1.02461299216725,1.69531065535559,0.569179544857888,0.657059598441814,1.50073835329625,0.831703826534995,0.781943314788023,-0.318895482460775,1.34586717487297,0.327750596848631,1.21509215208564,0.159304530679781,0.462522415750208,-0.0325347538336812,1.86804955061472,0.151344386604433,-1.65513985055784,0.169021774028705,0.29087522893292,0.099295585692013,0.22942233095041,0.294863842790852,-0.523237542944116,-0.129758699822215,0.31177488834404,0.318171953634581,0.490124772987301,0.975704564415957,5.30498680434095,76.7805720486702,2.28498223044473,92.1458042558485,9.3267654051091,5.89619998563318
6,24.2125261183248,19.5151988423829,-1.55204316185861,89.2755432136457,0.976327390240047,0.21897564187866,-0.155975619585383,-0.0368929049865971,0.759195721080691,1.40046258027604,0.818088551384933,-0.334754627096201,-0.0387306108633721,-2.09099476997772,0.486227267078056,0.36110054289701,-0.3006482192325,0.503368077017353,-1.20474248887189,0.932850283432637,0.638708507444763,0.81046662369535,0.744978368371865,0.593557727622911,0.9118898654807,0.990244770103562,0.148769849078114,0.575368222090299,1.06111873782614,1.59241650901452,0.788589592122747,1.60256625257719,-0.395506355910023,-0.845934962270262,-0.693642395341595,0.385123513734424,0.888765888526422,0.588646891974309,-0.30559034437033,-0.276599190656389,1.38588001042745,-0.971272461426088,0.172241379899255,1.26254222718823,1.16036252284088,-0.312246584507182,0.579301459995615,0.594497184971668,0.760803609423437,0.0431754536240148,0.182813634934077,-0.27981768005209,2.78457423384567,1.94718742435871,1.92006569217926,0.181795119670051,0.234931864771556,5.7304294453431,78.0971708540564,2.0273636446045,88.1729124892768,8.4783707764408,6.19444342954708
2,19.8423573920409,8.35877073344837,16.5766691797824,91.1300096193819,-0.575035153588436,0.5640167133101,0.531142058844905,0.164942233595313,1.35052573888036,0.11548502961463,0.21475820366024,1.1043840436998,1.50989419901803,0.701835508068183,1.15596455188028,0.103204559432014,2.42827937356992,0.0364020128410016,0.638426621584154,-0.403663617855798,-0.605921750654353,1.88319163423054,1.86113316954004,1.91162939619332,1.02368425815478,0.0908846539204107,0.410845576587787,-0.62124645782428,0.132391714660192,2.39586243836787,2.06369220627515,1.97342468848408,0.937111404378006,1.76716260849462,-0.395298846682894,0.474664367039837,1.71244419103479,0.832684642884509,0.488960710875225,2.06970677383528,1.9905014438946,-0.491694295813852,0.323442637541536,0.437456167403386,-0.0912078145626173,0.645217201330792,-0.231602266269069,-0.275939373664915,0.308818111345477,1.83792281821645,0.384074577577295,0.795246120968233,0.42264914578829,-0.664618318643377,-0.245567212055066,-0.720997165132165,0.0344631575731543,6.25304187947723,77.3923580697331,2.19548064627602,82.2952827148096,8.8915465156519,5.59724083486263
4,20.0795235462784,13.5485589567923,5.49001803417613,90.2476467322046,0.62215846591936,0.263176030815881,0.484888941857737,0.287404681740613,1.01536867734049,0.674469320892834,-0.0223420640159337,0.651799363018764,-0.0049876995867423,-0.301692299014603,1.18669772496117,-0.623533981753558,0.122155552031588,0.815438387997648,1.45222842488286,1.16068851863022,1.46042659809287,0.314308721164017,1.14084183181215,1.20393294441271,2.15637551502153,1.31679498738675,0.40613932952929,-0.0033987245240919,0.828200945076079,2.40059082716833,0.590640107780515,1.393582626521,0.249793917100393,0.415956135996097,0.397944971966686,-1.02690668955745,0.908226151463587,-0.300596302679848,0.496413714947539,0.82002128124015,1.49796991236641,1.32060836797474,-0.409309266853575,-0.698383132251823,-0.375496188774707,-1.15275727919105,0.0384171681801669,0.417170265275005,0.397813819224317,0.008021444424234,-0.0949081094628232,0.956288545882454,0.407001869669293,0.319443195379706,1.05415768155329,0.421080539165127,0.438821152764299,6.11890168082858,77.0253025262746,2.34539017672281,85.6054891924493,8.32993704712191,5.97162197844134
9,19.6855539528442,15.8325363718425,12.4287457806204,95.5287217542581,0.928933224365062,0.539789526686155,0.0433886537420993,0.453964635742665,2.43375835155412,1.15981815151622,0.886327733872653,1.19161644121058,0.233838995061751,0.639656807450234,1.56079746044947,-0.699904253480056,1.67752818710757,0.697086140989148,1.16607666226361,1.4914521672255,0.768234795005446,0.55633071738987,1.0610025070695,1.4520753210542,-0.310672538061308,-0.74687339216117,0.606446541898548,-0.668910393530265,0.714154291672663,1.95582850414565,0.547936706928815,2.00391038348821,1.07809242194109,1.96730883697062,-0.941668966779734,0.0240632889064075,0.37120722965336,0.614639673939195,0.434058394313798,1.38449350966685,1.64744532925742,0.120748390680286,-0.410182441003817,-0.316081355133501,0.217049407932,-0.757256281463333,0.0269031208889368,0.97466581117964,0.592243255140351,2.57402503855624,-0.383045970202628,-1.01294086575788,2.6332119621269,1.64166426068465,1.96527978325339,1.34939365772094,0.292241722020941,6.1796382088504,75.1018681098557,2.07176866252851,115.45555528275,9.08108935713368,6.55973418236933
4,20.5561701194545,8.81456147122855,8.17953553536813,89.9577414059758,1.04383864590872,1.20158340998187,1.70230170962551,1.1214976265971,0.170320172697188,-0.0720513518905695,0.0532275178102502,-1.01648913217214,1.43886787126734,-1.74648128981404,3.4833635622589,-0.0736288121209016,0.237261015034141,-0.636244949156112,1.53386228403846,0.186547505638045,-0.221113555555608,0.377821147546265,0.206146615177356,-0.359148633079943,0.0888672023597953,1.24304937787263,1.6724389552896,-0.0642548030095778,2.54904290384133,0.0309260188039751,-0.288063688288537,0.735553882596953,1.33196845708988,1.44501869254492,-0.63135497554653,1.37942246907475,2.08732609852508,0.161215282006257,0.835132112647536,2.72810219912674,1.66783388921698,0.527252582255935,0.948024308927927,-0.30709415708828,1.60182578937661,0.568744730608676,-0.0097837045841121,0.490757150146152,0.935352111263623,1.60812895724459,-0.0308729703745579,0.287370398958314,0.910517618218978,1.28360739274782,0.347844112572216,0.188358647555954,0.829474920285859,6.56150809376156,73.1813351071778,2.04470979732012,105.063748629809,8.58590329564343,5.82717294013833
8,23.3826876849947,15.4139715441664,2.55873799488667,88.9050372892296,-0.077773141340017,-0.447988714797641,-0.431439180264994,-0.56049321902303,2.55659514731468,0.911535586654155,-0.246019952357532,1.4793465318377,0.674901358838232,1.69298913947214,1.68069628061257,0.16020806945403,1.01198117527812,-0.129900056844497,-0.510788209438504,-0.94900079504775,0.4084444373518,0.811566341963383,0.605045421614321,0.777125653489563,-1.18043317959767,1.14891130655066,0.651695279233645,0.0915166220189119,1.87625785801286,0.87514248108608,-0.958191157704203,-0.430553027184627,-0.18681023522463,0.295574853571318,0.842999392920994,-0.816374796778849,0.319202280679012,-1.3110593836362,0.257725472322445,1.48286134410136,1.31995213661504,0.011004551231808,0.721884798328388,-0.0071669739049376,0.958399134883196,0.0242962369166332,-0.63024131761159,1.07596782196166,-0.603842984617394,2.39594848710982,-0.096681367379117,1.66800525999981,1.19118835464814,0.954581708644639,0.728592762202464,-0.0446139061142842,0.243552507538774,6.26298857916308,73.163213839493,2.17591244628719,89.7383315913418,9.43349669543765,4.50522220886422
6,21.0296041736733,11.8555982867106,28.5127573819566,89.8579477574204,0.253269941997548,-0.130922307278449,-0.705533228522035,-0.443891407855964,-0.539015788965322,1.03633038252573,0.698757119172619,-0.477224809146451,0.287889438421337,0.780007231088923,1.98254282603216,-0.482198144363573,0.828883468297467,-0.50313779969822,-0.097435830895519,0.278852788305447,0.71316170449531,-0.523160710773525,1.05881984455931,1.14812137299313,0.277586661146644,1.03990983937649,-0.0146704000234659,0.779765473720998,0.774899680053156,0.641767521929703,1.53395490595071,0.303869403303042,0.916573362403066,-0.135632147273253,0.554980194621657,-1.61506111661599,1.02995178064955,0.123595354638397,0.567689981156639,0.900072490869615,0.90168402672185,0.312834859953298,0.964007520166775,0.796086129534366,1.17676277977271,0.257414177439163,-0.706399303378443,0.41745963227372,0.906359544199442,-0.131239111753321,1.09483482578348,1.04340265655287,0.362616752839624,0.280016103603824,0.368786938128261,0.0655445130181925,-0.718160486988241,6.02154706578225,75.605609152772,2.3128482578402,88.9669621175997,9.07822263414375,5.31802860452103
7,19.0095437729839,15.1810032973837,24.8720573455685,94.2464605965083,0.331118917732391,0.261633424809564,1.55644226488408,0.647438530616407,0.539742350127479,0.477809151980226,0.114210274437364,0.076923047306563,-0.16639731529727,-0.560702254463866,2.27933311440338,-0.191758102021065,0.817833989988206,0.3696623432576,0.865227922861003,-0.47220058988671,-2.10652823914474,0.999884596578324,0.623423131663655,0.393201706945306,0.457633832099841,0.236119750531802,0.518201033486255,1.58793298532498,-0.0101256395873782,1.52281806516925,0.156816628631691,0.471163039721911,-0.668881607089308,0.812971196365156,1.10634289305236,0.632316953630379,-1.41018216169863,-0.382613857445749,1.00555644729509,0.609792378111078,0.829906547947658,-0.0933521089618253,-0.432561514200091,1.27978054629365,-0.650092689671676,1.79392881393633,0.977330753291527,0.281020753547799,-0.337157164546455,1.17337262689947,1.1814755820371,0.448462870619969,1.2041981742699,0.771674552827212,1.05084611413845,-0.667675078732721,0.76601250428639,6.71172477758236,78.429121639412,2.33712609572425,100.150337262651,9.60041005107877,6.15222553168579
0,23.2287487407644,6.03733597879889,12.9727295015126,93.7510886047225,-0.0709022007082251,-0.709315392971117,-0.464119550593652,-0.395825351915785,1.13859647327739,0.707935862062692,-0.470587149045477,-0.187059271765716,0.578007183618236,1.02209221719507,0.704121464020697,0.0256253397802978,1.67927980457681,-0.70174337072361,-0.0578539715740535,0.539912985680755,2.05866191372356,-0.288190159563634,-0.833020409309059,-0.636206488036593,2.11018694501715,0.205603704091803,-0.129427306750823,0.0872894918892774,-0.234424392606142,1.57958842113984,1.00275190709934,1.57297194119446,0.0113698271949506,1.80787243896465,-0.64763970827802,1.29728493428838,-0.471652118278343,0.534054400859373,-0.55991089220567,0.215373805314872,-0.654380590697287,-0.156570390245479,1.60647227973532,-2.19707171024799,0.753268827078242,-0.295073914628959,-0.107971758642978,-0.843227116224969,-0.674923685761237,0.673132095530079,-0.0459290054264469,1.12765027911762,-1.47281110183467,-2.16955842423941,-1.62432876552473,-1.25411629112443,-0.0752114785938099,7.05362437738041,77.9145677346763,2.30232531882175,84.2870095729274,8.68512152073401,5.97251142818365
6,21.2578529869713,13.1354825358834,10.4754757593076,93.7378868838217,1.17861888387945,0.440471075295775,0.480890431918509,-1.0517674010591,1.24183758366708,0.297825918832337,0.117175931439139,0.287398607169417,0.925331964607854,1.14512603300753,0.143284477052359,-0.493283715874949,0.084414980133812,-0.541473725542424,-0.677443294495051,0.404537506525755,0.0381688803339195,0.963370684605069,1.05422878269087,0.618219037633882,-0.0632978271115427,0.782966534421631,0.15876557673363,0.604868606254956,-0.356255606127242,1.36319470764526,1.31448520129906,0.374489654962841,-0.382861267012954,0.422599729771001,-0.414261320175283,2.54124210830438,0.320284976316258,-0.99604176624785,0.0010828700190838,0.0610523609848125,-0.0251733061044372,1.96282137481504,0.445817456756647,0.255931946448045,0.63328339201668,2.47578829827727,-0.391874815623077,-0.054477119428695,0.631706342322719,0.803065913655219,0.246087085468113,0.622689127992768,-0.185971591133211,-1.04807874834892,-0.908864271108554,-0.579593880718024,-0.507044931828293,7.01120814727768,78.9769330516402,1.86671757760717,89.5101191318711,8.2372601956628,5.81276766768704
0,19.2172308996399,9.83836140479983,15.5824192679232,95.9946591085079,-0.337126347963329,1.13830137685804,0.822632517522945,0.309960772391331,1.7852262748304,1.39787873944472,0.747638900453758,1.06878921939273,0.543298762164744,-0.0795011254325529,1.32537632724092,0.0664629175039238,1.11990500076409,-0.112222070612784,1.46484217233763,1.65003981818135,-0.436147912877874,1.74192680362963,2.2460732047499,2.5621794365007,0.621905811279044,0.673817308932654,-0.256108665349663,-0.0980302243738479,0.671087113706909,1.76016837049869,-0.22851636765616,1.24985422128966,-0.241920036808653,1.2573107416013,-0.110011039422304,1.15538039422844,0.774350663550066,1.24149861398084,-0.336618099741973,1.13825311658316,0.635170212559305,0.302564477042748,0.0655497977733423,0.629095743344557,-0.39548430828582,0.447698391806838,-0.0938556183822568,0.90207970910788,0.553325941638056,1.5872666898651,0.633488893121078,-0.373986241022601,0.139316899947774,0.152115951486271,0.433031139217602,0.143658463708874,-0.628003883255029,5.96638621038305,76.8154602723026,2.10994586461593,99.2373875516708,8.55263596397031,5.87907855162746
3,20.1860194245584,9.80184692515501,6.18691137270192,91.2500325460397,0.607694789168957,0.612549847883867,-0.798486655299446,0.713158433424797,1.95800420239476,-0.0612377707773771,-0.17465465669133,-0.680623163851958,-1.13856224751883,0.0265792080759546,0.361429693911875,0.180695551041787,1.03843270332566,1.06489865126771,1.93753824694116,0.187174697527115,-0.0078274182891972,0.114216940273528,0.276190819084135,-0.475870101340542,-0.587535992513047,1.54589073253897,0.990708575927416,0.640138674419076,1.69756126539444,-1.95160802016547,1.12108033249058,0.568622643947121,0.0143632908626336,0.602920229090929,0.760694686495805,0.641227525263681,-0.121479014847451,0.856276228991216,-0.442911909027817,0.833673426350607,0.196813210154863,0.129871972993977,0.154485177841747,0.140202774438501,0.524479668708955,2.00993344104382,0.330345805185106,0.26560500443769,0.381153617414985,-0.0251945786798671,-0.193691834864254,-0.432041784670369,1.60865207681146,0.464668263731349,0.743221911288401,0.405722330527379,-0.372007213600002,6.76865691321687,71.0991465460184,1.99698093862172,89.6641298847479,8.39569524296492,5.89158313261358
4,19.0741530658308,14.1600612827252,1.32947227932034,91.7426913045169,0.808286042981886,0.526346748192047,1.43756234427815,1.10447958328299,0.77013659552984,4.40407120763237,0.0932295054052749,-0.299788469779614,1.59760434965704,0.81641670517045,-1.03547576350016,0.241421037927419,1.21422669389635,-0.368107914155726,-0.0879071309783619,0.614043677378206,1.08054626899171,0.775817148337814,1.19599711349104,1.07677818683847,0.463815266837039,0.108504294202685,0.119431496465143,0.123840936886105,0.501045215762575,2.25831330414497,0.264937704687027,1.18759056907812,-0.712910902726197,-0.351609927594926,1.17116821838491,1.50118597109523,-0.235775611661428,-0.105283862607033,1.14911059500003,-0.599674288693805,0.473786399150824,1.04748858725751,0.346965416774643,1.09676059001759,0.348736903726253,-0.0300069623071941,0.142017426706865,0.231993644257244,-0.333847844946612,1.04867971664215,0.441472107754662,1.89110258028655,0.828168774087728,-0.136303790649148,-0.469048457918885,0.673862888490026,1.04126935915387,6.02591821299376,79.8041884829021,1.87875731990507,87.2723137090984,8.74455171680249,5.89313315730111
1,18.5025782974217,10.361840470832,16.829807638846,94.9407313462789,0.167214014633645,-0.119664637762904,-0.010009708569988,-0.605289884202566,2.24197581642682,1.41461622574246,0.187696876945075,-0.335790163085992,0.578297455790709,-0.078915139490857,-0.741067595898148,-0.379344600751267,0.331567863674988,0.528798976963789,-0.168584162466584,0.0726267553602825,0.212278145719496,0.998710340185688,2.31581756294779,2.36056749238036,-0.0979548822608318,0.804027443358292,0.391594905797481,0.121281474287095,-0.211315099880676,1.61305605903902,-0.348089127610791,0.822096090640586,-0.0300355804068833,1.04316966462757,0.729441194659966,-0.0731700676662724,-0.0234721271065984,2.04444990028876,-0.215341126533992,-0.646744025776659,-0.3698364099204,0.410780539093277,0.148291922281721,1.11154594139524,0.269935866867469,0.992328730930616,0.381031982319972,-0.27410594937092,-0.401257156519277,0.981641675449933,0.562728010695476,0.352955448743862,-0.423385016083953,-0.325349469700847,-0.907523894401645,-0.952468635880314,0.48623385569533,6.37585267249821,79.4744874942878,2.19576277185066,110.694696838542,8.55195818189937,6.47472261969154
2,17.2507604070793,13.8306239830312,-1.76813409217366,90.4808617971447,0.565463539432345,-0.0919009365065786,1.02738892709842,0.738465859419133,-0.147614354484049,2.35848037275372,0.468980651085501,-0.606399493833958,-1.30939449267952,0.438060694594544,-0.832867731758346,0.676113532742654,-0.520887013745133,-0.96736445526667,0.507944535498879,-0.796265642305572,0.826466221128255,1.40166458526751,1.64743402895972,1.68514172074318,0.678857365740337,0.674559887869217,0.0200527099447265,-0.419250375385118,1.40551667432556,1.62880562516775,0.339939046710267,1.25407330854507,0.492991827421014,-0.252804889086014,0.704227070718242,1.13229667648847,-0.729736633427195,0.502354825054563,0.140424350981792,-0.225050457669709,0.187993709848909,0.402374236678277,-0.359266690836919,1.02060287035401,0.194086246877047,-0.0701309552721588,-0.400202154075506,0.494093303745197,-1.06268449154877,-0.192174320938006,-0.662291020519588,2.05881762910087,1.0839117737785,1.25395884480095,0.89160744776719,-0.224614927075033,-0.0011303233515513,6.10292113710769,77.7162404315029,2.27114207138855,99.1475498616394,10.6294804385309,6.27435535190092
6,22.7627353605119,21.1356063179299,14.4325644609853,93.5423620474405,-0.169766078692933,1.11245552698057,0.695744378510027,0.738817086047044,0.219555468076812,0.415619527528021,0.810191266960759,1.31254402370744,0.838665447942964,1.28995649633568,0.731198991760672,1.05337299193782,1.95961325325705,0.229888965407532,0.643123162572686,-0.127832700637589,0.0354414010953562,-0.379712200960672,0.242627637424363,-0.113848895878217,0.35354711450632,0.474060695730771,0.874020869282378,0.68478253009472,0.512009772128697,1.64932782190095,1.19503571222905,-0.0784651773703902,0.240487308177002,-0.776973991245236,-0.166169002101225,1.38663381736321,0.104774487697512,0.0800447033873341,-0.311225037622538,-0.0565133624563441,-0.481153700261089,2.19160354522145,0.509730917092545,-0.0027403366639902,0.552887810574541,0.430852916172142,-0.630766636584625,0.986459649041161,-0.156523863444245,-0.979932656662487,-0.436776525784586,-0.611842944162838,3.57731117051863,3.23519817897963,3.74288749539145,-1.27609932103363,0.261457221817562,6.7948643176652,79.4129218932528,2.03120004073562,93.6636915453526,8.32545349250672,5.19533955863708
5,21.8210392845265,14.0093480922372,9.53302852917085,96.474781662414,1.28936735379353,-0.301703626059307,-0.496048434338499,-0.180255540032874,1.53914489642924,0.763442014948757,-0.602231833614602,-0.0560137808390963,1.86838441518907,0.511224171101029,0.0796057611084621,0.122635842180667,1.34534590275177,0.314991333109583,-0.544167065933707,-1.47125306302142,0.148226866150049,0.617791452021146,0.885382544831087,1.0859481766899,1.54503853209402,-0.267342949599342,-0.72368044578023,-1.0469551011951,-0.784088465273137,4.2150205698579,0.986427640128617,0.343428157405012,-0.180670194239976,1.27055388440524,0.223992636909281,-0.521486846718637,-0.277278897519397,0.87779073704038,-0.51455590397631,-0.422764783056385,-0.0385272111844338,1.02245728779484,1.25424153969378,0.394663082168897,0.880549363567465,0.665067403143021,-0.0252755030180684,0.816693412486723,0.423638745334566,0.166163821438129,0.435884021588035,0.428943748646114,1.42067750808028,0.650058654177542,0.107056061794227,-0.0116382863219877,0.569594869156729,6.22926822475206,81.9357303527936,2.08543519645685,104.383822822003,7.72096855596877,5.68454211973549
1,23.5381826008633,13.5777317726496,14.4842412062698,91.0038016250243,-0.948639819083246,0.557587993453325,1.97937061041668,-0.322832511807035,1.1771188990469,0.0106367899466639,0.576202051173473,0.552128400095867,0.495593375825457,0.544904232023051,2.41120695477724,0.202863845856452,-1.0099722121882,-0.373168210795583,0.159489197513763,0.570654996966708,1.15854937151567,0.231536584208808,0.395521580451546,0.169679233644829,1.63920755869218,-0.0816855703564035,0.337493676866764,1.15072387810807,-1.01012440281524,1.48938866121545,0.247418740104351,0.137219369203197,0.661863009046342,1.39905187994696,0.554779700112762,0.584908457525249,1.79706682137889,0.156332826479281,-0.043214548782195,0.966970082780132,1.76174875637689,-0.17065926599143,0.0649651455381728,0.826298091518055,0.534531258225407,0.489983456865147,0.263228122181128,0.534216397853675,0.0837299593509247,-0.993170769333283,0.750590245005072,-0.908165535619019,1.00675100128726,1.85257399446129,2.60455014830898,0.640851744294687,0.604695943372848,6.44922750901039,79.2171056483058,2.17370968519611,102.651479678888,8.90379143197532,5.93686662209801
0,22.882015297577,11.7403868906544,17.8969522326304,96.9316384053583,0.735855124328251,0.595653351398565,-0.0275473258180998,-0.422864729460318,3.22852445680334,1.47806683325728,-0.102690683948534,-0.125147428779028,0.0754903605623908,1.05803637022522,0.831805804559464,-0.008999924030357,1.12295432189575,0.533515051233192,-0.42962220950451,1.005245644873,-0.249202263966954,-0.0454555668313527,0.65235677043862,0.302381403946438,-0.117669811688752,-0.869397682110267,0.241055317658446,-0.0886138464029586,1.48108735959225,1.34607003809461,0.170947619445124,2.62858528265517,-0.608798638573,1.44338842650804,-0.100560590567874,1.5469768222364,0.635831611985267,0.229379867011199,0.8788805658758,0.432994142395129,0.0605003756074635,0.384927306192606,-0.955024828004063,0.549712873476353,-1.02250651144874,-0.0085495163197127,-0.589844034320474,1.09928816328906,-0.545464611008646,0.552618340265139,-0.274373678643078,0.880626397016334,-0.328440490426159,0.355008980722963,0.521495332352679,0.634934830612358,0.142036656699373,6.11638367176953,75.7317328426331,2.20987409303238,90.8722130319308,8.66921828735375,6.48654914203822
9,23.4065876916996,14.6105186431845,4.73024110632649,94.575395881118,0.204313874115801,-1.12092712572597,-0.582128559579344,-0.0104424079606713,1.86850340595233,0.0654122594121599,0.349316340671347,0.652599493985544,1.04451310190819,0.797038047264596,1.9980203616482,-0.745623372363601,1.32559533870981,1.23267329730765,2.12442007869532,1.10834742416866,1.11310526875309,-1.81415196419539,0.0889825150191783,0.307332156353439,1.29451039147229,0.402912575967619,1.26558172131656,0.405017426669291,0.938687505596657,0.933203848134133,2.01884870374689,1.83133878460735,0.348522539136307,0.509730841858137,0.662991486566288,1.70867048746189,1.15279214438328,-0.163883541193931,0.224090683692738,0.541090257255568,1.07175436181767,-0.0087250127259221,0.468075121421273,0.0182011045196084,-0.197840548927761,-0.131846776360799,-0.112465664711175,0.363286884782932,0.5767216079788,1.42886682126451,-0.670874618247743,0.706931391149864,0.629143746566244,-0.0505095020570314,0.531910518725837,-0.270801128631656,1.04019585446245,6.99654659762726,73.5379227727777,1.92760255220806,87.4511459618021,8.17486157760748,4.77097926293555
8,18.3294098014653,16.4850654596568,16.2085858925169,90.4977323482359,0.386896783798987,0.790463632090993,0.195199460801142,1.08368427525026,1.22508949980242,0.847004996628518,0.642729530264154,0.216151405041999,-1.55372073924193,-0.0691654483762568,-1.49998118597068,0.17056536340874,0.60291983506898,-0.760715891083884,-0.473825366750122,0.763826232002407,-0.974985610380991,-0.365770919636287,1.51295941686384,1.8377409733159,1.11611515181927,0.881381303824524,0.90179387973532,-0.205589660950407,0.911469801951865,0.369404922652322,0.264410510084865,-0.147189673992823,-0.0012285529240042,2.05396872296486,0.0362280238840506,0.961705416806394,-1.452078673179,0.955257803685981,0.279878011196239,1.14576122931147,0.930292165795491,0.752749875293081,-0.717957538541481,0.527119984480189,-0.344733172222446,0.908856085371702,-0.402046910906721,-1.09825914750197,0.0397253642284387,0.541779565830452,0.527062385649448,-0.832652209821474,1.78645857919033,2.03716376780013,1.32430948892186,0.391072597886938,0.773179299437156,6.47445658431178,74.0432769875406,2.22345424101859,96.2330149688106,8.65855619488823,6.44154438924241
2,22.7480948357003,16.3664358925788,38.8150279990358,93.8330896732435,0.733372644593076,0.441767115945906,0.366881500042629,-0.206169989686986,2.37299061320889,0.961098143911407,0.516193649261812,-0.621740530579093,0.785092392782436,-0.382535975138083,1.81178998960107,0.85218787686321,-0.714406870235638,-0.107582375665162,1.10867859026801,0.440916760162042,0.125207923044321,-1.03016005187537,0.0802568040754004,0.906424441601269,-0.733965686968687,-0.0508328093007225,0.383874572383689,-0.209521489070878,-0.0632774102475826,2.48911569911891,1.5155840450386,0.303544526898545,1.42101511552788,1.21212234199793,1.84941105734954,-0.0956927885359311,0.995059763095099,1.0700546503096,-0.254225207049939,1.09242475411493,1.21387268887147,0.673326043417774,0.221984026457103,-0.783386416721528,1.09588422602569,0.338591732478005,0.0759000424611414,0.891922998693184,-0.786297955380388,0.838835535268909,0.494273616136474,1.52844038042603,0.953334514346582,0.847533438577791,1.59214299388128,0.910792473708155,0.397890806927254,6.53410712151712,79.9543458029754,2.4108890372398,96.671876327826,9.3819312762603,6.32111129983633
2,20.3131397968301,12.0705372027038,26.3295226225118,90.2853267214174,0.84923148672435,0.786107867986258,0.970718498541793,1.23654951821308,1.24996192488835,-0.337837967289079,-0.0850818876051601,-0.503169110156875,0.894023317806469,0.402186435050541,0.470708631185267,-0.0861188237833206,0.786170799532903,0.596569376764087,0.295397341188262,1.05578688331942,-0.0365040415073034,1.93762965879461,1.96910518597069,1.88773279693197,1.30255326391365,0.979604320828097,1.18272262039609,0.498904317489401,1.50444701240104,0.523999040098125,0.898473330371614,-0.145176237777261,0.813118074829611,1.97076333483814,0.961693298938294,0.198710183404272,-0.570560632102319,-0.840439523180323,1.08396563174142,0.0312628709138803,0.304244894181515,0.782914268631401,-0.419627681727779,1.77162156064596,0.358213910317365,0.997696114443833,-0.61952412791233,0.536922751353759,0.615526977671171,-0.446266331401707,-0.302726946338793,-1.13062326634457,1.53100365284292,1.34985914643322,1.23123935585868,-0.303231412044964,0.0922995160244708,6.64039769422313,72.5599514276791,1.91212613022905,105.737080349655,9.39894796383545,6.63057922709937
7,15.8610533178026,13.3234746196551,1.14891893643678,92.1863680491364,0.519062894075564,0.496167374059742,2.3087440652816,-0.127525074875666,-0.600511661540065,0.0997250155196564,0.631423762050778,1.02281609925998,-0.0412359584072798,0.486411238331746,1.16115826614767,-0.83700625481124,-0.342303643842248,0.310250331022024,-0.391118119521736,0.252337584363779,-0.205524029640352,1.14781077893175,2.00792673704446,2.32498749846447,2.13341218054421,1.09163840364685,1.97863225650107,0.67256674694303,1.76234027691101,-0.283044048964683,0.559994621000767,1.71398819626548,-0.159771466610454,-1.04749653500871,0.206045339460257,-0.284011264858644,0.435186805969939,0.779262465489251,-1.09048460682717,0.103986414934378,-0.125624098582327,-1.39120036747306,-0.156862505475792,0.873680230319252,-0.486583265653682,0.476833582503328,0.112655261997725,-0.137898618416502,0.0835858213200825,0.282227288826172,0.148303383700079,0.676151354193738,0.947248819657493,1.25032566436794,0.986823731485165,-0.191633111176364,0.929498645854602,6.03397067527028,71.2054959066871,2.30630428952636,104.862531303534,9.12399363430273,6.41909046083977
2,16.7674728339737,12.1406432021844,29.4322232452285,88.3384279073311,0.934620589808507,0.948057458548835,1.1184881373786,0.019347095108953,-0.888240296812514,1.38354979150406,1.05739466228736,-1.41068576677448,1.581233674011,0.328376227944224,2.50090104971956,0.678997387827468,0.46189003156271,1.04753751344318,-0.550599721860311,0.808642632355434,-0.655811674020686,1.4941968910828,2.18928798248177,1.81959877868328,0.916411517748914,-0.868794720483584,1.28010452627755,0.710159813503026,1.90256715534269,-0.767447327824089,1.46866540153604,1.2128330160441,0.488438527223684,0.680031339227124,-0.378791596177463,1.39145372000559,0.103613394368844,0.799545262631031,0.320454284258297,-0.706125598001175,-0.0440086231913721,1.11789396769622,-0.200084794611094,-1.33425658792871,0.836257702160847,0.0417381952533317,-0.848800299103327,0.934589530391521,-0.738427524987818,0.820967152079355,1.47689841916015,1.36053347896672,0.483178872696504,-0.313983069331529,-0.100852102888197,0.555741532631128,-0.376587953024753,6.3841249423315,73.199690021806,2.25392126257171,70.3993809387152,8.77580934860351,5.67543644697394
9,22.470206479579,7.39959514116127,-4.69131154498786,90.263439765943,1.13514139076058,-0.249660115562959,-0.258699560883173,-0.240091932378435,2.23967201465634,1.05608570588198,0.396282706143041,-0.334441457361617,-0.581041220506089,-0.123997704845027,0.997734899005698,0.178392792139146,0.557958553180841,0.476355587619857,0.969273021539397,1.27050959206221,0.868947286909785,-0.0186470616073172,0.175509899739612,0.204307894871312,1.23843212210841,0.784314834237003,0.848151507784137,-0.268140708038783,0.860109664286068,-0.0655267808165627,1.69932829421237,0.326332505587408,-0.347755486806655,0.923202474173467,0.148070135815032,1.68154276310715,-1.02630080133341,-0.317812804649394,-0.0439808537180904,0.183710262810246,2.53029933091054,1.34721903021951,0.808249840881216,-0.366674932021691,0.288096968359763,1.70546119290972,0.491615276883446,0.462267442704006,-0.0941420027153039,1.70015168968905,-0.536336414033025,-1.14055576077316,-0.763389164635382,-0.947921208799599,-0.693356279586995,-0.161780203652191,0.519270345309295,6.07721731609209,68.4386790477946,2.09439323145798,89.1266453011205,7.51168589965367,5.6707630826654
6,23.9315965040575,12.4793442085616,27.3155042840834,93.1006530844603,0.801361126717288,0.919393501676104,1.45499073000774,0.202020539317658,2.05932394746472,1.21658322460599,-0.376776174078301,-0.3073399476878,0.361153404576216,-0.166022691382772,0.668416723673871,0.139527351169852,0.735586205120531,-0.147763964269856,0.151890920664052,-0.160991243274908,1.56487898191545,0.870560401462379,0.167143127265249,0.524558731175039,0.949241861934391,0.462193970582324,1.58894222896152,-1.11039875701684,2.33600659136839,0.38195683963012,1.09654102621363,-0.11104544824236,0.764816662305852,-0.487018520497027,0.265247054398321,1.4004957719383,-0.144825874156525,0.311373037090731,0.120889778984996,0.921808517501519,1.2486773872556,0.0235138170350771,-0.787938963210928,-0.419885365969038,1.16888587201287,0.0210548016343244,-0.0889121533349328,-0.0661553492803856,1.05507190448336,0.818919511330376,0.318123602737321,1.16169352304581,0.489549314789233,0.650024137658795,0.428619408452337,0.416135423750635,0.944099596882911,6.23092061866026,68.0115742865607,2.25620187403623,94.5620928484738,9.29772075341198,5.62365947095456
2,17.9364319633741,15.8756044826992,28.9671490522456,96.906492334458,-0.682653935917722,0.821329358911972,0.247967287776162,1.08060941753362,1.19298555603443,-0.217986893405703,-0.317811721977009,0.490319815475989,0.575445783823181,0.208221471535947,2.0090022676706,1.03325465037178,3.04217008257946,0.654098506427984,1.74525806456397,-0.335318993728443,0.273985877402899,1.2048229295765,2.30193439318062,1.89047484777853,2.09210197514969,-0.119542323790661,-0.380889392238221,0.161314639227545,-0.469730988275251,2.37495157187519,0.24109815515874,1.4224890360705,-0.253561949494938,-0.625728851536597,0.349247171044305,0.500738748774975,-1.06533333586971,-0.492345900514393,0.215084585337538,0.23763610222704,0.659337761647014,0.612489583791245,-0.052836454614851,0.285577829111788,0.828710622955777,1.48368269369303,-0.555456268301104,-1.09763705968305,0.421893341895078,-0.528122380160538,-0.407214729387997,-0.199061382717625,1.797511510866,0.565977230068004,0.750689548350506,0.0059989607757047,-0.979166823845061,7.04915749843801,83.5160217388259,2.07581846886805,108.762814836357,9.14987886514012,5.38069857231005
1,23.3701927186092,15.490875777158,5.67945235583605,93.1562916371461,-0.344441399030534,1.25287988693409,0.364561411443616,1.72122838247148,1.77412756906401,2.71208609900109,0.415878078914376,0.071255953350854,-0.032999550943614,0.662322236296676,3.11592235589423,0.412245214605731,0.107006767485497,0.0034559875341797,1.39667705712434,0.741342210771321,0.0715934786275004,0.0055722715318228,0.44924228593684,0.501280796828502,0.519709971160687,-0.550778715143109,1.69320559666995,0.235520824839685,1.85779993037637,1.75977631464524,0.35351468055276,0.959843219066987,0.674041875790766,-0.371854200552669,-0.450092610462287,-0.699751673544118,0.8357064405122,0.642221163858387,0.117814492549705,1.84920712740633,2.4617576156532,-0.56870375283834,-0.606366220210311,-1.23398866504989,-1.02210113367334,0.0610244146880063,-0.169665194408501,0.647269101778704,-0.0110414439861783,0.950657881117117,0.701657839619306,0.928142836236094,2.73053262636042,2.07361270740519,2.28096195669513,0.324808122321872,0.448064738881415,5.130078401097,69.3544575827643,2.46333382496118,100.312556213807,8.7907962831675,6.78539296229359
1,23.2744173411462,13.8274853769899,-9.01910569657755,95.2894839135536,0.392459446742469,0.94974919587832,0.837632473715158,1.06095229619168,0.402021607335094,0.716896780384938,0.320442178079418,1.72840052425409,-0.346186483826996,-0.196814684152122,0.663509911498343,-0.0582016708847865,-0.138252650520747,0.0835198588070709,-0.877318115645494,-0.422170630348566,0.769978024148182,-0.449279457501088,0.422734341131838,-0.011574741231122,-0.882284582381944,-0.819738976370568,1.02008505561884,1.23797470888319,3.09135545432786,-0.786220229347052,0.772717295332626,0.281926937911979,-0.543879674459924,0.939644862163586,1.07025886626312,0.0166495919528285,-0.420062251431907,0.349466513305994,0.487420571912978,-0.163800041310168,0.442187083033657,1.8095487954616,0.228330392024135,-0.0635755660242508,0.385652730800191,0.544596300944122,-0.202261049365595,-0.18785869884115,-0.203412798315327,0.55735842887865,0.392434352552917,1.73349763919063,2.26160300505101,1.66466746796337,1.9680063578313,0.210410081179611,-0.31707845187819,6.39376673499118,72.1321302802547,2.13051366795203,88.6562765128076,9.09820504817371,5.643007130321
7,22.8578669409088,16.6562809377629,13.1335692545443,98.0179233078323,0.147359393694262,-0.498405883443956,-0.354246548351269,0.253113317903535,0.72552033552364,2.30639907355099,0.0941673813743384,2.02721141796327,0.596898485308962,1.31346422762025,-0.100331444306471,0.197850935962053,0.173359997986451,0.339008612334713,0.481515293698361,1.15875462934037,0.577265360884868,0.466051691485558,0.901808229429968,0.59143078686385,1.70357195564632,-1.3050297887416,0.78968412784782,1.26091776843752,0.551711886549712,0.693089229454513,-1.68277691556628,-0.0695266825770799,1.00010411353875,-0.352989085888836,0.175662053672068,-0.330856015391361,1.85309326816539,-0.0999358420433022,-0.329496365035149,-0.736899796946793,-0.325641777203173,-1.39047999556493,0.125790805562985,0.920131649407749,0.0182321268736927,0.99576875976578,-0.51527146627868,0.0740116229883803,-0.152373321935034,0.431243815042495,0.145246471814402,-0.514363798878888,0.768760372741629,1.67610888543907,2.13489910807602,0.118330440414729,0.379934085575173,5.96082733551859,81.3769391929995,2.12739565553818,101.761810498286,9.77527656360152,5.84361237051712
0,21.8592539850283,17.5599446187383,1.04183273086341,90.1982114739403,-0.361285284062973,-0.410705902456437,-0.876974209254909,0.253335519066832,0.0750759587190978,1.15957762211514,0.0230363690623931,1.45594779231453,1.24675496258088,0.881979373832895,1.65788944809908,-0.658144060372908,0.132563031370081,0.284583449093274,0.653234426508479,1.93198965012511,0.882363933189373,-0.132322206823884,1.33620135462171,1.49379475640682,0.497060935630346,-1.13444219622991,0.859506568952031,0.863859877881438,0.994316561348745,0.829781517409212,0.0345506436052718,0.190532806605402,-0.519633635339407,1.19871974861749,0.241117256595686,-0.434955555671449,2.29384593031235,1.6764487894755,0.428106450066937,0.233206613165162,-0.190055375548621,0.960993551653303,-0.0913269113441178,0.40512045557159,-0.552620946862159,0.720696235853421,-0.0296296066089767,-0.214572734817362,1.08348971362807,1.21369570011466,0.615843671755317,0.436224370187365,-0.157805683209236,-0.836061564390923,-0.673571328770813,-0.822391995720943,-0.309963057851652,5.27852244269595,75.6398452517463,2.1994011496243,90.3065271590733,9.13391470633441,5.81627438418807
6,22.4464243840134,12.7191207226653,9.14267585455295,98.5969805112729,-0.733498434746126,-0.285333665061169,1.56437051269989,-0.40864781620141,1.83987370981658,1.2925092045243,0.437341832745128,1.08407054093165,1.11244085947188,-0.234830146022493,-0.937433683619871,-0.0805924003400516,-0.505935133637391,-0.294169326523801,1.01663951310087,0.499554720952757,0.48350571538469,-1.22192598096604,0.261315485990276,0.664819146025079,1.60599783900265,1.01146112165661,0.466309247743809,0.597343806168597,0.608099043717968,1.39642942161587,2.38295801669179,0.838843202303454,0.449793576966623,1.33125781403232,-0.321500404963024,0.223144155489572,0.563452535148706,0.142528700517078,-0.560610332735202,2.24680460490433,0.0529237054570578,-0.707746583113314,-0.177819827317708,0.214881594404432,1.00345821546224,1.33855906720815,0.337110118595804,1.05789395518267,0.0342267010646581,0.805989052265128,0.295108236112303,0.26010463737478,0.83666726484583,1.03508093385298,0.790937353829378,0.407690790132016,-0.526091615551292,6.59460898319137,74.950165718146,2.10115238492262,94.7351100666753,8.61964463913085,6.37481601338662
8,21.6172735768756,15.0887123362405,7.15159672327262,91.8429688191374,0.263193826840014,0.85220115684558,0.838603148241843,-0.26872187634463,-0.68355306361937,2.07970339961928,0.489796978644017,-0.0324071416450767,0.860450461403138,0.999118756716038,0.19507654859354,-0.42656419075428,1.88856235419795,0.298648988038525,-0.499076947560565,0.282268129924295,-0.244311948739161,-0.307946375978403,0.10190386594915,0.216896558943624,2.57644068910252,0.374919866004555,-0.513041227084247,0.827534192516161,0.473798554856014,3.04557904807361,1.22351608318964,2.27622412567861,-0.826528527148053,-0.489725940226337,0.490477880806385,0.803218220234123,-0.192948998387861,1.19470320970285,1.12409752587133,0.720611359590527,0.30597639922777,-0.234203417227677,-0.752310072434954,-0.604604034903444,-0.095286293938622,-0.252558857769218,-0.167397863030411,-1.06228117299697,-0.0485026056647943,1.21126056969464,0.996517868181404,1.87917029175088,1.83057274303279,1.61017033654545,1.76207144212296,0.508782133733123,0.788838346165427,5.94975646456568,77.0709400822731,2.29042297847482,104.4305949855,7.65891474960681,6.09348261583283
5,19.9213471682712,17.5426442116519,11.1316387301279,89.5755939443955,-0.213024571080432,-0.679880686204912,1.2733807412693,0.0117550047215307,1.41683094423626,0.535186300465395,0.208478343695855,1.27148768903228,0.232845885146814,0.783266759039425,1.60858223687863,-0.290206357720252,0.800211025619082,-0.809762464209671,1.39567494331205,0.039812408288557,1.61583978530706,1.94320744585225,1.0168881018516,1.1535415365848,0.0847590156776159,-0.16725875626366,0.412230471844222,-0.409933365935782,0.0922961499096065,1.80794794333981,0.576990425652074,-1.18001904406732,1.12177256963512,-0.221148791170087,-0.273346555978447,-0.986658675453235,1.34447923307565,-0.460657456012919,0.123533163888709,0.502606237605745,0.231256375847326,0.484148370580569,-0.801896099683434,-0.431698445803502,0.843953368878756,-0.426644774939765,-0.237035405741259,0.287573748825312,0.298915772821623,1.10675350260193,0.444647016606346,0.339582915646505,1.16038027670959,0.695615129695692,0.481497311370157,-0.797157682590002,-0.207280827585036,6.23780719676906,76.1741226757245,2.34056539381806,94.6281341415337,9.44504317748095,6.81221753350416
9,22.2823316734927,13.8336714486723,15.860047448957,91.3370743688913,0.179848168741457,0.403784019601919,-0.402154631075973,0.969302422722353,-0.380969616193656,1.62510787339936,-0.286924700793448,0.79460878098269,0.251118221561274,0.518295833491425,1.71287242097553,0.179687873450003,1.8074422266708,-0.0210318051238764,2.16138319542616,1.20709809653607,0.502216224996434,-0.456322926781123,-0.046707261286071,-0.0540007317914377,0.489479409870939,1.52991368527742,-0.188677354211342,-0.349588552484516,-1.35831867169541,2.18542795187125,0.337142886173254,0.775844519931017,-0.0556684979650846,0.216063373653193,0.238379536771976,1.40977442442511,-0.952011232988518,-0.856476500708483,1.25576562089069,1.88417269920186,0.521459088589548,-0.117647485386665,0.364741573506602,0.634090711467637,0.515341109287079,-0.961830698440882,-0.120202712094974,-0.482839662369024,-0.289870202383701,1.21806761163256,-0.107706445331568,1.5046436220118,-0.786650234294559,-1.27390172410965,-1.41568301637699,0.043686589072468,0.232752697748359,6.14150331978102,81.9781984349163,2.00102048681462,90.5798505022282,7.93880567293573,5.88714253697701
7,23.2398455540664,13.8396380758294,7.82429151262205,93.4647206571346,0.359285844285689,-0.290796412109692,-0.0219994708443547,0.316031849666662,2.84875989111378,0.347802467271621,0.0060018849332569,-0.0643573426856528,0.270856343861855,-0.585637104685675,2.58501176008152,0.178481255027119,0.984838030934587,0.932547233852858,-0.625552653660477,-0.809926103586408,0.664856166923568,-0.532260079203593,-0.386887458682325,-0.275629962932855,0.62449998109568,1.00156402429706,0.194134516431061,0.449069651654856,-0.304824297952591,1.53040485458758,0.0667349885686907,1.1646171485411,0.0228370690663081,-0.0293340248021765,1.27832855676733,-0.256367292757726,-0.224170596199902,-0.855083863200782,0.308780960389057,1.20026915293858,0.206609717715448,-0.585717250610315,0.547856564095569,0.0639227579199801,0.909434657645872,-0.130259278016709,0.209369669254547,0.399553788058002,0.0999645552763737,-0.317945385725384,0.271887671376498,-0.753833640024178,0.29319114172224,-0.526322103951406,-0.761153139552007,-1.49163349109222,-0.657001908928088,5.68420383302001,79.7130156927028,1.96564101149665,105.222765315189,7.21715244908158,6.46451272542017
5,22.3817114941238,17.3337032190743,18.5534943656144,98.1454433197899,-0.119773091794664,-0.383311118198902,0.698391131893709,-0.344157426937359,0.193254100715755,-0.687887705153373,0.46421083998827,0.454511186921159,0.91676369843057,0.65807620756922,1.70762929559642,-0.0649202231431743,1.41165786117704,-0.0326801451411237,-0.283158336339472,0.485276728282899,-0.340438783482141,1.20483612325043,1.88312087816078,1.38423084907319,1.66389805081079,0.304552398737827,1.11530337004116,0.407960780714373,1.85717718805933,-0.168082968414574,1.09231816932471,2.36360012001103,-0.668058389455628,-0.658057028392658,1.32179291314623,-1.48717373153688,-0.363460262283229,0.829354713391027,0.0235384105842615,0.0596647592655595,0.377506017637481,0.36498910923975,-0.545414034464664,0.954154549799219,-0.0864310426045272,0.370971058678613,-0.0835966011991119,0.895897638176678,0.962497560484921,0.0972473199224057,-0.629064823422952,-0.108638973266615,1.06283052930737,0.273287781218229,0.155525721326506,0.277347887493026,0.287100253310529,6.46578905170401,72.2587746514927,2.23730280227646,96.1962595130892,9.95647507299708,6.73592588866962
3,21.5920577959193,13.2185741289624,1.96389761262104,92.6940088298868,-0.0635004958258479,-0.754658277236848,-0.936321437913487,0.740534790510418,1.62375670737248,-0.856803367316193,-0.0015601640862409,1.37987096918722,0.310920102828966,-1.46827767211408,3.09708694033869,-0.466020873227302,1.97162786912808,-0.155786444987235,2.58911099222483,-0.558998137640842,1.29390068537433,0.220016283346079,0.414223713396169,0.44595509090007,0.939470386506748,1.00997002269868,1.37578235589944,0.250215137815172,1.69876771766725,0.737469876840608,1.41818728886059,1.36265896241021,0.270447852101954,0.548258200416093,2.23268481446951,-1.13327651307264,0.300123915853303,0.584121024488327,0.787989000218426,1.45141342787876,1.56796904864238,-0.756862866787379,0.359578907539686,1.54390154190583,0.675375055498591,0.810295060627967,0.506684330148478,-1.14917458189891,-0.0073593827014019,2.17082821446631,-0.156817367476866,2.58966817385461,0.040916096356597,-0.377216423080373,-0.472867189644269,-0.250456320333053,-0.883387562578371,5.85218435106088,72.0456753388016,2.17405693375547,102.492797059817,8.65918348578672,6.36565366671944
9,20.1913921256211,15.5301709278434,18.0479860211038,97.7401622909967,0.558851864898227,0.970160297569982,0.315041205544113,0.309549619761283,1.26709128495396,0.624544545585985,0.0958923479328991,-1.09393790320105,1.54650882340043,0.98764403453092,0.879754903595686,-0.328052710346181,0.236570972241282,0.0072769657860407,0.370223962136707,0.649113235795679,0.050295292473412,1.26376283076051,1.92387969845252,2.21244470581816,1.25892667621494,-0.542492977442719,-0.795047064631651,0.940819242335183,-0.290244002830646,1.8523001051843,-0.686010900719309,1.31845908805969,-0.0950871043698962,1.06353532947047,0.766274053902209,0.281174932100222,1.12078048150045,1.20784994032172,0.959516542629085,0.992044934250618,1.44994449510451,0.486342489947791,0.553823414670548,1.26566013182324,0.154128707885792,1.46055386864326,-0.0982025127742395,0.606711797972981,-0.189443468907664,0.254397916705124,0.0259090755959974,0.421423080966676,1.80091090064342,0.810426073706022,1.28723097071197,0.886826496546804,-1.12875094300019,6.38081608306077,80.0594405962524,1.95765965572356,92.9917381279828,9.21232042858454,5.74969898065935
2,22.2923967972327,11.8372044757922,19.0815988125158,95.9305359682355,-0.458155310113407,0.608239753763901,1.08710174018453,-0.161711293804315,-0.201208213119859,1.98252235802981,1.06909673625981,-1.24276358829199,1.30007451838777,0.775389010184797,-0.637081951629748,0.877260546320513,0.280152316191133,0.391445999483965,-0.230365484353925,-0.0067985572256498,-0.283054932468707,1.104939631494,0.464149736184494,0.367194455288221,1.37744517935361,-0.0942860321966366,-0.131313613388646,-0.174479172901182,0.0796696159579124,1.53119606020805,1.38704826261773,0.798302252158459,0.60342466119754,0.598343560778826,-0.0452777740053235,2.37421470054062,-0.0657521737057289,1.49351342453573,-0.451458475476518,-0.573848108563845,0.206807497262806,1.37819320984263,0.430402605552611,1.3136797661247,-0.747876855725013,0.456991030265553,0.719664284969005,1.14902444175971,0.059915477593461,0.38986974787253,0.739593595630144,1.86917758383678,-0.0122780679493563,-0.222498356652214,-0.471823610992536,-0.0770596705657056,1.39799596691964,6.30638555355023,75.9710306733466,2.09071739523608,104.808653490883,8.92586472306725,6.32000943302789
7,20.5443386902839,13.2200929049954,6.30690539807975,94.6881161919774,-0.366491584767489,0.855976840388327,0.347592215570628,0.500854357612501,1.17863147947296,0.414868127993023,0.985729759257455,0.0151835799881605,2.32876103596955,0.250066537496796,2.15541906550546,-0.468911871523508,1.40854944400986,-0.197789041957019,1.36906511871394,-0.642627637412289,0.740450786372607,0.945153713939138,0.952591899221669,0.692385082510709,0.0122006770130246,0.605139274413621,0.803002681431357,-0.0923620206711268,0.199237222763213,1.28531542155877,2.00844652118927,2.11984173019285,0.260481215175284,0.341395435277743,0.652317485714936,1.35435530502154,0.302591342471457,0.425051212345296,-0.414831716371038,0.544941706700268,0.345864866974499,1.38135831717439,1.38632961884326,0.834849477068263,0.468765839619986,-1.13684972722837,-0.200551980874683,0.866511146002159,-1.1302609648321,-0.549248301306713,0.591412766440675,1.31319220403257,0.292556632783603,-0.119209327761806,0.424804980491724,0.148785062037367,-0.434739579897971,6.31204620384737,77.1220661855456,2.02558521852716,94.208960130437,8.86923532749814,6.09749340446851
8,18.3264540573471,17.3667092835806,7.84218635633775,94.3474535303212,0.281697280799296,-0.395202111678768,0.177127544663121,0.225181362193341,0.13799476547142,1.16279762092027,-0.294299772447407,0.724154820142387,-0.0145500703798885,0.181411316861905,0.598343654610646,0.723192515301031,1.16165852575809,-0.330415358722356,-0.132870715440271,1.44151943120089,1.33994766973778,1.98231350074393,2.25273692706931,1.80501429121358,3.42633990572593,0.438401958816896,-0.757137495865907,-0.217569555210504,-0.0826864984064128,1.85496191896532,1.50805537376283,1.34325171188556,-0.493651791898902,1.0777052819931,0.0843092459494476,0.404929860293572,-0.544702221867405,-0.172128332859309,-0.144791740658654,0.346544800923693,-0.200338746920719,0.0135749760881766,0.382480553547795,1.1290112295018,-0.515530174618425,-0.353193914631924,0.508124940512814,0.411028962185909,0.0543038476791157,2.14399841036477,0.135176486679808,-1.96657956744895,-1.41946815793701,0.0058564497942741,0.586010942256241,0.417802689156131,0.345936720286776,6.38243822278432,74.3927887624458,2.1120878217156,94.4109711746407,10.6337023428334,6.26784773656067
7,25.090978572451,12.471646106669,8.20049908614949,93.4544751790689,-0.711329625546165,0.145468449647763,-0.153843951679552,0.0066254959562839,0.813761871266775,0.0371239023363544,1.21704897472788,0.308516555270086,-0.544323868476903,2.54410873515313,-0.177698510545939,-0.184980433632963,-0.0585754666051691,0.501801701615467,0.565187031643219,2.20921865911793,2.36920013841586,-0.126450911740764,-0.32783178811827,-0.92515494752863,0.749383703674233,-0.57451487231961,0.894246318855142,-0.955530697546434,0.0973394724152774,1.92067656762849,0.424278600858294,-0.0245920281919438,0.875048658235492,-1.37950509895233,-0.9309571659568,0.318695447032954,1.50443204901638,0.0893176478255406,0.369640735514176,0.817233156217676,-0.109168173134601,0.40763497342125,-1.03277126822929,0.104469871000187,1.52470451488235,1.2750491266619,-0.432023981208531,0.428882616777411,-0.292395769899335,0.750555179988958,0.0949090371545212,0.0540284160373201,0.835331552704201,0.561419677600421,0.880600283609629,0.571821742347639,0.185323844967202,6.45758962506062,73.7864368068329,2.13493520711065,91.1071333699704,8.83747421682397,6.30577701865538
7,17.7322667584727,16.9581664112947,18.4750693148404,88.4216203279929,0.785517746557891,0.200623139004471,0.718557713299544,0.448050712393974,0.597357060089851,0.951501656621422,0.918670445079826,1.02095872874802,0.484731002527157,0.332592139609375,1.51027211946544,0.158739442971807,1.09385216124458,-0.305319522454009,0.0580837159849367,-0.275444999582429,0.702232987448807,1.90740620774185,1.94969874731615,2.71437191196295,1.0685409214177,-0.762695848057158,0.0571127473250456,-1.05292898046465,0.308583047422157,2.41897578447122,1.99277177879369,0.385974707357711,0.770310533015759,-0.393458017178172,0.515413189263828,-0.757331574737423,1.81604723537716,-1.20600533729092,0.0820780241934005,0.743540702609079,0.259216276673734,-0.517586000374011,-0.421529448501241,1.03666372918767,0.0218547407980295,-0.394619164217343,-0.402950616142406,0.464551723075842,-0.26086025189565,0.7292576602524,-0.391622465728799,-0.36947110006899,1.5508247485749,1.42799300726885,1.50168756148376,-0.0568992364886293,-0.124208801813632,6.00442477641149,77.8031888670529,2.23458216632084,86.2618291306623,9.20336329327256,5.27166497519588
6,21.1330160027631,10.4418571553987,-7.12003467462352,92.0442915804949,-0.361770430976467,0.542483159215073,1.78135495784848,0.703681545365857,1.11372808584994,1.60029736786916,0.0347689806763708,1.30132168887355,0.134728752264756,-0.187437564818924,0.94826932815976,-0.867428325413124,0.981964550868434,1.34879025639733,0.535853349959766,-0.0184005309481481,1.69864984618573,0.664980004727222,0.570823895574708,-0.12617538160819,1.54012261280055,0.570155918876256,0.247059897295937,1.29814764976608,2.04472261295099,-0.0427733863951979,0.931217562523242,1.17142737753896,-0.257912508727777,1.86824408535559,0.144271105991059,1.18512101230153,0.81473621873698,1.17141300543218,0.0973113313531695,1.78665955957431,2.66372360733906,0.423457938792973,0.255173445994878,0.0738898215937706,0.0404182285419677,-0.467942983848998,0.23595331251062,0.444901335884152,0.449946612676682,1.4299747804258,-0.315685453300053,1.03458478795609,0.485608315133747,0.754334700891034,0.72741750773854,-0.335630718649753,0.864111048086078,6.77343874658916,75.3880864751922,2.06911896779795,89.4518218981005,7.76433072790319,5.83513391157964
2,21.35279814633,14.5585710915584,14.6032046834837,91.572282762617,0.646824626131513,0.145803039808618,0.372920804608557,0.618845629135071,0.697412322318197,1.20301980693905,0.36189108663578,0.460911412338432,0.014459828838209,-0.669269947378289,-0.651981472825471,0.4574048419015,1.21633966863339,0.409029090979611,1.06980114305758,-0.405553190324207,-0.566738554383039,0.955045226956026,1.16543009801318,1.03956897776525,0.926373350627948,-0.0544298126253499,0.356484129580703,1.17867791798552,0.263024489822343,1.40263212567332,-0.16213351502304,2.25717698930963,-0.186516420032724,0.239524269732516,-0.428225217645362,1.46100508454644,0.101492454699854,-0.323405413928163,0.822747037735867,0.0718369910247124,-0.166304962268644,1.68178802865897,-0.0940885290370886,1.03413959850615,-0.143630667169115,-0.0126229502870996,-0.281934355139346,0.635611000482028,-0.218706562717836,1.84986045736825,0.495414172359113,0.679408703551497,-0.550677851820777,0.872279891589959,1.0237650721924,-0.294516239786747,-0.380048698062078,6.40733372335719,77.5084017419674,2.15981418073101,91.0580898984858,8.52036154495284,6.13373586968956
8,22.0203599650408,19.8805012321185,6.48600902866937,96.1169932518892,0.235843750210725,0.254123672759318,1.27912927099728,-0.222454827998266,1.01111396121979,1.74603396389317,0.413438280466086,-0.414383210411288,-0.0160175419138266,-0.0596130323893477,0.617292034627416,0.221417056910938,-0.0201752153831058,0.584836557317109,-0.128916365214795,0.0684391922434512,0.5990211916687,1.74860737035527,0.467176874596216,1.03649810306859,1.01207571704542,-0.414352002293494,0.56651893732421,-0.416149328220302,2.38105998571322,-0.593375956289284,0.298294340634166,1.90604216946277,-0.827122072383133,0.871740496730191,0.890529825548388,-0.372378434629823,-0.802994691306568,-1.27362901086486,0.7744119237468,0.901831109866804,1.79159680349526,-0.211577119191179,0.858147228696657,-0.490643253943072,0.0133017140250975,0.812120805153703,0.0493392079028998,-0.231868915771383,-0.1024320001853,1.53873159166372,-0.592372748564705,0.879075674458712,1.79026215138115,2.32831810923617,1.49817640316936,0.765140625184645,0.404041573543543,5.89560588052354,69.6865335435419,2.147617064403,108.370262547246,7.85856235048045,6.51333538180746
7,21.1005985528781,12.2651488468844,24.662214063759,87.0922040266768,0.560629196708961,-0.755515668253488,-1.44784091615308,0.780859783963895,0.138688128448098,-0.18221599559349,0.265440484413269,-0.413283605719732,-0.555860033501171,-0.0618156006704239,0.419119867613075,0.456273187370002,3.11319505308344,-0.463500893062092,1.78853973936195,1.15675521656241,0.984022804669085,0.555156217065915,0.595483697729634,0.444088257021925,-0.970741889263039,1.070464359511,0.246169510657675,0.705228785614682,1.16413670208864,0.83517654795251,0.546003926895041,0.621552672941304,-0.0377537062591866,1.23161225899438,-0.738206498569182,0.64857776896198,1.10164315432609,0.298706815802893,0.162535657652957,0.16229108992461,0.668039773499497,0.891050988359463,-0.036395587821682,0.80110973385638,1.30154932031609,0.975339773626588,0.156100799933133,0.586890656022274,-0.381713879219874,2.20862495159915,0.555539596179358,0.532908838323291,-1.60683019402303,-1.37970376277674,-1.52253971198153,-0.0746475627358558,-0.356097805799342,6.54443196488949,74.0376857962815,1.97185388484526,83.1614492448369,8.23161878045161,6.08737621748129
8,22.6873670689288,21.9727610216869,-6.33481638416259,93.1903996809081,-0.147350354275847,-0.731176043915534,-0.941988587187965,0.110440630853955,2.14271378515596,-0.116987360891605,-0.176042578816947,0.882898787155628,1.45781333893863,-0.034512579351312,0.0687146447344867,0.545131645543398,-0.129064409363136,1.27833781156484,0.696967092282988,0.683951554757563,1.64064985224248,0.662825442228694,0.130574533185355,-0.22699235780244,0.265741718379658,-0.549475996656646,0.687903065689872,1.14789176600128,1.24002367066196,1.25752338426933,0.68004799282189,1.35377413569097,-0.0782107526464696,2.86791975070898,-0.44866704363756,-1.21444504195595,0.162940153563763,0.0117651617529248,0.614538655456721,2.04624401225897,1.87442638798221,-1.23208096016307,0.426343069808233,-1.36792698021917,2.25391179090429,0.194935286990371,-0.59869792035215,0.307281556983722,0.039804000159988,-0.544277208541572,-0.0028020521034941,0.605860446660542,2.79764786523451,2.24605289880607,2.78411706686326,-0.477807903231811,0.303417671767413,6.82824458474872,74.4610499667725,1.94179831777996,98.6919039603158,7.85190923190188,6.44421547948098
5,20.3254255222313,16.2617441358684,4.1816554599929,93.3963638977011,0.242452830151779,-0.337349432670245,-0.0302850285427851,-0.0815461347641095,1.30055580052662,0.837453456873633,0.395267987683694,1.97488097756714,0.494298784042412,-1.08795862708216,-0.260361250970556,0.374994466392326,0.656467245774892,0.741674355232065,1.29375618292199,0.405704695346492,1.22377057893202,0.571071380829741,1.02176812230734,0.971766988577525,-0.697147405266781,-0.270573680684636,-1.06820416158803,2.0355982914817,0.119762117039072,0.186888819451123,-0.736872098878742,0.708094041522038,1.36918249720915,-0.345354078698609,0.863460263808732,1.91867620587931,0.0359443180503267,-0.151978585226754,1.0537857601886,1.53685302366456,0.763889583543888,0.790914011765825,1.30699552718315,1.06228858448618,0.6272372747441,-0.135891456240863,0.933574061405588,0.433444272069751,-0.524230432126753,0.625210236194984,0.122944262502552,0.327281134781705,0.651592544447088,0.8881757288004,0.169072501362001,-0.195024890904264,-0.493353292705173,6.68503397287863,79.2531780872279,1.97474372483743,108.675496141805,8.55052954388982,6.60956506625358
2,22.2932353299196,13.5580181357213,20.6119760110416,94.6807138053389,0.591351343265111,0.768496862464371,1.5642387702542,-0.556501311335351,0.876802287145569,1.18004123359422,0.345766614682093,0.345807707621262,-0.888769813400574,1.29528990243356,0.0551016328769902,-0.0306493953812463,0.5624546412366,-0.0776717352268129,-0.785601075086639,-0.433912795728414,0.481875900549371,-0.834828933802203,0.608254917602327,0.904519068729702,0.419219251590048,0.683015990676508,-0.51150426884778,-0.0159864552639232,0.96793860027382,2.25248644416904,1.18052114864428,1.43481108214596,0.72458120928345,-0.384966144096476,-1.13571128529278,-0.300239902708095,-0.0744015394293253,-0.136070801093542,-0.659470817493378,0.286320789140828,-0.646347552659279,-0.168799169453307,-0.54039121670667,0.82770017814264,0.663044648137241,1.49741253559578,0.616928420374651,-0.0149370684690167,0.239682147971773,-0.165127817992887,0.861390325204898,0.837369687945833,1.10522201387122,-0.599446402733382,-0.263794913235966,0.902300176043395,0.349950612021935,6.11606575403368,74.0486442979934,2.23019676338938,100.417079092079,8.15011026273946,6.05552084695091
5,20.6144475547575,18.9954425452673,-4.48884675146546,92.3978991859009,0.603718038556746,1.1996332336236,1.35247865402926,0.66441506712498,1.44904686469646,4.09546349625603,0.0451619938279265,0.980124129335515,0.0191307361230537,1.39914421358779,0.845135722206437,-0.472827087163771,0.572944548730175,0.126589063780397,0.185941741554557,-0.242190891661313,0.978865222922116,0.945606910537802,1.70752381312596,1.30148411509986,-0.458734996368604,1.0201431655885,0.162836977784159,-0.444108354266798,1.23118741108993,1.6086855468388,-0.568278687024312,-0.388538258931393,0.0143965890883437,1.98870440281819,0.0408569060292876,0.488509514008786,-0.14174645901771,-0.100530381871423,0.181525661378904,-0.495195994498726,1.00215721202834,1.23154982606591,0.286400197647274,1.18139097820532,0.530094131496345,0.388181448349397,-0.212601656813031,0.962489685176557,0.119498918201744,-0.0484069649709067,0.449137778971426,0.486334334364357,2.76751100888892,2.1053094671079,2.3129496741533,0.469961522439958,-0.984261365809063,5.60438654219557,75.6067211511606,1.93371442948245,94.3304144043547,7.1215165641056,6.55863073630535
3,22.5223004514636,12.5799169271319,13.9377854110665,93.1599018352042,-0.494501671685184,-0.147907942797948,0.961746654049052,-0.152012944426736,1.51888172054014,0.526519358673303,-0.338336611492552,0.355609997512319,1.13288986043844,0.573479860260756,0.204999552399251,0.741552306413535,0.804986561350338,0.150403695815359,0.262397815686232,1.10426055540406,0.356406587148469,-0.0382349209172188,0.272442420818864,0.350516183180621,0.56782465843073,-0.222631405869738,1.45128589571134,-0.119037402574431,1.00285985705854,0.827541658235347,-0.627895942049046,2.60039975742223,-0.323523751117301,0.0885678593555366,0.189421325095,-0.788158382966782,0.754089061574192,-0.571990897044679,-0.849896885674978,1.56788800116932,0.420284014526182,1.24082197894032,0.0975153893637095,1.12984233486699,-0.203071771695613,0.424963862140758,0.747262207732191,0.461460829504811,-0.907281833230097,1.07951008399895,0.834967879359374,0.18868725319495,-0.673785244101604,0.0104884973540613,-0.260925809743503,0.837676081395833,-0.320887966695993,5.75794448410467,74.9132937718114,2.61001154241324,94.841011687124,8.44793507328968,6.48053905400516
9,19.8107068751102,13.3406905761138,15.968520151814,89.6720194308541,0.113950796135335,0.626268962221084,1.22245298244044,0.218365823373522,-0.776952655238571,1.1527626770519,0.145491010207842,0.727977457797319,2.02572176792481,-0.707634622816054,1.0941691073127,-0.0014772435698257,2.15775509329271,0.163548433595458,1.41464497658174,-0.603682345663708,0.978196399972987,1.05107385344024,1.40060776054818,2.19771246523801,0.499488940333049,-0.572178267415898,1.24479014198071,-1.02921435443233,0.689105183283542,0.936290165527308,0.641718782010934,-1.92289967245473,1.03375833389225,-0.0310033101613578,1.82759263961905,0.417918560862963,0.769971673995744,0.218414679261755,0.556062476615766,0.311104541932784,1.03709944641955,1.00121463614035,1.04993360478647,-0.76803298111819,1.33078671338795,-0.48890876757245,-0.150146343110857,-0.610322638786051,-0.362624050045672,-1.00382101679128,-0.190273470190887,1.78041899142996,-0.485516180445027,-0.786544515352256,-0.831133148219338,0.0632017329714765,0.228505565395285,6.31418674115868,75.7015641711822,2.22104305149678,91.2485493656045,7.20821010333521,5.67025592075738
7,22.0395490658883,17.8556270617512,-3.40403319539331,91.5904979258357,-0.939289130439094,0.996438493063928,0.498867415306273,-0.929723590332501,0.429039229957288,1.58780944137586,0.0804133883197013,1.23625713896677,-0.22644624222093,-0.319955948057268,1.01339245625225,-1.0835882142908,0.976452258842242,0.338492247235121,0.979400895227294,-0.0680939516045403,-0.0993131253401561,-0.209800351204603,1.29547628684005,1.35733155284779,0.757255938088789,1.43163736473039,0.192126867193634,0.610375189593853,0.387353670557925,1.27332601020389,0.616994141657633,2.5007570354153,-1.44221910406104,-0.119800879563355,0.618537943913823,1.14523590384235,-0.119605368200545,0.0030268680261673,-0.294117558047005,-0.327858728470555,-1.70002521370619,1.53996401745747,0.76092063955766,0.715456263821867,0.246781534365174,0.194863536113311,-0.170976939176007,-0.590887441318353,-0.625099473439776,0.490571863153628,1.3232399905234,1.82770320047647,2.29331432561166,1.54580796918568,1.96091546178778,0.828591567979136,0.339375137239431,7.46780253307669,76.7494088788755,1.88769573708347,97.2246741867575,8.93669641936365,5.44643706022807
8,21.8608574139234,13.7959694241064,24.7494117672808,91.0275961432746,1.3686351493273,1.51494111723654,-0.360341605896091,0.887129870520723,1.18132578040061,0.369958052470499,-0.084757522128985,0.339165624329557,0.552779877786316,1.37187889007215,0.751705931529044,-0.190014266050841,0.611785931607138,-0.485538018714503,0.790639265234147,-0.461786823853113,0.206986204219561,1.69637075522678,2.50133011014749,2.76641871766143,1.40775053996461,-0.447640200366465,2.22785640953345,-0.0123889321853008,2.10525997669719,0.187650192870312,-1.11124052920491,0.609776756874233,0.0224559761126932,0.465565794745675,2.24422076155348,-0.0884963559891709,1.30543690257162,0.366121231620773,-0.0521268145972297,-0.388366589365731,-1.54646381273522,0.504289774298554,1.1187929314985,1.87847803921531,0.598339852625301,0.659592349958616,0.440415573247954,-1.04999892971654,0.631804216394778,1.35733644681668,0.742864462278233,-0.556091757247152,0.86073907076878,2.10879522137549,2.25369032828883,0.28978254449046,0.643057835537512,6.88813278792363,72.3156665621828,2.0151268967343,105.44542318552,8.41015825260815,5.37592380257734
8,25.9865428080268,13.1190337072986,-1.28828848325868,91.9818130365253,-0.409544227040559,-0.292346162253788,0.779928446237203,-0.0420539332077175,2.29547063484537,1.07553876189816,-0.243135131200769,0.745808575266519,0.92387616208994,0.0293205487880307,1.38751153638021,-0.419512298963998,1.19891726777838,0.200022166906279,0.866912372165648,-0.366932502662327,-0.109441931926849,-1.03386916858135,-0.634846799879611,-0.0345071752775917,-0.396625237618547,1.60557841720281,-0.114112830361132,-0.56649596692078,1.32449110621504,2.62559150539685,0.397591518728844,1.24109292624606,0.717275823804883,2.07991999031652,-0.370833591036307,0.180511423394833,-0.636910872865982,-1.16023275745342,-0.715869208739538,0.430445448515084,0.956096656227838,-0.0948971409896251,-0.994156023579636,-0.0056026587610997,1.66476298458282,0.793752858011687,0.993884586248574,-0.177039252897503,0.307391855189985,2.43753574569398,-0.494075071219401,0.731396025333902,1.40713542383154,1.9084922927288,1.36687561881585,-0.558648328961535,0.121883269116509,6.94132600917797,74.2348022680948,2.04658829424125,96.460238087549,8.39044484403761,5.80889168341845
6,22.2108177194432,12.940968675379,19.6413602967824,88.2490431093748,0.897914010813759,-0.794448981564789,-1.60865463312074,-0.629719194004393,0.596280755219413,0.445337524513112,0.634917902412134,0.788379294094844,0.0534595596153678,0.880089938585415,0.111108771314215,0.364245596702289,1.09719663195702,-1.42779329482142,-0.127105500692143,0.657440943353612,0.261040199384063,-0.62800442334027,0.158024582400153,0.680995680681164,0.615060432658311,0.975372060796725,-0.177689525580393,0.268891150076109,0.985471288835597,1.28965777023678,0.592033544905168,0.187681202650574,1.89725409534922,-0.460437213369353,-0.123057956449977,-0.215826885336122,1.09564844717473,0.405059297516469,-0.720311418754703,-1.37115094831344,-0.180212277776595,-0.511105591878918,1.64379018581237,0.256685284275099,0.589978865608383,-0.0200393733246072,0.397613231847277,-0.7117448852035,0.0634106699924815,-0.366038561221716,1.08620432674332,1.13592002411157,0.482920498181288,-1.31207239712461,-0.644254158830505,-0.36041838561589,-0.0389438786256385,5.83366154847906,78.0201437542665,2.06214639207122,89.871885472968,8.75570780634744,5.11538381266464
7,25.5871873431416,17.8671073036771,6.50298188833405,92.3304159874484,0.225949338569276,0.25529995205717,0.260575429582464,1.59131323642704,0.510529238758103,0.84444870193837,0.311677869518756,0.513278644539771,0.545544127272845,1.04477146894083,1.37651481770895,0.48606644060053,2.22334622105186,0.696152891700776,0.283819525838718,0.452121365239836,0.959549108747334,-0.891613800930616,-0.802105224087496,-0.675886154232986,1.25907088619036,-0.297356141694087,0.244665810428611,-0.494441822385568,0.403265580662648,2.77184061277173,1.18682474634876,1.27648422851211,-0.473055890901532,-0.786677129500836,-0.835122232959693,-0.197146902143501,-0.0284935475710808,-0.318631513890748,0.197184243446677,1.31213317144718,0.692271850796014,0.585271387998771,0.394759330082464,0.324809134755224,0.135914820778648,-0.647041516729373,0.528071029137307,1.11875500207045,-0.238884682015481,0.53892129576936,-0.184059143172583,-1.18896275174206,1.4440826550558,2.08674473976394,1.84226118719173,0.410318786255992,0.531373667566078,6.09043736189575,78.1646677901103,2.19653394810692,78.0014789150381,8.42886551297285,5.83881693912167
6,23.2277245130531,17.9407402872366,2.47803561643788,87.7689445334286,-0.138174105855769,0.583201412641003,0.443634972575259,0.163626653621059,0.290511804677017,1.97757487675112,-1.05751752175872,-1.57305841804277,0.372488229553725,0.210780541804118,1.88450836854429,-0.0477705806959858,-0.0523615421503247,-0.19250982770825,0.754333630368892,-0.108778670253924,0.98608594428885,0.641349806866209,0.790606337488249,0.353199854022994,0.689931671309803,1.55634752734359,-0.786977935391271,0.581654467201169,-0.465824661932515,2.86364477245295,1.99896992458369,2.43619109328906,0.889784940692065,-0.782037029939444,0.700151510271539,1.04686044350113,1.04622105101351,-0.438772873750712,0.0547592609829491,1.18843336730025,1.29961676393736,0.494410180753533,-0.806919671940874,-0.085494678222571,-0.0817130126439964,-0.0173374221604984,-0.38578354980835,0.50132777853959,0.1417515239618,1.01747427877514,0.810846888374558,-0.605238381072247,1.67123216594838,1.802695336483,1.45354105532266,0.124751424358719,-0.113548769484921,6.09126488726539,84.1233228270824,2.29671474790714,80.7973909460737,9.70751134843178,6.27682760035
9,20.8783934241093,6.41721580651314,-2.05587296688815,89.4858857652164,0.509966509319349,0.877906002805347,0.649315407710168,0.160822878532056,-1.92121090553227,1.23888344581076,0.824155962864998,0.868220491695578,0.176669341676318,1.04747754739451,2.21516855234142,-0.271186867452537,0.923986155335158,1.24081224682338,0.759556311012589,0.0207199918514581,2.56188734386004,0.121128162207666,1.62035181629496,1.15746847698027,-0.903348713410068,0.52609261948273,1.02443357827246,-1.32774067076035,-0.700652721727873,1.88166832379761,0.0696876954885159,1.15878202951688,0.757759598860331,0.62888451033196,1.6935082343705,-0.0305834739694756,0.794383976851238,-0.128698974229081,-0.0669057652181244,-0.373007778938652,-0.150947599617141,1.07861135896482,1.33483208728201,0.662720193905405,1.09795522724647,1.22440049246668,0.506913001602704,-1.49903539351183,-0.529733362985626,-0.438851516872148,0.244656457389509,0.830827599945902,0.573316439606815,-0.23530384293334,-0.323518687559246,1.22932489871066,0.0714646761081517,5.99574927417768,76.62367212949,2.03173593386556,96.5622121017168,8.2332778498421,5.38313877966755
5,19.7904288094456,10.4813376668458,3.70937119700887,88.8658158281807,-1.64748087423805,-0.256118858812436,-0.194936147067041,-0.93966767606671,0.340674036399097,2.04740842057499,0.610356859590124,-0.436810958560827,0.293684779538667,0.382649057289219,1.62229287547582,0.373618314541239,0.71093562812268,0.05466526081374,-0.0137993884876776,0.733512125755449,-0.997828093094998,1.54582179286838,1.74016253666071,1.73727181893991,1.61473391464808,-0.83434070480486,-0.449504680648351,1.28179538886997,0.50873615350275,1.93735366949428,1.38203078377988,0.446382552654427,0.0035680151026088,1.11422508868136,0.495842673018587,-0.851427924200405,0.298976097742103,0.374174912224359,0.582287543855966,1.91153415730888,0.686595563523679,2.12122719020113,1.13052666094893,0.0253339372091343,0.120199139584547,1.32969076222468,-0.117928098334739,0.52380980542268,0.203058355080759,0.796577719113113,-0.532844977415947,0.407351570831438,2.50616709790521,0.924482905448465,1.11189237980317,0.499394092535636,0.260020693479671,5.70966230465821,82.3431011827628,1.93246879084448,87.7674823142112,9.26503203803389,5.61080600549352
8,19.5109211851767,10.5829270691758,27.4149750349148,92.9626593807703,0.0957233044267469,-0.141935323558322,0.580105657129354,-0.48078361383885,2.07567155689757,-0.603169121923579,-0.0613183530446726,0.265449456108795,-0.289936917046855,-0.830656733015044,0.178936306595831,-0.256883549721072,-0.204328134241382,-0.073871534624272,0.751544215400659,0.472728087088879,0.373656050183516,1.00602900243008,2.40920772615644,2.50778298480804,0.226018253831238,-0.690875981598646,-0.526048518964931,0.261220137882798,-0.12122289110141,1.7919457884433,2.05103002839483,0.409235743265482,0.191768313357122,0.89678191365212,0.147925549186448,0.665710104337437,-0.204716714884307,0.330493531627203,-0.0091466537785909,0.262400356379698,1.39137297809832,1.44751846330194,-0.369019437076133,-0.120928585165389,0.864433604732396,0.554042752730069,0.026808972850359,1.18517202136666,-0.48615434572816,-0.957483866522484,0.187821893743812,0.124143125931882,0.615117738750362,0.503912165695188,0.537110932991857,0.347631761958517,0.0386728457017737,6.97435044513373,81.248886092395,2.17736800189298,95.3557979083679,8.63867347497674,5.9740478693489
6,21.3346378755095,11.2040346772267,4.74415579517421,90.7424560923814,0.220894334947537,-0.139016391980095,0.320649995527697,0.860842237362418,-0.171242830890153,1.81789840406572,-0.0100478547190262,-0.136727820460082,0.908362219541662,2.06880888210064,2.34326987809183,-0.0793201579564231,1.15596804936486,1.31239989426035,0.353843991001616,0.32381822485787,1.24981246174904,0.679388908613521,1.44972382508084,0.772759058311742,-0.0069098612690367,1.02624291846908,1.40067795744408,-0.711361686288393,1.54394881017652,1.00368100688239,0.67176754653328,-0.107015691371321,-0.188546277879324,3.24758284215424,-0.137224718663282,1.91028554854253,1.75191314518538,-0.253672969622829,0.11982944364573,-0.234531435274712,-0.117954604940414,0.910951663820784,-0.104837534657318,-0.189317849913972,1.68517570814596,0.155649645052857,0.296058688072156,-0.0760652701632717,-0.876249813731805,-0.817384837514926,0.284083094686856,-0.876028901890873,1.20430546398775,0.372920177379257,0.483982392730466,0.781240731606549,-0.764925408803272,6.22392014652881,70.7004303286211,1.98738609217369,97.1196915699824,8.75446868216581,6.37851953492369
7,23.4093103153705,17.9948743294687,17.4654973409386,91.0130417259859,0.397564235687522,0.590357216577172,2.66590052358118,1.39762770005588,0.871692680990629,-0.0863569718354813,0.205175438701055,-0.872344402665066,1.01772445511321,0.682745687136388,0.279509075959849,-0.353127208194222,3.34359644362302,-0.10408872476896,1.28206566703216,-0.0311103965389117,1.02500399050665,0.92091916698374,1.08401295004646,1.5903467491711,-0.320500506882103,-0.858789205459599,0.989153031164597,-0.0003975368426113,1.61490428500013,0.597332078851555,-0.214475606049411,2.25751799798623,1.37845812970258,2.22106454036054,-0.0731358849144095,0.621297359826021,0.195519113017339,1.01956183362435,0.574726041410908,0.37547986375557,0.530866100601893,0.568632000985735,0.496757619249642,0.47161178692939,0.930754590108129,0.355000196235671,0.272242916202165,0.360408737521947,0.205309961587171,-0.952082291816917,0.671786184406228,1.21664354353433,2.7815534245987,1.190352974074,1.71612673879294,-0.449722072549572,-0.0280100612110349,6.44415862573459,74.7267016378162,2.18103474494795,98.4224659502165,6.84056715131688,5.61384672271797
9,18.7045932791951,16.3279365554324,14.4720364194749,94.5808453628564,0.402336946907865,0.713711606883206,1.22260539586844,0.39979047636638,0.969983622625745,1.15653407139413,-0.188034041885121,-0.407541566944311,-0.554468432776168,-0.443283595301369,3.22350689410671,0.544262231014902,2.24706153957357,-0.743954762419368,1.18751284952142,-0.406364368191456,-0.447590351946726,1.47813437274507,1.67039149830826,2.39691120277941,0.340768739918493,0.33308537320641,0.522905133192112,0.632794499398688,-1.72892305284102,2.17378102144068,0.756219596260927,1.64718605562323,0.596589088858983,1.29356388791116,1.40379398380318,0.64581845331073,-0.0165885693649169,-0.324775162473134,0.355526345773846,0.975497414323221,0.824625544189122,-0.0952413248065901,1.21109298715286,0.207551383112147,0.434629732402178,1.02128664387171,-0.212246683686433,-0.0227582171808037,1.01778985797526,0.164424637608409,0.675584713209768,0.92312222710471,-0.291483153094282,0.0482693672329809,0.0460133610882488,0.253932783041436,0.750321314379639,6.27639140300603,82.6994941251063,2.14153790378467,101.543221953605,8.09583347956023,5.8074473517266
5,21.3252847320189,14.9981698938897,-2.05883553847776,92.8081099586819,0.282540895732559,0.851024366428163,1.39709987411278,-1.10861571162604,0.945157174503835,0.388506371134658,0.622480873206581,0.85841912375074,-0.410030193703344,0.446105944545479,0.025510165450221,-0.38069042037592,0.712417495478199,0.464128354766649,0.113541903497582,-0.977269546013663,0.897696584864995,0.177768267627653,0.214795266521561,0.347039522940367,1.90260132805694,0.303227352495299,-0.0327063834502527,-0.38267902829964,-0.193562960176809,2.38636238859908,0.669383485778606,0.875814928469018,-0.938979026233623,1.63623623690782,-0.654110656670887,-0.428439738487212,-0.295220037769512,0.406954504174764,0.0975887001441217,0.454087396596432,-0.126421746754923,-0.427908925202544,0.161298167749564,1.17170145794208,0.0091332637021147,0.920080457666666,1.3784367851415,0.224854131741401,-0.0448275327720627,2.36091816620995,0.0911501140724112,1.50386328279692,-0.466124980154938,-0.25117856836042,-0.520718567617031,-1.08468082425721,0.146557134443882,5.91969264096814,78.5005367869458,2.23653511978269,103.362389756678,7.87758335414816,5.32162769309588
5,22.8889892435728,11.1963207564789,33.747653636503,91.0056553036294,-0.429655421712015,0.229408526042261,-0.12360404470984,0.606411572016388,1.18953400345341,1.29131658170137,-0.233795656840124,0.698705349021165,1.28078100786817,0.725251993166787,1.71317464042574,0.815671012393115,0.781171170285509,-0.840678808717249,0.458495385380079,-0.693551219401657,1.81202052788917,0.621212874727694,0.549918575216962,0.520487988665948,-0.169336818903754,-0.0045096842138822,0.770118623973458,0.499881289990698,1.37879311171167,0.144421911989535,-0.614679853012525,1.13055702449923,0.271141341208366,1.89247085955975,-1.70508674027082,-0.329117574504568,1.82953911691375,0.42191129209166,0.95210911205575,2.76006344984454,2.82524435028393,0.793085938594645,0.0076706437769455,1.12646330539471,1.01456883681609,-0.293632141247978,-0.0636369241317778,-0.314278299897131,-0.0464162043898184,-0.0269639661385782,-0.457001814304623,0.0181925168718752,1.97956762109919,2.26919520386354,2.6988842034182,0.544120122972399,1.16981026499433,6.23769693781878,72.8773896968053,2.24667550557049,97.5408993256277,9.48741786717534,5.93404055415232
4,25.5693106159482,21.1276559416524,3.76881667755033,94.5825573936595,0.841721105453068,-0.259741407060946,0.171110038610678,0.527285940225847,2.24170559617971,1.3117307972969,0.136916811547777,0.147073311116193,1.92231099840219,0.743699263844707,1.38606585086844,0.0816229130687619,-0.464890408885042,0.220327909443161,-0.880324109974862,1.13913545352064,0.93957550843656,0.501760829014934,1.04991764442653,0.368141069294733,0.336430188719548,-1.13040390686442,-2.24442048517039,0.007222244114926,-1.9837866801185,3.67397046791853,-0.0339745509042519,1.00949593510332,-0.0595731259465088,1.4868823402679,0.268373405002582,1.16225754282389,-0.3688068772735,0.292604842662949,0.052010091923322,-0.172952836093785,-0.749897533388319,0.157688243703016,-0.3593496693661,-0.92750459111655,-0.31282585234357,0.160559595367061,-0.215440773076122,-0.355358547073086,0.109532673461293,-0.795898879962055,0.293719307707986,0.677884113313987,0.90425708953633,1.88016074823123,1.7533547934781,0.817376075452388,-0.0284420424269675,5.84232594226404,86.1317583944612,1.99061605438781,104.021579226803,8.42601672291979,6.92262343812341
8,18.5372234168164,10.9094348832783,21.8416430824251,86.3810158268361,0.719532565309797,0.648931291649833,-1.00814875932038,-0.0069188212232264,1.33552048162368,-0.679228502282851,0.68424190959696,-0.0199741758364776,0.146764964779691,1.35665777427512,0.925825126468948,0.512334488364561,-0.548331577975652,1.33538073232128,0.120456674243505,1.36321796678303,0.584153848313606,-0.129594878038561,1.39111160910965,1.57152798436153,2.42837089593423,1.64243007076508,-1.07007305116486,0.17151891314536,-0.371530873108534,2.91705564822493,1.76036470211648,0.0445520843947032,-0.241943035884347,2.05631647943702,-0.17554495189173,0.544311234245226,-0.0632782720505639,-0.843385514657108,-0.952501346579044,-0.156951561597027,0.168114732118192,-0.825079658702349,1.67201135942179,0.23549392024594,1.90852466463517,1.70289693063463,-0.0411971167033048,-1.02144222025179,-0.804737212240579,-0.0789077918458259,0.0993716622042461,1.63159774914468,0.362893117201252,-0.155794175825568,0.0671696309537806,0.810320386716063,0.0851363253351091,6.92597633691544,83.152223873857,2.01920197449536,84.7125591556872,8.35145583925584,4.78032794800638
3,20.310125473319,15.2483174121287,21.3266957529817,88.0235633669706,1.08594597156503,-0.301663114589453,-0.263721001910379,0.942449858618878,1.41543275120972,1.08631774443097,0.292484908478136,0.115451710744387,1.39199546579727,1.44847954286401,1.7622739290985,0.049966278718755,1.12863605686486,2.149663004404,1.01656756478552,-0.118659881865323,0.213649798946064,0.79602080954746,1.09865233750129,1.30522080857336,1.48316315417224,1.86175469659254,0.256787569081895,0.210729562997372,1.67656334255228,1.01437374882862,-0.0685443293528668,0.399529677097328,0.233659977229369,1.24196951295891,1.86536744393906,0.199818865317096,0.218738917044237,0.35938694750715,-0.281093067784549,-0.0867067442879584,-0.0629429466397756,-0.382913573066666,0.250449852150256,-0.290392619964929,0.600239209735151,-0.675802322361803,-0.0932575497039184,-0.417323253112068,0.0848824197161454,0.246383081185954,-0.333959998355864,0.0867853684011774,0.509216341587865,0.369609513847065,0.87544771210887,0.145591215718188,0.894589237237955,5.83426163505583,75.1234376162446,2.28967210761026,83.054256623196,8.59134458432631,5.80424579505938
8,21.0293607330503,17.9558887939103,14.57884901215,93.1209463844916,1.19846627155251,1.33579182004526,1.14548859380611,0.370269057905802,-1.03751621267768,-0.766770430306523,-0.407596619801258,0.406638735854239,-0.0525164300377263,-0.577588082847133,0.313632338934498,0.654076324089126,0.121800435766,0.766217909615432,-0.242454199733421,1.20627491370269,2.56451736060009,-0.140943739342987,-0.304238072278872,0.354519084916339,0.518734275357278,-0.079683206787709,-0.0411695020778332,1.52686225069484,0.417233545138857,0.773981135588246,1.0626848646461,-0.353299643022131,0.125694351972756,1.744910560889,0.30275385004296,0.388988571545488,-0.805400291568942,-0.193169854057629,0.539134704529933,1.67939361285177,1.11169248109426,-1.30222601704106,-1.3076502564846,1.1736128448724,-0.41590332301548,-1.24716387275031,0.248549533592229,0.120892171359711,-0.3422174970333,0.598504294525987,0.75661300555032,1.00504473515976,1.6556352086179,0.807937528507052,1.05366691508845,0.923135421625027,0.125489306358234,6.63835729181188,76.3236773251624,2.11936549490312,104.085354547608,8.89314749426728,5.57839449574475
9,21.5461992486018,18.0907754659431,8.98241185776726,96.9015564748452,0.733728455403027,0.668089605952421,0.955405822968214,0.394471080488337,0.343057470426812,1.65520224408699,-0.534702350651301,-0.208586347118925,1.07548946441124,2.14011956366771,0.055965489039052,0.27339861129374,0.381960703898749,0.532772852292935,0.932383698330298,0.460142456647695,-0.741093306504392,-0.225150435648414,0.534013573682086,0.866389219566423,0.329420499765149,0.177039021685238,0.541881867703496,1.10552870455835,1.41490826394973,0.463556387763308,2.8942661418161,1.04564235864753,0.719153560235197,0.775306647045097,0.0217868541531093,0.484069201298364,0.704687201942011,0.505990933998106,0.693319470490925,3.05646960910944,0.637205335337213,-0.838348488927357,-0.959641672627047,1.66777832791034,-0.0497518490938175,0.650587955959114,-0.0515037012391034,-0.0091310377694531,0.0136860476423332,0.53029856512967,-0.369023155305119,-0.0699197065644289,1.49027938138504,1.52338721350099,1.59658596320202,0.241888322586567,0.992503327112192,5.30070708231194,74.5470926812339,2.34871213280191,103.859461059256,10.1695397448791,5.85611412147038
6,22.9821500849824,10.7486176239398,5.44193775448721,94.2603089354395,-0.0308336285748386,-0.483389899915308,-0.772170292257082,-0.600150953113916,0.928865750101428,2.0255415517869,0.259522356293385,0.388988770707985,-0.1363851614272,-0.763007998891042,-0.161082572177603,0.373872980529153,0.467543197358044,-0.309194463114886,-0.847656810174709,-0.0387108896608207,0.769483127337005,0.67053569742588,0.323121005756199,0.509461943485251,1.36287865864513,0.0136870262560569,0.5775941839709,0.263845028795769,0.550727616981739,1.38663027750537,0.508486763910135,1.83065609295122,2.03105688815356,-0.16776657972146,-0.490144502844787,-0.180165866767759,1.11295495195168,0.561161737137513,0.237528421461231,1.07448057668748,1.39109477310909,-0.688575973577916,0.139107970624648,0.452083529360248,-0.13285461404184,0.255059621902561,-0.130252632270604,-0.0161967160993994,0.87358027231679,1.58468497033372,0.311456408574373,-0.166078283147002,0.363313008217355,-0.886229127765387,-0.937288818195124,0.0577104506292674,0.199473916030089,6.2533773304176,73.8376881897242,2.19650371652019,102.226165715252,8.17907728914961,5.77425909313571
9,24.3027705341469,7.47603767781085,-24.1293157211974,90.0780129046587,0.283637689900865,0.516298336572343,1.5842314753463,0.0089705828271007,-0.0283300072043942,-0.303550168327706,0.879819904288972,0.634721576269007,-1.07130893520337,1.70503926564303,1.84605056851914,-0.15903160725548,-1.82912045184746,0.0299491362075223,0.343646204060781,0.130951909738312,1.00785692397213,-0.778052296173505,-0.341533483798146,0.297356842245731,-0.133593573272784,-1.0298713030955,-0.105922149735885,1.09435003685876,0.876079579548974,0.572901790418215,0.651257415620496,1.30935389047583,0.051278300814782,0.573726801621821,1.26553450129836,1.01296554637394,-0.95364740988099,0.483462381410224,0.0182961245616877,0.869743448517354,0.667970674877606,0.953235512779688,1.20145948287606,0.350684429667388,0.906394258273844,0.750952212009109,-0.157602792754122,-0.110578612577022,0.238463213974497,0.465446162885766,0.368616697397961,1.04349785357144,1.21234530146103,0.172161729676072,-0.502502676052083,-0.216727797106438,-0.340044545062212,6.95923546864628,76.8393478939437,1.77005492134718,93.8595388533848,8.52884873580362,6.30871460086148
7,23.0642617736068,14.6330368726029,1.13522177700183,89.4664938684683,-0.201465879383975,0.0282299012842437,1.11678259400161,0.141246089901679,-1.23841901297064,2.2284472782653,0.477236005389639,0.15149532998225,-0.263512733444931,1.71217549998141,0.223032047207291,0.421040659361929,1.75209675840841,0.428976763880683,-0.95172623809131,-1.31062687874534,0.842814894655762,-0.721065943829779,-0.128193462820132,0.532543797561574,-0.468573954133408,0.834701805799009,1.28236949859668,0.0035702464218333,1.29305359286684,0.133328060957798,0.548967325841697,1.87498341726551,0.0593789021323391,0.675815742873935,0.332677916383541,2.27830314150363,0.91229121461962,0.348821071409176,0.191682853766956,-0.139987246383751,-2.83310176464319,-0.400652904007796,0.645884482709149,-1.54049269636699,1.75376143524311,1.19942834452631,-0.235977982437375,0.795991116743787,0.115634263843685,-0.798844501640822,0.801287217551166,1.12220457198053,1.38317795253216,0.585252066825652,0.282049115846378,0.220005114766581,-0.0440099654431254,6.58726994428721,71.8524440055739,1.8738014687163,103.054625845569,7.14552006840708,5.87340824212302
5,18.766409745142,12.0290737460922,13.6258009477208,88.083935589457,-0.474298417045677,0.101843510705829,-0.834267689124092,-0.195079535547499,0.565626240603809,1.38938526746158,-0.416264606799834,0.403129358019766,0.0245722037573695,0.908050705254412,1.35336175174262,0.512337833300363,-0.527199775581308,1.0024062620755,1.03447834790881,0.490564035343576,1.32004025121141,0.620043812410078,2.41548923928982,2.43587344306208,-0.0694700454752284,-0.0329108213800874,0.608006160039935,0.114984435573802,1.24900488061166,0.826267275099262,0.246039621298254,-0.0987620813615591,0.588986435189327,-0.304885183767904,-0.425301698910787,0.156991290069,1.38503689450189,0.161991478469605,-0.999488503377286,-0.629706683880759,0.0304338253948487,0.965026339797343,-0.229323213016029,0.222088255812417,-0.0819079515469127,1.9592345777232,0.140742829947932,-0.505265816856769,0.555833161708829,0.710222111526984,0.100519963421946,-0.147467485584462,0.0375920706475389,-0.365415498344448,-0.150076927809029,0.861866871680545,-0.530616762874039,6.33273059546555,74.1805356005453,1.95115261857954,74.5184794349098,7.94211950118764,5.32040224217033
7,18.7576445825571,16.6129850931979,16.2232664835925,93.8911511324304,0.886139785937727,0.0043096022362468,0.512338880322139,1.60222752655512,0.96933174498042,1.98254867288906,0.575069750322056,2.06108988894944,-0.134501842600695,-0.524252418532149,2.93833430872652,0.513077439846692,0.128910027418284,0.848279403823458,1.53050932986618,0.0442642272235195,-0.0794006318095634,2.09158645055367,1.16939893494745,1.37790474432833,0.0164791332749721,0.423569190129476,0.694484195492591,0.0075036839179348,-0.0121273576936221,-0.474297614055085,0.145483600783737,2.20663464993788,0.821938724528771,1.42446485242631,-0.395676024111944,0.886817480898151,1.1031939306659,0.71123171482064,0.302065617572915,-0.0807189187099148,0.0064874653256564,1.15612308286396,0.112502533031909,-0.0571587399208145,-0.102985427190547,-0.531446559995953,0.248312248193383,0.811019329546369,0.159729639957884,0.164270416959018,-0.147599233357034,-0.778594873184041,-0.50074510328603,0.518519152266622,0.0376580568728541,-1.07826567498829,-0.73498460033075,6.08453279538685,76.6148599038786,2.18622238030948,82.6543005618119,9.19241512921767,6.05554592791737
4,21.9415995359487,14.8451006798881,0.860170517073467,91.0977930099911,-1.19988782117182,0.0854512025065661,0.0281893847839615,0.523154064708441,1.34528165185441,0.332877688437036,1.14431090570687,0.182476493352693,1.23515309257085,2.6341870426877,0.231422443963491,0.152064425071838,-0.822254196984717,0.0943335145945426,1.14612741039257,0.202884495533716,1.07385660523759,-0.398429955436818,0.24684576872222,0.228696000539122,0.206916932650472,1.50788574791764,-0.0184509630055797,0.151614217734909,-0.239933238143382,1.31145601689638,0.767834871892197,0.151914921803551,0.91857614483187,2.51177223467562,-0.61110622575343,0.653003470947332,-0.0684584106029856,-0.565263616655598,0.170170000835732,1.30309266693326,1.40785178491975,1.92733658531612,0.509253969771894,-0.478927967389168,1.42944810228408,1.35161423879539,-0.347158300794552,1.61824554921218,-0.0845270231854223,0.564359537966972,1.70018728738832,0.89261847339814,0.748122254498686,0.427703296781922,-0.124510824892494,0.19183436684122,1.2153743863872,7.17557742242211,77.7729268529027,1.83602640191428,104.229843011737,9.27924707666875,6.06113243408275
1,20.7215696710204,9.63578943624259,-1.47465093421637,92.4624943155997,-0.525238477199366,-1.30384577384651,0.545338680075482,1.55988525294567,0.206885562731453,1.84365905144362,-0.10184133077674,-0.0349477018035435,0.331584066484373,2.4009953272249,1.94988824298587,0.468005106512634,1.6730630714223,0.269483682198336,-0.429358336482651,0.656621149151184,-0.0044276745191207,-0.656701964550059,0.67383019269224,0.633534590184016,1.5407167405443,-0.434392166803176,0.121573403515978,-0.371374180686048,0.225166638022785,0.74366383077763,1.20208576187423,-0.330226244257665,0.496959611228381,-0.557203275872111,0.696874704746798,-0.116340114196405,0.400987747379654,-0.481889597543859,-0.886163688066501,-0.763935084298881,-1.05546917884048,-1.19324195060399,0.851544133268149,-0.699063030640031,0.250774195120531,1.30582642892188,0.877794155548298,0.191347579929911,0.710151313561021,0.186788514070388,-0.346983350909502,0.848804005829307,-1.23400496710853,-0.70168261336128,-1.27433218761829,0.744471091260047,0.248616981695921,5.38037001380773,76.911594958836,2.14723055555032,106.271670017909,9.06143974458907,6.10516032307457
8,24.4168994698706,16.433016806801,15.8181769853934,92.3113190207643,0.397435666409058,-0.0436295730204009,0.643555523629523,0.0644951111308894,1.00519945657664,1.22072631695652,0.547051361750318,0.0943418160114633,0.628899216366161,-1.23218869734413,2.13196893414836,0.688575441705154,0.985880154332335,0.933569615100035,1.4404299213781,0.91659539700665,0.112024250786562,1.46376856100635,0.338732607599385,0.70944055751233,-0.620118459126378,0.709645731198367,0.560957879062099,0.704647283591634,0.967356948230239,0.740724032811308,0.464161805324005,1.74494309543984,-0.303956435290842,0.355380139916356,-0.109084898591203,1.06101101497846,0.35560693916242,0.448442593863033,0.333279121018417,-0.116175053443741,0.773517719047631,-0.370605482355594,0.665434227663566,0.490104326519348,-1.12441270472934,-0.472091795927296,0.180598505059215,1.05888033392045,0.395923296771497,0.787986052881669,0.209208063300936,0.0994563230594242,1.31497022612043,0.827502939046691,1.31286806801701,0.16879497168942,-0.812606391761268,5.7355996695116,73.6001516346002,2.13999928553419,84.1002191348379,8.90833597221132,6.10215779075795
6,22.573697548766,21.0810891367614,19.1663759423691,89.3558713764923,0.0533261303807101,1.08124712234713,-0.238078674006447,-0.4857395053265,-0.297095550489643,-0.0004905401645419,-0.42240417049745,0.369980562990211,-0.0777965359679244,0.090048006516973,-0.188188292572773,-0.106163465364415,1.28119470282718,-0.290996067039485,0.940549199980842,0.472064646682756,-0.515049592270778,1.1053468752479,1.10538467259903,1.12951606141865,0.28534109884462,0.460838345197007,0.0379959819484339,1.59600395820792,0.610194571908807,1.40357735440164,-0.380902648851045,1.25141593120263,-1.20407432137272,0.647513670645163,0.769534693708674,1.49904747957085,-0.156558537035183,0.310139039451815,0.408708848913833,0.807942023276267,0.65034119449398,-0.324454817018222,0.510569251581598,-0.863118567510341,0.946111797118237,0.440414444354295,-0.647002809579522,0.117902371481066,-0.262037306223093,0.943906416298103,0.288464692158105,0.45625749196441,1.102241483308,0.99658355305155,1.64859108557604,-0.0131263182350438,0.436089836878439,7.48346947634559,80.8805679976313,2.0925153207941,91.1341414486949,9.2973102930637,6.08886525303068
6,21.8408367771886,16.27082052361,-0.999357728183891,88.5620398413942,-0.0870411829203716,-0.102036282419539,-0.174781591220556,0.828949731045893,-0.722006337468837,0.266655545748144,-0.538373352685122,0.161151152960948,1.12496565198797,0.673956296906575,1.81047892086239,-0.628418742466428,1.65478675495873,0.30244236659132,0.809660407747667,0.545388402532732,1.2318324253485,-0.547722271167775,-0.289914419970066,-0.4240303371933,1.64609121916954,0.239301009592986,3.5448139097718,0.983061677711165,1.83953517870101,-0.779991251941921,1.62784767193827,0.0402487171802717,-0.765866587772587,0.394441133025784,-0.329265446540582,0.732769282235182,-0.788538770604256,0.990705713506894,0.933642678957233,-0.365899709637358,0.207347196197034,0.559649628066323,0.818552862513811,1.59832996704424,0.222752822774929,-0.879465446902448,1.31511328838947,-0.113127515822671,0.769151701887107,0.524429112685819,0.449224229123529,1.30858212865538,0.301889599758835,0.0185224392640946,0.507131968648476,0.502236305225411,0.233623420730107,6.41314677845148,68.1121705704381,2.08112820191179,92.5809895541906,9.31378769778805,5.53521645972132
3,25.8144938970662,12.1421787929162,9.23844108500992,94.8335724981454,0.617061603812635,0.774268884181824,-1.02520767050033,0.75148183213433,0.0475229502912843,-0.108940170814254,0.0522857827457957,-0.0757176635636129,-0.345112691347664,2.19664931576218,0.379576551957258,0.219538228908237,2.48480442714154,-0.902395481665637,1.53042087052175,-1.17828794528031,0.101234468429484,-1.04287862075217,-1.03807533181185,-0.934662461017115,-1.41990243014441,-0.500376161139099,1.1204224647285,0.619075418014469,1.07150526895983,0.996886204807843,0.620512816122279,-0.160328421384732,-0.503757771479041,1.24922259840362,0.700840014398278,0.454754057279563,-0.212148290041413,-0.870044072218021,0.990781809021721,0.735133413827294,0.204626552974208,-0.208229264403864,0.349197807986555,-0.991699652212893,0.571513839638944,-0.325863050343653,0.285433365756824,-0.0952089288372468,1.33897318012234,0.4823264707326,-0.449468784681957,-1.18047130210444,0.839323607848074,0.712287263846605,0.737405168138498,-0.225654101215037,-0.365924111847728,6.13967085449498,72.75303258852,2.24281549064891,94.2825427445755,7.77513305524445,6.03822161314745
8,22.3703485539763,14.4969138266781,14.9655535290402,86.999804318264,-0.699225169323023,0.204954031440986,-0.719742078168647,1.23171373696524,-1.61993041987071,0.499978956124789,0.175518013280316,0.365949515343969,-0.0059189436184148,-1.00197577114349,0.0644820205704807,0.680143342098785,0.413165301560153,1.74381902273397,1.00508487680305,0.380009077336083,1.07184137119354,-0.0722312462583748,0.0349557871431357,-0.0301777760269845,1.77123362445286,-2.10434254462615,0.635954574563299,0.866002697659165,0.31250317994845,0.33370325263912,-0.395975096383225,0.84781020427671,1.11015853945382,0.181104208843144,0.753699722932151,-0.0900582507839526,-1.59156625572242,-0.703341049273252,0.414542225691348,1.25081519600006,0.486991290790923,-0.444747116619671,0.942527544129562,0.615895581149819,0.915980492084408,0.639992136549418,-0.171256639084215,0.213520814357041,-0.206531738163045,-0.233340473363889,0.238974747738071,0.844503065047249,1.38776521964187,1.31104274534345,0.781995597738981,0.110751403814656,-0.0794668201207335,6.02473127500521,75.235925187031,2.15218571154475,85.141935484156,8.76679190152409,5.24087708725454
3,23.1825580186165,14.662104974179,13.7023700794596,86.5906092893976,0.309005155643107,0.740345353570901,-0.247900347910506,0.367123705157529,0.150464541630134,0.856392813704217,0.153975789385783,0.453044257114348,0.698003728015075,0.0041963319244423,-1.74371326542578,0.145718989885794,2.54726158938196,-0.404667762486113,0.278746003637098,0.397326964135892,1.64616878469741,0.037030500001599,0.583198524457043,0.0190330760320946,1.22877213838372,0.196412509508183,0.649071410958992,-0.61777750238773,0.279873489377892,1.21932154434769,-0.487017052019862,1.05261761533442,-1.51886934798148,-0.398120609964601,-0.446353306797983,0.200605505385986,-1.12612855539791,-0.251199089985484,-0.0241352125060116,0.455811661303628,0.605341554660534,-1.18765674436197,0.0554971253788266,-0.30465863001443,-0.107409423273684,-0.143072935837045,-0.57872605297416,-0.836848570901581,-0.718529536842902,-0.218507762624854,-0.138498833212763,-0.87155439255435,0.876477411606054,1.37045948597605,1.66841550082677,0.457323618333893,-0.171780898858368,6.56901758506754,71.3532298695767,1.91933476843948,100.501451161135,7.87809645222129,5.89436696754438
0,18.2713388801226,13.7354438554628,23.6372302917712,98.5718353982538,0.784504761809535,0.759128761070555,0.981035644053422,-0.089260361680232,1.75289074554957,-0.468070170272641,0.921640720875263,0.465491076824991,1.47460053541555,0.727466872417808,0.807501365170968,0.408325305975544,-0.191032129473176,-0.274558425480007,1.03557607985876,0.486693057055714,0.199613171361678,3.19429017664711,3.51887734631615,3.12559547697891,2.1625424410785,1.74457451582153,-0.0360339845958546,1.61718939097749,1.526946244615,1.73527257316793,0.319121758311343,0.370883270399959,-0.160686869059022,1.06878748921154,-0.201311776326714,-1.61498884294357,-0.74358848764587,0.587314911475911,-1.03312021554026,0.134419725174438,-0.353307435375576,1.2428130263194,-0.0230453333825672,-1.01233057607927,-1.49337214969566,1.87364884943379,0.444919213308256,0.598361227212905,0.960821033500755,0.0477753392075656,0.821584254606109,0.131632717238081,-0.794466540722541,0.35566247259662,0.533254617945095,0.459701269062968,0.601861499113765,6.71872954638726,75.8501331704118,2.28502289771803,101.20310479259,8.10451736206283,6.24084307642856
4,21.0536623257575,12.8860569854864,9.27413275509094,91.9680249908831,0.344859767540102,0.357993934933558,0.817665309298773,-0.394531333573443,1.23625371366469,1.04175339457557,0.506305950249995,1.24773295757484,0.365875150837453,-0.786860099694919,1.06531196089668,-0.771328805858099,1.59653943989406,0.442179047916202,-0.33781939065647,0.127775221974301,1.53643125931086,-0.0314651066394132,1.42163637362016,2.00230926295946,0.561924369638746,0.0885247181640783,2.31260156935621,0.506292753121108,2.37199068013215,-0.826814372579149,-0.674655408927327,0.599676079652251,1.15529421015712,0.459855252013836,0.671905482038289,0.726414521057363,1.08178511211729,-0.453937409610369,-0.132985650427629,-0.297130776743356,0.321075210535541,-0.174982447877497,1.40417492737271,0.523894458881763,-0.375178849548256,0.188885483794866,0.536082282468705,-0.309788961351002,0.935998313161284,0.627237865025131,0.262233001969191,0.871180957670646,1.93972923202502,0.405600247977304,0.8725477946338,0.177872643881331,-0.186046680899656,6.09564514436464,66.0354061057568,2.26573610508553,93.4932247045559,9.71014589772789,5.99434555817125
4,23.1373146299932,8.58842275099366,12.720427684641,94.0285496808118,0.676187552649612,0.489403800437762,0.239369551073617,0.0289486406892519,1.86397607390031,1.81684839577307,-0.0689472341548346,0.293056934666303,0.264055526693813,-0.0568926656780393,0.81170625973717,0.19228038911491,0.963844506183612,-0.573038744270367,-0.0511627846031029,0.913987114009591,0.809117067855572,-1.01106710036089,0.580658161273875,0.824135852364198,0.693508802035719,-0.0256662751387096,0.909681895260935,2.29814297474683,1.36455335819106,1.15585013987089,0.836625820301207,-0.955285150858756,0.450966448881344,0.513926852473725,1.89431071464446,1.11870127462025,0.697707796417728,0.0199717133152708,0.710382789028447,0.532650801939488,2.19942921860049,1.32363247974425,0.553019210679428,0.839187180733678,-0.414873896066198,0.295184098372521,-0.505501750487209,-0.550107451749647,-0.294757921551848,-0.63518264429727,1.00926263541635,1.30825884329307,-0.290234365179711,-0.973658932827916,-0.912943099966864,-0.273374622638343,-0.552167899269393,6.10936664233368,74.2338315031323,2.1137709901897,93.4794813913576,9.22656889684352,6.12915319843295
1,22.1511445993501,5.72862050202324,6.07043169741736,88.1297088999378,0.0472443007202283,0.513329915163272,0.374050123949989,0.429857226049413,-0.525982578895457,0.979765992671747,0.497326001619749,0.57882556919749,0.539306549720808,0.633443185393122,1.06452145869768,-0.314775421756468,0.876552336471586,0.413878801397881,0.96531295379651,0.20267075556764,0.714128897365275,-0.613114314184525,0.515094056956035,0.339923777568181,0.0847705527123648,-0.62821147482807,0.678680325351984,-0.331260910302354,1.63578902421636,1.81634859807857,1.31792592589693,-0.960407553202217,1.84181485519812,-0.40243911442125,-0.429987009528367,1.18962131120694,0.863847338428859,-0.152328266765042,0.0373144691869907,1.74159779225662,2.59008851497943,0.918740030245255,0.660822945565925,0.121356828904804,0.395979733366281,0.906547259424454,-0.494778525478898,0.832490012698997,-0.535711548335558,1.31555736367463,1.2713842917155,-0.353418506127749,-0.370189793997018,-0.528527129383053,-0.560201219003682,0.30515236964829,0.614513182422931,6.51015495927218,72.5691256542031,1.94476785967571,89.0899142127859,8.21213137922632,4.88017424810576
4,22.1510455440487,18.6429365809614,9.35012078205108,96.0326624760535,-0.148807888839946,0.600096089994576,0.883748697436714,0.100906371869803,1.34213809842264,0.161464132041915,0.498619549024957,-0.432354885143408,0.284132194856342,-0.504741747825079,0.162169004286825,-0.0303413207902621,1.13618355268155,0.292201231718732,-0.426552349661239,-0.38153894079823,0.0470849976214024,0.216241313263743,0.367214484473679,-0.265439613082351,3.44989149764749,0.490387829815337,0.20626203645646,0.865291117115787,0.973423937058347,1.78413272873964,2.01639150026656,0.608167194995531,0.0047916540248259,1.49826843390703,0.0291890283084202,1.2809510659632,-0.280697560444937,0.792921858356284,0.157089739266238,-1.18466627766063,-0.762295465726842,0.0004700957096406,-0.208868624262814,-0.120183095868262,-0.349442254643338,-0.447233125328652,-0.271367831552379,0.0620857755591223,0.100629603869695,-0.790654856954595,1.19335002337839,-0.594618221509824,0.230982437774209,1.1897867744744,1.55464427786921,-0.253852671704908,1.30496112586457,6.61193640602244,77.979286355653,2.01666394682114,109.265424341119,9.3029831601967,5.90784048543399
1,22.344269369442,7.54294094287336,2.60542414941635,91.5802203993758,0.236896338742901,0.67255233865476,0.557455759776807,-0.469049594702938,1.04892980818293,0.394384909939088,-0.001812629095554,0.146928558291499,0.141067958231069,0.435259028210604,2.56075758165939,-0.521277593528691,1.28861666225496,-0.247584092668312,-0.361896142982629,0.436377766825759,0.844602390276896,-0.0675427613330017,0.230374789941009,0.0244062412656366,1.04594910829705,0.463864929504267,1.10124639401989,0.832689569689227,1.9588854492439,-0.584329456029789,0.68928566503145,0.736062047933468,-0.252927190146938,1.28857607553657,-0.402147628438337,-0.286352079546646,-0.672452833594136,1.0419201813541,0.984847787788672,0.525433107063891,2.99690811925133,0.604561247638908,-0.481987103648208,0.464564266894808,0.3432152101761,-0.565810510174839,0.0502951552904512,1.30184172636947,-0.371297044258273,1.3729357619698,-0.88416531534072,1.11028651359526,0.615489156235279,-0.905166957675118,-0.92703220929825,-0.989168371542406,-0.918088843649774,6.52846173897718,71.143473488562,2.2910237264781,106.934622662967,9.17386088457967,5.27887072794848
6,20.0737091840564,15.2192177046213,22.9254934177169,93.1331600031368,0.600464782429,-0.299023109685312,1.70720256958942,1.34407639580774,0.690139142016061,1.41933854103791,0.631175770358966,0.93656056642747,1.527885306376,0.369000347849317,2.47426568367936,-0.0311649442147526,0.600597062745246,-0.0077007788042205,1.68529441604871,0.85571944829436,0.993881754468946,1.50208657810519,1.55232476753737,1.68808779892926,0.220312636716981,0.736439786526715,0.482112264579329,0.13863334946658,-0.220251463783847,0.355347073241052,1.00422708279846,0.078054900351552,0.447825603322231,1.44281115195359,-0.1581233000081,0.0105159335749028,1.28347558083001,1.20545539895022,-0.32153097856527,1.79199904448161,2.22471387586283,-0.534075535676794,-0.0591160510877429,1.09148679733025,1.20008936615266,-0.0327620604653434,1.02985688043346,-0.0725069478959547,0.405606908029186,1.21106356636671,0.447744906727088,0.927502987140592,0.0468134212224768,0.728947703194355,0.827118103418866,-0.498385423284196,-0.0566878970833386,6.47049855932091,73.3387194782641,2.388129279346,95.2186854633193,8.02152590988888,5.72685161089563
3,24.7809024542491,6.60432881762389,14.923667542075,89.4910563896362,0.120181076082794,-0.187319577487356,0.651069831753837,0.106925890991665,-0.296694276691517,3.1148683399183,0.0294149272374909,0.918612534284121,-0.725826112899914,-0.566534445091317,0.422968524550259,0.276797717554598,0.851976266804067,0.275830146165596,1.88171149497105,-0.568631907550115,0.715378862787925,0.150234572596993,-0.810506156212137,-0.65783325868021,0.583518878275816,-0.155238375294884,-0.630925482056134,0.164104685127639,-0.0243526749199207,1.37991961860546,1.49992387817506,2.53392784986882,-0.142858739319461,2.03253931295594,0.78636822325462,0.997235024820216,0.941932240104774,0.108704013710763,-0.806273843393997,-0.0637438039465502,-1.37117142469471,-0.487406772726451,-0.667922484669778,0.984684477582387,-0.0402175318782667,0.0535793413534121,0.554742458093353,0.718050282298185,0.50147068378679,0.318232119210656,-0.10351610809239,1.96755147527292,0.443109844338899,-0.79077263235027,-0.251975896198139,0.456032447397888,0.3312476888802,5.89196305370386,80.619343979331,2.45691045995697,79.796738317674,9.2681572738605,5.62227366306902
1,24.3781617859346,9.68923565152371,-10.4285570695878,92.5501618073831,0.121738303914911,-0.536628427459575,-0.808056638112454,0.203643462114445,0.314154256352278,1.29685816476655,-0.167366146118674,0.688627276822479,0.784065927185454,1.11786158454636,1.78826582489909,-0.377911828962732,-0.319213185707365,-0.13654896803633,2.55291750282876,0.605574994074215,0.972723844200086,-1.08863042691988,0.0694083387609999,0.638848506350366,0.832069580049133,0.329964361933915,1.88360606003575,0.667289847148523,2.52218357022997,-1.14394001416021,0.658633953483067,3.1101270259395,-0.949780122574859,-0.210941470831592,0.712326935464723,0.736055692182244,-0.474957258244294,0.657292782537709,-0.146765504006481,0.764140684698853,-0.197208242926254,0.889560345659976,-0.0389505258929959,0.575394788061042,1.66757850917621,0.119522184237238,-0.06989851419405,-0.0505231751835293,-0.462397054058276,1.60721306969458,-0.145098893587835,2.18426793286797,0.53763079195596,-0.286824472102326,-0.617971661773667,0.56540265356418,-0.780010389131375,6.56155355735034,69.6706045729413,1.96206560132982,85.1680713220757,8.9546076635016,6.21866846167814
4,18.2616819080561,7.89446922420527,14.9393830019147,96.6589489345853,-0.0160908878160966,0.622731824721762,0.806592005527008,0.425928648090938,1.26924416160024,1.07679612459036,-0.0313690300826795,0.488534695192506,2.31860237382005,1.40198493474357,0.890348604010961,-1.09596358482567,0.413055994803916,1.06598825590849,-0.56534342303012,-0.452935921496579,-0.829454437521214,-0.0240705170180033,0.563206046433336,-0.362331588782159,2.38604619783688,-0.0052598745230608,-0.22625031884,0.373282709940934,0.506178060458986,2.85232388107044,0.16861808353605,1.20279845869462,-0.3972966896948,-0.899092005090522,0.873659451249857,-0.28367423573356,0.621025870022488,0.390934011866339,0.985278804402474,2.00664762415981,0.400615066323092,0.495045266333347,0.304534719505283,0.211321190366632,1.65068442152976,-0.251956647227203,-0.0265347440631038,0.567668653375188,0.452124994518656,2.45504419715937,0.868596157111403,0.0763262728834256,0.315043047075023,-0.451812611486682,-0.0410409612173917,-0.31953838358578,0.519550881601527,6.0180621169084,78.936786262584,2.2339434669892,109.413748151542,9.04422360833107,7.04198170812598
6,19.9325756789553,10.888052456646,12.9107367482822,88.3815206440611,-0.167140403466076,-0.3699674053081,-0.776823318088438,0.360020748129019,-1.09965591202437,1.51325073880546,0.206214141629213,0.261432497470186,0.427270868206507,-0.121556943034573,0.316433137896312,0.436274311923811,-0.150885714959931,-1.01297473456681,1.1031420052604,-0.199734346893812,1.1403537531191,0.464087338828181,2.58480591506998,2.88248954673692,-0.916591608729778,-0.460720905025415,1.05660798136297,1.18020776546892,0.258535700165459,0.409171407903429,-0.396054365895966,0.0621699416238325,-0.0706642182384374,0.426644974882517,0.715689295606499,1.66818940792472,1.04105586963807,0.739832190680245,0.463882441271412,1.34393631008746,1.52165966086653,0.497495411646317,-0.0942987576304023,1.1124339858612,0.676655209527081,1.17651737751452,0.433887729940654,0.253785114998439,0.646500033067834,2.14227529000918,-0.138718650571019,0.584801261387683,0.874621787802713,0.227398173989833,0.714086795397492,0.605055187568903,0.849750419011328,6.33959639283737,76.2952318304985,2.24153090501692,89.734455489284,8.90685796968724,6.7028172903541
7,20.0417581077272,15.490818645777,-3.58637626391719,93.3164511170923,-0.394172990112911,0.595413466304977,1.2862748482635,0.439751078884034,0.969726784792181,1.12389358687293,-0.290359633461126,-0.553433395695916,0.814193335198335,1.07915624922098,1.89889669687222,-0.401377007086516,1.48797921926256,1.37718283805959,1.47035306680082,0.130919612555278,-0.372331780849941,1.48988861552222,1.33068010759201,1.07651698221984,2.97016187607517,0.493877309613278,1.24328078997723,0.595063765217822,2.39028155113771,0.493693781950578,0.705395602110469,-0.0896176638423892,1.54423298231312,2.00368550146368,-1.37188235208256,0.0238581045615371,-0.0154119532357651,1.74192279993335,-0.0706135511245938,2.46920372319577,0.904711376651984,0.146943942414507,-0.34248894154618,-0.0855307860579045,1.1907746253404,-0.500487929836284,0.819668650015709,0.261200760330749,-0.0275155228654262,0.526086932943048,0.190044160029578,-0.674710114988335,3.35268104926477,1.82778456916611,1.2310765341758,1.17887420279879,-0.715354080821114,6.01641363293946,70.2528617570281,2.09507299410226,89.7200090675303,8.15129594544146,6.47894946649016
2,22.824861300254,13.3494443776672,5.07261681563131,90.4680808291265,0.856607159117281,-0.135459101667589,-0.359363849103802,-0.578810508981078,1.08323896525233,1.96028461558496,-0.391069398940772,-0.0262955834432629,-0.125300526472566,-0.346400984944257,1.29414097409135,-0.0226783809787641,-0.127747122470333,-0.0895194770764511,-1.15055047451987,0.567970535382208,2.59780505085682,-0.869021657064784,-0.751013031348329,-0.409686493374314,1.12278778154135,1.16662725981002,0.0839651311402876,0.462848058653354,0.0543601258407664,1.67846065758512,0.744451420379097,0.479947905626015,0.693316034286342,0.993554948077577,-0.571441448894904,-0.288857929282049,0.473081621074432,-0.569135529738184,0.710226655651822,1.5542637997151,1.64100526494123,-0.169700659199237,0.0690505692188261,0.150146400764381,0.868560183084335,1.05593872173183,0.81346336965597,1.16726467690476,-0.131990846207989,-0.125903889601934,0.0450230551648408,0.26574173813561,2.39890612251805,1.93955767159833,2.0174687355055,0.131348613670516,-1.10741864173098,6.35863041303706,78.4250010132859,2.06804589413625,100.054727067007,8.98374468621904,6.2913579870348
2,23.6206822210063,19.2664528874653,4.45130714533975,92.3431571380024,0.78795607367097,1.01145246900452,-1.41660116722533,0.309264114959884,-0.219481345171592,1.08274009086327,-0.935598388836405,0.133771078634577,0.568042092627629,1.24119387349714,0.197666737112631,1.03924999486732,0.223215261282762,-0.790100824269228,0.29623541143401,0.40660794214428,1.62315145082094,0.983850539568991,0.744414435730059,0.777971231651912,-0.496573629665772,0.964322533794733,-0.773875923042364,0.182719968558417,-0.0621839718136684,3.02133985158658,1.09635748108412,2.29218307082621,-0.471539990019442,-0.783245427605132,-0.229502334894294,-0.0582948605193153,1.29295776467676,0.0227677206756852,0.16216194395546,1.78730116254051,-0.0490747542265744,0.189261614898437,0.5938295525427,0.555998750622303,0.22932636808088,0.956736699742994,0.346477287520996,0.6231851348199,0.163575912522486,1.38210600103828,0.278860433893313,-0.548902244772046,1.68723183584517,1.77143679029384,1.64764522103387,-0.337110017932109,1.59586628924908,5.93432309718922,84.0674722273299,2.03088116000155,94.9495039175932,9.40549588811452,4.89870413314441
7,20.3590972286976,14.4602983849405,14.2336414275708,88.6332469295232,0.897380841910084,0.564929358755387,-0.395914735110869,-0.649588884417993,0.906525482984453,0.424257963723829,-0.591248276248857,1.32970356455462,-0.101596470935542,-0.607066203708601,-0.0982793126836492,0.838699985478222,1.33284053931352,-0.472180446122067,-0.840168196670448,0.865268467739706,0.758974537965403,0.659226691472221,0.792367116412108,0.505569976258334,0.26693034562918,0.0648929439322722,0.660920270948488,0.604683236129822,0.471630263328464,2.0317905420172,1.69030856890046,0.47171617014491,-0.834774296750567,1.90015602703284,0.35832093527799,-0.616668924642259,0.191275611001686,0.442146730295003,-0.805793927352916,-0.932075449441596,-0.908986892486827,0.359610298123873,0.298157163511082,0.36674883095782,2.14290716050038,0.219266957611037,0.307348050507292,-0.172509582513097,0.246935992318489,0.591826134056078,0.778744082429518,1.0583168547968,1.45443176889836,1.67911422514469,1.82251637277368,0.57581954471141,-1.85882120257229,6.52192007018235,80.2692708328988,2.27597771042298,82.6953222013355,8.27734646932947,4.84488330001258
7,22.8368475310051,13.6906840302457,9.297979201385,92.5252671439672,0.309790742254049,-0.0628919561956645,-0.0996053984316608,1.57789250203881,1.31273162136547,2.01822647808065,-0.0574427392904511,-0.308029171188392,0.681811586895594,-0.281581239173508,2.29979982491909,-0.178849878390074,-0.179155232819833,0.641273324297015,-0.560402677093028,-1.42703355810182,0.313339866610743,2.31911064735504,1.52361547314498,1.46680283498657,0.812256481091133,0.0094049202710836,0.382684433282175,0.507055846086553,1.47457795532142,1.27990853482922,1.89471497184151,0.502317099109387,-0.109081448359917,1.86508181188151,0.201998774384373,-1.22127794979118,0.733433657626627,1.02554486243153,0.558162287299877,1.95596599739482,2.00124630250515,0.14646169285778,-0.990034659489956,-0.193875934435645,0.807454513405239,1.32728531588238,-0.141197861443313,-0.0006477696086235,-0.0164020860181553,0.616446028379136,0.923885297760565,1.93369254708538,1.71341096739429,0.427679519462427,0.344305718607772,0.0649190473169398,0.909917977681148,6.29834082915749,71.5433908601459,2.48117212966567,101.442464849784,10.0186152801173,6.90054819593452
3,22.2999282361722,12.3902882775267,-9.08785770070204,91.1244554382287,0.720146793535684,-0.769590656549349,-0.34342269722026,0.20898200977561,1.45811955083704,-0.237848867712572,-0.575377491679558,0.978194142895613,0.128958671268629,2.47084028239179,1.16605967953944,-0.433572024223942,0.70080479591711,0.0546691169823108,0.438475760526836,-0.0266567994391745,1.11856885948208,0.888498980908459,1.00828488922784,0.943030094122686,0.183070867813587,0.320315135588211,0.72273403749837,-0.342561665563649,0.92131886035046,2.21489268215206,-0.33501443992273,0.907638013395529,0.254029354363585,1.39756761218882,0.517806099827102,0.420404838817976,0.290331799214945,-0.738301380695271,-0.26346773802399,0.697852750016599,1.58389217527083,1.53265918428947,0.572996099642413,-0.276933302576532,0.336191757477221,1.41288052867874,-0.0855452673571972,0.103867726771078,0.528762740519638,1.38262437508953,0.581672569165412,-0.25564074332485,0.278764704900193,-0.0601701389864393,0.405959929213574,-0.284837215037638,0.0901831455663009,6.73266422011645,78.1272176887014,1.98621385516621,90.4742870664347,9.23619471093069,6.72560189734916
7,22.6459825930279,9.97710869784435,10.2414010043097,90.2899584347005,0.661015918590869,0.677007849151511,1.43165869005045,0.877121082473006,0.265997189933405,1.62872031625104,-0.241598760294836,-0.410666072878175,1.32204221194625,0.439927786952688,-1.19257248971645,-0.766359437396568,-1.41850759178544,0.115257245731757,-0.498203968535519,-1.04705566618719,0.331276392766188,0.5687537536071,0.592198226805725,1.01474149100239,1.32865732373421,1.17069157131786,-0.769732298779815,1.18715302125498,0.854243359513784,1.03238604572746,2.06922222013267,-0.254928380273456,1.26219866208173,2.23820762815485,0.28028140066275,1.09518734466474,0.327171845444634,1.63836220148057,0.293906271093936,0.870990293437939,0.731263343851187,1.77381306539824,0.299306412615136,0.51003512743381,1.54697965685924,1.13420026101036,-0.115903166886095,0.359854483283061,-0.283786747922691,-1.64237752002457,0.0104867923462492,0.313828206306017,-0.757039508121317,-0.663232244578766,-0.489647286477579,-0.172237479518067,1.00514330866279,6.20493401563061,77.0611878836777,2.04678892109256,87.5903312132169,8.50870699171209,5.25039264845601
8,21.0010802123813,8.38871781471453,13.5775324783999,94.5279057727875,0.20286338000219,0.208853824902765,-1.08268851437136,-0.319887985034716,1.16479277947771,1.65162559542992,-0.321881271717739,1.06016656072573,1.13555472049761,0.186831844870713,0.90828820332809,0.0488829913304259,0.793431243560176,-0.133914820140187,1.14494562460824,-0.427790303812684,0.753429581383735,1.29598252231202,0.170496610213596,0.222624992580631,1.6199333049461,0.442480099366073,0.493176097895678,1.42839148124589,1.61462551054824,0.480210981217986,0.597675336892545,-0.0726818926664166,0.619210825694729,1.02355015395936,-0.285659407275399,0.409276412998316,0.800145804672704,0.723570072631333,1.00020209851903,1.57771750434412,1.84780551013515,0.407675229956169,1.06095632798089,-1.58342182111103,-0.0811669139051157,-0.506333863168515,-0.425925857223774,-0.167941537800591,0.665637375157875,1.99892223397719,0.0816657372808938,-0.0990788985013374,1.27303916043173,1.13877788805682,1.2267052809667,-0.0020771884991521,0.934584761937775,5.95072228834428,77.4799447659534,1.96276496507994,101.082485797166,10.2943458381168,5.58779883116129
2,20.9512022108376,22.7080850845259,-5.21710175025535,89.3782896208192,0.449157139639125,-0.0513259154093321,1.31389880128428,0.851388403908183,0.0309577716010369,2.45132336969701,-0.179832491237562,0.298110835573946,0.993525487485561,1.67489121902631,-0.413237398186872,0.416247514656508,0.49891656840753,0.587907999757164,-0.0078434899454547,0.669905878945999,-0.9760829379687,2.13638983180688,2.07810627450934,1.69205484180443,1.38927661056932,-0.99361692006298,-0.31800558623997,0.386847874212521,-0.537146988584355,1.22663260455895,1.55242266109944,0.0458802866122707,0.622052679956302,0.397503497845492,0.664613640521421,0.262781705704807,-0.542146726217025,0.606315933192608,0.532332469266364,3.12352508040972,2.22610984055657,1.83674951256598,-0.24714077910008,0.256916801820388,-0.803496568001995,-0.0583824886581101,0.537534372822062,0.759769720231883,-0.659792622775194,0.677674671178025,1.57508648978866,0.846291280541349,2.77884619774939,2.29150143281801,2.24498089518261,-0.204170023725893,-0.681505990930597,5.66017833156793,79.7687095478918,2.14851063740612,92.0780572679797,9.47212047577192,6.01468723516032
8,20.6149362256076,11.600240925159,-1.89726303623539,91.3770054335117,-0.160104423793819,-0.235061907893583,-0.347661195744468,1.10464625581229,1.16885521365839,1.32144047871769,-0.477479026246482,0.428751727065111,0.016142399991238,-0.0563969323015159,0.171165781137872,0.247923246530912,0.989706220586346,0.372483232886259,1.13853003133508,0.409188475045548,1.68396068196445,1.25389846954108,1.30190023524334,0.936356414767302,3.34056040605539,-0.702318062393786,3.06467905419715,-0.564249487033828,4.2489903874686,-0.086853398308365,-0.360876039182594,0.363045708462093,0.388675251204689,0.846880685898099,-1.19984081517971,1.22274675861306,2.02828984982346,0.0947807222578797,0.0377255271270352,-0.526793373357031,-0.249932028697027,0.760061883419016,0.651164626900691,0.904940584395481,0.103875326820623,1.44013651802038,0.566059225566873,0.766010277880689,1.37641387547231,-0.620303116982506,-1.45315480443715,-0.0327444688196376,0.983608417905375,0.696730781624862,0.228962212674329,-0.137621584090374,1.157901085122,5.77229235703519,62.2241562060186,2.0212323810539,96.9887775894614,8.43599380181443,6.40290532519054
5,22.0414304620735,6.99121932222224,-6.04483400845477,95.0316716308173,1.10113765581797,0.167474954081562,-0.506421104328175,0.409475345832264,3.186668249109,1.16874352461323,1.59917222323814,1.07644485019632,-1.11985447685884,0.431481115593552,2.20036816441309,-0.582441224301003,0.178752922163952,-0.159677485274172,-0.152131494858168,0.506999601557741,0.296629782581485,-0.370933027113589,0.948559416560943,0.201153033220431,1.30040494186761,0.916514308216971,1.35806633484682,0.122644759657707,2.11964837607798,1.41812824964689,-0.749896498201201,-0.848623532028804,-0.829326265174716,0.344768397720896,1.27506268518704,0.89802667086829,0.585326448304587,0.0915278429337697,1.00769136091996,0.367315528369353,1.08407482872721,-0.0192938077870393,0.688272268445264,-0.0699005440090547,0.0156631230345156,-0.406503991451631,-0.0836019032571869,0.92507512333115,0.807019237673948,2.1970964018769,-0.178211006045718,0.413810876810379,0.296177952556037,-0.234242473139533,-0.195805389201977,0.280630884288484,-0.0527521668102565,6.77429967219712,72.1752878874125,2.12805533190298,109.283851281556,10.3997703245969,6.63484171313637
9,19.7022561947808,9.73392291222189,13.9545372682306,95.2782899965166,-0.210691396343626,0.5315952106595,1.10612603185967,1.05007513897136,2.48346031827758,-0.839322077008388,-0.166130069500681,-0.827136778233554,0.100397416460179,-0.296784709408713,1.18603334818405,0.861981909919287,0.64474104384186,0.376508805504689,1.44088125838822,-0.0467901651933241,0.495906677722885,1.24388226593456,2.89782402400549,3.23210830708359,1.32803726866242,-0.915165044603966,-1.0334129523945,0.391781053203354,-0.495837884806073,2.22143027669701,1.13211218258275,2.76989448277129,0.528609200297894,-0.670301227983616,0.626609707216331,1.64483007175181,0.0051699070382911,0.954567476809727,-0.398107595443406,-1.16801791610519,-0.65519364841483,-0.545890007208137,0.310619108632744,1.07826944776684,0.715143684003425,0.99070120353908,-0.662210380084689,0.331412510076685,0.325547437320041,1.35815587791456,-0.160864773647865,-0.0397550063154834,-1.05087847680425,-0.190159413651332,-0.55682936067237,0.476296413345705,0.317695454933061,7.12368925867626,85.562215137344,1.94973393788603,95.1288645677685,7.57958563948859,6.32684344441237
7,25.9784287926832,13.0466858836225,26.8007618651894,93.7397658659557,-0.694077226761074,0.538402850391432,1.07788942092356,0.60065599658517,0.181265010581467,1.21921943940391,-0.685074704959799,-1.14534969823817,0.596660983542941,0.751416636553328,0.823163131360806,0.446985761216566,1.12260856685053,0.217064783074682,0.699763771471811,0.925004022646335,0.821025494203289,-1.13922252358381,-0.696746607663944,-0.414173909550055,1.60000159360448,-0.0810041907569762,1.20584157402129,-1.86259091589014,1.03370571818322,1.35239316570827,-0.0354769745962432,-0.158898998713346,0.538393915112442,0.722114973182557,-0.0957397638851916,1.08131394818388,1.8734129016196,-1.60838670614789,0.260177527067517,1.24907747421579,2.25783154124383,0.982310342209605,-0.231452222712383,-0.143300716676281,-1.86855991493198,1.21907158332488,-0.0313879918949892,-0.752041989862445,0.838724806775718,1.15235083707199,0.962255535351321,1.91466757335079,0.665912183668564,0.247749534376149,0.541851598708671,0.263758660832292,1.16271304808501,6.70638082172252,72.0157367843629,1.98795562805939,86.5465156551231,8.74927580309418,5.85592400700592
3,23.748166425677,13.6831926055685,-4.58745776024965,90.8416048208884,1.36554846238136,-0.344918187245344,-0.326847917353469,0.328224856821313,1.41745710354955,0.133559617652241,0.396814151747286,0.339493572316016,-0.09008494492005,1.05254379268429,0.193915799810052,0.441560171660379,0.598475020040046,-0.342993055305562,2.01204084528448,0.0759881788399101,0.698422099198466,0.29387707052946,-0.10789546521586,0.372758897832645,0.396573386828551,-0.653966713133112,0.55846734994251,0.0024386722998088,1.12827919577507,1.35646574721027,0.347450821511714,1.94415355547217,-0.290877258804823,-0.348715413373129,0.839644502276082,1.34865265805079,0.52597916279851,-1.4989575757743,0.151467693134121,0.482425962492096,1.39195681522214,0.783426302418048,-0.326244154987478,0.372188992133013,0.808593873220998,-0.628969499821996,-0.466993175567168,-0.073426059318212,1.13955085220497,0.994260834327789,-0.096157591523523,2.34549246150958,2.23861002935928,1.02155953424906,0.758699551151812,0.943672348007851,0.190247510160633,6.52320048833509,73.9159087737329,2.17875899762815,83.1602452417633,9.48373399791504,6.57239493688899
7,21.1386273869414,11.5459343419916,11.5012461619229,88.6757316399797,-0.475483617248354,1.07648208421098,0.196533967975095,-0.494522269305183,0.157159282644133,-1.02926820366451,0.926512554187863,0.587151842395939,-0.787256052490689,0.643311189166008,0.764526929527748,0.0828911176088125,0.0339481048321175,0.89797176509241,0.647543787602568,1.55487439520493,0.213297706819685,0.179167777953261,-0.329367693290592,-0.104735033144136,0.620648717239697,0.30559131052193,0.149954240171581,-0.136476786075552,0.318583427652335,2.19644174160458,0.609230016333566,0.111573022225947,-1.32303293602866,0.706725628389672,0.706140623042637,0.296056477139675,0.107718522708934,0.0938595092391394,1.34258456353726,0.239199479419616,1.41534239472518,-0.241772608638233,0.585871645710122,0.663674525516058,-0.180053105960575,-0.0660155944245297,0.041483714504113,0.376634527476544,0.791167669141441,-0.227126915880045,1.02688628971334,1.68323205706597,2.11680952909017,0.0026760215548689,0.189326124045827,0.208843580079381,0.837899260154356,7.0547540618383,77.1638996959087,2.01126354342032,81.1786822366638,8.30847862751946,5.62308959781645
9,20.4211682665576,18.250943561455,15.2430165742111,91.2200340829192,-0.133257722738371,0.327481232541909,-0.0361229148288814,1.19079445097442,-2.02917935791447,1.02676787332381,-0.338315037095081,0.366030999562011,0.5711599318182,0.406549670049042,0.547053567383303,-0.62831779566532,1.53111932073254,-0.102557241139176,-0.543060332574892,-0.0001250875191883,0.333106989284412,0.359120550380853,1.00599762040656,1.56818516948923,1.3399996450025,-0.200673492500858,0.796372036262782,1.16726684690294,0.660279158703277,0.917516714386736,1.16750544457715,2.34803275223,-0.297279623289827,0.135351995414646,0.471521352982708,-0.420988114101738,-0.143457202232447,0.117082770462091,0.551408185075348,1.41532030360231,1.44439222102164,1.09850103441116,0.140584060376348,0.231548325159775,0.662227787431951,-0.323524545803203,-0.605115704731448,0.204086192646276,-1.01883738222471,1.95219067724483,1.20109615878644,-0.785256863235323,1.78254167553728,1.57921616754833,1.62152246691317,0.670409802081426,-0.491853920505409,5.90704633767882,79.1476990835796,2.11987121027397,89.0427924379894,9.72647193179199,6.2405902554454
4,20.3109011525861,12.78789713879,11.1098728300626,96.2003567039322,-0.142281841392074,0.922575493266909,1.43927335144975,0.370954257898592,0.896039190168756,-1.63654103177921,-0.451559988112711,0.0102709391234024,0.106565174243739,-1.76771659839976,1.04911055700686,0.294765594291651,1.77031336332494,0.0197289087023316,1.42109937128551,0.764760017701397,1.2151806004602,1.12619695471344,2.31738113387121,2.43173591984287,0.192982376295901,-0.0577307081755617,0.522347270587878,0.31829554743354,0.687659032174152,0.284096211502016,-1.11949305702664,0.9439758476123,-0.0004991782990457,0.58820265136941,0.221146959721979,1.02789622545901,1.69695713720486,-0.211758434187459,-0.480775603910275,-0.89943253644295,0.897517879629663,0.450453503561807,0.0069136939837165,1.56229003395547,0.17100307966572,0.919843341653493,0.376723082021705,0.199520467877557,0.507494297509247,-0.772161645124026,-0.437992733417629,0.706011955911551,1.12066684857482,1.26590739084478,1.19869199228613,-0.359557608547044,-0.0761071791825175,7.18212518771359,72.220827875744,2.16767762348089,107.902919180423,8.32199230940762,5.19443351868475
1,21.0870629354546,18.346823525576,2.06716096644204,91.283704943439,-0.537147281096056,0.4215988373005,0.651210443337117,0.652936153654116,0.141426157952992,0.401075000235431,0.185266465155074,0.798169200354755,0.11482379630918,-0.54269682850876,0.303275545713328,0.276244992618323,-0.488942417324195,-0.349891913119666,0.813185724705183,0.43554739903459,-0.565493229868658,0.512842778511058,1.05774793588366,0.909211566093201,-0.829971786981887,-0.0963173856569167,0.177509476828528,0.28236153641904,1.09357918746129,1.21005400491847,-0.346191177446897,1.3368322185425,0.49633992540287,1.00330150286568,-1.00972587880319,0.765090204030416,0.373339559632539,-0.239640080054599,0.298427770098998,1.76446967472424,2.07119425555698,0.283972386581211,0.576446146445303,1.49531442331972,0.609205012578958,0.765584090443933,0.630881756178767,-0.510697409784381,-0.16321482715706,0.0476597963966375,0.0826415787829683,0.446604545651473,0.626680050357795,0.020341044312821,0.202696067109337,-1.12476409386914,0.495954352820907,6.21406620189204,73.0944113735692,1.89040792398816,109.059622089485,8.19077451396474,5.58083543221061
6,21.0530871862829,22.8287803856549,16.5984510177713,94.2453923325716,-0.197809567613942,0.599085285271669,0.367608685425073,0.414167021038114,0.491186387459152,0.755762023025785,0.325283593257889,0.597528380955751,0.628627061575749,-0.414775689773109,1.5417111124885,-0.377220927835267,1.61222366387696,0.499619587686004,-0.308650030058381,0.0670688503617621,0.277163864809671,1.55224331788637,2.25783855412599,2.01580892758258,2.34313517509659,-0.312883049065119,0.296696161926973,0.890824394167619,0.0599663081103081,0.336517962171796,0.78896240963076,2.6355588240397,1.33672291571378,1.52133077010892,-0.180967189612515,-1.12764000440314,1.63727568943613,0.90307175490918,-0.482930009587451,-0.762143855115272,-0.0635378884860951,-0.629432676635969,0.122014140189341,1.421616274126,0.729930368841494,-0.0612176446555786,0.0792134525079163,0.285728374535589,0.182683203606903,1.15875912144458,0.748956265155043,1.19244955507268,3.07785093379193,1.13175888378282,1.30681039273053,0.577115020980357,1.56387611949238,5.98540833735476,79.3810519086379,2.12619244628199,103.118755704707,8.99267830673145,6.29395408109054
8,19.8993581259945,9.23697606281779,-8.47428468528029,90.9701780952041,0.668300705899837,0.104773134811661,1.24624074255706,0.449501594675034,-0.413533080372183,0.697293502125541,0.0898043026076801,0.928735080241135,0.327456226992376,-0.240640569070615,2.23579128866007,-0.0194190603721445,1.62377495425105,0.731168035246132,1.1774174612326,-0.185598969546277,1.32825547779214,-0.582297757196613,-0.879660191290971,-0.211460022174613,0.399228847688858,0.583244049208998,1.34391838279755,0.98715362010484,1.6013134013953,0.605861172320451,-0.554627650992335,1.66379593470283,-0.674001707816246,1.516413957503,0.966894374648337,0.940537857163907,-0.493422973046031,0.047655443812722,-0.189996031638311,0.901654154301955,0.851760351214342,0.520813143698481,0.822183989969917,-0.0839725190165201,1.0333216342307,-0.331029311252767,0.296791854858944,1.50752960188213,-0.639965456432605,-1.20142847319029,0.365420021752619,0.842216822466994,-1.00539802849386,-1.01511555113111,-0.777342492169605,-0.0732133248027694,0.416432983836971,6.71020573640481,69.8273841431623,1.93737252371112,97.5938740130225,7.68104702342666,5.37569158644415
9,24.5027457951177,13.3756777187117,7.76552755396351,93.7352391908662,-1.23692638265724,1.47819372278142,1.54789924321761,1.19626553957861,0.783852153039964,1.00345757031888,0.546008392750656,1.0987166588866,-0.234180411618196,-0.0688460678582073,1.26868857597171,0.531240340201109,0.89303600468678,0.677246379804159,-0.56352979016877,1.7703455284678,1.53822391287516,-0.402229687835695,0.0243342655852715,-0.304693196564013,0.45402802955081,0.0412144956757752,1.24706141692277,-0.223450367688148,2.24084651800343,0.661723297187673,0.729651448111999,1.33749731260632,-1.44342506191901,-1.44443673569993,2.12600744966433,1.34389513043392,-0.685847695699533,-0.0090922418229804,0.225373597027358,1.26376238952381,1.23153680425519,0.603801311377511,-0.494509808463164,0.501630084459923,-1.1146097538334,-0.208552301823959,0.594059549753834,0.113910845940795,0.176415580083867,0.284130838143079,-0.366244681555369,1.00715914080199,1.94218090833026,1.4145010783031,1.81150774763129,0.403187669793229,0.211606232365762,6.3483580956957,68.2746021226115,2.07145130279157,86.5341486547857,10.0684631280004,6.08162802313716
0,19.1967022644886,8.21892279144517,24.9996283710487,92.492934086596,0.698854915320309,-0.836863953275693,-0.124233638987034,-0.31151933264759,2.514475069536,1.47843735669988,-0.451840922155238,0.12212121363415,0.718255855590462,1.19981598639339,-0.817918637540686,0.263185902671916,2.08896316185422,0.260065685761555,0.430225888811007,-0.627098047251727,-0.111538819265717,0.836397507819358,2.29991823765661,2.1717192627351,0.583649017778972,0.004067668638004,1.69278534578139,0.96079948400294,1.97735355234087,0.0583725948131221,0.905549026124806,0.656129828462155,1.55612332842589,1.69982704254466,1.90878345517462,0.572934026518279,1.33533064622457,1.20094279441448,-0.901812577278038,0.129772330796092,-0.439440468226441,0.167741610944223,0.494743034634632,0.546139534570621,1.32467732635854,1.00194072584626,0.0692428380386018,-0.928375467591411,0.0593924073935254,2.5181230615317,-0.0094444392747856,0.650999121354996,-0.216940203039259,-0.528346755526008,-0.490992603589641,0.259187570689151,0.0494487577483692,6.5219491567435,73.872428643223,2.08096224940238,104.613094714669,7.8616382337471,6.28197091814157
5,20.8705470380217,18.530248015158,26.2349576138845,90.7423987448922,-0.345515854570817,0.631468090388327,0.496628756475392,0.284223540237731,0.103666103130254,-0.0430288989006055,-0.117141385566407,0.554650562316132,1.39211245496683,1.30818448450685,1.07930704060678,0.719172650186538,-0.418755866369633,-0.367126530358568,0.473570490424195,0.146399100348663,-0.222188609284949,2.33664571515911,1.88585806650547,1.57921308143029,1.40375687617136,0.113150587445722,0.0731413980044992,0.016504904142165,0.471708125186649,1.15454763252666,-1.24268227643752,-0.984945074337055,0.946168061721336,-0.719412476423437,-0.140101258785951,0.561235815236777,1.6748892845277,-0.406889251109516,-0.293717660511525,-0.843724901691276,-1.01125803577821,-0.825796895287926,0.584938985567617,0.148395046815249,0.466815019847678,1.21788793019633,0.877966377068714,-0.180587745337551,0.208642469859628,2.05660700747541,-0.96985360102082,0.383876773018565,0.49475185674095,0.826306933954934,0.887269471044492,0.114557911109154,0.0632416692279004,5.94375192410187,78.0734041833314,2.2352160169486,92.4363561570498,7.97943654875341,6.33267793791523
2,24.4484025334383,14.6309598972929,9.90865188109167,93.1978078436792,-0.719249941046038,0.547612847202769,1.45489258408329,-0.768551675433513,2.55626843387595,0.610670934757564,0.232189281397669,0.0608951127495091,-0.994229909069802,0.637808954555429,0.453212313370367,0.478258358658081,0.0078465275209399,-0.538830606082612,1.33347809429415,0.80414282338514,0.293307407689913,-0.780739650451695,-0.79827190886216,-1.14036093158491,2.33176759970095,-0.879016274881957,0.529663933351841,1.21177276574195,0.635161775160447,1.07521621501697,0.776286326358558,1.3130715410309,-0.428131075972795,0.748438108828677,1.31563621729348,-0.425593655935336,-0.0893919915690233,1.34329709552315,-0.433117880807316,0.240605003493654,0.658853191986855,0.641112743481985,0.0914343981655,0.0371598256033227,1.00226237661138,-1.3608831556664,-0.110464453342375,-0.377931993742206,0.295655645649689,1.1520716366134,-0.0735938275276307,-1.12990913132967,0.363709924278388,0.35134964406469,0.773358198030009,-0.738856001395353,0.234537852253731,6.37604737683757,73.4549128242381,2.17900844084824,92.4377104662829,7.47514228620303,6.0447892048872
3,22.18199003397,10.9607660593174,17.9574366978517,90.8833621404816,-0.567823242916082,-1.35537778110062,-0.776907415070252,1.46675425683159,-1.2272110546893,-0.152059019338571,-0.432118513495837,0.584873001308152,0.392689086961581,0.950112114125192,1.74860509275901,-0.205646059842981,0.426845047729866,-0.285752308063976,2.29711333529822,0.176375755650626,1.31121669000611,0.277658717413271,-0.349787109751643,0.162128970613917,0.843220074470609,0.203358604972781,0.440095275051426,0.30141593729497,-0.433883495161778,1.34759308251795,2.95818549817874,-0.405352023633167,-0.141455594296845,2.91003588099536,0.690034990711011,1.5896493986481,0.446008875449626,0.382349546317724,-0.253662666092713,0.580739933369435,-1.34233563962603,-0.10373891416508,0.542309742379808,0.163864854021405,-1.53893950208137,1.51300326187526,0.28841553693506,0.719889635419998,1.18717956857098,1.92580210419146,-0.31703577967038,1.31785920799574,-0.889731109543151,-1.02001569363637,-0.978036884662328,-0.000126406278485,-1.36106568282709,6.62479927072596,79.7162701834982,1.98700193289944,82.8428959453494,9.52811442826991,5.06759506820943
3,22.7501735494392,12.4603879633031,3.3461663201927,93.7036211402248,0.523831160925232,-0.0881985201656232,1.02148164468395,0.556401931152451,0.99847397892846,1.16554050342134,0.780183045462517,0.718987371329587,-0.399005681566164,0.63871709742785,0.922718734727421,-0.317243536597254,1.12346108371326,-1.65579407090278,0.270279639564633,0.898248779097682,-0.0197807914577499,0.923913624340829,2.89438096683147,2.48290626711867,1.58693826593596,0.304914816673497,-0.889033743222935,0.381837402391776,-0.3811011339744,2.98633533446811,-0.177724832612739,0.468847681909294,1.3411683181304,0.893513295071085,0.369658824047276,1.3444658257875,0.429751643027358,0.271276952679527,-0.400259348456386,0.160202872275099,-0.714821190076116,-0.307041334919184,0.348862884477348,-0.153933554966209,0.238072970959304,-0.722534767786189,-0.449331215771262,-0.377953210671159,1.45713344343579,0.604872087715728,-0.358680060368494,2.00050198147467,1.79214520281122,0.346273619089401,0.520743928402732,0.535289454816791,-1.12721769182098,6.86245246742368,77.2513666398981,1.87225871005954,102.877396474257,8.27140588031932,5.82223556988611
6,20.6207488362973,12.6811674154562,7.42824390595914,91.235386550944,0.98871937887784,-0.137776033226322,-0.66445792573955,0.187553683674932,-1.1420915175551,1.47866381638551,-0.411259218988034,-0.602069272827208,1.65152993938096,0.651400318920938,-0.165088934600381,0.299702810696842,1.82642416343714,0.778517971198701,0.791103766644825,1.2240531503301,-0.866214120376834,0.296839758687299,0.319500592292451,0.515696608679063,0.619148195863563,0.286154480674766,0.526802592768438,2.21499313417961,0.721718645884992,0.806341106433095,-0.0322767592810232,0.37630058422849,1.83737591114861,0.0158471926485668,-0.145083530356925,1.05471713955195,0.980833293063575,-0.180820038969746,-0.158440520057829,1.35337056428502,0.990419896088114,0.889476904021176,1.36567482855062,0.0515072497709815,-1.11994763259151,0.73339158177529,1.01941455214373,0.411897027505315,-0.846811980849404,0.827910624001126,-0.700882584219581,1.32874973343723,1.17450776714865,0.689218532061996,0.535383267552103,0.465376346606994,-0.371981617933654,6.27831003661171,78.0786717924931,1.93646013951707,92.7228060966131,9.13673831563813,5.89579193695252
9,16.4695692592967,18.9293706736166,26.1693632484353,87.2688152126716,0.0717484348084934,0.768387768675064,-0.519958326798391,0.208611451617149,-0.211780263374667,0.628108617037589,0.754491387853274,0.077113062781473,0.544194676432119,0.565124960427104,1.08277129697141,0.518870504655903,-0.01592786120579,0.775642173199678,-0.222658204198831,0.609731478187375,0.696159948595394,0.785464283052054,1.24392073509024,1.38373705437185,-0.0354240623400541,0.805557913719644,1.19988590944792,-0.256153369296222,0.546647917308264,1.39301654526715,-0.912019023963583,0.629218801559019,0.868728109035535,0.541371284371192,-0.232299021865038,-0.469773728864567,0.518254313094135,1.48434618570886,0.266314715621621,0.249922750619648,1.19334483005671,0.744216238274333,0.194984823122251,-0.350084038567581,2.43165236703389,0.389413963777739,0.189538335716598,0.982116891876151,0.0965511685654722,0.612309524801584,-0.185262036081999,0.715958016548462,1.96796073637727,1.67744333031661,1.89743189263359,-0.0731196952124399,0.478106909312249,5.82333444782661,77.3424237984361,2.39519761450406,84.3456747083719,7.29528858548603,5.95758939155729
1,20.9192256635649,7.18809486890283,12.0530787289344,88.6135217897646,-0.271423701833281,0.208471251375888,1.78858685619336,0.134577886032373,-0.135408231958813,-0.786235284173105,-0.760210653722359,-0.493607030385514,1.25230005679157,-0.369688673889925,1.81759163524308,0.563142382350351,1.5788376203996,0.501661336718967,-0.313873572243768,0.474286880647176,0.200124784332149,0.943715763002088,0.922464795746658,0.438613362218414,2.71551370860876,-0.0308101371380953,-0.590014161977692,1.3423519036073,0.652662161332529,1.73795615165085,0.131456587267007,0.917321549098123,0.284050844523856,0.0378511609009038,0.730992865196159,0.966653606215603,-0.305978673456101,-1.15898465077586,-0.248370781024026,1.38566624774766,1.27868855404951,0.185659329526648,0.494767460982438,0.154352568380055,-0.094689985687912,0.624975043649911,-0.127836853982467,0.222221467401664,0.670151366472953,0.153170000720723,0.244666315198243,1.20225682599932,-0.575729683686549,-1.33403401232061,-0.821705488832993,0.851835278483594,1.23394283782691,7.02116468408084,80.7888631123314,1.91721150094036,91.5005397321176,8.83273328118195,5.96873813390169
6,22.5981691408298,17.0003131690559,3.78009805428197,86.2451020695938,-0.351912173656532,0.532890391884666,0.103167969374843,0.823478572976112,0.371933162154801,0.426012493312119,0.0785030245008008,-0.493200877523573,-0.262267885851906,1.60601621462873,1.68265825610451,0.0964038155362914,-0.0027695387196272,0.286065015548272,0.112606806706777,-0.499282233526359,-1.41506509729613,0.245275872035836,1.33669168343364,1.24747349520431,-1.47003672817014,-0.420837367626027,1.37426864116094,-0.197046399730056,3.55217439003973,-0.455323717709288,0.690860204377976,1.62442629213303,0.356017240384577,0.265113889210794,-0.639307683235826,-0.641621629448268,0.655325918580374,0.397325448081317,-0.920385800715143,0.508009490209551,0.292979128752429,0.387872028861338,0.45955801686811,-0.0446609565814395,1.06605733750565,1.75823918992239,0.399170798358356,0.257769648382612,0.353783204353905,0.868966828519069,0.14336526171574,1.01530474227062,1.43792984413565,1.19817357910721,1.46082882679876,0.819202210586248,0.108694394834755,6.33296244771546,65.853369692292,2.27999440432671,86.4197080981249,8.24343275525086,5.1878571355479
6,27.0795619591557,16.5481607270011,-2.32467723835532,94.7059793298883,0.0181087451998097,1.39555751176083,1.07391240049565,-0.200121487971125,0.119410232138126,0.361100026560572,0.0029317870042849,-0.524445966030411,2.079634577668,0.128068880612901,1.50058584007981,-0.197114271482663,2.7483500919425,0.94555225070134,1.31149177795436,0.0520012016715984,2.06836425309064,0.184100642736026,-0.138042934429068,-0.40999908017393,1.54800933811706,-1.24628724748251,0.0466249672470931,0.876705127008316,0.895264055044581,0.65855900585653,0.353819529889153,1.56138864805057,-0.275384188495557,1.22901355746943,0.36773092797664,0.553117224674136,-0.26011627114454,0.0295084483982898,0.443202784259751,-1.43264286569952,-0.583322457296704,2.33486992516764,0.0536948032850801,0.741241443572385,-0.42622190631732,0.119121336776706,-0.0948405832907118,0.655234407434121,-0.706362605480567,1.03334553254818,-0.255695804561203,1.106004393525,1.47669601108156,1.17249177258063,1.56756624024069,0.0230587604735238,-0.601673376109945,6.68853021312718,72.9520630746086,1.99940551753651,102.667310295559,9.58482737518848,6.26569989549153
8,26.0108464483316,12.6680042340644,17.9264385616084,93.4709646364117,0.936972876799919,0.772554020877543,-0.0919575675688373,0.40276349103239,0.6432090393913,-0.101185808776022,0.663613987557676,0.426560488590928,1.14640269622331,1.29078252476483,1.86292412753738,0.911163015987147,0.06823462102328,-0.413331271639165,0.310683318348629,0.687618300809165,1.62065437981965,-0.945710048818126,-1.13245784584283,-1.33995237856115,1.20104498212759,0.54716843642059,0.760937160262973,0.333537735912986,1.95392581714721,0.307703577553718,0.0175159941562468,-0.272049909381722,0.253573968503447,0.29488107294027,0.1081268139057,-0.105089819667188,-0.636829290026708,0.2735123286261,0.297624630276775,2.77026399176374,1.26308866975282,0.85227063679614,-0.14775231117185,1.58260676665395,-0.258427538113228,0.944549437758179,-0.208289800135236,0.17927447203812,1.02910971639659,1.41054825255498,0.507315021541897,-0.241841551212257,0.0947449572943216,0.321291666053777,0.93559818595524,-0.0713948424675811,0.200328905227944,6.26146966428424,69.3892354330353,2.23993216333235,98.2759889190593,8.71111937839312,6.04458702907318
1,23.2385080699566,6.50134970846884,26.2786542321202,89.3056344490938,0.199221712845778,0.953350621682737,0.68861841211067,-0.264695064220709,-1.11545874768393,0.761834276810683,0.199876799235443,0.672569946040549,-0.843279517901355,-0.0422717533125,0.979635386178293,0.441747158709868,0.105676305432549,0.0733596209996682,-1.62597174260323,0.153532553829308,-0.367495931876101,0.452098207518583,0.129216087210234,0.302811199837077,-0.366236366520794,-1.17251070298185,1.77829675406125,-0.348620373970821,0.644809397701171,2.06081635721923,1.14291814538651,0.788296988176151,0.265338713617019,0.474869103615586,0.112762764804986,0.683506180797508,1.19060173929408,-0.320551522547132,0.104508727225114,1.06648056807139,1.2964636876075,1.80847713264201,-0.155497601467485,0.316731611739823,-1.11876235493196,-0.0092288863194237,0.219989039402479,0.444855883377029,0.402206668277222,-0.475865006858384,0.250017176408105,0.144193641551505,1.04591062106605,0.126935243848,0.135650206837655,-0.184858699347537,-0.16355650752733,6.74783100769166,77.6599033538412,2.13019890106067,84.6993575982802,8.8900492351644,5.64398763184821
0,21.4229265897197,3.82496606490439,13.3928505083431,90.0297733589303,-0.0815471489060018,0.419594948532755,-0.465315001768587,0.0938392985310048,0.590956224895321,-0.870491368854844,0.688913444441515,0.0739616450706596,0.205613330369419,0.609154318107213,1.15183649402513,0.0414859589031278,0.458813354512114,0.88919324620805,0.349116423241776,0.607537408115102,1.68085326674106,-0.0238199155800809,1.27672815869439,1.23210901726131,0.495208744167638,0.25598670570395,1.89130059777818,-0.284216595159936,2.8628696292038,-1.0328916121962,0.417060875891424,0.869854048598282,-0.040856708401814,0.645252524942008,0.296176037305095,0.620910521189953,0.47279370495645,-0.159377942027878,-0.665682800653022,0.304273655933261,1.08826949165332,1.1090559428409,0.276739023448115,0.330005585252984,-0.122725597180823,0.892133398844449,0.0308118152026345,1.59108836602641,0.126248454273355,0.612140336849131,0.0511022645030478,0.315390389216033,-1.32569064990352,-2.04337485792855,-1.72848697760483,0.469126836768326,-0.0533166997339912,7.16183775062689,68.3206317942664,2.19323116495133,91.4513611760127,8.55699119735877,5.95123330736553
6,19.3415957890894,15.1867484536811,7.62092080328754,89.6621923029562,-0.799130193982054,-0.827168569778619,0.306897670518353,1.00056746164562,-0.529064303307831,0.404511580280648,0.735254480349752,-0.0330001677054781,1.1670807913796,-0.620951128410489,1.00941215832077,1.10800674237824,-0.411544423710874,-0.685218345516605,-0.397345260689675,-0.207231645418158,-0.637057951740281,0.139902859867023,1.16846460979,1.47626414572495,-1.20638613598304,0.0076863189849684,1.27921481087247,0.502302096128316,0.821964842335692,1.14797705212613,0.965780942410733,0.436966492761508,-0.450081993302141,1.08470004160218,-0.719128020293481,-0.62774313261511,1.85478626476697,-0.47182374431599,0.992516336953152,1.38446939834939,1.04671311517234,0.309727249272176,-0.538697811585793,1.02346352075706,0.249420665531341,-0.0653199795767368,-0.160519068887365,-0.103637926034075,0.52017221428708,0.877174812804309,-0.875178976128763,0.0902955656651159,1.24702887189661,1.01980591714449,1.06126434038072,-0.235184492680826,0.65151697750745,6.10919324551878,73.513784696966,2.39677679050696,104.994352421229,9.59386296213459,6.91688208004936
7,20.6958941028582,19.0497891961523,1.67603992836774,94.1687024833593,-0.533202782974825,-1.16556174236709,1.33008858199251,0.178930996130307,0.502898394486069,-0.147922118680214,0.594045966943797,0.470334023221305,1.55816338749308,2.53844901056707,0.0597548398810849,0.927317574971656,1.02840495042775,0.254938537106514,1.65754632800679,0.69928556491372,1.7825999126895,0.577322918367967,0.893634434400772,0.853932000722556,0.851569199622446,-0.4029321239571,-0.701875550392615,0.866714994578237,0.863601920321184,1.48399130116051,1.21848497052417,0.0129718028153188,0.0525726799017956,0.559743246088938,0.610060004168199,-1.54438726582695,-0.108952634981354,0.20752683714334,-0.0764823480606285,0.634604785114139,1.57479682052101,1.45886709923203,0.313826849854405,-2.13609454482088,0.878677855052206,1.03223637810195,-0.819077391449451,1.20270491259528,-0.0352077267911609,0.29356348553866,-0.364851801960877,-0.492022149846862,0.138400634041353,0.532944592355674,0.760010545534801,0.670646603319683,-0.046345897191055,6.23777293325102,76.1232601057648,2.05829250026455,95.3484309213499,9.17609115053552,5.89374015986263
5,22.3389988779464,12.3306093555777,12.0320953981358,87.8723415321481,-0.265011747580697,-0.512358576563908,-0.553632945337074,-0.614661477210122,-0.722637948569396,0.947791811441566,-0.311685114417789,0.476716511083965,0.203562160259404,0.57394238270297,-0.588689170893448,0.0412550465029265,-0.110801593794133,0.0877345875427177,-0.73686570827266,-0.716918811999414,-0.275621826969519,0.621656549971778,0.541219894248487,1.40323177567799,-0.727703455622373,-0.155127165037652,1.03623507261246,0.682403546500254,0.754202527946854,1.09088608637715,2.9585701151583,0.332684930851782,-1.00698952741266,-0.0161177563064784,0.876883235880544,0.034167484946566,-0.993085972823697,0.0091164699998374,-0.147400869111202,1.28050123201984,2.83536776788122,-0.133104081781352,-0.22848088872096,-0.0274544363693639,0.814057464326784,0.0236945678070848,0.0449421996419992,-0.725363348929879,0.397231652122349,1.7132829868008,-0.203085267846051,0.372376685382599,0.660614484802924,1.0415288535258,0.58879129900902,0.918307169733302,0.506662356546765,6.67857029220832,77.6640707498109,2.18667099048588,96.5504284247269,7.70244235452143,5.32294648063611
7,22.7062634145914,12.2080828164513,2.10987343697551,92.2128945064714,0.885655033553789,0.388333622629313,0.142998107659618,-0.828874316823491,-0.191720668722114,-0.479273690687769,0.0036467976590022,0.172339108439355,0.729697865508964,0.353479894952651,1.96393407227414,0.0800195116496495,1.27180200755782,-0.0230985949479956,1.31938398791955,1.1684749007967,1.44979847207802,0.710746727225712,0.925530997819927,0.299625921246423,0.490106464046038,0.442598698214251,-0.0678300117060465,1.14285515216586,0.491549058070579,0.502522105633362,1.42446872785097,0.657490675315638,1.25322459624476,0.55190344122984,0.111446506934412,0.728454524648979,0.128128568205824,0.841692867055503,1.02763695058431,0.73786378591685,1.70109586320513,-1.38758449181501,0.746526890525579,0.665355282107996,-0.073503260995512,0.447163313919364,0.733070208199789,0.622675344342791,0.211728199964723,-0.261981570571174,0.10022069351649,-0.836898490698303,-0.318666234141339,0.861455569431094,0.840557964821922,0.929615729552911,-1.46241840123307,7.11946089209487,73.1569696635481,1.6377484035681,89.0730796056945,9.11819664642225,5.40575571530011
1,23.9801902332681,15.4670194247975,26.2274279107497,95.4828579891377,0.0935185518232486,0.442891264944935,0.004557958460145,-0.311517302018199,0.172498459687012,-0.440530767249875,0.232699569946059,-0.541468496729504,0.884788328673098,-0.0433879888666908,1.74411695380692,0.924091303798823,0.0741793433780211,0.558820849495606,-0.25421964855745,1.34720027567221,1.13233206620139,1.36345561707188,0.41249751839177,0.307743804257579,0.589817893360702,0.252645514969719,2.2471921801582,0.341527024311965,0.837458488786076,0.202704335248184,1.07011821717833,0.520854791153808,0.751560381016475,1.12441358464285,2.23262441041651,-0.574254808855298,1.29382248283822,-1.20799518282046,1.20403132371654,0.248551578017259,-1.13096666412042,1.2908216689695,0.799708697696451,0.162822178648681,-0.700509301482499,-0.384124539878836,0.172157332213795,0.719576722177288,0.38097700220568,-0.0790057183137712,-0.477450160943883,1.16876280244052,0.218307459930472,0.603478685652823,0.751654085548953,0.0014956582500018,1.02525544580765,7.00453495818551,75.5349553626948,2.10237669734972,100.369684320239,8.40986989295461,6.25713509162629
7,25.8095080807836,15.9684442980106,20.1198759570986,92.0773996554976,-0.287854560872922,0.260070718461122,1.97460287626423,1.07537897215551,0.487387709024446,2.67131076008957,-0.132359360895624,0.361370567047573,0.496809247958076,-0.0501065634628075,0.974411008988503,-0.0125590141770477,1.54019412131107,0.404240441555703,1.72532128862026,0.0819026888630459,0.802331404847954,-0.621373614695888,-0.0394291818522967,-0.247968306441992,1.1073534055695,0.118940181364416,0.335949300957834,-0.219155378965722,2.15838912366307,1.43447619826379,-0.770039805534535,1.55503656215419,0.443015543064304,1.38042389008241,1.10636752761137,0.518319897096101,0.515995625762941,1.5386945849589,-0.837070869238412,-0.0447637015528264,1.01351454049605,0.981644846054054,0.490819333625056,0.205699153176379,1.15372838065373,1.04794763898972,-0.334203655222872,0.520200102830247,0.899628726329689,-0.858587097743311,-0.766446870123218,-0.469264786366771,0.837237050305656,2.23780568754594,2.84494832777652,0.699940691992585,-0.57406093828591,5.59711387547295,70.4823806763034,2.44944367029744,90.7668962739341,7.79372385072665,5.22932410612902
4,19.5012551603006,14.0329247047245,14.3744304823855,91.1203292825274,0.800839079367208,-0.248394352626641,-1.54798025004236,0.491317332177245,1.90832670092539,-0.120031486630909,0.152298274897257,-0.0116484619555086,1.04960598230238,2.86745577145394,1.26150804198576,-0.413059846928147,-0.120807151369907,-0.346054243941208,1.26069050545474,0.163151000648962,0.560091950787445,1.86263188375578,1.61681164523916,1.10734462957759,2.11593584844427,-0.133818183262963,-0.197279353127998,1.50346646286688,0.81797631898164,1.47357912217622,0.597442029606668,-0.13948442879247,1.15834430951165,1.40181465326675,0.414728775135589,1.18424542075613,0.332822383024489,-0.385726844417179,-0.188944443968652,-0.30727396401236,0.686655365017559,-0.239936725677499,0.291398972653591,2.05297395520598,-0.0346719727834917,-0.292079390153539,-0.0285986215879773,1.55191794098845,-0.376774820808636,0.585287856757069,-0.893993389226832,0.982509876787509,1.19068301105563,1.00362345824535,0.874890571595681,0.778898153414143,0.357549651020866,6.50987985706733,79.4609147478668,2.09661386226689,95.750240483893,10.6041122737191,6.42116191425783
2,23.9416430611837,13.2059965523858,22.0720792017954,93.6137186311224,1.22620756572516,0.847956453077869,0.63737659659562,0.365929801039774,1.61489795135188,2.23443690238112,-0.185084626044778,-0.325056067739713,0.221494828529785,-0.520727887764032,2.39645146406365,0.537513177080406,0.0445687716506502,-0.685419924830962,0.146873679287668,-0.155963145403205,-0.197834416871306,0.217905615433789,-0.146323126197403,-0.225717001899704,1.18701451412975,-0.350652525359777,0.216937503609224,0.405105856294523,-0.577296374807079,1.75068596649614,-0.386991815169535,0.0134088487937234,0.584617666348243,1.19537989639283,-0.139701705832158,-0.182547599387821,2.73310125777714,0.515597434307107,0.792417790632267,0.876164245695265,1.09787062428609,0.808614931697695,0.103044304059448,-0.487568325284765,0.463140908205581,-0.062087389008393,0.210760145878188,0.0040600134499265,-0.364221371310285,0.794273276008301,1.01336875099488,-0.562956051237861,2.12430805910559,1.82666100637721,1.97602026714921,-0.247654777578604,0.342792661830897,6.3873085812106,79.5704492787853,2.38277154220335,90.9720870826019,9.29579199219535,6.4392507303052
8,17.1062171597482,16.7630682708263,17.1664118973783,95.7199946171315,1.56878460314011,0.126931929795389,0.347956908822644,0.475206323458121,0.979905575790254,1.56771382133946,0.657111720712214,0.0774850098697836,2.22012660591809,-0.699815994011693,0.247018719547313,-0.440177867961182,2.53992891977422,0.0610730836997938,0.055158447419055,0.190653580066885,-1.15465895325055,1.44318591572434,3.23286731670745,2.81198845336339,-0.432554524935072,-0.282761714092571,0.356030878300252,0.639742787297823,0.914083577677527,1.72737544442244,1.40656611418529,-0.930423345248169,2.01944967970981,0.736549749584546,-0.872212217782648,0.566891530095716,1.85892380155974,0.19168610637884,0.365821548113806,0.752192045946766,0.853489062742733,1.34653774644538,-0.158748153938047,0.705408461623946,-0.572603926901351,0.434090167063484,0.398221331055947,0.10939678395755,0.36560257429566,-0.346841341297864,2.36250462457274,0.0096756745876065,0.393376075677147,1.59045083790486,1.85071486458943,0.49695003214046,0.946618312022398,6.63895636039652,78.1226497130328,2.10655459278297,98.8821483246076,9.61414159589033,6.63148777804297
0,21.5261311749451,13.9226689416897,11.1193899210011,90.9842253438909,0.260793473694537,1.12252586937204,2.33963457818258,1.09934575835053,-0.0406801879196758,0.430342573219983,0.503930109240929,-0.181554752138497,1.02452817438186,-0.0174683593603454,2.2822050087906,0.127994808895895,0.848085727213358,-0.169443248033393,-0.311531397865208,0.235876385139156,1.49280072066569,0.608593092306004,1.84590273747575,1.63548393635203,1.49344447606683,-0.181511684612466,-0.921708364518845,1.08150262789607,-1.62822498372065,1.92760442462128,-0.305309357215087,-0.325450769022536,-0.665157369209556,0.691628764664944,-2.0358813631614,0.502369719357855,0.854777923074961,-0.441397131748624,0.218890557426574,1.43537888859731,-0.475683767309387,-0.746364474784773,0.676240601520269,1.49422625013568,1.07934204238839,2.05364214251811,0.0591801896942405,0.167064609756774,0.610905927387302,0.169289125621098,-0.506210099254201,1.06291357802093,2.94427752901246,1.83128960129001,1.48254412213094,0.877170229089111,0.307672876605945,6.2174563185157,83.5265505825071,2.21114273762389,89.1419146454251,8.35036237208724,6.63055976281438
7,20.6738908041877,15.6732814699081,9.9775556735191,90.3296027808359,1.29871424058983,0.145143777605733,0.65512466956936,-0.81918845118666,0.990158082540256,-0.018937414915944,-1.12861011543643,1.23736912998377,0.424685653133865,0.344042505714724,2.93501169758779,-0.182219021537346,0.343139874783106,-0.403395552170764,0.847368912954251,1.10444327066172,0.766764313027941,0.440983304305604,1.58445896808038,1.83176526699795,1.63525150085108,0.84771791522919,-1.32823098834555,0.40197032344495,-0.430839893807249,3.43036371443606,1.2206322974432,-0.195645767343405,-0.0064311351089768,1.3060093111274,0.538376007848194,0.245492588301184,-0.822920516846109,0.136810585472455,0.811806000660332,1.13963093725532,1.86474994295635,0.661581255376084,-0.183200875643121,1.57274576901242,1.467388625364,0.95929593241397,0.701981599520601,0.687942809458341,-0.127353416140121,1.85287876612481,-0.734659254823254,-0.6124840530948,2.20693903347288,2.06450676403598,1.88240559987576,-0.225904927470312,0.0878872210076004,6.70738567555381,82.0543685801373,2.12087077089443,89.2494046510111,8.66054444441659,5.21403622346467
3,19.4000773610338,10.0283785296619,10.1373008546426,89.6594677248767,0.101821835926507,0.537521169778504,0.153764261516778,0.324893194524547,1.36248222115973,0.825772822100026,1.23214186192839,0.487006742599948,1.00027463074872,0.102329486094888,0.967345786953316,-0.0319243909320319,0.594438987340898,-0.0948210528986444,-0.142198639489243,0.400981780207953,-0.473474578052859,0.71364546555634,2.353786796684,1.98947255684927,0.490251104740653,0.821489378545919,-0.504536112014684,0.501145118995271,1.04222493929039,1.64417384051419,0.120540839438448,0.458077264670691,-1.23436570918573,0.496527350249604,0.939690587288919,-0.247625300845219,-0.0696675671799133,0.924766505193796,-0.850598425250852,0.899114216741498,0.817330839136241,1.23468439669892,0.269933122478782,0.405882201746926,-0.789448814047681,1.04537820449077,-0.448711975088995,0.894297492121447,-0.124210593337903,0.807333207006957,0.0841144554171108,-0.174963965582082,0.774893121929858,0.652915688276804,0.79492752339003,-0.438808461011988,0.484294140686078,6.00030317222509,75.9431219203958,2.13903622468739,87.8236768722411,8.23341701795557,5.83802086855551
8,20.3152909630327,16.363343093071,1.52654103716761,92.4465617090087,0.859238734281534,0.547459379128543,0.245778133035541,0.370584798355424,0.712422273842502,3.85413124423432,0.971409767303548,0.231757393255029,0.150215485809264,0.807368444611046,-0.188190067008657,-0.0987282310034745,2.03737831255569,-0.471527029862051,0.759480083711131,0.433894495376129,-0.615619782806708,0.853014656515747,0.914233575770662,1.48648530893746,1.19170697758848,0.38170150232998,1.38214187703688,-0.716217315887327,1.93033293604819,1.71597570057328,0.732726406630062,0.668281345659022,-0.640172905925545,0.56476753653484,1.41058028524508,1.64015747347956,0.482826306717779,1.1986248447478,0.141617687937123,0.648999369004752,1.0249192240108,1.34559413944315,-0.433938855434147,0.259196151411758,-0.0556318182204867,-0.851375874423812,0.0124712062210118,0.755529088991703,-0.575292923457577,0.73925312578549,0.99019166541197,1.09502667256564,1.13976489561094,0.874293999285721,1.37146202305449,-0.455439003457162,1.65645009157165,5.85192631775947,69.0021007167315,2.12490366704241,100.96376499764,9.04767948401211,5.65251177529452
2,25.6120236059963,10.5884543697845,17.3714675300872,91.8471007590732,0.0407883698133345,-0.0028994105353062,-0.0550025342527118,0.583924080486692,1.80571499469628,-0.6964050583924,0.399457422039495,-0.191343814693563,-0.309907872504987,1.63464461020977,-0.606605695637895,-0.278906771140834,-0.624119511851198,0.176376700468374,-0.349204367483653,-0.355634696534289,0.106104795249601,-1.72873896319377,-0.0615157392336414,-0.0111432507731261,1.19473489452769,0.308117874417738,0.0430035555348641,-0.736953574042378,0.537339135760821,2.35252858026678,0.122600442134326,0.0193120087202679,0.356353329131017,-0.080985792699006,0.611620447443216,1.62539980676744,1.55743858805979,-0.351551338389597,0.264249383651814,-0.0105754540246364,-0.236814735031444,0.286479164649152,0.0208238757647983,0.754969858901715,0.806211682511726,0.813840648102632,-0.475742542827875,-0.231280406872156,0.546528973069038,0.236832954309007,-0.0014504380128545,1.12951487961295,0.948736401176151,0.624771578955101,0.73427251624883,1.28468483450458,1.03162458515647,6.82917004977084,74.4042908754516,2.06373905464244,104.421158979559,8.79011258489641,7.35197020028213
8,20.5934883534292,14.4634784128713,13.8725641775438,91.7577212856721,-0.913149021517635,1.05749100994208,0.160322963507168,1.3723170130596,-1.99653695524468,1.73054860295446,-0.0661899030218027,-0.563692465357684,0.507594266001726,1.49639722142436,1.87142290602967,-0.0938614991932159,3.3676429457703,0.291411616580976,1.31083952424354,-0.381560563158349,0.103220148997299,0.0103018535196102,0.346709199371555,0.980535101175353,0.851980955997535,0.3593171022631,0.731215853960396,0.152722944350989,0.633648892461234,1.25122875479376,1.93217501562135,0.814714531416353,0.0100651155731301,-0.714817387774091,-0.437551085514538,0.0961904511338741,0.601703188764247,-0.14542842866246,-0.0945852129975853,0.298147963309033,0.737690564183224,-0.288749264084674,-0.409434924367365,1.07903323673591,0.565569726154848,0.195242454865544,0.903857077091718,0.572739298502689,0.442300583143288,1.46215346163602,0.0581299450453504,-0.100363268232882,0.0088444179751595,0.226491928036418,-0.0951102762768751,0.94524432257749,0.232686349638636,6.16033693872065,76.5307477446938,2.15546401185082,91.542771272399,6.72999940336841,6.551141655062
6,20.9331137848241,13.3581107805538,26.2027197709651,92.5865256950869,1.36733979690074,-0.292902489804181,0.285785775023122,0.161602544418483,0.54188897737499,1.73421508821796,-0.0051737434306847,0.0336646954129176,0.624481128746976,0.923065824305395,-0.557621767340315,0.869652700482719,-0.644035265356025,0.238281866714401,1.06982803628455,-0.80171609838284,-0.106513124358262,0.13811526783575,1.62118387104932,1.36176716506869,0.389862419709973,-0.0734126224096964,1.10907120118961,1.49248426609978,0.555455418037198,-0.849255401411741,2.03713458626245,0.600460088324997,0.153466180421598,-0.151580608051644,1.59050585134009,-0.407975049332921,0.0565487866975568,-0.0625942925409076,0.751781101870246,0.800617922667099,2.25914761038676,0.290326750404429,-0.821637956219973,0.851021697948936,0.178406135894986,1.47029182724089,0.877657545515792,0.105311168880899,0.186364392395086,1.18447593375956,0.339263695226978,-0.162933805632995,0.260227551852969,0.693705514857771,0.651306149345743,0.0433488646366095,1.43734388853816,5.2706070667877,72.9371942413724,2.56302110025634,97.9462359124357,9.85457526688299,5.74172290403164
7,19.9157536868414,5.78836104079138,20.6165947871369,89.1839653904369,-0.132231044308454,1.4952899672087,0.464633923665778,-0.987401791459364,0.705726199615378,-0.829905542196466,0.129639213696881,0.909299020432229,2.10868936355545,-0.541028285121386,1.83502577997218,0.0074071108790366,2.58584255301022,0.103676218108679,0.422958650198454,-0.58532689513457,0.749644410998007,1.48017564267332,1.25253809402902,0.956363200422274,0.444428446397716,1.02111016552171,0.472824499254413,0.568612708434866,-0.428352071475189,2.27205838645034,0.776476957394644,-0.367165056239424,0.258682190359744,0.0680581688579289,1.10769858694511,-0.236219359478581,1.7256327099295,-0.0753458599646169,0.160689832631688,0.931788189385184,0.789602668175106,1.2456202843781,0.236136119021653,-0.658566645569451,0.816584439375224,1.1879452476312,-0.681250676645404,-0.388950039998386,0.644379031059895,1.00380318791556,0.194602054953122,1.6690955498142,-0.282980270410998,-0.81786261815682,-0.409401365457065,0.817427323607674,-0.55062774002383,7.06291690638148,79.2021999403306,1.97553410241677,104.883411673188,7.74847969068171,5.73443863148158
9,21.5843863866309,17.2762443116399,5.90007919860751,92.5778879091803,-0.994572198064783,0.898384216479114,1.04107292437658,0.362327585408876,0.066441162342206,0.238807266602854,0.206251152521096,0.293797184171697,0.0392095991417729,0.169569424041281,0.259394778415172,0.287771823763574,1.00797241546141,0.598281625795166,-0.378740273326124,0.951458251062094,0.120450348530207,-0.174528560911715,0.732575828247489,0.802811358489394,1.91967977655504,0.335283012139587,0.0893210968394924,0.341100850400369,0.369848116808174,1.7131490598261,0.429533629192365,0.386432840957208,0.736695413375693,1.41196760294343,-1.27581591672373,0.393907316870616,-0.215044723618957,0.660569218615292,0.361171205474321,0.448895560409041,-0.615241370475696,0.562930014977357,0.504309221826106,0.108779554404036,-0.0477398060276587,-1.27883362839132,-0.0125772532807531,0.0413317456434036,0.102707987642181,3.18396791381826,-0.534723526380873,-1.32019508275668,2.23332694603049,1.80835531626974,2.83629868095109,0.0633583914701842,-0.0994373356650552,6.86886916225913,76.547202629705,2.01158707454477,92.1351120910374,9.06413316176643,5.90225132500436
7,18.7971503441708,10.2072314135373,16.0053682774761,92.6074607625829,-0.876774353640059,-0.748283982581786,1.6940280558144,0.665514850130995,0.3024792052403,1.20726433652964,-0.463865492754867,0.226798277005313,1.31463523995309,-0.540567605577312,1.35705310845767,-0.120376711001376,2.14386326142207,0.746237896585723,1.89158251845515,-1.21618560348764,0.361519788593587,0.477962238600467,1.81332763498389,1.85756358994126,0.279860397772685,-0.323804332603491,-0.0810588628971483,1.31609954314256,0.488160685702935,0.178673602181095,0.0031067524081866,0.986494785541538,0.332880325000654,-0.905444794745032,-0.484949285240096,1.53882433828391,0.759024835825462,0.129694054134637,0.100926054589857,1.59675580275621,0.608549309934151,0.899725900514151,-0.378400393192353,0.0659258625109617,1.46044829375677,0.437387886188367,-0.0660902028792509,0.237446985556689,-0.174085753493771,0.168860018804204,0.125071917475316,-1.66261864076481,0.962563528236263,0.556782488634368,0.40149990750596,-0.124364259920105,0.236477142756676,6.40414383740514,80.6979609958837,2.06446338034591,101.485262371485,10.1578818882666,5.1150527530394
4,18.8074302985124,12.3642474149462,27.8651840351664,95.4511009566766,0.240982300757394,-0.63509249098729,1.01129104532629,1.2935357394071,1.15655140003224,0.535363610637453,0.111019758520161,0.197971136153759,0.650963469341523,-0.0855018021701381,1.29715146822616,0.602327733791222,1.61883203939167,-0.217597436676174,1.47000630445353,-0.110962953156999,0.904774777054267,0.900792765440757,0.701494518623094,0.623614621945406,0.879902970482248,1.24255915914412,0.215966785688081,-0.277397219554707,0.444086591837699,2.3233284552703,-0.883691703892173,3.04904363697934,-0.0866888202981582,0.891685056016407,0.999179715886346,1.50400932434074,1.11599646782525,0.177711025368939,-0.22529189191251,-0.186311377321442,0.594677839394865,-0.205743167130931,-0.34353385420865,0.935382519117327,0.320025340025228,0.646514125550002,0.292488818471915,-0.372225126666271,0.79631134026625,-0.689016421945648,-0.063425799388957,-0.718828843393538,-0.0558065016414784,0.179833879252441,-0.162972658648466,0.0019815633680872,0.970175645581316,6.17791820694937,79.9787834999475,2.03407396678201,119.329778498934,11.3805433700869,5.95794268774594
9,24.248865948837,15.0419431953442,7.55895586523194,92.787702902949,0.433541043614239,0.509298368321926,0.663245254062327,0.338558421891492,0.543339716250966,0.0924266482004971,1.06358069658275,0.230221936401063,2.13436167578378,0.578079312794551,-0.464614783542838,0.187218260562208,0.282583831071742,0.112737201328081,0.24344607528849,-0.405876188495294,0.0408945253450825,-0.0223304240291183,0.0187245549207479,0.509802764820705,1.99753164861037,-0.132527400225937,0.916313902596461,-0.118358142839591,1.5928963696182,0.439692413713551,-0.271263921776615,-0.907390803323976,-0.200127101427863,0.526842185413137,0.827432047523319,0.205875546101047,0.454222140298112,-0.481001575121858,-0.510347091086384,-0.798443787762657,0.765760705570735,0.491486180957837,-0.338913258129531,-0.236803599277713,-1.00499101132765,0.777515953276822,-0.0871091283380398,-0.239914093852547,0.945219502437391,1.53334746593678,0.556625702208913,1.80796465452315,1.15488897480619,0.162008389020224,0.492144271468718,-0.0129879210460827,0.693704968219533,6.19790074587572,74.2681487572325,2.37081604629309,108.367922629648,8.21317483996731,6.5596490817761
4,20.6574189050283,12.4735431524834,15.6906779009487,90.4189392388329,0.678890379160495,0.412834251104609,1.95100698274783,-0.0823427846926378,0.511734560630246,1.31174229983362,0.361303716136498,0.568119091476204,0.275434759813375,1.45661373868611,-0.518226246767567,0.176321377730127,2.44379549519904,0.309654339695738,1.8179421116104,-0.0303416478028949,2.73723159328396,0.447630259172002,0.741125217214601,0.311462522985693,1.41650347520431,0.424240627892887,1.70217763981526,1.18666554839056,2.86552982506616,-0.748558610862314,1.29730431044994,1.84672195862683,1.01196492593955,-0.920384164001208,2.24423896033277,1.28585034898551,0.492694723958216,0.423662089281897,-0.277590182109609,2.02357147525729,2.47940914225887,2.33808428451411,0.223041314577453,0.748650202925041,1.88455288162585,0.763831234578206,0.341480836369768,0.541065676244323,-0.0052577000221566,1.47632074073218,0.577981230841829,1.30875219294152,-0.437095368803934,-0.792952746046535,-0.459621937271669,-0.265243701247419,-0.390132669296688,6.02904943173869,69.1343355288477,2.15514518210664,89.9854839890789,7.76427198588504,6.1825782351076
6,21.7252941445584,11.871509612099,5.06226347146086,97.5293551426393,-0.350574738118017,-0.0946046919833553,0.619669500394867,1.94873193204629,1.46941278281989,1.43437417720359,0.312158170041818,1.02469464517286,1.71294861872292,3.34810033482336,0.617135009972721,-0.0987912655195715,0.0311289944957235,0.406410196165367,0.908172494944526,0.827643389791564,0.995530127247578,1.57204462804454,1.11341698662167,1.79479814637832,1.79479759796432,-0.299599159936977,-0.634387215274161,0.196916998392306,-0.216701966984652,2.73829446228852,1.45437527014117,-1.04994304864903,0.668996271026779,-0.743818232042338,1.65784952485582,0.532836716688927,0.346800777515654,-0.439591989662534,0.163461344590816,2.1531512101937,0.350688605383865,-0.0750958544962445,-0.570027954765516,-0.779152049883046,1.26942544848619,-1.18156072173876,-0.548196645713528,-0.309472251392464,0.326896398736133,1.72916393808144,0.125193138618644,1.46479777441666,0.706050957829678,-0.630113881201091,-0.189487641593027,0.121521839263913,-0.238077875324127,5.53132594849307,80.1291180040635,2.36205447348407,101.820527144818,8.36724454061818,6.17142412386862
4,19.5258256270466,19.7403077512006,26.8355003758478,93.0922972294737,-0.19466639821798,0.939430565746769,0.378028107571286,-0.294018704205803,1.10438423441016,-0.64345226282026,1.04925228043096,-0.444059204709869,0.326389915877036,1.16851677164787,0.0239625767801469,1.24261875721985,1.65082983862484,-0.469635435609745,1.2500386455875,-1.06130323073834,-0.0943987493023245,1.36435902703036,1.8215107862812,1.51633934026346,1.65038571321488,0.0615887933792037,0.206123929327472,-0.166725618679622,-0.029245818709142,2.12327875728117,1.01194315566118,0.283658209877933,0.587019871238832,1.55323453611792,0.450754503123778,1.64122598321018,0.828107198841064,-0.963153640999079,-0.104100097332562,0.035454257735129,1.58451201774235,-1.04956157477579,-0.629723190420291,0.100364017646397,-0.392878701099291,0.973039236902222,-0.267290218995548,0.316342215937603,0.0500399122456221,0.994202019815479,0.583585604593727,0.153715027659644,0.779905548143613,2.5053976918099,2.67898060669758,0.0915211143997146,-0.626326810894604,6.99869342689458,81.4600334288273,2.12342023868198,98.3016278126049,8.29831671011806,6.37692113108528
8,18.1443558885313,13.6548319883069,9.54500311133041,93.5642160756248,0.479589521543196,-0.133804438910708,0.0491300303000696,0.224939588639713,1.43461448526064,-0.174765828149541,0.352892336397784,0.189961391370204,-0.225457919574626,0.897759950897821,1.47087527737148,0.494732969328053,1.95116871330344,-0.590782273365872,-0.400113178281812,1.19900558411497,-0.0053861631656794,1.23951086472417,1.43483379506066,1.42130111770033,0.604464991796936,-0.348983696234211,0.624296839736806,0.381223113030889,1.72587869793036,-0.429206076315432,0.630655447113292,-0.238257070743584,-0.0098742797424977,-0.436473660962795,-0.57797953409669,0.866183643097565,0.755269739944137,0.327664967888714,0.385787654341281,0.462114215833432,1.40969035196368,-0.344092751374419,-0.219197309486065,-0.162208766064903,1.41888960901763,1.36717859048277,-0.787138582379137,-0.19064383415979,0.67072203433596,1.22359375291743,-0.0046071747094121,0.136389664479598,1.03189154937995,0.663726205197531,1.16849635926071,0.796461028536038,-0.230707041019177,6.44991004845502,69.4879623471573,2.09383420149614,101.65723298625,8.10396446500458,5.68900411144603
0,20.7184919018609,14.3947705600171,-3.52551536380019,91.9458854608034,1.53332763220651,-0.898440789968215,-0.487256352154849,1.34386954391297,-0.187390021984065,2.3859441785592,0.845487380507413,1.28790868413387,1.20093368850921,1.73836457995877,-0.86639434104232,0.421169859723251,-1.16081034256508,0.10034811851281,0.362982526508463,0.0268023946881356,-0.988341137649362,-0.891065442493996,0.747226125081597,0.800267122754409,0.0456082255007706,-0.0598215100990232,1.18454181201089,0.13915860096448,0.80820635130481,0.949832217713794,-0.44762297118334,1.04972582218416,-0.262661081641549,0.735919169180547,1.15505910435542,2.24157539307424,-0.733882711841963,-0.476878226044449,1.3140019726256,3.03519782845777,2.46950228863227,0.1595704137688,-0.147402634238316,0.0698198214344419,-0.0884183773272837,0.824680112484285,-0.254476648222005,1.07658368418912,0.26164926825177,-0.217211310133591,-0.176236438911613,-0.137780690533551,1.11166142850856,1.17924270164357,1.43398270952209,0.0358775212773219,-0.833519703093695,6.19096116553947,73.5323568708912,2.1441730163181,97.135874703999,6.7934715506181,6.16869339250051
9,22.1884417920142,13.8489375135831,-5.57792810960541,93.137717734978,0.596663930254182,0.0006707686463311,-0.382437392325511,-0.250262417674156,1.86518115016838,1.35942063737088,0.736332942948287,1.22500591842011,-1.48780360826077,0.63250215973982,2.13546198322476,0.323780391839113,-0.376254835198707,0.450168360605863,0.330317985871575,0.255996428021389,-0.390943926873282,-1.53004108683116,0.394902017876364,0.441766271548609,0.613919898816891,0.537515033963854,2.6920144988128,0.0568072046354983,2.86847373257605,-1.17114936850216,0.421975013370515,-0.39132611529729,1.36923986021367,-0.43477703259258,0.307299386437149,1.81172815045075,0.565233108139141,-0.599265583715809,-0.81202172511614,0.962699793789414,0.775314879251731,-0.548659134222771,0.140029917658041,0.277145023629397,-0.0359610061888563,1.08544861982994,0.420082127564983,0.467215969513713,0.483946025795681,2.29053840552747,0.261141562127179,0.367997827885383,1.17053654497641,-0.119878984587445,-0.0156501897881385,0.322787007494325,1.21932727061941,6.530842639524,66.7726840428724,1.99442737830408,100.71722768068,8.30582225479128,6.29530294307124
1,21.1305168271235,9.70276094899383,14.1002056580143,94.8863971942158,0.198831458340267,-0.335223910203333,1.42472300558416,1.31165209316431,1.2340574556678,0.414877805253887,0.568861940147811,-0.779009143834059,1.4131291418646,0.888905847156294,0.94435688651744,0.264775485673978,0.284048939691502,0.162264050892489,1.27877519624841,0.430129421600428,1.07949587062012,1.1413572137804,1.26189076182595,1.04388083321031,0.733367438342376,-0.335220613449825,1.63980511130359,0.686441366306091,2.45044277172412,-0.100519609075447,0.248229553026674,1.61809640989038,0.498416642729863,1.16289607354363,0.175260614828999,-0.022983980880006,2.4758514115277,-0.238711055999135,0.350942911222435,2.42266493102726,2.34158420201137,0.593936174342396,-0.618147926109541,0.201214245952646,1.96187618048768,-0.0790882963944036,1.10358550741401,0.302032769345333,0.430358287791049,0.272740267876997,0.0696776724332416,1.44655320255226,-1.52085457731772,-1.25697455101262,-1.34673604819423,-0.309748568978737,0.187616179155235,6.26488545850509,72.6753152643827,2.2529242266018,103.77130855525,8.03347842688404,6.69228403381056
9,21.8385128879442,13.908972390955,23.1244119318482,93.6006940581572,0.359660569553937,0.176912597095314,-0.389027361738087,0.20784716535061,1.48277473688271,0.686457443574074,1.03907210036465,-0.505283509353817,0.70972625107025,0.15039749229615,-0.19316834956937,-0.0229072351916629,0.362983715981938,-0.421841174433465,0.603024795074806,-0.112449436345292,1.98863349078432,-0.322444576679924,-0.0900201200071258,0.271975939872656,1.4664153586088,0.595772540492904,0.496778189708699,0.700547372848745,0.0445219586996469,0.819635963849851,0.75186465751875,0.855435525303033,1.10776524449217,0.688327168896504,0.983541680555814,-0.605821489877277,3.16788868689752,-0.0776820087181702,0.0226822078005725,0.323883847018103,0.517593447363018,-1.74885117887264,1.41305496675429,0.919224404164549,-1.59132187045979,0.0889566975391123,0.110865467273712,-0.220907750979496,0.379113119632163,2.49156380744443,-1.05100615167746,0.284101165803167,1.72646422930856,1.66915395860603,1.09747112193659,-0.196170130832606,-0.0109354583829478,6.72910326569999,76.8862441764838,2.01009088662841,94.7461888384524,9.69372529127877,6.04890844674144
9,22.1863663719591,9.27550280917321,15.4922810050858,92.2739960439729,0.986575896246387,-0.808932160000624,-0.74949435438513,0.563096237361501,0.966532710623134,1.05463995212507,0.300794024367343,-0.0538170787347258,1.54494512562726,-0.156571138286975,1.76220056208307,0.505833970856174,2.22440019395893,-0.608445585836603,0.723527714909713,0.297279136878312,0.946434664908555,-0.605551583936967,0.12649462316987,0.73799764689758,0.781674431074587,0.937275611575887,0.175231930315203,0.213122418904679,0.236030617999403,0.335152684854597,0.785504754522589,0.435105612987049,1.49700945766527,-0.163111089886598,2.12471395150754,0.0590630309214963,2.68225629043034,0.412698030829012,0.522116978936745,1.31980159068251,0.609714300910278,0.715511588409551,-0.363841323434158,0.849116392549971,0.196033605900305,1.04321168470349,-0.289162306297935,0.146138656774657,0.364325438361649,2.72145445376708,0.847666101729634,1.26879221987174,1.45806345183774,0.229534104690482,0.156582250040885,0.336064675896061,-0.207734396791775,5.90282210100081,73.8863116026707,2.21836926324685,98.3298289422448,7.81554169669386,5.6227158797181
4,18.5219975822058,12.4591010095939,18.2649865649767,91.7537033767114,-0.41313724754945,0.622164378179716,0.552698947559622,-0.746577820205474,0.864608867770695,-0.360763168860212,1.14783186065114,-0.796300179637203,0.25416874670446,0.70058759203594,1.2884309745509,0.0763020222469686,0.574677334357821,1.35181715961408,1.11462762655588,-0.249733080579252,-0.418420798091903,0.823531739985538,1.70923552219066,2.11121534215568,0.398785960059441,0.222294706387049,-0.556219416227691,-0.326026956981435,-1.00075603005139,1.94128603983064,1.47798232940821,0.320149594655268,-0.153436917616472,0.943526599080367,1.38979397438007,-0.964287087109103,-1.04748873495427,0.409992389775782,0.0463799989638335,0.243432832231804,-0.198108212479656,0.63405899732673,0.809076794291699,0.930109575139412,0.0751106502759509,0.858448242923963,0.329959480418238,-0.300547251820764,0.174641445111355,-0.258307178469666,-0.386227910518141,0.342947544483858,0.999875616773036,-0.761864223559862,-1.22317319152935,0.683549317457023,0.407174756944227,6.28814793623739,82.4384737780824,2.0951686747901,99.7498883498863,8.89464611853903,6.32588228284387
4,22.6007164181611,18.7995849545749,17.0362254588859,94.5141763202839,0.194430834054147,0.398574220128677,0.91492156099603,0.218074066351416,1.83088830521983,1.37513843233042,1.10362810764616,0.112913028525863,0.835254923806319,1.15428633528938,1.63925119240671,0.851605813258893,0.860533328135565,-0.775529516870284,1.00910225878437,0.587075319713925,-0.850477627473688,0.785131055697678,0.786269441157505,0.699014701730887,1.88791863747838,-0.211409979588324,-0.759092526659188,0.674985491911267,0.784515135751471,1.02044777224817,-0.0980202617320057,0.12985416529666,0.0725966561766158,1.07794674608852,0.092480064290268,0.481494748122765,0.27075007490247,-0.40008247170138,0.73992282286078,0.129268476904025,1.199184784598,0.918744915862042,0.353299443437424,-0.0136158942391552,0.183584803201645,-0.382862710342366,-0.145452503053333,1.25774951857581,0.311998840048217,0.890633112762057,-0.10440361376286,-0.451742032326818,0.606713835627815,0.315953108259607,0.646573024632945,1.08043495598424,-0.940387158677545,6.41986026369643,76.8028371392573,2.22232534864336,103.959377600719,9.01983070102596,6.32432144565153
1,20.2296137371182,10.4634948196264,9.77624882144184,90.9806073659197,0.139106026837612,-0.515220375156353,-1.38023454896701,-0.0907122479486682,1.9176301329086,2.65230723728385,-0.403757166898784,0.0714493933162285,-0.266349559250665,0.498993973964256,0.17394645733061,0.158686042738882,0.0978533112208611,0.583507382619342,-0.245600440004905,0.444874031507024,-0.251436513551937,0.768252678391027,0.521994210045562,0.649029361849025,1.48639143414725,-0.27231680365989,-0.471159429901159,0.265426121480939,-0.852968113670284,1.82961596780724,-0.132344083742782,0.745523328840156,0.182127934095811,0.666029037871779,-0.260815650617586,0.191857810938793,-1.19356731357088,-0.187125664017982,0.249993389272013,0.615507454902455,-0.538126077459999,-0.354102968135581,-0.17355983743448,1.09696556636993,0.467055812597328,0.634292836816436,0.486496927453697,0.348751290030977,-0.0831252958663129,0.276702048351506,0.290070243192034,-1.4478349969318,-1.85040164289775,-0.999500699162537,-1.66851917440551,0.75513747182793,-0.271507200692065,6.57807953819111,83.498120322735,1.9996139769181,106.822309083289,9.21416083289206,5.59059633495526
3,20.6224170121046,7.97524086780968,19.1542948494584,96.0378657670225,0.662150814096089,0.735712835227139,2.41953480920061,-0.277161250448458,0.590234333097166,0.529219865172394,0.965026597643504,0.467829635590304,0.308672278450122,1.01957893687123,0.346392576232398,-0.245138249996302,0.89052899382458,0.47683058380948,0.260840261932995,0.240448109347899,-0.279515025017555,1.27504810939205,1.71253448724608,1.99568113259012,-0.0594575858635398,1.06236430091908,-0.166463342522745,0.397763984124062,-0.274300628205033,2.7647488729461,0.286245198202346,0.944044569993401,1.28264225456677,-0.455865134041225,-0.127506219211548,0.154409718135173,-0.11502164054982,0.685707704411536,0.214119915772749,-0.0164739330031066,0.21369474269196,0.16870130322026,0.258887714728581,-0.405994497893858,0.512296023892001,0.0088130175134937,-0.225914935022248,0.367672172456682,-0.152313177155173,2.18591533637105,-0.509852210459972,1.20109279920767,0.174913460695646,-0.274804641450054,-0.728063745325473,0.369030851990041,0.284207928760995,6.10736551650382,79.5526382019169,2.30363242000442,109.900599137298,8.46281644435156,6.64460819039146
7,21.5384671022593,7.2958365086262,14.5306650824052,92.0298079260588,0.989703514919601,0.479061362419862,1.24742724159114,1.12797558086936,0.362933708158494,0.40666468119733,1.40210430883926,-0.738888775373755,1.99520388103613,1.48806524512194,1.44780806590129,0.706157734953474,0.366677229114136,0.602231092766046,1.06041024073606,0.526181514389363,0.519673242700461,0.945125049931528,0.837711736794917,1.2274300134396,1.51467097751654,0.587462607793262,0.383559835084635,1.2774156768072,1.08535755530598,0.767165151494259,0.62484784709658,0.132942336147819,0.981767254575668,0.326535984363837,0.553700209589673,0.0388926302676181,0.935538569209081,-1.36707876362315,0.708526954912266,-0.650553394141443,-1.63544217119345,0.0760240714789202,1.3685106654625,0.0098439964277413,0.0226592661774291,1.68190617742057,0.337376855495146,0.363284335510699,0.0255220472957263,0.816050400075029,0.971031970250141,1.07250006829163,0.0150644250071527,-0.67963681463882,-0.806274121088615,1.08509090347027,0.137801605170475,6.73418303109523,76.0264808410885,2.06129196540445,100.989715807949,8.05873098285695,5.89984712273316
0,22.649653817281,14.4544719261148,13.8261135039299,95.4647409942302,0.271233454084919,0.232483421949365,1.08038042499647,0.256945356697555,2.27010286550612,0.532662280740212,-0.328227861302913,0.511373002572796,1.82575491918199,-1.1956283914586,-0.193667972003853,-0.515658940106193,-0.219947005536372,-0.306345608783824,-0.172189221197582,0.796263928029332,0.317903927074986,0.309934608208966,0.235168989840809,-0.0023007457897663,1.09506990212147,0.588652742586232,1.2228119359147,-0.172623442115793,2.28564173211233,0.210046291302475,0.548591297057686,0.726495204909944,0.144642992231939,1.36120510822831,0.3771673799871,0.630706235353695,-0.43064024754634,-0.626816921610513,0.0730450959423802,1.26128465604993,0.301385283419846,-0.718441610817772,0.315444187069709,0.469538827678047,0.559023465938859,1.55404278679183,-0.337041270254658,-0.0854796252612406,-0.429339578005143,0.606419829775893,0.0571779771890275,0.776595054668664,1.42369485573611,1.22076204944848,1.24482071036368,-0.711713636515873,1.02308936933434,7.03223354751251,67.6528242647459,2.24339645499791,107.057237663962,8.60686946213501,7.21309695695634
9,20.4573829388628,13.6452911316575,-1.84286417219671,96.3515683794772,0.0231250369845258,-0.714396492713616,1.07418326164849,-0.678835269241333,1.94045058599067,0.746594461310541,-0.44151756340456,-0.003463538604828,-0.644219336960005,-0.0141571109107884,1.54664584295614,0.180004476227415,0.800098048690807,0.614379268404051,0.693903354121056,0.389133522458093,1.68632239155308,0.231401392216931,0.182001620168079,0.516670662518978,2.05742953229535,1.05354217071024,-0.120168090397193,0.497723120281246,0.971248240228788,1.31148745178798,0.835788344717952,0.858809578857367,0.154475602793249,1.09660785194017,-0.218063394953017,0.219096229020078,-0.296984328539972,0.886781704766627,-0.138206887748621,0.220135511870199,1.59543647819995,-0.343588328403586,0.738283839387473,-0.485365487897838,0.487851850929861,0.253559101997775,0.272490996389658,-0.955715954914495,-0.138704090442174,1.55336015256715,0.412176275259782,1.48104467491422,-0.48246447410883,-0.376475062553361,-0.374768167044485,-0.430319387788344,-0.806836307134582,6.3986281057008,75.9069605558396,2.14981784250352,97.1901104906759,8.75252293159397,6.74515003770184
6,23.1501719162234,12.9691591262447,-9.19821780788603,94.2543350329455,-0.209197923031969,-0.215331571664942,0.300249533682914,-0.0846640664432913,1.27396527895484,1.26478472984674,-0.28792555496436,-0.019958303268426,0.717012938326341,-0.0930950242184205,0.467637596049,-0.493345930683613,2.05644265540948,-0.392224615967877,0.094514432410264,0.414210595253149,1.21951110264579,0.625038298473333,0.876797149109742,0.809681829615238,1.43395091413802,1.05517261532793,0.113199505923903,-0.581825000401565,0.823330386060955,0.0961984770674205,1.07878099439467,0.0770657472570512,-0.402718841991896,-0.159716203965589,-0.257353572350475,1.37426453693459,-0.0628150407501091,0.0579126831508377,0.320982412389977,-0.0084783682405007,0.157375702445347,0.693430217473556,0.0942761078918654,0.369056727696851,0.092658958332232,0.305147609075193,-0.311021361552968,0.0511449780370028,0.029046521460973,1.60550541459837,0.277641571206205,1.10340039548939,1.44902220012578,1.35175599491373,0.881117158637967,-0.580511350414542,1.17092924133502,6.49998615215977,77.7534541761836,2.19992254494338,104.040220127034,9.36168984422383,6.64288604520376
8,21.0252208352554,15.2988006239659,21.2631195356244,95.58119451259,0.362991237775264,0.296652016101332,1.8894434154646,0.634144771440942,1.70677264282386,1.31458662011964,1.06853496632525,0.540729643636149,0.592217002530469,1.88002038400355,-0.463458801516416,0.236955712537653,1.77112593414432,1.52568817268243,1.75043863168076,-0.746035373838521,0.317492655381411,-0.278322788358776,0.778263067353775,1.17713194990829,0.100253656605709,-0.24877871064975,0.70056992617634,0.261225287335189,1.13057444443935,0.0245348497145861,0.0499067240033574,2.16928662426732,-1.03378538229638,1.8863537216067,-0.401922031868598,0.294830044192984,0.625970867373174,0.254523302260109,0.388156123498653,2.47811336585975,1.23825702511224,0.0381913299827852,-0.621610804453891,-1.21681983213048,0.531325197783844,-0.400548619436904,-0.576416045258162,1.05447341236546,0.470074076135108,0.758610027925424,1.11154132650289,0.398256663107586,1.60497190992165,0.907324539467869,1.42166799942398,0.639168611191818,0.114944676021425,6.09779271070517,73.4000617303278,2.12014248620905,107.181499613783,9.94224164139809,6.23390608244972
6,23.4840052770631,15.2109980375687,4.63002717144258,94.1481101180136,0.142874796768259,1.08695981920353,2.76159223144848,-0.335555591783681,1.50680538573355,-0.249416264845077,1.27453019438718,-0.664230858147975,0.252341235188083,0.552076152649185,1.06484013058446,0.196360226203421,0.493925641429496,0.317458366654282,1.13778482299597,-0.754923451018153,-0.817916616146585,-0.0063235247277247,0.695916127955339,0.793379986517997,0.911081270210652,-0.591499000301434,0.245463367491593,1.55589257967629,1.79045856677244,1.25570051698243,2.66399003165984,0.756386540559953,0.819271095550364,1.70222462446602,-0.423865948182695,0.885796665254371,0.248052179468635,0.0940848789901944,1.30039256813776,1.36825040407907,2.56234068826525,0.13377832261108,0.993606796798739,0.317935041785995,1.52440114222611,0.340394978489311,-0.414913182456302,1.60936725059276,0.372462362942818,1.1503846705666,0.054600182847213,0.28251770725778,1.21539832585219,1.00941497791817,1.67855896552066,0.0797492473019119,0.658320297762591,6.70218752553902,75.3975153222591,1.95504536095455,91.4476609352494,7.66445818005512,6.24607220769249
1,21.201100378327,8.43570031510125,15.6418635870171,92.3955577584488,1.00239504580564,1.15750452750826,0.710049745653354,-0.234638478547,0.767339526887268,1.53511919156988,-0.265470889143216,0.42416897990388,0.982014506328685,0.0213266532028208,1.10569885564525,-0.116445026978676,0.487622615815646,0.877862043673977,0.290007192539713,-0.322177105155909,0.827043172729149,0.0206686672950001,-0.418862581491487,-0.14667178392437,2.78454615064928,0.376876221448344,-0.193390428234142,0.156287830776436,-0.0305049423056148,1.84943186363253,1.61624593599038,0.789856015926694,0.731682513345028,1.17752044821113,1.15096310094799,0.0364969825365556,1.58991279342532,0.866078198173444,0.960924353750784,0.681611325179295,2.62732923943255,1.44831361699969,0.385132616609316,0.852581690007953,2.30317381877484,0.104569098703897,0.911591479501899,0.63861514399187,0.638702913604552,0.13027459292876,-0.0205745682128286,-1.03729614571338,-0.48742351969986,-0.70870873538528,-0.647396005585473,-0.323193002281709,0.504646472879778,5.81723851950701,77.0098535450374,2.2954333933806,101.960075622833,7.41632275675613,6.05628538786953
2,24.3210127812771,17.5121261497413,28.6855436013462,89.6653952526896,0.0848449774764296,0.0844544338101036,0.372593466643247,-1.40540435750601,0.56133749968724,2.05592644777914,-0.972528906914206,0.545209937466431,0.0642714793942738,-0.114256908063553,0.126785070727971,0.70163021877833,-0.101619043854854,0.278892853976168,0.702377333871226,0.210572872027688,0.719198326798269,0.865200218618956,0.87532560226217,1.19412044141959,0.703153724094991,1.04150237206841,-0.32410430822917,-0.119851503824013,0.0570653861760851,2.24763459583823,2.30230370517018,-0.18160534695004,-0.210627468885477,1.81796444672008,0.068178500828773,0.761553987363428,0.169726456265161,0.254009684991345,0.695001057059222,2.64740679481123,1.12208025589192,-0.355800566934747,-0.809770079815692,-1.06248027271683,0.323835664591748,2.40020712212055,-0.477052525763523,-0.0164095238921785,-0.363109560222176,0.603323595607228,0.314656976999853,-0.348115268355449,1.24457976996701,1.53123669010624,1.05198196866309,-0.528970231843939,1.11782350483312,6.00947038231094,76.7632573974103,2.29038669933021,103.790143390449,6.91774889105435,6.46209890862595
6,16.9080403918994,12.7609566964838,2.99413991610124,92.316507785376,1.16465051691672,-0.0614430268400323,0.921608812198566,1.22295966547188,0.496795947378415,0.130497367646318,0.249439589699318,-0.538166295280267,1.7692688951318,1.83782660834606,-0.703479208834022,0.81892757434916,1.29021597200561,-0.602403330201905,1.01409260489459,1.02013419436745,-1.60510407698723,2.39982982692395,3.59701626217977,3.67944890519078,1.15841604283055,0.299690688242782,0.404826216912442,-0.476068568713609,1.31226891280339,1.42227600260947,2.3066501372691,3.95248051298769,-1.00475589104304,0.546871858943589,-1.54975665129691,-0.192699693012014,0.72820571299761,-0.0632518184729917,0.385410910186168,0.644051359373763,0.832979375959202,0.307482612736899,0.354332512283465,1.24776083900463,-0.727639116869277,0.22570579217939,0.365860671778118,0.256849022746793,-0.477930070921212,0.677460699775933,0.335520335167866,-0.546233378007024,-0.190436520132211,-0.354527455412409,-0.495422853534023,0.480019435744686,0.341978426214219,6.40692854307501,78.2104461310872,1.96854643495421,87.2742214513712,9.06492556492009,5.88321205750908
6,24.8278056842947,8.49755212002513,12.8025119557836,93.1424920268368,0.829416362424128,-0.0134397850665827,-0.301661510544651,0.0296959388822436,0.68846363835225,0.600794506448986,0.206116800865034,1.55663554983785,-0.644278729449892,0.258755234604358,0.507561618525885,1.01558168835563,-0.371436924123872,0.221992126528397,0.366798889532113,0.211503451174862,-0.361669191008565,-1.62350021636345,-0.724318963693145,-0.87669756680891,-0.126778387317864,-0.715205685491485,0.64349130485883,-0.26124484911002,0.709788113253295,2.24856183951656,0.513087834258448,3.0096612060827,0.157719660862017,0.637559552195997,-0.132497018412812,1.33434201789815,0.527731016364528,0.843422918318012,-0.599272997766921,0.153425162693552,-0.282106246909703,1.15130898003885,-0.618045320023793,0.760417986572233,0.170324677000104,0.0425358581480246,0.196277428176627,-0.0527924580779303,-0.695855183650536,0.497930762251011,-0.103891488480525,-0.917347720593258,-0.754987412238046,0.35277647407762,0.389869543027194,0.675278231169015,0.023360846815619,6.76245894139446,78.2418433215852,2.05643900198173,92.4551762864613,8.36807801572277,5.39017731924429
3,22.4078137401389,9.42053770185408,-6.97649693099663,89.8131740769313,0.202212326634222,-0.719146985710899,0.0453307445354921,0.568398506463134,-0.138985238342055,1.75653356320484,-0.0435581587173542,0.0974087270477482,1.23882706091188,0.405672601505567,1.39500200640664,-0.0034149568318846,-0.83325822155599,0.6348330636007,0.177226592121397,0.520227222459368,1.33513817707057,1.21198591858116,-0.20914813183507,0.874607628228983,0.0436011285731434,1.22668149567191,1.47869530819132,-0.1344330045539,-0.0242428347389877,1.99890092406475,-2.11915963091303,-0.0525464449576478,-0.286088644568992,-0.362787454547354,-0.152977396569386,1.02235506876716,2.32463240482432,-0.186018395870219,0.520492429061889,3.50675118929724,2.31337992824875,0.462877209806243,0.436522750994035,0.111863819288464,0.88771833088709,0.346872829810485,0.212365788016119,-0.0240261003684226,0.287492975335784,2.45534931575434,0.754323744376545,1.01897904757441,0.791637412207228,0.208473061399732,0.460367286030361,0.172241151884155,-0.242904757381154,6.77059859443649,73.3381444054984,1.8739297571655,101.912518528688,7.34224687334652,6.48561048007774
0,20.7555987594834,20.7799037963876,7.34546730700228,93.0789033062654,-0.679645131396278,0.525566643270187,0.943668718212943,-1.09717681263756,0.730103977280708,1.28590776295257,0.993010434064555,0.644755310174482,-0.0231820952946076,0.313855943739409,1.59984337262236,-0.0540837782616256,0.501539839038937,1.42610623827544,-0.554453051755041,0.765708582570431,0.0521983342379867,1.03079257478772,1.71911685973027,1.85693985778885,1.67050524013592,0.0814464003348237,-0.522053221056202,0.434760626075465,-0.0407284879340142,1.88459790320296,1.08810775932255,0.646835017878936,0.792138302165649,0.502921653159841,0.721023294763672,-0.124436401585048,-0.133791198685187,-0.243900969205121,0.549582177553314,0.893705199474377,0.450666244759061,1.27991120480158,0.35841290819914,-0.594087725544107,0.13423329642817,0.660622823451256,0.121098025199028,0.209700198188718,0.346749091514161,1.2528230611702,-0.0962435734483642,0.0506040039082234,-0.0609888333891323,0.217389788320285,0.500927579486655,0.501477483544559,0.434504554474884,6.88918022923605,77.2460336138755,2.05109241717024,102.236170885028,9.01674820211461,6.25488249158192
8,24.8413058324844,22.396201210818,14.0607117988943,96.0150276825983,0.120052539108963,1.11573503474621,0.261535149646862,-0.253235280313011,1.10006804738199,1.46573677280081,-0.864536920636596,0.839886608831676,0.134448903162485,0.812664126262538,1.25609105679942,0.1290659817086,-0.859937477023294,0.0843158910092256,2.2486546516912,-0.539934055805318,1.22202229209592,-0.850150712659391,-1.115818719727,-1.12275636425964,0.135417004527114,-0.426449556140588,-0.167064088112427,0.265828005133337,0.100670937118229,2.67657170992265,0.875434848790821,1.73763401199771,0.30218399562652,0.512769316576582,1.30035271249145,0.813513950349966,1.7685492806441,0.602671521161741,0.640160742801563,0.731059610803344,-0.677127838724932,2.08068696908659,-0.478726665645871,0.677876464574901,1.86769462240752,1.14139515595236,-0.452190627603358,-0.484898622806412,-0.431880507935327,2.12087138107655,0.851500908952287,-0.0544757842094574,1.03963189036707,1.93402908363343,1.5400175653378,-0.499998702822625,0.210763401641168,6.64730623772687,79.9849564450256,2.07771405459422,91.6225955099737,7.25043253780185,6.45339776751893
1,20.8263709545973,10.7542643098378,19.0682244726071,89.6262567611811,1.05022060685635,-0.559188243325532,-0.660196434278594,0.872481888329168,-0.279099719971696,2.36539095722096,-0.343666439026528,-0.0855698948169492,-0.58521347922904,1.00992802886404,1.90305746508807,0.525440701003184,0.686376404891658,0.377815603363138,0.298871191855625,0.316479042155946,-0.198694174330001,0.928581544184411,0.625028270445604,0.814092512091315,1.5501341099213,-0.362204011411714,0.139241576121038,0.124874066450111,0.81433969013233,1.13899756265978,0.792468451588029,1.28402802770942,0.270484263013453,1.2779139870883,0.113688612791382,-0.213214606690428,1.08969705524591,0.0606942939355162,-0.674141184106041,-1.54418411696311,-1.71934470243146,2.08934937184254,0.561644683301776,-0.122875031583625,1.06997744048176,0.398368260403231,-0.124209667766946,0.593841811850184,-0.0852072631568924,0.856292578142783,-0.414312138595226,0.275693774148319,0.432978498596409,1.38965026673645,1.44095292993031,-1.04258264324126,-0.172863272630613,5.731866028193,80.3009666396193,2.30773746907914,95.7764767793444,9.08730893962581,6.20174348859612
9,20.8885903064081,12.9013823599451,2.58662283979868,93.6035905199848,0.554085590162329,1.58722719129182,0.167167327631123,-0.610522938065691,0.228988251712192,1.53974992858383,-0.670556024483904,0.349477512469243,1.50486069611356,0.257364464679732,-0.0319567792457716,-0.538515726663617,-1.24598074008495,0.561272052102372,1.12861997818371,-0.0112429179311322,0.609518749535506,1.49253582138479,0.711631550444168,0.924481591901043,1.37735835143729,0.773141601911858,0.438478604840106,0.0862699187257632,0.151506040191243,1.24498827878286,1.11976527871775,1.69664928062274,0.496972485949182,-0.659028572890548,0.174823853953832,0.585870233054559,-0.809998740076679,-0.0241435811940989,-0.0796819098635927,1.43988519631234,1.46481039614374,-0.514062365347676,1.46888393392767,0.227359094017829,0.158057454421438,-0.0262980390769047,0.232028722487426,1.35788294551223,1.14267005730012,2.07064567839518,1.40954008551613,0.777043038399191,3.01783597286594,1.35448395682892,1.60193155039316,-0.249114161157426,-0.164057107417409,6.65834453600377,79.0009576895076,1.95446786448544,95.8351395526532,9.28319897387192,4.85595919679774
9,24.9160750831428,11.6695266466418,28.1169989329507,94.5478207645448,-1.12470703083902,-0.202138170757186,0.818017456135486,0.521949810894909,1.85454679268021,0.552743075892039,0.477175359703919,-0.22140327018115,1.07409636739775,-0.154327721839371,2.1231394498452,0.959764645800944,1.64947975133222,-0.182644198604284,-0.771940280224061,0.533484241819619,0.450110884308165,-0.0673359213747329,-0.888537150240371,-0.794474631466288,1.60529099757393,1.12713845581455,0.309333180466171,1.5345653134682,0.749154127807513,1.52543902420861,0.435358645844487,1.54017789011506,-0.46488652297005,0.839344603553708,1.11589245461725,0.521481814206559,1.3920810220346,0.95980359395664,0.186085545813688,0.638275605438459,0.717047929427938,1.47445483941309,-0.508829127564968,0.115519753466303,1.31516135256512,1.53061517370398,-0.107861707200384,0.398365034341732,0.094537452663449,-0.340400372633311,0.538219635009097,0.895539794390616,-0.152338235878068,-0.543800395864199,-0.465015533540356,-0.0374080400430533,0.731709174492025,6.20484412081483,78.0857515937123,2.22095851745283,106.23326149935,9.14187238634592,6.37471666020747
2,21.3459337540798,13.1405513772456,-3.05531187055941,93.551158873931,0.93630608358649,0.0884313726616857,-0.136953031305248,0.0407253251026716,1.73061573821268,-1.44329799226637,-0.0543602179134427,1.18228978697643,-0.122546984932119,0.138591499459694,-0.265739737085005,0.0209641664944844,0.70036933884367,0.22040081467993,1.14554944152983,-0.309500129098866,0.205388159608717,-0.950482070021816,-0.44714707750989,-0.436953718457654,-0.0611638247775723,-0.0623514258559061,0.332002294830622,-0.529602244636286,-0.193515861124823,1.2173249811532,0.327085400971396,0.659147039787409,0.547559636680169,-1.13431275436179,0.00988469924062,0.855273265787194,0.56454216555959,-1.0531539514307,0.530872095758679,1.13329727377068,0.906513517750522,-0.843476769977193,0.448386607528122,0.714302698658784,-0.222799485682588,1.58931866091635,0.146277130071104,0.587993625281631,0.175048354323982,1.35993121290071,-0.555181255533989,0.383040931426283,2.00555750333347,1.22715722789373,1.4184390463616,1.56873321801588,0.979350287861146,7.76313721050115,79.0646556800295,1.58848224478068,102.775992939241,9.25544972489097,6.76605311460937
5,19.7477971348041,13.8601563937623,20.3608375995801,93.4990516863744,-0.10533298172449,1.17457392087506,1.8206264579672,-0.152645286365276,-1.2166630627414,0.852609448725862,0.385745444842121,0.761137425029922,0.258655570994297,2.29539260568877,1.82726076039901,0.119208088026029,2.37757518022479,0.178193091913752,0.324553195432084,0.289458135914084,1.47408066475599,1.57069630890462,1.57880033740465,1.20480927497664,1.28818600907797,1.50626230290819,-0.354846213115848,1.60771463022463,0.405007695005167,1.87434451924572,1.07565660127686,0.704126379413089,1.11797737734748,1.08770111037164,1.39547371856713,0.664296475527353,1.45004853775651,0.627434180580731,0.536874109987432,1.55251853518337,1.66420278066672,0.141310978767252,0.288093902269587,0.831656219310718,1.40356508416088,-0.560506875139388,-0.538871459369545,0.409409703233684,0.439161058438724,0.594326901871552,0.360732620409554,0.142647212769129,0.492127543079255,0.559568992083789,0.933183751010056,-0.0544374543916287,0.293918451098465,6.24204663326616,82.8859640135008,2.05277557625878,86.9972221445359,8.29655022964064,5.7044253730913
8,18.5188771965137,13.629513198819,3.63347690679949,96.021773777318,-0.354074890616012,0.740795232185459,0.814384249209666,0.586263460306177,1.66925896703842,1.35109900153787,0.242999767933166,0.959595724251334,0.364584546576182,-0.34437374661892,0.711129590911786,0.483592170231499,1.29980438520926,0.691371676447887,-0.693475436582901,1.08052199464279,0.0710053369286798,1.49799452688658,1.27048246608269,1.159530632393,1.4424895996656,-0.0778601845736226,0.798166297102954,1.02967470573733,1.69305930818718,-0.293115136287616,-1.67898801330351,1.62300057773563,0.372621690506505,-1.0203524093178,-0.982960488930135,-1.34414513451338,0.570304138319249,-0.829927844172373,0.548227095958832,1.28581748629329,0.859937862156901,-0.820104171915444,1.08478361871942,0.341717165556752,1.47223748909747,0.308491208792659,-0.820108337898929,0.510654519257541,0.340199554314555,1.19407870492723,-0.221151048870431,0.1775602361357,0.565379267004141,0.617088345785199,0.85133785305143,0.46126038713308,-0.572734905454301,6.06482546933906,71.9510880316791,1.84761430349916,97.8813440839807,9.04583383389535,5.91350214254366
5,24.5599325390026,11.4471656686478,22.723096723315,93.5448539692802,0.821559045341662,-0.48210518540991,-0.433733254174704,0.976655966498665,2.06547413870763,0.419436958747827,0.47889153149419,0.28170188600235,1.12993937766821,0.115105600090786,2.06851132285817,0.0497145085694457,0.442665225748827,-1.17422404915645,-0.346901085184061,0.317555734676923,1.01319606212168,0.972744639630812,0.599101122353794,1.19795736935553,0.635158109304518,0.933860286969347,-1.31801663007525,0.693136233055722,0.106432812631527,2.38893688243052,-0.524137939331237,0.438857554186518,-0.562956792496468,1.39949155695498,0.391764740192982,0.990299272010616,-1.38695315059539,0.664232208237311,-1.32271832891549,-2.00660047518097,-1.28688362385618,-1.11428136026659,-0.045123497063829,-0.592842789542584,-0.736660247996892,1.77815724946196,0.390537138938109,0.535087132490748,-0.0693207548295815,0.465840925859989,0.361338046937153,0.857293263667098,1.28808086273972,0.384116799044354,0.0324528904639381,0.0560301788317517,0.483717616022366,6.45526286319279,80.8885808516578,2.27544047625585,103.664886539854,7.54923923351171,6.25518713026379
8,20.5916451655108,15.4715982151167,15.7545164130068,92.1749266997298,1.45792295873551,0.483657058775671,1.66975698956053,-0.854180442707279,0.166672763092621,3.10445561923809,-0.0664299416693282,0.137035584927643,0.853738024211833,0.856294900767853,1.44134208619345,0.0600576801239167,0.0029093995320146,0.14887142965265,1.15487487785405,-0.188764115709933,0.618469828738312,-0.826991440855282,0.506759817955541,0.493230827388198,3.50538191508042,-0.0002792023187426,-0.270488234231948,0.0530564157928822,0.418234538463603,1.49945897143207,-0.848200685266114,-1.41549540886455,-0.540212997687792,-1.66406569087367,-0.0436181316190468,0.368519136807549,0.718857427904679,0.215195911595094,1.00842926520113,1.12488770613794,0.663456877329323,0.660415061620524,0.256727150189286,-0.432884550308911,-0.217932710593986,1.27404027504743,0.430908788236227,-0.323115048417762,0.810616671049195,0.435228795463051,0.376235035446052,-0.172261666220388,0.901113753093149,-0.333408100674193,-0.0347035058127324,0.0928976957317392,0.473179895236669,6.01554524739122,79.3466472064292,2.06508157200892,92.4005791350594,8.99931688192552,6.41774728161783
6,16.8075015711339,5.5140227464823,-1.25108463551098,89.8254737157137,0.0092650825727198,0.999101546753625,-1.65503472493837,-1.63570997650806,1.17794129047767,0.942584138084024,-0.0319099718430987,-2.13663535841066,0.376204290405776,-0.396865876296812,0.397936221492512,0.421379426220134,0.0304203464525892,0.557865597254176,-1.13964383804821,-0.0033905504735909,-0.111759033618095,1.26750525844405,1.86640915978746,1.94833101716864,0.436551948311408,0.931887942881561,1.84479631783939,1.19172825846261,1.41959180594131,-0.436988413103962,0.262510767720789,0.607589936290242,-0.267518692907054,1.40913565659043,-0.804699458228887,0.177176063080859,-0.0308544065968953,-0.0585128054730337,0.564608312321065,2.03296201448179,2.05306692286481,1.92448898327186,0.4573412679425,2.00964371132873,0.482444631450576,0.344771710379872,0.41865578906647,-0.842794396330192,-0.33861804070577,0.410303836939374,-0.466106320357196,0.0686480879421763,0.634599047117424,-0.709851039522724,-0.908866080711549,0.884382357792271,1.22147946025844,6.13852660323377,76.0354076163541,2.12788216122726,108.560302363974,8.72931286930305,6.01889872703317
3,23.4583851232236,10.9857094954498,15.2399067716259,92.316569386168,0.419908340892118,-0.107097946810008,-0.448132075319856,1.68984919227786,-0.115937904373064,0.668632196903715,-0.213335336404536,0.521849054256957,0.0078978075496061,1.25628989002463,-0.226416012885795,-0.191808886972557,-1.51197069775046,-0.67305848587826,-0.932339832726658,0.102804496932667,0.173218183948043,-1.65625962771272,0.736240233899519,0.589997584810993,0.414246296279778,0.284408730511611,0.315248211115713,0.578267269866875,0.981194220272688,1.05873771020144,0.124753831215392,-0.0768520874347904,-0.21508553763126,0.468333034028913,1.1019735181104,-0.0622152446216193,0.354876032745386,-0.287017166103556,0.419233436546016,1.31811179720462,1.64547578247373,1.22572676849346,-1.26914554553918,1.26787347951915,0.417195521932053,1.28487028637881,0.83904548313115,-0.764210415313182,-0.367611787031522,1.50416166400164,0.370986281557149,1.66052985788959,0.352209993286184,-0.362644351948404,-0.0392000180187661,-0.323578226976199,0.61441710692423,6.18702435775734,73.459769009661,2.43309508783771,93.1756341459095,8.53877037547014,7.26646049267851
8,20.9987649907764,8.39859075400962,15.7742395818356,91.9584014819682,-0.674706078372615,-0.100577038412613,0.37209500225473,-0.134945790160097,1.39135763673692,0.872234249950651,0.632732196072694,0.0385217326225693,0.0386318151934708,-0.528801046007671,-0.868602103541891,-0.254753278624024,-0.0024538363597153,-0.282960904845131,0.118172092672835,1.00169947391339,0.924980668401499,0.153623162071016,0.326712501949118,0.762783797404504,-0.590490774280324,-0.689302818521102,1.37425072025039,0.71471531310301,0.0829306519106413,0.898288487490688,-0.556050827542274,0.709765058233957,-0.254828577320037,-0.601725294884878,0.614954856909971,-0.81505121569348,1.04007067072909,1.42528274157304,0.0018106922633629,0.558605728603558,1.27327997610641,1.74560841021585,0.234067981707259,1.00480359067213,0.0705824808878657,0.424627214128997,-0.391830429955511,-0.166522620442454,-0.644086567604765,1.4579246726474,0.33941749605598,1.11783815205857,0.831773135258617,0.180329353399973,0.150481762845867,0.167912001057039,0.914041796327547,6.5936438929462,79.2009472638645,2.01772902727634,102.166922479186,9.27123664826393,6.36776440108414
3,21.6314832473961,22.5266254967005,12.1983662788531,93.2791212892023,0.939501399223122,0.42933941869174,1.72308170630811,1.20828555091841,0.518492360975599,1.71939133905809,1.00940521386378,0.130347916062602,0.173568450925072,1.46123010609772,0.33454198055646,0.79130026738555,4.35578211981504,0.135952145650584,0.928122054977501,0.885847484455718,0.378680767723027,0.942897473022195,1.05694473241261,1.16124846564319,-0.0705494456717343,-0.749605198358676,0.49475380838362,-1.2413014440405,-0.487287855422801,2.22039153703889,0.735739773757132,0.487702272229677,0.0339319363186479,2.07822447644223,-1.01319531487743,0.510772688930465,0.860335452515374,0.341564793554422,0.811405813742158,0.99613041945433,-0.550538542116048,-0.299713724417411,1.0413850096459,0.208282563442764,-0.965828856954817,1.48201776661996,-0.242827228149026,0.628826341067604,1.24443626635563,0.427927737729977,0.0452734244341692,1.45831194619051,1.11779486466313,2.07168044130909,1.74074497204365,-0.684455024143461,-0.0397975004673352,6.17837311564764,77.7444557762917,2.19393942120712,87.2180491510542,9.17207685809136,5.64027208570808
7,19.951656395493,20.3768652018319,7.99938355602626,97.2845749020651,1.03699149433937,0.14253734372802,1.35804185306513,1.2725171334691,1.69934118023114,-2.00503757341811,0.22286195026886,-0.39018617136793,0.897100302193004,0.722038749727838,0.492296514089705,0.0752082205873598,0.209959557439191,0.231538375210624,-0.0422346800480566,1.37961598799672,1.17495044428484,0.68976335159263,1.89382116615649,2.11177815504436,0.154248887677112,-0.0566957615525684,-0.0057413975961013,1.50997318156667,0.0054277649628234,3.23923812964605,0.866841827520133,-0.791218792571929,0.775936076651011,-0.637365446662534,1.01790667503874,1.14885011049974,0.716642919577696,1.16515517086956,-0.160051800181423,1.44360802349047,2.32877576482018,-0.0436032035917617,-0.363015111043461,-0.244940442079703,-0.998183150831352,-0.0379316612619057,-0.255343022525791,-0.892404393349376,-0.684562192201323,0.948189083071203,0.299281898039459,-0.701708032308249,1.37508378595114,1.4319704953467,1.66726818300981,-0.318641518701203,-0.58827955814364,6.96405639388381,83.7846884478987,2.26171176624189,102.550633309231,9.43638334418013,6.2289903704883
1,20.2545969760998,17.1708752673078,16.3897298236083,90.14502128846,-0.828166289869759,-1.20740891279362,0.325216146540299,-0.591366503731459,0.298730311727058,0.898247616594379,0.222926294680988,0.453187180845199,-0.0435787942890699,1.27105034958205,1.53614575468649,0.18103131199458,0.196245347081219,0.654472960486043,-0.119649484821044,-0.169341391660668,0.311729536329902,0.0213262989416148,0.866079057826066,1.20804543606855,-0.0303127790363267,0.498339404886933,-0.206600058597322,0.186405874303078,-0.542304331215824,2.73872115292279,0.836605726603507,1.58629613982189,1.77919387227419,2.08088351228146,0.961150748400737,0.378779111948444,0.928655770270427,0.965079499993041,-0.135356595470158,1.53232150092258,0.411032069165666,0.0671799241594861,0.327596292887069,0.809869267920817,0.617067453860086,-0.279893936196373,0.585976328090206,0.372735933986052,0.82061751399647,0.643498037271812,-0.562868254210192,-0.308839672968838,2.69864685888502,1.73826268122535,1.64953227039067,-0.514587710042862,-0.0791429944896688,6.07518040124245,82.3564214430509,2.08325591332631,86.6766343919616,9.09029469401807,5.18896893083509
3,21.3748399466277,18.469893346471,16.6911378924177,89.2028397567592,-0.916424818728378,-0.0977288212119134,0.279559732932921,0.314776820033975,0.453246017900325,0.0062189915277117,0.154505999583608,-0.520800453269941,1.2337051340728,1.62865273998522,1.04717480265488,0.526634276630398,1.98151401634378,-0.0374842272598746,-0.203739449127129,0.322315279053112,1.70693313977499,0.0466073898086338,-0.193615846388067,-0.562606420756093,1.9100042394705,1.46870648335775,1.39286850985013,-0.0653604932101509,1.5942805379423,0.248269869050201,0.6539861509654,0.825166066921328,0.405382197777636,0.683640104610369,0.38201133039535,0.684078988771649,0.255734426626052,-0.561916878991695,-0.172458332231133,-0.511004854583159,-0.0869505204738976,0.595619521135474,0.771275257149468,-0.163741631077873,-0.261633120479953,0.597522210219552,0.832243451095371,-0.366134987470109,-0.697923572155381,0.156985612053207,-0.511206618613667,0.795723893303313,0.947837085757016,1.26609201249417,1.78063985630916,0.624435263437289,1.36652785632998,6.475200417323,78.1123750668714,1.93168791700321,97.6115597533866,8.3532721787217,5.77053972619589
9,17.734912375512,20.7130553842368,11.9343522483419,93.581679394576,-0.231251099074592,0.012210148884537,1.72492630010416,-0.418118700377586,-0.126369255889343,0.660344787899314,0.175182983670187,0.25581420360327,0.953612559504481,1.83869853623535,1.83984814314229,-0.131250012345951,-0.862797329564726,0.223688264846237,0.804122355515996,0.63036152283844,-0.535754817175509,1.70400601757103,3.18464510667213,2.78346665917954,0.196814125679103,-0.777513758254875,0.966800483660195,0.149501899398729,1.60131391549557,0.0064114759723294,0.889630344945337,0.67276377722278,-0.259189289743424,0.235486986920273,1.9469383369945,1.96462540927614,-0.103278510220882,-0.0042604937694726,1.32039542322056,1.15503658538527,2.26568228643744,-1.43573954884891,0.18214337844531,1.31828767017924,2.17901903852123,-0.233436311250696,0.0850093138268418,0.471322310310533,1.14354098281431,2.26120753201175,0.514626115475758,-0.312731715663958,0.423097807286358,1.4337894782416,1.52964369552368,0.0779284717698246,0.374305389501335,6.98165377893925,71.5330150222055,1.93083890092201,106.799395813656,8.60014401295576,6.66826807675647
4,25.1873327292098,14.9445606353113,15.8862924580318,92.9615024760744,1.41508702890131,1.96993194807035,0.212112346260179,1.15576574996978,0.789359228455337,-0.0909469539128223,0.029671246782895,1.90822079385307,0.92654321633311,0.286272593521926,-0.24345703037878,0.350084780309812,0.526247159798228,-0.710823728715806,-0.117121493356922,0.531759834456653,1.66723772675657,-0.777395822066443,-0.557619959452017,-0.547117419616252,0.969440020259366,-0.734890316191166,0.485204931045851,0.894156374817278,0.833194078325114,0.418860333415629,-0.983330680830393,-0.747331218879146,0.0348420652304481,1.41568006247083,0.934178263390598,-0.0612833969159181,0.893999249934302,0.0824830972893757,0.449228694273497,1.82828060175236,0.631007246986478,1.60612056577686,0.582201862242928,0.732187287165316,0.752115438341662,-0.467719455292492,0.487497576532501,0.588784434177738,0.284869063337968,1.06426422820536,0.323405248612517,0.794153893635047,0.808776896851778,0.92715082754557,0.349001941408908,-0.70689727543206,0.576616172702203,6.80331827182854,72.966986811569,2.21688512726577,91.8916889228284,8.62810040131891,5.81725956442029
7,21.5092582985696,6.96670842793339,2.40775233263016,97.9971983072408,0.428271651082117,0.248107197156485,1.1240740204898,1.55180985353975,2.46262715627252,1.76914283908909,0.589457029013741,0.599627241828124,-0.0026202622333528,0.304932140904727,1.55165795868733,0.224607115044686,0.268331865799914,-0.325714839203374,0.905528123146548,0.43186491427763,-0.381701930555735,0.596944498191688,0.602983806529456,0.102831078147493,0.156390093083599,1.13789802945998,0.398877422532127,1.59751451238967,1.04584372780664,1.06541414376838,2.52423147383572,0.791204766384338,-1.23046862962643,-0.734737127621479,0.13952971695618,0.609971190533405,-0.567807679047173,0.111780128340328,0.327867805843802,0.684642165215092,0.313073004486287,-0.0840734137120717,0.61553776881645,-0.253957517471495,0.293360392168703,-1.46673109510704,0.62017725776084,0.347951062249425,-0.371036128874045,0.737654014687483,-0.708865430016871,-0.710119731484401,0.0747014831740688,0.0021464868105618,-0.40222919867341,-0.129887401254544,-0.0457163407555412,5.7395746075649,75.3537775727914,2.10651427632294,96.1915078113819,8.86910344834051,6.25213116868906
7,21.8658877636614,11.7789701820537,3.05789320628579,90.8107963165405,-0.732848898866309,-0.0418444623358281,0.476776538453757,1.06065732764131,1.23366499538964,-0.174565412907093,0.175280009659342,-0.598087129883487,1.74209647016544,-0.719858893872656,-1.29324852134192,-0.225868734476336,0.578785056309314,-0.228795821351974,-0.924585854254262,0.901023440900173,0.98025516805463,-0.197660769921661,0.122042363459831,0.103722680826106,1.74287647115214,-0.511074854324984,0.244588893799293,0.836406550774698,-0.346106467670024,1.54753884704594,1.12366033141248,0.909932781464368,-0.24042525073237,0.618506313096415,1.34320450386156,0.54039119197301,0.250371980764213,0.466583025734331,0.485911210356445,1.86095045064346,1.07635978768045,-0.0198137908050005,-0.710993878453816,-0.137105431962556,0.468191219585143,-0.740494116987438,-0.185588169896452,0.462666218035773,0.157778272080936,1.23014238457481,-0.910194381236949,0.277189741218092,-0.774004959980422,-1.78727412485954,-1.98562578350566,-0.814164432753274,-0.0500853246553137,6.44436478087257,78.8759058719631,2.01659952378798,97.9222660562735,8.18432027366419,5.46533123320245
9,25.7757733497167,25.0605185715553,-5.72343733691196,96.4838888483442,-0.639001924661677,0.264767908594589,0.503300581199331,-0.14217444125842,1.18084958598218,-0.224809851581262,0.192851141567739,-0.345538703982366,-0.553394607571287,-0.583478342471342,1.17378288866737,0.887261586345023,1.5938456456426,-0.68637747650211,0.993115994950427,-0.345664432249941,1.54683591834605,0.810341716117327,-0.552734740320343,-0.72818244210933,0.78123834082641,0.514635751417885,-0.336153148475774,1.21570753039658,0.529015770185591,1.18949665032857,1.99181606112596,0.972892876100547,-0.180210364649349,0.167984653195815,1.77048973425967,0.715029257039822,-0.797752937783932,1.67829645150377,-1.11631662823133,0.722844012997979,-0.524542882314407,1.3465973384816,-0.94467136203113,0.859406726238314,2.05000372066269,1.29481742485943,1.10866871822429,1.18049790685665,-0.491437102458367,0.29347416131128,1.47344839470161,0.102967631772347,1.91930728520676,2.24137825649921,1.93344364347091,-0.22865428895626,0.745821765877047,6.73779037235348,77.371609880384,2.08612863759609,101.15108020006,8.15975494017513,6.04439405891706
0,21.9306478903244,11.256036673706,1.74153576090243,92.199708852463,1.2100247325751,-0.3487871652447,-1.38083053937153,0.34988907747548,1.15418613524853,1.7256071690253,-0.578977334500349,1.29706133664765,-0.1939906605745,-0.274221130615537,1.91753382843818,0.270786028371266,0.751246273074671,-0.397987398658846,0.741979332670462,0.776843508035543,1.38194564758229,0.252394842622076,0.636509357685729,0.885006156368098,1.49491792308521,0.383334096279303,2.11574528223983,-0.244077210831528,1.80415536388025,-0.230548178144458,0.996364518083933,-0.371658829579073,0.647698981491819,0.233723989250713,-0.984821553276863,-0.294646836882994,-1.23228759301758,0.615464340150749,-0.79167190519227,0.985271516394741,0.0754513877460008,-0.726803034616866,0.054763352039684,1.0744615897121,0.04312755089898,1.32608300556415,0.689971390181196,0.347400777049607,0.19608201873781,-0.735615575409145,-0.24206243241588,0.9826596470792,2.26964103157355,0.699441597091653,0.767140600867228,0.337884785018558,-0.209347558879943,5.96821866676797,67.8743950395239,2.33755934492517,108.666757403479,9.04624310687416,6.21958030903637
3,22.8651773388379,12.1281706160723,0.646415827131447,93.491622973936,0.513012882016809,0.738036273480912,1.0798617293623,-0.698151728555091,-0.707360569163978,0.543840422332991,1.19622979893591,0.453155440315481,-1.18074610382951,0.130586887611186,0.115023025314244,0.0351285341160105,-0.132057221782767,0.134896372698136,1.22629670407849,-0.44598638059692,0.904603817755175,-0.597786860788241,0.530023914260871,0.100745920939991,-0.54530247497078,0.226785914348779,1.62151433346933,-0.943034379506033,0.770455772779832,1.09014345535349,-0.30350444806435,0.279409475129684,-0.995571779360962,0.958913061957866,1.09913748340346,0.0829505709508271,-0.335936298412145,-0.382831903712437,0.170080979323914,1.06824376516569,0.590884848616863,-0.484278177334832,0.496360429318308,1.29301278095331,-0.207322905149324,1.01633515512199,-0.0128349313132902,-0.0101563438269799,1.10673728310959,1.65677136419725,0.188710911994807,-0.492052858035278,0.516092590519281,-0.11777041840854,0.307300639260145,-0.081206661525984,-0.440984084293429,6.75399329233974,72.0807955949002,2.09195085373914,95.2232217729012,9.66883240606776,6.16975646402383
9,24.8399429114849,13.917900434549,1.30999871783024,98.3009807162747,-0.0316932844294455,0.574009737707325,1.62326805542885,-1.41602882119087,1.73165851111131,2.11948867068646,0.161199074881178,1.57040674205387,-0.213564947324338,1.1879202792493,0.72076757666814,0.11844643597265,2.48297174639009,-0.0914751654855303,0.142978818560795,0.746713169299702,1.38575466211428,0.404580285956312,0.353231825828845,1.02567022178439,2.58964542558141,1.16469512711215,0.769178842144841,0.26134315800135,1.39735743015299,1.538199109736,1.906921930443,2.38609349766402,1.27398151454376,-1.42989170417067,-1.25100938635422,1.23104142964551,1.48392101498935,0.563336301148838,0.0227502892513446,-0.416309931491555,-0.0664957367701815,0.198468336186617,-0.415372306083025,0.813586048830079,0.864872237348712,1.25638668716787,0.416526630505427,-0.0410866711848117,-0.382980805607999,0.402867139058362,-0.599180559908951,0.522603376063993,0.916228779226071,0.302227888142557,0.983702593865408,0.0052836367462707,0.883653216003694,5.88024121505227,74.4260800506863,2.20896933024218,108.125330063534,8.25875982962167,5.71419287887436
0,27.3424179731076,15.3474828936985,4.91112434735937,95.0386754058396,0.875252379307428,-0.312543096442358,1.36696233205636,0.546312489575252,2.30958358735573,0.125368143039924,0.144704253263979,-0.257864119321899,0.0030639638613868,0.411893294054481,0.280531894083475,0.663636476068328,1.14933783207466,-1.12688010449185,-0.919549129719703,1.08335708861944,0.0256788121964774,1.60242176855097,0.0117108503997923,-0.184701739029813,1.20175381970334,0.110570864675135,0.242975230385831,-1.21792662364034,-0.513021260579839,3.21367877343893,0.186607609863962,-0.677360775210972,-0.852339997522679,2.10422659118509,-0.607384388901909,0.678515882119726,0.298889995712577,-0.876212690642384,-0.008271754836423,-1.1324345208512,-0.258681857979709,0.948177370705341,0.215841856161704,1.05955792655272,0.33821323074389,0.620092855211831,0.141581415897524,0.0800681122759045,1.07988255709153,1.21966433985602,0.946021714196738,1.4735414582309,0.383762260308493,0.968438125604207,0.558822546437894,1.55207344453943,1.35364655226788,6.38061957734357,78.8114777689992,2.17748023918732,107.377967246059,9.66527956587604,6.67623723874955
3,22.1150443566402,15.6242280115159,10.410197925691,95.6029385631233,1.34561046235943,0.0752127043102867,-0.2963839771659,0.278711404677536,0.61381754119747,1.94433197513051,-0.55339499630842,1.044044424353,-0.332948297009606,0.257630463204256,1.08611240257463,0.265093788675038,0.518058586810699,0.575399833188215,-0.135340517605468,0.0906675187032853,1.14096099782431,0.697162933576643,-0.657322583618926,-0.101704685412175,0.952101505207266,0.237194983346241,1.03191127731816,-0.161674899448336,2.1131434862922,0.831066993380478,0.927576038907516,1.25136243320765,0.287293818624431,1.30310153027086,1.13322466728648,-0.156796289664302,0.519822456105389,0.224983220386542,0.866314216162211,2.40409121026001,2.35303933768524,0.710897752987054,0.577684200247239,0.557086187380013,0.142978548800277,-0.0113520922768593,-0.133496260622794,0.0630632790862489,0.299019664939102,-0.779058440445994,-0.248155009852332,2.07750717610525,0.642557912480498,-0.643774920186447,-0.517531563234801,0.125913225623087,0.120505741605764,5.69404604153493,72.2971681028226,2.29536979853157,100.63480230036,9.08278183907684,5.88206995793322
4,22.5988292551145,10.7268555663609,13.3370569626651,99.9092295616203,0.831558659025333,-0.840618647322438,0.333302084526212,-1.02784036159788,3.76534479763855,1.63459539943013,0.291829905708643,-0.19007773462461,0.127522555069024,0.984051821366263,-0.899807823860764,0.568395063281155,0.162338137071698,0.332732432851677,0.0762251537499929,0.260789835254093,0.60758128002859,-0.241865170670286,0.314805863608082,0.415074741600371,2.09365605297598,1.32737240296874,1.74044233690858,-0.629667107894704,1.94642597319365,0.746220953952913,0.518903290803845,-0.095151514084148,0.737668864578909,0.92825381677132,-0.305364311586898,0.909990746146079,0.988928954370478,-0.818700259663952,-0.475764547982446,-0.432357011272655,-0.990967601272694,-0.0407729555860999,0.0319301206153407,0.831768743280231,1.14323815928325,-0.0599670002952915,0.427756470608096,0.50304607866097,-0.241510326564721,3.02158434211068,-0.692713994675593,-0.0389070526647277,-0.485157428591315,0.654951795587389,-0.128778448501097,-1.00727423588508,1.13003799361719,6.12931407834052,70.4761950149913,2.28732446473244,99.9746044171363,9.86535628409111,7.38252423827513
2,20.8479185245308,14.6842180260951,6.93577003650184,93.1109136196627,1.00102912557827,0.0966685404998281,1.65785069745565,0.881880104943126,1.78826437282032,1.51719721556929,-0.146972361522888,-0.118710481304436,0.269591621502423,1.86288685448859,2.25407469040467,-0.0502050461261661,-0.284594152714779,0.155477414432723,1.92912259819644,-0.0873151886752776,0.628718236832873,-1.18798034431309,-0.73754383981333,-0.270345876046773,1.28266580651319,0.713208949074088,0.356608272771094,-0.182381817226854,1.06383491500769,0.958436815189066,0.439409424117864,0.10306742098623,0.345558882528221,1.09205741447727,0.0368050482473887,0.103600155512475,0.834664128536959,-0.38464193699441,-0.278269154321086,0.365791403121912,0.367507368860211,-0.840342133328799,-0.408073841586382,2.37165107058998,-0.0373336439601286,0.842223087537103,0.831523489431061,0.610204311743839,0.88427525422721,-0.298700768756799,0.660053955709873,0.739524520225197,-0.331322760846705,-0.39659250754401,-0.273774451658453,-0.499847964078245,-0.396986205541329,5.46674684713405,75.3800811233724,2.2873076622407,94.7236569134238,9.87572955057105,6.23176641596042
3,20.9460539156946,14.2820892348671,0.947492550420867,92.7569741233064,-0.104364850068681,1.03910413919099,0.0005782077648038,1.00279720095166,-0.361605417263068,0.642243571876061,0.387471177299031,-0.855628574287335,-0.15315476840864,1.88421171305327,-0.608158205711009,-0.555840875648209,0.361174840113152,1.24227814374112,0.850765985441761,0.0009239863310153,-0.169190966020865,0.162483308775503,1.32518908957757,1.12078615853732,0.556625507160993,-0.12129291972561,0.662976951018344,0.0201292304810033,1.59425257854812,-0.974416155977143,1.11831761203203,-1.31448462976831,0.854223673232479,0.396440800990649,-0.0871730228760078,-0.279833180924317,0.494096618502287,0.514608986677791,0.89789204069822,0.696286521822916,-0.292370157906697,0.103654813687827,0.879313664049573,0.0137370240420007,1.44870250342746,-0.101157850649686,1.25241451019618,-0.533432266009392,0.0071290891106721,0.781021579957499,0.265537267938607,-0.0747616596531526,-0.351151475002917,0.73617678080433,1.16111930814172,0.467150396847325,0.638825067333067,6.34269810685586,69.4246993101004,1.92774201940594,87.4500608835259,6.48028039566747,6.06732542104785
0,19.7844436356502,15.5281661369985,17.0919024207713,94.3667138183388,1.26364155510657,0.163507437114847,0.91631141431311,0.0635478642374154,1.18986924863712,1.33542343770728,-0.502368485360421,0.339223926902959,0.778653651856708,1.92789896383073,-1.84259019947885,-0.146585292309672,1.92729850252896,0.588399872126901,1.70124958708701,0.174485213387378,0.0855735044228797,0.742969188431032,1.32374134021967,1.33601338412697,1.19162093945562,0.542833917320101,-0.428034448435184,1.43172881943417,1.25083654372131,2.57875886217633,0.447586923439501,2.1806268296236,0.21224113996601,0.284911644520587,-0.515836633968892,0.847761017143085,0.650558514128333,0.0520453628926999,-0.110617908197241,1.95316151947227,-0.0742121759901919,1.12962643134682,-0.0749649126412324,0.489192342005947,1.73119394845323,2.45712998771204,-0.418920729824125,0.383045812207788,0.500962079317921,-1.48547256483556,-0.855890029650701,0.0545974987196637,0.621956891288163,0.0161781804041741,0.3973250611608,0.0371001557452033,0.465792027255487,6.76049033729194,79.9177748814642,2.0869507216389,102.300321175485,9.1308053693863,6.5323205697399
7,23.4515739315233,13.2557112749955,15.9818332971636,90.9082248806065,-0.382433349407335,0.35175306856016,1.68252927504159,1.20946351331268,-1.02528382559041,1.44232596101813,0.001506563861389,-0.501990961048104,1.23933698995792,0.978266367141528,0.574510110673429,0.768214108317893,2.27993907820403,0.815276604772392,1.51735682363146,0.513731342855665,0.0409602019833063,0.819895055655397,0.133261775448012,-0.249598945224992,1.63243750948744,-0.113946899568263,0.905077890102347,-0.625137860157586,0.882901415069043,-0.510700246864717,1.51235201347316,0.175327612571806,1.09924916199317,-0.0704090469024505,0.0843012934939704,1.61684170569139,-0.406243275974907,-0.823142654993646,-0.033377608654447,-0.785736439735691,-0.711678302486756,1.40173833974821,0.563056269753442,1.11751725342405,-0.151746002654756,-0.387875612083702,-0.174741347865384,0.0046588943900104,0.471136410140316,1.33821386937692,1.4403290964631,0.903744209190802,0.961202930763193,0.189792761043543,0.268835677756529,0.463616317802776,0.741965022417151,6.49966630574614,68.3473346770913,2.12577851609276,99.171447383362,9.36443947863542,6.44079522850489
1,23.4475175791974,7.28970347918597,-4.87160653637144,91.1061626915933,-0.371552560934131,0.598838688066245,0.90478564258572,0.470775368292375,0.436298119537693,0.752652015171106,0.0792201763689339,-0.259945157819652,0.590886019299636,0.772379461846347,-0.649792993862759,0.380748425002627,1.05945670800786,0.224160795976903,1.22496834117273,0.199664354218071,-0.102062709883607,0.170493076888986,0.399239875705338,0.555299388194018,0.0521676042915603,0.220605021100799,0.528520676684814,-0.0997794485021342,0.923917872679747,0.76481241991323,-0.608523896421328,2.6851061794745,0.565261757565291,-1.0516866990366,0.692524228164527,0.911266403815893,0.563404783662655,0.347496155792956,-0.0102922667699454,1.15253821231059,1.21048066214794,-0.714306363291876,-0.415026579977509,0.0560211254284908,-1.05322134465115,1.28914664864986,0.112590734402175,0.0126249510431024,-0.459113908743671,0.188763877039423,0.0536543078083933,0.352377428141484,-0.660264171649336,-0.910010322593012,-0.949767242966574,0.348938103923067,1.05783320586512,6.2259471924502,74.2396102299195,2.17781005213796,95.4759561767232,9.45105773892971,6.23331119214715
8,21.7811411084205,15.9156271698043,22.3253081707294,87.5655477643533,0.682385247362471,-0.352242411759468,0.489721008744484,-1.77309987164062,-0.364666901704924,1.80774990937273,-0.353766537400989,0.547323918156407,0.617672308676552,1.76934399912042,2.15046730037348,0.235840996492048,1.82897868893189,-0.257894777276046,0.968971862552375,-0.158184123458191,-0.132555294235764,0.732168168453642,1.50188880587037,2.10839618209221,1.13697540503279,-0.442780936856092,-0.296131328284313,-1.07747688493973,-0.522218985441886,2.1514650671321,-0.67241101569793,-0.879891101475463,0.21362716210689,2.17979581391034,-0.588570109549447,1.62634304088831,-0.68523529056508,1.39548619455821,-0.248772668727799,0.902979620732304,1.76543515142148,0.340436703865053,0.116492264843938,-1.07812267854909,-0.230264720044476,-0.0480773200394548,-0.665458419507308,-0.410436017926326,0.787309315855889,2.16411091633716,0.113405177827112,0.532022852073457,0.882452005958768,0.54135317945129,0.805636134451209,-0.262907291654584,0.580770668717466,6.89368595140546,75.0548529144992,2.06340598886743,86.3876130348079,8.87472918478127,5.9854452092965
5,21.2816270621066,13.8806942853824,13.92204327864,93.8429536096113,-0.732272631245547,1.33203787288018,0.341559673603488,-0.502021163233972,-0.947619392010033,0.431777877965585,-0.238831320881304,0.0891379081929692,1.41419757817585,0.511274060650459,2.20288975305701,0.0791924089409006,-0.0502950529324278,-0.173466132641036,0.88224867639026,2.20240033587244,0.600923872804284,0.546014114572262,0.0872620653291425,0.233395190967602,-1.70509132900271,-1.41137081919525,0.601848362029527,-0.628998219424062,-0.274787674369812,2.45186002146375,1.86903946418961,0.96811433118499,0.911806916349059,0.256293522053933,-0.376394403626666,0.242236996715591,1.5363615052293,0.102980682712399,-0.0766807127498558,1.11139150752077,1.50009979561543,-0.125775076664525,-0.0740529615871013,-0.773725000398075,-0.010437564904524,-0.281946813083877,0.159280084480837,1.0874338795205,0.911867850329357,0.507338857350668,0.0635306157800794,-0.166709270251373,0.237940971915933,0.958806662641453,1.4602897764657,1.16405657137504,-0.596087678713649,6.45332020880819,79.2550684742556,2.18059288270028,97.187331435822,8.13698307722312,4.90127536680907
8,21.2302782937714,19.7463091648956,33.8116054375078,91.2714797644803,-1.75240880383379,0.714475152732711,0.901709291295984,0.3613010908553,-1.31900355384205,1.5359412100751,-0.642192551366267,1.19989610668533,0.818042207414688,1.59807633477075,1.31843238881833,-0.0588620908172408,2.0934554984568,0.171313417331003,1.24785102093493,0.138030645404558,0.634005614727167,0.643755310329934,1.11930429563271,0.540435979655152,1.65007890275233,0.892031360570964,-0.0905859259728015,-0.34968085197985,-0.0606667596134791,2.00715468312781,2.23046760642994,-0.90903017760468,1.12328984865354,2.00347317025159,0.80299059056683,0.757679285804092,-1.13643331246811,0.113552288790854,0.780808903748953,-0.962530973178426,-1.35686510578258,1.60169594589261,-0.367920861609909,-0.88221203522836,0.944622303373762,0.0560430939106158,-0.241184532169045,0.990016623391448,0.305869137919865,0.746653968410692,-0.0824198971667435,0.580530047221667,1.60554492852585,1.23278637891239,2.13335702887934,0.398018494413909,-0.990262581844159,6.20662050635697,77.3227169714986,2.30224870412797,89.7241480174606,8.16391577158684,6.10139759722304
8,20.7781595722105,15.444140105825,26.0773487759856,93.4313168473337,-0.595986549937874,0.848781393071711,1.13582891157306,-0.456399531405158,1.11759631657929,-0.183134942576566,-0.248193624415064,0.602299676477891,0.0097582868467796,0.659943877605319,1.14742532402954,0.523470837716854,2.17504341255249,0.179449514523637,1.08403831823102,-0.307740137233898,1.14855677009005,0.650770990092375,0.672174476816616,0.449018395743873,0.5300138269196,-0.0784511227640948,-1.91800273014852,1.06025788634878,-1.43007734307873,3.34215185291344,0.884271884486677,-0.795704633254296,0.145626010535061,-0.537955905157363,1.70264109603573,0.66641491922418,-0.130787008066019,0.965340501580502,0.277147612787718,0.889359012711238,1.28221848951475,0.470310268533212,1.50741806883551,1.13941159533063,1.16123833219871,-0.104860879446604,0.342646702053252,1.1821514188388,0.7521212202378,1.045391734676,0.310200166857464,0.323363112641754,0.939154208663345,1.62021320701224,1.5946025454865,-0.562806060292809,1.48849735167109,6.59402006916108,86.7638339378453,2.04773127648581,102.634532983095,8.62558140931661,6.15017443490957
8,19.5456496478368,12.3647380364393,5.63313492137335,98.2009166671336,0.135569557734041,1.79840969163158,2.64915655182439,0.151680296755514,0.699126147448946,0.0418476195006355,-0.776958508009579,0.302209880999848,1.40302398218518,-0.327236141505601,-0.416568309567147,0.863971928890798,1.68868335273373,0.135403975466468,0.429413143137869,0.550609418679275,-0.244510451587852,0.496473282692604,0.492954930801471,0.910592701997749,-0.0724139919634301,-0.869649317069439,0.247340937734451,-0.462895164906803,1.3992732682353,0.369513356424581,1.27783931733424,1.14685177846182,1.0208840719315,1.30839335298826,0.519579069705609,1.64610711011038,0.124044232427407,-0.118888713092206,0.191050537479506,-0.459696369991622,-0.98188695825198,-0.51505014870354,-0.676755988921589,-0.681423451118931,1.86169365381152,0.408671538122751,-0.146783308565148,-0.217808972039284,0.362299219757994,2.03478285732467,-0.527357713023371,0.0795241484474986,1.48427442669056,0.384570808881228,-0.316128331019457,1.25709477094438,0.212019533656562,6.36549814478493,73.8053022209548,2.19755484307472,111.12652099278,7.87446993438836,6.53851199144319
0,24.0138975934646,13.4857519646623,-12.0849202831029,95.2166635725126,0.810675586061079,-0.482821857948809,0.368706387972832,0.117399281734478,0.849632962712362,-0.171511552669886,0.194705921871058,-0.371897897939222,0.901724156183295,1.07100339366112,0.0705538643401971,-0.269873008590699,0.888105787555617,1.00579376536907,-0.0735178344352531,0.177029416618751,0.597981754056148,-0.525962687956586,-0.528687670297812,-0.769717316445563,1.59644627833357,0.124055079896697,0.623833454489523,0.555520079496886,1.11344732697875,0.117709148265319,-0.266834193353355,1.79240051069673,-0.822407952309603,1.59870999091436,0.29320355101701,0.554839546798314,0.29910178657332,0.45641212775877,0.432098990518678,0.123832009750067,1.17034254159364,0.73596818928356,0.656459791881454,0.0309224622320835,2.1458704680843,-0.173641722164991,0.937390231010283,-0.195891639353882,0.164888370061781,1.02073388181293,0.61987045254451,0.405835500509966,0.951678507488511,-0.22818184680586,-0.116223499713383,-0.679281570965487,1.01825410909473,6.83323435584259,73.6187405238132,1.82632588572701,101.491078394617,6.36023532417507,5.46981436050604
3,21.6115935268072,8.82304529712342,19.2713875599942,92.4212925320531,-0.280669950446069,0.915076971086489,1.27822729172304,-0.0874585441436758,1.86439011958649,0.273659507660675,0.766670305279599,-0.429437782959319,0.958480621539878,0.297131556951997,0.631985178965025,0.565273235502928,0.1916332185313,-0.215280281572764,0.007933885567238,0.207595815219065,-0.412131320438789,0.488828500590349,0.962625730710056,0.906404327762601,-0.0541425596468379,0.100934603298185,0.704130751684419,0.411862644422969,0.868810310300498,0.172109492438876,0.909790506705846,-1.29841445874691,0.190990524709412,0.562063692946413,-0.257931324170513,-2.27935827153701,0.0402367883772134,-0.185795046306855,0.350363206824484,1.89344098695237,2.75673762966071,0.0297123368831801,0.598790481717185,1.329268934511,0.518302214814899,0.226216441319787,0.419449580854536,1.10537062247647,0.756389289330738,-0.712712029674145,0.587289239436363,0.662488423409093,0.289804829630967,-0.752459608690885,-0.502691928202383,0.474679750921495,1.2046462007866,5.30889984285072,75.6839359552647,2.52844979202777,101.656528390573,7.21906056101548,6.45737782160472
0,19.2170580099196,15.4299877727495,25.8729533674618,94.4059814106613,0.10729524650225,0.368953117051018,-0.966190207124239,1.00617482834717,0.55778671405627,-2.04704008128302,-0.424312051254634,0.227630388584572,-1.10250040491579,0.637424215593787,0.270442536336328,0.316945293505762,0.356939734169839,0.178149535876952,-1.18466438480416,0.435155133091077,-0.214079866052808,1.53839540008726,2.23066622441017,1.31402980390772,0.0507528151685145,0.857973080530581,-0.74154888819792,0.822560204052473,-1.24993408618269,2.41252992448572,0.815659074999792,1.88990896855306,0.271964314647161,1.39753020146905,1.39804249103137,2.19118354683358,1.30088305991669,0.145011916641974,-0.103881566468152,0.211976383211895,0.0022907736479044,0.272623564824104,-0.0024013603254762,-0.0366958788728895,1.05523945164089,0.441882860716168,-0.0085657530384898,0.277637577432474,0.345986171169823,1.11291805472686,-0.430464595102371,-0.178092830496499,0.760263435610273,0.347508436785381,0.393466264960475,0.676495370336518,-0.0456107769669138,7.58243029249406,85.2113819383565,1.81769226491228,102.898383855606,7.04278209460508,5.34606914773614
1,17.2887696648747,16.1056352682792,6.34204292774518,94.7918257112095,0.587890882935011,-0.464231524968563,-2.21093498711413,0.161087138453164,0.294862137190488,1.44129018225042,0.486150517155539,-0.354551510997571,0.608858280764331,1.41312393732591,1.50574259911979,-0.0498369958118805,0.0672666054498118,-0.0046589158798067,0.806152824221751,0.926383870311509,0.560736332882643,1.58027540167259,1.49302172039498,1.48004344854087,1.44699308822007,-0.311485611028219,-1.4297185688752,0.13201783451137,-0.898005413637043,3.05994397563328,-1.16519133793897,0.91641828524775,-0.476568950561073,0.479630878293081,-0.196745242223814,-0.131712945093839,-0.343151570038291,1.35853093111939,0.0547467539569618,0.427226983149103,0.100229025934232,0.772336533285786,-0.439453287470479,1.02636453071598,-1.72686000771669,0.499402647262573,-0.236501022404039,-0.445226960244029,0.219842710350573,1.89891864236816,-0.38444652514925,0.081172801754419,1.28627447862144,1.21141066608531,1.88430485608395,-0.734877793964549,0.273382727922967,5.39278876093824,82.753386683929,2.35020076071679,98.7592119779098,9.64275392355299,7.01502891127726
