,mRMR,mRMR_MS_linear,mRMR_MS_rbf,mRMR_MS_poly,JMI,relax_mRMR
0,0.7265885984023239,0.7424095255386105,0.7228652263374485,0.7207607116920843,0.7670418784797869,0.769518579036553
