,mRMR,mRMR_MS_linear,mRMR_MS_rbf,mRMR_MS_poly,JMI,relax_mRMR
0,4.192181069958847,4.270378600823045,4.323604938271606,4.313687242798354,4.284,4.2618271604938265
